Date,Ticker,Open,High,Low,Close,Adj Close,Volume
2015-01-02,ABBV,65.44000244140625,66.4000015258789,65.44000244140625,65.88999938964844,41.75547790527344,5086100.0
2015-01-05,ABBV,65.5,66.0999984741211,63.880001068115234,64.6500015258789,40.96966552734375,8007400.0
2015-01-06,ABBV,65.62000274658203,65.75,63.70000076293945,64.33000183105469,40.766876220703125,5483700.0
2015-01-07,ABBV,64.56999969482422,67.05000305175781,64.4800033569336,66.93000030517578,42.41454315185547,8283300.0
2015-01-08,ABBV,68.16000366210938,68.29000091552734,67.41999816894531,67.62999725341797,42.85813522338867,7949000.0
2015-01-09,ABBV,66.69000244140625,67.19999694824219,65.11000061035156,65.77999877929688,41.685768127441406,8779900.0
2015-01-12,ABBV,66.33999633789062,66.93000030517578,65.30999755859375,65.76000213623047,41.673091888427734,6159800.0
2015-01-13,ABBV,65.72000122070312,66.06999969482422,62.90999984741211,63.38999938964844,40.47275161743164,13908400.0
2015-01-14,ABBV,62.619998931884766,64.06999969482422,61.86000061035156,63.70000076293945,40.67068862915039,9448300.0
2015-01-15,ABBV,64.0,64.11000061035156,62.869998931884766,62.88999938964844,40.15352249145508,6149100.0
2015-01-16,ABBV,62.95000076293945,64.62000274658203,62.63999938964844,64.54000091552734,41.20701217651367,8106000.0
2015-01-20,ABBV,65.05999755859375,65.29000091552734,62.75,63.45000076293945,40.511077880859375,9065300.0
2015-01-21,ABBV,63.099998474121094,63.45000076293945,62.279998779296875,62.70000076293945,40.0322151184082,7979500.0
2015-01-22,ABBV,63.20000076293945,63.45000076293945,61.880001068115234,62.97999954223633,40.21098709106445,8941700.0
2015-01-23,ABBV,63.65999984741211,63.65999984741211,62.349998474121094,62.43000030517578,39.859825134277344,6881100.0
2015-01-26,ABBV,62.2599983215332,63.040000915527344,61.68000030517578,62.83000183105469,40.11522674560547,8181100.0
2015-01-27,ABBV,62.33000183105469,63.5,62.20000076293945,63.099998474121094,40.28761291503906,6532300.0
2015-01-28,ABBV,63.439998626708984,63.560001373291016,61.689998626708984,61.849998474121094,39.489505767822266,6910100.0
2015-01-29,ABBV,62.119998931884766,63.380001068115234,61.59000015258789,63.119998931884766,40.30037307739258,8485600.0
2015-01-30,ABBV,62.09000015258789,62.68000030517578,60.119998931884766,60.349998474121094,38.53179931640625,17582500.0
2015-02-02,ABBV,61.4900016784668,61.4900016784668,58.650001525878906,60.70000076293945,38.755271911621094,11491100.0
2015-02-03,ABBV,61.599998474121094,61.7599983215332,59.97999954223633,61.650001525878906,39.36182403564453,10721800.0
2015-02-04,ABBV,58.95000076293945,58.95000076293945,56.650001525878906,56.90999984741211,36.3354606628418,31250600.0
2015-02-05,ABBV,57.54999923706055,58.2599983215332,56.150001525878906,57.9900016784668,37.02501678466797,18964700.0
2015-02-06,ABBV,57.709999084472656,57.83000183105469,56.689998626708984,56.900001525878906,36.329071044921875,13890900.0
2015-02-09,ABBV,55.66999816894531,56.349998474121094,55.18000030517578,55.47999954223633,35.42244338989258,22522000.0
2015-02-10,ABBV,55.93000030517578,57.0099983215332,55.599998474121094,56.88999938964844,36.32268524169922,18917000.0
2015-02-11,ABBV,57.36000061035156,57.83000183105469,56.2599983215332,56.689998626708984,36.19499588012695,14681600.0
2015-02-12,ABBV,57.400001525878906,57.58000183105469,56.15999984741211,57.04999923706055,36.42483901977539,11940900.0
2015-02-13,ABBV,57.349998474121094,58.099998474121094,56.900001525878906,58.04999923706055,37.063323974609375,11303200.0
2015-02-17,ABBV,58.95000076293945,59.0,57.900001525878906,58.720001220703125,37.4911003112793,12789700.0
2015-02-18,ABBV,59.150001525878906,59.47999954223633,58.310001373291016,59.2400016784668,37.8231086730957,10781700.0
2015-02-19,ABBV,58.91999816894531,59.08000183105469,58.650001525878906,59.0,37.66986846923828,8665500.0
2015-02-20,ABBV,59.61000061035156,61.34000015258789,59.220001220703125,61.29999923706055,39.138343811035156,15534000.0
2015-02-23,ABBV,61.540000915527344,61.900001525878906,60.2400016784668,60.56999969482422,38.67227554321289,11582700.0
2015-02-24,ABBV,60.849998474121094,61.29999923706055,60.52000045776367,60.869998931884766,38.86380386352539,7900700.0
2015-02-25,ABBV,61.099998474121094,61.099998474121094,60.209999084472656,60.619998931884766,38.70418930053711,9983900.0
2015-02-26,ABBV,60.349998474121094,60.810001373291016,60.27000045776367,60.52000045776367,38.64034652709961,7328200.0
2015-02-27,ABBV,60.529998779296875,60.9900016784668,60.369998931884766,60.5,38.6275749206543,8649100.0
2015-03-02,ABBV,60.5,60.75,60.060001373291016,60.459999084472656,38.6020393371582,6150900.0
2015-03-03,ABBV,60.349998474121094,60.45000076293945,59.439998626708984,59.619998931884766,38.06572723388672,7421000.0
2015-03-04,ABBV,59.31999969482422,60.41999816894531,59.029998779296875,60.27000045776367,38.480735778808594,8536000.0
2015-03-05,ABBV,57.209999084472656,59.47999954223633,56.650001525878906,56.86000061035156,36.303531646728516,47051800.0
2015-03-06,ABBV,56.95000076293945,57.400001525878906,55.439998626708984,55.63999938964844,35.524600982666016,22853000.0
2015-03-09,ABBV,55.93000030517578,56.029998779296875,55.2599983215332,55.540000915527344,35.46074676513672,14779900.0
2015-03-10,ABBV,55.220001220703125,56.29999923706055,54.779998779296875,55.84000015258789,35.65229797363281,17907700.0
2015-03-11,ABBV,56.189998626708984,56.880001068115234,55.65999984741211,56.619998931884766,36.150306701660156,14629000.0
2015-03-12,ABBV,56.779998779296875,58.90999984741211,56.650001525878906,58.0,37.031394958496094,18227800.0
2015-03-13,ABBV,58.119998931884766,58.869998931884766,57.349998474121094,58.0,37.031394958496094,10114500.0
2015-03-16,ABBV,58.459999084472656,59.70000076293945,58.33000183105469,59.119998931884766,37.746490478515625,12098700.0
2015-03-17,ABBV,58.720001220703125,60.18000030517578,58.70000076293945,59.72999954223633,38.13595199584961,10983600.0
2015-03-18,ABBV,59.7599983215332,60.41999816894531,59.25,59.88999938964844,38.23810958862305,11889200.0
2015-03-19,ABBV,60.09000015258789,61.47999954223633,59.9900016784668,61.189998626708984,39.068115234375,14110500.0
2015-03-20,ABBV,61.5,61.72999954223633,60.31999969482422,60.400001525878906,38.5637321472168,13313100.0
2015-03-23,ABBV,60.04999923706055,61.189998626708984,59.619998931884766,60.47999954223633,38.614810943603516,7926400.0
2015-03-24,ABBV,60.650001525878906,60.81999969482422,59.45000076293945,59.630001068115234,38.07210922241211,7970000.0
2015-03-25,ABBV,60.08000183105469,60.09000015258789,58.209999084472656,58.220001220703125,37.171852111816406,11619200.0
2015-03-26,ABBV,57.97999954223633,58.09000015258789,57.220001220703125,57.27000045776367,36.5653076171875,10853900.0
2015-03-27,ABBV,57.630001068115234,58.04999923706055,57.310001373291016,57.650001525878906,36.80793380737305,6830100.0
2015-03-30,ABBV,57.93000030517578,58.34000015258789,57.790000915527344,58.2400016784668,37.18463897705078,5781900.0
2015-03-31,ABBV,58.0099983215332,58.810001373291016,57.709999084472656,58.540000915527344,37.37617874145508,12313600.0
2015-04-01,ABBV,58.47999954223633,58.4900016784668,56.33000183105469,57.099998474121094,36.456783294677734,14903300.0
2015-04-02,ABBV,57.439998626708984,57.810001373291016,56.900001525878906,57.0099983215332,36.39931869506836,8787000.0
2015-04-06,ABBV,56.810001373291016,57.88999938964844,56.68000030517578,57.61000061035156,36.782386779785156,10280100.0
2015-04-07,ABBV,58.25,58.75,57.790000915527344,58.41999816894531,37.299560546875,10171500.0
2015-04-08,ABBV,58.5,58.97999954223633,57.95000076293945,58.810001373291016,37.54856491088867,11075800.0
2015-04-09,ABBV,59.20000076293945,60.43000030517578,59.04999923706055,60.31999969482422,38.51264953613281,12698000.0
2015-04-10,ABBV,60.5,62.33000183105469,60.31999969482422,62.0,39.58530044555664,17894700.0
2015-04-13,ABBV,61.810001373291016,62.15999984741211,61.060001373291016,61.20000076293945,39.398590087890625,11400900.0
2015-04-14,ABBV,61.400001525878906,61.810001373291016,60.5099983215332,61.720001220703125,39.73334884643555,13071400.0
2015-04-15,ABBV,62.099998474121094,62.70000076293945,61.970001220703125,62.029998779296875,39.93290710449219,11534200.0
2015-04-16,ABBV,61.79999923706055,62.90999984741211,61.650001525878906,62.59000015258789,40.29343032836914,9815600.0
2015-04-17,ABBV,62.119998931884766,62.790000915527344,61.869998931884766,62.290000915527344,40.10030746459961,9905600.0
2015-04-20,ABBV,62.90999984741211,64.0,62.79999923706055,63.540000915527344,40.905006408691406,12779200.0
2015-04-21,ABBV,63.88999938964844,64.23999786376953,63.27000045776367,63.61000061035156,40.9500732421875,8457300.0
2015-04-22,ABBV,63.599998474121094,64.7300033569336,63.560001373291016,64.5199966430664,41.53589630126953,13874300.0
2015-04-23,ABBV,65.26000213623047,65.30999755859375,62.72999954223633,64.25,41.362083435058594,18405300.0
2015-04-24,ABBV,64.30999755859375,66.37000274658203,64.13999938964844,66.06999969482422,42.53373336791992,14859500.0
2015-04-27,ABBV,66.0199966430664,66.66000366210938,64.86000061035156,65.0199966430664,41.8577880859375,18141700.0
2015-04-28,ABBV,64.5999984741211,66.48999786376953,64.19999694824219,66.48999786376953,42.80412292480469,13084900.0
2015-04-29,ABBV,65.69999694824219,66.18000030517578,65.51000213623047,65.62999725341797,42.2504768371582,9864300.0
2015-04-30,ABBV,65.38999938964844,65.91999816894531,64.31999969482422,64.66000366210938,41.626033782958984,10298600.0
2015-05-01,ABBV,65.08999633789062,65.5,63.880001068115234,64.31999969482422,41.40715026855469,9870800.0
2015-05-04,ABBV,64.31999969482422,65.44000244140625,64.01000213623047,64.68000030517578,41.6389045715332,8493500.0
2015-05-05,ABBV,64.19999694824219,64.9000015258789,63.779998779296875,63.86000061035156,41.11101531982422,7635900.0
2015-05-06,ABBV,64.11000061035156,64.52999877929688,63.400001525878906,63.939998626708984,41.16252136230469,8476300.0
2015-05-07,ABBV,63.59000015258789,64.80999755859375,63.59000015258789,64.69999694824219,41.65176773071289,8638200.0
2015-05-08,ABBV,65.0999984741211,65.80000305175781,64.9000015258789,65.23999786376953,41.999412536621094,7541100.0
2015-05-11,ABBV,65.19000244140625,65.80000305175781,65.08000183105469,65.19999694824219,41.97366714477539,7978700.0
2015-05-12,ABBV,64.75,65.2699966430664,64.58999633789062,64.80999755859375,41.72260665893555,5927000.0
2015-05-13,ABBV,64.9800033569336,65.31999969482422,64.62999725341797,65.30000305175781,42.03805160522461,8519200.0
2015-05-14,ABBV,65.86000061035156,66.2699966430664,64.94000244140625,65.97000122070312,42.46937561035156,5868900.0
2015-05-15,ABBV,65.93000030517578,66.5199966430664,65.91000366210938,65.98999786376953,42.482242584228516,6786400.0
2015-05-18,ABBV,65.79000091552734,65.91000366210938,65.13999938964844,65.61000061035156,42.237613677978516,7858100.0
2015-05-19,ABBV,65.70999908447266,66.12000274658203,65.4000015258789,65.7300033569336,42.31486892700195,7674600.0
2015-05-20,ABBV,65.91999816894531,66.19999694824219,65.38999938964844,65.88999938964844,42.41786193847656,9956000.0
2015-05-21,ABBV,65.44999694824219,65.80999755859375,64.87000274658203,65.6500015258789,42.26335144042969,10553400.0
2015-05-22,ABBV,65.4800033569336,65.87000274658203,65.30999755859375,65.4800033569336,42.1539192199707,14041500.0
2015-05-26,ABBV,65.72000122070312,67.0,65.66000366210938,66.0999984741211,42.55306625366211,21034300.0
2015-05-27,ABBV,66.75,67.98999786376953,66.56999969482422,67.37999725341797,43.377079010009766,40778800.0
2015-05-28,ABBV,67.41999816894531,67.52999877929688,66.62999725341797,67.47000122070312,43.43502426147461,12891500.0
2015-05-29,ABBV,67.22000122070312,67.5199966430664,66.38999938964844,66.58999633789062,42.86849594116211,9451000.0
2015-06-01,ABBV,66.80000305175781,67.26000213623047,66.26000213623047,66.93000030517578,43.087379455566406,12426700.0
2015-06-02,ABBV,66.69999694824219,67.2300033569336,66.33000183105469,66.62000274658203,42.887813568115234,11133200.0
2015-06-03,ABBV,66.9000015258789,67.30000305175781,66.62000274658203,67.01000213623047,43.138877868652344,20804000.0
2015-06-04,ABBV,66.55000305175781,67.87000274658203,66.5199966430664,67.41999816894531,43.402828216552734,10539000.0
2015-06-05,ABBV,66.9800033569336,67.76000213623047,66.62000274658203,67.4000015258789,43.389957427978516,8908900.0
2015-06-08,ABBV,67.86000061035156,68.19999694824219,67.52999877929688,67.79000091552734,43.64102554321289,10276700.0
2015-06-09,ABBV,67.5199966430664,68.08000183105469,67.51000213623047,67.66999816894531,43.56377029418945,8132800.0
2015-06-10,ABBV,67.66000366210938,68.44000244140625,67.54000091552734,68.23999786376953,43.93071365356445,7349300.0
2015-06-11,ABBV,68.66999816894531,68.66999816894531,67.6500015258789,68.04000091552734,43.80196762084961,7552200.0
2015-06-12,ABBV,67.88999938964844,67.93000030517578,66.58999633789062,67.05000305175781,43.16463088989258,8249900.0
2015-06-15,ABBV,66.66000366210938,67.05000305175781,66.0999984741211,66.91000366210938,43.07450866699219,7028400.0
2015-06-16,ABBV,66.72000122070312,67.4000015258789,66.62000274658203,66.7699966430664,42.984378814697266,5200700.0
2015-06-17,ABBV,66.97000122070312,67.98999786376953,66.87999725341797,67.7699966430664,43.62815475463867,7377100.0
2015-06-18,ABBV,67.79000091552734,69.06999969482422,67.79000091552734,68.9800033569336,44.4071044921875,9079000.0
2015-06-19,ABBV,68.5,69.75,68.5,69.4800033569336,44.72898864746094,9979500.0
2015-06-22,ABBV,69.8499984741211,70.5999984741211,69.7300033569336,70.12000274658203,45.1410026550293,10124900.0
2015-06-23,ABBV,70.01000213623047,70.48999786376953,69.56999969482422,70.0199966430664,45.07661819458008,8720000.0
2015-06-24,ABBV,70.5199966430664,70.75,69.02999877929688,69.22000122070312,44.561607360839844,9308200.0
2015-06-25,ABBV,69.66999816894531,70.37999725341797,69.29000091552734,69.81999969482422,44.947872161865234,6191200.0
2015-06-26,ABBV,69.94999694824219,70.5999984741211,69.68000030517578,70.45999908447266,45.35987854003906,9669500.0
2015-06-29,ABBV,69.2699966430664,70.0199966430664,67.08000183105469,67.18000030517578,43.248313903808594,12057200.0
2015-06-30,ABBV,68.0,68.22000122070312,66.66000366210938,67.19000244140625,43.2547607421875,11459600.0
2015-07-01,ABBV,67.9000015258789,68.5999984741211,67.68000030517578,68.51000213623047,44.10452651977539,7694900.0
2015-07-02,ABBV,68.68000030517578,68.9000015258789,67.79000091552734,68.20999908447266,43.911407470703125,6245700.0
2015-07-06,ABBV,67.52999877929688,69.0,67.48999786376953,68.22000122070312,43.91783905029297,17029100.0
2015-07-07,ABBV,68.41999816894531,68.79000091552734,67.31999969482422,68.55999755859375,44.1367073059082,7821600.0
2015-07-08,ABBV,67.79000091552734,68.44000244140625,67.58000183105469,67.66000366210938,43.557334899902344,5027200.0
2015-07-09,ABBV,68.4800033569336,68.91999816894531,67.80000305175781,67.97000122070312,43.75690460205078,6516800.0
2015-07-10,ABBV,68.94000244140625,69.5,68.52999877929688,69.2300033569336,44.56804656982422,6891400.0
2015-07-13,ABBV,69.41999816894531,69.69999694824219,69.16999816894531,69.56999969482422,45.11931228637695,5507000.0
2015-07-14,ABBV,69.70999908447266,70.5199966430664,69.4000015258789,69.80000305175781,45.26847839355469,6628300.0
2015-07-15,ABBV,69.80999755859375,70.04000091552734,69.30999755859375,69.75,45.23603820800781,16761400.0
2015-07-16,ABBV,70.13999938964844,70.30000305175781,69.83000183105469,69.98999786376953,45.39170837402344,6843800.0
2015-07-17,ABBV,69.98999786376953,70.12999725341797,69.69999694824219,69.98999786376953,45.39170837402344,6141200.0
2015-07-20,ABBV,70.0,71.11000061035156,69.86000061035156,70.80000305175781,45.917022705078125,9633000.0
2015-07-21,ABBV,70.80999755859375,71.5999984741211,70.22000122070312,70.54000091552734,45.748409271240234,5028500.0
2015-07-22,ABBV,70.26000213623047,70.6500015258789,70.02999877929688,70.55999755859375,45.761375427246094,5701700.0
2015-07-23,ABBV,70.25,70.93000030517578,70.13999938964844,70.5199966430664,45.735435485839844,5636600.0
2015-07-24,ABBV,67.52999877929688,69.0199966430664,67.3499984741211,68.08000183105469,44.15298080444336,13495200.0
2015-07-27,ABBV,68.45999908447266,70.95999908447266,68.45999908447266,69.33999633789062,44.97013854980469,12841500.0
2015-07-28,ABBV,69.5,71.44000244140625,69.08000183105469,71.2300033569336,46.19591522216797,10098300.0
2015-07-29,ABBV,71.29000091552734,71.51000213623047,70.73999786376953,70.7699966430664,45.89755630493164,6793300.0
2015-07-30,ABBV,70.86000061035156,70.87999725341797,69.2699966430664,70.16000366210938,45.501953125,6820400.0
2015-07-31,ABBV,70.37999725341797,70.37999725341797,69.7300033569336,70.01000213623047,45.404666900634766,6181300.0
2015-08-03,ABBV,70.19000244140625,70.79000091552734,69.27999877929688,69.7300033569336,45.223079681396484,9872300.0
2015-08-04,ABBV,70.04000091552734,70.38999938964844,69.66999816894531,69.94999694824219,45.36576461791992,5410900.0
2015-08-05,ABBV,70.0999984741211,70.63999938964844,70.05000305175781,70.30000305175781,45.592750549316406,10090200.0
2015-08-06,ABBV,70.37000274658203,70.77999877929688,68.80000305175781,69.23999786376953,44.90528869628906,6172200.0
2015-08-07,ABBV,69.08000183105469,69.30000305175781,67.7699966430664,68.62000274658203,44.503196716308594,6214500.0
2015-08-10,ABBV,68.91999816894531,69.43000030517578,68.5,69.20999908447266,44.88583755493164,8189400.0
2015-08-11,ABBV,68.5,69.29000091552734,67.94000244140625,68.25,44.26323318481445,7473200.0
2015-08-12,ABBV,67.83000183105469,68.91999816894531,67.23999786376953,68.75,44.5875129699707,8337600.0
2015-08-13,ABBV,68.68000030517578,69.08999633789062,68.20999908447266,68.54000091552734,44.451316833496094,7184900.0
2015-08-14,ABBV,68.55999755859375,69.44000244140625,68.41000366210938,68.6500015258789,44.522647857666016,5864800.0
2015-08-17,ABBV,68.70999908447266,69.81999969482422,68.30000305175781,69.37000274658203,44.98960876464844,17669900.0
2015-08-18,ABBV,69.41999816894531,69.73999786376953,68.66999816894531,68.86000061035156,44.65884017944336,6376500.0
2015-08-19,ABBV,68.75,69.08000183105469,68.20999908447266,68.58999633789062,44.48373794555664,6270300.0
2015-08-20,ABBV,68.0,68.43000030517578,67.4800033569336,67.4800033569336,43.763858795166016,9600900.0
2015-08-21,ABBV,66.73999786376953,67.16000366210938,65.83000183105469,65.9000015258789,42.7391471862793,16277100.0
2015-08-24,ABBV,61.16999816894531,64.8499984741211,53.869998931884766,63.45000076293945,41.15022277832031,24292600.0
2015-08-25,ABBV,65.11000061035156,65.12000274658203,60.650001525878906,60.709999084472656,39.37320327758789,15267000.0
2015-08-26,ABBV,62.470001220703125,63.220001220703125,60.880001068115234,63.13999938964844,40.94916915893555,15289600.0
2015-08-27,ABBV,64.02999877929688,64.5999984741211,63.0,64.51000213623047,41.837677001953125,12592100.0
2015-08-28,ABBV,63.90999984741211,64.77999877929688,63.439998626708984,63.97999954223633,41.49394607543945,7316400.0
2015-08-31,ABBV,64.13999938964844,64.30999755859375,62.25,62.40999984741211,40.47573471069336,15581100.0
2015-09-01,ABBV,61.0,61.630001068115234,60.15999984741211,60.5,39.237003326416016,12703200.0
2015-09-02,ABBV,61.560001373291016,61.599998474121094,60.279998779296875,60.97999954223633,39.548301696777344,12044500.0
2015-09-03,ABBV,61.45000076293945,62.279998779296875,61.349998474121094,61.58000183105469,39.93743896484375,11777400.0
2015-09-04,ABBV,60.650001525878906,60.79999923706055,58.959999084472656,59.77000045776367,38.76356887817383,9281400.0
2015-09-08,ABBV,60.220001220703125,60.939998626708984,59.90999984741211,60.56999969482422,39.28240966796875,9263200.0
2015-09-09,ABBV,61.52000045776367,61.52000045776367,59.11000061035156,59.2599983215332,38.43281173706055,8436900.0
2015-09-10,ABBV,59.36000061035156,60.130001068115234,58.88999938964844,59.58000183105469,38.640350341796875,9306600.0
2015-09-11,ABBV,59.619998931884766,59.7599983215332,58.970001220703125,59.349998474121094,38.491172790527344,9365400.0
2015-09-14,ABBV,59.43000030517578,59.619998931884766,57.540000915527344,58.939998626708984,38.22526931762695,9095600.0
2015-09-15,ABBV,58.97999954223633,59.439998626708984,58.369998931884766,59.20000076293945,38.39390563964844,10474700.0
2015-09-16,ABBV,59.5,59.63999938964844,58.630001068115234,59.5099983215332,38.59494400024414,8044200.0
2015-09-17,ABBV,59.560001373291016,60.91999816894531,59.38999938964844,59.86000061035156,38.82192611694336,10281700.0
2015-09-18,ABBV,59.41999816894531,61.83000183105469,58.970001220703125,61.220001220703125,39.70396041870117,28957000.0
2015-09-21,ABBV,61.2400016784668,61.7400016784668,59.290000915527344,59.38999938964844,38.517120361328125,11038100.0
2015-09-22,ABBV,58.16999816894531,58.2599983215332,56.90999984741211,57.7400016784668,37.447021484375,14192000.0
2015-09-23,ABBV,57.900001525878906,58.400001525878906,57.150001525878906,57.43000030517578,37.24596405029297,9827000.0
2015-09-24,ABBV,56.93000030517578,57.47999954223633,55.91999816894531,56.56999969482422,36.68821334838867,8625500.0
2015-09-25,ABBV,57.84000015258789,57.880001068115234,55.08000183105469,55.7400016784668,36.149925231933594,8673500.0
2015-09-28,ABBV,55.38999938964844,55.43000030517578,52.34000015258789,52.5,34.04862976074219,15123000.0
2015-09-29,ABBV,53.099998474121094,54.189998626708984,51.880001068115234,52.790000915527344,34.23670959472656,12842800.0
2015-09-30,ABBV,53.540000915527344,54.5,53.36000061035156,54.40999984741211,35.287357330322266,11895500.0
2015-10-01,ABBV,54.68000030517578,55.22999954223633,53.93000030517578,55.130001068115234,35.754329681396484,9255800.0
2015-10-02,ABBV,53.869998931884766,55.849998474121094,53.720001220703125,55.81999969482422,36.20181655883789,6942600.0
2015-10-05,ABBV,56.38999938964844,56.95000076293945,55.439998626708984,56.68000030517578,36.759559631347656,9332800.0
2015-10-06,ABBV,56.2599983215332,56.66999816894531,53.959999084472656,55.08000183105469,35.72188949584961,9008300.0
2015-10-07,ABBV,54.849998474121094,56.54999923706055,53.90999984741211,55.630001068115234,36.078582763671875,11056100.0
2015-10-08,ABBV,55.130001068115234,56.15999984741211,54.79999923706055,56.040000915527344,36.34449768066406,6737300.0
2015-10-09,ABBV,56.18000030517578,56.5,55.470001220703125,55.63999938964844,36.0850830078125,7178500.0
2015-10-12,ABBV,55.79999923706055,56.27000045776367,55.52000045776367,55.77000045776367,36.16938400268555,6515000.0
2015-10-13,ABBV,55.16999816894531,55.36000061035156,53.709999084472656,53.79999923706055,35.21377182006836,9467900.0
2015-10-14,ABBV,54.09000015258789,54.619998931884766,53.56999969482422,53.939998626708984,35.30540084838867,8727400.0
2015-10-15,ABBV,54.31999969482422,56.20000076293945,53.849998474121094,56.13999938964844,36.74537658691406,7781600.0
2015-10-16,ABBV,56.290000915527344,56.970001220703125,55.790000915527344,56.529998779296875,37.000640869140625,7342800.0
2015-10-19,ABBV,56.290000915527344,56.70000076293945,55.689998626708984,56.15999984741211,36.758445739746094,6463000.0
2015-10-20,ABBV,56.150001525878906,56.380001068115234,54.630001068115234,54.83000183105469,35.887939453125,6494600.0
2015-10-21,ABBV,55.279998779296875,55.61000061035156,53.06999969482422,53.83000183105469,35.23340606689453,11638800.0
2015-10-22,ABBV,53.880001068115234,54.439998626708984,45.45000076293945,48.27000045776367,31.594223022460938,46517700.0
2015-10-23,ABBV,49.40999984741211,51.72999954223633,48.63999938964844,50.34000015258789,32.949092864990234,26214800.0
2015-10-26,ABBV,50.16999816894531,52.47999954223633,49.349998474121094,51.869998931884766,33.95052719116211,13890400.0
2015-10-27,ABBV,52.0099983215332,53.4900016784668,52.0099983215332,52.58000183105469,34.41524887084961,11710800.0
2015-10-28,ABBV,52.81999969482422,53.84000015258789,52.08000183105469,53.2599983215332,34.860313415527344,7869000.0
2015-10-29,ABBV,53.20000076293945,55.18000030517578,53.02000045776367,54.099998474121094,35.41012954711914,9304400.0
2015-10-30,ABBV,57.869998931884766,60.72999954223633,57.65999984741211,59.54999923706055,38.977317810058594,27465600.0
2015-11-02,ABBV,61.599998474121094,64.19999694824219,61.439998626708984,63.380001068115234,41.48417282104492,17008700.0
2015-11-03,ABBV,63.119998931884766,63.720001220703125,61.91999816894531,62.43000030517578,40.86237716674805,8754700.0
2015-11-04,ABBV,62.43000030517578,64.1500015258789,62.29999923706055,63.79999923706055,41.75908279418945,10342600.0
2015-11-05,ABBV,63.70000076293945,64.18000030517578,61.689998626708984,62.77000045776367,41.08491897583008,10237200.0
2015-11-06,ABBV,62.25,64.30000305175781,62.130001068115234,64.12999725341797,41.975074768066406,7261100.0
2015-11-09,ABBV,63.619998931884766,64.12999725341797,63.11000061035156,63.22999954223633,41.38600540161133,8239400.0
2015-11-10,ABBV,63.33000183105469,63.619998931884766,62.279998779296875,62.29999923706055,40.77728271484375,6897600.0
2015-11-11,ABBV,62.20000076293945,62.27000045776367,60.56999969482422,60.86000061035156,39.83475112915039,8212500.0
2015-11-12,ABBV,60.790000915527344,61.72999954223633,60.150001525878906,60.22999954223633,39.42239761352539,7765500.0
2015-11-13,ABBV,60.0099983215332,60.970001220703125,58.88999938964844,59.86000061035156,39.18022537231445,7834400.0
2015-11-16,ABBV,59.7400016784668,60.810001373291016,59.560001373291016,60.0099983215332,39.27842330932617,6965100.0
2015-11-17,ABBV,60.099998474121094,61.72999954223633,59.72999954223633,60.380001068115234,39.52058792114258,8405400.0
2015-11-18,ABBV,60.2599983215332,61.060001373291016,59.849998474121094,60.9900016784668,39.91984939575195,5470200.0
2015-11-19,ABBV,61.220001220703125,61.72999954223633,60.13999938964844,60.54999923706055,39.63186264038086,5571200.0
2015-11-20,ABBV,60.939998626708984,61.36000061035156,60.56999969482422,61.11000061035156,39.99838638305664,7490200.0
2015-11-23,ABBV,61.310001373291016,61.529998779296875,60.84000015258789,61.150001525878906,40.024566650390625,6405000.0
2015-11-24,ABBV,60.560001373291016,61.650001525878906,60.529998779296875,61.130001068115234,40.0114860534668,5213500.0
2015-11-25,ABBV,61.099998474121094,61.130001068115234,60.209999084472656,60.290000915527344,39.461669921875,4879800.0
2015-11-27,ABBV,60.16999816894531,60.45000076293945,59.61000061035156,60.0,39.2718620300293,2404100.0
2015-11-30,ABBV,59.959999084472656,60.209999084472656,57.959999084472656,58.150001525878906,38.06098175048828,12660200.0
2015-12-01,ABBV,58.22999954223633,59.099998474121094,57.15999984741211,59.02000045776367,38.63042449951172,11290500.0
2015-12-02,ABBV,59.16999816894531,59.38999938964844,57.369998931884766,57.720001220703125,37.77953338623047,7663000.0
2015-12-03,ABBV,57.709999084472656,57.75,55.529998779296875,56.119998931884766,36.73228454589844,9701500.0
2015-12-04,ABBV,56.5,57.47999954223633,56.20000076293945,57.18000030517578,37.42609786987305,6748100.0
2015-12-07,ABBV,57.900001525878906,57.9900016784668,55.7599983215332,56.27000045776367,36.83046340942383,7890900.0
2015-12-08,ABBV,55.560001373291016,56.869998931884766,55.5099983215332,56.66999816894531,37.09227752685547,6896200.0
2015-12-09,ABBV,56.279998779296875,57.439998626708984,55.720001220703125,56.029998779296875,36.673370361328125,6207900.0
2015-12-10,ABBV,56.0,56.650001525878906,55.650001525878906,55.779998779296875,36.509735107421875,6736900.0
2015-12-11,ABBV,55.779998779296875,55.779998779296875,53.849998474121094,54.040000915527344,35.37085723876953,9388600.0
2015-12-14,ABBV,53.709999084472656,55.47999954223633,53.2400016784668,55.439998626708984,36.28719711303711,9419500.0
2015-12-15,ABBV,56.150001525878906,57.0,55.90999984741211,56.38999938964844,36.90900421142578,6990000.0
2015-12-16,ABBV,56.66999816894531,57.689998626708984,56.20000076293945,57.630001068115234,37.72062301635742,6282500.0
2015-12-17,ABBV,57.65999984741211,57.93000030517578,56.349998474121094,56.380001068115234,36.90245819091797,7848900.0
2015-12-18,ABBV,55.900001525878906,56.099998474121094,55.36000061035156,55.7400016784668,36.48355484008789,13807000.0
2015-12-21,ABBV,56.0,56.2599983215332,55.70000076293945,56.20000076293945,36.784645080566406,4572100.0
2015-12-22,ABBV,56.540000915527344,57.9900016784668,56.41999816894531,57.59000015258789,37.69444274902344,8390800.0
2015-12-23,ABBV,57.880001068115234,58.61000061035156,57.61000061035156,58.58000183105469,38.342430114746094,6634400.0
2015-12-24,ABBV,58.380001068115234,58.72999954223633,58.0,58.459999084472656,38.26388931274414,2152900.0
2015-12-28,ABBV,58.27000045776367,58.970001220703125,57.7599983215332,58.75,38.453704833984375,5585800.0
2015-12-29,ABBV,59.02000045776367,59.70000076293945,59.02000045776367,59.45000076293945,38.91187286376953,5073900.0
2015-12-30,ABBV,59.400001525878906,60.119998931884766,59.310001373291016,59.79999923706055,39.14095687866211,5220300.0
2015-12-31,ABBV,59.5,59.93000030517578,59.20000076293945,59.2400016784668,38.77442169189453,6104800.0
2016-01-04,ABBV,58.060001373291016,58.31999969482422,56.400001525878906,57.61000061035156,37.7075309753418,10308400.0
2016-01-05,ABBV,57.9900016784668,58.25,56.81999969482422,57.369998931884766,37.55044937133789,7179600.0
2016-01-06,ABBV,56.369998931884766,57.560001373291016,56.18000030517578,57.380001068115234,37.55698013305664,8952700.0
2016-01-07,ABBV,56.52000045776367,57.84000015258789,56.34000015258789,57.209999084472656,37.44572067260742,9292600.0
2016-01-08,ABBV,57.54999923706055,57.810001373291016,55.47999954223633,55.650001525878906,36.424652099609375,7985200.0
2016-01-11,ABBV,55.86000061035156,55.97999954223633,52.83000183105469,53.880001068115234,35.2661247253418,10483300.0
2016-01-12,ABBV,54.470001220703125,54.970001220703125,53.56999969482422,54.84000015258789,35.89448928833008,6799600.0
2016-01-13,ABBV,54.54999923706055,54.619998931884766,50.97999954223633,51.18000030517578,33.850738525390625,10432200.0
2016-01-14,ABBV,51.31999969482422,56.83000183105469,50.709999084472656,54.560001373291016,36.0862922668457,16704900.0
2016-01-15,ABBV,53.0099983215332,57.40999984741211,53.0099983215332,57.34000015258789,37.92499923706055,27008800.0
2016-01-19,ABBV,57.529998779296875,57.72999954223633,54.22999954223633,54.9900016784668,36.37069320678711,13644500.0
2016-01-20,ABBV,54.209999084472656,57.93000030517578,53.70000076293945,57.150001525878906,37.79933166503906,11993100.0
2016-01-21,ABBV,57.290000915527344,58.77000045776367,56.91999816894531,58.36000061035156,38.599632263183594,12097000.0
2016-01-22,ABBV,59.099998474121094,59.43000030517578,57.81999969482422,58.83000183105469,38.910499572753906,10383800.0
2016-01-25,ABBV,59.029998779296875,59.810001373291016,58.18000030517578,58.650001525878906,38.791446685791016,9681900.0
2016-01-26,ABBV,59.0099983215332,59.27000045776367,57.209999084472656,58.2599983215332,38.533485412597656,7421100.0
2016-01-27,ABBV,58.36000061035156,58.93000030517578,56.45000076293945,57.11000061035156,37.77287292480469,9077700.0
2016-01-28,ABBV,57.22999954223633,57.72999954223633,54.779998779296875,55.849998474121094,36.93949890136719,10521100.0
2016-01-29,ABBV,53.41999816894531,55.310001373291016,53.41999816894531,54.900001525878906,36.311161041259766,17768700.0
2016-02-01,ABBV,54.15999984741211,54.880001068115234,52.5099983215332,54.38999938964844,35.97384262084961,11693300.0
2016-02-02,ABBV,53.63999938964844,54.779998779296875,53.31999969482422,53.95000076293945,35.68283462524414,7918300.0
2016-02-03,ABBV,54.529998779296875,57.18000030517578,54.04999923706055,56.84000015258789,37.59428787231445,16435700.0
2016-02-04,ABBV,56.7400016784668,57.310001373291016,55.36000061035156,56.7599983215332,37.54137420654297,10351200.0
2016-02-05,ABBV,56.25,56.34000015258789,52.619998931884766,53.119998931884766,35.13386154174805,13263200.0
2016-02-08,ABBV,52.58000183105469,54.099998474121094,51.939998626708984,52.88999938964844,34.98174285888672,9369400.0
2016-02-09,ABBV,52.310001373291016,53.939998626708984,52.060001373291016,53.47999954223633,35.37196350097656,7655800.0
2016-02-10,ABBV,54.11000061035156,54.689998626708984,52.54999923706055,52.720001220703125,34.86930847167969,9302800.0
2016-02-11,ABBV,52.29999923706055,53.119998931884766,51.81999969482422,52.18000030517578,34.51214599609375,8551100.0
2016-02-12,ABBV,52.529998779296875,52.970001220703125,51.599998474121094,52.58000183105469,34.776710510253906,9976200.0
2016-02-16,ABBV,53.439998626708984,53.869998931884766,52.72999954223633,53.5099983215332,35.391815185546875,8313000.0
2016-02-17,ABBV,54.34000015258789,55.150001525878906,53.349998474121094,55.0099983215332,36.383914947509766,10005600.0
2016-02-18,ABBV,55.529998779296875,55.529998779296875,54.16999816894531,54.54999923706055,36.07968521118164,6555000.0
2016-02-19,ABBV,54.5,55.0,53.97999954223633,54.290000915527344,35.907711029052734,8532500.0
2016-02-22,ABBV,54.290000915527344,55.31999969482422,53.7400016784668,55.279998779296875,36.5625,9381800.0
2016-02-23,ABBV,55.70000076293945,56.310001373291016,55.0,55.06999969482422,36.4235954284668,8629700.0
2016-02-24,ABBV,54.65999984741211,55.06999969482422,54.0099983215332,54.88999938964844,36.304542541503906,6633800.0
2016-02-25,ABBV,55.16999816894531,56.22999954223633,54.43000030517578,56.20000076293945,37.17099380493164,7076300.0
2016-02-26,ABBV,56.2599983215332,56.790000915527344,55.79999923706055,56.0,37.03871154785156,5298000.0
2016-02-29,ABBV,55.869998931884766,56.0,54.470001220703125,54.61000061035156,36.119361877441406,8395100.0
2016-03-01,ABBV,54.779998779296875,56.34000015258789,54.2400016784668,56.34000015258789,37.26358413696289,7106000.0
2016-03-02,ABBV,56.16999816894531,56.43000030517578,55.400001525878906,55.70000076293945,36.84029769897461,7054800.0
2016-03-03,ABBV,55.689998626708984,56.09000015258789,55.150001525878906,55.93000030517578,36.992427825927734,9283900.0
2016-03-04,ABBV,56.0,56.70000076293945,55.29999923706055,56.150001525878906,37.13792419433594,6439700.0
2016-03-07,ABBV,55.70000076293945,56.5,54.83000183105469,56.400001525878906,37.303279876708984,7741800.0
2016-03-08,ABBV,56.18000030517578,56.470001220703125,55.22999954223633,55.31999969482422,36.588958740234375,5303700.0
2016-03-09,ABBV,55.5099983215332,56.650001525878906,55.040000915527344,56.38999938964844,37.296669006347656,8402500.0
2016-03-10,ABBV,56.560001373291016,57.369998931884766,55.31999969482422,56.22999954223633,37.19083786010742,5627900.0
2016-03-11,ABBV,56.400001525878906,57.869998931884766,56.349998474121094,57.72999954223633,38.18293762207031,6537400.0
2016-03-14,ABBV,57.66999816894531,57.72999954223633,56.970001220703125,57.209999084472656,37.83901596069336,4650800.0
2016-03-15,ABBV,56.650001525878906,56.93000030517578,55.130001068115234,55.619998931884766,36.787376403808594,5779600.0
2016-03-16,ABBV,55.58000183105469,56.540000915527344,55.25,56.310001373291016,37.243751525878906,6245400.0
2016-03-17,ABBV,56.459999084472656,56.459999084472656,54.40999984741211,55.31999969482422,36.588958740234375,8308800.0
2016-03-18,ABBV,55.59000015258789,56.599998474121094,54.79999923706055,56.56999969482422,37.415714263916016,11029800.0
2016-03-21,ABBV,56.52000045776367,56.779998779296875,55.72999954223633,56.0099983215332,37.045318603515625,6632900.0
2016-03-22,ABBV,55.75,57.540000915527344,55.75,57.5,38.03082275390625,7661600.0
2016-03-23,ABBV,57.15999984741211,57.5,56.220001220703125,56.36000061035156,37.276817321777344,5116400.0
2016-03-24,ABBV,56.13999938964844,56.25,55.66999816894531,56.119998931884766,37.11808395385742,5278900.0
2016-03-28,ABBV,56.349998474121094,56.70000076293945,55.79999923706055,56.11000061035156,37.11146926879883,3803100.0
2016-03-29,ABBV,56.099998474121094,57.099998474121094,55.220001220703125,57.04999923706055,37.733184814453125,4567900.0
2016-03-30,ABBV,57.43000030517578,57.529998779296875,56.720001220703125,57.0,37.70011901855469,3650300.0
2016-03-31,ABBV,57.02000045776367,57.459999084472656,56.81999969482422,57.119998931884766,37.77948760986328,4930300.0
2016-04-01,ABBV,56.58000183105469,57.56999969482422,56.36000061035156,57.41999816894531,37.97791290283203,4525700.0
2016-04-04,ABBV,57.63999938964844,59.400001525878906,57.4900016784668,59.209999084472656,39.161842346191406,8108100.0
2016-04-05,ABBV,58.540000915527344,59.560001373291016,58.09000015258789,58.540000915527344,38.71868896484375,6779400.0
2016-04-06,ABBV,58.52000045776367,59.900001525878906,58.52000045776367,59.88999938964844,39.61158752441406,6322800.0
2016-04-07,ABBV,59.41999816894531,59.900001525878906,58.7599983215332,59.29999923706055,39.22135543823242,7827600.0
2016-04-08,ABBV,59.4900016784668,59.79999923706055,58.16999816894531,58.470001220703125,38.67237854003906,5750000.0
2016-04-11,ABBV,58.59000015258789,59.25,58.25,58.5,38.69221878051758,4894000.0
2016-04-12,ABBV,58.97999954223633,60.04999923706055,58.689998626708984,59.88999938964844,39.61158752441406,7243700.0
2016-04-13,ABBV,59.869998931884766,60.0,58.70000076293945,59.060001373291016,39.437965393066406,7023000.0
2016-04-14,ABBV,59.150001525878906,59.4900016784668,59.0,59.279998779296875,39.58485794067383,5185600.0
2016-04-15,ABBV,59.54999923706055,59.7400016784668,58.779998779296875,59.5099983215332,39.73845291137695,4660800.0
2016-04-18,ABBV,59.5,60.31999969482422,59.29999923706055,59.880001068115234,39.985530853271484,6089400.0
2016-04-19,ABBV,60.09000015258789,61.22999954223633,59.66999816894531,60.16999816894531,40.17918014526367,6149300.0
2016-04-20,ABBV,60.16999816894531,61.11000061035156,59.959999084472656,60.47999954223633,40.38617706298828,4443600.0
2016-04-21,ABBV,60.56999969482422,61.43000030517578,60.540000915527344,61.369998931884766,40.98049545288086,5702400.0
2016-04-22,ABBV,61.29999923706055,61.9900016784668,60.959999084472656,61.41999816894531,41.01388168334961,5103000.0
2016-04-25,ABBV,61.130001068115234,61.29999923706055,60.75,60.970001220703125,40.713382720947266,4320500.0
2016-04-26,ABBV,60.959999084472656,61.290000915527344,60.529998779296875,60.93000030517578,40.68667984008789,4281700.0
2016-04-27,ABBV,60.93000030517578,61.47999954223633,60.25,60.70000076293945,40.5330924987793,6679200.0
2016-04-28,ABBV,58.560001373291016,62.099998474121094,57.529998779296875,61.20000076293945,40.866973876953125,16235400.0
2016-04-29,ABBV,61.029998779296875,61.45000076293945,60.47999954223633,61.0,40.73340606689453,13052700.0
2016-05-02,ABBV,60.790000915527344,62.0,60.70000076293945,61.439998626708984,41.02724075317383,9512000.0
2016-05-03,ABBV,60.9900016784668,62.09000015258789,60.720001220703125,61.77000045776367,41.24759292602539,9316600.0
2016-05-04,ABBV,61.29999923706055,61.650001525878906,61.0099983215332,61.459999084472656,41.04057693481445,8691400.0
2016-05-05,ABBV,61.40999984741211,62.400001525878906,61.09000015258789,62.34000015258789,41.62821960449219,8646200.0
2016-05-06,ABBV,62.0,62.75,61.650001525878906,62.5099983215332,41.74174499511719,10880700.0
2016-05-09,ABBV,62.36000061035156,63.869998931884766,62.279998779296875,63.70000076293945,42.53636932373047,9917400.0
2016-05-10,ABBV,63.5099983215332,63.7599983215332,63.31999969482422,63.7400016784668,42.563087463378906,12103400.0
2016-05-11,ABBV,63.77000045776367,63.83000183105469,62.63999938964844,62.70000076293945,41.868614196777344,9375200.0
2016-05-12,ABBV,62.86000061035156,63.06999969482422,62.38999938964844,62.4900016784668,41.7283821105957,9589500.0
2016-05-13,ABBV,62.150001525878906,62.86000061035156,61.81999969482422,62.0,41.401180267333984,7339600.0
2016-05-16,ABBV,61.90999984741211,62.619998931884766,61.5,62.45000076293945,41.70166778564453,6707400.0
2016-05-17,ABBV,62.439998626708984,62.790000915527344,58.5,60.25,40.23259353637695,31528900.0
2016-05-18,ABBV,59.869998931884766,60.79999923706055,59.560001373291016,60.459999084472656,40.37282180786133,10622000.0
2016-05-19,ABBV,60.060001373291016,60.349998474121094,58.900001525878906,59.279998779296875,39.58485794067383,9917900.0
2016-05-20,ABBV,59.630001068115234,60.04999923706055,59.029998779296875,59.689998626708984,39.85866165161133,11259400.0
2016-05-23,ABBV,59.75,59.84000015258789,59.130001068115234,59.29999923706055,39.59822082519531,6468900.0
2016-05-24,ABBV,59.72999954223633,60.90999984741211,59.52000045776367,60.70000076293945,40.5330924987793,8888100.0
2016-05-25,ABBV,61.08000183105469,61.470001220703125,60.790000915527344,61.220001220703125,40.88032913208008,5857600.0
2016-05-26,ABBV,61.0,62.16999816894531,60.900001525878906,61.900001525878906,41.33440017700195,6537100.0
2016-05-27,ABBV,61.9900016784668,63.20000076293945,61.900001525878906,62.709999084472656,41.87528610229492,5768000.0
2016-05-31,ABBV,62.709999084472656,63.4900016784668,62.63999938964844,62.93000030517578,42.02220153808594,7147900.0
2016-06-01,ABBV,62.93000030517578,63.16999816894531,62.630001068115234,62.83000183105469,41.955421447753906,5284400.0
2016-06-02,ABBV,62.869998931884766,65.1500015258789,62.83000183105469,65.08999633789062,43.46455764770508,11628000.0
2016-06-03,ABBV,64.76000213623047,65.37000274658203,63.75,65.0,43.404476165771484,10621600.0
2016-06-06,ABBV,62.130001068115234,62.9900016784668,61.869998931884766,62.81999969482422,41.9487419128418,16403400.0
2016-06-07,ABBV,62.59000015258789,63.59000015258789,62.29999923706055,63.099998474121094,42.13571548461914,10980100.0
2016-06-08,ABBV,62.209999084472656,62.29999923706055,61.369998931884766,61.72999954223633,41.22088623046875,13173000.0
2016-06-09,ABBV,61.5,62.16999816894531,60.52000045776367,60.75,40.56647491455078,11503700.0
2016-06-10,ABBV,59.9900016784668,61.0099983215332,59.720001220703125,61.0,40.73340606689453,11052300.0
2016-06-13,ABBV,60.459999084472656,61.38999938964844,59.849998474121094,59.93000030517578,40.018917083740234,11673600.0
2016-06-14,ABBV,59.459999084472656,60.380001068115234,59.15999984741211,59.900001525878906,39.99888610839844,11560200.0
2016-06-15,ABBV,60.290000915527344,61.27000045776367,60.0099983215332,60.400001525878906,40.332767486572266,7739300.0
2016-06-16,ABBV,59.93000030517578,60.939998626708984,59.90999984741211,60.900001525878906,40.66664123535156,7011200.0
2016-06-17,ABBV,60.880001068115234,60.970001220703125,59.56999969482422,60.0099983215332,40.07233810424805,12574700.0
2016-06-20,ABBV,60.63999938964844,61.18000030517578,60.060001373291016,60.11000061035156,40.13911819458008,7076500.0
2016-06-21,ABBV,60.20000076293945,60.400001525878906,59.75,59.97999954223633,40.05230712890625,6366500.0
2016-06-22,ABBV,60.0,61.18000030517578,59.91999816894531,60.38999938964844,40.32607650756836,6718600.0
2016-06-23,ABBV,60.86000061035156,61.31999969482422,60.619998931884766,61.310001373291016,40.94042205810547,5328200.0
2016-06-24,ABBV,59.2599983215332,60.599998474121094,59.18000030517578,59.86000061035156,39.972171783447266,9878500.0
2016-06-27,ABBV,59.380001068115234,59.68000030517578,58.33000183105469,58.68000030517578,39.18421173095703,7945500.0
2016-06-28,ABBV,59.279998779296875,60.130001068115234,59.150001525878906,59.9900016784668,40.058982849121094,9897600.0
2016-06-29,ABBV,60.58000183105469,62.029998779296875,60.22999954223633,61.810001373291016,41.27430725097656,9308000.0
2016-06-30,ABBV,61.790000915527344,62.02000045776367,61.13999938964844,61.90999984741211,41.34109115600586,7920600.0
2016-07-01,ABBV,61.97999954223633,63.220001220703125,61.83000183105469,62.709999084472656,41.87528610229492,6533700.0
2016-07-05,ABBV,62.5,62.709999084472656,61.77000045776367,61.91999816894531,41.347755432128906,6293600.0
2016-07-06,ABBV,61.84000015258789,63.7599983215332,61.79999923706055,63.369998931884766,42.31601333618164,9202200.0
2016-07-07,ABBV,63.599998474121094,63.75,63.209999084472656,63.43000030517578,42.3560791015625,7081900.0
2016-07-08,ABBV,63.47999954223633,64.4800033569336,62.7400016784668,64.16000366210938,42.84354019165039,7921700.0
2016-07-11,ABBV,64.25,64.98999786376953,64.06999969482422,64.3499984741211,42.97041320800781,9641500.0
2016-07-12,ABBV,64.66999816894531,65.80999755859375,64.31999969482422,65.5,43.73834991455078,11870500.0
2016-07-13,ABBV,64.80999755859375,65.04000091552734,64.25,64.7699966430664,43.63056182861328,7684200.0
2016-07-14,ABBV,63.70000076293945,64.13999938964844,62.939998626708984,63.619998931884766,42.855892181396484,12090100.0
2016-07-15,ABBV,63.81999969482422,64.16999816894531,63.130001068115234,63.31999969482422,42.65381622314453,8827500.0
2016-07-18,ABBV,63.22999954223633,63.77000045776367,63.18000030517578,63.560001373291016,42.815486907958984,6384800.0
2016-07-19,ABBV,63.40999984741211,63.970001220703125,63.09000015258789,63.31999969482422,42.65381622314453,5794500.0
2016-07-20,ABBV,63.56999969482422,63.900001525878906,63.33000183105469,63.40999984741211,42.71443176269531,7502800.0
2016-07-21,ABBV,63.22999954223633,64.0,63.16999816894531,63.88999938964844,43.03777313232422,6145500.0
2016-07-22,ABBV,64.0,64.08999633789062,63.58000183105469,63.810001373291016,42.9838981628418,4972900.0
2016-07-25,ABBV,63.90999984741211,64.5,63.709999084472656,64.31999969482422,43.327423095703125,7241200.0
2016-07-26,ABBV,64.41000366210938,64.7300033569336,63.959999084472656,64.44999694824219,43.41499710083008,4885200.0
2016-07-27,ABBV,64.41999816894531,65.11000061035156,64.31999969482422,64.9000015258789,43.7181282043457,6220400.0
2016-07-28,ABBV,64.79000091552734,65.05999755859375,63.93000030517578,64.72000122070312,43.596885681152344,6556100.0
2016-07-29,ABBV,65.2699966430664,66.4000015258789,65.1500015258789,66.2300033569336,44.61404800415039,10525000.0
2016-08-01,ABBV,66.2300033569336,67.08000183105469,66.2300033569336,66.94000244140625,45.09232711791992,7599000.0
2016-08-02,ABBV,66.93000030517578,67.05999755859375,66.05000305175781,66.77999877929688,44.984554290771484,8763200.0
2016-08-03,ABBV,66.80999755859375,67.0,66.22000122070312,66.56999969482422,44.84307861328125,6355100.0
2016-08-04,ABBV,66.58000183105469,66.9800033569336,66.08000183105469,66.0999984741211,44.526493072509766,4901900.0
2016-08-05,ABBV,66.1500015258789,66.5999984741211,66.12000274658203,66.54000091552734,44.822879791259766,5045600.0
2016-08-08,ABBV,66.37999725341797,66.66999816894531,65.75,66.33999633789062,44.688148498535156,5309300.0
2016-08-09,ABBV,66.33999633789062,67.25,66.25,66.76000213623047,44.9710693359375,5717300.0
2016-08-10,ABBV,66.69999694824219,66.95999908447266,66.19000244140625,66.43000030517578,44.748783111572266,4506100.0
2016-08-11,ABBV,66.86000061035156,67.11000061035156,66.69999694824219,66.94999694824219,45.09906005859375,4246600.0
2016-08-12,ABBV,66.86000061035156,67.38999938964844,66.55000305175781,67.19000244140625,45.26072311401367,5215400.0
2016-08-15,ABBV,67.47000122070312,68.12000274658203,67.31999969482422,67.38999938964844,45.39545440673828,5215400.0
2016-08-16,ABBV,67.12999725341797,67.61000061035156,66.5,66.73999786376953,44.95759963989258,7147600.0
2016-08-17,ABBV,66.69000244140625,67.3499984741211,66.3499984741211,66.83000183105469,45.018226623535156,7945400.0
2016-08-18,ABBV,66.56999969482422,67.43000030517578,66.55000305175781,66.7699966430664,44.97780990600586,8205800.0
2016-08-19,ABBV,66.56999969482422,67.18000030517578,66.51000213623047,67.0999984741211,45.200103759765625,6709400.0
2016-08-22,ABBV,67.30999755859375,67.79000091552734,66.91999816894531,67.01000213623047,45.13948440551758,7884800.0
2016-08-23,ABBV,67.26000213623047,67.48999786376953,65.98999786376953,66.16999816894531,44.573646545410156,10227800.0
2016-08-24,ABBV,66.30999755859375,66.52999877929688,64.83999633789062,65.05999755859375,43.82591247558594,8551100.0
2016-08-25,ABBV,65.04000091552734,65.43000030517578,64.2699966430664,64.72000122070312,43.596885681152344,6379000.0
2016-08-26,ABBV,64.68000030517578,65.0199966430664,64.20999908447266,64.61000061035156,43.52278137207031,7041600.0
2016-08-29,ABBV,64.83999633789062,65.08999633789062,64.19000244140625,64.51000213623047,43.455421447753906,5099200.0
2016-08-30,ABBV,64.54000091552734,64.70999908447266,64.11000061035156,64.16000366210938,43.21965026855469,5531800.0
2016-08-31,ABBV,64.20999908447266,64.44999694824219,63.5,64.0999984741211,43.17923355102539,6750000.0
2016-09-01,ABBV,64.0999984741211,64.13999938964844,63.61000061035156,64.02999877929688,43.132080078125,5126700.0
2016-09-02,ABBV,64.37000274658203,64.4800033569336,63.869998931884766,64.12000274658203,43.19270706176758,4100800.0
2016-09-06,ABBV,64.69999694824219,64.9000015258789,64.05000305175781,64.61000061035156,43.52278137207031,6286300.0
2016-09-07,ABBV,64.37000274658203,65.13999938964844,64.29000091552734,64.97000122070312,43.76528549194336,5714300.0
2016-09-08,ABBV,63.959999084472656,64.1500015258789,63.439998626708984,64.05999755859375,43.15229034423828,8238800.0
2016-09-09,ABBV,63.220001220703125,64.0,63.060001373291016,63.36000061035156,42.680763244628906,8848500.0
2016-09-12,ABBV,62.97999954223633,64.2300033569336,62.65999984741211,64.08000183105469,43.1657600402832,6653000.0
2016-09-13,ABBV,63.65999984741211,64.1500015258789,63.0099983215332,63.34000015258789,42.667274475097656,7640400.0
2016-09-14,ABBV,63.40999984741211,63.959999084472656,63.060001373291016,63.34000015258789,42.667274475097656,5890000.0
2016-09-15,ABBV,63.16999816894531,63.81999969482422,62.91999816894531,63.349998474121094,42.674015045166016,7806800.0
2016-09-16,ABBV,63.529998779296875,63.790000915527344,63.16999816894531,63.27000045776367,42.62012481689453,11165300.0
2016-09-19,ABBV,63.619998931884766,63.709999084472656,62.83000183105469,62.90999984741211,42.37761688232422,7903500.0
2016-09-20,ABBV,63.36000061035156,63.54999923706055,62.7599983215332,63.279998779296875,42.62686538696289,4826500.0
2016-09-21,ABBV,63.4900016784668,64.25,63.20000076293945,64.0999984741211,43.17923355102539,7587400.0
2016-09-22,ABBV,64.12000274658203,65.19999694824219,64.08000183105469,65.08000183105469,43.839393615722656,5416100.0
2016-09-23,ABBV,65.05000305175781,65.33000183105469,64.75,64.9800033569336,43.77201461791992,5154200.0
2016-09-26,ABBV,64.5199966430664,64.87999725341797,64.0199966430664,64.06999969482422,43.15903091430664,5567700.0
2016-09-27,ABBV,63.95000076293945,64.75,63.689998626708984,64.56999969482422,43.4958381652832,4358300.0
2016-09-28,ABBV,64.94000244140625,64.94000244140625,63.88999938964844,64.22000122070312,43.260066986083984,5645600.0
2016-09-29,ABBV,64.30000305175781,64.30999755859375,62.79999923706055,62.81999969482422,42.31700134277344,6431200.0
2016-09-30,ABBV,62.66999816894531,63.2599983215332,62.45000076293945,63.06999969482422,42.48540115356445,7325400.0
2016-10-03,ABBV,63.02000045776367,63.290000915527344,62.25,63.22999954223633,42.59318161010742,4239600.0
2016-10-04,ABBV,63.310001373291016,63.529998779296875,62.54999923706055,63.0,42.438255310058594,4719400.0
2016-10-05,ABBV,63.08000183105469,63.75,63.0,63.38999938964844,42.70096969604492,4442500.0
2016-10-06,ABBV,63.15999984741211,63.209999084472656,62.560001373291016,62.83000183105469,42.32373809814453,4446100.0
2016-10-07,ABBV,63.099998474121094,63.58000183105469,62.5,62.93000030517578,42.39109420776367,3812700.0
2016-10-10,ABBV,63.06999969482422,63.65999984741211,62.91999816894531,63.310001373291016,42.6470832824707,3135300.0
2016-10-11,ABBV,63.08000183105469,63.2599983215332,62.04999923706055,62.38999938964844,42.02733612060547,5308400.0
2016-10-12,ABBV,62.0,62.22999954223633,61.02000045776367,61.209999084472656,41.612648010253906,4563800.0
2016-10-13,ABBV,60.959999084472656,61.61000061035156,60.68000030517578,61.150001525878906,41.57184982299805,5988600.0
2016-10-14,ABBV,61.45000076293945,61.52000045776367,60.150001525878906,60.16999816894531,40.905616760253906,5606500.0
2016-10-17,ABBV,60.099998474121094,60.709999084472656,59.86000061035156,60.13999938964844,40.88521957397461,6138700.0
2016-10-18,ABBV,60.619998931884766,61.619998931884766,60.400001525878906,61.54999923706055,41.843788146972656,6655100.0
2016-10-19,ABBV,62.040000915527344,62.15999984741211,61.16999816894531,61.43000030517578,41.762203216552734,5588900.0
2016-10-20,ABBV,61.45000076293945,61.97999954223633,61.33000183105469,61.7599983215332,41.98654556274414,4391300.0
2016-10-21,ABBV,61.380001068115234,61.439998626708984,60.650001525878906,60.97999954223633,41.45629119873047,4341700.0
2016-10-24,ABBV,61.130001068115234,61.68000030517578,61.02000045776367,61.119998931884766,41.551456451416016,3934800.0
2016-10-25,ABBV,61.060001373291016,61.65999984741211,60.95000076293945,61.54999923706055,41.843788146972656,6432800.0
2016-10-26,ABBV,61.5099983215332,61.709999084472656,60.709999084472656,61.02000045776367,41.48347854614258,4560800.0
2016-10-27,ABBV,61.45000076293945,61.720001220703125,60.599998474121094,61.459999084472656,41.7826042175293,6612500.0
2016-10-28,ABBV,57.54999923706055,58.38999938964844,55.060001373291016,57.599998474121094,39.158443450927734,24865300.0
2016-10-31,ABBV,57.060001373291016,57.29999923706055,55.720001220703125,55.779998779296875,37.92113494873047,14185800.0
2016-11-01,ABBV,56.0,56.61000061035156,55.68000030517578,56.45000076293945,38.37662887573242,9799400.0
2016-11-02,ABBV,56.459999084472656,57.189998626708984,56.400001525878906,56.790000915527344,38.60778045654297,9746200.0
2016-11-03,ABBV,57.119998931884766,57.290000915527344,55.849998474121094,55.88999938964844,37.99592208862305,9842600.0
2016-11-04,ABBV,56.06999969482422,56.869998931884766,55.869998931884766,56.040000915527344,38.097900390625,11187000.0
2016-11-07,ABBV,56.810001373291016,61.15999984741211,56.63999938964844,58.90999984741211,40.049015045166016,17763100.0
2016-11-08,ABBV,58.79999923706055,59.61000061035156,58.029998779296875,58.810001373291016,39.981048583984375,9353200.0
2016-11-09,ABBV,64.0999984741211,64.69000244140625,60.40999984741211,62.63999938964844,42.58480453491211,18694000.0
2016-11-10,ABBV,63.060001373291016,65.05000305175781,62.790000915527344,64.0,43.509376525878906,15948700.0
2016-11-11,ABBV,63.540000915527344,63.849998474121094,62.790000915527344,63.099998474121094,42.897525787353516,10201600.0
2016-11-14,ABBV,63.400001525878906,63.63999938964844,62.25,62.970001220703125,42.809139251708984,8315700.0
2016-11-15,ABBV,63.38999938964844,63.38999938964844,61.97999954223633,62.869998931884766,42.74116516113281,5610300.0
2016-11-16,ABBV,62.66999816894531,62.970001220703125,61.41999816894531,61.540000915527344,41.83698272705078,6571200.0
2016-11-17,ABBV,61.75,61.9900016784668,61.130001068115234,61.70000076293945,41.94575500488281,4879500.0
2016-11-18,ABBV,61.650001525878906,62.13999938964844,60.38999938964844,60.52000045776367,41.143558502197266,7023200.0
2016-11-21,ABBV,60.70000076293945,60.79999923706055,60.20000076293945,60.41999816894531,41.07556915283203,6328300.0
2016-11-22,ABBV,60.4900016784668,60.560001373291016,58.61000061035156,58.93000030517578,40.062618255615234,8518600.0
2016-11-23,ABBV,58.810001373291016,60.380001068115234,58.599998474121094,60.18000030517578,40.912410736083984,5546600.0
2016-11-25,ABBV,60.040000915527344,60.66999816894531,59.66999816894531,60.5099983215332,41.13676452636719,2941600.0
2016-11-28,ABBV,59.130001068115234,59.939998626708984,59.0099983215332,59.459999084472656,40.42293167114258,6274600.0
2016-11-29,ABBV,59.70000076293945,62.099998474121094,59.52000045776367,61.59000015258789,41.8709831237793,11858800.0
2016-11-30,ABBV,61.630001068115234,61.84000015258789,60.630001068115234,60.79999923706055,41.333900451660156,9025200.0
2016-12-01,ABBV,60.83000183105469,60.83000183105469,58.75,59.15999984741211,40.2189826965332,8266200.0
2016-12-02,ABBV,59.189998626708984,60.0,58.95000076293945,59.43000030517578,40.40253448486328,8020700.0
2016-12-05,ABBV,59.599998474121094,61.220001220703125,59.56999969482422,60.86000061035156,41.374698638916016,10227700.0
2016-12-06,ABBV,60.7599983215332,61.720001220703125,60.33000183105469,61.619998931884766,41.89137268066406,7610400.0
2016-12-07,ABBV,60.2599983215332,60.650001525878906,58.79999923706055,59.9900016784668,40.78324508666992,13095600.0
2016-12-08,ABBV,60.02000045776367,60.97999954223633,59.09000015258789,60.900001525878906,41.40189743041992,9192300.0
2016-12-09,ABBV,61.189998626708984,61.93000030517578,60.91999816894531,61.540000915527344,41.83698272705078,7102900.0
2016-12-12,ABBV,61.529998779296875,62.45000076293945,61.5099983215332,62.040000915527344,42.176910400390625,5984500.0
2016-12-13,ABBV,62.33000183105469,62.439998626708984,61.36000061035156,61.9900016784668,42.142913818359375,8599600.0
2016-12-14,ABBV,61.54999923706055,62.29999923706055,61.5099983215332,61.66999816894531,41.92535400390625,5115700.0
2016-12-15,ABBV,61.79999923706055,62.11000061035156,61.54999923706055,62.02000045776367,42.16331100463867,6416900.0
2016-12-16,ABBV,62.119998931884766,62.4900016784668,61.83000183105469,62.220001220703125,42.29928970336914,10555800.0
2016-12-19,ABBV,62.369998931884766,63.33000183105469,62.119998931884766,62.220001220703125,42.29928970336914,5976800.0
2016-12-20,ABBV,62.34000015258789,62.709999084472656,61.75,62.15999984741211,42.25848388671875,5751800.0
2016-12-21,ABBV,62.22999954223633,62.40999984741211,61.43000030517578,61.45000076293945,41.77580261230469,5498700.0
2016-12-22,ABBV,61.58000183105469,61.91999816894531,61.349998474121094,61.65999984741211,41.9185676574707,5626000.0
2016-12-23,ABBV,61.779998779296875,62.400001525878906,61.470001220703125,62.34000015258789,42.3808479309082,4795900.0
2016-12-27,ABBV,62.52000045776367,63.02000045776367,62.40999984741211,62.5,42.4896240234375,5396200.0
2016-12-28,ABBV,62.5099983215332,62.75,62.25,62.27000045776367,42.333274841308594,5190400.0
2016-12-29,ABBV,62.38999938964844,63.060001373291016,62.38999938964844,62.72999954223633,42.64598846435547,4990000.0
2016-12-30,ABBV,62.72999954223633,62.93000030517578,62.40999984741211,62.619998931884766,42.57121276855469,5999200.0
2017-01-03,ABBV,62.91999816894531,63.029998779296875,61.939998626708984,62.40999984741211,42.428436279296875,9328200.0
2017-01-04,ABBV,62.63999938964844,63.79999923706055,62.63999938964844,63.290000915527344,43.02669906616211,8674800.0
2017-01-05,ABBV,63.380001068115234,63.95000076293945,63.029998779296875,63.77000045776367,43.3530158996582,5359400.0
2017-01-06,ABBV,63.880001068115234,64.0,63.52000045776367,63.790000915527344,43.36661148071289,4722300.0
2017-01-09,ABBV,63.79999923706055,64.37999725341797,63.75,64.20999908447266,43.65214157104492,8794500.0
2017-01-10,ABBV,64.05000305175781,64.5,63.77000045776367,64.06999969482422,43.55696105957031,6523500.0
2017-01-11,ABBV,63.380001068115234,63.650001525878906,60.59000015258789,61.13999938964844,41.984439849853516,13565200.0
2017-01-12,ABBV,60.77000045776367,61.43000030517578,60.41999816894531,61.279998779296875,42.08056640625,8194400.0
2017-01-13,ABBV,61.349998474121094,62.40999984741211,61.04999923706055,61.9900016784668,42.5681266784668,7295100.0
2017-01-17,ABBV,61.75,62.040000915527344,61.099998474121094,61.86000061035156,42.47885513305664,8446700.0
2017-01-18,ABBV,61.7599983215332,62.13999938964844,61.31999969482422,61.65999984741211,42.341529846191406,5519400.0
2017-01-19,ABBV,61.45000076293945,61.880001068115234,61.119998931884766,61.380001068115234,42.149234771728516,5384200.0
2017-01-20,ABBV,61.40999984741211,61.77000045776367,61.08000183105469,61.150001525878906,41.99129867553711,6730000.0
2017-01-23,ABBV,61.02000045776367,61.2599983215332,60.68000030517578,60.959999084472656,41.86083984375,5244700.0
2017-01-24,ABBV,60.90999984741211,60.93000030517578,59.66999816894531,60.58000183105469,41.59988784790039,6642000.0
2017-01-25,ABBV,60.599998474121094,61.630001068115234,60.34000015258789,61.380001068115234,42.149234771728516,8052800.0
2017-01-26,ABBV,61.15999984741211,61.900001525878906,61.06999969482422,61.27000045776367,42.07371520996094,7765300.0
2017-01-27,ABBV,60.0,61.25,59.52000045776367,60.0,41.20161437988281,14151200.0
2017-01-30,ABBV,59.90999984741211,60.470001220703125,59.27000045776367,60.43000030517578,41.49688720703125,7792700.0
2017-01-31,ABBV,60.0099983215332,61.31999969482422,59.75,61.11000061035156,41.96384048461914,8149800.0
2017-02-01,ABBV,61.06999969482422,61.099998474121094,60.27000045776367,60.88999938964844,41.81277084350586,5888700.0
2017-02-02,ABBV,60.650001525878906,61.119998931884766,60.47999954223633,60.88999938964844,41.81277084350586,5365300.0
2017-02-03,ABBV,60.900001525878906,61.060001373291016,60.439998626708984,60.66999816894531,41.66169357299805,6470300.0
2017-02-06,ABBV,60.5099983215332,60.970001220703125,60.349998474121094,60.650001525878906,41.64796829223633,5358100.0
2017-02-07,ABBV,60.650001525878906,60.869998931884766,60.400001525878906,60.560001373291016,41.586158752441406,4210300.0
2017-02-08,ABBV,60.13999938964844,61.02000045776367,60.04999923706055,60.52000045776367,41.55868911743164,5357800.0
2017-02-09,ABBV,60.52000045776367,61.0,60.41999816894531,60.84000015258789,41.7784309387207,4324600.0
2017-02-10,ABBV,60.849998474121094,61.0,60.27000045776367,60.41999816894531,41.490020751953125,5749200.0
2017-02-13,ABBV,60.58000183105469,60.86000061035156,60.43000030517578,60.5099983215332,41.551822662353516,6396000.0
2017-02-14,ABBV,60.439998626708984,60.97999954223633,60.150001525878906,60.81999969482422,41.76469802856445,13562200.0
2017-02-15,ABBV,60.91999816894531,61.84000015258789,60.400001525878906,61.650001525878906,42.334651947021484,8927600.0
2017-02-16,ABBV,61.66999816894531,61.90999984741211,60.810001373291016,61.47999954223633,42.21790313720703,5662000.0
2017-02-17,ABBV,61.540000915527344,62.08000183105469,61.16999816894531,61.77000045776367,42.41705322265625,8124400.0
2017-02-21,ABBV,61.84000015258789,62.11000061035156,61.5,61.83000183105469,42.458255767822266,8503500.0
2017-02-22,ABBV,61.720001220703125,61.95000076293945,61.29999923706055,61.36000061035156,42.13551330566406,6422200.0
2017-02-23,ABBV,61.68000030517578,62.2400016784668,61.45000076293945,61.939998626708984,42.5338020324707,8057700.0
2017-02-24,ABBV,61.91999816894531,62.22999954223633,61.4900016784668,62.09000015258789,42.63679504394531,6536400.0
2017-02-27,ABBV,62.02000045776367,62.369998931884766,61.68000030517578,62.220001220703125,42.726070404052734,5214100.0
2017-02-28,ABBV,62.11000061035156,62.400001525878906,61.689998626708984,61.84000015258789,42.465126037597656,6756100.0
2017-03-01,ABBV,62.15999984741211,62.93000030517578,61.95000076293945,62.83000183105469,43.14494705200195,7737400.0
2017-03-02,ABBV,62.779998779296875,63.599998474121094,62.599998474121094,63.25,43.4333610534668,8190000.0
2017-03-03,ABBV,63.11000061035156,63.529998779296875,62.83000183105469,63.34000015258789,43.49515914916992,6125800.0
2017-03-06,ABBV,63.0,63.849998474121094,62.880001068115234,63.54999923706055,43.639373779296875,6837000.0
2017-03-07,ABBV,63.13999938964844,64.13999938964844,62.970001220703125,63.689998626708984,43.73549270629883,9638000.0
2017-03-08,ABBV,63.75,64.68000030517578,63.5,64.13999938964844,44.04451370239258,7049700.0
2017-03-09,ABBV,64.13999938964844,64.72000122070312,64.05000305175781,64.5,44.29172897338867,6957000.0
2017-03-10,ABBV,65.30000305175781,66.44999694824219,65.11000061035156,65.87999725341797,45.23936462402344,12788100.0
2017-03-13,ABBV,65.87000274658203,65.94000244140625,65.30000305175781,65.8499984741211,45.2187614440918,7577400.0
2017-03-14,ABBV,65.87999725341797,66.05000305175781,65.5999984741211,65.66999816894531,45.09516525268555,3727200.0
2017-03-15,ABBV,65.69999694824219,66.79000091552734,65.68000030517578,66.55000305175781,45.699459075927734,5241200.0
2017-03-16,ABBV,66.4000015258789,66.44999694824219,65.55000305175781,65.9000015258789,45.25310516357422,5162800.0
2017-03-17,ABBV,66.04000091552734,66.08999633789062,65.5,65.69000244140625,45.10890197753906,11288000.0
2017-03-20,ABBV,65.77999877929688,66.01000213623047,65.55999755859375,65.80000305175781,45.18444061279297,4252100.0
2017-03-21,ABBV,65.95999908447266,66.0,65.04000091552734,65.3499984741211,44.87541961669922,5187400.0
2017-03-22,ABBV,65.37999725341797,65.7300033569336,65.0999984741211,65.5199966430664,44.99216842651367,5662600.0
2017-03-23,ABBV,65.5199966430664,66.06999969482422,65.36000061035156,65.6500015258789,45.0814208984375,4099500.0
2017-03-24,ABBV,65.51000213623047,66.11000061035156,65.31999969482422,65.62000274658203,45.06082534790039,4056300.0
2017-03-27,ABBV,65.37000274658203,66.27999877929688,65.23999786376953,66.0999984741211,45.390438079833984,4962300.0
2017-03-28,ABBV,65.95999908447266,66.20999908447266,65.63999938964844,65.9800033569336,45.308040618896484,5067400.0
2017-03-29,ABBV,65.94999694824219,66.2699966430664,65.68000030517578,65.7699966430664,45.16383743286133,3649900.0
2017-03-30,ABBV,65.76000213623047,65.81999969482422,65.25,65.45999908447266,44.950958251953125,3749600.0
2017-03-31,ABBV,65.45999908447266,65.5199966430664,65.1500015258789,65.16000366210938,44.74494171142578,4057800.0
2017-04-03,ABBV,65.23999786376953,65.58999633789062,64.87999725341797,65.02999877929688,44.65567398071289,5229600.0
2017-04-04,ABBV,65.12000274658203,65.30000305175781,64.83000183105469,65.11000061035156,44.71061706542969,3457900.0
2017-04-05,ABBV,65.2300033569336,65.76000213623047,64.86000061035156,64.95999908447266,44.607608795166016,4396300.0
2017-04-06,ABBV,65.02999877929688,65.19000244140625,64.6500015258789,65.08000183105469,44.690006256103516,4628400.0
2017-04-07,ABBV,65.05999755859375,65.93000030517578,64.83000183105469,65.54000091552734,45.005889892578125,6089300.0
2017-04-10,ABBV,65.5,65.77999877929688,64.91000366210938,64.97000122070312,44.61447525024414,7136200.0
2017-04-11,ABBV,64.43000030517578,64.43000030517578,63.31999969482422,64.18000030517578,44.51043701171875,5404500.0
2017-04-12,ABBV,64.16999816894531,64.41000366210938,63.66999816894531,64.37000274658203,44.64222717285156,6122000.0
2017-04-13,ABBV,64.23999786376953,64.72000122070312,64.08000183105469,64.12999725341797,44.475772857666016,3896700.0
2017-04-17,ABBV,64.79000091552734,64.97000122070312,64.05999755859375,64.30999755859375,44.6005973815918,4189500.0
2017-04-18,ABBV,64.02999877929688,64.08000183105469,63.119998931884766,63.650001525878906,44.14286804199219,4755800.0
2017-04-19,ABBV,63.900001525878906,63.93000030517578,63.310001373291016,63.45000076293945,44.004173278808594,4057100.0
2017-04-20,ABBV,63.720001220703125,64.0,63.290000915527344,63.779998779296875,44.23303985595703,5708600.0
2017-04-21,ABBV,63.7599983215332,64.29000091552734,63.54999923706055,63.81999969482422,44.260772705078125,4154900.0
2017-04-24,ABBV,64.4000015258789,65.16000366210938,64.26000213623047,64.66000366210938,44.84333419799805,7121000.0
2017-04-25,ABBV,64.94000244140625,65.62999725341797,64.81999969482422,65.0999984741211,45.14849090576172,5352900.0
2017-04-26,ABBV,65.19000244140625,65.91999816894531,65.0199966430664,65.04000091552734,45.106876373291016,5008900.0
2017-04-27,ABBV,65.44999694824219,67.5,65.12000274658203,66.06999969482422,45.82120132446289,11692900.0
2017-04-28,ABBV,66.05999755859375,66.31999969482422,65.44000244140625,65.94000244140625,45.73105239868164,5521100.0
2017-05-01,ABBV,66.0,66.66999816894531,65.94000244140625,66.4800033569336,46.105552673339844,4575800.0
2017-05-02,ABBV,66.51000213623047,66.68000030517578,66.18000030517578,66.62999725341797,46.209571838378906,4342800.0
2017-05-03,ABBV,66.44999694824219,66.87999725341797,66.20999908447266,66.73999786376953,46.28585433959961,4993400.0
2017-05-04,ABBV,66.73999786376953,67.4000015258789,66.62000274658203,67.2300033569336,46.625701904296875,4287400.0
2017-05-05,ABBV,67.19000244140625,67.22000122070312,66.31999969482422,66.98999786376953,46.459251403808594,4587800.0
2017-05-08,ABBV,66.94000244140625,66.94999694824219,66.13999938964844,66.20999908447266,45.91828918457031,4497400.0
2017-05-09,ABBV,66.19999694824219,66.94999694824219,65.86000061035156,66.16999816894531,45.89057159423828,4395200.0
2017-05-10,ABBV,66.16000366210938,66.2300033569336,65.36000061035156,65.9800033569336,45.758792877197266,5140200.0
2017-05-11,ABBV,65.9000015258789,65.95999908447266,64.66000366210938,65.30000305175781,45.28720474243164,7853800.0
2017-05-12,ABBV,65.2699966430664,66.19000244140625,65.20999908447266,66.05999755859375,45.81427764892578,6093500.0
2017-05-15,ABBV,66.06999969482422,66.8499984741211,65.94999694824219,66.66999816894531,46.23732376098633,8527900.0
2017-05-16,ABBV,66.7300033569336,66.91999816894531,66.33000183105469,66.8499984741211,46.362159729003906,6313500.0
2017-05-17,ABBV,66.8499984741211,66.8499984741211,64.61000061035156,65.37000274658203,45.33573913574219,12771400.0
2017-05-18,ABBV,65.37000274658203,66.0999984741211,65.19999694824219,65.62999725341797,45.51605987548828,6001000.0
2017-05-19,ABBV,65.73999786376953,66.01000213623047,65.30999755859375,65.58000183105469,45.481388092041016,6731800.0
2017-05-22,ABBV,65.55000305175781,65.62000274658203,64.80000305175781,65.44000244140625,45.38429260253906,5541700.0
2017-05-23,ABBV,65.44000244140625,66.26000213623047,65.43000030517578,65.83999633789062,45.66169738769531,4676500.0
2017-05-24,ABBV,65.79000091552734,66.12000274658203,65.56999969482422,65.93000030517578,45.724117279052734,3174600.0
2017-05-25,ABBV,66.05999755859375,66.56999969482422,65.80000305175781,66.31999969482422,45.994598388671875,4058300.0
2017-05-26,ABBV,66.13999938964844,66.41000366210938,65.8499984741211,66.05999755859375,45.81427764892578,4083000.0
2017-05-30,ABBV,65.88999938964844,66.19999694824219,65.80999755859375,66.0199966430664,45.786529541015625,4803900.0
2017-05-31,ABBV,66.23999786376953,66.41000366210938,65.61000061035156,66.0199966430664,45.786529541015625,6935800.0
2017-06-01,ABBV,66.26000213623047,66.72000122070312,66.12000274658203,66.70999908447266,46.26506423950195,4554700.0
2017-06-02,ABBV,66.80999755859375,67.30999755859375,66.62000274658203,67.25,46.639564514160156,5646000.0
2017-06-05,ABBV,67.25,67.86000061035156,66.87999725341797,67.51000213623047,46.81988525390625,4918100.0
2017-06-06,ABBV,67.4800033569336,68.0999984741211,67.37000274658203,67.87000274658203,47.06956100463867,5494500.0
2017-06-07,ABBV,68.01000213623047,69.31999969482422,68.01000213623047,68.75,47.679866790771484,8406300.0
2017-06-08,ABBV,68.75,69.05000305175781,68.33000183105469,68.76000213623047,47.6867790222168,6082500.0
2017-06-09,ABBV,68.80000305175781,69.83000183105469,68.72000122070312,69.66999816894531,48.31788635253906,6159800.0
2017-06-12,ABBV,69.79000091552734,69.9000015258789,69.25,69.52999877929688,48.22080993652344,6084300.0
2017-06-13,ABBV,69.62000274658203,70.02999877929688,69.41999816894531,69.66999816894531,48.31788635253906,5269000.0
2017-06-14,ABBV,69.4800033569336,70.79000091552734,69.37000274658203,70.5199966430664,48.90739440917969,6639100.0
2017-06-15,ABBV,70.33999633789062,70.6500015258789,69.87999725341797,70.5999984741211,48.962886810302734,4682700.0
2017-06-16,ABBV,70.80000305175781,71.12000274658203,70.48999786376953,71.05000305175781,49.274967193603516,9342300.0
2017-06-19,ABBV,71.11000061035156,71.58999633789062,70.94000244140625,71.33999633789062,49.476097106933594,6396300.0
2017-06-20,ABBV,71.44000244140625,71.80999755859375,71.16000366210938,71.22000122070312,49.39287567138672,6542800.0
2017-06-21,ABBV,71.11000061035156,71.69999694824219,71.05000305175781,71.33999633789062,49.476097106933594,6096800.0
2017-06-22,ABBV,71.48999786376953,73.66999816894531,71.41000366210938,73.18000030517578,50.75216293334961,9998900.0
2017-06-23,ABBV,73.19999694824219,73.48999786376953,72.26000213623047,72.63999938964844,50.37767028808594,7064500.0
2017-06-26,ABBV,72.79000091552734,72.94000244140625,72.41000366210938,72.73999786376953,50.4470329284668,4019500.0
2017-06-27,ABBV,72.69999694824219,73.05999755859375,72.25,72.38999938964844,50.20428466796875,4490600.0
2017-06-28,ABBV,72.72000122070312,73.54000091552734,72.58000183105469,72.91999816894531,50.571861267089844,4196200.0
2017-06-29,ABBV,73.1500015258789,73.16999816894531,71.91000366210938,72.4800033569336,50.26670837402344,4444700.0
2017-06-30,ABBV,72.56999969482422,72.81999969482422,72.20999908447266,72.51000213623047,50.287513732910156,4729100.0
2017-07-03,ABBV,72.76000213623047,72.98999786376953,72.37000274658203,72.41999816894531,50.225074768066406,2570700.0
2017-07-05,ABBV,72.4800033569336,72.73999786376953,71.98999786376953,72.4800033569336,50.26670837402344,4751900.0
2017-07-06,ABBV,72.23999786376953,72.44999694824219,71.41000366210938,71.7300033569336,49.746585845947266,4372100.0
2017-07-07,ABBV,72.11000061035156,72.11000061035156,71.62999725341797,72.02999877929688,49.954620361328125,4333700.0
2017-07-10,ABBV,71.80000305175781,72.22000122070312,71.58000183105469,71.83000183105469,49.81591796875,3158300.0
2017-07-11,ABBV,71.88999938964844,72.16999816894531,71.33000183105469,71.83999633789062,49.822845458984375,3535100.0
2017-07-12,ABBV,71.51000213623047,72.12999725341797,71.30000305175781,71.87999725341797,50.2986946105957,4860200.0
2017-07-13,ABBV,71.94000244140625,72.9000015258789,71.66999816894531,72.62999725341797,50.8234977722168,5189800.0
2017-07-14,ABBV,72.62000274658203,73.2300033569336,72.51000213623047,73.11000061035156,51.15939712524414,4335700.0
2017-07-17,ABBV,73.0999984741211,73.47000122070312,72.69000244140625,72.69999694824219,50.87248229980469,3461600.0
2017-07-18,ABBV,72.62999725341797,72.86000061035156,71.75,72.2300033569336,50.54359817504883,5269100.0
2017-07-19,ABBV,72.4800033569336,72.7699966430664,72.0199966430664,72.7699966430664,50.92146301269531,3904100.0
2017-07-20,ABBV,72.98999786376953,74.22000122070312,72.94000244140625,74.01000213623047,51.78916931152344,5329700.0
2017-07-21,ABBV,73.9800033569336,75.04000091552734,73.8499984741211,74.62999725341797,52.223018646240234,4961500.0
2017-07-24,ABBV,74.62999725341797,74.75,73.83999633789062,73.91000366210938,51.71919631958008,5497800.0
2017-07-25,ABBV,74.4000015258789,74.55000305175781,72.47000122070312,72.5199966430664,50.74652862548828,6354200.0
2017-07-26,ABBV,72.37000274658203,72.69000244140625,71.94999694824219,72.58999633789062,50.79549789428711,4877000.0
2017-07-27,ABBV,72.77999877929688,72.80000305175781,70.87999725341797,71.7300033569336,50.19374084472656,7389300.0
2017-07-28,ABBV,71.63999938964844,72.44000244140625,69.37999725341797,70.44000244140625,49.29103469848633,8012400.0
2017-07-31,ABBV,70.5199966430664,70.58000183105469,69.83000183105469,69.91000366210938,48.920166015625,7770400.0
2017-08-01,ABBV,70.02999877929688,70.83999633789062,69.8499984741211,70.37999725341797,49.24905776977539,6681700.0
2017-08-02,ABBV,70.25,70.73999786376953,69.93000030517578,70.70999908447266,49.47997283935547,4922200.0
2017-08-03,ABBV,70.61000061035156,71.01000213623047,70.36000061035156,70.98999786376953,49.6758918762207,4400400.0
2017-08-04,ABBV,71.16999816894531,71.37000274658203,70.3499984741211,70.98999786376953,49.6758918762207,4732500.0
2017-08-07,ABBV,70.94000244140625,71.2300033569336,70.63999938964844,71.22000122070312,49.83684539794922,3551100.0
2017-08-08,ABBV,71.33000183105469,71.91000366210938,71.01000213623047,71.47000122070312,50.01178741455078,4398000.0
2017-08-09,ABBV,71.26000213623047,72.13999938964844,71.0999984741211,72.0199966430664,50.39665222167969,4536300.0
2017-08-10,ABBV,72.01000213623047,72.19000244140625,70.38999938964844,70.44000244140625,49.29103469848633,5940300.0
2017-08-11,ABBV,70.73999786376953,71.01000213623047,70.43000030517578,70.62999725341797,49.42398452758789,3248300.0
2017-08-14,ABBV,71.2300033569336,71.29000091552734,70.69999694824219,70.81999969482422,49.55693054199219,2648800.0
2017-08-15,ABBV,71.08000183105469,71.13999938964844,70.27999877929688,70.33999633789062,49.22105026245117,3724100.0
2017-08-16,ABBV,70.48999786376953,70.75,70.11000061035156,70.41999816894531,49.277034759521484,4751600.0
2017-08-17,ABBV,70.5999984741211,70.68000030517578,69.83000183105469,69.8499984741211,48.878173828125,5086000.0
2017-08-18,ABBV,69.5199966430664,70.44000244140625,69.47000122070312,69.95999908447266,48.95514678955078,4016400.0
2017-08-21,ABBV,69.91999816894531,70.83000183105469,69.91000366210938,70.69999694824219,49.47297286987305,4666400.0
2017-08-22,ABBV,70.91000366210938,71.87999725341797,70.76000213623047,71.75,50.20771789550781,3589000.0
2017-08-23,ABBV,71.29000091552734,71.9000015258789,71.2699966430664,71.5199966430664,50.046756744384766,3071300.0
2017-08-24,ABBV,71.72000122070312,72.30999755859375,71.4000015258789,72.11000061035156,50.459625244140625,4088300.0
2017-08-25,ABBV,72.22000122070312,72.77999877929688,72.20999908447266,72.4800033569336,50.718536376953125,3871200.0
2017-08-28,ABBV,72.66999816894531,73.56999969482422,72.55999755859375,73.31999969482422,51.306331634521484,4574400.0
2017-08-29,ABBV,72.77999877929688,73.9000015258789,72.77999877929688,73.88999938964844,51.705204010009766,3390800.0
2017-08-30,ABBV,73.62000274658203,74.18000030517578,73.58000183105469,73.91999816894531,51.726192474365234,3189100.0
2017-08-31,ABBV,74.11000061035156,75.4000015258789,73.91999816894531,75.30000305175781,52.69184875488281,6177600.0
2017-09-01,ABBV,75.58999633789062,76.0,75.26000213623047,75.41999816894531,52.77582931518555,3831700.0
2017-09-05,ABBV,75.38999938964844,75.58000183105469,74.7300033569336,75.25,52.65687561035156,6309100.0
2017-09-06,ABBV,75.61000061035156,77.45999908447266,75.3499984741211,77.05000305175781,53.91645050048828,7755200.0
2017-09-07,ABBV,77.29000091552734,82.44999694824219,77.0,81.77999877929688,57.2263069152832,15377300.0
2017-09-08,ABBV,81.29000091552734,86.08999633789062,81.11000061035156,85.33999633789062,59.717437744140625,14809100.0
2017-09-11,ABBV,84.45999908447266,87.0999984741211,84.37999725341797,87.0,60.8790397644043,12687000.0
2017-09-12,ABBV,86.97000122070312,87.97000122070312,86.5,87.75,61.403873443603516,11155600.0
2017-09-13,ABBV,87.58000183105469,88.83999633789062,87.41999816894531,88.47000122070312,61.90769958496094,9172200.0
2017-09-14,ABBV,88.2300033569336,89.31999969482422,88.1500015258789,89.22000122070312,62.43252182006836,10272200.0
2017-09-15,ABBV,89.38999938964844,89.69000244140625,86.5199966430664,87.37000274658203,61.1379508972168,20441500.0
2017-09-18,ABBV,87.47000122070312,87.80999755859375,85.08000183105469,85.31999969482422,59.70343780517578,9656700.0
2017-09-19,ABBV,85.54000091552734,86.66000366210938,85.37999725341797,86.37000274658203,60.438209533691406,7786400.0
2017-09-20,ABBV,86.4000015258789,87.4800033569336,86.25,87.41000366210938,61.16594314575195,6559400.0
2017-09-21,ABBV,87.36000061035156,87.69999694824219,86.66999816894531,87.41000366210938,61.16594314575195,7340300.0
2017-09-22,ABBV,87.22000122070312,87.75,86.7699966430664,87.4800033569336,61.21492385864258,6807000.0
2017-09-25,ABBV,86.91999816894531,87.77999877929688,86.4000015258789,86.56999969482422,60.57814025878906,8287000.0
2017-09-26,ABBV,86.3499984741211,86.91000366210938,85.16000366210938,85.3499984741211,59.72443389892578,5862400.0
2017-09-27,ABBV,85.3499984741211,85.38999938964844,83.19000244140625,84.75,59.304595947265625,6581200.0
2017-09-28,ABBV,86.66999816894531,90.94999694824219,86.37999725341797,88.95999908447266,62.250579833984375,14809300.0
2017-09-29,ABBV,88.69000244140625,89.3499984741211,87.66999816894531,88.86000061035156,62.18058395385742,6769400.0
2017-10-02,ABBV,89.73999786376953,90.41000366210938,88.91000366210938,90.38999938964844,63.25122833251953,6600100.0
2017-10-03,ABBV,90.44000244140625,90.63999938964844,89.0199966430664,89.69999694824219,62.76836395263672,4286900.0
2017-10-04,ABBV,89.5199966430664,90.44000244140625,89.30999755859375,89.9000015258789,62.90834426879883,3251200.0
2017-10-05,ABBV,89.69000244140625,90.55999755859375,89.4800033569336,90.18000030517578,63.104270935058594,4382900.0
2017-10-06,ABBV,90.19999694824219,91.33000183105469,89.94999694824219,90.48999786376953,63.321197509765625,3461800.0
2017-10-09,ABBV,90.56999969482422,91.19000244140625,90.1500015258789,90.77999877929688,63.52413558959961,4331500.0
2017-10-10,ABBV,90.70999908447266,91.22000122070312,89.69999694824219,91.16999816894531,63.79703140258789,3560200.0
2017-10-11,ABBV,91.47000122070312,92.61000061035156,90.97000122070312,92.37999725341797,64.64375305175781,6298500.0
2017-10-12,ABBV,91.7699966430664,91.98999786376953,90.91000366210938,91.41999816894531,64.41827392578125,4818200.0
2017-10-13,ABBV,91.41000366210938,91.8499984741211,90.54000091552734,90.66999816894531,63.88977813720703,6803900.0
2017-10-16,ABBV,91.01000213623047,91.98999786376953,90.55999755859375,91.04000091552734,64.1504898071289,4640300.0
2017-10-17,ABBV,91.08999633789062,92.77999877929688,90.94999694824219,92.16999816894531,64.9467544555664,5280500.0
2017-10-18,ABBV,92.3499984741211,96.44000244140625,92.19999694824219,96.04000091552734,67.6736831665039,10979700.0
2017-10-19,ABBV,95.5,96.62000274658203,94.51000213623047,96.4800033569336,67.98373413085938,9303700.0
2017-10-20,ABBV,96.77999877929688,98.26000213623047,94.88999938964844,96.0999984741211,67.71598815917969,6882600.0
2017-10-23,ABBV,95.93000030517578,96.0,94.44999694824219,94.51000213623047,66.59558868408203,4483900.0
2017-10-24,ABBV,94.0,94.13999938964844,90.7699966430664,91.69000244140625,64.6085205078125,10301100.0
2017-10-25,ABBV,91.77999877929688,92.08000183105469,90.7300033569336,91.7699966430664,64.66488647460938,6924800.0
2017-10-26,ABBV,91.86000061035156,91.86000061035156,85.23999786376953,89.55999755859375,63.10763168334961,10307500.0
2017-10-27,ABBV,92.69999694824219,94.97000122070312,90.75,91.93000030517578,64.77761840820312,9066300.0
2017-10-30,ABBV,91.69999694824219,92.05999755859375,88.91000366210938,90.95999908447266,64.09413146972656,6526200.0
2017-10-31,ABBV,90.87999725341797,91.81999969482422,90.04000091552734,90.25,63.59383773803711,7065600.0
2017-11-01,ABBV,90.77999877929688,93.33999633789062,90.2699966430664,92.44000244140625,65.13700103759766,7048800.0
2017-11-02,ABBV,92.08000183105469,92.33999633789062,90.19000244140625,91.0199966430664,64.13640594482422,4981900.0
2017-11-03,ABBV,91.30000305175781,92.55999755859375,90.91000366210938,92.30999755859375,65.0453872680664,3620800.0
2017-11-06,ABBV,92.22000122070312,93.58000183105469,91.41999816894531,92.95999908447266,65.5033950805664,5633600.0
2017-11-07,ABBV,92.9800033569336,95.68000030517578,92.95999908447266,93.95999908447266,66.2080307006836,7014000.0
2017-11-08,ABBV,94.30999755859375,96.37000274658203,93.83999633789062,95.70999908447266,67.441162109375,6802600.0
2017-11-09,ABBV,95.29000091552734,96.37000274658203,95.26000213623047,95.88999938964844,67.56800842285156,5187000.0
2017-11-10,ABBV,95.3499984741211,95.94000244140625,93.55999755859375,95.43000030517578,67.24388122558594,6170100.0
2017-11-13,ABBV,95.37000274658203,95.41999816894531,94.04000091552734,95.12000274658203,67.02544403076172,4035700.0
2017-11-14,ABBV,94.63999938964844,94.91000366210938,93.12000274658203,94.75,66.76472473144531,4717300.0
2017-11-15,ABBV,94.62999725341797,94.69999694824219,92.72000122070312,93.76000213623047,66.067138671875,4745700.0
2017-11-16,ABBV,94.44000244140625,95.16999816894531,93.27999877929688,94.47000122070312,66.56742858886719,4301600.0
2017-11-17,ABBV,93.80000305175781,94.48999786376953,93.56999969482422,93.61000061035156,65.9614486694336,3386400.0
2017-11-20,ABBV,93.91999816894531,94.30999755859375,92.88999938964844,93.5999984741211,65.95439147949219,4352200.0
2017-11-21,ABBV,93.69999694824219,95.4000015258789,93.5999984741211,94.68000030517578,66.71539306640625,4346200.0
2017-11-22,ABBV,94.69000244140625,95.4000015258789,94.22000122070312,94.47000122070312,66.56742858886719,2560700.0
2017-11-24,ABBV,94.0,94.97000122070312,93.55000305175781,94.72000122070312,66.74359130859375,1932900.0
2017-11-27,ABBV,94.69000244140625,95.62999725341797,94.44000244140625,95.41999816894531,67.23682403564453,3044600.0
2017-11-28,ABBV,95.94000244140625,96.88999938964844,94.83000183105469,95.41999816894531,67.23682403564453,5105400.0
2017-11-29,ABBV,95.76000213623047,96.3499984741211,95.02999877929688,95.81999969482422,67.5186767578125,4081400.0
2017-11-30,ABBV,96.36000061035156,97.52999877929688,96.20999908447266,96.91999816894531,68.29377746582031,7889600.0
2017-12-01,ABBV,97.19000244140625,98.5199966430664,94.30000305175781,96.31999969482422,67.87100219726562,4823200.0
2017-12-04,ABBV,96.37000274658203,96.6500015258789,94.6500015258789,95.22000122070312,67.09587860107422,4934400.0
2017-12-05,ABBV,96.27999877929688,96.72000122070312,95.0,95.41000366210938,67.22978973388672,5553000.0
2017-12-06,ABBV,95.69999694824219,95.79000091552734,93.47000122070312,94.4000015258789,66.5180892944336,5114200.0
2017-12-07,ABBV,94.02999877929688,94.56999969482422,92.9000015258789,94.23999786376953,66.40534973144531,4524500.0
2017-12-08,ABBV,95.68000030517578,96.54000091552734,94.62000274658203,95.94999694824219,67.61028289794922,5297000.0
2017-12-11,ABBV,96.38999938964844,97.30999755859375,95.7699966430664,96.47000122070312,67.97669982910156,4181100.0
2017-12-12,ABBV,95.72000122070312,96.69000244140625,94.76000213623047,96.30000305175781,67.85690307617188,4195200.0
2017-12-13,ABBV,96.5999984741211,98.87000274658203,96.5999984741211,97.3499984741211,68.59678649902344,6148700.0
2017-12-14,ABBV,97.33000183105469,97.44000244140625,95.6500015258789,96.30000305175781,67.85690307617188,3985800.0
2017-12-15,ABBV,96.86000061035156,97.87999725341797,96.63999938964844,97.44999694824219,68.66722869873047,11564700.0
2017-12-18,ABBV,97.66999816894531,99.0999984741211,97.55000305175781,98.19000244140625,69.18867492675781,4768300.0
2017-12-19,ABBV,98.41999816894531,98.55000305175781,97.69999694824219,97.91999816894531,68.99845123291016,2817700.0
2017-12-20,ABBV,97.86000061035156,98.9000015258789,97.22000122070312,97.41000366210938,68.63907623291016,3411900.0
2017-12-21,ABBV,97.81999969482422,98.3499984741211,97.72000122070312,97.91000366210938,68.99137878417969,2249500.0
2017-12-22,ABBV,97.86000061035156,98.69000244140625,97.70999908447266,98.20999908447266,69.20276641845703,2835600.0
2017-12-26,ABBV,98.1500015258789,98.36000061035156,97.05000305175781,97.75,68.87863159179688,2363800.0
2017-12-27,ABBV,97.7300033569336,98.2300033569336,97.44000244140625,98.08999633789062,69.11822509765625,1927300.0
2017-12-28,ABBV,98.19000244140625,98.38999938964844,97.5199966430664,97.79000091552734,68.90682983398438,1870400.0
2017-12-29,ABBV,98.13999938964844,98.43000030517578,96.70999908447266,96.70999908447266,68.14581298828125,3214400.0
2018-01-02,ABBV,97.13999938964844,98.9000015258789,96.75,98.41000366210938,69.34371948242188,4561300.0
2018-01-03,ABBV,98.55000305175781,100.0999984741211,98.04000091552734,99.94999694824219,70.4288330078125,4702300.0
2018-01-04,ABBV,100.06999969482422,100.12000274658203,98.3499984741211,99.37999725341797,70.02718353271484,3579000.0
2018-01-05,ABBV,99.33999633789062,101.19999694824219,98.55999755859375,101.11000061035156,71.24623107910156,4599300.0
2018-01-08,ABBV,101.27999877929688,101.27999877929688,98.18000030517578,99.48999786376953,70.10472106933594,5582000.0
2018-01-09,ABBV,99.48999786376953,100.66000366210938,98.69999694824219,100.23999786376953,70.6332015991211,4055400.0
2018-01-10,ABBV,99.6500015258789,100.19999694824219,99.18000030517578,99.69000244140625,70.24563598632812,4608600.0
2018-01-11,ABBV,99.37000274658203,99.48999786376953,98.55999755859375,99.2699966430664,70.45145416259766,4240900.0
2018-01-12,ABBV,99.33999633789062,100.63999938964844,98.66000366210938,100.33999633789062,71.21082305908203,4372600.0
2018-01-16,ABBV,100.26000213623047,103.0,100.0,102.48999786376953,72.73666381835938,8528600.0
2018-01-17,ABBV,103.0,104.83999633789062,102.55000305175781,104.36000061035156,74.06379699707031,5384900.0
2018-01-18,ABBV,104.29000091552734,104.8499984741211,103.44000244140625,103.80999755859375,73.67346954345703,6371200.0
2018-01-19,ABBV,104.33000183105469,104.87000274658203,103.55000305175781,104.63999938964844,74.26253509521484,4991300.0
2018-01-22,ABBV,104.69999694824219,106.54000091552734,104.45999908447266,106.48999786376953,75.57545471191406,4538100.0
2018-01-23,ABBV,106.16999816894531,106.97000122070312,105.02999877929688,105.37999725341797,74.7876968383789,5095300.0
2018-01-24,ABBV,105.26000213623047,106.2300033569336,104.0999984741211,105.51000213623047,74.87995910644531,4436500.0
2018-01-25,ABBV,105.94999694824219,108.37000274658203,105.73999786376953,108.30000305175781,76.86000061035156,6327500.0
2018-01-26,ABBV,114.5,125.86000061035156,113.5,123.20999908447266,87.44155883789062,19614500.0
2018-01-29,ABBV,121.5,124.1500015258789,118.9800033569336,122.30999755859375,86.80282592773438,10182700.0
2018-01-30,ABBV,119.41999816894531,121.44999694824219,115.87000274658203,115.87999725341797,82.239501953125,11851400.0
2018-01-31,ABBV,116.20999908447266,116.5,111.29000091552734,112.22000122070312,79.64201354980469,15744800.0
2018-02-01,ABBV,112.23999786376953,117.52999877929688,112.2300033569336,116.33999633789062,82.56595611572266,9943500.0
2018-02-02,ABBV,115.5,117.93000030517578,114.91999816894531,115.16999816894531,81.73561096191406,7184400.0
2018-02-05,ABBV,113.0,115.54000091552734,109.4000015258789,109.51000213623047,77.71874237060547,9827800.0
2018-02-06,ABBV,104.91000366210938,113.5199966430664,101.0,111.19999694824219,78.91812896728516,14107800.0
2018-02-07,ABBV,111.5199966430664,116.8499984741211,111.37999725341797,113.62000274658203,80.63558959960938,10030800.0
2018-02-08,ABBV,113.33000183105469,114.0,108.31999969482422,108.4800033569336,76.98776245117188,7212400.0
2018-02-09,ABBV,109.56999969482422,112.75,106.41000366210938,111.30000305175781,78.98909759521484,8909300.0
2018-02-12,ABBV,112.56999969482422,113.33000183105469,110.6500015258789,111.93000030517578,79.43618774414062,4823300.0
2018-02-13,ABBV,111.54000091552734,112.41000366210938,110.38999938964844,111.86000061035156,79.38653564453125,5316200.0
2018-02-14,ABBV,111.04000091552734,113.66999816894531,110.27999877929688,113.08000183105469,80.25233459472656,6189100.0
2018-02-15,ABBV,113.62000274658203,116.33000183105469,112.37999725341797,114.9000015258789,81.54399108886719,7401100.0
2018-02-16,ABBV,115.2300033569336,119.19999694824219,115.19999694824219,118.5999984741211,84.16988372802734,8717000.0
2018-02-20,ABBV,117.72000122070312,121.55000305175781,117.22000122070312,117.9800033569336,83.7298583984375,8751400.0
2018-02-21,ABBV,118.48999786376953,121.30000305175781,117.8499984741211,117.91000366210938,83.68018341064453,5122500.0
2018-02-22,ABBV,118.56999969482422,119.7300033569336,116.58000183105469,117.55999755859375,83.4317855834961,5185700.0
2018-02-23,ABBV,118.41000366210938,119.30999755859375,116.88999938964844,118.75,84.27631378173828,4685700.0
2018-02-26,ABBV,119.2699966430664,121.72000122070312,119.04000091552734,121.54000091552734,86.2563705444336,4473500.0
2018-02-27,ABBV,121.20999908447266,122.0,118.16000366210938,118.26000213623047,83.92858123779297,4754300.0
2018-02-28,ABBV,119.0,120.0,115.77999877929688,115.83000183105469,82.2040023803711,6660000.0
2018-03-01,ABBV,115.91000366210938,116.61000061035156,111.80999755859375,113.83999633789062,80.79171752929688,7148900.0
2018-03-02,ABBV,112.94000244140625,115.47000122070312,111.88999938964844,115.04000091552734,81.64334106445312,5439700.0
2018-03-05,ABBV,114.0,116.31999969482422,112.88999938964844,115.66000366210938,82.0833511352539,3975700.0
2018-03-06,ABBV,116.01000213623047,116.30000305175781,113.83000183105469,114.55999755859375,81.30270385742188,3650500.0
2018-03-07,ABBV,112.58000183105469,114.98999786376953,112.20999908447266,114.72000122070312,81.416259765625,5286200.0
2018-03-08,ABBV,115.0,117.75,114.3499984741211,117.01000213623047,83.04143524169922,6179400.0
2018-03-09,ABBV,117.8499984741211,119.66000366210938,117.66999816894531,119.29000091552734,84.65955352783203,5835600.0
2018-03-12,ABBV,119.4000015258789,119.58999633789062,117.93000030517578,118.30000305175781,83.95694732666016,4892900.0
2018-03-13,ABBV,119.26000213623047,121.44999694824219,118.7300033569336,119.75,84.98601531982422,5403200.0
2018-03-14,ABBV,120.33999633789062,120.66999816894531,117.94999694824219,118.94000244140625,84.41114807128906,3556100.0
2018-03-15,ABBV,119.0,119.5,114.87999725341797,114.93000030517578,81.5652847290039,5812400.0
2018-03-16,ABBV,114.88999938964844,116.7300033569336,113.58999633789062,113.70999908447266,80.699462890625,8879300.0
2018-03-19,ABBV,113.73999786376953,114.9800033569336,110.44000244140625,112.02999877929688,79.50716400146484,8598900.0
2018-03-20,ABBV,112.9000015258789,114.1500015258789,112.08999633789062,112.6500015258789,79.9471664428711,4933800.0
2018-03-21,ABBV,113.08000183105469,113.79000091552734,111.7300033569336,112.44999694824219,79.80523681640625,4618000.0
2018-03-22,ABBV,104.19000244140625,104.5,95.5199966430664,98.0999984741211,69.62110900878906,26861200.0
2018-03-23,ABBV,98.98999786376953,100.31999969482422,97.37000274658203,97.45999908447266,69.16691589355469,14253600.0
2018-03-26,ABBV,99.48999786376953,99.91000366210938,91.76000213623047,95.27999877929688,67.61975860595703,13760600.0
2018-03-27,ABBV,95.5,95.72000122070312,91.12000274658203,92.01000213623047,65.299072265625,10821300.0
2018-03-28,ABBV,92.19000244140625,96.8499984741211,91.58000183105469,94.2699966430664,66.90298461914062,11154200.0
2018-03-29,ABBV,94.5199966430664,95.54000091552734,93.5,94.6500015258789,67.17267608642578,7399400.0
2018-04-02,ABBV,94.0,94.63999938964844,90.30000305175781,91.45999908447266,64.90873718261719,7816500.0
2018-04-03,ABBV,92.33999633789062,92.45999908447266,88.22000122070312,90.58999633789062,64.29129028320312,10449200.0
2018-04-04,ABBV,88.70999908447266,93.41000366210938,88.62999725341797,92.94000244140625,65.9590835571289,8841700.0
2018-04-05,ABBV,93.06999969482422,93.2699966430664,91.6500015258789,92.20999908447266,65.44098663330078,7045000.0
2018-04-06,ABBV,91.44999694824219,92.7699966430664,88.79000091552734,89.77999877929688,63.7164421081543,6761200.0
2018-04-09,ABBV,91.38999938964844,93.37999725341797,90.41999816894531,90.4800033569336,64.2132339477539,8302100.0
2018-04-10,ABBV,91.5,94.38999938964844,90.93000030517578,93.62000274658203,66.44165802001953,6253700.0
2018-04-11,ABBV,92.58000183105469,94.4800033569336,92.4000015258789,93.63999938964844,66.45586395263672,7135700.0
2018-04-12,ABBV,93.70999908447266,93.70999908447266,92.06999969482422,92.12000274658203,66.0543212890625,6402500.0
2018-04-13,ABBV,92.62999725341797,92.63999938964844,91.08999633789062,91.83000183105469,65.84639739990234,4630000.0
2018-04-16,ABBV,92.88999938964844,93.48999786376953,92.30999755859375,92.5999984741211,66.39852142333984,3922500.0
2018-04-17,ABBV,93.19999694824219,94.01000213623047,92.62000274658203,93.58999633789062,67.10838317871094,4474700.0
2018-04-18,ABBV,94.0,94.5999984741211,93.0199966430664,94.31999969482422,67.63182830810547,5289700.0
2018-04-19,ABBV,94.43000030517578,94.52999877929688,91.4000015258789,93.01000213623047,66.69248962402344,4972900.0
2018-04-20,ABBV,93.41000366210938,93.80000305175781,92.0199966430664,92.5999984741211,66.39852142333984,4754800.0
2018-04-23,ABBV,92.93000030517578,93.80000305175781,92.7300033569336,93.16999816894531,66.8072280883789,4716300.0
2018-04-24,ABBV,92.94999694824219,93.4800033569336,90.44000244140625,91.36000061035156,65.5093765258789,6378300.0
2018-04-25,ABBV,90.95999908447266,92.27999877929688,90.5199966430664,91.87000274658203,65.87506103515625,5487800.0
2018-04-26,ABBV,94.0,98.55000305175781,93.58000183105469,97.44000244140625,69.86901092529297,12594400.0
2018-04-27,ABBV,97.44000244140625,99.3499984741211,96.37000274658203,98.7300033569336,70.79400634765625,6117600.0
2018-04-30,ABBV,99.05000305175781,99.41999816894531,96.5199966430664,96.55000305175781,69.23084259033203,7449400.0
2018-05-01,ABBV,102.0999984741211,103.37000274658203,101.18000030517578,102.06999969482422,73.18893432617188,11910500.0
2018-05-02,ABBV,101.16999816894531,101.76000213623047,99.95999908447266,100.37000274658203,71.96996307373047,7625600.0
2018-05-03,ABBV,100.19999694824219,100.7699966430664,98.7699966430664,100.27999877929688,71.90542602539062,7699500.0
2018-05-04,ABBV,99.9000015258789,100.93000030517578,99.12000274658203,100.16999816894531,71.8265609741211,5224400.0
2018-05-07,ABBV,100.75,101.2699966430664,99.23999786376953,99.62999725341797,71.4393310546875,6151500.0
2018-05-08,ABBV,99.12999725341797,99.77999877929688,98.69999694824219,99.4000015258789,71.27442169189453,7620900.0
2018-05-09,ABBV,99.44000244140625,102.04000091552734,98.9000015258789,101.18000030517578,72.5507583618164,5665600.0
2018-05-10,ABBV,102.58000183105469,103.80999755859375,101.93000030517578,102.8499984741211,73.74822998046875,5369700.0
2018-05-11,ABBV,103.45999908447266,104.69000244140625,102.04000091552734,104.18000030517578,74.70189666748047,6358900.0
2018-05-14,ABBV,104.4000015258789,106.30000305175781,104.33000183105469,105.88999938964844,75.92804718017578,8471700.0
2018-05-15,ABBV,105.37999725341797,105.55999755859375,103.58999633789062,104.18000030517578,74.70189666748047,8387600.0
2018-05-16,ABBV,104.45999908447266,105.6500015258789,104.19999694824219,105.04000091552734,75.31855773925781,8296700.0
2018-05-17,ABBV,105.0999984741211,105.41000366210938,104.20999908447266,105.31999969482422,75.51932525634766,6702900.0
2018-05-18,ABBV,105.2699966430664,106.77999877929688,105.11000061035156,105.9800033569336,75.99258422851562,5328000.0
2018-05-21,ABBV,107.0,107.25,105.94999694824219,106.2300033569336,76.17184448242188,5797300.0
2018-05-22,ABBV,106.55000305175781,107.23999786376953,106.0999984741211,106.2300033569336,76.17184448242188,9456800.0
2018-05-23,ABBV,105.8499984741211,106.31999969482422,104.73999786376953,105.5999984741211,75.72012329101562,12816600.0
2018-05-24,ABBV,104.55000305175781,104.55000305175781,101.61000061035156,103.13999938964844,73.95618438720703,13164500.0
2018-05-25,ABBV,102.29000091552734,103.13999938964844,99.55000305175781,101.08000183105469,72.47906494140625,25301700.0
2018-05-29,ABBV,100.2699966430664,101.58999633789062,98.93000030517578,99.47000122070312,71.3246078491211,25494700.0
2018-05-30,ABBV,101.86000061035156,103.16000366210938,100.83000183105469,103.01000213623047,73.86296844482422,31273400.0
2018-05-31,ABBV,100.93000030517578,101.0999984741211,98.5,98.94000244140625,70.94459533691406,18910900.0
2018-06-01,ABBV,97.93000030517578,99.43000030517578,97.9000015258789,98.05000305175781,70.306396484375,14837300.0
2018-06-04,ABBV,98.4800033569336,99.45999908447266,97.62000274658203,99.0999984741211,71.0593032836914,10922500.0
2018-06-05,ABBV,99.11000061035156,100.33999633789062,98.76000213623047,99.23999786376953,71.1596908569336,10199000.0
2018-06-06,ABBV,99.25,99.98999786376953,98.31999969482422,99.9800033569336,71.69031524658203,4933500.0
2018-06-07,ABBV,100.25,100.33000183105469,98.87000274658203,99.31999969482422,71.21705627441406,5092500.0
2018-06-08,ABBV,99.27999877929688,100.5,99.0,100.43000030517578,72.01296997070312,4012900.0
2018-06-11,ABBV,100.55999755859375,101.08000183105469,99.41000366210938,99.7699966430664,71.53973388671875,5770100.0
2018-06-12,ABBV,99.80000305175781,100.12000274658203,98.73999786376953,98.91000366210938,70.92305755615234,8060400.0
2018-06-13,ABBV,98.91999816894531,99.2300033569336,97.51000213623047,97.58000183105469,69.96939086914062,7816200.0
2018-06-14,ABBV,98.37999725341797,98.91999816894531,97.75,98.75,70.80833435058594,4648700.0
2018-06-15,ABBV,98.7699966430664,99.87000274658203,98.0,99.56999969482422,71.39631652832031,20806200.0
2018-06-18,ABBV,99.1500015258789,99.33000183105469,98.30999755859375,98.4800033569336,70.61475372314453,6425600.0
2018-06-19,ABBV,97.88999938964844,98.37999725341797,96.93000030517578,98.01000213623047,70.2777099609375,5528300.0
2018-06-20,ABBV,98.22000122070312,99.55000305175781,97.83999633789062,98.25,70.4498291015625,5842700.0
2018-06-21,ABBV,97.70999908447266,97.98999786376953,95.26000213623047,95.55000305175781,68.51380157470703,7225000.0
2018-06-22,ABBV,96.05999755859375,96.11000061035156,93.43000030517578,93.48999786376953,67.03666687011719,9454800.0
2018-06-25,ABBV,93.47000122070312,94.37999725341797,92.0999984741211,93.05000305175781,66.7211685180664,5573100.0
2018-06-26,ABBV,93.36000061035156,93.86000061035156,92.08000183105469,92.12000274658203,66.0543212890625,5117100.0
2018-06-27,ABBV,92.36000061035156,93.2699966430664,91.47000122070312,91.51000213623047,65.61693572998047,5833000.0
2018-06-28,ABBV,91.33999633789062,92.61000061035156,90.80999755859375,92.43000030517578,66.276611328125,6698900.0
2018-06-29,ABBV,92.83999633789062,94.45999908447266,92.55999755859375,92.6500015258789,66.43437957763672,6787900.0
2018-07-02,ABBV,92.05999755859375,93.30000305175781,91.8499984741211,93.11000061035156,66.76421356201172,3854500.0
2018-07-03,ABBV,93.58000183105469,94.37000274658203,93.12000274658203,93.61000061035156,67.12271881103516,2452400.0
2018-07-05,ABBV,94.45999908447266,95.05999755859375,93.94999694824219,94.4800033569336,67.74653625488281,4744000.0
2018-07-06,ABBV,95.19999694824219,97.06999969482422,94.95999908447266,96.91999816894531,69.49615478515625,5867400.0
2018-07-09,ABBV,97.9800033569336,98.3499984741211,96.91999816894531,97.04000091552734,69.58219909667969,5953100.0
2018-07-10,ABBV,97.11000061035156,98.94999694824219,96.68000030517578,98.83999633789062,70.87286376953125,5119900.0
2018-07-11,ABBV,96.26000213623047,97.5,94.87000274658203,94.95999908447266,68.09073638916016,6230000.0
2018-07-12,ABBV,94.91999816894531,95.66999816894531,94.0999984741211,95.61000061035156,69.25697326660156,4672000.0
2018-07-13,ABBV,94.95999908447266,96.86000061035156,94.94000244140625,96.62999725341797,69.9958267211914,3712400.0
2018-07-16,ABBV,96.76000213623047,96.81999969482422,95.26000213623047,96.25,69.72056579589844,3783500.0
2018-07-17,ABBV,96.2699966430664,97.16999816894531,95.33000183105469,95.41000366210938,69.11209869384766,5107500.0
2018-07-18,ABBV,95.2699966430664,95.43000030517578,94.33000183105469,94.4000015258789,68.38050842285156,5521900.0
2018-07-19,ABBV,93.22000122070312,93.27999877929688,87.76000213623047,89.94999694824219,65.15702056884766,19747200.0
2018-07-20,ABBV,88.70999908447266,89.63999938964844,86.76000213623047,88.91000366210938,64.40370178222656,11791900.0
2018-07-23,ABBV,89.16999816894531,89.98999786376953,88.63999938964844,89.4000015258789,64.7586441040039,6316800.0
2018-07-24,ABBV,90.51000213623047,91.61000061035156,89.75,91.54000091552734,66.30880737304688,7965000.0
2018-07-25,ABBV,91.08000183105469,93.51000213623047,91.08000183105469,93.12000274658203,67.45328521728516,7494300.0
2018-07-26,ABBV,93.94999694824219,94.55999755859375,92.54000091552734,93.94000244140625,68.04728698730469,6812400.0
2018-07-27,ABBV,91.33999633789062,92.2699966430664,88.7699966430664,90.55999755859375,65.5988998413086,12905800.0
2018-07-30,ABBV,90.66999816894531,91.54000091552734,89.37999725341797,91.44999694824219,66.24359130859375,6466000.0
2018-07-31,ABBV,91.6500015258789,92.62999725341797,91.33000183105469,92.2300033569336,66.8086166381836,8691800.0
2018-08-01,ABBV,92.29000091552734,94.4800033569336,92.27999877929688,93.91000366210938,68.02555847167969,5330400.0
2018-08-02,ABBV,93.58000183105469,95.86000061035156,93.41000366210938,95.12000274658203,68.90203094482422,6023200.0
2018-08-03,ABBV,94.88999938964844,96.8499984741211,94.81999969482422,96.52999877929688,69.92337036132812,4876100.0
2018-08-06,ABBV,96.26000213623047,97.55000305175781,95.73999786376953,97.05999755859375,70.30729675292969,5134200.0
2018-08-07,ABBV,97.30000305175781,98.3499984741211,93.73999786376953,94.05999755859375,68.13419342041016,8890900.0
2018-08-08,ABBV,93.5199966430664,94.08000183105469,92.87000274658203,93.7300033569336,67.89514923095703,4535100.0
2018-08-09,ABBV,94.19999694824219,96.13999938964844,93.47000122070312,95.47000122070312,69.15555572509766,6176100.0
2018-08-10,ABBV,95.3499984741211,96.73999786376953,95.30999755859375,95.80000305175781,69.39460754394531,4446800.0
2018-08-13,ABBV,96.0,97.58000183105469,95.80999755859375,96.77999877929688,70.10450744628906,5920000.0
2018-08-14,ABBV,96.72000122070312,97.3499984741211,95.73999786376953,95.91999816894531,69.48150634765625,5580800.0
2018-08-15,ABBV,95.91999816894531,97.79000091552734,95.61000061035156,97.44999694824219,70.58981323242188,6861500.0
2018-08-16,ABBV,97.83999633789062,98.6500015258789,97.05999755859375,98.22000122070312,71.14756774902344,6332900.0
2018-08-17,ABBV,98.22000122070312,99.1500015258789,96.41999816894531,98.80999755859375,71.574951171875,6307300.0
2018-08-20,ABBV,99.33000183105469,100.2300033569336,97.47000122070312,97.62999725341797,70.72019958496094,6172500.0
2018-08-21,ABBV,97.86000061035156,98.05000305175781,96.80000305175781,97.73999786376953,70.79984283447266,3528400.0
2018-08-22,ABBV,97.83999633789062,98.31999969482422,97.12999725341797,97.63999938964844,70.72742462158203,2963300.0
2018-08-23,ABBV,97.69000244140625,97.8499984741211,96.88999938964844,97.1500015258789,70.37249755859375,2137500.0
2018-08-24,ABBV,97.13999938964844,97.58999633789062,96.55000305175781,97.4000015258789,70.55360412597656,2996100.0
2018-08-27,ABBV,98.11000061035156,98.30000305175781,97.30000305175781,98.0199966430664,71.00270080566406,2456000.0
2018-08-28,ABBV,97.79000091552734,98.69999694824219,97.0999984741211,97.26000213623047,70.45217895507812,3515400.0
2018-08-29,ABBV,97.43000030517578,97.83000183105469,96.02999877929688,97.58000183105469,70.68397521972656,3637100.0
2018-08-30,ABBV,97.5,97.7300033569336,96.55999755859375,96.79000091552734,70.11173248291016,3434400.0
2018-08-31,ABBV,96.25,96.69000244140625,95.72000122070312,95.9800033569336,69.52498626708984,4703100.0
2018-09-04,ABBV,95.97000122070312,95.97000122070312,94.08000183105469,94.55999755859375,68.49639129638672,4456100.0
2018-09-05,ABBV,94.33999633789062,95.25,94.08999633789062,95.19000244140625,68.95272064208984,5188800.0
2018-09-06,ABBV,94.79000091552734,95.08000183105469,92.79000091552734,93.73999786376953,67.90239715576172,5416300.0
2018-09-07,ABBV,93.6500015258789,94.3499984741211,91.5999984741211,94.16999816894531,68.2138671875,4051700.0
2018-09-10,ABBV,94.9800033569336,95.16999816894531,93.69999694824219,93.81999969482422,67.96035766601562,3156800.0
2018-09-11,ABBV,93.72000122070312,93.7300033569336,92.87999725341797,93.18000030517578,67.49676513671875,2638500.0
2018-09-12,ABBV,92.38999938964844,93.94000244140625,92.04000091552734,93.23999786376953,67.54020690917969,3304700.0
2018-09-13,ABBV,93.41999816894531,96.37000274658203,93.41000366210938,96.33000183105469,69.77851867675781,4850700.0
2018-09-14,ABBV,96.29000091552734,96.4000015258789,94.91999816894531,95.68000030517578,69.30766296386719,3446000.0
2018-09-17,ABBV,95.4000015258789,96.16000366210938,94.80000305175781,95.37000274658203,69.08312225341797,3987200.0
2018-09-18,ABBV,95.3499984741211,96.05999755859375,92.41000366210938,92.61000061035156,67.08386993408203,10240500.0
2018-09-19,ABBV,91.70999908447266,92.23999786376953,90.4000015258789,91.0199966430664,65.93211364746094,8451400.0
2018-09-20,ABBV,91.43000030517578,93.12000274658203,90.62000274658203,92.68000030517578,67.13455963134766,5991200.0
2018-09-21,ABBV,92.8499984741211,93.33000183105469,92.05000305175781,92.26000213623047,66.8303451538086,9953500.0
2018-09-24,ABBV,92.30000305175781,93.9800033569336,91.94999694824219,93.41999816894531,67.67060089111328,5910300.0
2018-09-25,ABBV,93.4800033569336,94.63999938964844,93.4000015258789,93.77999877929688,67.9313735961914,5303900.0
2018-09-26,ABBV,94.29000091552734,95.11000061035156,93.8499984741211,94.18000030517578,68.22112274169922,4656200.0
2018-09-27,ABBV,94.3499984741211,94.88999938964844,93.95999908447266,94.13999938964844,68.192138671875,3028600.0
2018-09-28,ABBV,94.0,95.16000366210938,93.83999633789062,94.58000183105469,68.51087188720703,4527900.0
2018-10-01,ABBV,94.73999786376953,95.63999938964844,94.33000183105469,95.0,68.81510925292969,3763800.0
2018-10-02,ABBV,95.33999633789062,95.3499984741211,93.47000122070312,94.2300033569336,68.25733947753906,6792200.0
2018-10-03,ABBV,94.63999938964844,96.5999984741211,94.5999984741211,96.01000213623047,69.54671478271484,4796800.0
2018-10-04,ABBV,95.80999755859375,95.80999755859375,93.26000213623047,93.83999633789062,67.9748306274414,4425400.0
2018-10-05,ABBV,94.0999984741211,95.2699966430664,92.91000366210938,94.37999725341797,68.36601257324219,4190100.0
2018-10-08,ABBV,94.06999969482422,95.37000274658203,93.75,94.80999755859375,68.67748260498047,3305500.0
2018-10-09,ABBV,94.70999908447266,95.26000213623047,93.80000305175781,94.56999969482422,68.50363159179688,3625600.0
2018-10-10,ABBV,93.8499984741211,95.38999938964844,92.98999786376953,93.08000183105469,67.42432403564453,5310800.0
2018-10-11,ABBV,93.0,93.37999725341797,89.61000061035156,90.69999694824219,65.70032501220703,9994400.0
2018-10-12,ABBV,90.70999908447266,91.08000183105469,88.9000015258789,90.69000244140625,66.39582824707031,5709600.0
2018-10-15,ABBV,90.51000213623047,90.5999984741211,89.18000030517578,89.18000030517578,65.29034423828125,4827900.0
2018-10-16,ABBV,89.77999877929688,91.9800033569336,89.52999877929688,91.91000366210938,67.28903198242188,3787100.0
2018-10-17,ABBV,91.81999969482422,92.41000366210938,90.83000183105469,92.2699966430664,67.55256652832031,2857400.0
2018-10-18,ABBV,91.8499984741211,92.4000015258789,89.22000122070312,89.9000015258789,65.81745910644531,4422300.0
2018-10-19,ABBV,89.26000213623047,89.98999786376953,87.97000122070312,87.97000122070312,64.40447235107422,7059400.0
2018-10-22,ABBV,88.52999877929688,88.52999877929688,83.5,84.2699966430664,61.69560623168945,7621100.0
2018-10-23,ABBV,82.58000183105469,84.58999633789062,81.5,82.95999908447266,60.7365608215332,8096200.0
2018-10-24,ABBV,82.83999633789062,83.12999725341797,79.26000213623047,79.41000366210938,58.13754653930664,8689100.0
2018-10-25,ABBV,80.4000015258789,83.19000244140625,79.66000366210938,81.7300033569336,59.836055755615234,9173500.0
2018-10-26,ABBV,81.0199966430664,81.52999877929688,79.43000030517578,80.79000091552734,59.14784622192383,6181500.0
2018-10-29,ABBV,82.1500015258789,83.16999816894531,79.94000244140625,81.36000061035156,59.56516647338867,4343900.0
2018-10-30,ABBV,81.93000030517578,82.87999725341797,80.12999725341797,81.58999633789062,59.733558654785156,5243100.0
2018-10-31,ABBV,80.9800033569336,81.58000183105469,77.73999786376953,77.8499984741211,56.99542999267578,14068500.0
2018-11-01,ABBV,77.70999908447266,80.6500015258789,77.5,80.20999908447266,58.72322463989258,10671700.0
2018-11-02,ABBV,84.18000030517578,84.41999816894531,78.76000213623047,79.55999755859375,58.247344970703125,12781500.0
2018-11-05,ABBV,79.44999694824219,83.83000183105469,79.2699966430664,82.58000183105469,60.4583625793457,10315600.0
2018-11-06,ABBV,82.7300033569336,84.2300033569336,82.30999755859375,83.66000366210938,61.2490348815918,7945500.0
2018-11-07,ABBV,84.1500015258789,87.22000122070312,84.13999938964844,86.95999908447266,63.6650276184082,10378000.0
2018-11-08,ABBV,87.12999725341797,89.70999908447266,87.0,87.7300033569336,64.228759765625,9333200.0
2018-11-09,ABBV,87.83000183105469,89.52999877929688,87.55999755859375,88.79000091552734,65.00481414794922,9169800.0
2018-11-12,ABBV,88.75,89.88999938964844,88.5,89.69000244140625,65.66371154785156,9344700.0
2018-11-13,ABBV,90.0,90.87999725341797,88.19999694824219,88.22000122070312,64.58749389648438,7237200.0
2018-11-14,ABBV,89.05000305175781,89.4000015258789,86.44999694824219,88.30999755859375,64.65340423583984,7268200.0
2018-11-15,ABBV,87.62999725341797,90.29000091552734,85.95999908447266,90.13999938964844,65.9931869506836,10365700.0
2018-11-16,ABBV,89.7300033569336,92.0,89.19999694824219,91.52999877929688,67.01080322265625,8691100.0
2018-11-19,ABBV,91.29000091552734,92.33999633789062,89.11000061035156,89.4800033569336,65.50995635986328,5971700.0
2018-11-20,ABBV,89.0,89.70999908447266,87.86000061035156,88.08999633789062,64.49232482910156,5372900.0
2018-11-21,ABBV,88.5,88.77999877929688,85.37000274658203,86.1500015258789,63.07201385498047,6532500.0
2018-11-23,ABBV,85.5999984741211,86.55000305175781,84.9000015258789,85.62999725341797,62.69129943847656,1612800.0
2018-11-26,ABBV,86.38999938964844,87.25,85.20999908447266,86.23999786376953,63.13788604736328,5227900.0
2018-11-27,ABBV,86.22000122070312,87.69999694824219,85.5,87.68000030517578,64.19216918945312,4338300.0
2018-11-28,ABBV,88.04000091552734,88.95999908447266,86.55999755859375,88.94000244140625,65.11461639404297,3953600.0
2018-11-29,ABBV,89.01000213623047,90.33000183105469,88.36000061035156,89.91000366210938,65.82477569580078,3838000.0
2018-11-30,ABBV,90.26000213623047,94.2699966430664,89.87000274658203,94.2699966430664,69.01680755615234,12031700.0
2018-12-03,ABBV,94.31999969482422,94.72000122070312,92.81999969482422,93.66000366210938,68.57022094726562,6673900.0
2018-12-04,ABBV,93.91999816894531,94.9800033569336,90.4000015258789,90.55000305175781,66.29331970214844,7008400.0
2018-12-06,ABBV,89.69999694824219,90.4800033569336,87.16999816894531,90.33000183105469,66.13227081298828,8734300.0
2018-12-07,ABBV,89.93000030517578,90.0,86.37000274658203,86.95999908447266,63.6650276184082,6737700.0
2018-12-10,ABBV,86.66999816894531,87.87999725341797,84.5999984741211,87.61000061035156,64.14088439941406,5229400.0
2018-12-11,ABBV,88.62000274658203,89.44000244140625,86.66000366210938,88.16999816894531,64.55087280273438,5098100.0
2018-12-12,ABBV,89.31999969482422,90.16999816894531,88.36000061035156,88.5999984741211,64.86571502685547,4185100.0
2018-12-13,ABBV,89.37000274658203,89.98999786376953,87.37000274658203,87.70999908447266,64.21412658691406,4078600.0
2018-12-14,ABBV,86.80000305175781,87.16000366210938,85.08000183105469,85.61000061035156,62.67667007446289,5461600.0
2018-12-17,ABBV,85.06999969482422,86.87999725341797,84.19999694824219,84.93000030517578,62.1788330078125,5958200.0
2018-12-18,ABBV,85.45999908447266,85.5,82.80000305175781,83.58000183105469,61.19047164916992,5288600.0
2018-12-19,ABBV,84.33000183105469,86.30000305175781,82.6500015258789,83.5199966430664,61.14653396606445,5510800.0
2018-12-20,ABBV,82.98999786376953,86.4800033569336,82.41000366210938,85.37000274658203,62.500946044921875,9453300.0
2018-12-21,ABBV,84.62999725341797,88.70999908447266,83.22000122070312,84.91999816894531,62.17151641845703,16044700.0
2018-12-24,ABBV,84.8499984741211,86.44000244140625,83.5999984741211,84.16000366210938,61.61511993408203,5097900.0
2018-12-26,ABBV,84.73999786376953,89.08999633789062,84.62000274658203,89.04000091552734,65.18782043457031,6225000.0
2018-12-27,ABBV,87.94999694824219,89.93000030517578,86.86000061035156,89.91000366210938,65.82477569580078,7272800.0
2018-12-28,ABBV,90.08999633789062,92.81999969482422,90.0,91.12000274658203,66.71063995361328,6037700.0
2018-12-31,ABBV,91.5999984741211,92.98999786376953,91.2300033569336,92.19000244140625,67.49401092529297,5722100.0
2019-01-02,ABBV,91.23999786376953,91.26000213623047,88.41999816894531,89.2300033569336,65.3269271850586,6908400.0
2019-01-03,ABBV,88.63999938964844,88.80000305175781,86.08000183105469,86.29000091552734,63.17450714111328,7653200.0
2019-01-04,ABBV,87.75,89.13999938964844,86.2699966430664,89.06999969482422,65.20978546142578,8910600.0
2019-01-07,ABBV,90.06999969482422,90.76000213623047,89.19999694824219,90.37000274658203,66.16155242919922,7281500.0
2019-01-08,ABBV,91.19999694824219,92.30000305175781,90.4000015258789,90.79000091552734,66.46903991699219,7478300.0
2019-01-09,ABBV,90.87999725341797,91.38999938964844,87.45999908447266,87.80999755859375,64.2873306274414,9971900.0
2019-01-10,ABBV,87.87999725341797,88.87999725341797,87.12000274658203,88.19999694824219,64.57284545898438,6527700.0
2019-01-11,ABBV,87.54000091552734,88.30999755859375,87.54000091552734,88.30999755859375,64.65340423583984,5318100.0
2019-01-14,ABBV,86.97000122070312,86.97000122070312,84.48999786376953,84.76000213623047,62.81545639038086,6368500.0
2019-01-15,ABBV,84.93000030517578,85.68000030517578,84.44999694824219,85.5,63.36388397216797,7295500.0
2019-01-16,ABBV,85.66000366210938,86.38999938964844,85.44999694824219,85.55000305175781,63.40092849731445,4927000.0
2019-01-17,ABBV,85.54000091552734,87.69000244140625,85.41999816894531,87.19999694824219,64.62373352050781,6438700.0
2019-01-18,ABBV,88.44999694824219,89.79000091552734,86.91999816894531,89.5,66.3282699584961,6190000.0
2019-01-22,ABBV,88.86000061035156,89.36000061035156,87.9000015258789,88.66000366210938,65.70574951171875,5664600.0
2019-01-23,ABBV,88.83999633789062,89.27999877929688,87.69999694824219,88.44999694824219,65.55010223388672,4969300.0
2019-01-24,ABBV,88.33000183105469,88.44000244140625,85.0999984741211,85.87999725341797,63.6454963684082,8372600.0
2019-01-25,ABBV,82.51000213623047,82.61000061035156,79.43000030517578,80.54000091552734,59.68802261352539,21308600.0
2019-01-28,ABBV,80.0,80.0999984741211,76.68000030517578,77.13999938964844,57.16828536987305,14718800.0
2019-01-29,ABBV,77.02999877929688,78.16000366210938,75.7699966430664,77.47000122070312,57.412864685058594,13909000.0
2019-01-30,ABBV,77.69000244140625,79.19000244140625,76.9800033569336,79.05999755859375,58.591190338134766,9277200.0
2019-01-31,ABBV,78.94999694824219,81.30999755859375,78.70999908447266,80.29000091552734,59.50275802612305,11563900.0
2019-02-01,ABBV,80.25,80.7300033569336,79.11000061035156,80.5,59.658382415771484,6759500.0
2019-02-04,ABBV,80.30000305175781,80.36000061035156,77.5199966430664,78.52999877929688,58.19841003417969,10205600.0
2019-02-05,ABBV,78.55999755859375,80.05999755859375,78.22000122070312,79.69000244140625,59.05808639526367,7965500.0
2019-02-06,ABBV,79.5999984741211,79.88999938964844,78.79000091552734,79.08000183105469,58.606040954589844,4907200.0
2019-02-07,ABBV,78.3499984741211,79.22000122070312,77.80999755859375,79.16999816894531,58.67272186279297,5877500.0
2019-02-08,ABBV,79.02999877929688,79.86000061035156,78.88999938964844,79.66999816894531,59.04328536987305,4598900.0
2019-02-11,ABBV,79.88999938964844,80.18000030517578,79.16999816894531,79.7699966430664,59.11738586425781,4803500.0
2019-02-12,ABBV,79.98999786376953,80.12000274658203,78.56999969482422,79.93000030517578,59.23595428466797,6620100.0
2019-02-13,ABBV,80.33999633789062,81.31999969482422,80.29000091552734,80.79000091552734,59.873313903808594,4237200.0
2019-02-14,ABBV,80.44999694824219,80.68000030517578,79.72000122070312,80.5199966430664,59.6732063293457,3436300.0
2019-02-15,ABBV,81.12999725341797,81.69999694824219,80.16000366210938,80.8499984741211,59.917781829833984,6295400.0
2019-02-19,ABBV,80.5,81.5199966430664,80.2300033569336,80.5199966430664,59.6732063293457,5674700.0
2019-02-20,ABBV,80.52999877929688,80.5999984741211,79.13999938964844,79.98999786376953,59.28042984008789,5564100.0
2019-02-21,ABBV,79.73999786376953,79.91000366210938,78.0999984741211,78.75,58.36146926879883,6360800.0
2019-02-22,ABBV,79.16000366210938,80.19000244140625,78.23999786376953,80.0199966430664,59.302642822265625,5022700.0
2019-02-25,ABBV,80.45999908447266,80.62000274658203,79.87999725341797,80.29000091552734,59.50275802612305,5511800.0
2019-02-26,ABBV,80.19999694824219,80.86000061035156,80.0199966430664,80.51000213623047,59.66580581665039,4283100.0
2019-02-27,ABBV,80.13999938964844,80.13999938964844,78.80000305175781,79.41000366210938,58.850616455078125,4175500.0
2019-02-28,ABBV,79.45999908447266,79.70999908447266,78.75,79.23999786376953,58.724605560302734,6310800.0
2019-03-01,ABBV,79.7699966430664,80.8499984741211,79.27999877929688,80.0999984741211,59.361961364746094,8567900.0
2019-03-04,ABBV,80.4000015258789,80.7300033569336,79.11000061035156,79.45999908447266,58.887638092041016,5872500.0
2019-03-05,ABBV,79.37999725341797,79.9000015258789,78.72000122070312,78.91000366210938,58.48004150390625,5933100.0
2019-03-06,ABBV,79.12999725341797,79.12999725341797,77.55999755859375,78.08999633789062,57.87234115600586,5293200.0
2019-03-07,ABBV,77.7699966430664,79.12000274658203,77.44000244140625,78.23999786376953,57.9835090637207,6642500.0
2019-03-08,ABBV,77.66999816894531,78.04000091552734,77.08999633789062,77.58000183105469,57.494388580322266,6189100.0
2019-03-11,ABBV,77.56999969482422,78.30999755859375,77.2699966430664,78.08000183105469,57.86492156982422,8078100.0
2019-03-12,ABBV,78.4800033569336,79.13999938964844,78.05000305175781,78.73999786376953,58.354061126708984,6128800.0
2019-03-13,ABBV,78.91999816894531,79.30000305175781,78.1500015258789,78.93000030517578,58.49485397338867,5984500.0
2019-03-14,ABBV,79.0,80.4000015258789,78.41000366210938,79.94999694824219,59.25077438354492,6161800.0
2019-03-15,ABBV,80.05999755859375,81.45999908447266,79.11000061035156,81.33999633789062,60.28091049194336,12751100.0
2019-03-18,ABBV,81.33999633789062,81.75,80.27999877929688,80.6500015258789,59.769569396972656,5550100.0
2019-03-19,ABBV,80.33000183105469,81.29000091552734,79.51000213623047,80.81999969482422,59.89554977416992,6335500.0
2019-03-20,ABBV,80.72000122070312,80.91000366210938,80.05999755859375,80.43000030517578,59.60651779174805,5360900.0
2019-03-21,ABBV,79.87999725341797,81.30999755859375,79.26000213623047,81.23999786376953,60.20679473876953,5159200.0
2019-03-22,ABBV,80.77999877929688,81.98999786376953,79.69000244140625,79.76000213623047,59.10997772216797,4992500.0
2019-03-25,ABBV,79.5,80.04000091552734,78.41000366210938,79.51000213623047,58.924705505371094,4008400.0
2019-03-26,ABBV,79.8499984741211,81.19000244140625,79.80000305175781,80.76000213623047,59.85106658935547,4921900.0
2019-03-27,ABBV,81.0,81.0,79.80000305175781,79.88999938964844,59.206302642822266,4006200.0
2019-03-28,ABBV,80.33000183105469,80.48999786376953,79.5,79.95999908447266,59.25820541381836,3071000.0
2019-03-29,ABBV,80.08000183105469,80.9000015258789,79.95999908447266,80.58999633789062,59.72508239746094,7105900.0
2019-04-01,ABBV,80.9800033569336,81.11000061035156,79.97000122070312,80.77999877929688,59.86589431762695,4759400.0
2019-04-02,ABBV,80.88999938964844,83.48999786376953,80.80000305175781,83.06999969482422,61.56301498413086,6355800.0
2019-04-03,ABBV,83.62000274658203,84.7300033569336,82.79000091552734,83.08000183105469,61.57041931152344,6083500.0
2019-04-04,ABBV,83.04000091552734,83.37999725341797,82.06999969482422,82.80999755859375,61.37034225463867,4827900.0
2019-04-05,ABBV,82.81999969482422,84.18000030517578,82.66999816894531,83.44999694824219,61.84462356567383,3996300.0
2019-04-08,ABBV,83.69999694824219,84.0,82.77999877929688,83.9800033569336,62.23741912841797,3499200.0
2019-04-09,ABBV,83.7699966430664,83.77999877929688,82.5,82.69000244140625,61.2813835144043,3712700.0
2019-04-10,ABBV,83.19999694824219,83.37999725341797,82.5999984741211,82.94999694824219,61.47407913208008,3641900.0
2019-04-11,ABBV,83.19999694824219,83.25,81.2300033569336,81.7699966430664,60.599578857421875,9094200.0
2019-04-12,ABBV,80.66999816894531,81.80999755859375,79.83999633789062,80.77999877929688,60.6596565246582,5011500.0
2019-04-15,ABBV,80.95999908447266,81.51000213623047,80.37000274658203,81.02999877929688,60.84738540649414,3495500.0
2019-04-16,ABBV,81.11000061035156,81.30000305175781,80.0199966430664,80.20999908447266,60.23162078857422,3624700.0
2019-04-17,ABBV,80.0999984741211,80.19999694824219,77.55000305175781,77.9800033569336,58.557071685791016,6817100.0
2019-04-18,ABBV,78.05999755859375,78.20999908447266,76.80999755859375,77.56999969482422,58.24919509887695,7784900.0
2019-04-22,ABBV,77.5999984741211,79.0999984741211,77.5,78.1500015258789,58.684722900390625,5358600.0
2019-04-23,ABBV,78.1500015258789,79.66000366210938,77.75,78.66000366210938,59.06769943237305,9920600.0
2019-04-24,ABBV,79.2300033569336,79.58999633789062,78.44000244140625,78.66999816894531,59.07520294189453,7056400.0
2019-04-25,ABBV,80.05000305175781,80.47000122070312,76.91000366210938,79.33999633789062,59.57831954956055,10442900.0
2019-04-26,ABBV,79.66999816894531,80.6500015258789,79.4000015258789,79.69999694824219,59.84866714477539,5790000.0
2019-04-29,ABBV,80.45999908447266,80.9800033569336,79.91000366210938,80.30000305175781,60.29921340942383,6444500.0
2019-04-30,ABBV,80.68000030517578,80.69000244140625,78.68000030517578,79.38999938964844,59.615882873535156,9367400.0
2019-05-01,ABBV,79.5999984741211,79.68000030517578,78.61000061035156,78.88999938964844,59.240413665771484,5231700.0
2019-05-02,ABBV,78.7300033569336,78.77999877929688,77.5999984741211,78.47000122070312,58.92502212524414,5206300.0
2019-05-03,ABBV,78.72000122070312,78.80000305175781,78.25,78.70999908447266,59.10525131225586,4527300.0
2019-05-06,ABBV,77.75,79.5199966430664,77.33999633789062,79.26000213623047,59.518253326416016,5413200.0
2019-05-07,ABBV,78.5999984741211,78.98999786376953,77.16999816894531,77.94999694824219,58.534549713134766,4275300.0
2019-05-08,ABBV,77.94999694824219,78.88999938964844,77.31999969482422,77.98999786376953,58.56456756591797,3820700.0
2019-05-09,ABBV,77.51000213623047,78.12999725341797,76.7300033569336,77.91000366210938,58.50450897216797,3792200.0
2019-05-10,ABBV,77.44999694824219,77.7300033569336,75.62000274658203,77.44999694824219,58.159095764160156,4731800.0
2019-05-13,ABBV,76.30000305175781,77.30000305175781,76.16999816894531,76.87000274658203,57.72353744506836,3858400.0
2019-05-14,ABBV,77.16000366210938,79.36000061035156,77.0,78.44000244140625,58.902488708496094,6365200.0
2019-05-15,ABBV,78.51000213623047,79.1500015258789,77.4800033569336,78.77999877929688,59.157806396484375,4795700.0
2019-05-16,ABBV,78.9800033569336,80.75,78.70999908447266,79.5,59.69847106933594,5404700.0
2019-05-17,ABBV,78.52999877929688,80.08000183105469,78.0199966430664,79.45999908447266,59.668426513671875,4756400.0
2019-05-20,ABBV,79.0199966430664,80.38999938964844,78.91000366210938,79.81999969482422,59.93876266479492,4395500.0
2019-05-21,ABBV,80.33000183105469,81.5,80.31999969482422,80.87999725341797,60.734745025634766,4841900.0
2019-05-22,ABBV,80.51000213623047,81.75,79.87999725341797,81.58999633789062,61.26790237426758,4219500.0
2019-05-23,ABBV,80.38999938964844,81.62999725341797,80.31999969482422,81.1500015258789,60.9375,3299100.0
2019-05-24,ABBV,81.08999633789062,81.0999984741211,79.87000274658203,80.05999755859375,60.118995666503906,3872700.0
2019-05-28,ABBV,80.0,80.0999984741211,77.91999816894531,78.02999877929688,58.59463119506836,6557800.0
2019-05-29,ABBV,77.56999969482422,78.27999877929688,77.0999984741211,78.05999755859375,58.61714553833008,4182200.0
2019-05-30,ABBV,78.5199966430664,78.58999633789062,77.12999725341797,77.61000061035156,58.279232025146484,3533100.0
2019-05-31,ABBV,77.30999755859375,77.56999969482422,76.4000015258789,76.70999908447266,57.6033935546875,4003200.0
2019-06-03,ABBV,76.62999725341797,76.83999633789062,73.80999755859375,75.69999694824219,56.84495544433594,8434400.0
2019-06-04,ABBV,76.13999938964844,77.44000244140625,75.9000015258789,76.75,57.63343811035156,6447100.0
2019-06-05,ABBV,77.41000366210938,78.16999816894531,76.66000366210938,77.05999755859375,57.86622619628906,3804400.0
2019-06-06,ABBV,77.16000366210938,77.72000122070312,76.86000061035156,77.06999969482422,57.87371826171875,4032800.0
2019-06-07,ABBV,77.48999786376953,78.37999725341797,77.08000183105469,77.43000030517578,58.14405822753906,4829100.0
2019-06-10,ABBV,77.45999908447266,77.75,76.5999984741211,76.94999694824219,57.78361511230469,3969400.0
2019-06-11,ABBV,77.48999786376953,78.9000015258789,77.48999786376953,78.16999816894531,58.69975280761719,4210200.0
2019-06-12,ABBV,78.25,79.25,78.18000030517578,78.56999969482422,59.00011444091797,4165700.0
2019-06-13,ABBV,78.93000030517578,79.19999694824219,78.30000305175781,78.94999694824219,59.285465240478516,2924900.0
2019-06-14,ABBV,78.94999694824219,79.33999633789062,78.20999908447266,78.69000244140625,59.09023666381836,4075900.0
2019-06-17,ABBV,78.4000015258789,79.05000305175781,78.4000015258789,78.6500015258789,59.06018829345703,3083200.0
2019-06-18,ABBV,78.87999725341797,79.19999694824219,77.01000213623047,78.25,58.75981140136719,5433500.0
2019-06-19,ABBV,78.4000015258789,78.4800033569336,77.29000091552734,77.61000061035156,58.279232025146484,6147300.0
2019-06-20,ABBV,78.23999786376953,79.16999816894531,78.08000183105469,78.33999633789062,58.827392578125,5347000.0
2019-06-21,ABBV,78.1500015258789,79.08000183105469,76.43000030517578,78.77999877929688,59.157806396484375,10516900.0
2019-06-24,ABBV,78.41000366210938,79.30999755859375,77.8499984741211,78.44999694824219,58.90998458862305,5182700.0
2019-06-25,ABBV,70.47000122070312,70.66999816894531,65.05999755859375,65.69999694824219,49.33572006225586,90131800.0
2019-06-26,ABBV,67.23999786376953,68.41000366210938,66.80000305175781,68.0,51.06284713745117,42093800.0
2019-06-27,ABBV,68.16000366210938,70.5999984741211,68.0999984741211,70.0,52.564701080322266,22129200.0
2019-06-28,ABBV,70.58000183105469,72.73999786376953,70.33000183105469,72.72000122070312,54.607215881347656,21381500.0
2019-07-01,ABBV,73.5,73.8499984741211,72.27999877929688,73.4000015258789,55.11783218383789,18010900.0
2019-07-02,ABBV,73.19999694824219,74.25,72.31999969482422,74.2300033569336,55.741111755371094,12862200.0
2019-07-03,ABBV,74.3499984741211,74.97000122070312,73.77999877929688,74.95999908447266,56.28928756713867,7434100.0
2019-07-05,ABBV,74.6500015258789,74.79000091552734,72.61000061035156,72.98999786376953,54.809974670410156,10854900.0
2019-07-08,ABBV,72.5199966430664,73.0,70.87999725341797,71.22000122070312,53.4808235168457,13487400.0
2019-07-09,ABBV,71.18000030517578,72.44999694824219,70.88999938964844,71.23999786376953,53.4958381652832,11832500.0
2019-07-10,ABBV,71.58000183105469,71.73999786376953,70.95999908447266,71.6500015258789,53.80371856689453,9170400.0
2019-07-11,ABBV,72.30000305175781,72.4000015258789,69.8499984741211,71.23999786376953,53.4958381652832,13001000.0
2019-07-12,ABBV,70.30000305175781,70.30000305175781,68.54000091552734,70.27999877929688,53.57970428466797,12903000.0
2019-07-15,ABBV,70.30999755859375,71.0199966430664,69.69999694824219,70.2699966430664,53.57206726074219,10253300.0
2019-07-16,ABBV,70.1500015258789,70.30000305175781,69.12999725341797,69.16000366210938,52.72584533691406,10141600.0
2019-07-17,ABBV,69.33000183105469,69.86000061035156,68.30999755859375,68.31999969482422,52.085453033447266,12205000.0
2019-07-18,ABBV,68.56999969482422,68.94999694824219,68.0,68.25,52.032081604003906,8573300.0
2019-07-19,ABBV,68.13999938964844,68.81999969482422,68.0999984741211,68.54000091552734,52.253170013427734,9806900.0
2019-07-22,ABBV,68.5,68.75,67.83999633789062,68.0,51.84148406982422,9961800.0
2019-07-23,ABBV,68.0,68.44000244140625,67.5999984741211,67.7300033569336,51.63564682006836,8025300.0
2019-07-24,ABBV,67.7699966430664,67.88999938964844,66.76000213623047,67.45999908447266,51.429805755615234,12595300.0
2019-07-25,ABBV,67.45999908447266,67.87000274658203,66.5,66.66000366210938,50.819908142089844,12403500.0
2019-07-26,ABBV,67.63999938964844,69.13999938964844,67.37000274658203,67.76000213623047,51.658512115478516,12259300.0
2019-07-29,ABBV,67.87000274658203,68.41000366210938,66.87999725341797,67.18000030517578,51.21634292602539,10117300.0
2019-07-30,ABBV,66.91999816894531,67.52999877929688,66.26000213623047,67.18000030517578,51.21634292602539,8143700.0
2019-07-31,ABBV,66.91000366210938,67.37999725341797,65.62999725341797,66.62000274658203,50.78941345214844,11300000.0
2019-08-01,ABBV,66.93000030517578,67.19999694824219,65.11000061035156,65.80000305175781,50.16426086425781,13106700.0
2019-08-02,ABBV,65.5,65.79000091552734,65.02999877929688,65.3499984741211,49.82118606567383,9653900.0
2019-08-05,ABBV,64.9800033569336,66.12000274658203,64.54000091552734,65.2300033569336,49.72970962524414,11618800.0
2019-08-06,ABBV,65.2699966430664,65.83999633789062,64.29000091552734,64.7699966430664,49.37900161743164,10248700.0
2019-08-07,ABBV,64.37999725341797,64.9000015258789,63.310001373291016,64.45999908447266,49.14268112182617,10532100.0
2019-08-08,ABBV,64.79000091552734,65.44999694824219,64.33000183105469,65.44999694824219,49.897422790527344,7427400.0
2019-08-09,ABBV,65.37000274658203,66.87000274658203,64.29000091552734,65.58000183105469,49.996551513671875,10893500.0
2019-08-12,ABBV,65.23999786376953,65.4800033569336,64.08000183105469,64.52999877929688,49.196044921875,5258900.0
2019-08-13,ABBV,64.86000061035156,65.93000030517578,64.63999938964844,65.01000213623047,49.56199264526367,7082500.0
2019-08-14,ABBV,64.5,64.98999786376953,63.5,63.5,48.41079330444336,9373300.0
2019-08-15,ABBV,64.12000274658203,64.23999786376953,62.65999984741211,62.97999954223633,48.014366149902344,9195700.0
2019-08-16,ABBV,63.5099983215332,64.80999755859375,63.06999969482422,64.43000030517578,49.119808197021484,8348100.0
2019-08-19,ABBV,65.04000091552734,66.87999725341797,64.97000122070312,66.55999755859375,50.74367141723633,9826300.0
2019-08-20,ABBV,67.37999725341797,68.45999908447266,66.33000183105469,66.41000366210938,50.629310607910156,12037900.0
2019-08-21,ABBV,67.33999633789062,67.91999816894531,66.5999984741211,67.54000091552734,51.49079895019531,7615700.0
2019-08-22,ABBV,67.87000274658203,68.02999877929688,66.80999755859375,67.5199966430664,51.475547790527344,6495700.0
2019-08-23,ABBV,67.27999877929688,67.79000091552734,65.4800033569336,65.97000122070312,50.29387664794922,8904700.0
2019-08-26,ABBV,66.43000030517578,66.93000030517578,66.08000183105469,66.45999908447266,50.667423248291016,4841100.0
2019-08-27,ABBV,66.66999816894531,66.9800033569336,65.48999786376953,65.66999816894531,50.06514358520508,7591200.0
2019-08-28,ABBV,65.56999969482422,66.37999725341797,65.4000015258789,66.06999969482422,50.370094299316406,6872800.0
2019-08-29,ABBV,66.7300033569336,67.02999877929688,65.95999908447266,66.22000122070312,50.48445129394531,6011900.0
2019-08-30,ABBV,66.4000015258789,66.43000030517578,65.48999786376953,65.73999786376953,50.1185188293457,6415100.0
2019-09-03,ABBV,65.77999877929688,65.80000305175781,64.93000030517578,65.4000015258789,49.859317779541016,7915700.0
2019-09-04,ABBV,65.66999816894531,66.41999816894531,64.44000244140625,66.37999725341797,50.6064338684082,9618300.0
2019-09-05,ABBV,66.63999938964844,67.30000305175781,66.43000030517578,67.02999877929688,51.101985931396484,5602400.0
2019-09-06,ABBV,67.26000213623047,68.12000274658203,67.0,67.62000274658203,51.55179214477539,7502500.0
2019-09-09,ABBV,67.95999908447266,68.0,66.30999755859375,66.69999694824219,50.85039138793945,10310900.0
2019-09-10,ABBV,66.06999969482422,68.18000030517578,65.6500015258789,68.18000030517578,51.978721618652344,12155700.0
2019-09-11,ABBV,68.37999725341797,69.73999786376953,68.05999755859375,69.48999786376953,52.9774169921875,8369100.0
2019-09-12,ABBV,70.76000213623047,71.16999816894531,70.19000244140625,70.83000183105469,53.999019622802734,9560100.0
2019-09-13,ABBV,71.1500015258789,71.51000213623047,70.4800033569336,70.51000213623047,53.75504684448242,8135600.0
2019-09-16,ABBV,70.37000274658203,70.95999908447266,69.72000122070312,70.58000183105469,53.80841827392578,5992000.0
2019-09-17,ABBV,70.51000213623047,72.08999633789062,70.36000061035156,71.5999984741211,54.58604431152344,9013500.0
2019-09-18,ABBV,71.68000030517578,71.81999969482422,70.80999755859375,71.2699966430664,54.334449768066406,6252600.0
2019-09-19,ABBV,71.4000015258789,71.91000366210938,71.20999908447266,71.66999816894531,54.639400482177734,5541200.0
2019-09-20,ABBV,72.0,73.0,72.0,72.38999938964844,55.188316345214844,12968700.0
2019-09-23,ABBV,72.33000183105469,73.77999877929688,72.05000305175781,72.93000030517578,55.59999084472656,8092300.0
2019-09-24,ABBV,73.83000183105469,73.83000183105469,72.16999816894531,72.94999694824219,55.615234375,8223800.0
2019-09-25,ABBV,72.87999725341797,73.23999786376953,72.0199966430664,72.08999633789062,54.959598541259766,5922700.0
2019-09-26,ABBV,72.94999694824219,74.45999908447266,72.62000274658203,74.02999877929688,56.4385986328125,10324100.0
2019-09-27,ABBV,74.20999908447266,75.13999938964844,73.91999816894531,74.8499984741211,57.06375503540039,7677300.0
2019-09-30,ABBV,74.94999694824219,76.44000244140625,74.94999694824219,75.72000122070312,57.72700881958008,8315100.0
2019-10-01,ABBV,75.88999938964844,76.02999877929688,72.94000244140625,73.2300033569336,55.82872009277344,10910800.0
2019-10-02,ABBV,72.88999938964844,73.0,71.56999969482422,72.12999725341797,54.990089416503906,8380500.0
2019-10-03,ABBV,72.05999755859375,73.94000244140625,72.04000091552734,73.8499984741211,56.30138397216797,6228500.0
2019-10-04,ABBV,74.22000122070312,75.05999755859375,73.94999694824219,74.66000366210938,56.918914794921875,7007500.0
2019-10-07,ABBV,74.72000122070312,75.2699966430664,74.08000183105469,74.33000183105469,56.66731643676758,5163500.0
2019-10-08,ABBV,73.87999725341797,74.75,73.41999816894531,73.52999877929688,56.05741882324219,6121500.0
2019-10-09,ABBV,74.06999969482422,74.62000274658203,73.25,73.30000305175781,55.882080078125,5851000.0
2019-10-10,ABBV,73.22000122070312,74.62999725341797,73.19999694824219,74.44999694824219,56.7587890625,7329400.0
2019-10-11,ABBV,73.97000122070312,74.33999633789062,73.56999969482422,73.62999725341797,56.952186584472656,7164900.0
2019-10-14,ABBV,73.6500015258789,74.16999816894531,73.38999938964844,73.76000213623047,57.052730560302734,5040900.0
2019-10-15,ABBV,74.19999694824219,74.9800033569336,73.80000305175781,74.5,57.62511444091797,6028300.0
2019-10-16,ABBV,74.37999725341797,74.9800033569336,74.33999633789062,74.75,57.8184814453125,8288300.0
2019-10-17,ABBV,74.98999786376953,76.18000030517578,74.6500015258789,75.13999938964844,58.120140075683594,6811300.0
2019-10-18,ABBV,75.23999786376953,77.16999816894531,75.20999908447266,76.45999908447266,59.14115905761719,9480200.0
2019-10-21,ABBV,76.87999725341797,77.8499984741211,75.8499984741211,77.30000305175781,59.79087829589844,7839100.0
2019-10-22,ABBV,78.05000305175781,78.66000366210938,77.75,77.87000274658203,60.23178482055664,6062000.0
2019-10-23,ABBV,77.79000091552734,78.0199966430664,77.19000244140625,77.75,60.13896179199219,6136700.0
2019-10-24,ABBV,77.83999633789062,77.88999938964844,76.25,76.80000305175781,59.40414047241211,5699300.0
2019-10-25,ABBV,76.38999938964844,76.79000091552734,76.22000122070312,76.52999877929688,59.1953125,5497000.0
2019-10-28,ABBV,76.66999816894531,78.37999725341797,76.48999786376953,78.33000183105469,60.58758544921875,7146400.0
2019-10-29,ABBV,78.11000061035156,78.73999786376953,77.58999633789062,78.47000122070312,60.69587707519531,6391500.0
2019-10-30,ABBV,78.51000213623047,79.79000091552734,78.01000213623047,79.66000366210938,61.61634826660156,7222500.0
2019-10-31,ABBV,79.70999908447266,79.73999786376953,78.73999786376953,79.55000305175781,61.53123474121094,10009400.0
2019-11-01,ABBV,80.02999877929688,82.18000030517578,79.12999725341797,81.75,63.232933044433594,13356300.0
2019-11-04,ABBV,82.94999694824219,83.31999969482422,82.13999938964844,82.98999786376953,64.19205474853516,9127900.0
2019-11-05,ABBV,83.16999816894531,83.4000015258789,81.47000122070312,81.83999633789062,63.30253219604492,7475600.0
2019-11-06,ABBV,81.7699966430664,82.25,80.3499984741211,82.08000183105469,63.48817825317383,9303600.0
2019-11-07,ABBV,82.20999908447266,82.58999633789062,81.08000183105469,82.01000213623047,63.434024810791016,6561500.0
2019-11-08,ABBV,82.0999984741211,85.45999908447266,82.08999633789062,85.20999908447266,65.90919494628906,11364100.0
2019-11-11,ABBV,84.94999694824219,85.68000030517578,83.9000015258789,85.66000366210938,66.25727081298828,8726300.0
2019-11-12,ABBV,85.5999984741211,88.27999877929688,85.55000305175781,86.44000244140625,66.8606185913086,12165900.0
2019-11-13,ABBV,85.73999786376953,87.2699966430664,85.33000183105469,86.66000366210938,67.03077697753906,5798800.0
2019-11-14,ABBV,86.4800033569336,87.75,85.93000030517578,87.62999725341797,67.78104400634766,5425600.0
2019-11-15,ABBV,88.0999984741211,89.19000244140625,87.26000213623047,88.62999725341797,68.55455780029297,8036700.0
2019-11-18,ABBV,88.33999633789062,89.41000366210938,88.31999969482422,88.7300033569336,68.63190460205078,5772300.0
2019-11-19,ABBV,89.26000213623047,90.41000366210938,88.91000366210938,89.0199966430664,68.856201171875,7504800.0
2019-11-20,ABBV,88.72000122070312,88.72000122070312,86.54000091552734,87.19999694824219,67.44844818115234,10933000.0
2019-11-21,ABBV,86.79000091552734,86.87000274658203,85.55000305175781,86.5199966430664,66.9224624633789,9614100.0
2019-11-22,ABBV,86.63999938964844,86.79000091552734,85.30999755859375,86.05000305175781,66.5589370727539,7784700.0
2019-11-25,ABBV,86.8499984741211,87.87999725341797,86.05999755859375,87.76000213623047,67.88159942626953,9522100.0
2019-11-26,ABBV,88.1500015258789,88.19000244140625,86.93000030517578,87.72000122070312,67.8506851196289,6431400.0
2019-11-27,ABBV,87.86000061035156,88.80999755859375,87.61000061035156,88.33000183105469,68.322509765625,4711800.0
2019-11-29,ABBV,88.0,88.08999633789062,87.22000122070312,87.7300033569336,67.8583984375,3042800.0
2019-12-02,ABBV,87.83999633789062,88.02999877929688,87.0,87.02999877929688,67.31695556640625,6526400.0
2019-12-03,ABBV,85.95999908447266,86.4800033569336,85.58999633789062,85.94999694824219,66.4815902709961,10054500.0
2019-12-04,ABBV,86.18000030517578,87.55000305175781,86.12000274658203,87.19999694824219,67.44844818115234,6174600.0
2019-12-05,ABBV,87.25,87.25,86.26000213623047,86.72000122070312,67.07718658447266,6072100.0
2019-12-06,ABBV,87.20999908447266,87.70999908447266,86.77999877929688,86.9800033569336,67.27828979492188,6044600.0
2019-12-09,ABBV,87.22000122070312,87.72000122070312,86.37999725341797,86.44000244140625,66.8606185913086,5582700.0
2019-12-10,ABBV,86.91999816894531,86.94999694824219,86.20999908447266,86.55999755859375,66.95343017578125,7816000.0
2019-12-11,ABBV,86.69999694824219,87.26000213623047,86.2300033569336,86.69999694824219,67.06170654296875,7326400.0
2019-12-12,ABBV,86.76000213623047,88.94000244140625,86.75,88.7300033569336,68.63190460205078,6260500.0
2019-12-13,ABBV,88.77999877929688,89.08999633789062,87.33000183105469,87.83999633789062,67.94348907470703,5975200.0
2019-12-16,ABBV,88.37999725341797,90.12000274658203,88.26000213623047,89.43000030517578,69.17333221435547,6723300.0
2019-12-17,ABBV,90.0,90.16999816894531,89.06999969482422,90.08000183105469,69.67610931396484,8750000.0
2019-12-18,ABBV,90.05000305175781,90.18000030517578,89.0199966430664,89.33000183105469,69.09600067138672,6490100.0
2019-12-19,ABBV,89.68000030517578,89.68000030517578,88.55999755859375,88.7699966430664,68.66282653808594,5447000.0
2019-12-20,ABBV,90.4000015258789,91.98999786376953,89.1500015258789,89.29000091552734,69.06504821777344,19134800.0
2019-12-23,ABBV,89.52999877929688,90.47000122070312,89.33000183105469,90.25,69.80760192871094,5907200.0
2019-12-24,ABBV,90.4000015258789,90.4000015258789,89.43000030517578,89.8499984741211,69.49822235107422,1798800.0
2019-12-26,ABBV,90.19999694824219,90.72000122070312,89.44999694824219,89.83000183105469,69.48273468017578,4066700.0
2019-12-27,ABBV,89.9800033569336,90.27999877929688,88.83000183105469,89.19999694824219,68.99543762207031,4087800.0
2019-12-30,ABBV,89.22000122070312,89.7300033569336,88.16000366210938,88.5199966430664,68.4694595336914,7014800.0
2019-12-31,ABBV,88.20999908447266,88.5999984741211,87.87999725341797,88.54000091552734,68.48493194580078,4702100.0
2020-01-02,ABBV,89.08000183105469,89.56999969482422,88.51000213623047,89.55000305175781,69.26617431640625,5639200.0
2020-01-03,ABBV,88.16999816894531,89.38999938964844,87.9000015258789,88.69999694824219,68.60870361328125,5988500.0
2020-01-06,ABBV,88.22000122070312,89.62000274658203,87.9800033569336,89.4000015258789,69.15013885498047,6786600.0
2020-01-07,ABBV,88.93000030517578,89.54000091552734,88.26000213623047,88.88999938964844,68.75566864013672,7242500.0
2020-01-08,ABBV,89.1500015258789,90.05999755859375,88.87000274658203,89.5199966430664,69.24295043945312,7696800.0
2020-01-09,ABBV,90.01000213623047,90.2300033569336,89.05000305175781,90.20999908447266,69.77667999267578,7518000.0
2020-01-10,ABBV,90.2300033569336,90.29000091552734,88.83000183105469,89.05999755859375,68.88716125488281,8581400.0
2020-01-13,ABBV,89.5,89.5,87.91999816894531,88.5199966430664,68.4694595336914,9292200.0
2020-01-14,ABBV,87.0999984741211,88.44000244140625,86.7699966430664,88.19999694824219,69.1436538696289,8876900.0
2020-01-15,ABBV,88.18000030517578,89.87999725341797,88.18000030517578,89.26000213623047,69.9746322631836,8490100.0
2020-01-16,ABBV,89.30999755859375,89.80000305175781,88.91999816894531,89.26000213623047,69.9746322631836,7073200.0
2020-01-17,ABBV,89.12999725341797,89.2699966430664,87.79000091552734,88.0,68.98687744140625,10122300.0
2020-01-21,ABBV,87.68000030517578,88.52999877929688,87.56999969482422,87.98999786376953,68.9790267944336,13552000.0
2020-01-22,ABBV,88.02999877929688,88.16999816894531,87.1500015258789,87.20999908447266,68.36756134033203,6438900.0
2020-01-23,ABBV,87.05000305175781,87.06999969482422,84.98999786376953,85.2699966430664,66.84671020507812,12266800.0
2020-01-24,ABBV,85.43000030517578,85.4800033569336,82.76000213623047,83.54000091552734,65.49048614501953,13215400.0
2020-01-27,ABBV,85.05000305175781,85.93000030517578,84.0,84.0199966430664,65.86679077148438,13832000.0
2020-01-28,ABBV,84.98999786376953,84.98999786376953,83.63999938964844,83.7699966430664,65.67078399658203,8614400.0
2020-01-29,ABBV,83.80000305175781,84.0,83.12999725341797,83.19999694824219,65.22394561767578,5703200.0
2020-01-30,ABBV,82.58000183105469,82.79000091552734,81.18000030517578,81.77999877929688,64.11074829101562,10870000.0
2020-01-31,ABBV,81.54000091552734,81.72000122070312,80.41000366210938,81.0199966430664,63.51495361328125,13870100.0
2020-02-03,ABBV,81.30999755859375,82.5999984741211,80.91999816894531,82.30000305175781,64.51840209960938,10143700.0
2020-02-04,ABBV,83.58999633789062,84.70999908447266,83.58999633789062,84.36000061035156,66.1333236694336,8251500.0
2020-02-05,ABBV,85.05999755859375,87.13999938964844,84.87999725341797,86.62999725341797,67.91285705566406,10020600.0
2020-02-06,ABBV,87.88999938964844,87.95999908447266,86.22000122070312,87.18000030517578,68.34403991699219,7769700.0
2020-02-07,ABBV,89.73999786376953,92.9800033569336,88.87999725341797,92.29000091552734,72.34996032714844,19090300.0
2020-02-10,ABBV,92.36000061035156,95.5,92.11000061035156,94.75,74.27848815917969,13998300.0
2020-02-11,ABBV,95.26000213623047,97.08000183105469,95.01000213623047,96.0,75.25838470458984,10682800.0
2020-02-12,ABBV,95.9800033569336,97.86000061035156,95.70999908447266,97.79000091552734,76.66167449951172,10591000.0
2020-02-13,ABBV,96.8499984741211,97.36000061035156,95.2300033569336,95.3499984741211,74.74881744384766,10613000.0
2020-02-14,ABBV,95.2300033569336,95.30000305175781,93.7699966430664,94.05000305175781,73.72970581054688,11175800.0
2020-02-18,ABBV,93.66999816894531,94.5,93.26000213623047,93.61000061035156,73.38479614257812,9406300.0
2020-02-19,ABBV,93.7699966430664,94.79000091552734,93.0199966430664,94.13999938964844,73.80024719238281,6349100.0
2020-02-20,ABBV,93.93000030517578,94.38999938964844,92.58999633789062,94.2300033569336,73.8708267211914,5446200.0
2020-02-21,ABBV,93.95999908447266,95.5199966430664,93.37999725341797,94.95999908447266,74.44310760498047,6676000.0
2020-02-24,ABBV,92.16999816894531,93.87000274658203,92.1500015258789,93.13999938964844,73.01632690429688,10705100.0
2020-02-25,ABBV,93.31999969482422,93.45999908447266,88.11000061035156,89.18000030517578,69.91191864013672,11366400.0
2020-02-26,ABBV,88.62000274658203,91.18000030517578,88.19000244140625,88.41000366210938,69.30828857421875,9786900.0
2020-02-27,ABBV,86.19000244140625,89.44999694824219,84.19999694824219,85.41999816894531,66.96430206298828,14184100.0
2020-02-28,ABBV,82.79000091552734,85.70999908447266,81.58000183105469,85.70999908447266,67.19163513183594,18450000.0
2020-03-02,ABBV,86.0,88.77999877929688,83.55000305175781,88.69000244140625,69.52777862548828,12171100.0
2020-03-03,ABBV,89.44000244140625,90.9000015258789,85.66000366210938,87.56999969482422,68.6497573852539,12660900.0
2020-03-04,ABBV,89.2699966430664,91.86000061035156,88.94999694824219,91.75,71.9266586303711,16590400.0
2020-03-05,ABBV,90.05999755859375,91.70999908447266,89.43000030517578,90.61000061035156,71.03294372558594,9688400.0
2020-03-06,ABBV,88.7300033569336,89.76000213623047,87.26000213623047,88.81999969482422,69.62969970703125,12664600.0
2020-03-09,ABBV,84.0,87.33999633789062,82.43000030517578,85.2699966430664,66.84671020507812,15806200.0
2020-03-10,ABBV,88.19000244140625,88.22000122070312,83.76000213623047,87.52999877929688,68.61841583251953,12965800.0
2020-03-11,ABBV,85.80000305175781,86.63999938964844,83.56999969482422,84.8499984741211,66.51746368408203,10382200.0
2020-03-12,ABBV,78.8499984741211,81.29000091552734,77.05999755859375,78.61000061035156,61.62565612792969,19935700.0
2020-03-13,ABBV,83.36000061035156,86.31999969482422,80.69000244140625,85.37000274658203,66.92510223388672,21867700.0
2020-03-16,ABBV,79.0,82.18000030517578,73.58000183105469,74.2699966430664,58.22333526611328,20916000.0
2020-03-17,ABBV,75.70999908447266,77.70999908447266,69.98999786376953,73.0199966430664,57.24342346191406,23205000.0
2020-03-18,ABBV,70.0,71.38999938964844,64.69000244140625,71.02999877929688,55.68337631225586,23712800.0
2020-03-19,ABBV,69.0999984741211,74.8499984741211,65.33000183105469,71.05999755859375,55.706886291503906,19739900.0
2020-03-20,ABBV,73.0,73.0,66.80999755859375,68.81999969482422,53.95087432861328,18844500.0
2020-03-23,ABBV,67.37999725341797,67.75,62.54999923706055,64.5,50.56423568725586,19219000.0
2020-03-24,ABBV,68.16000366210938,71.81999969482422,67.08999633789062,67.48999786376953,52.90822219848633,18376300.0
2020-03-25,ABBV,67.91999816894531,70.68000030517578,65.55000305175781,67.91000366210938,53.23748016357422,20017300.0
2020-03-26,ABBV,68.81999969482422,74.30999755859375,68.76000213623047,73.83000183105469,57.878414154052734,15979400.0
2020-03-27,ABBV,71.62999725341797,75.05999755859375,70.70999908447266,72.66999816894531,56.96904754638672,12293300.0
2020-03-30,ABBV,73.5199966430664,76.23999786376953,73.47000122070312,75.23999786376953,58.9837646484375,10671600.0
2020-03-31,ABBV,75.4000015258789,77.91999816894531,74.44000244140625,76.19000244140625,59.728519439697266,20474400.0
2020-04-01,ABBV,72.12000274658203,73.98999786376953,71.43000030517578,73.41999816894531,57.55699157714844,12948000.0
2020-04-02,ABBV,72.77999877929688,75.5,71.45999908447266,75.12999725341797,58.897544860839844,8077800.0
2020-04-03,ABBV,74.6500015258789,75.44000244140625,72.55000305175781,73.37000274658203,57.51780319213867,8062700.0
2020-04-06,ABBV,75.73999786376953,77.26000213623047,74.02999877929688,75.7300033569336,59.367916107177734,10266500.0
2020-04-07,ABBV,78.37999725341797,78.58000183105469,75.25,75.38999938964844,59.101348876953125,11591700.0
2020-04-08,ABBV,76.44000244140625,78.9800033569336,74.77999877929688,78.55999755859375,61.586456298828125,12218500.0
2020-04-09,ABBV,78.55999755859375,80.08000183105469,78.55999755859375,79.75,62.51934814453125,9425900.0
2020-04-13,ABBV,80.66000366210938,81.33000183105469,78.66000366210938,80.30000305175781,62.950523376464844,9293500.0
2020-04-14,ABBV,80.62000274658203,82.8499984741211,80.29000091552734,82.12999725341797,65.34536743164062,11072700.0
2020-04-15,ABBV,80.51000213623047,83.04000091552734,79.62000274658203,81.81999969482422,65.09872436523438,8977300.0
2020-04-16,ABBV,82.7300033569336,83.72000122070312,81.58000183105469,81.86000061035156,65.13054656982422,10326900.0
2020-04-17,ABBV,84.0,84.79000091552734,82.5,83.44999694824219,66.3956069946289,10734800.0
2020-04-20,ABBV,83.54000091552734,85.33000183105469,82.62999725341797,83.98999786376953,66.82525634765625,9126300.0
2020-04-21,ABBV,82.51000213623047,82.97000122070312,80.0199966430664,80.36000061035156,63.937110900878906,9627500.0
2020-04-22,ABBV,81.2300033569336,82.44999694824219,80.7300033569336,81.47000122070312,64.82026672363281,7033300.0
2020-04-23,ABBV,82.18000030517578,83.83000183105469,81.95999908447266,82.04000091552734,65.27375030517578,7869600.0
2020-04-24,ABBV,82.87000274658203,83.66999816894531,82.3499984741211,83.58999633789062,66.5069808959961,6770700.0
2020-04-27,ABBV,84.02999877929688,84.91999816894531,83.77999877929688,84.69000244140625,67.38219451904297,9209700.0
2020-04-28,ABBV,85.69999694824219,85.97000122070312,82.37000274658203,82.76000213623047,65.84662628173828,8341000.0
2020-04-29,ABBV,83.72000122070312,84.75,82.13999938964844,83.76000213623047,66.64225006103516,8231700.0
2020-04-30,ABBV,82.97000122070312,83.26000213623047,81.2300033569336,82.19999694824219,65.40107727050781,15535800.0
2020-05-01,ABBV,81.94999694824219,84.2300033569336,80.5,82.83999633789062,65.91024780273438,12705300.0
2020-05-04,ABBV,82.22000122070312,82.83999633789062,81.12000274658203,81.86000061035156,65.13054656982422,6833000.0
2020-05-05,ABBV,82.94999694824219,86.4800033569336,82.5999984741211,85.37000274658203,67.92321014404297,10927000.0
2020-05-06,ABBV,86.27999877929688,88.1500015258789,85.25,85.41999816894531,67.96300506591797,17042600.0
2020-05-07,ABBV,86.5199966430664,86.83999633789062,83.55999755859375,84.22000122070312,67.00823974609375,11941800.0
2020-05-08,ABBV,84.41999816894531,84.66000366210938,82.44999694824219,83.95999908447266,66.80138397216797,20188100.0
2020-05-11,ABBV,85.08000183105469,88.45999908447266,83.9800033569336,87.9000015258789,69.9361801147461,19219800.0
2020-05-12,ABBV,90.0,92.2300033569336,88.47000122070312,90.45999908447266,71.97299194335938,23492300.0
2020-05-13,ABBV,90.73999786376953,92.23999786376953,87.7300033569336,88.87000274658203,70.70795440673828,23562600.0
2020-05-14,ABBV,87.62000274658203,90.4800033569336,87.43000030517578,89.94000244140625,71.55928039550781,13379500.0
2020-05-15,ABBV,90.01000213623047,91.1500015258789,89.41999816894531,90.70999908447266,72.17191314697266,14071200.0
2020-05-18,ABBV,92.0,93.66000366210938,91.30999755859375,91.47000122070312,72.7765884399414,16300200.0
2020-05-19,ABBV,91.26000213623047,91.6500015258789,89.55999755859375,91.19999694824219,72.56175994873047,9892500.0
2020-05-20,ABBV,92.12999725341797,92.54000091552734,89.9000015258789,91.19000244140625,72.5538101196289,10661500.0
2020-05-21,ABBV,91.27999877929688,93.12999725341797,90.3499984741211,93.0199966430664,74.00981903076172,10393200.0
2020-05-22,ABBV,92.87000274658203,93.01000213623047,91.7300033569336,92.0999984741211,73.27782440185547,5507000.0
2020-05-26,ABBV,93.44999694824219,93.56999969482422,90.30999755859375,90.70999908447266,72.17191314697266,11869800.0
2020-05-27,ABBV,90.54000091552734,91.0,88.55999755859375,89.9800033569336,71.59107971191406,12529500.0
2020-05-28,ABBV,90.87000274658203,91.19000244140625,90.0,90.02999877929688,71.63088989257812,8765900.0
2020-05-29,ABBV,91.0,92.88999938964844,89.5999984741211,92.66999816894531,73.7313232421875,13758800.0
2020-06-01,ABBV,92.05000305175781,93.05999755859375,90.69000244140625,90.69999694824219,72.16394805908203,8486500.0
2020-06-02,ABBV,90.97000122070312,91.69999694824219,90.05000305175781,91.04000091552734,72.43446350097656,9413300.0
2020-06-03,ABBV,91.47000122070312,91.5,89.5999984741211,90.88999938964844,72.31511688232422,8588400.0
2020-06-04,ABBV,90.27999877929688,93.4800033569336,90.25,93.04000091552734,74.02571105957031,9525700.0
2020-06-05,ABBV,93.5,95.54000091552734,92.80999755859375,93.8499984741211,74.67019653320312,9630100.0
2020-06-08,ABBV,92.91000366210938,95.01000213623047,92.80999755859375,94.58999633789062,75.25897216796875,6621400.0
2020-06-09,ABBV,94.94999694824219,96.66000366210938,94.76000213623047,96.16999816894531,76.51604461669922,9555900.0
2020-06-10,ABBV,96.98999786376953,99.3499984741211,96.80000305175781,96.9000015258789,77.09689331054688,11138300.0
2020-06-11,ABBV,95.69000244140625,96.88999938964844,92.02999877929688,92.26000213623047,73.4051513671875,12584800.0
2020-06-12,ABBV,93.73999786376953,94.73999786376953,91.02999877929688,92.45999908447266,73.56425476074219,8010100.0
2020-06-15,ABBV,91.2699966430664,94.02999877929688,90.77999877929688,93.08000183105469,74.05757141113281,7120200.0
2020-06-16,ABBV,94.86000061035156,96.19999694824219,93.4800033569336,96.05999755859375,76.42855072021484,9366100.0
2020-06-17,ABBV,96.8499984741211,97.0999984741211,95.2699966430664,95.73999786376953,76.17393493652344,6212200.0
2020-06-18,ABBV,95.55999755859375,96.44999694824219,95.26000213623047,96.2300033569336,76.56378936767578,4571600.0
2020-06-19,ABBV,97.72000122070312,98.19999694824219,95.75,96.70999908447266,76.94571685791016,9210900.0
2020-06-22,ABBV,96.63999938964844,97.30000305175781,95.81999969482422,97.2699966430664,77.39125061035156,6004300.0
2020-06-23,ABBV,98.41999816894531,99.0999984741211,97.05000305175781,97.30999755859375,77.42308807373047,6715600.0
2020-06-24,ABBV,96.45999908447266,97.16000366210938,94.3499984741211,95.13999938964844,75.69657135009766,9025100.0
2020-06-25,ABBV,95.18000030517578,97.06999969482422,94.31999969482422,96.98999786376953,77.1684799194336,6411700.0
2020-06-26,ABBV,96.88999938964844,97.02999877929688,95.04000091552734,96.12999725341797,76.48426055908203,14568400.0
2020-06-29,ABBV,96.5,97.33000183105469,95.68000030517578,96.44000244140625,76.73087310791016,6676400.0
2020-06-30,ABBV,95.97000122070312,98.87999725341797,95.83000183105469,98.18000030517578,78.11528015136719,8112500.0
2020-07-01,ABBV,98.5,99.66000366210938,97.5,99.13999938964844,78.87908172607422,6522900.0
2020-07-02,ABBV,99.44999694824219,99.98999786376953,97.86000061035156,98.87999725341797,78.6722183227539,6158800.0
2020-07-06,ABBV,99.63999938964844,99.80000305175781,97.94999694824219,99.01000213623047,78.7756576538086,7039000.0
2020-07-07,ABBV,98.68000030517578,100.69000244140625,98.55999755859375,99.3499984741211,79.04618072509766,6345600.0
2020-07-08,ABBV,99.75,100.56999969482422,98.55000305175781,99.27999877929688,78.99048614501953,6154400.0
2020-07-09,ABBV,99.08000183105469,99.77999877929688,96.80999755859375,97.94000244140625,77.92434692382812,5817300.0
2020-07-10,ABBV,98.05999755859375,98.33000183105469,96.36000061035156,96.83000183105469,77.04119873046875,6202500.0
2020-07-13,ABBV,97.36000061035156,99.55999755859375,96.91999816894531,97.86000061035156,77.86067962646484,8507400.0
2020-07-14,ABBV,96.97000122070312,99.0999984741211,95.94000244140625,98.87000274658203,79.6243896484375,6765600.0
2020-07-15,ABBV,100.0,100.4800033569336,98.81999969482422,100.4800033569336,80.9209976196289,5661600.0
2020-07-16,ABBV,99.69000244140625,100.2300033569336,98.80999755859375,99.91999816894531,80.47001647949219,4269200.0
2020-07-17,ABBV,100.29000091552734,101.27999877929688,99.91999816894531,100.83000183105469,81.20287322998047,6890900.0
2020-07-20,ABBV,100.76000213623047,101.25,99.26000213623047,99.54000091552734,80.16397857666016,4823300.0
2020-07-21,ABBV,99.80999755859375,99.80999755859375,97.16999816894531,97.4000015258789,78.44053649902344,8239000.0
2020-07-22,ABBV,97.80000305175781,98.27999877929688,96.93000030517578,97.69999694824219,78.68213653564453,4441800.0
2020-07-23,ABBV,98.23999786376953,98.91999816894531,97.44999694824219,98.02999877929688,78.94788360595703,5127200.0
2020-07-24,ABBV,98.05000305175781,98.19000244140625,96.45999908447266,97.11000061035156,78.20697021484375,5169400.0
2020-07-27,ABBV,96.3499984741211,97.88999938964844,96.26000213623047,97.16000366210938,78.24724578857422,5030700.0
2020-07-28,ABBV,97.0,97.62000274658203,96.45999908447266,96.70999908447266,77.88484954833984,5941800.0
2020-07-29,ABBV,96.87000274658203,97.4000015258789,96.63999938964844,97.01000213623047,78.12645721435547,5512000.0
2020-07-30,ABBV,96.30999755859375,96.73999786376953,95.41000366210938,96.04000091552734,77.34526062011719,6411500.0
2020-07-31,ABBV,95.54000091552734,97.25,93.55000305175781,94.91000366210938,76.43522644042969,14613000.0
2020-08-03,ABBV,95.19000244140625,97.16999816894531,95.05999755859375,95.94000244140625,77.26473236083984,6919000.0
2020-08-04,ABBV,95.91999816894531,96.02999877929688,94.05999755859375,94.29000091552734,75.93590545654297,7865100.0
2020-08-05,ABBV,94.47000122070312,94.80000305175781,93.12999725341797,93.25,75.09835815429688,6918900.0
2020-08-06,ABBV,93.31999969482422,93.6500015258789,91.77999877929688,92.56999969482422,74.55072021484375,7269300.0
2020-08-07,ABBV,92.69000244140625,93.0,92.19999694824219,92.91999816894531,74.83260345458984,5226600.0
2020-08-10,ABBV,92.62999725341797,93.66999816894531,92.1500015258789,92.37999725341797,74.39769744873047,7623600.0
2020-08-11,ABBV,92.30999755859375,93.29000091552734,92.12999725341797,92.66999816894531,74.6312484741211,7208400.0
2020-08-12,ABBV,93.44999694824219,95.58000183105469,93.33000183105469,95.51000213623047,76.91841888427734,7705600.0
2020-08-13,ABBV,95.13999938964844,95.5,94.01000213623047,94.68000030517578,76.24999237060547,6004200.0
2020-08-14,ABBV,95.37999725341797,95.66999816894531,94.54000091552734,95.06999969482422,76.5640869140625,5488100.0
2020-08-17,ABBV,95.29000091552734,97.26000213623047,95.26000213623047,96.3499984741211,77.59491729736328,7251400.0
2020-08-18,ABBV,96.62000274658203,96.69999694824219,95.1500015258789,95.6500015258789,77.03115844726562,4557400.0
2020-08-19,ABBV,97.11000061035156,97.41999816894531,95.8499984741211,96.0999984741211,77.3935775756836,7672000.0
2020-08-20,ABBV,95.48999786376953,96.02999877929688,94.68000030517578,95.19999694824219,76.66876983642578,6798000.0
2020-08-21,ABBV,95.19999694824219,95.31999969482422,94.31999969482422,94.86000061035156,76.39495086669922,5269000.0
2020-08-24,ABBV,94.9000015258789,95.23999786376953,94.18000030517578,94.51000213623047,76.11309051513672,4103600.0
2020-08-25,ABBV,94.20999908447266,94.79000091552734,93.91000366210938,94.05999755859375,75.75067138671875,6710000.0
2020-08-26,ABBV,93.5,94.41000366210938,92.94000244140625,94.3499984741211,75.98422241210938,5682800.0
2020-08-27,ABBV,94.33000183105469,95.05999755859375,93.66999816894531,94.30000305175781,75.9439697265625,5271500.0
2020-08-28,ABBV,94.5199966430664,94.6500015258789,93.52999877929688,94.16999816894531,75.83928680419922,4938300.0
2020-08-31,ABBV,94.12000274658203,96.01000213623047,94.01000213623047,95.7699966430664,77.12781524658203,9932300.0
2020-09-01,ABBV,95.5199966430664,95.91999816894531,91.29000091552734,92.23999786376953,74.28494262695312,15783600.0
2020-09-02,ABBV,92.06999969482422,94.23999786376953,91.9000015258789,93.94999694824219,75.6620864868164,9139200.0
2020-09-03,ABBV,93.87999725341797,94.30999755859375,91.08999633789062,91.87000274658203,73.98697662353516,8921900.0
2020-09-04,ABBV,92.08000183105469,93.12999725341797,90.58000183105469,91.87000274658203,73.98697662353516,9444800.0
2020-09-08,ABBV,91.5199966430664,91.86000061035156,89.44999694824219,90.22000122070312,72.65815734863281,8563900.0
2020-09-09,ABBV,90.86000061035156,92.43000030517578,90.51000213623047,91.62999725341797,73.793701171875,5373500.0
2020-09-10,ABBV,91.06999969482422,91.41000366210938,89.4800033569336,89.6500015258789,72.1991195678711,10403600.0
2020-09-11,ABBV,89.80999755859375,90.33999633789062,89.04000091552734,89.69999694824219,72.23936462402344,8385800.0
2020-09-14,ABBV,90.05000305175781,91.26000213623047,89.45999908447266,90.48999786376953,72.8756103515625,5212300.0
2020-09-15,ABBV,91.4000015258789,91.9800033569336,90.63999938964844,90.91000366210938,73.2138442993164,3851300.0
2020-09-16,ABBV,91.0199966430664,91.2699966430664,89.69000244140625,89.77999877929688,72.30381774902344,6304400.0
2020-09-17,ABBV,89.30000305175781,90.80999755859375,89.18000030517578,89.62999725341797,72.18299865722656,5604700.0
2020-09-18,ABBV,89.48999786376953,90.5,88.86000061035156,90.11000061035156,72.569580078125,10076300.0
2020-09-21,ABBV,89.13999938964844,89.43000030517578,87.16999816894531,89.08999633789062,71.74812316894531,7328300.0
2020-09-22,ABBV,88.9000015258789,88.94999694824219,87.93000030517578,88.5999984741211,71.3534927368164,5306100.0
2020-09-23,ABBV,89.0,89.2699966430664,87.12000274658203,87.13999938964844,70.17768859863281,6253000.0
2020-09-24,ABBV,87.0,87.0,85.31999969482422,85.91000366210938,69.1871109008789,9980800.0
2020-09-25,ABBV,86.0,86.86000061035156,85.45999908447266,86.2300033569336,69.44483947753906,9935600.0
2020-09-28,ABBV,87.29000091552734,88.19999694824219,86.87000274658203,87.27999877929688,70.29044342041016,6306900.0
2020-09-29,ABBV,87.11000061035156,87.27999877929688,86.30999755859375,86.88999938964844,69.97634887695312,5508900.0
2020-09-30,ABBV,87.0,88.44000244140625,86.80999755859375,87.58999633789062,70.54010772705078,8209300.0
2020-10-01,ABBV,88.16999816894531,88.16999816894531,86.7300033569336,87.13999938964844,70.17768859863281,8777300.0
2020-10-02,ABBV,86.5,87.3499984741211,86.05000305175781,86.12000274658203,69.35626220703125,5554300.0
2020-10-05,ABBV,86.48999786376953,88.18000030517578,86.20999908447266,87.93000030517578,70.81392669677734,5984200.0
2020-10-06,ABBV,87.97000122070312,88.05999755859375,85.70999908447266,85.88999938964844,69.17101287841797,8743800.0
2020-10-07,ABBV,86.16000366210938,87.30000305175781,86.02999877929688,87.06999969482422,70.12133026123047,5899700.0
2020-10-08,ABBV,87.2699966430664,88.58000183105469,86.91999816894531,87.33999633789062,70.3387680053711,5535100.0
2020-10-09,ABBV,87.41000366210938,88.69999694824219,87.3499984741211,87.69999694824219,70.62867736816406,6005800.0
2020-10-12,ABBV,88.16999816894531,88.5999984741211,87.31999969482422,88.31999969482422,71.12800598144531,7314900.0
2020-10-13,ABBV,88.01000213623047,88.80000305175781,87.47000122070312,87.83000183105469,70.7333984375,7851700.0
2020-10-14,ABBV,86.83000183105469,87.11000061035156,85.9000015258789,86.06999969482422,70.25992584228516,5863900.0
2020-10-15,ABBV,85.41000366210938,85.73999786376953,84.95999908447266,85.2300033569336,69.57421875,6190900.0
2020-10-16,ABBV,85.88999938964844,87.1500015258789,85.76000213623047,86.2699966430664,70.42317199707031,5358500.0
2020-10-19,ABBV,86.58999633789062,86.79000091552734,84.12999725341797,84.30999755859375,68.82323455810547,10288000.0
2020-10-20,ABBV,84.19000244140625,84.83000183105469,83.41999816894531,84.25,68.77424621582031,6932100.0
2020-10-21,ABBV,83.58000183105469,84.13999938964844,82.55999755859375,82.88999938964844,67.66404724121094,9776900.0
2020-10-22,ABBV,83.0199966430664,84.88999938964844,82.91999816894531,84.30999755859375,68.82323455810547,8080100.0
2020-10-23,ABBV,84.63999938964844,85.1500015258789,83.94000244140625,84.33999633789062,68.84770202636719,4238700.0
2020-10-26,ABBV,84.08999633789062,84.31999969482422,82.80999755859375,83.91999816894531,68.50487518310547,7986300.0
2020-10-27,ABBV,84.0,84.26000213623047,82.68000030517578,82.70999908447266,67.5171127319336,6705600.0
2020-10-28,ABBV,81.3499984741211,82.20999908447266,80.23999786376953,80.48999786376953,65.70491027832031,11480200.0
2020-10-29,ABBV,80.5,81.37000274658203,79.11000061035156,80.66999816894531,65.85183715820312,8876700.0
2020-10-30,ABBV,83.19999694824219,86.13999938964844,83.0,85.0999984741211,69.46809387207031,18089100.0
2020-11-02,ABBV,86.02999877929688,88.54000091552734,86.0,88.25,72.03948211669922,10781400.0
2020-11-03,ABBV,89.13999938964844,89.38999938964844,87.43000030517578,87.95999908447266,71.80274963378906,8518800.0
2020-11-04,ABBV,93.13999938964844,97.48999786376953,92.66999816894531,94.5,77.14143371582031,25849000.0
2020-11-05,ABBV,95.36000061035156,95.5199966430664,93.0,93.69000244140625,76.48021697998047,8013000.0
2020-11-06,ABBV,92.9800033569336,93.6500015258789,91.70999908447266,92.8499984741211,75.79450988769531,7006900.0
2020-11-09,ABBV,95.73999786376953,96.94999694824219,94.66999816894531,95.12000274658203,77.64754486083984,11028900.0
2020-11-10,ABBV,96.01000213623047,99.12999725341797,95.62999725341797,98.87000274658203,80.70870208740234,12267200.0
2020-11-11,ABBV,99.1500015258789,99.87000274658203,97.7699966430664,98.1500015258789,80.12097930908203,9476500.0
2020-11-12,ABBV,97.5,97.75,96.27999877929688,97.5999984741211,79.6719970703125,7646600.0
2020-11-13,ABBV,97.41000366210938,99.55000305175781,97.4000015258789,99.04000091552734,80.84750366210938,6888600.0
2020-11-16,ABBV,99.95999908447266,100.54000091552734,98.33000183105469,98.36000061035156,80.2923812866211,8611300.0
2020-11-17,ABBV,99.37000274658203,100.26000213623047,98.73999786376953,99.20999908447266,80.98625183105469,11593500.0
2020-11-18,ABBV,100.0,100.29000091552734,98.68000030517578,98.72000122070312,80.58625793457031,8880600.0
2020-11-19,ABBV,98.76000213623047,100.1500015258789,98.58999633789062,99.66999816894531,81.36174774169922,7550300.0
2020-11-20,ABBV,99.94999694824219,101.83000183105469,98.62000274658203,100.83999633789062,82.31685638427734,9682500.0
2020-11-23,ABBV,101.94000244140625,102.76000213623047,101.06999969482422,102.18000030517578,83.41071319580078,7541500.0
2020-11-24,ABBV,102.87999725341797,104.81999969482422,102.58000183105469,103.95999908447266,84.86373901367188,9322200.0
2020-11-25,ABBV,103.81999969482422,104.45999908447266,103.38999938964844,104.19999694824219,85.05965423583984,6368100.0
2020-11-27,ABBV,104.9800033569336,105.80000305175781,104.30000305175781,104.88999938964844,85.62290954589844,4418800.0
2020-11-30,ABBV,105.12000274658203,105.41999816894531,103.6500015258789,104.58000183105469,85.36983489990234,20726500.0
2020-12-01,ABBV,105.05000305175781,106.37999725341797,104.04000091552734,104.04000091552734,84.92904663085938,7623500.0
2020-12-02,ABBV,104.0,105.37999725341797,103.31999969482422,104.98999786376953,85.70453643798828,5492200.0
2020-12-03,ABBV,105.0,105.69999694824219,104.30000305175781,104.73999786376953,85.50045776367188,4693600.0
2020-12-04,ABBV,105.0199966430664,107.30999755859375,105.0199966430664,107.27999877929688,87.57389831542969,7235800.0
2020-12-07,ABBV,107.04000091552734,107.20999908447266,104.95999908447266,105.83999633789062,86.39842987060547,6532500.0
2020-12-08,ABBV,105.69999694824219,108.3499984741211,105.5999984741211,107.69000244140625,87.90857696533203,6688200.0
2020-12-09,ABBV,107.9000015258789,109.1500015258789,107.62999725341797,108.66999816894531,88.70856475830078,7350700.0
2020-12-10,ABBV,109.05999755859375,109.06999969482422,106.66999816894531,107.48999786376953,87.74530792236328,6285700.0
2020-12-11,ABBV,107.01000213623047,107.41999816894531,105.58000183105469,106.33999633789062,86.80654907226562,5205200.0
2020-12-14,ABBV,107.43000030517578,108.06999969482422,104.08999633789062,104.19999694824219,85.05965423583984,8272700.0
2020-12-15,ABBV,105.44000244140625,105.44999694824219,102.31999969482422,102.81999969482422,83.93315124511719,12101000.0
2020-12-16,ABBV,102.5,105.41000366210938,101.9000015258789,104.63999938964844,85.41883087158203,9182100.0
2020-12-17,ABBV,104.86000061035156,105.5,104.11000061035156,104.88999938964844,85.62290954589844,6360600.0
2020-12-18,ABBV,105.02999877929688,105.05999755859375,103.19999694824219,104.44999694824219,85.26373291015625,13906800.0
2020-12-21,ABBV,102.76000213623047,103.91999816894531,101.55000305175781,103.70999908447266,84.65966033935547,6664600.0
2020-12-22,ABBV,103.41000366210938,103.5,102.01000213623047,102.80000305175781,83.91681671142578,4002900.0
2020-12-23,ABBV,103.05999755859375,103.93000030517578,102.91000366210938,103.27999877929688,84.30865478515625,3659100.0
2020-12-24,ABBV,103.11000061035156,103.38999938964844,102.5999984741211,103.26000213623047,84.29231262207031,1378600.0
2020-12-28,ABBV,103.6500015258789,103.87999725341797,102.72000122070312,103.44999694824219,84.44741821289062,3948900.0
2020-12-29,ABBV,103.94999694824219,105.37000274658203,103.94999694824219,104.69999694824219,85.4677963256836,5096400.0
2020-12-30,ABBV,105.11000061035156,106.2300033569336,105.0999984741211,105.2699966430664,85.9330825805664,5328400.0
2020-12-31,ABBV,105.26000213623047,107.27999877929688,104.8499984741211,107.1500015258789,87.4677734375,6148100.0
2021-01-04,ABBV,107.18000030517578,107.3499984741211,103.86000061035156,105.41000366210938,86.04739379882812,9523400.0
2021-01-05,ABBV,105.41000366210938,107.0199966430664,104.62999725341797,106.5,86.93717193603516,6823800.0
2021-01-06,ABBV,104.75,107.19000244140625,104.18000030517578,105.58000183105469,86.1861801147461,11017500.0
2021-01-07,ABBV,106.11000061035156,107.05999755859375,105.56999969482422,106.70999908447266,87.10859680175781,8196000.0
2021-01-08,ABBV,106.83999633789062,107.52999877929688,105.76000213623047,107.2699966430664,87.56573486328125,5345900.0
2021-01-11,ABBV,107.06999969482422,109.55999755859375,107.06999969482422,109.0199966430664,88.99427032470703,6334200.0
2021-01-12,ABBV,109.22000122070312,110.77999877929688,109.12000274658203,109.77999877929688,89.61466979980469,6106900.0
2021-01-13,ABBV,109.80000305175781,113.41000366210938,109.69999694824219,112.44999694824219,91.79421997070312,9821300.0
2021-01-14,ABBV,110.69999694824219,112.69000244140625,109.5,111.62999725341797,92.19062805175781,8268800.0
2021-01-15,ABBV,111.19999694824219,111.55999755859375,109.4800033569336,110.5199966430664,91.27393341064453,9196200.0
2021-01-19,ABBV,111.25,112.30999755859375,110.26000213623047,112.18000030517578,92.64485931396484,7723800.0
2021-01-20,ABBV,112.91000366210938,113.0999984741211,111.47000122070312,112.62000274658203,93.00823974609375,6554600.0
2021-01-21,ABBV,112.62999725341797,112.75,110.76000213623047,111.26000213623047,91.88507843017578,5417000.0
2021-01-22,ABBV,110.6500015258789,111.5999984741211,109.4800033569336,110.86000061035156,91.55472564697266,5185500.0
2021-01-25,ABBV,109.7300033569336,111.2300033569336,109.20999908447266,110.5,91.25740814208984,6928200.0
2021-01-26,ABBV,111.30000305175781,111.30000305175781,108.55999755859375,108.80000305175781,89.85345458984375,5554600.0
2021-01-27,ABBV,106.27999877929688,106.69999694824219,102.58999633789062,102.79000091552734,84.89004516601562,11887900.0
2021-01-28,ABBV,104.0,105.13999938964844,103.11000061035156,104.20999908447266,86.06275177001953,8534300.0
2021-01-29,ABBV,104.0,104.48999786376953,101.80999755859375,102.4800033569336,84.634033203125,9380400.0
2021-02-01,ABBV,103.0,103.88999938964844,101.86000061035156,102.30000305175781,84.4853744506836,7518200.0
2021-02-02,ABBV,102.87999725341797,104.30999755859375,102.5,103.47000122070312,85.45162200927734,10481300.0
2021-02-03,ABBV,106.19999694824219,107.56999969482422,104.01000213623047,106.94999694824219,88.32562255859375,12101900.0
2021-02-04,ABBV,106.87000274658203,108.87999725341797,105.25,108.52999877929688,89.63046264648438,9077800.0
2021-02-05,ABBV,109.62999725341797,110.2699966430664,108.44000244140625,108.7300033569336,89.79564666748047,7251000.0
2021-02-08,ABBV,108.88999938964844,108.9800033569336,105.80999755859375,106.83999633789062,88.23477172851562,9199100.0
2021-02-09,ABBV,106.0,106.5,105.11000061035156,105.4000015258789,87.04551696777344,5506900.0
2021-02-10,ABBV,105.9800033569336,106.12999725341797,103.72000122070312,104.05000305175781,85.93061828613281,7446000.0
2021-02-11,ABBV,104.56999969482422,104.68000030517578,103.31999969482422,103.75,85.68286895751953,5090100.0
2021-02-12,ABBV,103.76000213623047,104.56999969482422,103.1500015258789,104.44000244140625,86.2527084350586,3738400.0
2021-02-16,ABBV,105.33000183105469,106.19000244140625,104.0199966430664,104.19999694824219,86.05448913574219,5637300.0
2021-02-17,ABBV,104.69999694824219,106.75,104.1500015258789,106.29000091552734,87.7805404663086,6940400.0
2021-02-18,ABBV,105.31999969482422,106.61000061035156,105.20999908447266,106.05999755859375,87.5905990600586,5386600.0
2021-02-19,ABBV,106.2300033569336,106.69999694824219,104.91000366210938,105.01000213623047,86.72346496582031,6702400.0
2021-02-22,ABBV,104.66000366210938,107.68000030517578,104.2300033569336,107.05999755859375,88.41646575927734,10272500.0
2021-02-23,ABBV,106.97000122070312,107.5999984741211,105.95999908447266,106.2699966430664,87.7640380859375,7058600.0
2021-02-24,ABBV,106.0,109.44000244140625,105.5999984741211,108.69000244140625,89.76262664794922,7626200.0
2021-02-25,ABBV,108.4800033569336,109.30000305175781,107.06999969482422,107.33000183105469,88.63943481445312,6237600.0
2021-02-26,ABBV,107.68000030517578,108.58000183105469,105.36000061035156,107.73999786376953,88.97804260253906,9250000.0
2021-03-01,ABBV,108.52999877929688,109.20999908447266,108.06999969482422,108.41000366210938,89.53135681152344,4709500.0
2021-03-02,ABBV,108.8499984741211,109.37999725341797,107.80999755859375,107.8499984741211,89.06889343261719,5487000.0
2021-03-03,ABBV,106.86000061035156,107.13999938964844,105.45999908447266,106.70999908447266,88.12740325927734,7218700.0
2021-03-04,ABBV,106.5,107.75,104.94999694824219,105.6500015258789,87.25199127197266,7503700.0
2021-03-05,ABBV,106.01000213623047,106.98999786376953,104.06999969482422,106.69999694824219,88.11915588378906,7277800.0
2021-03-08,ABBV,106.8499984741211,108.16000366210938,105.80000305175781,106.11000061035156,87.63189697265625,6049400.0
2021-03-09,ABBV,106.4800033569336,108.69000244140625,106.44000244140625,106.79000091552734,88.19348907470703,6857500.0
2021-03-10,ABBV,107.38999938964844,108.36000061035156,107.05000305175781,108.0,89.19276428222656,5762600.0
2021-03-11,ABBV,108.12999725341797,108.62999725341797,107.33999633789062,107.87000274658203,89.08540344238281,4671400.0
2021-03-12,ABBV,107.80000305175781,108.58000183105469,107.37000274658203,108.22000122070312,89.37445068359375,5341200.0
2021-03-15,ABBV,108.66999816894531,110.36000061035156,108.36000061035156,110.26000213623047,91.0592041015625,6642200.0
2021-03-16,ABBV,109.94999694824219,111.08000183105469,109.9000015258789,110.83999633789062,91.53820037841797,5570200.0
2021-03-17,ABBV,103.76000213623047,105.08999633789062,102.80000305175781,105.04000091552734,86.74822235107422,19445600.0
2021-03-18,ABBV,104.0,104.98999786376953,103.41999816894531,103.7699966430664,85.69937896728516,8675100.0
2021-03-19,ABBV,103.93000030517578,104.43000030517578,102.91999816894531,103.41999816894531,85.41033935546875,10899100.0
2021-03-22,ABBV,103.5,106.4000015258789,102.87999725341797,105.9000015258789,87.4584732055664,7627200.0
2021-03-23,ABBV,105.37000274658203,105.94000244140625,104.51000213623047,104.83999633789062,86.58304595947266,6111600.0
2021-03-24,ABBV,104.81999969482422,105.33000183105469,103.05000305175781,103.05999755859375,85.113037109375,9420100.0
2021-03-25,ABBV,102.9000015258789,104.1500015258789,102.05000305175781,103.87999725341797,85.79020690917969,6281500.0
2021-03-26,ABBV,103.87000274658203,106.12000274658203,103.83999633789062,105.9800033569336,87.52452850341797,6596900.0
2021-03-29,ABBV,105.76000213623047,107.0,105.48999786376953,106.7300033569336,88.14390563964844,5472700.0
2021-03-30,ABBV,106.86000061035156,107.02999877929688,105.87000274658203,106.79000091552734,88.19348907470703,5354100.0
2021-03-31,ABBV,106.87999725341797,109.18000030517578,106.80000305175781,108.22000122070312,89.37445068359375,9048000.0
2021-04-01,ABBV,108.91999816894531,108.9800033569336,107.31999969482422,108.5199966430664,89.62220764160156,5091700.0
2021-04-05,ABBV,109.08000183105469,109.08000183105469,105.4000015258789,106.13999938964844,87.65666198730469,10584400.0
2021-04-06,ABBV,105.8499984741211,106.27999877929688,104.87999725341797,105.37999725341797,87.02902221679688,8522500.0
2021-04-07,ABBV,105.52999877929688,106.12999725341797,104.16999816894531,105.20999908447266,86.88862609863281,8037300.0
2021-04-08,ABBV,105.4000015258789,106.91999816894531,105.3499984741211,106.0999984741211,87.62364196777344,5881800.0
2021-04-09,ABBV,106.38999938964844,107.72000122070312,106.05000305175781,107.54000091552734,88.81288146972656,5977500.0
2021-04-12,ABBV,107.81999969482422,108.56999969482422,107.36000061035156,108.25,89.39923095703125,5647500.0
2021-04-13,ABBV,108.02999877929688,108.36000061035156,107.02999877929688,108.22000122070312,89.37445068359375,6165100.0
2021-04-14,ABBV,106.22000122070312,106.66999816894531,105.58000183105469,105.9000015258789,88.52183532714844,7766700.0
2021-04-15,ABBV,105.98999786376953,106.94999694824219,105.62000274658203,106.88999938964844,89.34938049316406,5730500.0
2021-04-16,ABBV,107.48999786376953,108.55000305175781,107.13999938964844,107.91000366210938,90.20199584960938,8207700.0
2021-04-19,ABBV,107.97000122070312,108.7300033569336,107.12000274658203,108.61000061035156,90.78713989257812,4542900.0
2021-04-20,ABBV,108.12000274658203,109.55999755859375,108.05000305175781,109.02999877929688,91.1382064819336,5411800.0
2021-04-21,ABBV,109.79000091552734,111.44000244140625,109.3499984741211,110.80000305175781,92.61775970458984,6181100.0
2021-04-22,ABBV,110.6500015258789,111.08999633789062,109.61000061035156,110.05000305175781,91.99081420898438,5046000.0
2021-04-23,ABBV,109.70999908447266,111.7699966430664,109.55000305175781,111.37999725341797,93.10256958007812,4611000.0
2021-04-26,ABBV,111.55999755859375,112.04000091552734,110.8499984741211,111.38999938964844,93.11091613769531,5202300.0
2021-04-27,ABBV,111.25,111.8499984741211,110.58000183105469,111.44000244140625,93.15271759033203,3522900.0
2021-04-28,ABBV,111.68000030517578,112.56999969482422,111.31999969482422,111.93000030517578,93.56230926513672,5116000.0
2021-04-29,ABBV,112.37999725341797,112.61000061035156,110.33000183105469,110.88999938964844,92.69296264648438,6766700.0
2021-04-30,ABBV,111.47000122070312,112.30999755859375,110.11000061035156,111.5,93.202880859375,10575400.0
2021-05-03,ABBV,112.4000015258789,115.0999984741211,111.58999633789062,114.68000030517578,95.86103057861328,9138200.0
2021-05-04,ABBV,114.62000274658203,115.94000244140625,113.05000305175781,113.9000015258789,95.20904541015625,8151400.0
2021-05-05,ABBV,114.30999755859375,116.27999877929688,113.94999694824219,115.77999877929688,96.78052520751953,7021400.0
2021-05-06,ABBV,115.0,116.18000030517578,114.16000366210938,116.08000183105469,97.03130340576172,5803800.0
2021-05-07,ABBV,116.37999725341797,116.93000030517578,114.95999908447266,115.75,96.75544738769531,6808200.0
2021-05-10,ABBV,116.37999725341797,117.19999694824219,115.97000122070312,116.22000122070312,97.14832305908203,7093300.0
2021-05-11,ABBV,115.4800033569336,116.56999969482422,114.37999725341797,114.88999938964844,96.03659057617188,5784600.0
2021-05-12,ABBV,114.8499984741211,116.0,114.44000244140625,114.95999908447266,96.0950927734375,6208300.0
2021-05-13,ABBV,115.55000305175781,117.19999694824219,115.01000213623047,116.5999984741211,97.46595764160156,6558200.0
2021-05-14,ABBV,117.36000061035156,117.58999633789062,116.37999725341797,116.43000030517578,97.32386016845703,6268500.0
2021-05-17,ABBV,116.7699966430664,117.70999908447266,116.55999755859375,116.88999938964844,97.7083740234375,6183200.0
2021-05-18,ABBV,116.11000061035156,117.9000015258789,115.31999969482422,117.20999908447266,97.97586822509766,8174900.0
2021-05-19,ABBV,116.45999908447266,116.5,114.37999725341797,115.8499984741211,96.83905029296875,6433600.0
2021-05-20,ABBV,115.33999633789062,117.33999633789062,115.12000274658203,117.11000061035156,97.89228820800781,5526100.0
2021-05-21,ABBV,117.5199966430664,118.27999877929688,116.05999755859375,116.12000274658203,97.06473541259766,5577800.0
2021-05-24,ABBV,116.58999633789062,116.80999755859375,115.58999633789062,115.91000366210938,96.88919067382812,4821300.0
2021-05-25,ABBV,115.97000122070312,116.0,114.19000244140625,114.55999755859375,95.7607192993164,6574200.0
2021-05-26,ABBV,114.52999877929688,114.73999786376953,113.76000213623047,114.69999694824219,95.87775421142578,5802600.0
2021-05-27,ABBV,115.12000274658203,115.19999694824219,112.0199966430664,112.31999969482422,93.88831329345703,26406000.0
2021-05-28,ABBV,113.33000183105469,114.4800033569336,112.86000061035156,113.19999694824219,94.62391662597656,7104300.0
2021-06-01,ABBV,113.69999694824219,113.98999786376953,112.04000091552734,112.20999908447266,93.79635620117188,6846200.0
2021-06-02,ABBV,112.41000366210938,112.66000366210938,110.8499984741211,111.4000015258789,93.11930084228516,8100700.0
2021-06-03,ABBV,111.12000274658203,112.41000366210938,110.6500015258789,112.20999908447266,93.79635620117188,6286100.0
2021-06-04,ABBV,112.4000015258789,113.11000061035156,112.16000366210938,112.36000061035156,93.92174530029297,4255400.0
2021-06-07,ABBV,112.70999908447266,114.11000061035156,112.33000183105469,113.01000213623047,94.465087890625,5570100.0
2021-06-08,ABBV,112.68000030517578,113.08999633789062,111.81999969482422,112.33999633789062,93.90502166748047,4114200.0
2021-06-09,ABBV,112.87999725341797,114.41999816894531,112.73999786376953,114.0,95.2926254272461,4884000.0
2021-06-10,ABBV,114.36000061035156,116.98999786376953,114.1500015258789,116.23999786376953,97.1650390625,6263800.0
2021-06-11,ABBV,116.23999786376953,116.36000061035156,114.87000274658203,115.41999816894531,96.4796142578125,4471400.0
2021-06-14,ABBV,115.06999969482422,115.4800033569336,114.19000244140625,115.4000015258789,96.462890625,4427600.0
2021-06-15,ABBV,115.36000061035156,115.94000244140625,114.5199966430664,115.83000183105469,96.82233428955078,3590500.0
2021-06-16,ABBV,116.22000122070312,116.52999877929688,115.16999816894531,115.52999877929688,96.57154083251953,6670200.0
2021-06-17,ABBV,114.9800033569336,115.88999938964844,114.02999877929688,114.9000015258789,96.04493713378906,4172300.0
2021-06-18,ABBV,113.63999938964844,114.19999694824219,113.05000305175781,113.12000274658203,94.55703735351562,7415400.0
2021-06-21,ABBV,113.69000244140625,115.25,112.7699966430664,114.7300033569336,95.90283203125,4666100.0
2021-06-22,ABBV,114.48999786376953,115.27999877929688,113.87999725341797,114.69999694824219,95.87775421142578,4359900.0
2021-06-23,ABBV,114.55000305175781,115.02999877929688,113.94999694824219,114.0,95.2926254272461,3837300.0
2021-06-24,ABBV,114.41999816894531,116.19000244140625,114.26000213623047,114.73999786376953,95.91120147705078,7712300.0
2021-06-25,ABBV,112.9000015258789,113.58999633789062,112.13999938964844,112.9800033569336,94.44001007080078,11709400.0
2021-06-28,ABBV,113.26000213623047,114.11000061035156,112.83999633789062,113.0,94.45671844482422,5141800.0
2021-06-29,ABBV,112.6500015258789,112.75,111.61000061035156,112.30000305175781,93.87161254882812,5795100.0
2021-06-30,ABBV,112.20999908447266,112.91999816894531,111.62999725341797,112.63999938964844,94.15580749511719,5042600.0
2021-07-01,ABBV,112.94999694824219,114.55000305175781,112.88999938964844,114.26000213623047,95.50997161865234,5306900.0
2021-07-02,ABBV,114.5199966430664,115.48999786376953,113.88999938964844,115.16999816894531,96.27062225341797,5719500.0
2021-07-06,ABBV,115.16999816894531,115.9000015258789,114.7699966430664,115.7300033569336,96.73873138427734,7172100.0
2021-07-07,ABBV,115.91000366210938,116.97000122070312,115.30999755859375,116.75,97.59135437011719,6695100.0
2021-07-08,ABBV,115.76000213623047,116.80999755859375,115.68000030517578,116.3499984741211,97.25700378417969,3948800.0
2021-07-09,ABBV,116.30000305175781,117.33000183105469,116.11000061035156,116.58000183105469,97.44924926757812,4823400.0
2021-07-12,ABBV,116.80000305175781,118.3499984741211,116.62000274658203,117.62999725341797,98.3269271850586,8148400.0
2021-07-13,ABBV,117.58999633789062,118.08999633789062,116.69000244140625,117.91000366210938,98.56099700927734,6540300.0
2021-07-14,ABBV,116.87000274658203,117.55000305175781,116.38999938964844,117.36000061035156,99.1949234008789,6543400.0
2021-07-15,ABBV,116.80999755859375,117.48999786376953,115.75,117.18000030517578,99.04277038574219,4544600.0
2021-07-16,ABBV,117.91000366210938,118.33000183105469,116.91999816894531,117.5,99.31324005126953,6826100.0
2021-07-19,ABBV,116.66999816894531,117.0,113.73999786376953,115.41999816894531,97.5551986694336,6762000.0
2021-07-20,ABBV,115.55000305175781,117.7300033569336,115.45999908447266,116.05000305175781,98.08768463134766,5581400.0
2021-07-21,ABBV,116.63999938964844,117.06999969482422,115.79000091552734,116.98999786376953,98.8821792602539,4133800.0
2021-07-22,ABBV,116.63999938964844,117.91000366210938,116.38999938964844,117.54000091552734,99.34706115722656,6257000.0
2021-07-23,ABBV,117.9800033569336,118.66999816894531,117.56999969482422,118.19000244140625,99.89645385742188,4411100.0
2021-07-26,ABBV,118.12999725341797,118.47000122070312,117.2699966430664,117.79000091552734,99.55835723876953,3730100.0
2021-07-27,ABBV,117.79000091552734,118.30000305175781,116.76000213623047,117.95999908447266,99.70204162597656,3773100.0
2021-07-28,ABBV,117.62999725341797,118.93000030517578,117.30000305175781,118.55000305175781,100.20073699951172,5650400.0
2021-07-29,ABBV,119.02999877929688,119.12999725341797,118.1500015258789,118.87000274658203,100.47119903564453,4632200.0
2021-07-30,ABBV,119.0,119.1500015258789,116.12000274658203,116.30000305175781,98.29898071289062,9017200.0
2021-08-02,ABBV,116.88999938964844,117.23999786376953,115.41000366210938,115.44999694824219,97.58052825927734,9245500.0
2021-08-03,ABBV,115.66999816894531,116.30999755859375,114.88999938964844,116.25,98.2567138671875,5902700.0
2021-08-04,ABBV,115.77999877929688,116.5199966430664,114.91000366210938,115.08000183105469,97.267822265625,4602000.0
2021-08-05,ABBV,115.12999725341797,115.55999755859375,114.44999694824219,115.12000274658203,97.30162811279297,5132400.0
2021-08-06,ABBV,115.26000213623047,115.55000305175781,114.43000030517578,114.44999694824219,96.7353286743164,5340400.0
2021-08-09,ABBV,114.58000183105469,115.19000244140625,113.73999786376953,114.05999755859375,96.40567779541016,5277900.0
2021-08-10,ABBV,114.19999694824219,115.02999877929688,112.91999816894531,114.81999969482422,97.04804229736328,5120800.0
2021-08-11,ABBV,115.16000366210938,115.33999633789062,113.55000305175781,113.72000122070312,96.1183090209961,6840400.0
2021-08-12,ABBV,113.95999908447266,115.7300033569336,113.91000366210938,115.63999938964844,97.74114227294922,4863600.0
2021-08-13,ABBV,115.81999969482422,116.76000213623047,115.69999694824219,116.4800033569336,98.45113372802734,4416400.0
2021-08-16,ABBV,117.0,118.62000274658203,116.70999908447266,118.41000366210938,100.08240509033203,8180500.0
2021-08-17,ABBV,118.08000183105469,119.73999786376953,118.0,119.66000366210938,101.138916015625,6551700.0
2021-08-18,ABBV,119.16999816894531,119.91999816894531,117.18000030517578,117.29000091552734,99.1357421875,5586900.0
2021-08-19,ABBV,116.20999908447266,118.95999908447266,116.20999908447266,117.93000030517578,99.67669677734375,6145200.0
2021-08-20,ABBV,118.0999984741211,119.47000122070312,117.6500015258789,118.81999969482422,100.42891693115234,4112500.0
2021-08-23,ABBV,119.80000305175781,120.44999694824219,119.22000122070312,119.36000061035156,100.8853530883789,4748300.0
2021-08-24,ABBV,119.72000122070312,119.72000122070312,118.41999816894531,119.68000030517578,101.15580749511719,3831500.0
2021-08-25,ABBV,119.86000061035156,121.4000015258789,118.87000274658203,120.4000015258789,101.76438903808594,5241100.0
2021-08-26,ABBV,120.86000061035156,121.25,120.1500015258789,120.4000015258789,101.76438903808594,5035400.0
2021-08-27,ABBV,120.33999633789062,120.63999938964844,119.41999816894531,119.58000183105469,101.0713119506836,4279900.0
2021-08-30,ABBV,119.83999633789062,120.9000015258789,119.54000091552734,120.56999969482422,101.90806579589844,3260900.0
2021-08-31,ABBV,120.83000183105469,121.16999816894531,120.02999877929688,120.77999877929688,102.0855712890625,6021800.0
2021-09-01,ABBV,121.0,121.52999877929688,106.0999984741211,112.2699966430664,94.89274597167969,50943200.0
2021-09-02,ABBV,113.55000305175781,113.73999786376953,110.81999969482422,112.0199966430664,94.68143463134766,14719200.0
2021-09-03,ABBV,111.18000030517578,112.06999969482422,111.0199966430664,111.62000274658203,94.3433609008789,5364800.0
2021-09-07,ABBV,110.44999694824219,111.56999969482422,108.31999969482422,109.02999877929688,92.15423583984375,12694200.0
2021-09-08,ABBV,108.05999755859375,110.9000015258789,107.72000122070312,110.36000061035156,93.27838134765625,10823200.0
2021-09-09,ABBV,109.44000244140625,109.73999786376953,107.19999694824219,107.2699966430664,90.66665649414062,10337100.0
2021-09-10,ABBV,107.4800033569336,108.31999969482422,106.36000061035156,106.68000030517578,90.16797637939453,7620100.0
2021-09-13,ABBV,107.38999938964844,108.7699966430664,106.80999755859375,107.4800033569336,90.84416198730469,7398900.0
2021-09-14,ABBV,107.98999786376953,108.06999969482422,106.25,106.4800033569336,89.9989242553711,6102700.0
2021-09-15,ABBV,106.58999633789062,108.80000305175781,106.02999877929688,107.7699966430664,91.0892562866211,7444300.0
2021-09-16,ABBV,108.23999786376953,108.75,106.52999877929688,108.08000183105469,91.35128784179688,5821800.0
2021-09-17,ABBV,107.5,108.25,107.0999984741211,107.7300033569336,91.05546569824219,14157200.0
2021-09-20,ABBV,106.0999984741211,107.48999786376953,105.55999755859375,106.4000015258789,89.93131256103516,7103400.0
2021-09-21,ABBV,106.25,107.41000366210938,106.19999694824219,107.1500015258789,90.56523132324219,6400400.0
2021-09-22,ABBV,107.01000213623047,107.58000183105469,105.93000030517578,106.41000366210938,89.93975830078125,6319100.0
2021-09-23,ABBV,106.98999786376953,108.2699966430664,106.6500015258789,107.36000061035156,90.74272155761719,5847800.0
2021-09-24,ABBV,106.87000274658203,108.05000305175781,106.44000244140625,107.06999969482422,90.49761199951172,5836100.0
2021-09-27,ABBV,107.12999725341797,108.63999938964844,107.0199966430664,107.72000122070312,91.04700469970703,4969600.0
2021-09-28,ABBV,107.62000274658203,108.62000274658203,107.04000091552734,107.33999633789062,90.72582244873047,6445600.0
2021-09-29,ABBV,107.8499984741211,109.58000183105469,107.4800033569336,108.83999633789062,91.99364471435547,6270100.0
2021-09-30,ABBV,109.19999694824219,110.41999816894531,107.77999877929688,107.87000274658203,91.17376708984375,7886400.0
2021-10-01,ABBV,108.25,109.69000244140625,106.87000274658203,109.08999633789062,92.20497131347656,8611500.0
2021-10-04,ABBV,108.83999633789062,110.19999694824219,107.69000244140625,108.7300033569336,91.90067291259766,9779200.0
2021-10-05,ABBV,109.38999938964844,110.58000183105469,109.0999984741211,109.51000213623047,92.55994415283203,7146900.0
2021-10-06,ABBV,109.30000305175781,109.66999816894531,108.1500015258789,109.31999969482422,92.39935302734375,5710300.0
2021-10-07,ABBV,109.77999877929688,111.79000091552734,109.55999755859375,110.87000274658203,93.70942687988281,7842600.0
2021-10-08,ABBV,111.05000305175781,111.75,110.63999938964844,111.18000030517578,93.97145080566406,5019800.0
2021-10-11,ABBV,111.13999938964844,111.4000015258789,110.27999877929688,110.33999633789062,93.2614517211914,4613800.0
2021-10-12,ABBV,110.12000274658203,110.26000213623047,108.16000366210938,108.56999969482422,91.76544189453125,6305800.0
2021-10-13,ABBV,108.58999633789062,109.04000091552734,108.0,108.52999877929688,91.73160552978516,5471100.0
2021-10-14,ABBV,107.95999908447266,108.98999786376953,107.80000305175781,108.91000366210938,93.16881561279297,7289500.0
2021-10-15,ABBV,109.1500015258789,109.95999908447266,109.08000183105469,109.33000183105469,93.52808380126953,4634500.0
2021-10-18,ABBV,108.98999786376953,108.98999786376953,107.08999633789062,107.43000030517578,91.9027328491211,7949400.0
2021-10-19,ABBV,107.75,108.06999969482422,106.86000061035156,107.44999694824219,91.91984558105469,4614900.0
2021-10-20,ABBV,107.5,109.11000061035156,107.5,108.41000366210938,92.74108123779297,5626800.0
2021-10-21,ABBV,108.41000366210938,108.94999694824219,107.1500015258789,108.76000213623047,93.04049682617188,4811800.0
2021-10-22,ABBV,108.66999816894531,109.22000122070312,108.30999755859375,109.13999938964844,93.36557006835938,4614400.0
2021-10-25,ABBV,109.08000183105469,109.13999938964844,107.75,108.5,92.81807708740234,5697400.0
2021-10-26,ABBV,108.80999755859375,109.58000183105469,108.19999694824219,109.48999786376953,93.66499328613281,5047400.0
2021-10-27,ABBV,109.58000183105469,109.72000122070312,108.16999816894531,108.4000015258789,92.73251342773438,4875300.0
2021-10-28,ABBV,108.38999938964844,109.9000015258789,108.19999694824219,109.66999816894531,93.81898498535156,5193300.0
2021-10-29,ABBV,112.08999633789062,114.91999816894531,111.41999816894531,114.66999816894531,98.0963134765625,16545000.0
2021-11-01,ABBV,115.25,115.72000122070312,113.56999969482422,114.80999755859375,98.21607208251953,7096800.0
2021-11-02,ABBV,115.25,117.69000244140625,115.16000366210938,116.52999877929688,99.68743896484375,10357800.0
2021-11-03,ABBV,116.52999877929688,117.61000061035156,116.23999786376953,117.56999969482422,100.57714080810547,6186900.0
2021-11-04,ABBV,117.56999969482422,117.72000122070312,116.33000183105469,117.05999755859375,100.14085388183594,4912200.0
2021-11-05,ABBV,116.7300033569336,117.31999969482422,115.5,117.18000030517578,100.2435073852539,4635800.0
2021-11-08,ABBV,117.19999694824219,117.44999694824219,115.77999877929688,116.05999755859375,99.285400390625,7015000.0
2021-11-09,ABBV,116.23999786376953,116.58999633789062,115.41000366210938,115.61000061035156,98.90043640136719,3146800.0
2021-11-10,ABBV,115.4000015258789,117.0999984741211,115.38999938964844,116.75,99.87567138671875,4981100.0
2021-11-11,ABBV,116.94000244140625,117.48999786376953,116.29000091552734,116.62999725341797,99.77301788330078,3120900.0
2021-11-12,ABBV,117.4000015258789,117.4000015258789,116.43000030517578,116.97000122070312,100.06387329101562,2740300.0
2021-11-15,ABBV,116.94999694824219,117.80000305175781,116.22000122070312,116.83999633789062,99.95267486572266,3941000.0
2021-11-16,ABBV,116.61000061035156,117.47000122070312,116.33999633789062,116.41999816894531,99.59335327148438,3476400.0
2021-11-17,ABBV,116.5999984741211,117.62000274658203,116.25,117.3499984741211,100.38894653320312,4361500.0
2021-11-18,ABBV,117.41000366210938,118.37000274658203,116.63999938964844,117.06999969482422,100.14942169189453,3160300.0
2021-11-19,ABBV,117.62999725341797,117.80000305175781,115.86000061035156,116.23999786376953,99.43939208984375,5885800.0
2021-11-22,ABBV,115.94999694824219,117.33999633789062,115.01000213623047,115.6500015258789,98.93467712402344,3975800.0
2021-11-23,ABBV,116.55999755859375,119.33000183105469,116.1500015258789,118.87999725341797,101.69780731201172,8948300.0
2021-11-24,ABBV,118.68000030517578,119.23999786376953,118.08000183105469,118.66000366210938,101.50959777832031,5792800.0
2021-11-26,ABBV,117.61000061035156,118.11000061035156,115.83000183105469,116.51000213623047,99.67034912109375,5016700.0
2021-11-29,ABBV,116.83000183105469,117.91999816894531,116.58000183105469,116.88999938964844,99.99542999267578,4372500.0
2021-11-30,ABBV,116.68000030517578,116.79000091552734,115.0999984741211,115.27999877929688,98.61812591552734,8172100.0
2021-12-01,ABBV,115.77999877929688,118.9800033569336,115.61000061035156,115.91000366210938,99.1570816040039,6287500.0
2021-12-02,ABBV,116.25,117.5999984741211,115.5999984741211,116.87000274658203,99.97834014892578,4919800.0
2021-12-03,ABBV,117.73999786376953,119.0,117.0,118.8499984741211,101.6721420288086,6428100.0
2021-12-06,ABBV,119.62999725341797,122.44999694824219,119.20999908447266,121.3499984741211,103.81080627441406,8939900.0
2021-12-07,ABBV,121.9800033569336,122.13999938964844,121.0,121.51000213623047,103.94767761230469,6123300.0
2021-12-08,ABBV,121.95999908447266,122.44000244140625,120.75,121.87000274658203,104.25566101074219,5278100.0
2021-12-09,ABBV,122.20999908447266,124.45999908447266,122.0999984741211,124.1500015258789,106.20611572265625,8082300.0
2021-12-10,ABBV,123.72000122070312,126.01000213623047,123.72000122070312,125.47000122070312,107.33534240722656,7059500.0
2021-12-13,ABBV,125.19999694824219,127.73999786376953,125.19999694824219,126.51000213623047,108.22502136230469,7834200.0
2021-12-14,ABBV,125.69999694824219,127.8499984741211,125.37999725341797,127.29000091552734,108.89228057861328,6381400.0
2021-12-15,ABBV,128.25,130.77999877929688,127.5999984741211,130.22999572753906,111.40735626220703,9585600.0
2021-12-16,ABBV,130.10000610351562,133.27999877929688,129.91000366210938,131.77999877929688,112.73331451416016,9569000.0
2021-12-17,ABBV,130.83999633789062,131.02000427246094,129.3699951171875,129.52999877929688,110.80850982666016,12631100.0
2021-12-20,ABBV,128.50999450683594,131.38999938964844,128.22999572753906,130.86000061035156,111.9462890625,7119200.0
2021-12-21,ABBV,131.22999572753906,131.35000610351562,129.14999389648438,129.9499969482422,111.16783905029297,6085900.0
2021-12-22,ABBV,129.91000366210938,132.5800018310547,129.77999877929688,132.0500030517578,112.96429443359375,7070900.0
2021-12-23,ABBV,132.3300018310547,133.77000427246094,132.1699981689453,133.08999633789062,113.85397338867188,5702300.0
2021-12-27,ABBV,133.19000244140625,134.47999572753906,133.16000366210938,134.41000366210938,114.98319244384766,4436800.0
2021-12-28,ABBV,134.5500030517578,135.25999450683594,133.74000549316406,134.38999938964844,114.96607971191406,4237200.0
2021-12-29,ABBV,134.61000061035156,135.8699951171875,134.0800018310547,135.36000061035156,115.79589080810547,5594300.0
2021-12-30,ABBV,135.75,136.8300018310547,135.6300048828125,135.92999267578125,116.28350830078125,6354300.0
2021-12-31,ABBV,136.0399932861328,136.2100067138672,135.3000030517578,135.39999389648438,115.83009338378906,3963400.0
2022-01-03,ABBV,135.41000366210938,135.6999969482422,133.50999450683594,135.4199981689453,115.84722137451172,6839800.0
2022-01-04,ABBV,135.3300018310547,136.22000122070312,134.3800048828125,135.16000366210938,115.62481689453125,6298300.0
2022-01-05,ABBV,135.0,138.14999389648438,135.0,135.8699951171875,116.23216247558594,7724900.0
2022-01-06,ABBV,136.39999389648438,136.66000366210938,135.16000366210938,135.22999572753906,115.68468475341797,4667000.0
2022-01-07,ABBV,135.25,135.83999633789062,134.1300048828125,134.8800048828125,115.38526916503906,8630300.0
2022-01-10,ABBV,135.0800018310547,136.89999389648438,134.57000732421875,136.38999938964844,116.6770248413086,9794400.0
2022-01-11,ABBV,135.85000610351562,137.08999633789062,134.8000030517578,136.97000122070312,117.17321014404297,7159400.0
2022-01-12,ABBV,136.52000427246094,137.38999938964844,136.02999877929688,137.2899932861328,117.44693756103516,6589300.0
2022-01-13,ABBV,135.0,135.1199951171875,132.89999389648438,133.52000427246094,115.40707397460938,8386400.0
2022-01-14,ABBV,133.35000610351562,136.0500030517578,132.2899932861328,135.8699951171875,117.43829345703125,10484500.0
2022-01-18,ABBV,135.50999450683594,137.97999572753906,135.27999877929688,136.77999877929688,118.22483825683594,12341900.0
2022-01-19,ABBV,136.41000366210938,137.5,134.83999633789062,135.2100067138672,116.86784362792969,6196700.0
2022-01-20,ABBV,134.5,134.8000030517578,132.75,133.02999877929688,114.98357391357422,6612800.0
2022-01-21,ABBV,133.05999755859375,134.25,131.6699981689453,131.97999572753906,114.07601165771484,7583000.0
2022-01-24,ABBV,132.82000732421875,133.25,128.25999450683594,132.16000366210938,114.23159790039062,13733800.0
2022-01-25,ABBV,131.49000549316406,134.32000732421875,130.7899932861328,133.08999633789062,115.0354232788086,10296500.0
2022-01-26,ABBV,133.2899932861328,135.47999572753906,132.8300018310547,134.22999572753906,116.02076721191406,8040300.0
2022-01-27,ABBV,135.5,138.3000030517578,135.36000061035156,135.97000122070312,117.52469635009766,8869100.0
2022-01-28,ABBV,135.99000549316406,137.97999572753906,134.60000610351562,137.9199981689453,119.21022033691406,8014400.0
2022-01-31,ABBV,136.82000732421875,137.1699981689453,135.6199951171875,136.88999938964844,118.31991577148438,10300000.0
2022-02-01,ABBV,137.3699951171875,137.83999633789062,136.0399932861328,137.0,118.41500091552734,7413900.0
2022-02-02,ABBV,135.41000366210938,139.41000366210938,133.0500030517578,138.6199951171875,119.81524658203125,11363100.0
2022-02-03,ABBV,139.5,141.7100067138672,139.0399932861328,140.72999572753906,121.6390151977539,10272700.0
2022-02-04,ABBV,140.14999389648438,142.8000030517578,139.22999572753906,140.64999389648438,121.56986236572266,6921500.0
2022-02-07,ABBV,141.1699981689453,143.00999450683594,140.3300018310547,142.52999877929688,123.19481658935547,9597800.0
2022-02-08,ABBV,142.02999877929688,143.60000610351562,141.25,143.50999450683594,124.0418930053711,7559500.0
2022-02-09,ABBV,143.97999572753906,143.97999572753906,142.83999633789062,143.1999969482422,123.77393341064453,5989100.0
2022-02-10,ABBV,143.14999389648438,144.4199981689453,142.30999755859375,142.7100067138672,123.35040283203125,7333400.0
2022-02-11,ABBV,142.86000061035156,143.61000061035156,141.5399932861328,142.00999450683594,122.74535369873047,6475200.0
2022-02-14,ABBV,141.77999877929688,143.19000244140625,139.44000244140625,143.0,123.6010513305664,9931900.0
2022-02-15,ABBV,143.35000610351562,145.4600067138672,143.1999969482422,144.75999450683594,125.12229919433594,9530100.0
2022-02-16,ABBV,144.74000549316406,147.22000122070312,144.16000366210938,145.8699951171875,126.08174133300781,8028900.0
2022-02-17,ABBV,144.8000030517578,145.47000122070312,143.5800018310547,144.97000122070312,125.30381774902344,5486600.0
2022-02-18,ABBV,144.69000244140625,145.72999572753906,143.3699951171875,144.02999877929688,124.49131774902344,7585900.0
2022-02-22,ABBV,141.25,146.35000610351562,141.25,145.55999755859375,125.81377410888672,11576800.0
2022-02-23,ABBV,146.22000122070312,148.35000610351562,145.36000061035156,146.75999450683594,126.85099792480469,9271000.0
2022-02-24,ABBV,143.61000061035156,145.6999969482422,143.47000122070312,145.27000427246094,125.56311798095703,12070200.0
2022-02-25,ABBV,146.1300048828125,150.36000061035156,146.0500030517578,149.5399932861328,129.25387573242188,8320700.0
2022-02-28,ABBV,146.64999389648438,148.0800018310547,145.75999450683594,147.77000427246094,127.72395324707031,11090600.0
2022-03-01,ABBV,147.6699981689453,149.5,146.2100067138672,147.69000244140625,127.65484619140625,7489900.0
2022-03-02,ABBV,147.6999969482422,151.25,147.22000122070312,149.57000732421875,129.27980041503906,8247200.0
2022-03-03,ABBV,149.80999755859375,150.7899932861328,148.85000610351562,150.41000366210938,130.00584411621094,5408400.0
2022-03-04,ABBV,148.60000610351562,150.67999267578125,148.10000610351562,150.55999755859375,130.13548278808594,5389500.0
2022-03-07,ABBV,149.0,150.75,148.19000244140625,149.4499969482422,129.17608642578125,7137700.0
2022-03-08,ABBV,149.0,149.88999938964844,146.36000061035156,147.14999389648438,127.18807983398438,8817500.0
2022-03-09,ABBV,148.25999450683594,150.11000061035156,147.75999450683594,148.83999633789062,128.64881896972656,5368900.0
2022-03-10,ABBV,148.07000732421875,149.75,147.6999969482422,149.1699981689453,128.9340362548828,4635700.0
2022-03-11,ABBV,149.33999633789062,150.39999389648438,148.97999572753906,149.05999755859375,128.83897399902344,5171400.0
2022-03-14,ABBV,150.72999572753906,152.97000122070312,149.02000427246094,152.10000610351562,131.46658325195312,8647200.0
2022-03-15,ABBV,152.25999450683594,156.42999267578125,152.16000366210938,155.8800048828125,134.73379516601562,8384300.0
2022-03-16,ABBV,156.5,156.82000732421875,153.52000427246094,156.0500030517578,134.8807373046875,7178900.0
2022-03-17,ABBV,157.1699981689453,158.61000061035156,156.2100067138672,158.58999633789062,137.076171875,7227900.0
2022-03-18,ABBV,158.0,159.44000244140625,157.13999938964844,159.1999969482422,137.6033935546875,9912800.0
2022-03-21,ABBV,159.9499969482422,160.9499969482422,158.99000549316406,160.0500030517578,138.33810424804688,5825000.0
2022-03-22,ABBV,160.0500030517578,160.3000030517578,158.02000427246094,160.00999450683594,138.3035430908203,5756600.0
2022-03-23,ABBV,160.00999450683594,161.17999267578125,158.36000061035156,158.4199981689453,136.92919921875,6300600.0
2022-03-24,ABBV,159.22000122070312,160.72999572753906,158.85000610351562,160.27999877929688,138.53692626953125,4638100.0
2022-03-25,ABBV,160.5500030517578,161.97999572753906,160.22999572753906,161.3300018310547,139.4444580078125,5129400.0
2022-03-28,ABBV,160.61000061035156,162.02999877929688,159.52999877929688,161.97000122070312,139.99761962890625,4516500.0
2022-03-29,ABBV,162.99000549316406,163.27999877929688,161.2899932861328,162.17999267578125,140.1791534423828,6154100.0
2022-03-30,ABBV,161.72000122070312,164.35000610351562,161.72000122070312,163.75,141.5361785888672,5151800.0
2022-03-31,ABBV,162.92999267578125,164.66000366210938,162.10000610351562,162.11000061035156,140.11866760253906,8670100.0
2022-04-01,ABBV,162.14999389648438,163.07000732421875,160.10000610351562,162.67999267578125,140.61129760742188,5703300.0
2022-04-04,ABBV,162.5,163.83999633789062,161.4600067138672,161.88999938964844,139.9285125732422,6892400.0
2022-04-05,ABBV,161.88999938964844,165.9600067138672,161.83999633789062,163.42999267578125,141.2595672607422,6683300.0
2022-04-06,ABBV,164.49000549316406,169.27000427246094,163.8000030517578,168.91000366210938,145.99620056152344,8810800.0
2022-04-07,ABBV,167.6699981689453,174.58999633789062,167.5399932861328,173.27999877929688,149.7733612060547,7469000.0
2022-04-08,ABBV,173.0,175.91000366210938,172.5,174.9600067138672,151.22547912597656,7204200.0
2022-04-11,ABBV,174.89999389648438,175.0399932861328,169.32000732421875,169.8300018310547,146.79141235351562,8163200.0
2022-04-12,ABBV,169.30999755859375,170.55999755859375,166.2100067138672,167.30999755859375,144.6132354736328,8279700.0
2022-04-13,ABBV,165.0,165.0,156.4499969482422,158.9499969482422,138.55502319335938,18312600.0
2022-04-14,ABBV,157.85000610351562,163.8699951171875,156.82000732421875,162.30999755859375,141.48387145996094,11074800.0
2022-04-18,ABBV,161.9600067138672,162.7899932861328,158.75,159.36000061035156,138.91238403320312,6500200.0
2022-04-19,ABBV,160.39999389648438,160.5,153.7100067138672,156.35000610351562,136.28860473632812,9359900.0
2022-04-20,ABBV,156.36000061035156,158.10000610351562,155.52000427246094,156.6999969482422,136.5936737060547,6250000.0
2022-04-21,ABBV,157.0,160.3800048828125,155.35000610351562,158.52000427246094,138.18014526367188,7903300.0
2022-04-22,ABBV,157.27999877929688,158.32000732421875,154.33999633789062,154.99000549316406,135.10313415527344,7938300.0
2022-04-25,ABBV,154.83999633789062,156.63999938964844,152.83999633789062,156.3000030517578,136.24502563476562,6932600.0
2022-04-26,ABBV,156.44000244140625,159.69000244140625,155.82000732421875,156.17999267578125,136.1404266357422,6787800.0
2022-04-27,ABBV,156.55999755859375,159.5,154.55999755859375,157.6199951171875,137.39566040039062,6039100.0
2022-04-28,ABBV,158.36000061035156,158.44000244140625,154.33999633789062,156.30999755859375,136.25372314453125,7465000.0
2022-04-29,ABBV,149.55999755859375,149.86000061035156,139.92999267578125,146.8800048828125,128.03372192382812,25155900.0
2022-05-02,ABBV,146.64999389648438,148.89999389648438,143.44000244140625,147.8699951171875,128.89666748046875,9690800.0
2022-05-03,ABBV,148.0500030517578,150.74000549316406,147.9499969482422,149.60000610351562,130.40467834472656,6163400.0
2022-05-04,ABBV,148.17999267578125,152.3699951171875,147.58999633789062,151.58999633789062,132.13934326171875,5791500.0
2022-05-05,ABBV,152.77000427246094,153.32000732421875,150.0399932861328,152.17999267578125,132.65365600585938,6869300.0
2022-05-06,ABBV,149.67999267578125,153.52000427246094,149.00999450683594,152.8300018310547,133.2202606201172,6145600.0
2022-05-09,ABBV,151.6199951171875,153.5399932861328,148.92999267578125,150.9600067138672,131.5902099609375,6969000.0
2022-05-10,ABBV,151.27000427246094,154.52999877929688,150.50999450683594,152.08999633789062,132.57522583007812,6525200.0
2022-05-11,ABBV,151.02000427246094,154.75999450683594,150.94000244140625,151.9600067138672,132.46189880371094,5630000.0
2022-05-12,ABBV,153.3800048828125,154.35000610351562,150.14999389648438,154.2899932861328,134.492919921875,6914800.0
2022-05-13,ABBV,153.4199981689453,154.38999938964844,151.89999389648438,153.5,133.80430603027344,6398500.0
2022-05-16,ABBV,153.92999267578125,156.88999938964844,153.27000427246094,155.47000122070312,135.52149963378906,6565600.0
2022-05-17,ABBV,155.3800048828125,155.7899932861328,152.85000610351562,154.77999877929688,134.92005920410156,6032200.0
2022-05-18,ABBV,154.7899932861328,155.6999969482422,151.75,152.42999267578125,132.87158203125,6498100.0
2022-05-19,ABBV,151.1999969482422,152.39999389648438,149.27999877929688,151.72000122070312,132.252685546875,5994800.0
2022-05-20,ABBV,152.3300018310547,153.52000427246094,147.80999755859375,151.00999450683594,131.63380432128906,6746400.0
2022-05-23,ABBV,151.64999389648438,152.0,147.19000244140625,148.02999877929688,129.03614807128906,6886400.0
2022-05-24,ABBV,147.02999877929688,151.35000610351562,146.61000061035156,149.11000061035156,129.97755432128906,6367200.0
2022-05-25,ABBV,150.36000061035156,152.99000549316406,149.7899932861328,151.9600067138672,132.46189880371094,5042600.0
2022-05-26,ABBV,151.6300048828125,153.07000732421875,150.38999938964844,150.57000732421875,131.25022888183594,6659300.0
2022-05-27,ABBV,149.52000427246094,150.0500030517578,147.75,150.0,130.75335693359375,8405000.0
2022-05-31,ABBV,148.63999938964844,148.8800048828125,146.6699981689453,147.3699951171875,128.4608154296875,11227800.0
2022-06-01,ABBV,147.7899932861328,147.88999938964844,144.32000732421875,146.02000427246094,127.2840576171875,5597900.0
2022-06-02,ABBV,146.64999389648438,147.07000732421875,142.89999389648438,146.75,127.92042541503906,5998900.0
2022-06-03,ABBV,146.75,148.2100067138672,146.75,147.1699981689453,128.28651428222656,4891800.0
2022-06-06,ABBV,147.0,147.82000732421875,145.66000366210938,146.52999877929688,127.7286148071289,3912400.0
2022-06-07,ABBV,146.9199981689453,149.35000610351562,145.8699951171875,149.13999938964844,130.00375366210938,4991200.0
2022-06-08,ABBV,148.89999389648438,149.85000610351562,148.25,149.25,130.09962463378906,4835200.0
2022-06-09,ABBV,149.72000122070312,150.52000427246094,145.3000030517578,145.42999267578125,126.76978302001953,5642900.0
2022-06-10,ABBV,144.33999633789062,144.6300048828125,142.14999389648438,143.1999969482422,124.82588958740234,5464700.0
2022-06-13,ABBV,140.86000061035156,142.07000732421875,138.77999877929688,139.4199981689453,121.5308837890625,5997000.0
2022-06-14,ABBV,139.44000244140625,140.66000366210938,136.32000732421875,137.6199951171875,119.96186065673828,5861800.0
2022-06-15,ABBV,136.57000732421875,139.08999633789062,136.22999572753906,138.08999633789062,120.37153625488281,5981800.0
2022-06-16,ABBV,136.5399932861328,139.2899932861328,135.75999450683594,139.14999389648438,121.29554748535156,6963400.0
2022-06-17,ABBV,137.60000610351562,139.52999877929688,137.19000244140625,138.27999877929688,120.53718566894531,10429900.0
2022-06-21,ABBV,139.9499969482422,143.97000122070312,139.6999969482422,143.47000122070312,125.06122589111328,7160500.0
2022-06-22,ABBV,143.72000122070312,150.10000610351562,143.61000061035156,147.55999755859375,128.62644958496094,7995700.0
2022-06-23,ABBV,148.72000122070312,150.8000030517578,147.5399932861328,149.4499969482422,130.27394104003906,7795000.0
2022-06-24,ABBV,150.88999938964844,152.74000549316406,149.6199951171875,152.33999633789062,132.79310607910156,8527600.0
2022-06-27,ABBV,153.0,155.4499969482422,152.75,153.13999938964844,133.49050903320312,5377300.0
2022-06-28,ABBV,153.1699981689453,155.1199951171875,151.38999938964844,152.49000549316406,132.92388916015625,5735700.0
2022-06-29,ABBV,153.89999389648438,156.6199951171875,153.35000610351562,154.13999938964844,134.36215209960938,6140900.0
2022-06-30,ABBV,153.1699981689453,154.0399932861328,150.8699951171875,153.16000366210938,133.50790405273438,7289500.0
2022-07-01,ABBV,153.0800018310547,153.86000061035156,151.4600067138672,153.8000030517578,134.06578063964844,4620000.0
2022-07-05,ABBV,151.89999389648438,154.0500030517578,149.66000366210938,153.92999267578125,134.17910766601562,5478800.0
2022-07-06,ABBV,154.61000061035156,154.99000549316406,151.69000244140625,152.52999877929688,132.9587860107422,5113600.0
2022-07-07,ABBV,150.1999969482422,152.5800018310547,150.00999450683594,152.0,132.49676513671875,6516100.0
2022-07-08,ABBV,152.0,155.25,151.7899932861328,152.85000610351562,133.23770141601562,4078400.0
2022-07-11,ABBV,152.27999877929688,154.5,152.27999877929688,153.22999572753906,133.5689239501953,4491000.0
2022-07-12,ABBV,153.0,154.57000732421875,152.05999755859375,152.4600067138672,132.89776611328125,5319500.0
2022-07-13,ABBV,152.0,153.8300018310547,151.3000030517578,152.14999389648438,132.6275177001953,5221200.0
2022-07-14,ABBV,148.88999938964844,151.00999450683594,148.49000549316406,150.44000244140625,132.36358642578125,7576900.0
2022-07-15,ABBV,151.83999633789062,153.8699951171875,151.42999267578125,153.6199951171875,135.1614532470703,4873000.0
2022-07-18,ABBV,153.8000030517578,154.47000122070312,148.88999938964844,149.57000732421875,131.59812927246094,6838400.0
2022-07-19,ABBV,150.0,150.22999572753906,148.8000030517578,149.74000549316406,131.74769592285156,5647100.0
2022-07-20,ABBV,149.52999877929688,150.4499969482422,147.33999633789062,147.69000244140625,129.94400024414062,5315700.0
2022-07-21,ABBV,147.24000549316406,147.83999633789062,146.02000427246094,147.75,129.99681091308594,4066800.0
2022-07-22,ABBV,148.47000122070312,149.2899932861328,147.5800018310547,148.47000122070312,130.63026428222656,3639700.0
2022-07-25,ABBV,148.5399932861328,150.94000244140625,148.50999450683594,150.22000122070312,132.1699981689453,4347000.0
2022-07-26,ABBV,151.14999389648438,153.55999755859375,150.3300018310547,150.8699951171875,132.74188232421875,4900600.0
2022-07-27,ABBV,149.5,151.5,148.92999267578125,151.14999389648438,132.98822021484375,4145800.0
2022-07-28,ABBV,151.44000244140625,152.41000366210938,146.6199951171875,149.75,131.7564697265625,6572300.0
2022-07-29,ABBV,145.44000244140625,146.3000030517578,139.0500030517578,143.50999450683594,126.26626586914062,17754700.0
2022-08-01,ABBV,141.50999450683594,142.83999633789062,139.14999389648438,140.22000122070312,123.37157440185547,8523900.0
2022-08-02,ABBV,141.17999267578125,142.83999633789062,140.10000610351562,140.38999938964844,123.52114868164062,5197100.0
2022-08-03,ABBV,141.72000122070312,143.02000427246094,140.64999389648438,141.1999969482422,124.2337875366211,5474200.0
2022-08-04,ABBV,142.08999633789062,142.5800018310547,138.69000244140625,138.9199981689453,122.22777557373047,7071700.0
2022-08-05,ABBV,139.0500030517578,139.91000366210938,137.9499969482422,138.0399932861328,121.45349884033203,5371100.0
2022-08-08,ABBV,138.0399932861328,140.8000030517578,137.77000427246094,140.33999633789062,123.47713470458984,4854600.0
2022-08-09,ABBV,140.67999267578125,142.24000549316406,139.8800048828125,140.25,123.3979721069336,3819700.0
2022-08-10,ABBV,140.91000366210938,141.05999755859375,139.0,140.94000244140625,124.00506591796875,4075300.0
2022-08-11,ABBV,140.22999572753906,142.8699951171875,139.66000366210938,142.0800018310547,125.00806427001953,5972800.0
2022-08-12,ABBV,141.88999938964844,143.08999633789062,140.27000427246094,142.60000610351562,125.46562957763672,5208700.0
2022-08-15,ABBV,143.11000061035156,143.27999877929688,140.4199981689453,142.2899932861328,125.19284057617188,4513200.0
2022-08-16,ABBV,142.11000061035156,143.97999572753906,142.0800018310547,142.5500030517578,125.42160034179688,3852300.0
2022-08-17,ABBV,141.4199981689453,142.75999450683594,140.5500030517578,141.44000244140625,124.44498443603516,3605200.0
2022-08-18,ABBV,141.49000549316406,141.5800018310547,139.82000732421875,141.2899932861328,124.31299591064453,3525200.0
2022-08-19,ABBV,141.77999877929688,143.36000061035156,141.4600067138672,141.85000610351562,124.80570220947266,4530700.0
2022-08-22,ABBV,141.97000122070312,142.66000366210938,139.9600067138672,140.33999633789062,123.47713470458984,4023500.0
2022-08-23,ABBV,139.64999389648438,140.85000610351562,138.4499969482422,139.02000427246094,122.31575012207031,3768100.0
2022-08-24,ABBV,139.0500030517578,139.4600067138672,137.6999969482422,137.91000366210938,121.33912658691406,5018900.0
2022-08-25,ABBV,138.77000427246094,139.55999755859375,137.6699981689453,139.3300018310547,122.58851623535156,3301200.0
2022-08-26,ABBV,138.88999938964844,139.85000610351562,136.25,136.35000610351562,119.96656799316406,3838800.0
2022-08-29,ABBV,136.1999969482422,136.72000122070312,134.75999450683594,135.7100067138672,119.40349578857422,3835800.0
2022-08-30,ABBV,135.13999938964844,136.49000549316406,134.88999938964844,135.5500030517578,119.26270294189453,4337100.0
2022-08-31,ABBV,135.69000244140625,136.0399932861328,134.1699981689453,134.4600067138672,118.30367279052734,5789600.0
2022-09-01,ABBV,134.63999938964844,138.58999633789062,134.10000610351562,138.4499969482422,121.81421661376953,4521000.0
2022-09-02,ABBV,138.66000366210938,139.39999389648438,135.80999755859375,136.27999877929688,119.90499877929688,3601600.0
2022-09-06,ABBV,137.3000030517578,139.35000610351562,136.24000549316406,137.58999633789062,121.05757904052734,4810600.0
2022-09-07,ABBV,137.5500030517578,139.0399932861328,135.33999633789062,138.7100067138672,122.04300689697266,4141700.0
2022-09-08,ABBV,139.63999938964844,140.57000732421875,138.64999389648438,140.52000427246094,123.63552856445312,3988300.0
2022-09-09,ABBV,140.39999389648438,142.1699981689453,140.10000610351562,141.4199981689453,124.42736053466797,4427000.0
2022-09-12,ABBV,141.00999450683594,142.8699951171875,140.32000732421875,142.24000549316406,125.14884948730469,4938400.0
2022-09-13,ABBV,140.5500030517578,141.92999267578125,137.49000549316406,138.52999877929688,121.8846206665039,6195900.0
2022-09-14,ABBV,139.1699981689453,140.44000244140625,138.27000427246094,139.5500030517578,122.78206634521484,4673600.0
2022-09-15,ABBV,139.99000549316406,143.89999389648438,139.38999938964844,142.50999450683594,125.38639831542969,6416900.0
2022-09-16,ABBV,143.39999389648438,144.85000610351562,141.36000061035156,144.05999755859375,126.7501449584961,13887500.0
2022-09-19,ABBV,143.63999938964844,143.86000061035156,141.42999267578125,142.66000366210938,125.51837158203125,5042500.0
2022-09-20,ABBV,141.82000732421875,142.49000549316406,140.3699951171875,141.77000427246094,124.7353515625,4532900.0
2022-09-21,ABBV,142.14999389648438,143.6300048828125,140.2899932861328,140.30999755859375,123.45074462890625,5076100.0
2022-09-22,ABBV,140.2100067138672,144.4600067138672,140.0,143.00999450683594,125.82630920410156,6161000.0
2022-09-23,ABBV,142.07000732421875,143.4199981689453,140.9499969482422,143.05999755859375,125.87030792236328,5751600.0
2022-09-26,ABBV,142.0800018310547,142.8000030517578,140.11000061035156,141.2100067138672,124.24262237548828,5697800.0
2022-09-27,ABBV,142.58999633789062,145.5399932861328,141.2899932861328,141.72000122070312,124.69132995605469,5598000.0
2022-09-28,ABBV,144.22000122070312,145.32000732421875,142.6199951171875,144.60000610351562,127.22525787353516,5226700.0
2022-09-29,ABBV,144.85000610351562,145.25,141.8300018310547,142.72000122070312,125.5711669921875,5509400.0
2022-09-30,ABBV,142.1999969482422,142.32000732421875,134.08999633789062,134.2100067138672,118.08370208740234,15359000.0
2022-10-03,ABBV,135.8800048828125,138.8000030517578,135.30999755859375,138.32000732421875,121.69985961914062,7437500.0
2022-10-04,ABBV,139.2100067138672,142.72000122070312,137.75999450683594,141.99000549316406,124.92889404296875,6612300.0
2022-10-05,ABBV,141.47000122070312,144.47000122070312,141.11000061035156,143.3300018310547,126.1078872680664,4777900.0
2022-10-06,ABBV,142.7899932861328,142.99000549316406,139.89999389648438,140.2899932861328,123.43314361572266,5124800.0
2022-10-07,ABBV,139.00999450683594,140.0500030517578,137.5500030517578,138.75999450683594,122.08700561523438,4648800.0
2022-10-10,ABBV,139.02999877929688,139.58999633789062,136.8699951171875,138.30999755859375,121.69107818603516,3830800.0
2022-10-11,ABBV,138.02000427246094,143.67999267578125,138.02000427246094,141.50999450683594,124.50655364990234,5675100.0
2022-10-12,ABBV,141.63999938964844,143.05999755859375,139.92999267578125,139.97999572753906,123.160400390625,4528000.0
2022-10-13,ABBV,136.6999969482422,143.17999267578125,136.27000427246094,142.9199981689453,127.02664184570312,5066200.0
2022-10-14,ABBV,142.60000610351562,144.47999572753906,142.2100067138672,142.94000244140625,127.04444122314453,5290500.0
2022-10-17,ABBV,142.64999389648438,144.92999267578125,142.10000610351562,144.41000366210938,128.35096740722656,4016200.0
2022-10-18,ABBV,145.22999572753906,145.8699951171875,143.52999877929688,144.60000610351562,128.51983642578125,3540400.0
2022-10-19,ABBV,144.8000030517578,145.4499969482422,142.30999755859375,143.1300048828125,127.21334075927734,3333300.0
2022-10-20,ABBV,143.16000366210938,144.0399932861328,142.42999267578125,142.92999267578125,127.0355453491211,3880100.0
2022-10-21,ABBV,143.33999633789062,147.75999450683594,142.42999267578125,147.05999755859375,130.70628356933594,5419400.0
2022-10-24,ABBV,148.7100067138672,151.52999877929688,148.6999969482422,150.88999938964844,134.1103515625,5139700.0
2022-10-25,ABBV,148.02999877929688,150.60000610351562,147.2899932861328,149.82000732421875,133.1593780517578,5229400.0
2022-10-26,ABBV,151.00999450683594,152.88999938964844,150.6999969482422,152.50999450683594,135.55020141601562,4727900.0
2022-10-27,ABBV,153.75999450683594,153.99000549316406,152.05999755859375,153.5,136.4301300048828,6850400.0
2022-10-28,ABBV,145.92999267578125,148.97999572753906,142.33999633789062,147.61000061035156,131.19509887695312,10812200.0
2022-10-31,ABBV,145.1699981689453,146.77999877929688,144.0800018310547,146.39999389648438,130.11965942382812,8604800.0
2022-11-01,ABBV,146.66000366210938,147.6999969482422,144.5500030517578,146.91000366210938,130.57296752929688,6351200.0
2022-11-02,ABBV,147.02999877929688,148.0800018310547,144.47999572753906,144.52000427246094,128.44876098632812,5345000.0
2022-11-03,ABBV,144.0,145.4199981689453,143.02999877929688,144.4199981689453,128.35986328125,3850700.0
2022-11-04,ABBV,145.35000610351562,145.5800018310547,143.0800018310547,145.27999877929688,129.12423706054688,4623700.0
2022-11-07,ABBV,145.27999877929688,148.8000030517578,144.6999969482422,148.10000610351562,131.63063049316406,4304000.0
2022-11-08,ABBV,148.8300018310547,151.6300048828125,147.9600067138672,148.52999877929688,132.01278686523438,4637500.0
2022-11-09,ABBV,148.58999633789062,150.57000732421875,147.0399932861328,147.6199951171875,131.20399475097656,4573700.0
2022-11-10,ABBV,150.66000366210938,150.66000366210938,147.75,149.72000122070312,133.07046508789062,5607700.0
2022-11-11,ABBV,149.5399932861328,150.52000427246094,145.75,150.16000366210938,133.4615478515625,6786400.0
2022-11-14,ABBV,150.97999572753906,154.5399932861328,150.97999572753906,151.74000549316406,134.8658447265625,7077100.0
2022-11-15,ABBV,153.38999938964844,153.4199981689453,149.9600067138672,153.0399932861328,136.02127075195312,5909500.0
2022-11-16,ABBV,153.44000244140625,156.69000244140625,151.22999572753906,151.8699951171875,134.98138427734375,7358700.0
2022-11-17,ABBV,150.97000122070312,153.07000732421875,149.97000122070312,152.16000366210938,135.23915100097656,5069500.0
2022-11-18,ABBV,153.6699981689453,155.63999938964844,153.6699981689453,154.97999572753906,137.74554443359375,5691100.0
2022-11-21,ABBV,155.39999389648438,158.6300048828125,154.42999267578125,157.11000061035156,139.638671875,6492100.0
2022-11-22,ABBV,157.69000244140625,159.8800048828125,157.55999755859375,159.7899932861328,142.0206298828125,5351100.0
2022-11-23,ABBV,159.9499969482422,160.94000244140625,158.82000732421875,159.38999938964844,141.6651153564453,3221100.0
2022-11-25,ABBV,159.58999633789062,160.75,159.24000549316406,159.6199951171875,141.86953735351562,1661900.0
2022-11-28,ABBV,160.0,160.72999572753906,157.8300018310547,158.42999267578125,140.81185913085938,3902800.0
2022-11-29,ABBV,158.30999755859375,159.42999267578125,157.2100067138672,158.1999969482422,140.6074676513672,3689000.0
2022-11-30,ABBV,158.7899932861328,161.17999267578125,156.4600067138672,161.17999267578125,143.25607299804688,12342500.0
2022-12-01,ABBV,161.0,163.1999969482422,159.97999572753906,161.6300048828125,143.6560516357422,5827800.0
2022-12-02,ABBV,160.72000122070312,163.75999450683594,160.50999450683594,163.66000366210938,145.46029663085938,4304900.0
2022-12-05,ABBV,162.88999938964844,165.19000244140625,162.88999938964844,163.94000244140625,145.7091827392578,4859400.0
2022-12-06,ABBV,164.02999877929688,164.38999938964844,161.5500030517578,163.72000122070312,145.5136260986328,5480400.0
2022-12-07,ABBV,163.69000244140625,165.52999877929688,163.25999450683594,165.39999389648438,147.00680541992188,4637800.0
2022-12-08,ABBV,165.39999389648438,166.22999572753906,164.27999877929688,165.99000549316406,147.53118896484375,4274400.0
2022-12-09,ABBV,166.75999450683594,167.75,162.80999755859375,163.05999755859375,144.927001953125,4644800.0
2022-12-12,ABBV,163.2100067138672,165.49000549316406,162.75,165.32000732421875,146.93568420410156,4109400.0
2022-12-13,ABBV,166.9499969482422,167.5,164.6699981689453,164.7899932861328,146.46463012695312,5050400.0
2022-12-14,ABBV,164.60000610351562,165.97999572753906,162.8300018310547,164.86000061035156,146.52685546875,4485400.0
2022-12-15,ABBV,163.88999938964844,164.61000061035156,161.9499969482422,163.10000610351562,144.9625701904297,5268300.0
2022-12-16,ABBV,162.0500030517578,163.32000732421875,160.47999572753906,160.47999572753906,142.6339111328125,18905500.0
2022-12-19,ABBV,160.77999877929688,162.22999572753906,160.05999755859375,161.49000549316406,143.5316162109375,4033400.0
2022-12-20,ABBV,161.61000061035156,161.85000610351562,160.07000732421875,160.5800018310547,142.72279357910156,4221000.0
2022-12-21,ABBV,161.4499969482422,162.72999572753906,160.36000061035156,162.2100067138672,144.1715087890625,3707200.0
2022-12-22,ABBV,161.8699951171875,163.38999938964844,161.52999877929688,163.27000427246094,145.11361694335938,3606000.0
2022-12-23,ABBV,163.38999938964844,163.82000732421875,162.3300018310547,163.10000610351562,144.9625701904297,2685100.0
2022-12-27,ABBV,163.49000549316406,163.80999755859375,161.77999877929688,162.99000549316406,144.8647918701172,2669200.0
2022-12-28,ABBV,163.6999969482422,164.69000244140625,162.11000061035156,162.22999572753906,144.18930053710938,2944500.0
2022-12-29,ABBV,162.9600067138672,163.8800048828125,162.19000244140625,162.55999755859375,144.48263549804688,3112500.0
2022-12-30,ABBV,162.22999572753906,162.85000610351562,159.82000732421875,161.61000061035156,143.63824462890625,3680400.0
2023-01-03,ABBV,162.0399932861328,163.02000427246094,160.80999755859375,162.3800048828125,144.32261657714844,4937500.0
2023-01-04,ABBV,162.39999389648438,164.27999877929688,161.50999450683594,163.69000244140625,145.4869384765625,4440400.0
2023-01-05,ABBV,163.08999633789062,164.49000549316406,162.33999633789062,163.49000549316406,145.30918884277344,3516000.0
2023-01-06,ABBV,164.83999633789062,168.11000061035156,164.1199951171875,166.5500030517578,148.02891540527344,5099100.0
2023-01-09,ABBV,165.89999389648438,166.27999877929688,160.8800048828125,161.66000366210938,143.6826934814453,7833000.0
2023-01-10,ABBV,162.22999572753906,162.4199981689453,158.3000030517578,159.63999938964844,141.88729858398438,5936200.0
2023-01-11,ABBV,159.22000122070312,159.33999633789062,155.05999755859375,157.1699981689453,139.69200134277344,7492000.0
2023-01-12,ABBV,155.0,155.25999450683594,151.72000122070312,152.22000122070312,136.57855224609375,7665100.0
2023-01-13,ABBV,152.08999633789062,153.80999755859375,151.33999633789062,153.60000610351562,137.8167724609375,6019300.0
2023-01-17,ABBV,153.8000030517578,155.10000610351562,152.5800018310547,152.8300018310547,137.12588500976562,8507000.0
2023-01-18,ABBV,152.1199951171875,152.4199981689453,149.07000732421875,149.1999969482422,133.86888122558594,6190800.0
2023-01-19,ABBV,148.9499969482422,150.5399932861328,147.3300018310547,148.7100067138672,133.42922973632812,7169900.0
2023-01-20,ABBV,149.42999267578125,149.7100067138672,147.14999389648438,149.58999633789062,134.2187957763672,7059000.0
2023-01-23,ABBV,149.86000061035156,150.42999267578125,148.0500030517578,148.5500030517578,133.28567504882812,7616400.0
2023-01-24,ABBV,148.0800018310547,148.8699951171875,146.44000244140625,147.69000244140625,132.51405334472656,5171400.0
2023-01-25,ABBV,147.3800048828125,147.97999572753906,146.5,147.7899932861328,132.603759765625,5744300.0
2023-01-26,ABBV,147.9199981689453,148.6999969482422,147.11000061035156,147.39999389648438,132.25384521484375,4577800.0
2023-01-27,ABBV,147.30999755859375,147.67999267578125,146.00999450683594,146.27999877929688,131.24891662597656,4591500.0
2023-01-30,ABBV,145.8699951171875,147.1199951171875,145.25999450683594,145.64999389648438,130.6836395263672,4573400.0
2023-01-31,ABBV,145.6300048828125,147.85000610351562,144.41000366210938,147.75,132.56790161132812,5628700.0
2023-02-01,ABBV,146.6300048828125,147.44000244140625,145.25,146.60000610351562,131.5360870361328,5439900.0
2023-02-02,ABBV,145.92999267578125,145.92999267578125,143.44000244140625,144.83999633789062,129.95692443847656,6160800.0
2023-02-03,ABBV,145.9199981689453,146.8000030517578,144.6999969482422,145.1999969482422,130.2799072265625,6553000.0
2023-02-06,ABBV,145.74000549316406,146.3300018310547,144.80999755859375,145.02000427246094,130.11842346191406,4297000.0
2023-02-07,ABBV,144.5800018310547,145.4600067138672,143.66000366210938,145.13999938964844,130.22605895996094,5401900.0
2023-02-08,ABBV,145.41000366210938,146.35000610351562,144.47000122070312,144.61000061035156,129.7505340576172,5753800.0
2023-02-09,ABBV,148.5,153.6999969482422,147.89999389648438,148.6999969482422,133.42025756835938,12216900.0
2023-02-10,ABBV,149.69000244140625,153.17999267578125,148.77000427246094,152.0500030517578,136.42604064941406,8956700.0
2023-02-13,ABBV,152.02000427246094,153.77999877929688,151.25999450683594,153.72999572753906,137.93338012695312,5602600.0
2023-02-14,ABBV,153.9199981689453,154.0,151.75999450683594,152.58999633789062,136.9105682373047,4662800.0
2023-02-15,ABBV,152.6199951171875,153.49000549316406,150.8300018310547,151.05999755859375,135.5377655029297,5648100.0
2023-02-16,ABBV,149.11000061035156,150.5,148.72999572753906,149.52999877929688,134.1649932861328,3757500.0
2023-02-17,ABBV,149.14999389648438,151.38999938964844,148.61000061035156,151.30999755859375,135.76206970214844,4562400.0
2023-02-21,ABBV,149.82000732421875,153.02000427246094,149.82000732421875,152.0,136.3811798095703,8466100.0
2023-02-22,ABBV,151.0,152.14999389648438,150.24000549316406,150.6699981689453,135.1878204345703,6041700.0
2023-02-23,ABBV,150.89999389648438,153.57000732421875,149.1699981689453,152.07000732421875,136.44398498535156,5993300.0
2023-02-24,ABBV,151.3000030517578,152.97999572753906,150.91000366210938,152.7100067138672,137.0182647705078,5621100.0
2023-02-27,ABBV,153.25999450683594,154.75,153.10000610351562,154.27999877929688,138.4268798828125,6828800.0
2023-02-28,ABBV,153.9600067138672,154.3699951171875,152.6199951171875,153.89999389648438,138.08592224121094,7561700.0
2023-03-01,ABBV,152.75999450683594,155.5800018310547,152.3699951171875,155.27000427246094,139.3151397705078,5485800.0
2023-03-02,ABBV,155.22999572753906,155.77000427246094,154.2100067138672,154.3800048828125,138.51663208007812,4567800.0
2023-03-03,ABBV,154.3300018310547,156.1699981689453,154.00999450683594,156.05999755859375,140.0239715576172,4851200.0
2023-03-06,ABBV,155.7899932861328,156.4600067138672,154.5399932861328,155.27999877929688,139.3241424560547,4051900.0
2023-03-07,ABBV,155.57000732421875,155.6699981689453,152.0500030517578,152.92999267578125,137.21559143066406,4606900.0
2023-03-08,ABBV,152.7899932861328,153.74000549316406,148.5399932861328,149.60000610351562,134.227783203125,5860100.0
2023-03-09,ABBV,150.07000732421875,150.91000366210938,146.57000732421875,147.35000610351562,132.208984375,5350200.0
2023-03-10,ABBV,147.83999633789062,150.63999938964844,147.47000122070312,149.7100067138672,134.32647705078125,6825500.0
2023-03-13,ABBV,149.0,153.32000732421875,149.0,151.9499969482422,136.33631896972656,7653800.0
2023-03-14,ABBV,151.9499969482422,153.99000549316406,151.4600067138672,153.85000610351562,138.0410919189453,6644100.0
2023-03-15,ABBV,152.17999267578125,154.3800048828125,151.72999572753906,154.05999755859375,138.22947692871094,6304600.0
2023-03-16,ABBV,153.1999969482422,155.9199981689453,152.50999450683594,155.3000030517578,139.3420867919922,6331200.0
2023-03-17,ABBV,155.77999877929688,156.07000732421875,151.8800048828125,154.22000122070312,138.37303161621094,42756400.0
2023-03-20,ABBV,154.52000427246094,156.33999633789062,154.4600067138672,156.1199951171875,140.0778045654297,4408200.0
2023-03-21,ABBV,156.63999938964844,157.0500030517578,155.10000610351562,156.77000427246094,140.66102600097656,4675700.0
2023-03-22,ABBV,155.67999267578125,156.8800048828125,153.61000061035156,153.6699981689453,137.8795623779297,4376900.0
2023-03-23,ABBV,154.10000610351562,156.5,154.02000427246094,155.3000030517578,139.3420867919922,4584000.0
2023-03-24,ABBV,155.27999877929688,158.47999572753906,154.58999633789062,158.02000427246094,141.78257751464844,4678700.0
2023-03-27,ABBV,158.8300018310547,159.13999938964844,157.3800048828125,157.5399932861328,141.35191345214844,3887800.0
2023-03-28,ABBV,157.8000030517578,158.60000610351562,157.4499969482422,158.25,141.9889373779297,3532500.0
2023-03-29,ABBV,158.97999572753906,159.6999969482422,156.36000061035156,158.0,141.7646484375,3959900.0
2023-03-30,ABBV,158.00999450683594,158.52999877929688,157.4199981689453,157.9199981689453,141.69287109375,3635800.0
2023-03-31,ABBV,158.42999267578125,159.57000732421875,157.72999572753906,159.3699951171875,142.9938507080078,4957300.0
2023-04-03,ABBV,158.25,160.47000122070312,157.7899932861328,160.4199981689453,143.9359588623047,4389400.0
2023-04-04,ABBV,160.50999450683594,161.72999572753906,159.52999877929688,159.77999877929688,143.36175537109375,4224400.0
2023-04-05,ABBV,160.0,161.6699981689453,159.00999450683594,160.8000030517578,144.2769012451172,5743000.0
2023-04-06,ABBV,160.8000030517578,162.19000244140625,160.6199951171875,161.5500030517578,144.9498748779297,5498300.0
2023-04-10,ABBV,161.7100067138672,162.05999755859375,160.2100067138672,161.27999877929688,144.70761108398438,3309500.0
2023-04-11,ABBV,161.49000549316406,162.58999633789062,161.19000244140625,161.3800048828125,144.79733276367188,2875800.0
2023-04-12,ABBV,162.1199951171875,163.47999572753906,161.60000610351562,162.36000061035156,145.6766357421875,4005000.0
2023-04-13,ABBV,161.0,162.86000061035156,160.5500030517578,162.69000244140625,147.31556701660156,3868500.0
2023-04-14,ABBV,162.63999938964844,163.0,160.92999267578125,161.58999633789062,146.31954956054688,3473100.0
2023-04-17,ABBV,161.9199981689453,162.1999969482422,160.64999389648438,161.17999267578125,145.94827270507812,4354100.0
2023-04-18,ABBV,161.0,161.22999572753906,158.41000366210938,159.58999633789062,144.50851440429688,4996200.0
2023-04-19,ABBV,158.6699981689453,161.44000244140625,158.52000427246094,161.2100067138672,145.97544860839844,4826900.0
2023-04-20,ABBV,161.17999267578125,161.77000427246094,160.5800018310547,161.74000549316406,146.4553680419922,3808100.0
2023-04-21,ABBV,162.58999633789062,163.19000244140625,162.02000427246094,162.41000366210938,147.06201171875,4812100.0
2023-04-24,ABBV,162.57000732421875,164.36000061035156,162.3300018310547,164.0800018310547,148.57421875,4728900.0
2023-04-25,ABBV,164.80999755859375,166.1999969482422,164.49000549316406,164.89999389648438,149.3166961669922,5506200.0
2023-04-26,ABBV,162.67999267578125,163.25999450683594,160.5,161.8000030517578,146.5096893310547,5192000.0
2023-04-27,ABBV,153.8699951171875,153.8699951171875,147.16000366210938,148.8699951171875,134.80157470703125,17063000.0
2023-04-28,ABBV,147.97000122070312,151.38999938964844,147.44000244140625,151.1199951171875,136.83892822265625,7123800.0
2023-05-01,ABBV,150.83999633789062,154.7100067138672,150.82000732421875,153.7100067138672,139.18418884277344,5601000.0
2023-05-02,ABBV,153.5500030517578,155.02000427246094,151.1999969482422,151.6199951171875,137.2916717529297,5135600.0
2023-05-03,ABBV,151.07000732421875,151.50999450683594,148.4499969482422,149.25,135.1456756591797,6815300.0
2023-05-04,ABBV,149.0,149.0,146.35000610351562,147.36000061035156,133.4342803955078,5694300.0
2023-05-05,ABBV,148.5399932861328,149.3800048828125,147.13999938964844,148.02999877929688,134.0409698486328,4447700.0
2023-05-08,ABBV,148.14999389648438,148.1999969482422,146.74000549316406,147.4499969482422,133.5157470703125,3689500.0
2023-05-09,ABBV,147.41000366210938,148.4600067138672,146.27000427246094,146.8300018310547,132.95437622070312,4201600.0
2023-05-10,ABBV,146.52000427246094,146.97999572753906,145.14999389648438,146.4199981689453,132.58309936523438,4127300.0
2023-05-11,ABBV,147.2899932861328,147.57000732421875,145.19000244140625,146.58999633789062,132.73704528808594,4300400.0
2023-05-12,ABBV,146.7899932861328,147.60000610351562,146.07000732421875,147.14999389648438,133.24411010742188,3526500.0
2023-05-15,ABBV,147.6699981689453,148.89999389648438,145.66000366210938,146.58999633789062,132.73704528808594,4391800.0
2023-05-16,ABBV,145.86000061035156,146.94000244140625,143.22999572753906,143.2899932861328,129.74891662597656,4685400.0
2023-05-17,ABBV,143.02000427246094,143.52000427246094,140.52000427246094,143.35000610351562,129.80322265625,5482000.0
2023-05-18,ABBV,142.61000061035156,143.55999755859375,141.97999572753906,143.44000244140625,129.88473510742188,4791200.0
2023-05-19,ABBV,143.86000061035156,145.8000030517578,143.8000030517578,145.11000061035156,131.39691162109375,5610300.0
2023-05-22,ABBV,145.47000122070312,146.66000366210938,143.77999877929688,144.89999389648438,131.20672607421875,3867300.0
2023-05-23,ABBV,144.4499969482422,144.82000732421875,142.33999633789062,142.52000427246094,129.0516815185547,5121900.0
2023-05-24,ABBV,142.58999633789062,142.94000244140625,140.94000244140625,141.14999389648438,127.81114196777344,4143500.0
2023-05-25,ABBV,140.02999877929688,140.1999969482422,138.25999450683594,138.6199951171875,125.52021026611328,6986600.0
2023-05-26,ABBV,138.72000122070312,139.85000610351562,137.10000610351562,137.55999755859375,124.56038665771484,7590300.0
2023-05-30,ABBV,135.49000549316406,136.83999633789062,135.25,136.44000244140625,123.54623413085938,7671500.0
2023-05-31,ABBV,136.6199951171875,138.7100067138672,135.77000427246094,137.9600067138672,124.92259979248047,12579100.0
2023-06-01,ABBV,135.25999450683594,135.25999450683594,131.10000610351562,133.44000244140625,120.82974243164062,11895600.0
2023-06-02,ABBV,133.7100067138672,136.97000122070312,133.5,136.8699951171875,123.93560791015625,6661600.0
2023-06-05,ABBV,137.0,138.30999755859375,136.2899932861328,136.86000061035156,123.92654418945312,4276200.0
2023-06-06,ABBV,137.47000122070312,137.5399932861328,134.6300048828125,135.42999267578125,122.63164520263672,4359900.0
2023-06-07,ABBV,134.89999389648438,137.05999755859375,134.25999450683594,136.5,123.6005630493164,4645200.0
2023-06-08,ABBV,137.0,137.88999938964844,136.0,137.63999938964844,124.63282012939453,4714200.0
2023-06-09,ABBV,137.55999755859375,139.19000244140625,137.0800018310547,138.17999267578125,125.12179565429688,4359500.0
2023-06-12,ABBV,139.5800018310547,139.6699981689453,136.91000366210938,137.72999572753906,124.71431732177734,4888500.0
2023-06-13,ABBV,137.50999450683594,138.47000122070312,137.1999969482422,138.30999755859375,125.23950958251953,4229100.0
2023-06-14,ABBV,138.80999755859375,139.27000427246094,136.0800018310547,136.22999572753906,123.35607147216797,6128300.0
2023-06-15,ABBV,136.75,136.83999633789062,135.4600067138672,135.88999938964844,123.04820251464844,6614900.0
2023-06-16,ABBV,136.6999969482422,138.9199981689453,136.49000549316406,138.63999938964844,125.538330078125,14616000.0
2023-06-20,ABBV,137.10000610351562,138.9499969482422,136.66000366210938,137.82000732421875,124.79582214355469,4868800.0
2023-06-21,ABBV,136.75,137.42999267578125,134.67999267578125,136.86000061035156,123.92654418945312,5828400.0
2023-06-22,ABBV,137.14999389648438,137.89999389648438,135.88999938964844,137.41000366210938,124.42457580566406,4826900.0
2023-06-23,ABBV,137.3000030517578,138.69000244140625,135.6699981689453,135.9199981689453,123.07538604736328,7395600.0
2023-06-26,ABBV,136.14999389648438,136.14999389648438,133.69000244140625,134.9499969482422,122.19702911376953,6468100.0
2023-06-27,ABBV,134.8800048828125,134.8800048828125,132.52000427246094,132.60000610351562,120.06912231445312,7839900.0
2023-06-28,ABBV,132.60000610351562,133.1699981689453,130.9600067138672,132.50999450683594,119.98761749267578,6911900.0
2023-06-29,ABBV,132.3699951171875,133.91000366210938,132.1300048828125,133.22999572753906,120.63957214355469,4947600.0
2023-06-30,ABBV,133.47000122070312,135.92999267578125,132.8000030517578,134.72999572753906,121.99781799316406,8711300.0
2023-07-03,ABBV,134.0,135.42999267578125,133.14999389648438,135.00999450683594,122.2513656616211,2674600.0
2023-07-05,ABBV,135.17999267578125,137.8800048828125,134.63999938964844,137.6199951171875,124.61471557617188,6903300.0
2023-07-06,ABBV,137.47999572753906,138.27999877929688,136.44000244140625,137.25,124.27970123291016,6091000.0
2023-07-07,ABBV,137.14999389648438,137.64999389648438,135.35000610351562,135.5,122.695068359375,6873200.0
2023-07-10,ABBV,135.41000366210938,136.08999633789062,134.05999755859375,134.49000549316406,121.78053283691406,5153300.0
2023-07-11,ABBV,134.0,135.75999450683594,133.67999267578125,135.57000732421875,122.75846862792969,5144800.0
2023-07-12,ABBV,135.82000732421875,136.60000610351562,134.7899932861328,134.97999572753906,122.22419738769531,4944100.0
2023-07-13,ABBV,132.92999267578125,134.10000610351562,132.6999969482422,133.58999633789062,122.30660247802734,4631800.0
2023-07-14,ABBV,134.72999572753906,136.6199951171875,134.1199951171875,136.00999450683594,124.52218627929688,5544100.0
2023-07-17,ABBV,135.82000732421875,136.22999572753906,134.55999755859375,134.8300018310547,123.44186401367188,4033000.0
2023-07-18,ABBV,134.8000030517578,137.89999389648438,134.7100067138672,136.5800018310547,125.04405212402344,5392800.0
2023-07-19,ABBV,137.24000549316406,138.05999755859375,136.9499969482422,137.67999267578125,126.0511474609375,4784200.0
2023-07-20,ABBV,138.83999633789062,142.72000122070312,138.5500030517578,142.19000244140625,130.1802215576172,7009800.0
2023-07-21,ABBV,142.1999969482422,144.17999267578125,141.94000244140625,143.74000549316406,131.5993194580078,5654300.0
2023-07-24,ABBV,143.10000610351562,144.42999267578125,142.83999633789062,143.17999267578125,131.0865936279297,4468700.0
2023-07-25,ABBV,142.39999389648438,142.92999267578125,141.32000732421875,141.6300048828125,129.66749572753906,4778200.0
2023-07-26,ABBV,141.42999267578125,142.27999877929688,140.52000427246094,141.89999389648438,129.91468811035156,5006800.0
2023-07-27,ABBV,144.47999572753906,151.3699951171875,144.47999572753906,148.85000610351562,136.27772521972656,13664400.0
2023-07-28,ABBV,149.9199981689453,151.75999450683594,148.55999755859375,150.85000610351562,138.10877990722656,8000300.0
2023-07-31,ABBV,150.42999267578125,150.5,147.6199951171875,149.5800018310547,136.946044921875,9109200.0
2023-08-01,ABBV,150.0,150.8699951171875,147.83999633789062,148.5399932861328,135.99386596679688,4409600.0
2023-08-02,ABBV,148.11000061035156,150.57000732421875,148.11000061035156,149.3800048828125,136.762939453125,5756400.0
2023-08-03,ABBV,148.9600067138672,149.36000061035156,148.17999267578125,149.0500030517578,136.46080017089844,4674300.0
2023-08-04,ABBV,148.97000122070312,150.57000732421875,147.16000366210938,147.72999572753906,135.25228881835938,4231200.0
2023-08-07,ABBV,148.0,150.8800048828125,147.8000030517578,150.3300018310547,137.6326904296875,3800600.0
2023-08-08,ABBV,150.77999877929688,151.75,148.9199981689453,149.6199951171875,136.982666015625,4013400.0
2023-08-09,ABBV,150.49000549316406,152.05999755859375,149.91000366210938,150.77000427246094,138.03553771972656,3737100.0
2023-08-10,ABBV,151.1999969482422,152.83999633789062,150.57000732421875,151.44000244140625,138.64894104003906,3275800.0
2023-08-11,ABBV,151.9499969482422,153.5,151.72000122070312,152.17999267578125,139.32644653320312,3454800.0
2023-08-14,ABBV,153.02000427246094,153.13999938964844,151.57000732421875,152.27000427246094,139.4088592529297,2570900.0
2023-08-15,ABBV,151.57000732421875,152.89999389648438,150.7899932861328,152.1199951171875,139.27149963378906,3636300.0
2023-08-16,ABBV,152.58999633789062,153.60000610351562,151.3800048828125,151.5500030517578,138.74966430664062,3214900.0
2023-08-17,ABBV,151.16000366210938,151.91000366210938,149.9199981689453,150.02000427246094,137.348876953125,5285700.0
2023-08-18,ABBV,150.2899932861328,150.92999267578125,149.22999572753906,150.13999938964844,137.45875549316406,4050900.0
2023-08-21,ABBV,149.7100067138672,150.35000610351562,148.8800048828125,150.16000366210938,137.47706604003906,3944800.0
2023-08-22,ABBV,150.0,150.0,147.97000122070312,148.24000549316406,135.71922302246094,3209300.0
2023-08-23,ABBV,148.6699981689453,149.0,145.94000244140625,147.0800018310547,134.65719604492188,5414800.0
2023-08-24,ABBV,146.9199981689453,147.82000732421875,146.35000610351562,146.6300048828125,134.24522399902344,3986300.0
2023-08-25,ABBV,147.02000427246094,147.6699981689453,146.1999969482422,146.69000244140625,134.30015563964844,3275100.0
2023-08-28,ABBV,147.08999633789062,148.07000732421875,146.77000427246094,147.42999267578125,134.97763061523438,2806900.0
2023-08-29,ABBV,147.99000549316406,148.91000366210938,146.5,147.58999633789062,135.12413024902344,3419100.0
2023-08-30,ABBV,148.1199951171875,148.8000030517578,146.89999389648438,148.32000732421875,135.79246520996094,3486400.0
2023-08-31,ABBV,148.38999938964844,148.7100067138672,146.8699951171875,146.9600067138672,134.54733276367188,4110700.0
2023-09-01,ABBV,147.36000061035156,148.88999938964844,147.36000061035156,148.1999969482422,135.68260192871094,3357800.0
2023-09-05,ABBV,148.5,148.9600067138672,145.86000061035156,146.10000610351562,133.7599639892578,3911100.0
2023-09-06,ABBV,146.10000610351562,146.1199951171875,143.74000549316406,145.61000061035156,133.31134033203125,5304300.0
2023-09-07,ABBV,146.14999389648438,149.0,145.8699951171875,148.91000366210938,136.33262634277344,5142100.0
2023-09-08,ABBV,149.0,149.75999450683594,148.1999969482422,149.02000427246094,136.433349609375,4339800.0
2023-09-11,ABBV,148.86000061035156,149.41000366210938,148.4199981689453,149.0399932861328,136.45162963867188,2911600.0
2023-09-12,ABBV,149.5,149.60000610351562,147.6199951171875,149.27000427246094,136.6622314453125,2424800.0
2023-09-13,ABBV,149.4199981689453,152.39999389648438,149.0500030517578,151.16000366210938,138.39259338378906,5953700.0
2023-09-14,ABBV,152.00999450683594,154.69000244140625,151.8000030517578,153.63999938964844,140.6631317138672,6336900.0
2023-09-15,ABBV,152.77999877929688,154.6999969482422,151.92999267578125,152.1199951171875,139.27149963378906,8868300.0
2023-09-18,ABBV,153.0800018310547,153.97000122070312,152.10000610351562,153.94000244140625,140.9377899169922,2967600.0
2023-09-19,ABBV,153.88999938964844,154.63999938964844,151.60000610351562,153.49000549316406,140.5258026123047,3509700.0
2023-09-20,ABBV,154.05999755859375,154.8800048828125,153.3699951171875,153.61000061035156,140.6356658935547,2744800.0
2023-09-21,ABBV,153.67999267578125,154.85000610351562,152.66000366210938,153.42999267578125,140.47085571289062,3660300.0
2023-09-22,ABBV,153.89999389648438,153.89999389648438,152.52000427246094,152.74000549316406,139.83914184570312,3049200.0
2023-09-25,ABBV,152.44000244140625,154.74000549316406,151.66000366210938,154.64999389648438,141.5878143310547,3740000.0
2023-09-26,ABBV,154.39999389648438,154.60000610351562,153.3300018310547,153.91000366210938,140.9103240966797,3936300.0
2023-09-27,ABBV,153.83999633789062,154.0,151.61000061035156,153.1300048828125,140.1962127685547,3621300.0
2023-09-28,ABBV,153.63999938964844,153.8300018310547,151.3699951171875,152.25,139.3905029296875,3697400.0
2023-09-29,ABBV,152.4600067138672,152.52999877929688,148.8300018310547,149.05999755859375,136.469970703125,5581600.0
2023-10-02,ABBV,148.47000122070312,148.86000061035156,146.72000122070312,148.25,135.72837829589844,3827800.0
2023-10-03,ABBV,147.8300018310547,147.99000549316406,145.35000610351562,147.42999267578125,134.97763061523438,4580900.0
2023-10-04,ABBV,146.57000732421875,148.0800018310547,146.30999755859375,147.69000244140625,135.21566772460938,3159600.0
2023-10-05,ABBV,147.92999267578125,149.52999877929688,147.08999633789062,147.4499969482422,134.99594116210938,3599500.0
2023-10-06,ABBV,146.49000549316406,149.3300018310547,146.1199951171875,148.24000549316406,135.71922302246094,5370100.0
2023-10-09,ABBV,148.27000427246094,149.75,147.16000366210938,149.11000061035156,136.5157470703125,2903300.0
2023-10-10,ABBV,149.38999938964844,149.55999755859375,148.0399932861328,148.88999938964844,136.3143310546875,3729000.0
2023-10-11,ABBV,149.1300048828125,150.39999389648438,148.77000427246094,149.33999633789062,136.72633361816406,3189800.0
2023-10-12,ABBV,148.1300048828125,148.60000610351562,147.00999450683594,148.3000030517578,137.13320922851562,4554400.0
2023-10-13,ABBV,148.9499969482422,149.66000366210938,147.33999633789062,147.9600067138672,136.8187713623047,4304700.0
2023-10-16,ABBV,148.22000122070312,149.5,146.9199981689453,147.22999572753906,136.14373779296875,3704400.0
2023-10-17,ABBV,147.3300018310547,149.66000366210938,147.14999389648438,149.17999267578125,137.94691467285156,5372400.0
2023-10-18,ABBV,149.27000427246094,149.61000061035156,148.33999633789062,149.27999877929688,138.0393829345703,4910500.0
2023-10-19,ABBV,148.5500030517578,148.5500030517578,143.3300018310547,145.52000427246094,134.56253051757812,6147100.0
2023-10-20,ABBV,145.27999877929688,147.50999450683594,145.27999877929688,146.22999572753906,135.2190399169922,4223800.0
2023-10-23,ABBV,146.16000366210938,146.4199981689453,144.1999969482422,144.72999572753906,133.83200073242188,3903300.0
2023-10-24,ABBV,145.14999389648438,146.97000122070312,145.10000610351562,146.30999755859375,135.2930145263672,3362900.0
2023-10-25,ABBV,146.11000061035156,146.89999389648438,144.82000732421875,145.25999450683594,134.3220977783203,5461500.0
2023-10-26,ABBV,144.86000061035156,145.9499969482422,144.22999572753906,145.1999969482422,134.2666015625,5569400.0
2023-10-27,ABBV,138.77000427246094,143.0,136.02999877929688,138.92999267578125,128.46873474121094,9427200.0
2023-10-30,ABBV,140.6699981689453,145.7100067138672,140.6699981689453,141.88999938964844,131.20584106445312,9258500.0
2023-10-31,ABBV,142.08999633789062,142.22000122070312,139.67999267578125,141.17999267578125,130.54930114746094,10394000.0
2023-11-01,ABBV,141.86000061035156,143.7100067138672,141.75,142.47000122070312,131.7421875,4207800.0
2023-11-02,ABBV,141.30999755859375,143.77000427246094,140.50999450683594,143.25999450683594,132.47268676757812,4066800.0
2023-11-03,ABBV,143.9499969482422,143.9499969482422,140.88999938964844,141.4199981689453,130.771240234375,5414500.0
2023-11-06,ABBV,141.88999938964844,142.3699951171875,140.97999572753906,141.1999969482422,130.56777954101562,4377000.0
2023-11-07,ABBV,141.52000427246094,142.17999267578125,140.57000732421875,142.16000366210938,131.4555206298828,5024400.0
2023-11-08,ABBV,143.44000244140625,143.88999938964844,141.9199981689453,142.02999877929688,131.33531188964844,5299100.0
2023-11-09,ABBV,141.0,141.60000610351562,135.85000610351562,138.0399932861328,127.64574432373047,14970300.0
2023-11-10,ABBV,138.64999389648438,139.36000061035156,136.39999389648438,138.58999633789062,128.15435791015625,4586400.0
2023-11-13,ABBV,138.58999633789062,139.16000366210938,137.42999267578125,138.63999938964844,128.2005615234375,4454700.0
2023-11-14,ABBV,138.92999267578125,140.10000610351562,137.9600067138672,138.05999755859375,127.66424560546875,4509200.0
2023-11-15,ABBV,138.25,138.25,136.3000030517578,137.60000610351562,127.23889923095703,6473200.0
2023-11-16,ABBV,138.27999877929688,138.82000732421875,137.0500030517578,138.27999877929688,127.86768341064453,5257000.0
2023-11-17,ABBV,138.36000061035156,138.8800048828125,137.3800048828125,138.3000030517578,127.88616180419922,4332300.0
2023-11-20,ABBV,137.52999877929688,138.69000244140625,137.13999938964844,138.30999755859375,127.89543151855469,4490000.0
2023-11-21,ABBV,138.72999572753906,139.36000061035156,137.8300018310547,138.72999572753906,128.28378295898438,4690800.0
2023-11-22,ABBV,139.05999755859375,139.83999633789062,138.3300018310547,138.47000122070312,128.04335021972656,3428500.0
2023-11-24,ABBV,140.0,140.0800018310547,138.4600067138672,138.6699981689453,128.2283172607422,1636500.0
2023-11-27,ABBV,138.6999969482422,139.3800048828125,137.7899932861328,139.08999633789062,128.61668395996094,5529400.0
2023-11-28,ABBV,139.0500030517578,139.66000366210938,137.9199981689453,138.0800018310547,127.68272399902344,5347200.0
2023-11-29,ABBV,138.02000427246094,139.08999633789062,137.64999389648438,138.5,128.07110595703125,3996500.0
2023-11-30,ABBV,138.00999450683594,142.6999969482422,138.00999450683594,142.38999938964844,131.66822814941406,9297400.0
2023-12-01,ABBV,142.5399932861328,144.10000610351562,142.27999877929688,143.41000366210938,132.6114044189453,4903400.0
2023-12-04,ABBV,143.41000366210938,145.49000549316406,143.27000427246094,144.14999389648438,133.29566955566406,4845300.0
2023-12-05,ABBV,144.11000061035156,145.0800018310547,142.66000366210938,144.57000732421875,133.68406677246094,3961700.0
2023-12-06,ABBV,144.7899932861328,147.07000732421875,144.72999572753906,146.3800048828125,135.3577423095703,4978800.0
2023-12-07,ABBV,147.63999938964844,148.3800048828125,145.1999969482422,147.97000122070312,136.82801818847656,7225100.0
2023-12-08,ABBV,148.07000732421875,150.07000732421875,148.0,149.27999877929688,138.0393829345703,5695200.0
2023-12-11,ABBV,150.6699981689453,152.7100067138672,150.63999938964844,151.24000549316406,139.85182189941406,6343500.0
2023-12-12,ABBV,151.72999572753906,153.58999633789062,150.1699981689453,153.24000549316406,141.7012176513672,5882200.0
2023-12-13,ABBV,152.97999572753906,154.77000427246094,152.72999572753906,154.3000030517578,142.681396484375,8104500.0
2023-12-14,ABBV,154.36000061035156,155.16000366210938,152.75999450683594,154.8800048828125,143.21774291992188,7869600.0
2023-12-15,ABBV,154.74000549316406,155.88999938964844,153.11000061035156,154.0399932861328,142.4409637451172,15203000.0
2023-12-18,ABBV,153.0,154.35000610351562,151.75,153.4199981689453,141.8676300048828,5379600.0
2023-12-19,ABBV,153.58999633789062,154.47999572753906,152.4499969482422,153.60000610351562,142.0341033935547,5476700.0
2023-12-20,ABBV,153.99000549316406,154.2100067138672,151.5399932861328,151.69000244140625,140.26792907714844,4716400.0
2023-12-21,ABBV,152.0500030517578,152.91000366210938,151.2899932861328,152.58999633789062,141.10012817382812,4036100.0
2023-12-22,ABBV,153.2899932861328,155.4600067138672,153.08999633789062,154.94000244140625,143.273193359375,3373400.0
2023-12-26,ABBV,154.25,155.27999877929688,154.1300048828125,154.6199951171875,142.977294921875,2073400.0
2023-12-27,ABBV,154.0500030517578,154.97000122070312,153.72000122070312,154.8800048828125,143.21774291992188,3747400.0
2023-12-28,ABBV,155.25,155.6300048828125,154.5399932861328,154.75,143.09751892089844,2601200.0
2023-12-29,ABBV,154.5399932861328,155.2100067138672,154.41000366210938,154.97000122070312,143.3009490966797,3712000.0
2024-01-02,ABBV,154.89999389648438,160.13999938964844,154.77000427246094,159.82000732421875,147.78575134277344,8059900.0
2024-01-03,ABBV,160.58999633789062,161.75,159.83999633789062,160.4600067138672,148.37754821777344,5301400.0
2024-01-04,ABBV,160.30999755859375,162.2899932861328,159.42999267578125,161.4600067138672,149.30226135253906,8332200.0
2024-01-05,ABBV,161.3300018310547,163.02999877929688,160.61000061035156,162.13999938964844,149.93104553222656,5607600.0
2024-01-08,ABBV,162.17999267578125,162.77000427246094,159.77999877929688,161.42999267578125,149.27450561523438,6001600.0
2024-01-09,ABBV,161.42999267578125,163.47000122070312,160.83999633789062,162.30999755859375,150.08824157714844,4454000.0
2024-01-10,ABBV,162.27000427246094,165.0800018310547,161.8800048828125,164.88999938964844,152.47398376464844,6609900.0
2024-01-11,ABBV,164.25,165.1199951171875,163.08999633789062,163.77999877929688,151.4475555419922,4591500.0
2024-01-12,ABBV,162.75,163.3000030517578,162.17999267578125,162.39999389648438,151.60623168945312,4971400.0
2024-01-16,ABBV,161.97999572753906,162.3000030517578,161.02000427246094,161.47999572753906,150.7473907470703,4747700.0
2024-01-17,ABBV,161.75,162.9499969482422,161.52000427246094,162.0399932861328,151.27017211914062,4423100.0
2024-01-18,ABBV,161.16000366210938,163.66000366210938,161.0,163.3000030517578,152.44644165039062,5074300.0
2024-01-19,ABBV,163.91000366210938,164.8699951171875,162.60000610351562,164.77000427246094,153.8187255859375,5863000.0
2024-01-22,ABBV,164.44000244140625,165.4499969482422,163.75999450683594,165.38999938964844,154.39752197265625,4864000.0
2024-01-23,ABBV,164.4499969482422,167.52999877929688,164.05999755859375,167.5,156.36729431152344,5784700.0
2024-01-24,ABBV,167.77000427246094,167.9499969482422,164.05999755859375,164.22000122070312,153.3052978515625,5422200.0
2024-01-25,ABBV,164.0,165.2100067138672,163.1999969482422,165.1300048828125,154.15480041503906,4465800.0
2024-01-26,ABBV,165.27000427246094,165.86000061035156,163.5,164.39999389648438,153.47332763671875,4654300.0
2024-01-29,ABBV,165.85000610351562,166.75999450683594,163.67999267578125,163.91000366210938,153.0159149169922,4704100.0
2024-01-30,ABBV,164.22000122070312,164.97999572753906,163.25999450683594,164.9199981689453,153.95875549316406,3819600.0
2024-01-31,ABBV,165.75,165.86000061035156,163.9499969482422,164.39999389648438,153.47332763671875,4993900.0
2024-02-01,ABBV,163.6999969482422,167.67999267578125,162.6699981689453,167.58999633789062,156.4512939453125,5584400.0
2024-02-02,ABBV,169.4199981689453,172.85000610351562,165.22999572753906,168.6699981689453,157.45953369140625,7870400.0
2024-02-05,ABBV,169.83999633789062,173.1300048828125,168.4499969482422,171.25999450683594,159.8773956298828,6486700.0
2024-02-06,ABBV,171.64999389648438,173.9600067138672,169.77000427246094,173.2899932861328,161.77247619628906,7037400.0
2024-02-07,ABBV,174.00999450683594,175.55999755859375,173.32000732421875,175.00999450683594,163.37814331054688,6409100.0
2024-02-08,ABBV,174.35000610351562,175.91000366210938,174.3000030517578,174.7899932861328,163.1727752685547,5709100.0
2024-02-09,ABBV,175.07000732421875,175.39999389648438,173.0500030517578,174.0800018310547,162.5099639892578,3502700.0
2024-02-12,ABBV,173.5399932861328,174.75999450683594,172.22999572753906,173.07000732421875,161.56710815429688,3477100.0
2024-02-13,ABBV,174.4600067138672,175.1999969482422,171.97000122070312,173.2899932861328,161.77247619628906,5480400.0
2024-02-14,ABBV,173.05999755859375,174.86000061035156,172.67999267578125,174.4199981689453,162.82736206054688,4348500.0
2024-02-15,ABBV,174.02000427246094,176.74000549316406,173.80999755859375,176.58999633789062,164.85313415527344,5276200.0
2024-02-16,ABBV,176.88999938964844,178.9199981689453,176.07000732421875,177.49000549316406,165.69332885742188,6689900.0
2024-02-20,ABBV,175.8300018310547,178.67999267578125,175.52000427246094,175.75,164.06895446777344,5484100.0
2024-02-21,ABBV,176.2899932861328,176.6300048828125,173.5,175.13999938964844,163.49951171875,3818500.0
2024-02-22,ABBV,174.77999877929688,177.33999633789062,173.13999938964844,176.75,165.00250244140625,4852300.0
2024-02-23,ABBV,177.25999450683594,178.91000366210938,177.00999450683594,178.08999633789062,166.25343322753906,3941800.0
2024-02-26,ABBV,178.83999633789062,179.7899932861328,178.0,178.80999755859375,166.9255828857422,4327400.0
2024-02-27,ABBV,178.77000427246094,179.52999877929688,176.97999572753906,178.99000549316406,167.0936279296875,3888500.0
2024-02-28,ABBV,179.85000610351562,179.88999938964844,176.88999938964844,178.0,166.16941833496094,4331300.0
2024-02-29,ABBV,177.8699951171875,178.02000427246094,175.38999938964844,176.0500030517578,164.34901428222656,7485700.0
2024-03-01,ABBV,176.0500030517578,179.19000244140625,175.75,178.91000366210938,167.01893615722656,4028700.0
2024-03-04,ABBV,178.35000610351562,179.97999572753906,176.27999877929688,177.0500030517578,165.28257751464844,4723600.0
2024-03-05,ABBV,177.7899932861328,179.58999633789062,177.7899932861328,179.16000366210938,167.2523193359375,5309800.0
2024-03-06,ABBV,178.39999389648438,182.16000366210938,178.10000610351562,181.05999755859375,169.02601623535156,6047100.0
2024-03-07,ABBV,182.19000244140625,182.4199981689453,179.5399932861328,180.57000732421875,168.568603515625,6125200.0
2024-03-08,ABBV,179.74000549316406,182.13999938964844,178.67999267578125,178.85000610351562,166.96292114257812,6195600.0
2024-03-11,ABBV,178.41000366210938,181.25999450683594,178.24000549316406,179.6300048828125,167.6910858154297,5134800.0
2024-03-12,ABBV,179.72000122070312,182.88999938964844,179.69000244140625,180.9199981689453,168.8953399658203,5391100.0
2024-03-13,ABBV,182.5,182.50999450683594,179.4199981689453,179.86000061035156,167.9058074951172,5987900.0
2024-03-14,ABBV,180.16000366210938,182.0399932861328,178.66000366210938,181.1999969482422,169.15672302246094,6999400.0
2024-03-15,ABBV,179.83999633789062,180.5800018310547,177.5399932861328,177.8800048828125,166.05738830566406,20957800.0
2024-03-18,ABBV,179.00999450683594,179.8800048828125,177.57000732421875,178.49000549316406,166.62684631347656,8569000.0
2024-03-19,ABBV,178.19000244140625,179.92999267578125,178.19000244140625,179.66000366210938,167.71910095214844,7625600.0
2024-03-20,ABBV,179.22000122070312,179.22999572753906,175.72999572753906,176.27000427246094,164.55441284179688,7326600.0
2024-03-21,ABBV,176.80999755859375,177.74000549316406,175.8800048828125,177.5,165.70265197753906,5743600.0
2024-03-22,ABBV,177.22999572753906,178.99000549316406,176.77999877929688,178.4499969482422,166.5895233154297,4084400.0
2024-03-25,ABBV,179.0,179.1999969482422,178.1300048828125,178.52999877929688,166.66419982910156,4366400.0
2024-03-26,ABBV,179.22999572753906,179.77000427246094,178.3800048828125,179.19000244140625,167.28033447265625,4392400.0
2024-03-27,ABBV,179.8000030517578,180.5800018310547,178.80999755859375,180.35000610351562,168.3632354736328,5073500.0
2024-03-28,ABBV,181.0,182.3000030517578,180.3000030517578,182.10000610351562,169.99691772460938,5418700.0
2024-04-01,ABBV,181.8800048828125,181.89999389648438,179.24000549316406,180.75999450683594,168.7459716796875,3502100.0
2024-04-02,ABBV,179.38999938964844,181.02999877929688,178.50999450683594,180.69000244140625,168.6806182861328,4523800.0
2024-04-03,ABBV,180.72000122070312,181.60000610351562,176.60000610351562,177.3300018310547,165.54396057128906,5893000.0
2024-04-04,ABBV,177.64999389648438,177.6999969482422,167.4499969482422,167.89999389648438,156.74069213867188,10539000.0
2024-04-05,ABBV,168.0,171.0399932861328,167.2899932861328,170.0,158.70114135742188,7030100.0
2024-04-08,ABBV,169.2100067138672,171.97000122070312,168.39999389648438,169.8000030517578,158.514404296875,4745000.0
2024-04-09,ABBV,169.72999572753906,170.5500030517578,167.39999389648438,170.13999938964844,158.83181762695312,5933200.0
2024-04-10,ABBV,168.58999633789062,169.9600067138672,167.36000061035156,169.02999877929688,157.79559326171875,3231700.0
2024-04-11,ABBV,169.1999969482422,169.3699951171875,167.22999572753906,167.52000427246094,156.38597106933594,3307000.0
2024-04-12,ABBV,164.4499969482422,164.4499969482422,160.0,162.27999877929688,152.9090576171875,7029400.0
2024-04-15,ABBV,164.52000427246094,164.6999969482422,161.5,161.6699981689453,152.33425903320312,5433700.0
2024-04-16,ABBV,162.17999267578125,163.74000549316406,162.0800018310547,162.5399932861328,153.15403747558594,4881300.0
2024-04-17,ABBV,164.14999389648438,164.74000549316406,163.22999572753906,164.25,154.76527404785156,4792200.0
2024-04-18,ABBV,164.9600067138672,167.44000244140625,164.42999267578125,164.66000366210938,155.15162658691406,4480100.0
2024-04-19,ABBV,165.02000427246094,166.60000610351562,163.25,166.41000366210938,156.80056762695312,5532400.0
2024-04-22,ABBV,167.67999267578125,169.58999633789062,166.9199981689453,167.88999938964844,158.19509887695312,5580700.0
2024-04-23,ABBV,168.58999633789062,170.3699951171875,168.22000122070312,169.5399932861328,159.74978637695312,4084100.0
2024-04-24,ABBV,168.52000427246094,169.11000061035156,166.74000549316406,167.8000030517578,158.1103057861328,4074700.0
2024-04-25,ABBV,167.66000366210938,169.2899932861328,165.57000732421875,167.2899932861328,157.62973022460938,5503700.0
2024-04-26,ABBV,167.08999633789062,167.4600067138672,157.64999389648438,159.6199951171875,150.4026336669922,10721700.0
2024-04-29,ABBV,159.58999633789062,161.5500030517578,158.55999755859375,161.52000427246094,152.1929168701172,6219000.0
2024-04-30,ABBV,161.27000427246094,163.0500030517578,159.69000244140625,162.63999938964844,153.24826049804688,5484800.0
2024-05-01,ABBV,162.08999633789062,163.69000244140625,161.13999938964844,161.72000122070312,152.3813934326172,5176400.0
2024-05-02,ABBV,162.1699981689453,162.44000244140625,158.1199951171875,160.80999755859375,151.52392578125,5904300.0
2024-05-03,ABBV,161.16000366210938,164.25,160.74000549316406,163.7899932861328,154.3318328857422,5849900.0
2024-05-06,ABBV,164.41000366210938,164.6300048828125,161.0,162.72999572753906,153.3330535888672,5834600.0
2024-05-07,ABBV,163.36000061035156,163.99000549316406,161.88999938964844,162.5500030517578,153.16346740722656,5301700.0
2024-05-08,ABBV,162.13999938964844,162.89999389648438,159.8699951171875,160.4499969482422,151.18472290039062,5906700.0
2024-05-09,ABBV,160.80999755859375,161.32000732421875,160.02000427246094,160.39999389648438,151.13760375976562,3570000.0
2024-05-10,ABBV,160.7100067138672,161.44000244140625,160.35000610351562,160.75,151.46739196777344,3509500.0
2024-05-13,ABBV,161.27999877929688,162.57000732421875,160.8000030517578,161.27999877929688,151.96678161621094,3505900.0
2024-05-14,ABBV,161.64999389648438,162.25,159.72000122070312,161.58999633789062,152.25888061523438,4025000.0
2024-05-15,ABBV,162.30999755859375,164.4199981689453,161.8699951171875,163.7899932861328,154.3318328857422,5261300.0
2024-05-16,ABBV,163.4499969482422,164.92999267578125,162.17999267578125,164.35000610351562,154.85951232910156,4642000.0
2024-05-17,ABBV,165.38999938964844,166.49000549316406,164.49000549316406,166.4199981689453,156.8099822998047,5152200.0
2024-05-20,ABBV,166.00999450683594,166.4199981689453,164.41000366210938,164.55999755859375,155.05738830566406,3058700.0
2024-05-21,ABBV,165.3699951171875,165.7100067138672,162.5,162.92999267578125,153.52149963378906,3645200.0
2024-05-22,ABBV,161.57000732421875,161.94000244140625,159.17999267578125,159.61000061035156,150.3932342529297,6904900.0
2024-05-23,ABBV,159.02999877929688,160.0399932861328,157.75999450683594,158.25999450683594,149.1211700439453,5672900.0
2024-05-24,ABBV,158.36000061035156,158.77999877929688,156.36000061035156,157.05999755859375,147.99044799804688,3691700.0
2024-05-28,ABBV,156.35000610351562,156.35000610351562,153.9499969482422,155.33999633789062,146.3697967529297,5533500.0
2024-05-29,ABBV,154.88999938964844,156.3800048828125,153.67999267578125,154.7899932861328,145.85154724121094,4254500.0
2024-05-30,ABBV,154.64999389648438,156.42999267578125,153.5800018310547,156.30999755859375,147.28378295898438,4311100.0
2024-05-31,ABBV,156.64999389648438,161.63999938964844,156.1999969482422,161.24000549316406,151.92910766601562,15664400.0
2024-06-03,ABBV,160.0,163.19000244140625,158.8300018310547,160.19000244140625,150.93972778320312,4467800.0
2024-06-04,ABBV,160.19000244140625,162.80999755859375,159.77000427246094,162.13999938964844,152.77711486816406,4215500.0
2024-06-05,ABBV,162.89999389648438,165.97999572753906,162.16000366210938,165.44000244140625,155.88658142089844,5100500.0
2024-06-06,ABBV,165.49000549316406,168.8800048828125,164.35000610351562,168.57000732421875,158.8358154296875,5186700.0
2024-06-07,ABBV,169.0,170.33999633789062,167.7899932861328,169.4199981689453,159.63674926757812,3781700.0
2024-06-10,ABBV,169.0,170.75,167.69000244140625,170.4600067138672,160.61668395996094,4247500.0
2024-06-11,ABBV,170.25,170.63999938964844,167.4199981689453,167.6999969482422,158.0160369873047,3790200.0
2024-06-12,ABBV,167.8800048828125,168.5399932861328,165.02999877929688,166.08999633789062,156.4990234375,4725600.0
2024-06-13,ABBV,166.0,166.89999389648438,165.0,166.55999755859375,156.94187927246094,3690800.0
2024-06-14,ABBV,166.47000122070312,169.24000549316406,166.0,168.58999633789062,158.8546600341797,4377600.0
2024-06-17,ABBV,168.39999389648438,170.39999389648438,167.36000061035156,169.67999267578125,159.8817138671875,4076000.0
2024-06-18,ABBV,170.44000244140625,173.00999450683594,169.8699951171875,171.36000061035156,161.46470642089844,4250900.0
2024-06-20,ABBV,171.17999267578125,172.80999755859375,170.02000427246094,172.1300048828125,162.1902618408203,5847500.0
2024-06-21,ABBV,172.6999969482422,172.92999267578125,169.58999633789062,170.38999938964844,160.5507354736328,12228100.0
2024-06-24,ABBV,171.1300048828125,173.41000366210938,170.6999969482422,172.74000549316406,162.76502990722656,6249900.0
2024-06-25,ABBV,172.10000610351562,173.41000366210938,170.6199951171875,170.75,160.88992309570312,4844600.0
2024-06-26,ABBV,170.2899932861328,172.35000610351562,170.14999389648438,171.14999389648438,161.26681518554688,5576100.0
2024-06-27,ABBV,171.2899932861328,171.55999755859375,167.75,168.99000549316406,159.2315673828125,5382000.0
2024-06-28,ABBV,169.99000549316406,171.82000732421875,169.0500030517578,171.52000427246094,161.615478515625,24463400.0
2024-07-01,ABBV,171.27000427246094,173.8800048828125,169.5399932861328,170.3699951171875,160.53187561035156,5194500.0
2024-07-02,ABBV,168.6300048828125,168.6300048828125,165.4499969482422,165.9600067138672,156.3765411376953,5965500.0
2024-07-03,ABBV,166.08999633789062,167.10000610351562,163.52000427246094,163.83999633789062,154.3789520263672,3527600.0
2024-07-05,ABBV,164.72000122070312,167.30999755859375,163.6300048828125,167.25,157.592041015625,5978300.0
2024-07-08,ABBV,166.5399932861328,167.72000122070312,165.6199951171875,166.52000427246094,156.90420532226562,3500200.0
2024-07-09,ABBV,167.02000427246094,168.52999877929688,164.86000061035156,168.0500030517578,158.34585571289062,4224600.0
2024-07-10,ABBV,167.4499969482422,168.4499969482422,166.11000061035156,168.13999938964844,158.43064880371094,3887800.0
2024-07-11,ABBV,167.52000427246094,170.35000610351562,167.35000610351562,169.91000366210938,160.09844970703125,3689500.0
2024-07-12,ABBV,170.6300048828125,171.6300048828125,169.89999389648438,170.27999877929688,160.44708251953125,4133500.0
2024-07-15,ABBV,168.91000366210938,170.3699951171875,167.4199981689453,168.02999877929688,159.7814483642578,2395100.0
2024-07-16,ABBV,168.60000610351562,169.85000610351562,167.25999450683594,169.1999969482422,160.8939971923828,3829500.0
2024-07-17,ABBV,169.50999450683594,175.74000549316406,169.50999450683594,175.27000427246094,166.66604614257812,6983200.0
2024-07-18,ABBV,174.4499969482422,176.67999267578125,170.72000122070312,171.13999938964844,162.73875427246094,5957800.0
2024-07-19,ABBV,173.6699981689453,173.85000610351562,171.22000122070312,172.32000732421875,163.86083984375,4293600.0
2024-07-22,ABBV,173.32000732421875,174.72999572753906,172.0,173.61000061035156,165.08750915527344,4066900.0
2024-07-23,ABBV,173.32000732421875,174.58999633789062,172.77000427246094,173.14999389648438,164.6501007080078,2933800.0
2024-07-24,ABBV,173.1999969482422,176.60000610351562,172.9499969482422,176.2100067138672,167.5598602294922,6117700.0
2024-07-25,ABBV,177.0,186.11000061035156,171.8000030517578,182.1699981689453,173.22732543945312,9442200.0
2024-07-26,ABBV,183.4499969482422,186.85000610351562,182.11000061035156,185.16000366210938,176.07052612304688,6948800.0
2024-07-29,ABBV,184.0399932861328,186.1300048828125,180.52999877929688,181.94000244140625,173.0085906982422,5458500.0
2024-07-30,ABBV,183.58999633789062,187.7100067138672,182.60000610351562,186.77999877929688,177.61099243164062,6032200.0
2024-07-31,ABBV,186.38999938964844,187.5,183.4499969482422,185.32000732421875,176.22268676757812,6473900.0
2024-08-01,ABBV,187.77000427246094,190.97000122070312,186.77000427246094,189.7100067138672,180.3971710205078,6595500.0
2024-08-02,ABBV,190.97999572753906,193.91000366210938,186.4600067138672,189.2899932861328,179.99781799316406,6303900.0
2024-08-05,ABBV,187.4499969482422,189.2899932861328,183.0399932861328,184.36000061035156,175.30979919433594,6459300.0
2024-08-06,ABBV,185.42999267578125,187.82000732421875,183.0800018310547,185.7100067138672,176.59353637695312,4273200.0
2024-08-07,ABBV,187.89999389648438,189.58999633789062,185.97999572753906,187.50999450683594,178.30517578125,6351000.0
2024-08-08,ABBV,186.9199981689453,190.7100067138672,186.9199981689453,190.39999389648438,181.05328369140625,5744600.0
2024-08-09,ABBV,190.77999877929688,191.00999450683594,188.10000610351562,189.92999267578125,180.60635375976562,3206500.0
2024-08-12,ABBV,190.0800018310547,190.57000732421875,187.6999969482422,190.17999267578125,180.84410095214844,4808300.0
2024-08-13,ABBV,190.55999755859375,191.94000244140625,189.3800048828125,191.22999572753906,181.84254455566406,3477300.0
2024-08-14,ABBV,191.0,193.35000610351562,190.47000122070312,193.0,183.52566528320312,4153400.0
2024-08-15,ABBV,194.49000549316406,194.99000549316406,191.2899932861328,193.39999389648438,183.90602111816406,4719900.0
2024-08-16,ABBV,193.8800048828125,194.25,192.27000427246094,193.89999389648438,184.38145446777344,3674900.0
2024-08-19,ABBV,193.39999389648438,197.17999267578125,193.35000610351562,196.8699951171875,187.2056884765625,4309300.0
2024-08-20,ABBV,197.1199951171875,197.47999572753906,194.1300048828125,196.14999389648438,186.52101135253906,3631800.0
2024-08-21,ABBV,196.44000244140625,197.33999633789062,195.6699981689453,196.52999877929688,186.8823699951172,4250400.0
2024-08-22,ABBV,197.00999450683594,197.5399932861328,195.35000610351562,196.3699951171875,186.730224609375,3676700.0
2024-08-23,ABBV,197.25,197.97999572753906,196.22999572753906,197.5500030517578,187.85231018066406,4720300.0
2024-08-26,ABBV,197.55999755859375,197.97000122070312,196.07000732421875,197.44000244140625,187.74769592285156,4182300.0
2024-08-27,ABBV,197.99000549316406,198.3000030517578,195.17999267578125,195.9199981689453,186.30230712890625,2504500.0
2024-08-28,ABBV,195.52000427246094,196.22999572753906,194.02999877929688,195.39999389648438,185.80784606933594,3910200.0
2024-08-29,ABBV,196.0,196.44000244140625,193.85000610351562,195.17999267578125,185.59864807128906,4538300.0
2024-08-30,ABBV,195.25,196.5,194.1699981689453,196.30999755859375,186.6731719970703,3820800.0
2024-09-03,ABBV,196.13999938964844,199.9499969482422,196.10000610351562,197.69000244140625,187.98544311523438,4872400.0
2024-09-04,ABBV,198.67999267578125,199.8800048828125,196.44000244140625,197.00999450683594,187.33880615234375,4214300.0
2024-09-05,ABBV,196.9600067138672,197.1300048828125,192.16000366210938,192.86000061035156,183.3925323486328,5902800.0
2024-09-06,ABBV,193.47000122070312,194.74000549316406,192.8300018310547,193.39999389648438,183.90602111816406,4312600.0
2024-09-09,ABBV,194.97000122070312,196.61000061035156,193.94000244140625,196.4199981689453,186.7777862548828,3606900.0
2024-09-10,ABBV,196.1199951171875,199.47000122070312,192.91000366210938,199.35000610351562,189.56394958496094,6333300.0
2024-09-11,ABBV,197.67999267578125,197.67999267578125,193.4199981689453,194.58999633789062,185.03761291503906,4909300.0
2024-09-12,ABBV,194.77999877929688,195.07000732421875,191.27000427246094,194.02000427246094,184.49560546875,4165200.0
2024-09-13,ABBV,193.86000061035156,194.58999633789062,191.80999755859375,194.2100067138672,184.67626953125,2718100.0
2024-09-16,ABBV,195.82000732421875,196.16000366210938,194.4600067138672,195.72999572753906,186.1216583251953,3235700.0
2024-09-17,ABBV,194.8000030517578,196.0800018310547,191.82000732421875,193.4499969482422,183.9535675048828,3534100.0
2024-09-18,ABBV,193.1300048828125,195.5800018310547,191.77999877929688,192.94000244140625,183.46859741210938,3236800.0
2024-09-19,ABBV,193.42999267578125,194.16000366210938,191.9600067138672,193.6199951171875,184.11524963378906,3929300.0
2024-09-20,ABBV,193.0,193.82000732421875,192.1300048828125,193.47000122070312,183.97259521484375,11661200.0
2024-09-23,ABBV,193.6999969482422,194.3000030517578,192.1999969482422,193.8300018310547,184.31491088867188,3178000.0
2024-09-24,ABBV,192.9499969482422,195.2100067138672,191.58999633789062,193.50999450683594,184.01063537597656,4286500.0
2024-09-25,ABBV,194.0,194.57000732421875,190.9600067138672,191.25999450683594,181.87106323242188,5589300.0
2024-09-26,ABBV,190.10000610351562,192.8699951171875,189.6199951171875,191.89999389648438,182.47964477539062,6215700.0
2024-09-27,ABBV,192.60000610351562,196.1300048828125,190.27000427246094,194.7899932861328,185.227783203125,4891900.0
2024-09-30,ABBV,194.85000610351562,197.6199951171875,194.3699951171875,197.47999572753906,187.78575134277344,4550200.0
2024-10-01,ABBV,197.64999389648438,198.97000122070312,196.4199981689453,196.9600067138672,187.29129028320312,3924600.0
2024-10-02,ABBV,195.66000366210938,197.0,194.4499969482422,196.82000732421875,187.15814208984375,2946900.0
2024-10-03,ABBV,196.8699951171875,197.0500030517578,194.74000549316406,195.4499969482422,185.8553924560547,3453800.0
2024-10-04,ABBV,195.10000610351562,195.63999938964844,193.0500030517578,194.2899932861328,184.75233459472656,4749700.0
2024-10-07,ABBV,194.4199981689453,195.08999633789062,192.83999633789062,193.61000061035156,184.105712890625,5033800.0
2024-10-08,ABBV,194.33999633789062,195.0,192.25,193.00999450683594,183.53515625,4419000.0
2024-10-09,ABBV,192.85000610351562,194.88999938964844,191.9499969482422,194.75,185.1897735595703,4478900.0
2024-10-10,ABBV,194.5399932861328,194.82000732421875,193.27999877929688,194.35000610351562,184.8094024658203,3562500.0
2024-10-11,ABBV,195.0,195.24000549316406,193.5800018310547,194.19000244140625,184.65724182128906,2973000.0
2024-10-14,ABBV,194.24000549316406,196.33999633789062,193.66000366210938,195.64999389648438,186.04556274414062,3623900.0
2024-10-15,ABBV,194.72999572753906,196.25,191.22000122070312,191.86000061035156,183.89852905273438,6553500.0
2024-10-16,ABBV,190.4499969482422,191.0399932861328,188.72999572753906,190.4600067138672,182.55662536621094,5576000.0
2024-10-17,ABBV,190.5399932861328,191.6199951171875,188.4600067138672,188.57000732421875,180.7450714111328,4419000.0
2024-10-18,ABBV,188.97000122070312,189.69000244140625,188.16000366210938,188.86000061035156,181.02301025390625,5607900.0
2024-10-21,ABBV,188.7100067138672,189.3800048828125,185.88999938964844,186.5399932861328,178.7992706298828,4496500.0
2024-10-22,ABBV,186.32000732421875,189.10000610351562,186.22999572753906,188.75999450683594,180.9271697998047,4210400.0
2024-10-23,ABBV,188.6999969482422,189.27000427246094,187.5,187.8800048828125,180.08367919921875,4266700.0
2024-10-24,ABBV,188.42999267578125,190.47000122070312,188.1699981689453,189.64999389648438,181.78021240234375,6741800.0
2024-10-25,ABBV,189.67999267578125,189.8800048828125,187.1699981689453,187.85000610351562,180.054931640625,4017400.0
2024-10-28,ABBV,188.08999633789062,190.13999938964844,187.52000427246094,189.67999267578125,181.80899047851562,5383700.0
2024-10-29,ABBV,190.49000549316406,191.16000366210938,188.52000427246094,189.4499969482422,181.58853149414062,6131500.0
2024-10-30,ABBV,191.6199951171875,202.35000610351562,188.5500030517578,201.5,193.13848876953125,10396400.0
2024-10-31,ABBV,201.97000122070312,207.32000732421875,201.4199981689453,203.8699951171875,195.41014099121094,8829300.0
2024-11-01,ABBV,204.3699951171875,204.72999572753906,202.32000732421875,203.5500030517578,195.1034393310547,4493900.0
2024-11-04,ABBV,203.7899932861328,204.24000549316406,200.22000122070312,200.47000122070312,192.1512451171875,3531800.0
2024-11-05,ABBV,200.49000549316406,202.4199981689453,198.35000610351562,201.67999267578125,193.31103515625,5109300.0
2024-11-06,ABBV,205.7899932861328,206.14999389648438,200.85000610351562,201.1999969482422,192.85096740722656,7194800.0
2024-11-07,ABBV,201.9499969482422,202.32000732421875,199.22000122070312,200.50999450683594,192.18959045410156,4520200.0
2024-11-08,ABBV,201.16000366210938,201.88999938964844,199.47999572753906,199.5,191.2215118408203,4596900.0
2024-11-11,ABBV,178.57000732421875,178.57000732421875,172.6999969482422,174.42999267578125,167.19178771972656,20760300.0
2024-11-12,ABBV,176.00999450683594,176.6300048828125,171.02999877929688,171.08999633789062,163.9904022216797,10557000.0
2024-11-13,ABBV,171.6699981689453,172.63999938964844,169.64999389648438,170.35000610351562,163.2811279296875,8483500.0
2024-11-14,ABBV,170.0,171.6199951171875,168.58999633789062,169.6300048828125,162.59097290039062,8442500.0
2024-11-15,ABBV,169.6300048828125,169.6300048828125,164.72000122070312,164.99000549316406,158.14353942871094,11265400.0
2024-11-18,ABBV,165.6199951171875,166.74000549316406,164.8000030517578,166.27999877929688,159.3800048828125,8336900.0
2024-11-19,ABBV,165.27000427246094,167.10000610351562,163.80999755859375,166.57000732421875,159.65797424316406,5246000.0
2024-11-20,ABBV,166.91000366210938,167.91000366210938,165.64999389648438,167.75999450683594,160.798583984375,7135600.0
2024-11-21,ABBV,168.58999633789062,172.4600067138672,166.9199981689453,171.72999572753906,164.6038360595703,6847700.0
2024-11-22,ABBV,174.33999633789062,178.86000061035156,173.5,176.9499969482422,169.6072235107422,11328600.0
2024-11-25,ABBV,177.02000427246094,180.19000244140625,176.75,177.05999755859375,169.71267700195312,12465000.0
2024-11-26,ABBV,177.08999633789062,181.64999389648438,176.6699981689453,181.13999938964844,173.6233673095703,6947500.0
2024-11-27,ABBV,181.13999938964844,184.24000549316406,180.88999938964844,183.0800018310547,175.4828643798828,5271500.0
2024-11-29,ABBV,183.13999938964844,183.5399932861328,182.5,182.92999267578125,175.3390655517578,2710700.0
2024-12-02,ABBV,182.27999877929688,182.6999969482422,178.86000061035156,181.77000427246094,174.22723388671875,3936600.0
2024-12-03,ABBV,182.27999877929688,183.50999450683594,181.47999572753906,181.5,173.96844482421875,4107600.0
2024-12-04,ABBV,180.10000610351562,180.4499969482422,175.91000366210938,176.4600067138672,169.1375732421875,6125500.0
2024-12-05,ABBV,174.97999572753906,176.72000122070312,173.52999877929688,176.1699981689453,168.85960388183594,5444200.0
2024-12-06,ABBV,176.0,176.74000549316406,174.16000366210938,176.19000244140625,168.87876892089844,4839600.0
2024-12-09,ABBV,175.58999633789062,178.1300048828125,174.3800048828125,176.57000732421875,169.24301147460938,4394500.0
2024-12-10,ABBV,175.52999877929688,176.9199981689453,173.8300018310547,175.6699981689453,168.3803253173828,4089600.0
2024-12-11,ABBV,175.9600067138672,176.0,173.83999633789062,174.3699951171875,167.13427734375,9492200.0
2024-12-12,ABBV,174.91000366210938,175.91000366210938,171.99000549316406,173.19000244140625,166.0032501220703,4999500.0
2024-12-13,ABBV,173.25,174.9199981689453,172.38999938964844,173.3699951171875,166.17579650878906,5471600.0
2024-12-16,ABBV,171.6699981689453,173.33999633789062,170.52999877929688,171.6300048828125,164.5079803466797,8157900.0
2024-12-17,ABBV,170.5800018310547,176.5,170.2100067138672,175.3800048828125,168.10238647460938,7664700.0
2024-12-18,ABBV,176.02999877929688,176.5,172.82000732421875,173.02000427246094,165.84033203125,5471600.0
2024-12-19,ABBV,172.92999267578125,173.8800048828125,170.33999633789062,171.52000427246094,164.40257263183594,6110500.0
2024-12-20,ABBV,171.7899932861328,176.8000030517578,170.66000366210938,175.5800018310547,168.29409790039062,18950900.0
2024-12-23,ABBV,175.2899932861328,178.64999389648438,174.6300048828125,178.38999938964844,170.98748779296875,6945600.0
2024-12-24,ABBV,178.41000366210938,180.1699981689453,177.83999633789062,180.0,172.53067016601562,2692800.0
2024-12-26,ABBV,179.02000427246094,180.35000610351562,178.6300048828125,179.1999969482422,171.76385498046875,2759300.0
2024-12-27,ABBV,177.9199981689453,179.66000366210938,177.2899932861328,178.00999450683594,170.6232452392578,2745400.0
2024-12-30,ABBV,177.02000427246094,177.33999633789062,175.50999450683594,176.1999969482422,168.8883514404297,3405700.0
2024-12-31,ABBV,176.35000610351562,177.83999633789062,175.9199981689453,177.6999969482422,170.3261260986328,3326400.0
2025-01-02,ABBV,178.66000366210938,179.77999877929688,177.89999389648438,179.44000244140625,171.99391174316406,4092000.0
2025-01-03,ABBV,179.66000366210938,181.57000732421875,178.8000030517578,181.22000122070312,173.70005798339844,4380200.0
2025-01-06,ABBV,180.77999877929688,181.97999572753906,179.25999450683594,180.10000610351562,172.62652587890625,6302100.0
2025-01-07,ABBV,179.6300048828125,182.1699981689453,178.38999938964844,179.52999877929688,172.08016967773438,5905200.0
2025-01-08,ABBV,179.1999969482422,179.24000549316406,176.17999267578125,178.5,171.0929412841797,4488500.0
2025-01-10,ABBV,176.86000061035156,177.5399932861328,173.3300018310547,175.1699981689453,167.9010772705078,5372200.0
2025-01-13,ABBV,175.16000366210938,177.97999572753906,174.33999633789062,176.74000549316406,169.40594482421875,4734100.0
2025-01-14,ABBV,176.61000061035156,176.77999877929688,174.08999633789062,175.5500030517578,168.26531982421875,4779100.0
2025-01-15,ABBV,173.52000427246094,174.4600067138672,168.72000122070312,171.35000610351562,165.78843688964844,8048700.0
2025-01-16,ABBV,171.4499969482422,173.9600067138672,170.52000427246094,173.6999969482422,168.0621337890625,5236000.0
2025-01-17,ABBV,172.8800048828125,173.99000549316406,171.27000427246094,171.55999755859375,165.99160766601562,7852500.0
2025-01-21,ABBV,172.16000366210938,175.66000366210938,171.22000122070312,172.61000061035156,167.00750732421875,7548500.0
2025-01-22,ABBV,170.3000030517578,170.8699951171875,168.05999755859375,169.1999969482422,163.7082061767578,9465000.0
2025-01-23,ABBV,170.4600067138672,170.69000244140625,168.47999572753906,170.6699981689453,165.1304931640625,7116200.0
2025-01-24,ABBV,169.32000732421875,171.11000061035156,169.25,170.3000030517578,164.77249145507812,5584900.0
2025-01-27,ABBV,172.66000366210938,177.4499969482422,172.58999633789062,176.89999389648438,171.15826416015625,6985200.0
2025-01-28,ABBV,176.8000030517578,177.16000366210938,173.72999572753906,174.80999755859375,169.13612365722656,5603700.0
2025-01-29,ABBV,174.5,176.9199981689453,174.3000030517578,175.25999450683594,169.57150268554688,3748300.0
2025-01-30,ABBV,176.00999450683594,176.1199951171875,173.97999572753906,175.64999389648438,169.94883728027344,5209200.0
2025-01-31,ABBV,187.3000030517578,191.77000427246094,183.6699981689453,183.89999389648438,177.9310760498047,11926500.0
2025-02-03,ABBV,183.17999267578125,191.66000366210938,182.14999389648438,190.13999938964844,183.9685516357422,9830000.0
2025-02-04,ABBV,187.6300048828125,191.14999389648438,187.0500030517578,189.9499969482422,183.7847137451172,7377800.0
2025-02-05,ABBV,190.52000427246094,193.3800048828125,189.9199981689453,191.75,185.5262908935547,6449600.0
2025-02-06,ABBV,191.89999389648438,194.49000549316406,190.55999755859375,192.97000122070312,186.70669555664062,4586400.0
2025-02-07,ABBV,193.16000366210938,193.86000061035156,190.44000244140625,190.60000610351562,184.4136199951172,3805900.0
2025-02-10,ABBV,191.4600067138672,191.4600067138672,189.08999633789062,190.33999633789062,184.16204833984375,3685700.0
2025-02-11,ABBV,189.8000030517578,191.92999267578125,188.25999450683594,191.8300018310547,185.60369873046875,3977000.0
2025-02-12,ABBV,190.5,194.3699951171875,190.38999938964844,193.0,186.73570251464844,4525000.0
2025-02-13,ABBV,194.27999877929688,194.27999877929688,191.42999267578125,193.4499969482422,187.17111206054688,4108900.0
2025-02-14,ABBV,193.9499969482422,195.17999267578125,192.77999877929688,192.8699951171875,186.6099395751953,3976900.0
2025-02-18,ABBV,192.0,197.02000427246094,190.6699981689453,196.25,189.88023376464844,6065500.0
2025-02-19,ABBV,196.7899932861328,198.11000061035156,196.00999450683594,197.35000610351562,190.9445343017578,4888700.0
2025-02-20,ABBV,198.0,201.36000061035156,196.8300018310547,200.8800048828125,194.35995483398438,5067000.0
2025-02-21,ABBV,200.32000732421875,203.97999572753906,200.02000427246094,202.0800018310547,195.52101135253906,5889400.0
2025-02-24,ABBV,201.8300018310547,205.5,201.27999877929688,204.0800018310547,197.45608520507812,6305000.0
2025-02-25,ABBV,205.17999267578125,206.00999450683594,202.35000610351562,204.13999938964844,197.51412963867188,7746800.0
2025-02-26,ABBV,203.58999633789062,203.8300018310547,201.42999267578125,203.00999450683594,196.42080688476562,4766700.0
2025-02-27,ABBV,203.05999755859375,206.8000030517578,202.25,205.02000427246094,198.36558532714844,5696900.0
2025-02-28,ABBV,205.1199951171875,209.60000610351562,204.41000366210938,209.02999877929688,202.24542236328125,13136400.0
2025-03-03,ABBV,209.97999572753906,212.3000030517578,208.91000366210938,211.47999572753906,204.61590576171875,7016400.0
2025-03-04,ABBV,214.47000122070312,215.66000366210938,207.6699981689453,207.75999450683594,201.01663208007812,7554000.0
2025-03-05,ABBV,207.07000732421875,212.17999267578125,206.0,211.5399932861328,204.6739501953125,5752800.0
2025-03-06,ABBV,211.4499969482422,211.97999572753906,208.5,210.75,203.9095916748047,4346000.0
2025-03-07,ABBV,211.11000061035156,214.99000549316406,209.0,214.2899932861328,207.33470153808594,6806100.0
2025-03-10,ABBV,209.99000549316406,218.66000366210938,209.1999969482422,216.66000366210938,209.62779235839844,8604000.0
2025-03-11,ABBV,216.66000366210938,216.66000366210938,212.41000366210938,213.58999633789062,206.6574249267578,7144500.0
2025-03-12,ABBV,212.0,213.8699951171875,209.30999755859375,212.05999755859375,205.1770782470703,6139800.0
2025-03-13,ABBV,212.0,213.8000030517578,210.67999267578125,211.5500030517578,204.68362426757812,5559500.0
2025-03-14,ABBV,209.77999877929688,212.82000732421875,208.2899932861328,211.77000427246094,204.89649963378906,4511600.0
2025-03-17,ABBV,212.22000122070312,215.5,209.52000427246094,214.47000122070312,207.50885009765625,5075400.0
2025-03-18,ABBV,214.47000122070312,215.17999267578125,212.27000427246094,213.85000610351562,206.90899658203125,5088200.0
2025-03-19,ABBV,214.02999877929688,214.5,210.77999877929688,212.25,205.36093139648438,5412900.0
2025-03-20,ABBV,213.00999450683594,213.4199981689453,211.11000061035156,211.9600067138672,205.08033752441406,5836100.0
2025-03-21,ABBV,211.72999572753906,212.8800048828125,208.74000549316406,210.00999450683594,203.19361877441406,16657700.0
2025-03-24,ABBV,209.38999938964844,211.02000427246094,207.5,209.1699981689453,202.38088989257812,7393800.0
2025-03-25,ABBV,209.22000122070312,209.25999450683594,199.3800048828125,201.33999633789062,194.8050079345703,10089100.0
2025-03-26,ABBV,203.1199951171875,203.1199951171875,196.49000549316406,201.3000030517578,194.76632690429688,6742900.0
2025-03-27,ABBV,202.02000427246094,203.67999267578125,201.3000030517578,202.72000122070312,196.14022827148438,4995300.0
2025-03-28,ABBV,202.72999572753906,206.02000427246094,201.58999633789062,205.2899932861328,198.62680053710938,6478100.0
2025-03-31,ABBV,204.42999267578125,210.80999755859375,204.42999267578125,209.52000427246094,202.7195281982422,11093700.0
2025-04-01,ABBV,210.52000427246094,212.14999389648438,205.60000610351562,206.27000427246094,199.57501220703125,7853200.0
2025-04-02,ABBV,207.22000122070312,207.22000122070312,200.33999633789062,205.19000244140625,198.53005981445312,9262800.0
2025-04-03,ABBV,210.3000030517578,210.69000244140625,201.24000549316406,201.63999938964844,195.09530639648438,7593100.0
2025-04-04,ABBV,200.0,200.0,186.1699981689453,186.9600067138672,180.89175415039062,13505200.0
2025-04-07,ABBV,181.02999877929688,188.1999969482422,176.27999877929688,186.5500030517578,180.49508666992188,12581100.0
2025-04-08,ABBV,187.60000610351562,188.38999938964844,172.32000732421875,175.6699981689453,169.9681854248047,12517100.0
2025-04-09,ABBV,168.3000030517578,180.60000610351562,164.38999938964844,179.83999633789062,174.00286865234375,18977800.0
2025-04-10,ABBV,177.75,178.0,164.97000122070312,174.1999969482422,168.54591369628906,13970000.0
2025-04-11,ABBV,173.80999755859375,176.97000122070312,169.3300018310547,175.0500030517578,169.3683319091797,9047700.0
2025-04-14,ABBV,177.44000244140625,180.19000244140625,176.1999969482422,179.10000610351562,173.28688049316406,7164400.0
2025-04-15,ABBV,177.6999969482422,180.5,176.30999755859375,176.8000030517578,172.6424102783203,8078500.0
2025-04-16,ABBV,176.52999877929688,176.85000610351562,169.75,171.67999267578125,167.64279174804688,9459300.0
2025-04-17,ABBV,172.57000732421875,175.1999969482422,171.91000366210938,172.99000549316406,168.92201232910156,8998100.0
2025-04-21,ABBV,173.47000122070312,174.1699981689453,168.5399932861328,170.16000366210938,166.15853881835938,7364600.0
2025-04-22,ABBV,171.0800018310547,174.66000366210938,170.91000366210938,173.77999877929688,169.6934051513672,6191900.0
2025-04-23,ABBV,175.0,178.14999389648438,174.39999389648438,177.0500030517578,172.8865203857422,7119700.0
2025-04-24,ABBV,177.61000061035156,181.49000549316406,176.11000061035156,180.3699951171875,176.12843322753906,8789400.0
2025-04-25,ABBV,187.1199951171875,188.6999969482422,179.99000549316406,186.05999755859375,181.6846466064453,10482100.0
2025-04-28,ABBV,188.0,193.1199951171875,187.63999938964844,192.33999633789062,187.8169403076172,10408000.0
2025-04-29,ABBV,192.58999633789062,195.5399932861328,190.5800018310547,193.50999450683594,188.95944213867188,6671400.0
2025-04-30,ABBV,194.49000549316406,195.77999877929688,191.00999450683594,195.10000610351562,190.51205444335938,8400700.0
2025-05-01,ABBV,192.8800048828125,195.82000732421875,189.8000030517578,193.33999633789062,188.79344177246094,5823600.0
2025-05-02,ABBV,195.1699981689453,198.97999572753906,194.6300048828125,198.47000122070312,193.8028106689453,6424800.0
2025-05-05,ABBV,198.47000122070312,198.5,195.02999877929688,196.07000732421875,191.45925903320312,5121500.0
2025-05-06,ABBV,195.5,195.82000732421875,185.74000549316406,187.14999389648438,182.74899291992188,9392000.0
2025-05-07,ABBV,188.1699981689453,190.17999267578125,186.75,188.08999633789062,183.66688537597656,5771700.0
2025-05-08,ABBV,184.1300048828125,186.66000366210938,181.63999938964844,185.5800018310547,181.21592712402344,8816700.0
2025-05-09,ABBV,185.75,189.77000427246094,184.22999572753906,184.60000610351562,180.25897216796875,7806100.0
2025-05-12,ABBV,180.0,192.69000244140625,180.0,190.07000732421875,185.60035705566406,12792700.0
2025-05-13,ABBV,189.02999877929688,189.75999450683594,185.41000366210938,188.0,183.57901000976562,7523800.0
2025-05-14,ABBV,186.52000427246094,187.64999389648438,176.60000610351562,177.44000244140625,173.26734924316406,12212000.0
2025-05-15,ABBV,178.02000427246094,182.11000061035156,176.57000732421875,181.67999267578125,177.40762329101562,12073300.0
2025-05-16,ABBV,181.3000030517578,184.07000732421875,180.52000427246094,184.02000427246094,179.69261169433594,6152800.0
2025-05-19,ABBV,184.22000122070312,185.8000030517578,182.50999450683594,185.7100067138672,181.34288024902344,5216700.0
2025-05-20,ABBV,184.86000061035156,186.0,183.63999938964844,184.85000610351562,180.5030975341797,5505100.0
2025-05-21,ABBV,183.92999267578125,184.80999755859375,181.5399932861328,181.8000030517578,177.52481079101562,5140900.0
2025-05-22,ABBV,181.41000366210938,183.55999755859375,180.25,182.5399932861328,178.24740600585938,4689200.0
2025-05-23,ABBV,182.3699951171875,184.1199951171875,181.72000122070312,183.25999450683594,178.9504852294922,4027000.0
2025-05-27,ABBV,184.27000427246094,185.99000549316406,183.89999389648438,185.72000122070312,181.35263061523438,5726700.0
2025-05-28,ABBV,185.35000610351562,186.10000610351562,182.3699951171875,183.08999633789062,178.78448486328125,4787800.0
2025-05-29,ABBV,183.4600067138672,186.75,182.69000244140625,185.6199951171875,181.25497436523438,4925900.0
2025-05-30,ABBV,185.0,186.69000244140625,183.00999450683594,186.11000061035156,181.73345947265625,11609000.0
2025-06-02,ABBV,185.72999572753906,186.99000549316406,183.16000366210938,186.99000549316406,182.5927734375,4435600.0
2025-06-03,ABBV,186.89999389648438,188.72999572753906,184.82000732421875,187.25,182.84666442871094,5335600.0
2025-06-04,ABBV,188.41000366210938,190.17999267578125,187.27000427246094,187.33999633789062,182.93453979492188,4382200.0
2025-06-05,ABBV,187.5,188.60000610351562,185.0500030517578,187.47000122070312,183.06149291992188,4417900.0
2025-06-06,ABBV,188.49000549316406,190.49000549316406,188.3000030517578,189.8300018310547,185.36598205566406,3607800.0
2025-06-09,ABBV,190.50999450683594,191.7899932861328,189.00999450683594,189.16000366210938,184.7117462158203,4661500.0
2025-06-10,ABBV,189.0399932861328,191.8800048828125,188.8000030517578,189.5,185.0437469482422,4087500.0
2025-06-11,ABBV,189.33999633789062,192.72000122070312,189.05999755859375,191.5,186.99671936035156,3908000.0
2025-06-12,ABBV,192.1999969482422,193.58999633789062,187.41000366210938,192.4199981689453,187.8950653076172,5781400.0
2025-06-13,ABBV,191.55999755859375,193.47000122070312,190.2899932861328,191.0800018310547,186.5865936279297,4965700.0
2025-06-16,ABBV,190.89999389648438,191.66000366210938,188.92999267578125,190.86000061035156,186.3717498779297,4203900.0
2025-06-17,ABBV,189.16000366210938,190.61000061035156,185.02999877929688,185.47999572753906,181.11827087402344,4733900.0
2025-06-18,ABBV,185.25,187.1199951171875,183.6999969482422,185.49000549316406,181.1280517578125,3573200.0
2025-06-20,ABBV,186.08999633789062,187.10000610351562,184.16000366210938,185.3000030517578,180.94252014160156,12158100.0
2025-06-23,ABBV,184.49000549316406,185.8000030517578,182.3000030517578,183.75999450683594,179.438720703125,5157900.0
2025-06-24,ABBV,184.52000427246094,186.13999938964844,183.19000244140625,185.5500030517578,181.18663024902344,4074400.0
2025-06-25,ABBV,185.3000030517578,187.08999633789062,184.63999938964844,185.38999938964844,181.0303955078125,4471100.0
2025-06-26,ABBV,186.52999877929688,188.99000549316406,185.7899932861328,186.7899932861328,182.3974609375,5734000.0
2025-06-27,ABBV,187.89999389648438,188.0,181.72999572753906,182.30999755859375,178.0228271484375,29264700.0
2025-06-30,ABBV,182.42999267578125,186.25,181.75,185.6199951171875,181.25497436523438,6482600.0
2025-07-01,ABBV,185.00999450683594,191.75999450683594,184.38999938964844,189.99000549316406,185.522216796875,5937600.0
2025-07-02,ABBV,189.6999969482422,192.58999633789062,189.52999877929688,190.75,186.26434326171875,4658200.0
2025-07-03,ABBV,191.14999389648438,191.47000122070312,188.8699951171875,189.27999877929688,184.82891845703125,3706200.0
2025-07-07,ABBV,189.44000244140625,191.38999938964844,186.8300018310547,187.6300048828125,183.2177276611328,11049100.0
2025-07-08,ABBV,186.7899932861328,193.0,186.6699981689453,189.77000427246094,185.30738830566406,7106900.0
2025-07-09,ABBV,188.5,191.08999633789062,188.32000732421875,190.6199951171875,186.1374053955078,5594100.0
2025-07-10,ABBV,190.5,197.5,189.55999755859375,195.0,190.41441345214844,6049400.0
2025-07-11,ABBV,193.88999938964844,194.0,191.16000366210938,192.4499969482422,187.92437744140625,4991000.0
2025-07-14,ABBV,191.72000122070312,192.6699981689453,190.0399932861328,191.52000427246094,187.01625061035156,4072800.0
2025-07-15,ABBV,190.2100067138672,190.6699981689453,185.00999450683594,186.38999938964844,183.57887268066406,6729200.0
2025-07-16,ABBV,186.9199981689453,191.38999938964844,186.5,190.5800018310547,187.7056884765625,6202600.0
2025-07-17,ABBV,189.0,192.1199951171875,188.25999450683594,191.39999389648438,188.51332092285156,4853100.0
2025-07-18,ABBV,191.50999450683594,192.33999633789062,188.57000732421875,189.25999450683594,186.4055938720703,5332000.0
2025-07-21,ABBV,189.6199951171875,189.89999389648438,184.6300048828125,184.85000610351562,182.06211853027344,4954800.0
2025-07-22,ABBV,184.94000244140625,188.1999969482422,184.89999389648438,187.11000061035156,184.28802490234375,4432100.0
2025-07-23,ABBV,187.0500030517578,190.8000030517578,186.77000427246094,190.5500030517578,187.67613220214844,4344500.0
2025-07-24,ABBV,190.75999450683594,192.24000549316406,189.99000549316406,190.8300018310547,187.95191955566406,3462700.0
2025-07-25,ABBV,191.39999389648438,191.39999389648438,188.52999877929688,190.27999877929688,187.41021728515625,3786800.0
2025-07-28,ABBV,191.2100067138672,191.2100067138672,187.63999938964844,188.52000427246094,185.6767578125,3776900.0
2025-07-29,ABBV,189.14999389648438,192.49000549316406,187.86000061035156,191.22000122070312,188.33604431152344,6715500.0
2025-07-30,ABBV,191.77000427246094,192.6999969482422,188.00999450683594,189.30999755859375,186.454833984375,5008400.0
2025-07-31,ABBV,197.05999755859375,198.8300018310547,187.6199951171875,189.02000427246094,186.16921997070312,10347900.0
2025-08-01,ABBV,189.9199981689453,197.05999755859375,189.7899932861328,195.22000122070312,192.2757110595703,8082000.0
2025-08-04,ABBV,194.80999755859375,197.3699951171875,193.72000122070312,197.19000244140625,194.21600341796875,4217500.0
2025-08-05,ABBV,197.5500030517578,199.88999938964844,196.47999572753906,198.5500030517578,195.5554962158203,4153400.0
2025-08-06,ABBV,197.22999572753906,198.0500030517578,194.6699981689453,196.3000030517578,193.3394317626953,4057200.0
2025-08-07,ABBV,197.0500030517578,199.8300018310547,196.5,198.86000061035156,195.86080932617188,4683300.0
2025-08-08,ABBV,199.0800018310547,200.3300018310547,197.13999938964844,198.0500030517578,195.06301879882812,4101700.0
2025-08-11,ABBV,198.17999267578125,199.42999267578125,196.88999938964844,198.63999938964844,195.64413452148438,6067800.0
2025-08-12,ABBV,198.08999633789062,200.02000427246094,197.0500030517578,198.63999938964844,195.64413452148438,3049800.0
2025-08-13,ABBV,199.75999450683594,201.72000122070312,199.2100067138672,201.47000122070312,198.4314422607422,3558500.0
2025-08-14,ABBV,201.8000030517578,205.05999755859375,200.86000061035156,204.67999267578125,201.593017578125,4635400.0
2025-08-15,ABBV,205.91000366210938,206.83999633789062,204.32000732421875,206.69000244140625,203.57272338867188,4430900.0
2025-08-18,ABBV,206.60000610351562,208.33999633789062,205.9600067138672,206.57000732421875,203.4545440673828,6083500.0
2025-08-19,ABBV,206.52999877929688,207.8000030517578,205.10000610351562,206.19000244140625,203.0802764892578,3975500.0
2025-08-20,ABBV,206.64999389648438,211.69000244140625,206.64999389648438,209.14999389648438,205.99560546875,5782100.0
2025-08-21,ABBV,209.13999938964844,212.4499969482422,208.8699951171875,209.5,206.34033203125,5323900.0
2025-08-22,ABBV,210.83999633789062,211.47000122070312,207.1199951171875,210.60000610351562,207.4237518310547,5516900.0
2025-08-25,ABBV,210.3000030517578,211.3000030517578,207.0500030517578,207.5500030517578,204.4197540283203,2796200.0
2025-08-26,ABBV,207.52000427246094,208.5800018310547,206.57000732421875,208.36000061035156,205.217529296875,3702900.0
2025-08-27,ABBV,208.82000732421875,210.4199981689453,207.80999755859375,208.05999755859375,204.9220428466797,3459100.0
2025-08-28,ABBV,207.64999389648438,208.00999450683594,205.49000549316406,207.9199981689453,204.7841796875,4523100.0
2025-08-29,ABBV,208.0,211.0,207.89999389648438,210.39999389648438,207.2267608642578,4264700.0
2025-09-02,ABBV,210.13999938964844,212.16000366210938,208.99000549316406,211.9199981689453,208.7238311767578,4335500.0
2025-09-03,ABBV,212.4199981689453,213.4199981689453,211.47999572753906,211.86000061035156,208.6647491455078,3973500.0
2025-09-04,ABBV,212.25,214.19000244140625,211.66000366210938,213.0,209.7875518798828,3531600.0
2025-09-05,ABBV,212.5500030517578,214.33999633789062,211.0,212.55999755859375,209.35418701171875,4465400.0
2025-09-08,ABBV,210.99000549316406,212.0,207.61000061035156,209.7899932861328,206.62594604492188,5525500.0
2025-09-09,ABBV,209.52999877929688,210.72000122070312,209.1199951171875,210.4199981689453,207.2464599609375,3097100.0
2025-09-10,ABBV,210.22999572753906,212.27000427246094,208.44000244140625,211.63999938964844,208.44805908203125,4520600.0
2025-09-11,ABBV,220.35000610351562,221.77000427246094,216.75,220.22000122070312,216.89866638183594,7647700.0
2025-09-12,ABBV,219.1199951171875,220.3800048828125,218.22999572753906,218.33999633789062,215.04701232910156,4418800.0
2025-09-15,ABBV,219.60000610351562,219.60000610351562,214.30999755859375,217.61000061035156,214.32801818847656,5162100.0
2025-09-16,ABBV,218.3300018310547,218.7100067138672,215.83999633789062,216.25999450683594,212.99838256835938,4251000.0
2025-09-17,ABBV,219.10000610351562,221.5500030517578,217.3000030517578,220.80999755859375,217.47975158691406,5258400.0
2025-09-18,ABBV,221.07000732421875,222.07000732421875,219.9199981689453,221.99000549316406,218.6419677734375,4445600.0
2025-09-19,ABBV,222.4199981689453,223.49000549316406,221.58999633789062,222.47000122070312,219.11473083496094,14415100.0
2025-09-22,ABBV,222.4600067138672,225.16000366210938,221.42999267578125,222.58999633789062,219.23291015625,5990700.0
2025-09-23,ABBV,222.00999450683594,224.39999389648438,221.92999267578125,222.61000061035156,219.25262451171875,4629900.0
2025-09-24,ABBV,222.0,222.24000549316406,218.5399932861328,219.99000549316406,216.67213439941406,5074500.0
2025-09-25,ABBV,220.10000610351562,222.25999450683594,218.02999877929688,218.5399932861328,215.24400329589844,6666000.0
2025-09-26,ABBV,220.6300048828125,221.47999572753906,217.6699981689453,220.61000061035156,217.28277587890625,4185600.0
2025-09-29,ABBV,220.75,223.24000549316406,219.7899932861328,223.16000366210938,219.79432678222656,4958400.0
2025-09-30,ABBV,223.05999755859375,232.35000610351562,222.57000732421875,231.5399932861328,228.04791259765625,9187300.0
2025-10-01,ABBV,233.63999938964844,244.80999755859375,232.0,244.3800048828125,240.6942901611328,12243100.0
2025-10-02,ABBV,240.88999938964844,242.6699981689453,234.52000427246094,236.55999755859375,232.99221801757812,8107700.0
2025-10-03,ABBV,236.89999389648438,238.83999633789062,233.7100067138672,233.91000366210938,230.3822021484375,6547300.0
2025-10-06,ABBV,231.7100067138672,232.9499969482422,227.9199981689453,230.19000244140625,226.7183074951172,11940300.0
2025-10-07,ABBV,231.2899932861328,234.0800018310547,227.58999633789062,232.8300018310547,229.3184814453125,4901000.0
2025-10-08,ABBV,231.47999572753906,233.0,229.67999267578125,231.24000549316406,227.75245666503906,5412800.0
2025-10-09,ABBV,233.27000427246094,233.7899932861328,230.6199951171875,230.69000244140625,227.21075439453125,4607600.0
2025-10-10,ABBV,231.50999450683594,234.67999267578125,230.5,230.5,227.0236053466797,6156900.0
2025-10-13,ABBV,230.0,233.80999755859375,229.22000122070312,230.3000030517578,226.82662963867188,5411900.0
2025-10-14,ABBV,228.07000732421875,230.64999389648438,227.50999450683594,229.1300048828125,225.67428588867188,5527600.0
2025-10-15,ABBV,227.1999969482422,228.9499969482422,225.32000732421875,226.22000122070312,224.41441345214844,5459400.0
2025-10-16,ABBV,226.22000122070312,228.11000061035156,225.4600067138672,226.8699951171875,225.05921936035156,4737500.0
2025-10-17,ABBV,227.52000427246094,230.7100067138672,226.80999755859375,229.57000732421875,227.73768615722656,7150000.0
2025-10-20,ABBV,231.0,232.25999450683594,230.0,232.05999755859375,230.20779418945312,5246700.0
2025-10-21,ABBV,232.14999389648438,232.80999755859375,229.8300018310547,231.38999938964844,229.54315185546875,3298100.0
2025-10-22,ABBV,231.6699981689453,232.16000366210938,228.42999267578125,228.67999267578125,226.85476684570312,3523500.0
2025-10-23,ABBV,228.99000549316406,229.86000061035156,227.25,228.25,226.42820739746094,5818000.0
2025-10-24,ABBV,228.77999877929688,229.0399932861328,226.25,227.99000549316406,226.1702880859375,3554700.0
2025-10-27,ABBV,227.9499969482422,228.60000610351562,227.1199951171875,228.02999877929688,226.2099609375,2784400.0
2025-10-28,ABBV,227.0,228.39999389648438,224.30999755859375,227.5399932861328,225.723876953125,3724200.0
2025-10-29,ABBV,227.6199951171875,228.0,224.0399932861328,225.13999938964844,223.34303283691406,5469300.0
2025-10-30,ABBV,227.0500030517578,229.64999389648438,226.41000366210938,228.1999969482422,226.3786163330078,5020700.0
2025-10-31,ABBV,223.0,223.8699951171875,216.0,218.0399932861328,216.29969787597656,10825300.0
2025-11-03,ABBV,216.67999267578125,219.0,211.69000244140625,211.9600067138672,210.2682342529297,8874300.0
2025-11-04,ABBV,212.3699951171875,217.0800018310547,212.3699951171875,215.88999938964844,214.1668701171875,6184000.0
2025-11-05,ABBV,215.74000549316406,217.42999267578125,212.60000610351562,216.77000427246094,215.0398406982422,4928200.0
2025-11-06,ABBV,215.88999938964844,219.67999267578125,215.64999389648438,219.0399932861328,217.29171752929688,6615300.0
2025-11-07,ABBV,219.30999755859375,220.99000549316406,217.08999633789062,219.16000366210938,217.4107666015625,4647900.0
2025-11-10,ABBV,217.0,219.86000061035156,216.14999389648438,218.7100067138672,216.96437072753906,4530800.0
2025-11-11,ABBV,219.0,225.4199981689453,219.0,225.1699981689453,223.37278747558594,4802400.0
2025-11-12,ABBV,225.39999389648438,234.0,225.2899932861328,233.22999572753906,231.3684539794922,8583200.0
2025-11-13,ABBV,233.74000549316406,239.2899932861328,232.16000366210938,232.2899932861328,230.4359588623047,7968500.0
2025-11-14,ABBV,233.61000061035156,235.0,230.32000732421875,232.36000061035156,230.5054168701172,5461500.0
2025-11-17,ABBV,233.25999450683594,235.35000610351562,229.22999572753906,234.0,232.13232421875,5023100.0
2025-11-18,ABBV,235.0,237.19000244140625,232.11000061035156,233.8699951171875,232.00335693359375,6232600.0
2025-11-19,ABBV,233.5399932861328,238.14999389648438,230.36000061035156,232.91000366210938,231.051025390625,7618400.0
2025-11-20,ABBV,233.25999450683594,234.9499969482422,228.0,229.4499969482422,227.61863708496094,4283600.0
2025-11-21,ABBV,230.5500030517578,238.00999450683594,230.13999938964844,236.27999877929688,234.3941192626953,8017600.0
2025-11-24,ABBV,236.0,237.6199951171875,228.47999572753906,229.50999450683594,227.6781463623047,10225900.0
2025-11-25,ABBV,230.32000732421875,234.0800018310547,230.30999755859375,231.8000030517578,229.9498748779297,7134100.0
2025-11-26,ABBV,232.0399932861328,232.47999572753906,226.63999938964844,227.66000366210938,225.84292602539062,5920800.0
2025-11-28,ABBV,226.85000610351562,228.08999633789062,225.50999450683594,227.6999969482422,225.88259887695312,2655600.0
2025-12-01,ABBV,227.19000244140625,229.49000549316406,223.97999572753906,225.11000061035156,223.3132781982422,5208300.0
2025-12-02,ABBV,224.82000732421875,226.6300048828125,223.11000061035156,224.3699951171875,222.5791778564453,5096700.0
2025-12-03,ABBV,224.83999633789062,230.7899932861328,224.52000427246094,230.24000549316406,228.40232849121094,4872900.0
2025-12-04,ABBV,230.11000061035156,230.94000244140625,227.58999633789062,228.7100067138672,226.88455200195312,3732900.0
2025-12-05,ABBV,228.92999267578125,229.25,225.0500030517578,226.0800018310547,224.27552795410156,3985200.0
2025-12-08,ABBV,226.0800018310547,226.1199951171875,222.38999938964844,223.1199951171875,221.3391571044922,4006100.0
2025-12-09,ABBV,223.88999938964844,224.82000732421875,220.22999572753906,222.99000549316406,221.210205078125,4267900.0
2025-12-10,ABBV,225.0,225.97999572753906,221.0,225.17999267578125,223.38270568847656,8735200.0
2025-12-11,ABBV,225.5399932861328,225.9600067138672,222.24000549316406,223.97999572753906,222.19229125976562,4170600.0
2025-12-12,ABBV,223.69000244140625,223.82000732421875,221.10000610351562,223.32000732421875,221.53756713867188,5467600.0
2025-12-15,ABBV,224.24000549316406,228.3000030517578,223.55999755859375,227.4499969482422,225.6345977783203,5971900.0
2025-12-16,ABBV,226.41000366210938,226.83999633789062,221.91000366210938,223.6699981689453,221.884765625,6405900.0
2025-12-17,ABBV,223.8800048828125,226.41000366210938,222.86000061035156,224.30999755859375,222.5196533203125,5243400.0
2025-12-18,ABBV,224.0,226.25999450683594,222.7899932861328,222.82000732421875,221.04156494140625,4760400.0
2025-12-19,ABBV,222.9499969482422,229.47000122070312,222.35000610351562,226.82000732421875,225.00962829589844,18968800.0
2025-12-22,ABBV,226.11000061035156,228.64999389648438,224.25,227.91000366210938,226.09092712402344,4828100.0
2025-12-23,ABBV,228.22000122070312,230.7899932861328,227.91000366210938,228.7899932861328,226.96389770507812,3612100.0
2025-12-24,ABBV,229.4600067138672,230.8000030517578,228.97999572753906,229.88999938964844,228.0551300048828,1744900.0
2025-12-26,ABBV,229.82000732421875,230.61000061035156,228.67999267578125,229.97999572753906,228.14439392089844,1593900.0
2025-12-29,ABBV,230.14999389648438,232.02000427246094,229.74000549316406,230.83999633789062,228.99754333496094,3803000.0
2025-12-30,ABBV,230.77000427246094,231.2100067138672,228.6199951171875,229.74000549316406,227.9063262939453,2348000.0
