Date,Ticker,Open,High,Low,Close,Adj Close,Volume
2015-01-02,ABT,45.25,45.45000076293945,44.63999938964844,44.900001525878906,36.2351188659668,3216600.0
2015-01-05,ABT,44.79999923706055,45.400001525878906,44.630001068115234,44.90999984741211,36.243186950683594,5735900.0
2015-01-06,ABT,44.9900016784668,45.11000061035156,43.93000030517578,44.400001525878906,35.831607818603516,6584300.0
2015-01-07,ABT,44.72999954223633,44.939998626708984,44.380001068115234,44.7599983215332,36.12213897705078,4609500.0
2015-01-08,ABT,45.189998626708984,45.790000915527344,45.0099983215332,45.68000030517578,36.864593505859375,4883000.0
2015-01-09,ABT,45.75,45.869998931884766,45.11000061035156,45.20000076293945,36.47722625732422,4742200.0
2015-01-12,ABT,45.380001068115234,45.7599983215332,44.939998626708984,45.58000183105469,36.78390121459961,6178800.0
2015-01-13,ABT,45.34000015258789,45.529998779296875,44.25,44.61000061035156,36.191646575927734,6745000.0
2015-01-14,ABT,44.290000915527344,44.65999984741211,43.93000030517578,44.279998779296875,35.923927307128906,5865900.0
2015-01-15,ABT,44.5,44.66999816894531,43.900001525878906,43.95000076293945,35.656192779541016,3916200.0
2015-01-16,ABT,43.79999923706055,44.54999923706055,43.720001220703125,44.4900016784668,36.09430694580078,4564200.0
2015-01-20,ABT,44.66999816894531,44.75,43.88999938964844,44.220001220703125,35.87525177001953,5159900.0
2015-01-21,ABT,43.959999084472656,44.25,43.619998931884766,44.060001373291016,35.74544143676758,5328200.0
2015-01-22,ABT,44.34000015258789,44.56999969482422,43.79999923706055,44.4900016784668,36.09430694580078,5329100.0
2015-01-23,ABT,44.47999954223633,44.47999954223633,43.81999969482422,43.86000061035156,35.583194732666016,6664000.0
2015-01-26,ABT,43.7400016784668,44.20000076293945,43.41999816894531,44.150001525878906,35.81845474243164,4376200.0
2015-01-27,ABT,43.880001068115234,44.02000045776367,43.43000030517578,43.68000030517578,35.43716812133789,4847400.0
2015-01-28,ABT,43.939998626708984,44.20000076293945,43.36000061035156,43.40999984741211,35.21810531616211,7641000.0
2015-01-29,ABT,43.790000915527344,45.40999984741211,43.70000076293945,45.2599983215332,36.71898651123047,10054600.0
2015-01-30,ABT,45.400001525878906,45.630001068115234,44.70000076293945,44.7599983215332,36.3133544921875,9613300.0
2015-02-02,ABT,44.93000030517578,45.2400016784668,44.279998779296875,45.22999954223633,36.69465255737305,7312900.0
2015-02-03,ABT,45.40999984741211,45.880001068115234,45.34000015258789,45.83000183105469,37.18142318725586,8380300.0
2015-02-04,ABT,45.54999923706055,45.9900016784668,45.04999923706055,45.16999816894531,36.64598083496094,8231200.0
2015-02-05,ABT,45.2599983215332,45.869998931884766,45.2599983215332,45.650001525878906,37.03539276123047,6374400.0
2015-02-06,ABT,45.59000015258789,46.209999084472656,45.33000183105469,45.5,36.913700103759766,5601600.0
2015-02-09,ABT,45.209999084472656,45.209999084472656,44.29999923706055,44.52000045776367,36.118629455566406,6585900.0
2015-02-10,ABT,44.68000030517578,45.0099983215332,44.400001525878906,44.91999816894531,36.443145751953125,5210500.0
2015-02-11,ABT,44.880001068115234,45.20000076293945,44.560001373291016,44.93000030517578,36.451263427734375,4302900.0
2015-02-12,ABT,45.040000915527344,45.25,44.79999923706055,45.220001220703125,36.68653869628906,4683700.0
2015-02-13,ABT,45.04999923706055,46.16999816894531,45.02000045776367,46.09000015258789,37.39236068725586,6524900.0
2015-02-17,ABT,46.04999923706055,46.529998779296875,46.0,46.40999984741211,37.651981353759766,6366400.0
2015-02-18,ABT,46.2599983215332,46.529998779296875,46.150001525878906,46.40999984741211,37.651981353759766,4051400.0
2015-02-19,ABT,46.36000061035156,46.66999816894531,46.09000015258789,46.61000061035156,37.81422424316406,6590300.0
2015-02-20,ABT,46.529998779296875,47.56999969482422,46.400001525878906,47.47999954223633,38.52006530761719,6512400.0
2015-02-23,ABT,47.33000183105469,47.5,47.02000045776367,47.31999969482422,38.39024353027344,5608100.0
2015-02-24,ABT,47.27000045776367,47.59000015258789,47.130001068115234,47.470001220703125,38.51192855834961,4789000.0
2015-02-25,ABT,47.54999923706055,47.7400016784668,47.2400016784668,47.400001525878906,38.45515060424805,4777400.0
2015-02-26,ABT,47.31999969482422,47.709999084472656,47.099998474121094,47.61000061035156,38.625518798828125,5112300.0
2015-02-27,ABT,47.47999954223633,47.880001068115234,47.369998931884766,47.369998931884766,38.43080139160156,5805800.0
2015-03-02,ABT,47.34000015258789,47.630001068115234,47.130001068115234,47.220001220703125,38.30912780761719,7016300.0
2015-03-03,ABT,47.13999938964844,47.13999938964844,46.66999816894531,47.09000015258789,38.20365524291992,6018900.0
2015-03-04,ABT,46.869998931884766,47.47999954223633,46.81999969482422,47.0099983215332,38.13874435424805,5558500.0
2015-03-05,ABT,46.880001068115234,47.5,46.81999969482422,47.439998626708984,38.48759460449219,4842600.0
2015-03-06,ABT,47.18000030517578,47.2599983215332,46.349998474121094,46.5,37.72499084472656,7264900.0
2015-03-09,ABT,46.5,46.97999954223633,46.400001525878906,46.83000183105469,37.992713928222656,4465200.0
2015-03-10,ABT,46.41999816894531,46.61000061035156,46.15999984741211,46.16999816894531,37.457271575927734,5106100.0
2015-03-11,ABT,46.38999938964844,46.650001525878906,46.209999084472656,46.29999923706055,37.56273651123047,5030800.0
2015-03-12,ABT,46.470001220703125,47.310001373291016,46.349998474121094,47.25,38.33345031738281,5209700.0
2015-03-13,ABT,47.209999084472656,47.22999954223633,46.61000061035156,46.880001068115234,38.033287048339844,4744100.0
2015-03-16,ABT,47.119998931884766,47.849998474121094,47.119998931884766,47.83000183105469,38.80399703979492,4763600.0
2015-03-17,ABT,47.43000030517578,47.79999923706055,47.06999969482422,47.09000015258789,38.20365524291992,5609100.0
2015-03-18,ABT,46.869998931884766,47.650001525878906,46.38999938964844,47.38999938964844,38.44703674316406,6656700.0
2015-03-19,ABT,47.459999084472656,47.540000915527344,47.130001068115234,47.439998626708984,38.48759460449219,4013600.0
2015-03-20,ABT,47.65999984741211,47.77000045776367,47.33000183105469,47.470001220703125,38.51192855834961,7563000.0
2015-03-23,ABT,47.470001220703125,47.72999954223633,47.220001220703125,47.470001220703125,38.51192855834961,3931100.0
2015-03-24,ABT,47.310001373291016,47.630001068115234,46.9900016784668,47.0,38.1306266784668,4595800.0
2015-03-25,ABT,47.040000915527344,47.5,46.5,46.529998779296875,37.74932098388672,5061100.0
2015-03-26,ABT,46.40999984741211,46.790000915527344,46.099998474121094,46.5,37.72499084472656,4367400.0
2015-03-27,ABT,46.61000061035156,47.029998779296875,46.41999816894531,46.779998779296875,37.95215606689453,3444400.0
2015-03-30,ABT,47.0,47.209999084472656,46.88999938964844,47.08000183105469,38.195533752441406,2967200.0
2015-03-31,ABT,46.83000183105469,46.97999954223633,46.33000183105469,46.33000183105469,37.587066650390625,5358100.0
2015-04-01,ABT,46.33000183105469,46.369998931884766,45.54999923706055,45.88999938964844,37.2301025390625,6369000.0
2015-04-02,ABT,46.11000061035156,46.38999938964844,45.72999954223633,46.130001068115234,37.42481231689453,3974000.0
2015-04-06,ABT,45.79999923706055,46.56999969482422,45.650001525878906,46.29999923706055,37.56273651123047,4083500.0
2015-04-07,ABT,46.29999923706055,46.599998474121094,46.15999984741211,46.189998626708984,37.473487854003906,3161100.0
2015-04-08,ABT,46.209999084472656,46.75,45.900001525878906,46.61000061035156,37.81422424316406,6011800.0
2015-04-09,ABT,46.5,47.119998931884766,46.45000076293945,47.0,38.1306266784668,4337300.0
2015-04-10,ABT,46.97999954223633,47.20000076293945,46.70000076293945,47.150001525878906,38.25233459472656,3759900.0
2015-04-13,ABT,46.779998779296875,47.11000061035156,46.5,46.529998779296875,37.94245529174805,3064500.0
2015-04-14,ABT,46.5099983215332,46.75,46.34000015258789,46.70000076293945,38.08108901977539,3244000.0
2015-04-15,ABT,46.810001373291016,46.95000076293945,46.59000015258789,46.83000183105469,38.18709182739258,4046600.0
2015-04-16,ABT,46.61000061035156,46.88999938964844,46.380001068115234,46.52000045776367,37.934303283691406,3769000.0
2015-04-17,ABT,46.290000915527344,46.45000076293945,45.810001373291016,46.25,37.71413803100586,4312000.0
2015-04-20,ABT,46.41999816894531,46.709999084472656,46.369998931884766,46.630001068115234,38.024009704589844,3371900.0
2015-04-21,ABT,46.939998626708984,47.279998779296875,46.720001220703125,47.119998931884766,38.423561096191406,8616000.0
2015-04-22,ABT,47.25,48.400001525878906,47.119998931884766,48.349998474121094,39.42655563354492,7638400.0
2015-04-23,ABT,48.349998474121094,48.619998931884766,47.83000183105469,48.459999084472656,39.51625061035156,6401900.0
2015-04-24,ABT,48.36000061035156,48.52000045776367,48.09000015258789,48.31999969482422,39.402099609375,3451000.0
2015-04-27,ABT,48.279998779296875,48.400001525878906,47.380001068115234,47.4900016784668,38.72529220581055,5254500.0
2015-04-28,ABT,47.619998931884766,47.72999954223633,47.0099983215332,47.59000015258789,38.80683135986328,3788400.0
2015-04-29,ABT,47.279998779296875,47.63999938964844,46.880001068115234,47.16999816894531,38.46434020996094,3566600.0
2015-04-30,ABT,46.93000030517578,47.20000076293945,46.2599983215332,46.41999816894531,37.85275650024414,5963600.0
2015-05-01,ABT,46.709999084472656,46.93000030517578,46.400001525878906,46.689998626708984,38.07292556762695,3410100.0
2015-05-04,ABT,46.779998779296875,47.34000015258789,46.779998779296875,47.0,38.325714111328125,3126900.0
2015-05-05,ABT,47.02000045776367,47.209999084472656,46.779998779296875,46.849998474121094,38.203399658203125,4377700.0
2015-05-06,ABT,46.849998474121094,46.97999954223633,46.22999954223633,46.540000915527344,37.950618743896484,3832700.0
2015-05-07,ABT,46.439998626708984,46.720001220703125,46.369998931884766,46.5,37.91798782348633,4488900.0
2015-05-08,ABT,47.099998474121094,47.70000076293945,47.029998779296875,47.56999969482422,38.790523529052734,4296400.0
2015-05-11,ABT,47.279998779296875,47.7400016784668,47.22999954223633,47.33000183105469,38.59480667114258,3551400.0
2015-05-12,ABT,47.029998779296875,47.290000915527344,46.88999938964844,47.130001068115234,38.43172073364258,3520500.0
2015-05-13,ABT,47.20000076293945,47.369998931884766,46.880001068115234,47.029998779296875,38.35017776489258,2651400.0
2015-05-14,ABT,47.380001068115234,48.790000915527344,47.290000915527344,48.66999816894531,39.687496185302734,8225900.0
2015-05-15,ABT,48.560001373291016,48.84000015258789,48.470001220703125,48.709999084472656,39.72010803222656,5179000.0
2015-05-18,ABT,48.779998779296875,49.09000015258789,48.77000045776367,48.84000015258789,39.826133728027344,4221400.0
2015-05-19,ABT,48.779998779296875,49.150001525878906,48.66999816894531,49.0099983215332,39.964759826660156,4137800.0
2015-05-20,ABT,49.08000183105469,49.36000061035156,48.93000030517578,49.13999938964844,40.07074737548828,3682300.0
2015-05-21,ABT,49.060001373291016,49.43000030517578,48.900001525878906,49.34000015258789,40.23385238647461,4193700.0
2015-05-22,ABT,49.099998474121094,49.43000030517578,48.90999984741211,49.029998779296875,39.98106002807617,3454700.0
2015-05-26,ABT,49.099998474121094,49.22999954223633,48.38999938964844,48.599998474121094,39.630428314208984,3879600.0
2015-05-27,ABT,48.869998931884766,49.060001373291016,48.59000015258789,49.0099983215332,39.964759826660156,4348600.0
2015-05-28,ABT,48.880001068115234,49.380001068115234,48.84000015258789,49.2599983215332,40.168601989746094,5980600.0
2015-05-29,ABT,49.18000030517578,49.2599983215332,48.529998779296875,48.599998474121094,39.630428314208984,8667200.0
2015-06-01,ABT,48.77000045776367,49.20000076293945,48.56999969482422,48.939998626708984,39.90766525268555,5055100.0
2015-06-02,ABT,48.650001525878906,49.189998626708984,48.31999969482422,48.939998626708984,39.90766525268555,5138100.0
2015-06-03,ABT,48.959999084472656,49.130001068115234,48.7400016784668,48.86000061035156,39.84241485595703,3309600.0
2015-06-04,ABT,48.97999954223633,49.16999816894531,48.529998779296875,48.68000030517578,39.69565200805664,4687000.0
2015-06-05,ABT,48.59000015258789,48.630001068115234,48.0099983215332,48.45000076293945,39.50810241699219,3542400.0
2015-06-08,ABT,48.369998931884766,48.56999969482422,48.20000076293945,48.439998626708984,39.499935150146484,4353000.0
2015-06-09,ABT,48.52000045776367,48.529998779296875,48.0099983215332,48.18000030517578,39.287940979003906,3402000.0
2015-06-10,ABT,48.36000061035156,48.689998626708984,48.29999923706055,48.5,39.54887008666992,5614900.0
2015-06-11,ABT,48.70000076293945,49.25,48.5099983215332,49.060001373291016,40.00553512573242,7101200.0
2015-06-12,ABT,48.90999984741211,48.959999084472656,48.63999938964844,48.66999816894531,39.687496185302734,3692100.0
2015-06-15,ABT,48.29999923706055,48.36000061035156,47.720001220703125,48.06999969482422,39.19823455810547,4807100.0
2015-06-16,ABT,48.06999969482422,48.540000915527344,47.900001525878906,48.47999954223633,39.532569885253906,3919700.0
2015-06-17,ABT,48.5,48.7400016784668,48.33000183105469,48.56999969482422,39.60595703125,3724400.0
2015-06-18,ABT,48.689998626708984,50.15999984741211,48.650001525878906,49.939998626708984,40.723106384277344,7971800.0
2015-06-19,ABT,49.900001525878906,50.11000061035156,49.7400016784668,49.88999938964844,40.682334899902344,9367200.0
2015-06-22,ABT,49.959999084472656,50.369998931884766,49.84000015258789,50.029998779296875,40.796512603759766,4627000.0
2015-06-23,ABT,50.220001220703125,50.470001220703125,49.689998626708984,49.880001068115234,40.674190521240234,3258300.0
2015-06-24,ABT,49.59000015258789,49.849998474121094,49.47999954223633,49.5,40.364315032958984,4572400.0
2015-06-25,ABT,49.650001525878906,49.869998931884766,49.279998779296875,49.33000183105469,40.22568893432617,3607900.0
2015-06-26,ABT,49.470001220703125,49.97999954223633,49.27000045776367,49.970001220703125,40.74757766723633,6780500.0
2015-06-29,ABT,49.540000915527344,49.849998474121094,48.959999084472656,49.0099983215332,39.964759826660156,5364300.0
2015-06-30,ABT,49.5099983215332,49.54999923706055,48.90999984741211,49.08000183105469,40.02182388305664,4514700.0
2015-07-01,ABT,49.400001525878906,49.630001068115234,49.08000183105469,49.52000045776367,40.38064956665039,3378200.0
2015-07-02,ABT,49.79999923706055,49.81999969482422,49.15999984741211,49.40999984741211,40.29092788696289,2740300.0
2015-07-06,ABT,49.02000045776367,50.119998931884766,48.91999816894531,49.7400016784668,40.560028076171875,5783800.0
2015-07-07,ABT,49.959999084472656,50.2400016784668,49.099998474121094,50.209999084472656,40.94327926635742,6069400.0
2015-07-08,ABT,49.7400016784668,50.09000015258789,49.16999816894531,49.25,40.160457611083984,5839600.0
2015-07-09,ABT,49.79999923706055,49.93000030517578,49.18000030517578,49.189998626708984,40.11152267456055,5604800.0
2015-07-10,ABT,49.630001068115234,50.119998931884766,49.38999938964844,49.93000030517578,40.714969635009766,5028200.0
2015-07-13,ABT,50.0,50.11000061035156,49.58000183105469,49.720001220703125,40.739524841308594,5519900.0
2015-07-14,ABT,49.810001373291016,50.380001068115234,49.70000076293945,50.20000076293945,41.13284683227539,4253700.0
2015-07-15,ABT,49.84000015258789,49.9900016784668,49.13999938964844,49.310001373291016,40.403602600097656,6612000.0
2015-07-16,ABT,49.81999969482422,49.84000015258789,49.540000915527344,49.77000045776367,40.7805061340332,3830400.0
2015-07-17,ABT,49.52000045776367,49.970001220703125,49.45000076293945,49.900001525878906,40.88702392578125,5408700.0
2015-07-20,ABT,50.0099983215332,50.33000183105469,49.97999954223633,50.060001373291016,41.01812744140625,5416600.0
2015-07-21,ABT,49.90999984741211,50.27000045776367,49.7599983215332,49.7599983215332,40.77231216430664,6399800.0
2015-07-22,ABT,49.869998931884766,51.09000015258789,49.2599983215332,50.97999954223633,41.77195358276367,10392300.0
2015-07-23,ABT,51.33000183105469,51.7400016784668,50.939998626708984,51.20000076293945,41.95222473144531,6098500.0
2015-07-24,ABT,50.849998474121094,51.470001220703125,50.84000015258789,51.04999923706055,41.82931137084961,5982700.0
2015-07-27,ABT,50.63999938964844,50.849998474121094,50.209999084472656,50.689998626708984,41.53434753417969,5484200.0
2015-07-28,ABT,51.09000015258789,51.2400016784668,50.650001525878906,50.939998626708984,41.73918533325195,5734900.0
2015-07-29,ABT,50.97999954223633,51.16999816894531,50.7599983215332,51.060001373291016,41.837501525878906,3530700.0
2015-07-30,ABT,50.95000076293945,51.04999923706055,50.540000915527344,50.77000045776367,41.59988784790039,3665000.0
2015-07-31,ABT,51.06999969482422,51.130001068115234,50.599998474121094,50.689998626708984,41.53434753417969,5573500.0
2015-08-03,ABT,50.88999938964844,50.90999984741211,50.13999938964844,50.5,41.3786506652832,3506600.0
2015-08-04,ABT,50.75,50.810001373291016,50.290000915527344,50.5099983215332,41.386844635009766,3487700.0
2015-08-05,ABT,50.97999954223633,51.0,50.38999938964844,50.47999954223633,41.362274169921875,5032800.0
2015-08-06,ABT,50.52000045776367,51.0099983215332,50.06999969482422,50.31999969482422,41.231163024902344,6213200.0
2015-08-07,ABT,50.400001525878906,50.439998626708984,49.369998931884766,50.11000061035156,41.059112548828125,4351800.0
2015-08-10,ABT,50.41999816894531,51.16999816894531,50.38999938964844,50.65999984741211,41.509765625,3729300.0
2015-08-11,ABT,50.18000030517578,50.52000045776367,49.9900016784668,50.38999938964844,41.288516998291016,4033300.0
2015-08-12,ABT,50.43000030517578,50.4900016784668,49.220001220703125,50.09000015258789,41.0427131652832,5395100.0
2015-08-13,ABT,50.02000045776367,50.11000061035156,49.61000061035156,49.84000015258789,40.837860107421875,4130000.0
2015-08-14,ABT,49.81999969482422,50.310001373291016,49.720001220703125,50.22999954223633,41.15742492675781,3776400.0
2015-08-17,ABT,50.0099983215332,50.40999984741211,49.75,50.380001068115234,41.28032684326172,3216600.0
2015-08-18,ABT,50.310001373291016,50.599998474121094,50.25,50.439998626708984,41.329498291015625,3288200.0
2015-08-19,ABT,50.13999938964844,50.16999816894531,49.40999984741211,49.84000015258789,40.837860107421875,6000600.0
2015-08-20,ABT,49.400001525878906,49.5099983215332,48.5099983215332,48.529998779296875,39.76447677612305,5977400.0
2015-08-21,ABT,48.029998779296875,48.43000030517578,47.130001068115234,47.130001068115234,38.617347717285156,9305900.0
2015-08-24,ABT,44.5099983215332,45.810001373291016,42.72999954223633,43.70000076293945,35.806888580322266,18430700.0
2015-08-25,ABT,44.869998931884766,45.099998474121094,42.880001068115234,42.900001525878906,35.1513786315918,14575400.0
2015-08-26,ABT,43.86000061035156,44.119998931884766,42.29999923706055,43.97999954223633,36.03630065917969,12675400.0
2015-08-27,ABT,45.599998474121094,46.04999923706055,44.66999816894531,45.63999938964844,37.396480560302734,14260400.0
2015-08-28,ABT,45.61000061035156,46.11000061035156,45.209999084472656,46.02000045776367,37.70783615112305,9191600.0
2015-08-31,ABT,45.90999984741211,46.630001068115234,45.119998931884766,45.290000915527344,37.10969543457031,7470200.0
2015-09-01,ABT,44.220001220703125,44.5,43.369998931884766,43.56999969482422,35.70035171508789,9000500.0
2015-09-02,ABT,44.310001373291016,44.439998626708984,43.619998931884766,44.2400016784668,36.24934005737305,7517600.0
2015-09-03,ABT,44.52000045776367,44.779998779296875,43.95000076293945,44.13999938964844,36.16740417480469,6426200.0
2015-09-04,ABT,43.5,43.709999084472656,42.720001220703125,43.06999969482422,35.2906608581543,7057100.0
2015-09-08,ABT,43.65999984741211,44.060001373291016,43.5,44.040000915527344,36.08546447753906,5452400.0
2015-09-09,ABT,44.36000061035156,44.5099983215332,43.119998931884766,43.22999954223633,35.4217643737793,5251200.0
2015-09-10,ABT,43.02000045776367,43.47999954223633,42.68000030517578,43.119998931884766,35.33164596557617,6952400.0
2015-09-11,ABT,43.130001068115234,43.439998626708984,42.7400016784668,43.40999984741211,35.56925964355469,5699500.0
2015-09-14,ABT,43.599998474121094,43.61000061035156,42.900001525878906,43.16999816894531,35.37260055541992,4461300.0
2015-09-15,ABT,43.279998779296875,43.91999816894531,43.11000061035156,43.810001373291016,35.89699935913086,5105600.0
2015-09-16,ABT,43.779998779296875,44.09000015258789,43.560001373291016,43.86000061035156,35.9379768371582,4982300.0
2015-09-17,ABT,43.849998474121094,45.150001525878906,43.790000915527344,44.2400016784668,36.24934005737305,7323700.0
2015-09-18,ABT,43.63999938964844,44.11000061035156,43.2400016784668,43.33000183105469,35.503700256347656,9063900.0
2015-09-21,ABT,43.650001525878906,43.81999969482422,43.0,43.29999923706055,35.4791259765625,5052100.0
2015-09-22,ABT,42.83000183105469,42.849998474121094,41.95000076293945,42.47999954223633,34.8072395324707,7283400.0
2015-09-23,ABT,42.5,42.68000030517578,42.099998474121094,42.20000076293945,34.57780456542969,6280300.0
2015-09-24,ABT,42.0,42.150001525878906,41.439998626708984,41.939998626708984,34.36477279663086,7322100.0
2015-09-25,ABT,42.22999954223633,42.4900016784668,40.41999816894531,40.86000061035156,33.479835510253906,10025100.0
2015-09-28,ABT,40.7400016784668,40.7400016784668,39.0,39.060001373291016,32.00495910644531,17219300.0
2015-09-29,ABT,39.2599983215332,40.150001525878906,39.029998779296875,39.5,32.36548614501953,12287500.0
2015-09-30,ABT,39.84000015258789,40.43000030517578,39.54999923706055,40.220001220703125,32.955440521240234,10750300.0
2015-10-01,ABT,40.349998474121094,40.79999923706055,40.18000030517578,40.7599983215332,33.39789581298828,7897000.0
2015-10-02,ABT,40.25,41.40999984741211,40.16999816894531,41.380001068115234,33.90591049194336,8457500.0
2015-10-05,ABT,41.619998931884766,41.779998779296875,41.02000045776367,41.38999938964844,33.914119720458984,8789300.0
2015-10-06,ABT,41.25,41.34000015258789,39.279998779296875,39.88999938964844,32.68503952026367,11689300.0
2015-10-07,ABT,40.529998779296875,40.90999984741211,40.0099983215332,40.630001068115234,33.291378021240234,9158500.0
2015-10-08,ABT,40.349998474121094,41.220001220703125,40.04999923706055,41.15999984741211,33.725643157958984,9859100.0
2015-10-09,ABT,41.06999969482422,41.97999954223633,40.939998626708984,41.88999938964844,34.323787689208984,10400200.0
2015-10-12,ABT,41.630001068115234,41.75,41.29999923706055,41.56999969482422,34.06159591674805,6067700.0
2015-10-13,ABT,40.970001220703125,41.38999938964844,40.810001373291016,40.91999816894531,33.72370147705078,5527100.0
2015-10-14,ABT,40.970001220703125,41.34000015258789,40.65999984741211,40.720001220703125,33.558868408203125,6417200.0
2015-10-15,ABT,41.06999969482422,42.029998779296875,40.90999984741211,41.869998931884766,34.50663375854492,7822000.0
2015-10-16,ABT,42.20000076293945,42.27000045776367,41.65999984741211,42.220001220703125,34.79508972167969,6163500.0
2015-10-19,ABT,42.11000061035156,42.369998931884766,41.84000015258789,42.150001525878906,34.737396240234375,5531200.0
2015-10-20,ABT,42.08000183105469,42.220001220703125,41.56999969482422,41.7400016784668,34.39949417114258,5882700.0
2015-10-21,ABT,42.540000915527344,42.849998474121094,41.619998931884766,42.20000076293945,34.778602600097656,8858800.0
2015-10-22,ABT,42.40999984741211,43.56999969482422,41.7599983215332,43.5,35.849971771240234,12440000.0
2015-10-23,ABT,43.52000045776367,43.86000061035156,43.189998626708984,43.599998474121094,35.932376861572266,9582700.0
2015-10-26,ABT,43.58000183105469,43.81999969482422,43.41999816894531,43.61000061035156,35.94062805175781,5716400.0
2015-10-27,ABT,43.540000915527344,43.97999954223633,43.5,43.880001068115234,36.163150787353516,5743600.0
2015-10-28,ABT,43.959999084472656,44.77000045776367,43.63999938964844,44.7599983215332,36.888404846191406,6158300.0
2015-10-29,ABT,44.93000030517578,45.34000015258789,44.79999923706055,45.2400016784668,37.28397750854492,6887700.0
2015-10-30,ABT,45.189998626708984,45.34000015258789,44.7599983215332,44.79999923706055,36.92136001586914,8442300.0
2015-11-02,ABT,44.880001068115234,45.5,44.599998474121094,45.43000030517578,37.440574645996094,5477800.0
2015-11-03,ABT,45.36000061035156,45.63999938964844,45.040000915527344,45.5099983215332,37.50649642944336,3933800.0
2015-11-04,ABT,45.720001220703125,45.720001220703125,45.04999923706055,45.18000030517578,37.23452377319336,6506600.0
2015-11-05,ABT,45.09000015258789,45.5099983215332,44.88999938964844,45.18000030517578,37.23452377319336,5107000.0
2015-11-06,ABT,44.88999938964844,45.66999816894531,44.650001525878906,45.630001068115234,37.60538101196289,6586300.0
2015-11-09,ABT,45.470001220703125,45.470001220703125,44.869998931884766,45.04999923706055,37.12738800048828,5946000.0
2015-11-10,ABT,45.09000015258789,45.849998474121094,45.060001373291016,45.7599983215332,37.71251678466797,5520600.0
2015-11-11,ABT,45.86000061035156,45.869998931884766,45.040000915527344,45.06999969482422,37.14386749267578,4298600.0
2015-11-12,ABT,44.810001373291016,44.959999084472656,44.15999984741211,44.189998626708984,36.41862869262695,6013900.0
2015-11-13,ABT,43.45000076293945,44.36000061035156,43.45000076293945,43.959999084472656,36.22908020019531,6797500.0
2015-11-16,ABT,43.900001525878906,44.88999938964844,43.79999923706055,44.880001068115234,36.987281799316406,6362900.0
2015-11-17,ABT,44.88999938964844,45.16999816894531,44.61000061035156,44.77000045776367,36.89663314819336,5794300.0
2015-11-18,ABT,44.970001220703125,45.869998931884766,44.959999084472656,45.79999923706055,37.74549865722656,5691000.0
2015-11-19,ABT,45.720001220703125,46.06999969482422,45.470001220703125,45.72999954223633,37.687808990478516,6830300.0
2015-11-20,ABT,46.029998779296875,46.380001068115234,45.84000015258789,46.0099983215332,37.91855239868164,7140700.0
2015-11-23,ABT,46.029998779296875,46.099998474121094,45.2599983215332,45.439998626708984,37.44881057739258,4593800.0
2015-11-24,ABT,45.11000061035156,45.58000183105469,45.029998779296875,45.45000076293945,37.45703887939453,4638600.0
2015-11-25,ABT,45.380001068115234,45.650001525878906,45.279998779296875,45.40999984741211,37.42407989501953,3080700.0
2015-11-27,ABT,45.41999816894531,45.599998474121094,45.310001373291016,45.41999816894531,37.432315826416016,1678000.0
2015-11-30,ABT,45.439998626708984,45.540000915527344,44.91999816894531,44.91999816894531,37.02024459838867,7827000.0
2015-12-01,ABT,45.220001220703125,45.52000045776367,44.939998626708984,45.459999084472656,37.465274810791016,5593200.0
2015-12-02,ABT,45.43000030517578,45.720001220703125,45.119998931884766,45.220001220703125,37.267494201660156,4840400.0
2015-12-03,ABT,45.36000061035156,45.470001220703125,44.0099983215332,44.150001525878906,36.38566970825195,6857400.0
2015-12-04,ABT,44.40999984741211,45.36000061035156,44.279998779296875,45.29999923706055,37.33342361450195,6438500.0
2015-12-07,ABT,45.56999969482422,45.72999954223633,45.290000915527344,45.560001373291016,37.547691345214844,5559900.0
2015-12-08,ABT,45.31999969482422,45.75,45.15999984741211,45.54999923706055,37.539451599121094,5199000.0
2015-12-09,ABT,45.38999938964844,45.70000076293945,44.810001373291016,44.959999084472656,37.0532341003418,5544400.0
2015-12-10,ABT,45.08000183105469,45.63999938964844,45.0,45.310001373291016,37.3416633605957,4953200.0
2015-12-11,ABT,44.77000045776367,44.869998931884766,44.290000915527344,44.36000061035156,36.55873107910156,5236400.0
2015-12-14,ABT,44.45000076293945,44.83000183105469,43.959999084472656,44.810001373291016,36.929588317871094,6173500.0
2015-12-15,ABT,45.20000076293945,45.91999816894531,45.150001525878906,45.59000015258789,37.57242202758789,5828000.0
2015-12-16,ABT,45.77000045776367,46.13999938964844,45.25,46.04999923706055,37.95151901245117,7576500.0
2015-12-17,ABT,46.09000015258789,46.220001220703125,45.25,45.2599983215332,37.30045700073242,5792200.0
2015-12-18,ABT,44.959999084472656,45.040000915527344,43.70000076293945,43.70000076293945,36.01481246948242,13044400.0
2015-12-21,ABT,44.04999923706055,44.189998626708984,43.56999969482422,44.040000915527344,36.295005798339844,5453300.0
2015-12-22,ABT,44.22999954223633,44.560001373291016,43.970001220703125,44.47999954223633,36.657623291015625,4367300.0
2015-12-23,ABT,44.72999954223633,45.18000030517578,44.630001068115234,45.099998474121094,37.16859817504883,4353000.0
2015-12-24,ABT,44.939998626708984,45.29999923706055,44.939998626708984,45.099998474121094,37.16859817504883,1462900.0
2015-12-28,ABT,44.91999816894531,45.130001068115234,44.81999969482422,45.029998779296875,37.110904693603516,2742900.0
2015-12-29,ABT,45.279998779296875,45.95000076293945,45.16999816894531,45.81999969482422,37.76197052001953,4071200.0
2015-12-30,ABT,45.849998474121094,46.029998779296875,45.209999084472656,45.27000045776367,37.308692932128906,4912000.0
2015-12-31,ABT,45.11000061035156,45.5,44.900001525878906,44.90999984741211,37.012020111083984,4192400.0
2016-01-04,ABT,43.939998626708984,44.04999923706055,42.5,42.93000030517578,35.380218505859375,12227500.0
2016-01-05,ABT,42.959999084472656,43.20000076293945,42.61000061035156,42.91999816894531,35.371978759765625,8245200.0
2016-01-06,ABT,42.310001373291016,42.97999954223633,42.209999084472656,42.560001373291016,35.07528305053711,5906000.0
2016-01-07,ABT,41.68000030517578,42.18000030517578,41.400001525878906,41.540000915527344,34.23466491699219,7151400.0
2016-01-08,ABT,41.86000061035156,41.900001525878906,40.540000915527344,40.66999816894531,33.517669677734375,7477700.0
2016-01-11,ABT,40.77000045776367,40.900001525878906,40.099998474121094,40.72999954223633,33.56711959838867,7839700.0
2016-01-12,ABT,40.9900016784668,41.61000061035156,40.869998931884766,41.459999084472656,34.168739318847656,7328900.0
2016-01-13,ABT,41.47999954223633,41.689998626708984,40.15999984741211,40.279998779296875,33.40574645996094,5754400.0
2016-01-14,ABT,40.34000015258789,41.31999969482422,40.13999938964844,41.099998474121094,34.08579635620117,7326800.0
2016-01-15,ABT,39.849998474121094,40.91999816894531,39.75,40.540000915527344,33.62136459350586,10464800.0
2016-01-19,ABT,41.099998474121094,41.31999969482422,40.130001068115234,40.43000030517578,33.5301399230957,7997300.0
2016-01-20,ABT,39.72999954223633,40.279998779296875,39.08000183105469,39.959999084472656,33.14036178588867,11279900.0
2016-01-21,ABT,40.18000030517578,40.18000030517578,39.2400016784668,39.47999954223633,32.74228286743164,10089500.0
2016-01-22,ABT,40.20000076293945,40.20000076293945,39.7400016784668,40.029998779296875,33.19840621948242,8854600.0
2016-01-25,ABT,40.029998779296875,40.15999984741211,39.58000183105469,39.65999984741211,32.89154815673828,5304600.0
2016-01-26,ABT,39.86000061035156,40.439998626708984,39.650001525878906,40.15999984741211,33.30622100830078,5360400.0
2016-01-27,ABT,39.95000076293945,41.4900016784668,39.900001525878906,40.470001220703125,33.56332778930664,10530700.0
2016-01-28,ABT,38.40999984741211,38.5,36.0,36.709999084472656,30.44501495361328,23544400.0
2016-01-29,ABT,36.689998626708984,37.869998931884766,36.68000030517578,37.849998474121094,31.39045524597168,16124300.0
2016-02-01,ABT,36.16999816894531,38.709999084472656,36.16999816894531,38.45000076293945,31.8880558013916,14252500.0
2016-02-02,ABT,38.0,38.72999954223633,37.81999969482422,37.880001068115234,31.415321350097656,9632400.0
2016-02-03,ABT,38.22999954223633,38.40999984741211,37.099998474121094,38.02000045776367,31.53144645690918,6914000.0
2016-02-04,ABT,37.779998779296875,38.220001220703125,37.529998779296875,38.0099983215332,31.523141860961914,5103800.0
2016-02-05,ABT,38.22999954223633,38.349998474121094,37.119998931884766,37.40999984741211,31.025541305541992,5750200.0
2016-02-08,ABT,37.189998626708984,37.63999938964844,36.689998626708984,37.459999084472656,31.067026138305664,7802000.0
2016-02-09,ABT,36.959999084472656,37.779998779296875,36.869998931884766,37.0,30.685510635375977,8691600.0
2016-02-10,ABT,37.58000183105469,38.18000030517578,37.119998931884766,37.209999084472656,30.85968017578125,7909400.0
2016-02-11,ABT,36.439998626708984,36.849998474121094,36.02000045776367,36.34000015258789,30.138154983520508,7724000.0
2016-02-12,ABT,36.70000076293945,37.150001525878906,36.400001525878906,37.130001068115234,30.793323516845703,6424800.0
2016-02-16,ABT,37.130001068115234,38.0099983215332,37.119998931884766,37.9900016784668,31.506567001342773,7960200.0
2016-02-17,ABT,38.369998931884766,38.560001373291016,38.2400016784668,38.45000076293945,31.8880558013916,6358900.0
2016-02-18,ABT,38.34000015258789,38.88999938964844,38.220001220703125,38.310001373291016,31.771944046020508,5617800.0
2016-02-19,ABT,38.31999969482422,38.650001525878906,38.13999938964844,38.529998779296875,31.954408645629883,5735000.0
2016-02-22,ABT,38.529998779296875,39.2400016784668,38.529998779296875,39.15999984741211,32.476871490478516,4946300.0
2016-02-23,ABT,38.90999984741211,39.04999923706055,38.29999923706055,38.38999938964844,31.83830451965332,6144300.0
2016-02-24,ABT,38.18000030517578,39.31999969482422,37.970001220703125,39.20000076293945,32.51005935668945,7054800.0
2016-02-25,ABT,39.220001220703125,39.63999938964844,38.970001220703125,39.630001068115234,32.86668014526367,7608300.0
2016-02-26,ABT,39.47999954223633,39.880001068115234,39.220001220703125,39.52000045776367,32.77544403076172,8741400.0
2016-02-29,ABT,39.34000015258789,39.84000015258789,38.7400016784668,38.7400016784668,32.12856674194336,8463400.0
2016-03-01,ABT,38.90999984741211,39.459999084472656,38.79999923706055,39.33000183105469,32.617881774902344,9693900.0
2016-03-02,ABT,39.349998474121094,39.56999969482422,39.099998474121094,39.34000015258789,32.62616729736328,7498100.0
2016-03-03,ABT,38.560001373291016,38.88999938964844,38.09000015258789,38.81999969482422,32.194915771484375,13516200.0
2016-03-04,ABT,38.849998474121094,39.369998931884766,38.79999923706055,39.18000030517578,32.493473052978516,7419200.0
2016-03-07,ABT,39.0,39.38999938964844,38.91999816894531,39.18000030517578,32.493473052978516,5955800.0
2016-03-08,ABT,38.95000076293945,39.4900016784668,38.880001068115234,39.16999816894531,32.48517608642578,7704200.0
2016-03-09,ABT,39.2599983215332,39.38999938964844,39.0099983215332,39.279998779296875,32.57640838623047,6196000.0
2016-03-10,ABT,39.40999984741211,39.880001068115234,38.81999969482422,39.029998779296875,32.369075775146484,8716900.0
2016-03-11,ABT,39.25,40.45000076293945,39.08000183105469,40.369998931884766,33.48039245605469,11786400.0
2016-03-14,ABT,40.310001373291016,40.68000030517578,39.9900016784668,40.5,33.58819580078125,5707800.0
2016-03-15,ABT,40.15999984741211,40.34000015258789,39.54999923706055,39.900001525878906,33.09060287475586,5309200.0
2016-03-16,ABT,40.13999938964844,40.31999969482422,39.779998779296875,40.18000030517578,33.32281494140625,5393000.0
2016-03-17,ABT,40.20000076293945,40.40999984741211,39.529998779296875,40.290000915527344,33.41403579711914,6089900.0
2016-03-18,ABT,40.36000061035156,40.939998626708984,40.13999938964844,40.790000915527344,33.82870101928711,10143900.0
2016-03-21,ABT,40.58000183105469,40.77000045776367,40.439998626708984,40.7599983215332,33.8038215637207,4054800.0
2016-03-22,ABT,40.5,41.15999984741211,40.34000015258789,41.029998779296875,34.02775192260742,6652300.0
2016-03-23,ABT,40.84000015258789,41.34000015258789,40.689998626708984,40.779998779296875,33.8204231262207,4087600.0
2016-03-24,ABT,40.63999938964844,40.900001525878906,40.36000061035156,40.75,33.7955322265625,4261000.0
2016-03-28,ABT,40.77000045776367,41.0,40.61000061035156,40.880001068115234,33.903350830078125,3328000.0
2016-03-29,ABT,40.75,41.529998779296875,40.709999084472656,41.470001220703125,34.39266586303711,4127000.0
2016-03-30,ABT,41.599998474121094,41.939998626708984,41.4900016784668,41.650001525878906,34.54193115234375,3433000.0
2016-03-31,ABT,41.650001525878906,42.0,41.5099983215332,41.83000183105469,34.69122314453125,5168400.0
2016-04-01,ABT,41.529998779296875,42.2599983215332,41.36000061035156,42.189998626708984,34.98978042602539,3972900.0
2016-04-04,ABT,42.34000015258789,42.66999816894531,42.15999984741211,42.31999969482422,35.09760665893555,4407800.0
2016-04-05,ABT,42.0099983215332,42.2599983215332,41.88999938964844,42.040000915527344,34.86538314819336,6582700.0
2016-04-06,ABT,41.97999954223633,43.15999984741211,41.97999954223633,43.04999923706055,35.7030143737793,6261000.0
2016-04-07,ABT,42.66999816894531,42.90999984741211,42.2400016784668,42.61000061035156,35.338096618652344,4901300.0
2016-04-08,ABT,42.779998779296875,42.93000030517578,42.119998931884766,42.369998931884766,35.13905715942383,4920300.0
2016-04-11,ABT,42.470001220703125,42.880001068115234,42.459999084472656,42.47999954223633,35.230289459228516,3948800.0
2016-04-12,ABT,42.36000061035156,43.06999969482422,42.36000061035156,42.81999969482422,35.512264251708984,5100200.0
2016-04-13,ABT,42.869998931884766,43.41999816894531,42.68000030517578,43.349998474121094,36.17144775390625,4140700.0
2016-04-14,ABT,43.380001068115234,43.65999984741211,43.279998779296875,43.5099983215332,36.30495071411133,3118700.0
2016-04-15,ABT,43.529998779296875,43.54999923706055,43.18000030517578,43.40999984741211,36.22151565551758,3620400.0
2016-04-18,ABT,43.18000030517578,44.0099983215332,43.18000030517578,43.95000076293945,36.67207336425781,4268800.0
2016-04-19,ABT,44.0,44.0099983215332,43.4900016784668,43.849998474121094,36.58864974975586,7786600.0
2016-04-20,ABT,44.47999954223633,44.58000183105469,43.5099983215332,43.970001220703125,36.688777923583984,8693500.0
2016-04-21,ABT,43.779998779296875,44.31999969482422,43.59000015258789,43.880001068115234,36.613677978515625,6171500.0
2016-04-22,ABT,43.720001220703125,44.16999816894531,43.720001220703125,44.08000183105469,36.78056335449219,4691800.0
2016-04-25,ABT,44.0099983215332,44.20000076293945,43.810001373291016,44.0099983215332,36.722145080566406,4136800.0
2016-04-26,ABT,44.15999984741211,44.25,43.7599983215332,43.880001068115234,36.613677978515625,3372700.0
2016-04-27,ABT,43.93000030517578,44.0,43.689998626708984,43.83000183105469,36.57194900512695,5035100.0
2016-04-28,ABT,40.08000183105469,41.689998626708984,39.9900016784668,40.41999816894531,33.72664260864258,54527700.0
2016-04-29,ABT,40.369998931884766,40.380001068115234,38.58000183105469,38.900001525878906,32.45835494995117,30646800.0
2016-05-02,ABT,38.849998474121094,39.119998931884766,38.41999816894531,38.849998474121094,32.416622161865234,21292300.0
2016-05-03,ABT,38.79999923706055,38.83000183105469,38.209999084472656,38.54999923706055,32.16630172729492,18241600.0
2016-05-04,ABT,38.349998474121094,38.459999084472656,38.0,38.099998474121094,31.79082679748535,13975300.0
2016-05-05,ABT,38.279998779296875,38.72999954223633,38.099998474121094,38.5,32.124595642089844,16531000.0
2016-05-06,ABT,38.220001220703125,38.400001525878906,37.709999084472656,37.970001220703125,31.68235206604004,11399900.0
2016-05-09,ABT,38.11000061035156,38.58000183105469,37.880001068115234,37.97999954223633,31.690698623657227,11156200.0
2016-05-10,ABT,38.29999923706055,38.29999923706055,37.779998779296875,38.099998474121094,31.79082679748535,11228200.0
2016-05-11,ABT,38.20000076293945,38.290000915527344,37.900001525878906,38.0099983215332,31.715721130371094,10598300.0
2016-05-12,ABT,38.13999938964844,38.16999816894531,37.52000045776367,38.0,31.707382202148438,10395400.0
2016-05-13,ABT,37.86000061035156,38.060001373291016,37.470001220703125,37.599998474121094,31.373620986938477,9337900.0
2016-05-16,ABT,37.599998474121094,38.40999984741211,37.599998474121094,38.25,31.915990829467773,10178500.0
2016-05-17,ABT,38.220001220703125,38.29999923706055,37.54999923706055,37.709999084472656,31.46541404724121,8357100.0
2016-05-18,ABT,37.75,38.099998474121094,37.4900016784668,37.75,31.4987735748291,10603000.0
2016-05-19,ABT,37.560001373291016,37.68000030517578,36.88999938964844,37.2400016784668,31.073230743408203,8221300.0
2016-05-20,ABT,37.54999923706055,37.779998779296875,37.47999954223633,37.599998474121094,31.373620986938477,7807600.0
2016-05-23,ABT,37.720001220703125,37.75,37.27000045776367,37.369998931884766,31.18170166015625,7126700.0
2016-05-24,ABT,37.4900016784668,38.06999969482422,37.43000030517578,37.97999954223633,31.690698623657227,8678000.0
2016-05-25,ABT,38.060001373291016,38.77000045776367,38.029998779296875,38.68000030517578,32.2747802734375,16141100.0
2016-05-26,ABT,38.650001525878906,38.95000076293945,38.540000915527344,38.88999938964844,32.44999694824219,12446000.0
2016-05-27,ABT,39.040000915527344,39.400001525878906,38.91999816894531,39.29999923706055,32.792110443115234,12339400.0
2016-05-31,ABT,39.33000183105469,39.66999816894531,39.13999938964844,39.630001068115234,33.06747055053711,15887000.0
2016-06-01,ABT,39.369998931884766,39.619998931884766,39.29999923706055,39.5,32.958984375,11554800.0
2016-06-02,ABT,39.5,39.63999938964844,39.349998474121094,39.529998779296875,32.984012603759766,12758500.0
2016-06-03,ABT,39.52000045776367,39.540000915527344,39.02000045776367,39.18000030517578,32.691978454589844,10841200.0
2016-06-06,ABT,39.25,39.380001068115234,39.04999923706055,39.16999816894531,32.683631896972656,9157100.0
2016-06-07,ABT,39.119998931884766,39.279998779296875,38.91999816894531,38.93000030517578,32.48337173461914,10202700.0
2016-06-08,ABT,38.900001525878906,39.060001373291016,38.650001525878906,38.90999984741211,32.46668243408203,9134000.0
2016-06-09,ABT,38.869998931884766,39.08000183105469,38.77000045776367,38.869998931884766,32.433326721191406,10093100.0
2016-06-10,ABT,38.66999816894531,38.70000076293945,38.22999954223633,38.400001525878906,32.0411491394043,7926100.0
2016-06-13,ABT,38.31999969482422,38.54999923706055,37.849998474121094,37.86000061035156,31.590572357177734,11065900.0
2016-06-14,ABT,37.869998931884766,37.88999938964844,37.439998626708984,37.65999984741211,31.42367172241211,9613200.0
2016-06-15,ABT,37.75,37.869998931884766,37.400001525878906,37.43000030517578,31.231767654418945,7716300.0
2016-06-16,ABT,37.36000061035156,37.540000915527344,36.880001068115234,37.5,31.290185928344727,10267500.0
2016-06-17,ABT,37.400001525878906,37.59000015258789,37.22999954223633,37.38999938964844,31.198383331298828,9900000.0
2016-06-20,ABT,37.880001068115234,38.06999969482422,37.75,37.75,31.4987735748291,7707300.0
2016-06-21,ABT,38.0,38.18000030517578,37.70000076293945,37.72999954223633,31.48208999633789,8841100.0
2016-06-22,ABT,37.720001220703125,38.849998474121094,37.720001220703125,38.7400016784668,32.3248405456543,10868100.0
2016-06-23,ABT,39.040000915527344,39.630001068115234,38.9900016784668,39.630001068115234,33.06747055053711,10755500.0
2016-06-24,ABT,38.369998931884766,38.560001373291016,37.90999984741211,37.90999984741211,31.632280349731445,16525000.0
2016-06-27,ABT,37.5099983215332,37.58000183105469,36.7599983215332,36.95000076293945,30.831249237060547,12802100.0
2016-06-28,ABT,37.279998779296875,37.58000183105469,37.060001373291016,37.560001373291016,31.340240478515625,8379700.0
2016-06-29,ABT,37.95000076293945,38.75,37.95000076293945,38.56999969482422,32.18300247192383,8366500.0
2016-06-30,ABT,38.650001525878906,39.310001373291016,38.56999969482422,39.310001373291016,32.800453186035156,10425000.0
2016-07-01,ABT,39.310001373291016,39.709999084472656,39.15999984741211,39.540000915527344,32.99237060546875,6904600.0
2016-07-05,ABT,39.310001373291016,39.560001373291016,39.209999084472656,39.439998626708984,32.9089241027832,10029300.0
2016-07-06,ABT,39.27000045776367,40.880001068115234,39.25,40.83000183105469,34.068748474121094,13177200.0
2016-07-07,ABT,40.83000183105469,41.56999969482422,40.79999923706055,41.36000061035156,34.51097869873047,17624400.0
2016-07-08,ABT,41.599998474121094,42.27000045776367,41.560001373291016,41.88999938964844,34.95321273803711,11071800.0
2016-07-11,ABT,42.029998779296875,42.310001373291016,42.0,42.119998931884766,35.14513397216797,9052300.0
2016-07-12,ABT,42.34000015258789,42.650001525878906,42.13999938964844,42.470001220703125,35.437171936035156,8266200.0
2016-07-13,ABT,42.2400016784668,42.52000045776367,41.849998474121094,41.970001220703125,35.23567581176758,7920200.0
2016-07-14,ABT,42.34000015258789,42.41999816894531,42.02000045776367,42.279998779296875,35.49593734741211,9011900.0
2016-07-15,ABT,42.400001525878906,42.529998779296875,42.029998779296875,42.099998474121094,35.344818115234375,7693500.0
2016-07-18,ABT,42.04999923706055,42.22999954223633,41.810001373291016,42.09000015258789,35.33641815185547,7524200.0
2016-07-19,ABT,41.939998626708984,41.9900016784668,41.599998474121094,41.79999923706055,35.092960357666016,8462800.0
2016-07-20,ABT,42.79999923706055,42.91999816894531,42.099998474121094,42.650001525878906,35.80656814575195,13686500.0
2016-07-21,ABT,42.880001068115234,43.41999816894531,42.810001373291016,43.040000915527344,36.133995056152344,11456400.0
2016-07-22,ABT,43.04999923706055,43.2599983215332,42.810001373291016,43.16999816894531,36.243133544921875,10204500.0
2016-07-25,ABT,43.08000183105469,43.439998626708984,43.06999969482422,43.40999984741211,36.44462585449219,11525900.0
2016-07-26,ABT,43.38999938964844,43.619998931884766,43.36000061035156,43.599998474121094,36.60413360595703,8664800.0
2016-07-27,ABT,43.56999969482422,43.900001525878906,43.2400016784668,43.66999816894531,36.66290283203125,15188200.0
2016-07-28,ABT,44.02000045776367,45.15999984741211,43.93000030517578,44.45000076293945,37.317752838134766,18284700.0
2016-07-29,ABT,44.380001068115234,45.119998931884766,44.2599983215332,44.75,37.56962203979492,13423200.0
2016-08-01,ABT,44.75,45.58000183105469,44.720001220703125,45.290000915527344,38.022972106933594,12152400.0
2016-08-02,ABT,45.720001220703125,45.790000915527344,44.86000061035156,45.06999969482422,37.8382682800293,10352700.0
2016-08-03,ABT,45.06999969482422,45.09000015258789,44.83000183105469,44.95000076293945,37.73752212524414,7783100.0
2016-08-04,ABT,45.060001373291016,45.09000015258789,44.779998779296875,44.810001373291016,37.61998748779297,6583500.0
2016-08-05,ABT,45.0,45.40999984741211,44.869998931884766,45.2599983215332,37.99776840209961,6555300.0
2016-08-08,ABT,45.060001373291016,45.40999984741211,44.880001068115234,45.02000045776367,37.796287536621094,7657900.0
2016-08-09,ABT,45.06999969482422,45.18000030517578,44.9900016784668,45.08000183105469,37.846675872802734,6486200.0
2016-08-10,ABT,45.08000183105469,45.290000915527344,44.68000030517578,44.810001373291016,37.61998748779297,6026000.0
2016-08-11,ABT,44.849998474121094,45.13999938964844,44.75,45.04999923706055,37.821468353271484,5756200.0
2016-08-12,ABT,44.81999969482422,45.099998474121094,44.54999923706055,45.040000915527344,37.813072204589844,6686300.0
2016-08-15,ABT,45.20000076293945,45.22999954223633,44.849998474121094,45.150001525878906,37.90542221069336,6525600.0
2016-08-16,ABT,45.02000045776367,45.08000183105469,44.81999969482422,44.91999816894531,37.71232223510742,7584400.0
2016-08-17,ABT,45.13999938964844,45.13999938964844,44.439998626708984,44.68000030517578,37.510841369628906,8630300.0
2016-08-18,ABT,44.68000030517578,44.7400016784668,44.25,44.36000061035156,37.242183685302734,6548800.0
2016-08-19,ABT,44.16999816894531,44.310001373291016,43.650001525878906,44.2400016784668,37.14144515991211,9439100.0
2016-08-22,ABT,44.08000183105469,44.36000061035156,43.790000915527344,44.16999816894531,37.082672119140625,6518400.0
2016-08-23,ABT,44.369998931884766,44.41999816894531,43.900001525878906,43.900001525878906,36.85601043701172,7400600.0
2016-08-24,ABT,43.959999084472656,44.099998474121094,43.06999969482422,43.16999816894531,36.243133544921875,7578500.0
2016-08-25,ABT,43.16999816894531,44.0,42.27000045776367,42.84000015258789,35.96609115600586,38568600.0
2016-08-26,ABT,42.720001220703125,43.279998779296875,42.09000015258789,42.97999954223633,36.0836181640625,18670500.0
2016-08-29,ABT,43.0,43.56999969482422,42.95000076293945,43.25,36.310302734375,9223200.0
2016-08-30,ABT,43.0099983215332,43.36000061035156,42.560001373291016,42.83000183105469,35.95769500732422,12176200.0
2016-08-31,ABT,42.869998931884766,42.97999954223633,41.93000030517578,42.02000045776367,35.27765655517578,12445800.0
2016-09-01,ABT,41.91999816894531,42.34000015258789,41.7400016784668,42.29999923706055,35.51272964477539,10739200.0
2016-09-02,ABT,42.36000061035156,42.45000076293945,41.88999938964844,42.09000015258789,35.33641815185547,7208200.0
2016-09-06,ABT,42.099998474121094,42.31999969482422,41.79999923706055,42.15999984741211,35.39518737792969,7079100.0
2016-09-07,ABT,42.150001525878906,42.290000915527344,41.77000045776367,41.900001525878906,35.176902770996094,11063600.0
2016-09-08,ABT,42.119998931884766,42.119998931884766,41.650001525878906,41.849998474121094,35.134925842285156,7694300.0
2016-09-09,ABT,41.560001373291016,41.58000183105469,41.0,41.0099983215332,34.42970657348633,10977900.0
2016-09-12,ABT,40.849998474121094,41.52000045776367,40.77000045776367,41.41999816894531,34.773929595947266,7759600.0
2016-09-13,ABT,41.22999954223633,41.2400016784668,40.47999954223633,40.63999938964844,34.119083404541016,6930000.0
2016-09-14,ABT,40.689998626708984,41.040000915527344,40.54999923706055,40.810001373291016,34.26179885864258,7707800.0
2016-09-15,ABT,40.790000915527344,41.2599983215332,40.650001525878906,41.119998931884766,34.52206802368164,6099900.0
2016-09-16,ABT,40.95000076293945,42.029998779296875,40.83000183105469,41.869998931884766,35.15172576904297,15790200.0
2016-09-19,ABT,42.040000915527344,42.36000061035156,41.59000015258789,41.68000030517578,34.99220275878906,7552700.0
2016-09-20,ABT,41.95000076293945,42.0,41.58000183105469,41.58000183105469,34.908260345458984,4866700.0
2016-09-21,ABT,41.619998931884766,42.0099983215332,41.2599983215332,41.91999816894531,35.193702697753906,5461300.0
2016-09-22,ABT,42.15999984741211,42.4900016784668,42.040000915527344,42.220001220703125,35.445556640625,5829700.0
2016-09-23,ABT,42.25,42.41999816894531,42.04999923706055,42.189998626708984,35.420372009277344,6912300.0
2016-09-26,ABT,42.0099983215332,42.02000045776367,41.61000061035156,41.68000030517578,34.99220275878906,6378200.0
2016-09-27,ABT,41.709999084472656,42.34000015258789,41.560001373291016,42.33000183105469,35.537925720214844,5964900.0
2016-09-28,ABT,42.25,42.529998779296875,41.90999984741211,42.290000915527344,35.504337310791016,5228300.0
2016-09-29,ABT,42.11000061035156,42.25,41.2599983215332,41.439998626708984,34.79071807861328,6785700.0
2016-09-30,ABT,41.7400016784668,42.470001220703125,41.689998626708984,42.290000915527344,35.504337310791016,7451000.0
2016-10-03,ABT,42.060001373291016,42.58000183105469,41.880001068115234,42.54999923706055,35.722618103027344,5947400.0
2016-10-04,ABT,42.47999954223633,42.790000915527344,41.86000061035156,42.099998474121094,35.344818115234375,5870700.0
2016-10-05,ABT,42.34000015258789,42.810001373291016,42.33000183105469,42.7400016784668,35.88212966918945,7218700.0
2016-10-06,ABT,42.689998626708984,43.04999923706055,42.31999969482422,42.970001220703125,36.075225830078125,7250200.0
2016-10-07,ABT,43.0,43.189998626708984,42.56999969482422,42.970001220703125,36.075225830078125,7249800.0
2016-10-10,ABT,43.150001525878906,43.779998779296875,43.060001373291016,43.5,36.520179748535156,8285100.0
2016-10-11,ABT,43.5,43.5,41.02000045776367,41.15999984741211,34.555641174316406,23896100.0
2016-10-12,ABT,41.04999923706055,41.41999816894531,40.81999969482422,40.97999954223633,34.62324142456055,6403900.0
2016-10-13,ABT,40.7400016784668,41.2400016784668,40.40999984741211,40.97999954223633,34.62324142456055,6544700.0
2016-10-14,ABT,41.16999816894531,41.529998779296875,40.77000045776367,40.790000915527344,34.46271514892578,8819000.0
2016-10-17,ABT,40.72999954223633,40.95000076293945,40.54999923706055,40.59000015258789,34.29374313354492,7252700.0
2016-10-18,ABT,40.59000015258789,41.40999984741211,40.5,41.16999816894531,34.78376007080078,9604900.0
2016-10-19,ABT,40.52000045776367,41.380001068115234,39.939998626708984,40.0099983215332,33.80369567871094,19299600.0
2016-10-20,ABT,40.0099983215332,40.810001373291016,40.0,40.7400016784668,34.420475006103516,8725900.0
2016-10-21,ABT,40.40999984741211,40.61000061035156,40.15999984741211,40.5,34.21769332885742,7276400.0
2016-10-24,ABT,40.790000915527344,40.91999816894531,40.310001373291016,40.40999984741211,34.14165496826172,6998800.0
2016-10-25,ABT,40.41999816894531,40.61000061035156,40.150001525878906,40.189998626708984,33.95577621459961,6598400.0
2016-10-26,ABT,40.0,40.279998779296875,39.7599983215332,39.959999084472656,33.7614631652832,7196700.0
2016-10-27,ABT,40.09000015258789,40.529998779296875,40.060001373291016,40.290000915527344,34.04026412963867,6583200.0
2016-10-28,ABT,40.25,40.599998474121094,39.5099983215332,39.540000915527344,33.4066162109375,12519600.0
2016-10-31,ABT,39.43000030517578,39.540000915527344,39.220001220703125,39.2400016784668,33.15313720703125,8241700.0
2016-11-01,ABT,39.2400016784668,39.349998474121094,38.63999938964844,39.04999923706055,32.99262237548828,8078500.0
2016-11-02,ABT,39.04999923706055,39.220001220703125,38.70000076293945,38.70000076293945,32.69690704345703,6323200.0
2016-11-03,ABT,38.86000061035156,39.150001525878906,38.29999923706055,38.380001068115234,32.426551818847656,7529400.0
2016-11-04,ABT,38.45000076293945,39.439998626708984,38.40999984741211,39.09000015258789,33.02640914916992,8748100.0
2016-11-07,ABT,39.63999938964844,39.959999084472656,39.540000915527344,39.86000061035156,33.6769905090332,6458800.0
2016-11-08,ABT,39.619998931884766,40.08000183105469,39.2400016784668,39.83000183105469,33.65163040161133,6654400.0
2016-11-09,ABT,41.5,41.529998779296875,39.16999816894531,40.06999969482422,33.854408264160156,13102900.0
2016-11-10,ABT,40.52000045776367,40.86000061035156,40.31999969482422,40.61000061035156,34.31063461303711,9716400.0
2016-11-11,ABT,40.380001068115234,40.47999954223633,39.900001525878906,40.13999938964844,33.91352844238281,5729000.0
2016-11-14,ABT,40.11000061035156,40.16999816894531,39.099998474121094,39.20000076293945,33.11935806274414,11193400.0
2016-11-15,ABT,39.290000915527344,39.939998626708984,39.04999923706055,39.810001373291016,33.63472366333008,9264700.0
2016-11-16,ABT,39.79999923706055,40.25,39.650001525878906,39.95000076293945,33.753013610839844,8894100.0
2016-11-17,ABT,40.0,40.5,40.0,40.38999938964844,34.124755859375,6582600.0
2016-11-18,ABT,40.310001373291016,40.41999816894531,39.79999923706055,39.84000015258789,33.66007614135742,7015100.0
2016-11-21,ABT,39.849998474121094,40.130001068115234,39.63999938964844,39.7599983215332,33.59248352050781,8614700.0
2016-11-22,ABT,39.41999816894531,39.61000061035156,37.810001373291016,38.099998474121094,32.18998336791992,16242500.0
2016-11-23,ABT,38.040000915527344,39.130001068115234,37.900001525878906,38.97999954223633,32.9334716796875,9568900.0
2016-11-25,ABT,39.08000183105469,39.209999084472656,38.939998626708984,39.15999984741211,33.08553695678711,2733000.0
2016-11-28,ABT,39.220001220703125,39.220001220703125,38.70000076293945,38.7400016784668,32.7307014465332,5727800.0
2016-11-29,ABT,38.86000061035156,39.02000045776367,38.65999984741211,38.72999954223633,32.72224807739258,7338500.0
2016-11-30,ABT,38.75,38.75,38.06999969482422,38.06999969482422,32.164634704589844,14916800.0
2016-12-01,ABT,38.119998931884766,38.29999923706055,37.380001068115234,37.599998474121094,31.767541885375977,9008500.0
2016-12-02,ABT,37.68000030517578,38.08000183105469,37.599998474121094,37.900001525878906,32.02100372314453,7252800.0
2016-12-05,ABT,38.11000061035156,38.45000076293945,37.9900016784668,38.43000030517578,32.46879959106445,9514700.0
2016-12-06,ABT,38.439998626708984,38.650001525878906,38.220001220703125,38.41999816894531,32.460330963134766,6136100.0
2016-12-07,ABT,38.130001068115234,38.4900016784668,37.41999816894531,38.47999954223633,32.511024475097656,10888600.0
2016-12-08,ABT,38.33000183105469,38.790000915527344,38.0099983215332,38.68000030517578,32.68000793457031,7046900.0
2016-12-09,ABT,38.81999969482422,39.34000015258789,38.779998779296875,39.20000076293945,33.11935806274414,7802500.0
2016-12-12,ABT,39.20000076293945,39.5099983215332,39.060001373291016,39.20000076293945,33.11935806274414,7771700.0
2016-12-13,ABT,39.310001373291016,39.66999816894531,39.16999816894531,39.439998626708984,33.3221321105957,7483300.0
2016-12-14,ABT,39.41999816894531,39.790000915527344,38.66999816894531,38.81999969482422,32.79829406738281,11284100.0
2016-12-15,ABT,38.7599983215332,39.04999923706055,38.27000045776367,38.93000030517578,32.891231536865234,9229400.0
2016-12-16,ABT,39.02000045776367,39.33000183105469,37.97999954223633,38.099998474121094,32.18998336791992,15107500.0
2016-12-19,ABT,38.22999954223633,38.630001068115234,38.060001373291016,38.34000015258789,32.39274978637695,10153500.0
2016-12-20,ABT,38.400001525878906,38.5099983215332,38.02000045776367,38.189998626708984,32.26602554321289,6992900.0
2016-12-21,ABT,38.189998626708984,38.279998779296875,37.900001525878906,38.2400016784668,32.30826187133789,9190600.0
2016-12-22,ABT,38.150001525878906,38.34000015258789,37.90999984741211,38.290000915527344,32.35050964355469,7980900.0
2016-12-23,ABT,38.33000183105469,38.650001525878906,38.220001220703125,38.41999816894531,32.460330963134766,4625600.0
2016-12-27,ABT,38.47999954223633,38.939998626708984,38.470001220703125,38.599998474121094,32.612422943115234,6633700.0
2016-12-28,ABT,38.630001068115234,38.77000045776367,38.08000183105469,38.220001220703125,32.29137420654297,6828500.0
2016-12-29,ABT,38.29999923706055,38.5099983215332,38.11000061035156,38.310001373291016,32.36741256713867,7050800.0
2016-12-30,ABT,38.33000183105469,38.869998931884766,38.25,38.40999984741211,32.451881408691406,10445600.0
2017-01-03,ABT,38.630001068115234,39.08000183105469,38.34000015258789,39.04999923706055,32.99262237548828,9677300.0
2017-01-04,ABT,39.060001373291016,39.72999954223633,39.060001373291016,39.36000061035156,33.25453567504883,22644500.0
2017-01-05,ABT,39.2400016784668,39.75,38.97999954223633,39.70000076293945,33.54179000854492,12080100.0
2017-01-06,ABT,39.70000076293945,40.9900016784668,39.65999984741211,40.779998779296875,34.45426940917969,14628900.0
2017-01-09,ABT,40.790000915527344,41.060001373291016,40.619998931884766,40.7400016784668,34.420475006103516,10992500.0
2017-01-10,ABT,40.810001373291016,41.619998931884766,40.779998779296875,41.290000915527344,34.88515090942383,9256300.0
2017-01-11,ABT,41.04999923706055,41.41999816894531,40.4900016784668,41.08000183105469,34.931922912597656,10699400.0
2017-01-12,ABT,40.790000915527344,40.790000915527344,40.310001373291016,40.720001220703125,34.625797271728516,8633400.0
2017-01-13,ABT,40.75,41.36000061035156,40.689998626708984,40.93000030517578,34.80436706542969,9533300.0
2017-01-17,ABT,40.66999816894531,41.040000915527344,40.529998779296875,40.900001525878906,34.778846740722656,8272700.0
2017-01-18,ABT,41.04999923706055,41.099998474121094,40.5099983215332,40.7599983215332,34.65981674194336,7195100.0
2017-01-19,ABT,40.63999938964844,40.72999954223633,40.2400016784668,40.400001525878906,34.35369873046875,7160200.0
2017-01-20,ABT,40.5099983215332,40.77000045776367,40.349998474121094,40.459999084472656,34.40470504760742,5908000.0
2017-01-23,ABT,40.31999969482422,40.54999923706055,40.20000076293945,40.34000015258789,34.30266571044922,7351900.0
2017-01-24,ABT,40.31999969482422,40.5,40.119998931884766,40.310001373291016,34.277164459228516,7773700.0
2017-01-25,ABT,39.7599983215332,40.470001220703125,39.25,40.310001373291016,34.277164459228516,16890200.0
2017-01-26,ABT,40.459999084472656,41.119998931884766,40.45000076293945,40.959999084472656,34.82988357543945,9410200.0
2017-01-27,ABT,41.11000061035156,41.310001373291016,40.900001525878906,41.0,34.863887786865234,7033600.0
2017-01-30,ABT,40.86000061035156,41.13999938964844,40.77000045776367,41.0099983215332,34.87239074707031,13811600.0
2017-01-31,ABT,40.72999954223633,41.790000915527344,40.599998474121094,41.77000045776367,35.518653869628906,12318200.0
2017-02-01,ABT,41.5099983215332,42.369998931884766,41.439998626708984,42.33000183105469,35.99485397338867,11948800.0
2017-02-02,ABT,42.33000183105469,42.790000915527344,41.849998474121094,42.75,36.35197830200195,11836900.0
2017-02-03,ABT,42.939998626708984,43.130001068115234,42.540000915527344,42.779998779296875,36.37749481201172,11642200.0
2017-02-06,ABT,42.56999969482422,42.75,42.22999954223633,42.43000030517578,36.07987594604492,8735200.0
2017-02-07,ABT,42.56999969482422,42.97999954223633,42.5,42.88999938964844,36.47103500366211,8697300.0
2017-02-08,ABT,42.65999984741211,42.72999954223633,42.279998779296875,42.400001525878906,36.054378509521484,6731400.0
2017-02-09,ABT,42.400001525878906,42.779998779296875,42.31999969482422,42.540000915527344,36.17341613769531,5138400.0
2017-02-10,ABT,42.7400016784668,42.79999923706055,42.47999954223633,42.7400016784668,36.343482971191406,3692400.0
2017-02-13,ABT,43.0,43.220001220703125,42.86000061035156,43.220001220703125,36.75164794921875,5672400.0
2017-02-14,ABT,43.0099983215332,43.72999954223633,42.959999084472656,43.650001525878906,37.11729431152344,8458800.0
2017-02-15,ABT,43.5,44.08000183105469,43.41999816894531,44.0,37.4149055480957,7946400.0
2017-02-16,ABT,44.0,44.209999084472656,43.7400016784668,44.20000076293945,37.584983825683594,8975500.0
2017-02-17,ABT,44.16999816894531,44.70000076293945,44.09000015258789,44.689998626708984,38.001644134521484,9632000.0
2017-02-21,ABT,44.650001525878906,45.150001525878906,44.540000915527344,45.0099983215332,38.273746490478516,11387800.0
2017-02-22,ABT,44.880001068115234,45.11000061035156,44.810001373291016,45.0099983215332,38.273746490478516,7534600.0
2017-02-23,ABT,45.029998779296875,45.5099983215332,44.849998474121094,45.400001525878906,38.605384826660156,9459400.0
2017-02-24,ABT,45.290000915527344,45.68000030517578,45.22999954223633,45.68000030517578,38.84347915649414,7608600.0
2017-02-27,ABT,45.5099983215332,45.560001373291016,45.189998626708984,45.459999084472656,38.65639877319336,6142600.0
2017-02-28,ABT,45.40999984741211,45.43000030517578,44.83000183105469,45.08000183105469,38.33328628540039,14211400.0
2017-03-01,ABT,45.369998931884766,45.70000076293945,45.189998626708984,45.59000015258789,38.766944885253906,8886300.0
2017-03-02,ABT,45.5,45.84000015258789,45.349998474121094,45.689998626708984,38.85198211669922,11164100.0
2017-03-03,ABT,45.41999816894531,45.560001373291016,45.11000061035156,45.25,38.47783279418945,6789600.0
2017-03-06,ABT,44.9900016784668,45.380001068115234,44.86000061035156,45.130001068115234,38.375789642333984,6001300.0
2017-03-07,ABT,44.810001373291016,45.15999984741211,44.66999816894531,45.0,38.2652473449707,6476300.0
2017-03-08,ABT,45.029998779296875,45.459999084472656,44.91999816894531,45.36000061035156,38.57136535644531,6398500.0
2017-03-09,ABT,45.36000061035156,45.7400016784668,45.349998474121094,45.630001068115234,38.80096435546875,5691000.0
2017-03-10,ABT,45.77000045776367,45.84000015258789,45.5099983215332,45.720001220703125,38.87748718261719,6105900.0
2017-03-13,ABT,45.650001525878906,45.779998779296875,45.22999954223633,45.529998779296875,38.7159309387207,7040500.0
2017-03-14,ABT,45.189998626708984,45.25,44.77000045776367,44.79999923706055,38.09518814086914,7504500.0
2017-03-15,ABT,44.959999084472656,45.400001525878906,44.86000061035156,45.31999969482422,38.537357330322266,6844400.0
2017-03-16,ABT,45.16999816894531,45.369998931884766,44.619998931884766,44.97999954223633,38.24823760986328,6704200.0
2017-03-17,ABT,45.099998474121094,45.27000045776367,44.77000045776367,45.189998626708984,38.42681121826172,12277400.0
2017-03-20,ABT,45.189998626708984,45.22999954223633,44.869998931884766,44.97999954223633,38.24823760986328,3521600.0
2017-03-21,ABT,45.150001525878906,45.380001068115234,44.599998474121094,44.79999923706055,38.09518814086914,5567100.0
2017-03-22,ABT,44.939998626708984,45.06999969482422,44.59000015258789,44.810001373291016,38.10368728637695,5198900.0
2017-03-23,ABT,44.709999084472656,44.9900016784668,44.59000015258789,44.77000045776367,38.069671630859375,3952800.0
2017-03-24,ABT,44.7599983215332,45.150001525878906,44.599998474121094,44.72999954223633,38.035648345947266,4753200.0
2017-03-27,ABT,44.529998779296875,44.79999923706055,44.38999938964844,44.70000076293945,38.01015090942383,6914700.0
2017-03-28,ABT,44.7400016784668,44.779998779296875,44.2599983215332,44.70000076293945,38.01015090942383,5377400.0
2017-03-29,ABT,44.66999816894531,44.84000015258789,44.369998931884766,44.66999816894531,37.9846305847168,4186900.0
2017-03-30,ABT,44.630001068115234,44.65999984741211,44.36000061035156,44.54999923706055,37.882591247558594,4411600.0
2017-03-31,ABT,44.33000183105469,44.81999969482422,44.33000183105469,44.40999984741211,37.763545989990234,7146500.0
2017-04-03,ABT,44.41999816894531,44.61000061035156,44.08000183105469,44.470001220703125,37.81456756591797,7955000.0
2017-04-04,ABT,44.529998779296875,44.54999923706055,44.0099983215332,44.18000030517578,37.56796646118164,5399200.0
2017-04-05,ABT,44.16999816894531,44.540000915527344,43.70000076293945,43.79999923706055,37.244834899902344,7762300.0
2017-04-06,ABT,43.810001373291016,43.810001373291016,43.349998474121094,43.66999816894531,37.13429260253906,6067300.0
2017-04-07,ABT,43.619998931884766,43.95000076293945,43.56999969482422,43.83000183105469,37.27034378051758,5327800.0
2017-04-10,ABT,43.83000183105469,43.959999084472656,43.540000915527344,43.59000015258789,37.066280364990234,4321300.0
2017-04-11,ABT,43.220001220703125,43.599998474121094,43.150001525878906,43.58000183105469,37.28444290161133,4871900.0
2017-04-12,ABT,43.31999969482422,43.59000015258789,43.189998626708984,43.47999954223633,37.198875427246094,4778900.0
2017-04-13,ABT,42.400001525878906,42.959999084472656,42.38999938964844,42.66999816894531,36.50589370727539,11427000.0
2017-04-17,ABT,42.66999816894531,43.380001068115234,42.310001373291016,43.310001373291016,37.053428649902344,8068500.0
2017-04-18,ABT,43.09000015258789,43.59000015258789,42.959999084472656,43.43000030517578,37.156105041503906,10131200.0
2017-04-19,ABT,43.779998779296875,44.0,43.119998931884766,43.59000015258789,37.29300308227539,13454600.0
2017-04-20,ABT,43.689998626708984,44.150001525878906,43.52000045776367,43.97999954223633,37.626644134521484,5871900.0
2017-04-21,ABT,43.939998626708984,43.97999954223633,43.43000030517578,43.529998779296875,37.24165725708008,7519800.0
2017-04-24,ABT,44.06999969482422,44.2599983215332,43.84000015258789,44.130001068115234,37.754981994628906,6727000.0
2017-04-25,ABT,44.209999084472656,44.38999938964844,43.7599983215332,43.7599983215332,37.43843078613281,6793100.0
2017-04-26,ABT,43.93000030517578,44.150001525878906,43.709999084472656,43.79999923706055,37.472652435302734,5591200.0
2017-04-27,ABT,43.959999084472656,44.0099983215332,43.599998474121094,43.650001525878906,37.344322204589844,7487300.0
2017-04-28,ABT,43.66999816894531,43.75,43.5,43.63999938964844,37.33576965332031,6014100.0
2017-05-01,ABT,43.56999969482422,43.65999984741211,43.31999969482422,43.47999954223633,37.198875427246094,5119100.0
2017-05-02,ABT,43.65999984741211,43.77000045776367,43.40999984741211,43.599998474121094,37.30154037475586,6166100.0
2017-05-03,ABT,43.61000061035156,43.75,43.4900016784668,43.720001220703125,37.40420913696289,4579700.0
2017-05-04,ABT,43.75,44.59000015258789,43.720001220703125,44.59000015258789,38.148536682128906,6551400.0
2017-05-05,ABT,44.58000183105469,44.689998626708984,44.47999954223633,44.63999938964844,38.191307067871094,5893200.0
2017-05-08,ABT,44.70000076293945,44.900001525878906,44.630001068115234,44.68000030517578,38.22552490234375,6320100.0
2017-05-09,ABT,44.650001525878906,44.77000045776367,44.560001373291016,44.66999816894531,38.21697235107422,4943100.0
2017-05-10,ABT,44.70000076293945,44.70000076293945,44.369998931884766,44.5,38.07152557373047,5253300.0
2017-05-11,ABT,44.38999938964844,44.38999938964844,43.779998779296875,43.86000061035156,37.52398681640625,7071600.0
2017-05-12,ABT,43.900001525878906,44.16999816894531,43.869998931884766,43.959999084472656,37.60954284667969,5775800.0
2017-05-15,ABT,43.91999816894531,44.22999954223633,43.900001525878906,44.040000915527344,37.67798614501953,4223500.0
2017-05-16,ABT,44.59000015258789,44.59000015258789,43.40999984741211,43.689998626708984,37.378543853759766,7159300.0
2017-05-17,ABT,43.689998626708984,43.689998626708984,43.04999923706055,43.08000183105469,36.85667419433594,5989300.0
2017-05-18,ABT,43.16999816894531,43.279998779296875,42.880001068115234,42.97999954223633,36.77111053466797,5225100.0
2017-05-19,ABT,43.150001525878906,43.31999969482422,43.0099983215332,43.15999984741211,36.92511749267578,5883000.0
2017-05-22,ABT,43.27000045776367,43.869998931884766,43.099998474121094,43.72999954223633,37.41276550292969,5802200.0
2017-05-23,ABT,43.709999084472656,44.16999816894531,43.619998931884766,43.68000030517578,37.3699951171875,4672400.0
2017-05-24,ABT,43.790000915527344,43.790000915527344,43.400001525878906,43.529998779296875,37.24165725708008,4585400.0
2017-05-25,ABT,43.779998779296875,44.0,43.439998626708984,43.95000076293945,37.60096740722656,4473400.0
2017-05-26,ABT,43.91999816894531,44.849998474121094,43.83000183105469,44.709999084472656,38.251190185546875,8624100.0
2017-05-30,ABT,44.459999084472656,45.099998474121094,44.209999084472656,45.0,38.499298095703125,8119700.0
2017-05-31,ABT,45.20000076293945,45.75,45.18000030517578,45.65999984741211,39.06395721435547,10449800.0
2017-06-01,ABT,45.52000045776367,46.099998474121094,45.470001220703125,46.099998474121094,39.44039535522461,7385500.0
2017-06-02,ABT,46.33000183105469,46.54999923706055,46.150001525878906,46.5,39.78261947631836,6885700.0
2017-06-05,ABT,46.56999969482422,46.75,46.380001068115234,46.619998931884766,39.885276794433594,7810600.0
2017-06-06,ABT,46.58000183105469,46.70000076293945,46.31999969482422,46.36000061035156,39.66284942626953,6048300.0
2017-06-07,ABT,46.380001068115234,46.599998474121094,46.22999954223633,46.560001373291016,39.83394241333008,4358400.0
2017-06-08,ABT,46.560001373291016,46.97999954223633,45.91999816894531,46.720001220703125,39.97083282470703,8364400.0
2017-06-09,ABT,46.810001373291016,47.310001373291016,46.65999984741211,47.290000915527344,40.4584846496582,9117300.0
2017-06-12,ABT,47.290000915527344,47.720001220703125,47.16999816894531,47.16999816894531,40.35581970214844,7365500.0
2017-06-13,ABT,47.2400016784668,47.66999816894531,47.20000076293945,47.459999084472656,40.60393524169922,7163700.0
2017-06-14,ABT,47.459999084472656,47.869998931884766,47.45000076293945,47.63999938964844,40.7579231262207,6076900.0
2017-06-15,ABT,47.58000183105469,48.34000015258789,47.369998931884766,48.119998931884766,41.16858673095703,9366700.0
2017-06-16,ABT,48.18000030517578,48.380001068115234,47.79999923706055,48.209999084472656,41.24559020996094,9902200.0
2017-06-19,ABT,48.34000015258789,49.16999816894531,48.150001525878906,48.88999938964844,41.827354431152344,7409500.0
2017-06-20,ABT,48.88999938964844,49.29999923706055,48.75,48.77000045776367,41.724700927734375,8500700.0
2017-06-21,ABT,48.790000915527344,48.93000030517578,48.290000915527344,48.56999969482422,41.553565979003906,8271800.0
2017-06-22,ABT,48.599998474121094,49.59000015258789,48.5099983215332,49.27000045776367,42.1524658203125,8714100.0
2017-06-23,ABT,49.18000030517578,49.36000061035156,48.970001220703125,49.08000183105469,41.98989486694336,9343900.0
2017-06-26,ABT,49.209999084472656,49.45000076293945,48.88999938964844,48.90999984741211,41.84446334838867,5302600.0
2017-06-27,ABT,48.95000076293945,49.130001068115234,48.650001525878906,48.66999816894531,41.639129638671875,3893200.0
2017-06-28,ABT,48.93000030517578,49.02000045776367,48.349998474121094,48.47999954223633,41.476585388183594,8366300.0
2017-06-29,ABT,48.72999954223633,49.20000076293945,48.5,48.72999954223633,41.69047164916992,6048500.0
2017-06-30,ABT,48.779998779296875,49.04999923706055,48.61000061035156,48.61000061035156,41.58778762817383,4723300.0
2017-07-03,ABT,48.72999954223633,49.040000915527344,48.65999984741211,48.709999084472656,41.67334747314453,2454800.0
2017-07-05,ABT,48.720001220703125,49.099998474121094,48.65999984741211,49.0,41.92145919799805,5637200.0
2017-07-06,ABT,48.83000183105469,48.86000061035156,47.900001525878906,47.939998626708984,41.014583587646484,5665300.0
2017-07-07,ABT,48.16999816894531,48.47999954223633,47.97999954223633,48.439998626708984,41.44234848022461,4354300.0
2017-07-10,ABT,48.41999816894531,48.529998779296875,48.13999938964844,48.22999954223633,41.26270294189453,3479900.0
2017-07-11,ABT,48.20000076293945,48.43000030517578,48.040000915527344,48.150001525878906,41.19424819946289,4084400.0
2017-07-12,ABT,48.16999816894531,48.689998626708984,48.0,48.43000030517578,41.66310501098633,3906900.0
2017-07-13,ABT,48.43000030517578,48.529998779296875,47.83000183105469,48.08000183105469,41.362003326416016,7016600.0
2017-07-14,ABT,48.20000076293945,49.11000061035156,48.150001525878906,48.90999984741211,42.07603073120117,4111000.0
2017-07-17,ABT,48.90999984741211,49.029998779296875,48.720001220703125,48.7599983215332,41.946998596191406,3358400.0
2017-07-18,ABT,48.689998626708984,48.849998474121094,48.279998779296875,48.7400016784668,41.92980194091797,4163600.0
2017-07-19,ABT,48.79999923706055,49.470001220703125,48.7599983215332,49.43000030517578,42.52338409423828,6485000.0
2017-07-20,ABT,49.68000030517578,51.130001068115234,49.349998474121094,50.849998474121094,43.744964599609375,12331200.0
2017-07-21,ABT,50.72999954223633,50.93000030517578,50.4900016784668,50.84000015258789,43.736366271972656,7980300.0
2017-07-24,ABT,50.810001373291016,50.9900016784668,50.470001220703125,50.79999923706055,43.70195388793945,8584300.0
2017-07-25,ABT,50.97999954223633,51.0,50.619998931884766,50.83000183105469,43.72777557373047,5692800.0
2017-07-26,ABT,50.7400016784668,50.810001373291016,50.27000045776367,50.400001525878906,43.35784912109375,6057100.0
2017-07-27,ABT,50.31999969482422,50.36000061035156,49.90999984741211,50.11000061035156,43.108360290527344,7370900.0
2017-07-28,ABT,50.15999984741211,50.20000076293945,49.5099983215332,49.61000061035156,42.67822265625,5688300.0
2017-07-31,ABT,49.61000061035156,49.84000015258789,49.15999984741211,49.18000030517578,42.30830383300781,6036200.0
2017-08-01,ABT,49.209999084472656,49.310001373291016,48.720001220703125,49.150001525878906,42.282501220703125,5098000.0
2017-08-02,ABT,49.13999938964844,49.2599983215332,48.790000915527344,49.22999954223633,42.351314544677734,4841500.0
2017-08-03,ABT,49.2599983215332,49.290000915527344,48.93000030517578,49.15999984741211,42.29111099243164,4365700.0
2017-08-04,ABT,49.2400016784668,49.36000061035156,49.09000015258789,49.2599983215332,42.37712478637695,3334700.0
2017-08-07,ABT,49.2599983215332,49.380001068115234,49.099998474121094,49.29999923706055,42.411529541015625,2898300.0
2017-08-08,ABT,49.2400016784668,49.2400016784668,48.810001373291016,48.880001068115234,42.050235748291016,3390700.0
2017-08-09,ABT,48.7599983215332,48.869998931884766,48.43000030517578,48.77000045776367,41.955596923828125,4102900.0
2017-08-10,ABT,48.7400016784668,48.849998474121094,48.04999923706055,48.060001373291016,41.34480667114258,4652200.0
2017-08-11,ABT,48.2400016784668,48.77000045776367,48.060001373291016,48.540000915527344,41.757728576660156,3978900.0
2017-08-14,ABT,48.7400016784668,49.25,48.70000076293945,49.08000183105469,42.222267150878906,3248400.0
2017-08-15,ABT,49.060001373291016,49.209999084472656,48.810001373291016,48.81999969482422,41.99861145019531,2922100.0
2017-08-16,ABT,49.040000915527344,49.86000061035156,48.970001220703125,49.810001373291016,42.85028839111328,6492100.0
2017-08-17,ABT,49.630001068115234,50.150001525878906,49.25,49.290000915527344,42.40293502807617,6633100.0
2017-08-18,ABT,49.099998474121094,49.16999816894531,48.68000030517578,48.7400016784668,41.92980194091797,4810800.0
2017-08-21,ABT,48.779998779296875,48.9900016784668,48.58000183105469,48.880001068115234,42.050235748291016,4282000.0
2017-08-22,ABT,48.95000076293945,49.849998474121094,48.880001068115234,49.709999084472656,42.76425552368164,4018800.0
2017-08-23,ABT,49.54999923706055,49.7599983215332,49.380001068115234,49.63999938964844,42.70403289794922,4559000.0
2017-08-24,ABT,49.7400016784668,49.84000015258789,49.33000183105469,49.380001068115234,42.48036575317383,3871800.0
2017-08-25,ABT,49.59000015258789,49.79999923706055,49.349998474121094,49.349998474121094,42.45454788208008,4852400.0
2017-08-28,ABT,49.540000915527344,50.349998474121094,49.52000045776367,50.2599983215332,43.23741149902344,6126900.0
2017-08-29,ABT,49.90999984741211,50.279998779296875,49.4900016784668,50.150001525878906,43.14277648925781,4117300.0
2017-08-30,ABT,50.02000045776367,50.209999084472656,49.869998931884766,50.11000061035156,43.108360290527344,2926200.0
2017-08-31,ABT,50.29999923706055,51.04999923706055,50.11000061035156,50.939998626708984,43.82239532470703,6207800.0
2017-09-01,ABT,51.029998779296875,51.40999984741211,50.810001373291016,51.18000030517578,44.02886199951172,4599400.0
2017-09-05,ABT,50.84000015258789,51.18000030517578,50.63999938964844,51.029998779296875,43.899810791015625,4027200.0
2017-09-06,ABT,51.20000076293945,51.41999816894531,51.060001373291016,51.189998626708984,44.03746795654297,7719500.0
2017-09-07,ABT,51.400001525878906,51.619998931884766,51.130001068115234,51.4900016784668,44.29554748535156,4631700.0
2017-09-08,ABT,51.290000915527344,52.150001525878906,51.290000915527344,52.02000045776367,44.751487731933594,6221800.0
2017-09-11,ABT,52.349998474121094,52.599998474121094,52.0099983215332,52.45000076293945,45.12139892578125,3668800.0
2017-09-12,ABT,52.4900016784668,52.540000915527344,51.880001068115234,52.25,44.94935989379883,3759600.0
2017-09-13,ABT,52.2400016784668,52.33000183105469,51.88999938964844,52.0,44.73428726196289,4214100.0
2017-09-14,ABT,51.93000030517578,52.099998474121094,51.56999969482422,51.689998626708984,44.46759796142578,5568300.0
2017-09-15,ABT,51.75,51.880001068115234,51.4900016784668,51.7599983215332,44.52781677246094,6699700.0
2017-09-18,ABT,51.88999938964844,52.09000015258789,51.599998474121094,52.08000183105469,44.80310821533203,3371000.0
2017-09-19,ABT,52.150001525878906,52.2400016784668,51.369998931884766,51.40999984741211,44.22671127319336,3790900.0
2017-09-20,ABT,51.38999938964844,51.91999816894531,51.38999938964844,51.88999938964844,44.6396598815918,4967000.0
2017-09-21,ABT,51.880001068115234,51.97999954223633,51.380001068115234,51.43000030517578,44.243927001953125,5737600.0
2017-09-22,ABT,51.5099983215332,52.58000183105469,51.5,52.5099983215332,45.17302322387695,7979000.0
2017-09-25,ABT,52.459999084472656,52.779998779296875,52.310001373291016,52.61000061035156,45.25904083251953,9778100.0
2017-09-26,ABT,52.619998931884766,53.29999923706055,52.59000015258789,52.849998474121094,45.46551513671875,6960100.0
2017-09-27,ABT,52.849998474121094,53.08000183105469,51.54999923706055,52.150001525878906,44.86332702636719,8025600.0
2017-09-28,ABT,54.75,54.79999923706055,53.61000061035156,53.63999938964844,46.14513397216797,14861100.0
2017-09-29,ABT,53.63999938964844,53.790000915527344,53.290000915527344,53.36000061035156,45.904258728027344,8459000.0
2017-10-02,ABT,53.63999938964844,53.70000076293945,53.20000076293945,53.68000030517578,46.17953872680664,8681900.0
2017-10-03,ABT,53.75,54.0,53.70000076293945,53.75,46.23976516723633,4464900.0
2017-10-04,ABT,53.66999816894531,54.34000015258789,53.61000061035156,54.34000015258789,46.747318267822266,5629700.0
2017-10-05,ABT,54.369998931884766,55.11000061035156,54.349998474121094,54.91999816894531,47.24628448486328,5143100.0
2017-10-06,ABT,54.900001525878906,55.060001373291016,54.5099983215332,55.0,47.31510925292969,4302100.0
2017-10-09,ABT,55.04999923706055,55.04999923706055,54.61000061035156,54.65999984741211,47.022613525390625,3985600.0
2017-10-10,ABT,54.77000045776367,55.43000030517578,54.529998779296875,55.400001525878906,47.659217834472656,4943100.0
2017-10-11,ABT,55.2599983215332,55.349998474121094,54.31999969482422,54.439998626708984,46.83333969116211,6940000.0
2017-10-12,ABT,54.2400016784668,54.72999954223633,54.11000061035156,54.709999084472656,47.29584503173828,4405000.0
2017-10-13,ABT,54.63999938964844,54.790000915527344,54.45000076293945,54.650001525878906,47.24398422241211,4951800.0
2017-10-16,ABT,54.619998931884766,54.90999984741211,54.52000045776367,54.630001068115234,47.2266845703125,3725500.0
2017-10-17,ABT,54.59000015258789,55.22999954223633,54.400001525878906,55.060001373291016,47.598419189453125,5433000.0
2017-10-18,ABT,55.18000030517578,56.599998474121094,54.91999816894531,55.77000045776367,48.21220779418945,9043700.0
2017-10-19,ABT,55.900001525878906,56.18000030517578,55.40999984741211,56.0,48.411033630371094,4864800.0
2017-10-20,ABT,56.16999816894531,56.439998626708984,55.939998626708984,56.31999969482422,48.68767166137695,5528700.0
2017-10-23,ABT,56.209999084472656,56.689998626708984,56.06999969482422,56.08000183105469,48.480194091796875,4709000.0
2017-10-24,ABT,56.0,56.06999969482422,55.18000030517578,55.380001068115234,47.875064849853516,7201000.0
2017-10-25,ABT,55.380001068115234,55.880001068115234,55.189998626708984,55.4900016784668,47.97014617919922,6113200.0
2017-10-26,ABT,55.34000015258789,55.689998626708984,55.08000183105469,55.47999954223633,47.961509704589844,5032600.0
2017-10-27,ABT,55.4900016784668,55.619998931884766,55.18000030517578,55.369998931884766,47.86639404296875,4724300.0
2017-10-30,ABT,55.18000030517578,55.310001373291016,54.060001373291016,54.290000915527344,46.93276596069336,7542500.0
2017-10-31,ABT,54.47999954223633,54.540000915527344,54.029998779296875,54.22999954223633,46.88090515136719,7676200.0
2017-11-01,ABT,53.88999938964844,54.56999969482422,53.61000061035156,54.0,46.68206787109375,7641900.0
2017-11-02,ABT,54.04999923706055,54.650001525878906,53.959999084472656,54.369998931884766,47.00191879272461,6953200.0
2017-11-03,ABT,54.56999969482422,55.5,54.470001220703125,55.470001220703125,47.95286178588867,4567100.0
2017-11-06,ABT,55.31999969482422,55.400001525878906,55.0099983215332,55.0099983215332,47.555198669433594,3133500.0
2017-11-07,ABT,55.150001525878906,55.2599983215332,54.66999816894531,55.15999984741211,47.68486785888672,4844000.0
2017-11-08,ABT,54.97999954223633,55.349998474121094,54.720001220703125,55.25,47.762672424316406,3712600.0
2017-11-09,ABT,55.060001373291016,55.5,54.90999984741211,55.45000076293945,47.93556594848633,3644000.0
2017-11-10,ABT,55.22999954223633,55.31999969482422,54.369998931884766,54.79999923706055,47.373661041259766,5032600.0
2017-11-13,ABT,54.689998626708984,55.369998931884766,54.560001373291016,55.29999923706055,47.8058967590332,3854500.0
2017-11-14,ABT,55.04999923706055,55.209999084472656,54.7599983215332,55.0099983215332,47.555198669433594,6180400.0
2017-11-15,ABT,54.779998779296875,55.08000183105469,54.540000915527344,54.83000183105469,47.39959716796875,4999800.0
2017-11-16,ABT,55.11000061035156,55.84000015258789,54.86000061035156,55.540000915527344,48.01337432861328,6866900.0
2017-11-17,ABT,55.290000915527344,55.709999084472656,55.220001220703125,55.560001373291016,48.03065872192383,6284200.0
2017-11-20,ABT,55.65999984741211,55.68000030517578,55.130001068115234,55.290000915527344,47.79724884033203,3699400.0
2017-11-21,ABT,55.45000076293945,56.31999969482422,55.439998626708984,56.119998931884766,48.514766693115234,4613000.0
2017-11-22,ABT,56.029998779296875,56.150001525878906,55.56999969482422,55.79999923706055,48.23814392089844,3552100.0
2017-11-24,ABT,55.849998474121094,56.189998626708984,55.7400016784668,56.130001068115234,48.523414611816406,2148300.0
2017-11-27,ABT,56.16999816894531,56.52000045776367,56.0099983215332,56.150001525878906,48.54071044921875,4518300.0
2017-11-28,ABT,56.29999923706055,56.29999923706055,55.58000183105469,56.02000045776367,48.42832565307617,6841700.0
2017-11-29,ABT,56.09000015258789,56.29999923706055,55.380001068115234,55.58000183105469,48.04795837402344,7277900.0
2017-11-30,ABT,55.66999816894531,56.459999084472656,55.310001373291016,56.369998931884766,48.73087692260742,10086300.0
2017-12-01,ABT,56.29999923706055,56.68000030517578,55.27000045776367,55.97999954223633,48.39374542236328,5322300.0
2017-12-04,ABT,56.13999938964844,56.20000076293945,54.689998626708984,54.709999084472656,47.29584503173828,4589100.0
2017-12-05,ABT,54.63999938964844,55.31999969482422,54.34000015258789,54.790000915527344,47.36500930786133,4321100.0
2017-12-06,ABT,54.88999938964844,55.11000061035156,54.31999969482422,54.65999984741211,47.252628326416016,7828600.0
2017-12-07,ABT,54.7599983215332,54.939998626708984,54.349998474121094,54.689998626708984,47.27855682373047,4421900.0
2017-12-08,ABT,54.65999984741211,54.849998474121094,54.33000183105469,54.63999938964844,47.23534393310547,5103900.0
2017-12-11,ABT,54.77000045776367,55.119998931884766,54.47999954223633,54.939998626708984,47.49467849731445,4273000.0
2017-12-12,ABT,55.45000076293945,55.869998931884766,55.15999984741211,55.70000076293945,48.151695251464844,9860700.0
2017-12-13,ABT,55.66999816894531,55.7599983215332,54.79999923706055,55.060001373291016,47.598419189453125,9962300.0
2017-12-14,ABT,55.04999923706055,55.220001220703125,54.630001068115234,54.72999954223633,47.31312942504883,5935200.0
2017-12-15,ABT,55.029998779296875,55.560001373291016,54.84000015258789,55.5,47.97878646850586,14655500.0
2017-12-18,ABT,55.52000045776367,56.52000045776367,55.41999816894531,56.400001525878906,48.7568359375,6053900.0
2017-12-19,ABT,56.5099983215332,56.95000076293945,56.45000076293945,56.79999923706055,49.10261917114258,7116800.0
2017-12-20,ABT,56.7400016784668,57.29999923706055,56.400001525878906,57.02000045776367,49.29279708862305,11948400.0
2017-12-21,ABT,57.13999938964844,57.27000045776367,56.7400016784668,56.93000030517578,49.21500015258789,6154700.0
2017-12-22,ABT,56.939998626708984,57.31999969482422,56.7599983215332,56.93000030517578,49.21500015258789,5449300.0
2017-12-26,ABT,57.0099983215332,57.25,56.900001525878906,57.0,49.275516510009766,3187900.0
2017-12-27,ABT,57.09000015258789,57.599998474121094,57.04999923706055,57.470001220703125,49.68183135986328,5243900.0
2017-12-28,ABT,57.439998626708984,57.689998626708984,57.369998931884766,57.459999084472656,49.67317199707031,3387100.0
2017-12-29,ABT,57.599998474121094,57.77000045776367,57.06999969482422,57.06999969482422,49.336021423339844,3995200.0
2018-01-02,ABT,58.20000076293945,59.20000076293945,57.81999969482422,58.790000915527344,50.82294845581055,10112800.0
2018-01-03,ABT,58.9900016784668,59.02000045776367,58.310001373291016,58.91999816894531,50.935325622558594,5683700.0
2018-01-04,ABT,59.5,59.599998474121094,58.7599983215332,58.81999969482422,50.84886932373047,6240000.0
2018-01-05,ABT,59.040000915527344,59.09000015258789,58.63999938964844,58.9900016784668,50.99583053588867,5836900.0
2018-01-08,ABT,58.849998474121094,58.97999954223633,58.529998779296875,58.81999969482422,50.84886932373047,5411500.0
2018-01-09,ABT,59.099998474121094,59.099998474121094,58.380001068115234,58.91999816894531,50.935325622558594,7466900.0
2018-01-10,ABT,58.75,58.90999984741211,58.290000915527344,58.83000183105469,50.85752487182617,4340800.0
2018-01-11,ABT,58.650001525878906,58.959999084472656,58.290000915527344,58.95000076293945,51.20496368408203,4240900.0
2018-01-12,ABT,58.959999084472656,59.2400016784668,58.790000915527344,58.84000015258789,51.10941696166992,6320900.0
2018-01-16,ABT,58.88999938964844,59.13999938964844,58.22999954223633,58.439998626708984,50.761966705322266,7175000.0
2018-01-17,ABT,58.7599983215332,59.099998474121094,58.630001068115234,58.9900016784668,51.23970413208008,5037500.0
2018-01-18,ABT,58.779998779296875,59.27000045776367,58.529998779296875,59.06999969482422,51.3092041015625,5658600.0
2018-01-19,ABT,59.22999954223633,59.68000030517578,58.959999084472656,59.310001373291016,51.51766586303711,7362300.0
2018-01-22,ABT,58.880001068115234,59.56999969482422,58.45000076293945,59.56999969482422,51.743507385253906,6841900.0
2018-01-23,ABT,59.52000045776367,59.56999969482422,58.97999954223633,59.22999954223633,51.44816589355469,8122100.0
2018-01-24,ABT,61.0,64.16000366210938,60.7400016784668,61.720001220703125,53.61103439331055,11704900.0
2018-01-25,ABT,63.18000030517578,64.5999984741211,62.31999969482422,63.220001220703125,54.91395568847656,15261900.0
2018-01-26,ABT,63.150001525878906,63.439998626708984,62.66999816894531,63.41999816894531,55.08768844604492,10242800.0
2018-01-29,ABT,63.09000015258789,63.470001220703125,62.849998474121094,63.310001373291016,54.99214553833008,8638500.0
2018-01-30,ABT,62.439998626708984,63.119998931884766,62.290000915527344,62.439998626708984,54.2364387512207,6497600.0
2018-01-31,ABT,62.65999984741211,62.7599983215332,61.849998474121094,62.15999984741211,53.993228912353516,7804400.0
2018-02-01,ABT,61.75,62.540000915527344,61.65999984741211,62.18000030517578,54.010589599609375,8101600.0
2018-02-02,ABT,62.20000076293945,62.41999816894531,61.63999938964844,61.689998626708984,53.58497619628906,12346500.0
2018-02-05,ABT,61.599998474121094,61.869998931884766,58.54999923706055,58.72999954223633,51.01387023925781,11548200.0
2018-02-06,ABT,57.91999816894531,59.2599983215332,57.33000183105469,58.86000061035156,51.12677764892578,15214700.0
2018-02-07,ABT,58.599998474121094,59.849998474121094,58.5,58.66999816894531,50.96175003051758,6872700.0
2018-02-08,ABT,58.77000045776367,58.83000183105469,56.220001220703125,56.27000045776367,48.8770751953125,6874500.0
2018-02-09,ABT,56.630001068115234,57.689998626708984,55.58000183105469,57.16999816894531,49.65884017944336,8028400.0
2018-02-12,ABT,57.70000076293945,57.97999954223633,56.880001068115234,57.40999984741211,49.867286682128906,8234200.0
2018-02-13,ABT,57.13999938964844,57.790000915527344,56.810001373291016,57.63999938964844,50.06708526611328,5816600.0
2018-02-14,ABT,57.31999969482422,58.400001525878906,57.150001525878906,58.279998779296875,50.62299728393555,3728900.0
2018-02-15,ABT,58.720001220703125,59.5099983215332,58.33000183105469,59.5,51.682701110839844,3871900.0
2018-02-16,ABT,59.439998626708984,60.540000915527344,59.33000183105469,60.16999816894531,52.264678955078125,7849200.0
2018-02-20,ABT,59.68000030517578,59.869998931884766,58.84000015258789,59.119998931884766,51.35262680053711,8182500.0
2018-02-21,ABT,59.06999969482422,59.9900016784668,58.81999969482422,58.9900016784668,51.23970413208008,4793800.0
2018-02-22,ABT,59.209999084472656,59.400001525878906,58.79999923706055,58.9900016784668,51.23970413208008,5539900.0
2018-02-23,ABT,59.220001220703125,59.7400016784668,58.97999954223633,59.709999084472656,51.86511993408203,5190400.0
2018-02-26,ABT,59.86000061035156,60.59000015258789,59.72999954223633,60.529998779296875,52.577369689941406,5364200.0
2018-02-27,ABT,60.75,61.2400016784668,60.38999938964844,60.54999923706055,52.594757080078125,6747700.0
2018-02-28,ABT,60.66999816894531,61.119998931884766,60.18000030517578,60.33000183105469,52.403656005859375,8325700.0
2018-03-01,ABT,60.15999984741211,60.18000030517578,58.529998779296875,58.790000915527344,51.06599426269531,9711900.0
2018-03-02,ABT,58.47999954223633,59.529998779296875,58.43000030517578,59.459999084472656,51.647953033447266,7979200.0
2018-03-05,ABT,58.90999984741211,60.630001068115234,58.900001525878906,60.369998931884766,52.43840408325195,9000400.0
2018-03-06,ABT,60.59000015258789,61.02000045776367,60.11000061035156,60.880001068115234,52.88140106201172,6620000.0
2018-03-07,ABT,60.27000045776367,61.41999816894531,60.189998626708984,61.290000915527344,53.237525939941406,7726500.0
2018-03-08,ABT,61.34000015258789,61.95000076293945,61.29999923706055,61.869998931884766,53.741329193115234,5245800.0
2018-03-09,ABT,62.04999923706055,63.70000076293945,62.02000045776367,63.599998474121094,55.24402618408203,8184400.0
2018-03-12,ABT,63.59000015258789,63.95000076293945,63.41999816894531,63.619998931884766,55.261409759521484,8858500.0
2018-03-13,ABT,63.88999938964844,63.95000076293945,63.0099983215332,63.20000076293945,54.89657974243164,6428500.0
2018-03-14,ABT,63.41999816894531,63.619998931884766,62.72999954223633,62.86000061035156,54.60124969482422,5162100.0
2018-03-15,ABT,63.04999923706055,63.130001068115234,62.52000045776367,62.59000015258789,54.366737365722656,3364900.0
2018-03-16,ABT,62.779998779296875,63.31999969482422,62.709999084472656,63.18000030517578,54.87921142578125,11840900.0
2018-03-19,ABT,63.130001068115234,63.2400016784668,61.689998626708984,62.2599983215332,54.08008575439453,5286200.0
2018-03-20,ABT,62.47999954223633,62.7599983215332,62.150001525878906,62.650001525878906,54.418846130371094,3943000.0
2018-03-21,ABT,62.75,63.06999969482422,62.34000015258789,62.41999816894531,54.21907043457031,3478300.0
2018-03-22,ABT,61.81999969482422,62.099998474121094,60.849998474121094,60.93000030517578,52.92482376098633,5345300.0
2018-03-23,ABT,61.029998779296875,61.099998474121094,59.36000061035156,59.5,51.682701110839844,6000800.0
2018-03-26,ABT,60.279998779296875,61.150001525878906,59.68000030517578,61.06999969482422,53.046443939208984,5694700.0
2018-03-27,ABT,61.27000045776367,61.619998931884766,59.9900016784668,60.279998779296875,52.3602294921875,6365300.0
2018-03-28,ABT,60.529998779296875,60.709999084472656,59.18000030517578,59.22999954223633,51.44816589355469,8128800.0
2018-03-29,ABT,59.56999969482422,60.380001068115234,59.29999923706055,59.91999816894531,52.04751968383789,6656600.0
2018-04-02,ABT,59.81999969482422,60.09000015258789,57.630001068115234,58.209999084472656,50.56219482421875,6686500.0
2018-04-03,ABT,58.400001525878906,59.06999969482422,58.0,59.0,51.24839782714844,6113500.0
2018-04-04,ABT,58.34000015258789,59.61000061035156,57.45000076293945,59.459999084472656,51.647953033447266,7405200.0
2018-04-05,ABT,59.900001525878906,60.150001525878906,59.54999923706055,59.86000061035156,51.995399475097656,6644500.0
2018-04-06,ABT,59.439998626708984,59.599998474121094,56.9900016784668,57.56999969482422,50.00627517700195,7447100.0
2018-04-09,ABT,57.86000061035156,59.11000061035156,57.45000076293945,58.220001220703125,50.57086944580078,5712300.0
2018-04-10,ABT,59.02000045776367,59.61000061035156,58.709999084472656,59.13999938964844,51.3700065612793,5178400.0
2018-04-11,ABT,58.63999938964844,59.04999923706055,58.209999084472656,58.45000076293945,50.77066421508789,4044900.0
2018-04-12,ABT,58.5,59.18000030517578,58.459999084472656,58.83000183105469,51.34670639038086,4572300.0
2018-04-13,ABT,59.18000030517578,59.380001068115234,58.470001220703125,58.4900016784668,51.049949645996094,8223700.0
2018-04-16,ABT,59.0,59.529998779296875,58.91999816894531,59.27000045776367,51.73073959350586,6807500.0
2018-04-17,ABT,59.650001525878906,59.959999084472656,59.04999923706055,59.79999923706055,52.193321228027344,5604600.0
2018-04-18,ABT,59.0,59.619998931884766,57.45000076293945,59.52000045776367,51.948936462402344,12648500.0
2018-04-19,ABT,59.52000045776367,60.029998779296875,59.20000076293945,59.880001068115234,52.26314926147461,7675500.0
2018-04-20,ABT,59.849998474121094,59.95000076293945,58.81999969482422,59.189998626708984,51.660919189453125,5867500.0
2018-04-23,ABT,59.279998779296875,59.459999084472656,58.59000015258789,58.84000015258789,51.355430603027344,4516100.0
2018-04-24,ABT,59.09000015258789,59.16999816894531,57.66999816894531,58.310001373291016,50.892852783203125,7480300.0
2018-04-25,ABT,58.040000915527344,58.66999816894531,57.70000076293945,58.650001525878906,51.189598083496094,5910000.0
2018-04-26,ABT,58.689998626708984,59.52000045776367,58.5,59.5,51.93148422241211,7372800.0
2018-04-27,ABT,59.4900016784668,59.689998626708984,59.13999938964844,59.560001373291016,51.983848571777344,4135400.0
2018-04-30,ABT,59.7599983215332,59.79999923706055,58.099998474121094,58.130001068115234,50.735740661621094,6096100.0
2018-05-01,ABT,57.70000076293945,58.869998931884766,57.54999923706055,58.81999969482422,51.33796310424805,6406400.0
2018-05-02,ABT,58.4900016784668,58.560001373291016,57.66999816894531,57.849998474121094,50.491355895996094,4519900.0
2018-05-03,ABT,57.790000915527344,57.939998626708984,56.810001373291016,57.93000030517578,50.561187744140625,5641000.0
2018-05-04,ABT,57.63999938964844,59.08000183105469,57.47999954223633,58.7400016784668,51.26814651489258,5833200.0
2018-05-07,ABT,58.9900016784668,59.7599983215332,58.939998626708984,59.31999969482422,51.77436447143555,5656100.0
2018-05-08,ABT,59.119998931884766,59.130001068115234,58.2400016784668,58.709999084472656,51.241981506347656,6778500.0
2018-05-09,ABT,58.810001373291016,59.58000183105469,58.41999816894531,59.400001525878906,51.84418869018555,4103400.0
2018-05-10,ABT,59.630001068115234,60.61000061035156,59.36000061035156,60.560001373291016,52.85664749145508,4791100.0
2018-05-11,ABT,60.220001220703125,61.29999923706055,60.220001220703125,61.2599983215332,53.467594146728516,5768100.0
2018-05-14,ABT,61.5,62.16999816894531,61.38999938964844,62.02000045776367,54.13093185424805,7705700.0
2018-05-15,ABT,61.439998626708984,61.58000183105469,60.31999969482422,60.540000915527344,52.83918380737305,5333500.0
2018-05-16,ABT,60.56999969482422,61.150001525878906,60.400001525878906,60.77000045776367,53.039939880371094,3588600.0
2018-05-17,ABT,60.79999923706055,61.15999984741211,60.369998931884766,61.060001373291016,53.29304504394531,4157900.0
2018-05-18,ABT,61.02000045776367,61.869998931884766,60.939998626708984,61.709999084472656,53.86035919189453,6357700.0
2018-05-21,ABT,62.0,62.4900016784668,61.790000915527344,62.11000061035156,54.2094841003418,4610100.0
2018-05-22,ABT,62.099998474121094,62.290000915527344,60.959999084472656,61.38999938964844,53.58106994628906,6802200.0
2018-05-23,ABT,61.220001220703125,61.970001220703125,61.220001220703125,61.84000015258789,53.97382736206055,4318000.0
2018-05-24,ABT,61.88999938964844,62.720001220703125,61.88999938964844,62.5099983215332,54.55859375,5783900.0
2018-05-25,ABT,62.4900016784668,62.58000183105469,62.060001373291016,62.369998931884766,54.4364128112793,3839100.0
2018-05-29,ABT,61.58000183105469,61.869998931884766,60.849998474121094,61.29999923706055,53.50251007080078,4967400.0
2018-05-30,ABT,61.779998779296875,62.650001525878906,61.439998626708984,62.06999969482422,54.174564361572266,5954100.0
2018-05-31,ABT,61.900001525878906,62.22999954223633,61.5099983215332,61.529998779296875,53.70325469970703,6322200.0
2018-06-01,ABT,61.959999084472656,62.4900016784668,61.849998474121094,62.40999984741211,54.4713249206543,3595800.0
2018-06-04,ABT,62.31999969482422,63.11000061035156,62.279998779296875,63.02000045776367,55.003726959228516,4063300.0
2018-06-05,ABT,63.09000015258789,63.29999923706055,62.61000061035156,63.029998779296875,55.01244354248047,4469400.0
2018-06-06,ABT,63.11000061035156,63.54999923706055,62.779998779296875,63.540000915527344,55.45758819580078,4064400.0
2018-06-07,ABT,63.560001373291016,63.849998474121094,62.869998931884766,63.18000030517578,55.143367767333984,3834300.0
2018-06-08,ABT,63.0099983215332,63.40999984741211,62.84000015258789,63.27000045776367,55.221927642822266,4674900.0
2018-06-11,ABT,63.279998779296875,63.47999954223633,62.900001525878906,63.130001068115234,55.09973907470703,5339300.0
2018-06-12,ABT,63.27000045776367,63.41999816894531,62.61000061035156,62.91999816894531,54.916439056396484,4869100.0
2018-06-13,ABT,63.060001373291016,63.16999816894531,62.470001220703125,62.630001068115234,54.663333892822266,6189100.0
2018-06-14,ABT,62.86000061035156,63.22999954223633,62.7400016784668,62.959999084472656,54.951358795166016,3980800.0
2018-06-15,ABT,62.86000061035156,63.08000183105469,62.2599983215332,62.90999984741211,54.9077262878418,11859400.0
2018-06-18,ABT,62.59000015258789,62.869998931884766,62.279998779296875,62.81999969482422,54.82917404174805,3672700.0
2018-06-19,ABT,62.2400016784668,62.40999984741211,61.91999816894531,62.34000015258789,54.410221099853516,5302300.0
2018-06-20,ABT,62.209999084472656,62.5,62.040000915527344,62.13999938964844,54.23566818237305,5121300.0
2018-06-21,ABT,61.970001220703125,62.099998474121094,61.45000076293945,61.75,53.89527893066406,4065600.0
2018-06-22,ABT,62.22999954223633,62.38999938964844,61.65999984741211,61.939998626708984,54.061100006103516,4389700.0
2018-06-25,ABT,61.70000076293945,61.77000045776367,60.31999969482422,60.77000045776367,53.039939880371094,6012600.0
2018-06-26,ABT,60.63999938964844,61.09000015258789,60.4900016784668,60.810001373291016,53.074851989746094,4303800.0
2018-06-27,ABT,61.209999084472656,62.13999938964844,60.4900016784668,60.4900016784668,52.79553985595703,6665200.0
2018-06-28,ABT,60.459999084472656,61.47999954223633,60.459999084472656,61.27000045776367,53.476341247558594,4237200.0
2018-06-29,ABT,61.4900016784668,61.869998931884766,60.91999816894531,60.9900016784668,53.231956481933594,5807300.0
2018-07-02,ABT,60.630001068115234,61.02000045776367,60.31999969482422,61.0,53.24067687988281,4365200.0
2018-07-03,ABT,60.970001220703125,61.22999954223633,60.630001068115234,60.810001373291016,53.074851989746094,2245200.0
2018-07-05,ABT,61.189998626708984,61.40999984741211,60.7599983215332,61.33000183105469,53.52869415283203,4065200.0
2018-07-06,ABT,61.56999969482422,62.400001525878906,61.2599983215332,62.15999984741211,54.253116607666016,3647900.0
2018-07-09,ABT,62.22999954223633,62.630001068115234,62.13999938964844,62.439998626708984,54.49750900268555,3654900.0
2018-07-10,ABT,62.560001373291016,63.119998931884766,62.470001220703125,62.810001373291016,54.82044219970703,3963600.0
2018-07-11,ABT,62.560001373291016,62.880001068115234,62.33000183105469,62.56999969482422,54.61097717285156,3414100.0
2018-07-12,ABT,62.5,62.79999923706055,62.380001068115234,62.7400016784668,55.00550079345703,3736500.0
2018-07-13,ABT,62.75,63.439998626708984,62.720001220703125,63.060001373291016,55.28605651855469,5326800.0
2018-07-16,ABT,62.95000076293945,63.0,61.709999084472656,61.779998779296875,54.16383361816406,5764400.0
2018-07-17,ABT,61.84000015258789,63.2599983215332,61.54999923706055,62.79999923706055,55.05809783935547,7946200.0
2018-07-18,ABT,64.30999755859375,65.5,64.19999694824219,64.75,56.767704010009766,10650600.0
2018-07-19,ABT,64.68000030517578,64.97000122070312,63.5099983215332,63.779998779296875,55.91728210449219,6761100.0
2018-07-20,ABT,63.61000061035156,64.04000091552734,63.279998779296875,63.31999969482422,55.51398468017578,5763700.0
2018-07-23,ABT,63.2599983215332,63.290000915527344,62.869998931884766,63.20000076293945,55.40877914428711,4790900.0
2018-07-24,ABT,63.54999923706055,64.61000061035156,63.41999816894531,64.4000015258789,56.46084976196289,6545400.0
2018-07-25,ABT,64.16000366210938,65.36000061035156,64.12000274658203,65.2300033569336,57.188533782958984,5863900.0
2018-07-26,ABT,65.36000061035156,65.9000015258789,64.87000274658203,65.66000366210938,57.56552505493164,5517000.0
2018-07-27,ABT,65.51000213623047,65.80000305175781,64.95999908447266,65.26000213623047,57.214847564697266,4299000.0
2018-07-30,ABT,64.97000122070312,65.51000213623047,64.97000122070312,65.16999816894531,57.135921478271484,5108300.0
2018-07-31,ABT,65.37000274658203,65.7699966430664,65.26000213623047,65.54000091552734,57.46031188964844,5399400.0
2018-08-01,ABT,65.3499984741211,65.75,64.70999908447266,64.77999877929688,56.79399490356445,4162900.0
2018-08-02,ABT,64.5,64.77999877929688,63.90999984741211,64.58000183105469,56.61866760253906,4706200.0
2018-08-03,ABT,64.7699966430664,65.23999786376953,64.44000244140625,65.2300033569336,57.188533782958984,3945000.0
2018-08-06,ABT,65.08999633789062,65.5,64.95999908447266,65.23999786376953,57.19729995727539,3690700.0
2018-08-07,ABT,65.18000030517578,65.31999969482422,64.7300033569336,64.73999786376953,56.758934020996094,3329000.0
2018-08-08,ABT,64.73999786376953,65.30999755859375,64.55999755859375,64.83999633789062,56.84659957885742,4103100.0
2018-08-09,ABT,64.79000091552734,65.06999969482422,64.58000183105469,64.63999938964844,56.6712646484375,2578500.0
2018-08-10,ABT,64.44000244140625,64.5999984741211,63.869998931884766,64.02999877929688,56.13646697998047,3841200.0
2018-08-13,ABT,64.0199966430664,64.31999969482422,63.36000061035156,63.43000030517578,55.61043167114258,4407400.0
2018-08-14,ABT,63.45000076293945,63.91999816894531,63.38999938964844,63.630001068115234,55.78578186035156,3246400.0
2018-08-15,ABT,63.45000076293945,63.560001373291016,63.06999969482422,63.470001220703125,55.645503997802734,3724900.0
2018-08-16,ABT,63.790000915527344,64.33999633789062,63.599998474121094,64.16000366210938,56.25044250488281,3714900.0
2018-08-17,ABT,64.23999786376953,64.91999816894531,64.02999877929688,64.72000122070312,56.74140930175781,4768200.0
2018-08-20,ABT,65.0,65.12999725341797,64.37999725341797,64.63999938964844,56.6712646484375,5075400.0
2018-08-21,ABT,64.91000366210938,65.06999969482422,64.5,64.75,56.767704010009766,4045500.0
2018-08-22,ABT,64.51000213623047,65.81999969482422,64.4800033569336,65.66999816894531,57.57428741455078,5203300.0
2018-08-23,ABT,65.66999816894531,66.16999816894531,65.63999938964844,65.83000183105469,57.71455764770508,4428500.0
2018-08-24,ABT,65.9000015258789,66.26000213623047,65.79000091552734,66.0999984741211,57.9512825012207,3831200.0
2018-08-27,ABT,66.44999694824219,66.88999938964844,66.33000183105469,66.83999633789062,58.600040435791016,3498900.0
2018-08-28,ABT,67.02999877929688,67.11000061035156,66.66999816894531,66.79000091552734,58.55622100830078,4089300.0
2018-08-29,ABT,66.72000122070312,67.36000061035156,66.62999725341797,67.12999725341797,58.85430908203125,4446000.0
2018-08-30,ABT,66.94000244140625,67.30999755859375,66.75,67.0199966430664,58.75786209106445,4140500.0
2018-08-31,ABT,66.95999908447266,67.23999786376953,66.58999633789062,66.83999633789062,58.600040435791016,5893900.0
2018-09-04,ABT,66.73999786376953,67.11000061035156,66.56999969482422,67.11000061035156,58.836761474609375,4898900.0
2018-09-05,ABT,66.95999908447266,66.95999908447266,65.54000091552734,66.0,57.86360168457031,6545100.0
2018-09-06,ABT,66.01000213623047,66.19999694824219,65.22000122070312,65.83000183105469,57.71455764770508,7269700.0
2018-09-07,ABT,65.79000091552734,66.45999908447266,65.69000244140625,66.20999908447266,58.04771423339844,4060700.0
2018-09-10,ABT,66.44999694824219,66.93000030517578,66.44000244140625,66.55000305175781,58.345802307128906,3483300.0
2018-09-11,ABT,66.37999725341797,66.81999969482422,66.11000061035156,66.5999984741211,58.38963317871094,3185100.0
2018-09-12,ABT,66.5999984741211,67.12000274658203,66.5999984741211,66.97000122070312,58.71403503417969,3233600.0
2018-09-13,ABT,67.2300033569336,68.54000091552734,67.1500015258789,68.5,60.05540084838867,6052400.0
2018-09-14,ABT,68.51000213623047,68.81999969482422,68.36000061035156,68.41999816894531,59.985260009765625,4217000.0
2018-09-17,ABT,68.41999816894531,68.41999816894531,67.51000213623047,67.66999816894531,59.327735900878906,4255500.0
2018-09-18,ABT,67.76000213623047,68.56999969482422,67.76000213623047,68.41000366210938,59.97650909423828,5018000.0
2018-09-19,ABT,68.5199966430664,68.95999908447266,68.38999938964844,68.5,60.05540084838867,3424200.0
2018-09-20,ABT,68.62999725341797,69.01000213623047,68.4000015258789,68.79000091552734,60.30966567993164,5036700.0
2018-09-21,ABT,68.9000015258789,69.25,68.87999725341797,69.05000305175781,60.53763198852539,9331100.0
2018-09-24,ABT,70.79000091552734,71.68000030517578,70.31999969482422,71.44000244140625,62.63298034667969,10111900.0
2018-09-25,ABT,71.73999786376953,72.2300033569336,71.41000366210938,72.19999694824219,63.29926300048828,8257300.0
2018-09-26,ABT,72.05999755859375,73.29000091552734,71.9800033569336,72.83999633789062,63.86036682128906,8854900.0
2018-09-27,ABT,73.0199966430664,73.18000030517578,72.69000244140625,73.0199966430664,64.0181884765625,5493900.0
2018-09-28,ABT,72.77999877929688,73.58000183105469,72.7699966430664,73.36000061035156,64.31629180908203,6572100.0
2018-10-01,ABT,73.80999755859375,74.1500015258789,73.54000091552734,74.12000274658203,64.98258209228516,7208800.0
2018-10-02,ABT,74.0,74.05000305175781,73.41999816894531,73.80999755859375,64.71077728271484,6251200.0
2018-10-03,ABT,73.80999755859375,73.9000015258789,71.9000015258789,72.04000091552734,63.158992767333984,7477900.0
2018-10-04,ABT,71.7699966430664,71.87000274658203,71.06999969482422,71.81999969482422,62.96611022949219,6166700.0
2018-10-05,ABT,71.81999969482422,72.45999908447266,71.05000305175781,71.58000183105469,62.755714416503906,5426200.0
2018-10-08,ABT,71.58000183105469,72.38999938964844,70.5999984741211,71.44000244140625,62.63298034667969,5520500.0
2018-10-09,ABT,71.23999786376953,71.58999633789062,70.87000274658203,71.29000091552734,62.501441955566406,4812300.0
2018-10-10,ABT,71.05000305175781,71.20999908447266,68.77999877929688,68.91999816894531,60.423622131347656,10559200.0
2018-10-11,ABT,68.91999816894531,69.47000122070312,67.6500015258789,68.37999725341797,59.9502067565918,11932300.0
2018-10-12,ABT,69.37000274658203,69.9800033569336,68.5999984741211,69.33000183105469,61.032997131347656,10431300.0
2018-10-15,ABT,69.33999633789062,69.37999725341797,68.22000122070312,68.69999694824219,60.47840118408203,6674700.0
2018-10-16,ABT,69.55000305175781,71.18000030517578,69.30000305175781,70.94999694824219,62.45912551879883,7638700.0
2018-10-17,ABT,70.4000015258789,70.69000244140625,69.16999816894531,70.2300033569336,61.82530212402344,11014700.0
2018-10-18,ABT,69.58000183105469,69.72000122070312,67.47000122070312,68.13999938964844,59.98542785644531,10959400.0
2018-10-19,ABT,68.12999725341797,68.6500015258789,67.2300033569336,67.58999633789062,59.50122833251953,7351600.0
2018-10-22,ABT,67.73999786376953,68.8499984741211,67.3499984741211,68.5199966430664,60.319923400878906,6924900.0
2018-10-23,ABT,67.58000183105469,69.04000091552734,66.98999786376953,68.56999969482422,60.36395263671875,7446400.0
2018-10-24,ABT,68.7300033569336,69.19999694824219,66.81999969482422,66.94000244140625,58.929012298583984,8126500.0
2018-10-25,ABT,67.19999694824219,68.33000183105469,66.33999633789062,67.66999816894531,59.5716667175293,9062300.0
2018-10-26,ABT,66.75,67.69000244140625,65.77999877929688,66.98999786376953,58.973052978515625,8379000.0
2018-10-29,ABT,68.0,68.37000274658203,66.38999938964844,67.30999755859375,59.25475311279297,7530600.0
2018-10-30,ABT,67.7699966430664,68.33999633789062,67.22000122070312,68.0,59.8621711730957,7994400.0
2018-10-31,ABT,68.69999694824219,69.91000366210938,68.5199966430664,68.94000244140625,60.68968963623047,7795000.0
2018-11-01,ABT,69.08999633789062,70.3499984741211,68.73999786376953,70.1500015258789,61.7548828125,6250800.0
2018-11-02,ABT,70.75,71.37999725341797,69.58999633789062,70.19000244140625,61.790096282958984,5314600.0
2018-11-05,ABT,70.4800033569336,71.0,69.98999786376953,70.38999938964844,61.966148376464844,8558700.0
2018-11-06,ABT,70.33000183105469,71.0,70.22000122070312,70.95999908447266,62.467933654785156,3676400.0
2018-11-07,ABT,71.69000244140625,72.61000061035156,71.58000183105469,72.5,63.82366943359375,6404500.0
2018-11-08,ABT,72.0,73.08000183105469,71.94999694824219,72.95999908447266,64.22859954833984,4676100.0
2018-11-09,ABT,72.87999725341797,73.05999755859375,72.0999984741211,72.79000091552734,64.07891082763672,4247600.0
2018-11-12,ABT,72.7300033569336,72.9000015258789,70.4000015258789,70.55999755859375,62.11580276489258,6272700.0
2018-11-13,ABT,70.87000274658203,71.18000030517578,69.25,69.48999786376953,61.17385482788086,6570300.0
2018-11-14,ABT,70.0999984741211,70.47000122070312,68.95999908447266,69.41000366210938,61.10343933105469,5400800.0
2018-11-15,ABT,68.93000030517578,70.75,67.94000244140625,70.7300033569336,62.26546859741211,6849000.0
2018-11-16,ABT,70.4800033569336,72.33000183105469,70.36000061035156,72.04000091552734,63.418678283691406,9860800.0
2018-11-19,ABT,72.0,72.41000366210938,70.27999877929688,70.54000091552734,62.09819030761719,7224400.0
2018-11-20,ABT,70.38999938964844,70.75,68.86000061035156,69.05999755859375,60.79530715942383,8222500.0
2018-11-21,ABT,69.3499984741211,69.72000122070312,68.25,68.52999877929688,60.328758239746094,5789400.0
2018-11-23,ABT,67.94000244140625,68.68000030517578,67.83000183105469,68.11000061035156,59.95900344848633,3262200.0
2018-11-26,ABT,68.7300033569336,69.2699966430664,68.44999694824219,68.80999755859375,60.57524490356445,6129400.0
2018-11-27,ABT,68.70999908447266,69.75,68.37999725341797,69.70999908447266,61.36751937866211,6759000.0
2018-11-28,ABT,70.0999984741211,72.83999633789062,70.0999984741211,72.83000183105469,64.11412811279297,7915900.0
2018-11-29,ABT,72.43000030517578,73.69999694824219,72.37000274658203,73.26000213623047,64.49266815185547,6447700.0
2018-11-30,ABT,73.93000030517578,74.2300033569336,73.06999969482422,74.05000305175781,65.1881332397461,8030500.0
2018-12-03,ABT,74.29000091552734,74.91999816894531,73.55999755859375,74.2699966430664,65.38180541992188,6430400.0
2018-12-04,ABT,74.23999786376953,74.25,71.43000030517578,71.5,62.943302154541016,7620100.0
2018-12-06,ABT,70.58999633789062,71.54000091552734,69.91999816894531,71.54000091552734,62.97852325439453,10269100.0
2018-12-07,ABT,71.75,71.83000183105469,69.19000244140625,69.94999694824219,61.57880783081055,7945500.0
2018-12-10,ABT,70.04000091552734,71.30000305175781,68.79000091552734,70.91999816894531,62.432716369628906,5828600.0
2018-12-11,ABT,71.66000366210938,72.54000091552734,71.30000305175781,71.83999633789062,63.24263381958008,7567000.0
2018-12-12,ABT,72.80999755859375,73.86000061035156,72.48999786376953,72.52999877929688,63.850059509277344,6883600.0
2018-12-13,ABT,72.70999908447266,73.13999938964844,71.58000183105469,72.18000030517578,63.54195022583008,6264900.0
2018-12-14,ABT,71.31999969482422,71.5,70.37000274658203,70.76000213623047,62.2918815612793,5670300.0
2018-12-17,ABT,70.37999725341797,70.86000061035156,69.16000366210938,69.75,61.40274429321289,7257500.0
2018-12-18,ABT,70.8499984741211,70.9000015258789,69.30999755859375,70.08000183105469,61.69325256347656,8392400.0
2018-12-19,ABT,70.33999633789062,71.47000122070312,68.19000244140625,69.0,60.742496490478516,7339700.0
2018-12-20,ABT,68.33999633789062,68.9000015258789,66.98999786376953,68.37999725341797,60.19670104980469,11689700.0
2018-12-21,ABT,68.06999969482422,69.12999725341797,67.0199966430664,67.2699966430664,59.21953582763672,14240800.0
2018-12-24,ABT,66.81999969482422,67.05000305175781,65.44000244140625,65.55999755859375,57.71417236328125,4026200.0
2018-12-26,ABT,65.9000015258789,69.63999938964844,65.9000015258789,69.62000274658203,61.28829574584961,7576500.0
2018-12-27,ABT,68.41000366210938,70.62999725341797,67.79000091552734,70.62999725341797,62.17742156982422,6713000.0
2018-12-28,ABT,71.05000305175781,72.05000305175781,70.30000305175781,71.08999633789062,62.582366943359375,6209600.0
2018-12-31,ABT,71.56999969482422,72.76000213623047,71.4800033569336,72.33000183105469,63.67398452758789,6094300.0
2019-01-02,ABT,70.38999938964844,70.95999908447266,69.06999969482422,69.5,61.182655334472656,8737200.0
2019-01-03,ABT,68.73999786376953,68.87999725341797,65.5,66.22000122070312,58.295188903808594,10570700.0
2019-01-04,ABT,67.12000274658203,68.58000183105469,66.98999786376953,68.11000061035156,59.95900344848633,8299100.0
2019-01-07,ABT,68.19000244140625,69.86000061035156,68.18000030517578,69.12999725341797,60.85694885253906,9503000.0
2019-01-08,ABT,69.55000305175781,69.63999938964844,67.0,68.30000305175781,60.12627410888672,8905100.0
2019-01-09,ABT,68.93000030517578,69.8499984741211,68.80000305175781,69.44000244140625,61.129844665527344,6091000.0
2019-01-10,ABT,68.68000030517578,69.44000244140625,68.44999694824219,69.08000183105469,60.812923431396484,8051200.0
2019-01-11,ABT,68.5999984741211,69.36000061035156,68.44999694824219,69.33000183105469,61.032997131347656,6583000.0
2019-01-14,ABT,68.41000366210938,68.80000305175781,68.12999725341797,68.2699966430664,60.3785400390625,5122900.0
2019-01-15,ABT,68.41000366210938,70.5199966430664,68.36000061035156,70.47000122070312,62.324256896972656,6306900.0
2019-01-16,ABT,70.5,70.76000213623047,69.73999786376953,69.81999969482422,61.749385833740234,6357300.0
2019-01-17,ABT,69.87000274658203,70.97000122070312,69.7699966430664,70.5199966430664,62.368446350097656,5427800.0
2019-01-18,ABT,70.98999786376953,71.73999786376953,70.77999877929688,71.41999816894531,63.164432525634766,9404500.0
2019-01-22,ABT,70.97000122070312,71.66999816894531,70.69000244140625,71.48999786376953,63.226348876953125,6541600.0
2019-01-23,ABT,70.5,71.55000305175781,69.2699966430664,69.91000366210938,61.82898712158203,10196300.0
2019-01-24,ABT,70.0,71.0,69.31999969482422,70.86000061035156,62.66915512084961,6437600.0
2019-01-25,ABT,71.2699966430664,71.7699966430664,70.79000091552734,71.1500015258789,62.92562484741211,4824100.0
2019-01-28,ABT,70.5199966430664,70.62999725341797,68.88999938964844,69.05000305175781,61.06840515136719,5942500.0
2019-01-29,ABT,69.08999633789062,69.94000244140625,68.80000305175781,69.69000244140625,61.6343994140625,5981600.0
2019-01-30,ABT,69.91000366210938,71.80000305175781,69.69000244140625,71.68000030517578,63.39438247680664,8145000.0
2019-01-31,ABT,71.30999755859375,73.06999969482422,71.13999938964844,72.9800033569336,64.5440902709961,10421900.0
2019-02-01,ABT,73.0199966430664,73.23999786376953,71.97000122070312,72.36000061035156,63.99577713012695,5016500.0
2019-02-04,ABT,72.38999938964844,72.69000244140625,71.70999908447266,72.5,64.11961364746094,5278300.0
2019-02-05,ABT,72.9000015258789,73.29000091552734,72.68000030517578,73.11000061035156,64.6590805053711,4302400.0
2019-02-06,ABT,72.9000015258789,73.55999755859375,72.62999725341797,73.48999786376953,64.9951400756836,4851900.0
2019-02-07,ABT,72.98999786376953,73.05999755859375,71.5,72.73999786376953,64.33180236816406,6863600.0
2019-02-08,ABT,72.16000366210938,73.4800033569336,72.12000274658203,73.33000183105469,64.85364532470703,6063700.0
2019-02-11,ABT,73.4800033569336,73.83999633789062,73.29000091552734,73.54000091552734,65.03938293457031,4782700.0
2019-02-12,ABT,73.98999786376953,75.2300033569336,73.72000122070312,75.05999755859375,66.3836669921875,7039700.0
2019-02-13,ABT,75.04000091552734,75.2699966430664,74.05999755859375,74.37999725341797,65.78227233886719,5696300.0
2019-02-14,ABT,74.08000183105469,74.36000061035156,73.73999786376953,73.97000122070312,65.41967010498047,4864500.0
2019-02-15,ABT,74.55999755859375,75.4000015258789,74.33000183105469,75.25,66.55170440673828,8083200.0
2019-02-19,ABT,75.16000366210938,75.56999969482422,74.72000122070312,75.0,66.33061981201172,4503500.0
2019-02-20,ABT,74.83000183105469,75.56999969482422,74.5999984741211,75.54000091552734,66.80819702148438,6316700.0
2019-02-21,ABT,75.11000061035156,75.47000122070312,74.66000366210938,75.13999938964844,66.45441436767578,5607000.0
2019-02-22,ABT,75.3499984741211,76.44999694824219,75.3499984741211,76.12999725341797,67.33000183105469,5296600.0
2019-02-25,ABT,76.38999938964844,77.05000305175781,76.23999786376953,76.86000061035156,67.97561645507812,5709600.0
2019-02-26,ABT,76.58000183105469,77.12000274658203,76.37999725341797,76.75,67.87832641601562,5295400.0
2019-02-27,ABT,76.44999694824219,77.33000183105469,76.33000183105469,77.2300033569336,68.3028335571289,5706500.0
2019-02-28,ABT,77.01000213623047,78.05999755859375,77.01000213623047,77.62000274658203,68.64775848388672,6762700.0
2019-03-01,ABT,77.98999786376953,78.73999786376953,77.68000030517578,78.58999633789062,69.505615234375,5390100.0
2019-03-04,ABT,78.83999633789062,78.97000122070312,77.47000122070312,78.62000274658203,69.53218078613281,5962800.0
2019-03-05,ABT,78.55999755859375,78.91000366210938,78.12999725341797,78.22000122070312,69.17839813232422,6547500.0
2019-03-06,ABT,78.11000061035156,78.22000122070312,77.5199966430664,77.69999694824219,68.71851348876953,4182100.0
2019-03-07,ABT,77.69000244140625,77.94999694824219,76.61000061035156,76.80000305175781,67.92255401611328,5292600.0
2019-03-08,ABT,76.3499984741211,76.68000030517578,75.86000061035156,76.62999725341797,67.77220916748047,3895400.0
2019-03-11,ABT,76.91999816894531,77.8499984741211,76.69999694824219,77.80999755859375,68.81581115722656,4254600.0
2019-03-12,ABT,77.98999786376953,78.4800033569336,77.62999725341797,78.23999786376953,69.19609832763672,4241200.0
2019-03-13,ABT,78.66999816894531,79.1500015258789,78.06999969482422,78.62000274658203,69.53218078613281,6479200.0
2019-03-14,ABT,78.5,79.06999969482422,78.13999938964844,78.9800033569336,69.85054779052734,5734500.0
2019-03-15,ABT,79.02999877929688,80.1500015258789,78.91999816894531,79.86000061035156,70.62882995605469,11989400.0
2019-03-18,ABT,79.94999694824219,79.94999694824219,77.97000122070312,78.83000183105469,69.7178955078125,7671100.0
2019-03-19,ABT,79.18000030517578,80.25,79.0199966430664,79.95999908447266,70.7172622680664,6048600.0
2019-03-20,ABT,79.87000274658203,80.43000030517578,79.11000061035156,79.94000244140625,70.6995849609375,5388800.0
2019-03-21,ABT,79.44999694824219,80.48999786376953,79.31999969482422,80.05999755859375,70.80570983886719,5899100.0
2019-03-22,ABT,79.80999755859375,80.0,77.69000244140625,77.97000122070312,68.95731353759766,7532900.0
2019-03-25,ABT,77.80999755859375,78.66999816894531,77.62000274658203,78.2300033569336,69.18724060058594,3844500.0
2019-03-26,ABT,78.88999938964844,79.51000213623047,78.68000030517578,79.0,69.86823272705078,3596400.0
2019-03-27,ABT,79.0,79.30999755859375,77.88999938964844,78.7300033569336,69.62944030761719,4101900.0
2019-03-28,ABT,79.16000366210938,79.66000366210938,78.72000122070312,79.44000244140625,70.25738525390625,5675900.0
2019-03-29,ABT,79.86000061035156,79.98999786376953,79.11000061035156,79.94000244140625,70.6995849609375,5891200.0
2019-04-01,ABT,80.66999816894531,80.73999786376953,79.20999908447266,79.66000366210938,70.4519271850586,4842000.0
2019-04-02,ABT,79.83000183105469,79.83000183105469,79.06999969482422,79.62000274658203,70.41658020019531,3717900.0
2019-04-03,ABT,79.97000122070312,80.0,79.1500015258789,79.5,70.31046295166016,3973700.0
2019-04-04,ABT,79.47000122070312,79.51000213623047,78.0,78.62000274658203,69.53218078613281,4671200.0
2019-04-05,ABT,78.9000015258789,79.36000061035156,78.38999938964844,79.0,69.86823272705078,3434500.0
2019-04-08,ABT,78.91000366210938,78.91000366210938,77.94999694824219,78.5199966430664,69.4437255859375,5178900.0
2019-04-09,ABT,78.23999786376953,78.95999908447266,78.05999755859375,78.66999816894531,69.57637786865234,4836700.0
2019-04-10,ABT,78.72000122070312,79.41999816894531,78.55999755859375,78.97000122070312,69.84172058105469,5604600.0
2019-04-11,ABT,79.19000244140625,79.2300033569336,78.3499984741211,78.51000213623047,69.43489074707031,4432100.0
2019-04-12,ABT,78.37000274658203,78.8499984741211,77.81999969482422,78.01000213623047,69.27503204345703,5482000.0
2019-04-15,ABT,78.11000061035156,78.45999908447266,77.45999908447266,77.5,68.82213592529297,6095100.0
2019-04-16,ABT,77.94000244140625,78.69999694824219,76.05999755859375,76.37999725341797,67.8275375366211,6227800.0
2019-04-17,ABT,76.18000030517578,76.29000091552734,72.36000061035156,72.87999725341797,64.71942901611328,11212400.0
2019-04-18,ABT,73.63999938964844,74.9000015258789,72.75,73.91999816894531,65.64301300048828,9712200.0
2019-04-22,ABT,73.12999725341797,74.5999984741211,73.0,74.51000213623047,66.16693115234375,5810700.0
2019-04-23,ABT,74.62999725341797,76.41000366210938,74.43000030517578,76.0999984741211,67.5788803100586,6823500.0
2019-04-24,ABT,76.05000305175781,76.87000274658203,75.66999816894531,76.75,68.15612030029297,6238400.0
2019-04-25,ABT,76.62000274658203,78.18000030517578,76.37000274658203,78.11000061035156,69.36383056640625,6011700.0
2019-04-26,ABT,78.45999908447266,78.56999969482422,77.52999877929688,78.55999755859375,69.76344299316406,4286500.0
2019-04-29,ABT,78.55999755859375,78.62999725341797,77.58000183105469,78.2699966430664,69.50590515136719,4355000.0
2019-04-30,ABT,78.2699966430664,79.69000244140625,77.93000030517578,79.55999755859375,70.65148162841797,5514100.0
2019-05-01,ABT,79.3499984741211,79.47000122070312,78.29000091552734,78.73999786376953,69.92330932617188,6702300.0
2019-05-02,ABT,78.41999816894531,78.87000274658203,77.91000366210938,78.77999877929688,69.95881652832031,5112200.0
2019-05-03,ABT,78.83000183105469,79.12999725341797,78.26000213623047,78.69000244140625,69.87889099121094,5452700.0
2019-05-06,ABT,77.41999816894531,79.16999816894531,77.3499984741211,79.06999969482422,70.21633911132812,4006700.0
2019-05-07,ABT,78.5,78.87000274658203,76.19999694824219,76.91000366210938,68.29821014404297,5322500.0
2019-05-08,ABT,76.93000030517578,76.97000122070312,76.13999938964844,76.22000122070312,67.68546295166016,4362800.0
2019-05-09,ABT,75.66000366210938,76.4800033569336,74.87999725341797,76.41999816894531,67.86305236816406,3736700.0
2019-05-10,ABT,76.20999908447266,76.66000366210938,74.54000091552734,76.44999694824219,67.88970947265625,3993500.0
2019-05-13,ABT,75.16999816894531,75.79000091552734,74.95999908447266,75.5,67.04608917236328,5166700.0
2019-05-14,ABT,75.63999938964844,76.7699966430664,75.62999725341797,76.02999877929688,67.51673889160156,5319300.0
2019-05-15,ABT,75.5,77.0199966430664,75.22000122070312,76.51000213623047,67.94297790527344,4385500.0
2019-05-16,ABT,76.5199966430664,77.37000274658203,76.16999816894531,76.5999984741211,68.02290344238281,6098100.0
2019-05-17,ABT,76.29000091552734,77.20999908447266,75.95999908447266,75.97000122070312,67.4634780883789,5169300.0
2019-05-20,ABT,75.5999984741211,75.95999908447266,75.19999694824219,75.7699966430664,67.28585052490234,4493100.0
2019-05-21,ABT,76.55999755859375,76.81999969482422,76.0199966430664,76.02999877929688,67.51673889160156,3819700.0
2019-05-22,ABT,76.13999938964844,76.58999633789062,75.8499984741211,76.26000213623047,67.72099304199219,3062700.0
2019-05-23,ABT,76.13999938964844,76.13999938964844,75.31999969482422,75.62999725341797,67.16153717041016,5507000.0
2019-05-24,ABT,76.0199966430664,77.08000183105469,75.95999908447266,76.9800033569336,68.3603744506836,4866300.0
2019-05-28,ABT,77.02999877929688,77.9800033569336,75.68000030517578,75.70999908447266,67.23258209228516,5418600.0
2019-05-29,ABT,75.37000274658203,75.97000122070312,74.94000244140625,75.66999816894531,67.19703674316406,4013100.0
2019-05-30,ABT,76.01000213623047,76.58999633789062,75.87000274658203,76.5199966430664,67.9518814086914,3600300.0
2019-05-31,ABT,75.97000122070312,76.5199966430664,75.5999984741211,76.12999725341797,67.60553741455078,6570800.0
2019-06-03,ABT,76.25,76.79000091552734,75.44000244140625,75.70999908447266,67.23258209228516,6286500.0
2019-06-04,ABT,76.25,77.61000061035156,76.16000366210938,77.45999908447266,68.78661346435547,5836000.0
2019-06-05,ABT,77.83999633789062,78.8499984741211,77.83000183105469,78.69000244140625,69.87889099121094,5286200.0
2019-06-06,ABT,78.8499984741211,80.43000030517578,78.63999938964844,80.08999633789062,71.12213134765625,5966700.0
2019-06-07,ABT,80.48999786376953,81.16000366210938,80.30000305175781,80.73999786376953,71.6993179321289,5136400.0
2019-06-10,ABT,81.0,81.5,80.44000244140625,81.2699966430664,72.16999053955078,3927100.0
2019-06-11,ABT,81.79000091552734,82.0,80.62999725341797,81.12000274658203,72.03678894042969,3905500.0
2019-06-12,ABT,81.29000091552734,81.97000122070312,81.26000213623047,81.94999694824219,72.77386474609375,3332300.0
2019-06-13,ABT,81.9800033569336,82.33000183105469,81.75,82.29000091552734,73.0758056640625,5220400.0
2019-06-14,ABT,82.16999816894531,82.86000061035156,82.0199966430664,82.22000122070312,73.01361846923828,4771100.0
2019-06-17,ABT,82.38999938964844,82.58000183105469,81.66999816894531,82.05000305175781,72.86265563964844,4095900.0
2019-06-18,ABT,82.44999694824219,83.58999633789062,81.91999816894531,83.41999816894531,74.0792465209961,6253000.0
2019-06-19,ABT,83.4000015258789,84.5,83.05000305175781,84.33000183105469,74.88736724853516,4113400.0
2019-06-20,ABT,84.83999633789062,85.31999969482422,84.31999969482422,84.94000244140625,75.42906951904297,6436400.0
2019-06-21,ABT,85.36000061035156,85.36000061035156,84.41000366210938,85.0,75.48234558105469,8855400.0
2019-06-24,ABT,84.77999877929688,85.33000183105469,84.63999938964844,84.70999908447266,75.22481536865234,4531600.0
2019-06-25,ABT,84.94000244140625,85.44999694824219,84.23999786376953,84.23999786376953,74.80744171142578,4915300.0
2019-06-26,ABT,84.05000305175781,84.37000274658203,82.62999725341797,82.95999908447266,73.67076873779297,5731400.0
2019-06-27,ABT,83.38999938964844,83.9800033569336,83.06999969482422,83.69000244140625,74.31903076171875,4111600.0
2019-06-28,ABT,83.81999969482422,84.26000213623047,83.12000274658203,84.0999984741211,74.68310546875,16436700.0
2019-07-01,ABT,84.73999786376953,84.9800033569336,83.75,84.48999786376953,75.02944946289062,4527600.0
2019-07-02,ABT,84.75,84.95999908447266,84.1500015258789,84.94999694824219,75.43794250488281,4023300.0
2019-07-03,ABT,85.05000305175781,85.6500015258789,84.91999816894531,85.63999938964844,76.05067443847656,2437500.0
2019-07-05,ABT,85.16000366210938,85.5,84.63999938964844,85.41999816894531,75.8553237915039,3784700.0
2019-07-08,ABT,85.27999877929688,85.27999877929688,84.69000244140625,85.08999633789062,75.56226348876953,3591100.0
2019-07-09,ABT,84.95999908447266,85.37000274658203,84.81999969482422,85.2699966430664,75.72211456298828,3126000.0
2019-07-10,ABT,85.68000030517578,85.87999725341797,85.1500015258789,85.37999725341797,75.81979370117188,4315900.0
2019-07-11,ABT,85.6500015258789,85.98999786376953,85.19000244140625,85.7699966430664,76.16613006591797,3653600.0
2019-07-12,ABT,85.27999877929688,85.44000244140625,83.05999755859375,83.91999816894531,74.80235290527344,5667200.0
2019-07-15,ABT,83.80999755859375,84.23999786376953,83.41000366210938,83.80999755859375,74.70431518554688,5177700.0
2019-07-16,ABT,84.11000061035156,84.23999786376953,82.9000015258789,83.16000366210938,74.12493896484375,3886700.0
2019-07-17,ABT,85.88999938964844,86.75,85.43000030517578,85.76000213623047,76.44245910644531,9381400.0
2019-07-18,ABT,86.23999786376953,87.83999633789062,85.31999969482422,87.76000213623047,78.22516632080078,8311600.0
2019-07-19,ABT,88.29000091552734,88.33000183105469,87.44999694824219,87.48999786376953,77.9844970703125,5824000.0
2019-07-22,ABT,87.36000061035156,88.70999908447266,87.2699966430664,88.06999969482422,78.50148010253906,6566100.0
2019-07-23,ABT,88.0999984741211,88.76000213623047,87.52999877929688,88.73999786376953,79.09867095947266,4049100.0
2019-07-24,ABT,88.44999694824219,88.69000244140625,87.58999633789062,88.58999633789062,78.9649658203125,3879100.0
2019-07-25,ABT,88.2699966430664,88.47000122070312,87.73999786376953,88.0,78.43909454345703,4671200.0
2019-07-26,ABT,88.3499984741211,88.62000274658203,87.30000305175781,87.75,78.21625518798828,4177700.0
2019-07-29,ABT,88.05999755859375,88.62000274658203,87.37999725341797,88.55000305175781,78.92932891845703,3623900.0
2019-07-30,ABT,88.18000030517578,88.7300033569336,87.8499984741211,88.30999755859375,78.71539306640625,2864700.0
2019-07-31,ABT,88.18000030517578,88.4000015258789,86.37000274658203,87.0999984741211,77.6368637084961,6197200.0
2019-08-01,ABT,87.18000030517578,88.05999755859375,85.63999938964844,86.08000183105469,76.72767639160156,7022000.0
2019-08-02,ABT,85.94999694824219,86.19999694824219,84.73999786376953,85.81999969482422,76.49591064453125,4756400.0
2019-08-05,ABT,84.7300033569336,84.87999725341797,82.41999816894531,83.16000366210938,74.12493896484375,6253800.0
2019-08-06,ABT,83.80999755859375,84.88999938964844,83.68000030517578,84.86000061035156,75.64022064208984,4422500.0
2019-08-07,ABT,83.80000305175781,85.0,82.30999755859375,84.5999984741211,75.4084701538086,5502600.0
2019-08-08,ABT,85.11000061035156,86.2699966430664,85.01000213623047,85.55999755859375,76.26419067382812,6439300.0
2019-08-09,ABT,85.62999725341797,87.05000305175781,85.43000030517578,86.62000274658203,77.20903015136719,5102700.0
2019-08-12,ABT,86.38999938964844,86.51000213623047,84.33000183105469,84.66000366210938,75.46196746826172,3650800.0
2019-08-13,ABT,85.31999969482422,87.0999984741211,84.9800033569336,86.88999938964844,77.44969177246094,4808300.0
2019-08-14,ABT,85.87999725341797,86.30999755859375,83.91000366210938,83.94000244140625,74.82017517089844,4106200.0
2019-08-15,ABT,84.16000366210938,84.7300033569336,83.5199966430664,83.94000244140625,74.82017517089844,4952600.0
2019-08-16,ABT,84.73999786376953,85.08000183105469,84.2699966430664,84.77999877929688,75.56891632080078,5786300.0
2019-08-19,ABT,85.79000091552734,86.12999725341797,85.33000183105469,85.55999755859375,76.26419067382812,4579800.0
2019-08-20,ABT,85.94999694824219,86.01000213623047,84.4800033569336,84.54000091552734,75.3550033569336,3322400.0
2019-08-21,ABT,85.05000305175781,85.1500015258789,84.29000091552734,84.9000015258789,75.67587280273438,3894300.0
2019-08-22,ABT,84.91999816894531,85.30999755859375,83.63999938964844,84.37000274658203,75.2034683227539,3207000.0
2019-08-23,ABT,83.83999633789062,84.25,81.36000061035156,81.93000030517578,73.028564453125,6228400.0
2019-08-26,ABT,82.61000061035156,83.18000030517578,82.0199966430664,83.12000274658203,74.08927154541016,3521200.0
2019-08-27,ABT,83.81999969482422,84.19999694824219,83.22000122070312,83.6500015258789,74.56167602539062,4845200.0
2019-08-28,ABT,83.19999694824219,84.26000213623047,83.05999755859375,84.22000122070312,75.06976318359375,3889500.0
2019-08-29,ABT,85.0,85.11000061035156,84.47000122070312,84.81999969482422,75.60456085205078,3758600.0
2019-08-30,ABT,85.47000122070312,85.62000274658203,84.62999725341797,85.31999969482422,76.05025482177734,3627900.0
2019-09-03,ABT,84.43000030517578,84.63999938964844,83.26000213623047,84.05999755859375,74.92713928222656,4060600.0
2019-09-04,ABT,84.5,84.69999694824219,83.77999877929688,84.22000122070312,75.06976318359375,3673100.0
2019-09-05,ABT,85.0,86.16000366210938,84.55999755859375,85.9000015258789,76.56723022460938,4356400.0
2019-09-06,ABT,86.2300033569336,86.43000030517578,85.5999984741211,86.04000091552734,76.69203186035156,4451300.0
2019-09-09,ABT,86.33999633789062,86.43000030517578,83.87000274658203,84.22000122070312,75.06976318359375,4444600.0
2019-09-10,ABT,83.44000244140625,83.4800033569336,81.0199966430664,83.20999908447266,74.16950988769531,5613100.0
2019-09-11,ABT,82.44999694824219,84.55999755859375,82.25,84.5199966430664,75.337158203125,4458900.0
2019-09-12,ABT,85.02999877929688,85.98999786376953,84.91000366210938,85.20999908447266,75.95220947265625,3517500.0
2019-09-13,ABT,85.30000305175781,85.36000061035156,83.88999938964844,84.2699966430664,75.11432647705078,3633200.0
2019-09-16,ABT,83.91000366210938,83.91000366210938,83.02999877929688,83.36000061035156,74.30321502685547,3991200.0
2019-09-17,ABT,83.4000015258789,84.5,83.20999908447266,83.58000183105469,74.49930572509766,3578300.0
2019-09-18,ABT,83.58000183105469,84.16000366210938,82.8499984741211,83.63999938964844,74.55276489257812,2767500.0
2019-09-19,ABT,83.83000183105469,84.25,83.0999984741211,83.2300033569336,74.18732452392578,3392900.0
2019-09-20,ABT,83.51000213623047,83.87999725341797,82.87000274658203,83.58000183105469,74.49930572509766,7130100.0
2019-09-23,ABT,83.43000030517578,83.72000122070312,83.12999725341797,83.16000366210938,74.12493896484375,2279900.0
2019-09-24,ABT,83.66000366210938,84.02999877929688,82.22000122070312,82.44000244140625,73.483154296875,3525400.0
2019-09-25,ABT,82.4000015258789,83.05000305175781,82.0999984741211,82.86000061035156,73.8575210571289,2795100.0
2019-09-26,ABT,83.27999877929688,83.37999725341797,82.08999633789062,82.66000366210938,73.67924499511719,3265200.0
2019-09-27,ABT,83.04000091552734,83.33999633789062,81.41999816894531,81.83999633789062,72.9483642578125,3396600.0
2019-09-30,ABT,82.19000244140625,84.38999938964844,82.19000244140625,83.66999816894531,74.57952880859375,4340900.0
2019-10-01,ABT,84.02999877929688,84.7699966430664,81.7699966430664,81.83999633789062,72.9483642578125,4436700.0
2019-10-02,ABT,81.4000015258789,81.55000305175781,78.7699966430664,79.52999877929688,70.8893051147461,5547100.0
2019-10-03,ABT,79.25,81.12999725341797,78.7699966430664,81.06999969482422,72.26199340820312,3956000.0
2019-10-04,ABT,81.30000305175781,82.31999969482422,81.29000091552734,81.98999786376953,73.0820541381836,3390100.0
2019-10-07,ABT,81.4000015258789,81.9800033569336,80.97000122070312,81.04000091552734,72.2352523803711,2673200.0
2019-10-08,ABT,80.55999755859375,80.55999755859375,78.51000213623047,78.51000213623047,69.98014831542969,5924200.0
2019-10-09,ABT,79.30999755859375,79.80999755859375,78.87999725341797,79.5,70.86258697509766,4008500.0
2019-10-10,ABT,79.08999633789062,80.45999908447266,79.06999969482422,80.13999938964844,71.43305206298828,5085000.0
2019-10-11,ABT,80.7300033569336,81.33000183105469,79.55000305175781,79.62999725341797,71.26301574707031,4423000.0
2019-10-14,ABT,79.69000244140625,80.19000244140625,79.41999816894531,79.81999969482422,71.43305206298828,4228500.0
2019-10-15,ABT,80.69999694824219,82.75,80.69999694824219,81.9800033569336,73.36609649658203,6429100.0
2019-10-16,ABT,81.36000061035156,83.69000244140625,79.6500015258789,81.77999877929688,73.18709564208984,10707400.0
2019-10-17,ABT,81.5199966430664,83.0,81.47000122070312,82.37999725341797,73.72404479980469,4172800.0
2019-10-18,ABT,82.41000366210938,83.31999969482422,82.02999877929688,82.79000091552734,74.09098052978516,5219800.0
2019-10-21,ABT,83.13999938964844,83.27999877929688,81.5199966430664,81.6500015258789,73.07075500488281,5487900.0
2019-10-22,ABT,81.80999755859375,82.27999877929688,80.5,80.54000091552734,72.07737731933594,4764000.0
2019-10-23,ABT,80.69000244140625,81.5999984741211,80.41000366210938,81.2699966430664,72.73069763183594,4308300.0
2019-10-24,ABT,81.58999633789062,82.08999633789062,81.20999908447266,81.36000061035156,72.81124114990234,4470900.0
2019-10-25,ABT,81.44999694824219,81.97000122070312,81.08000183105469,81.6500015258789,73.07075500488281,4872800.0
2019-10-28,ABT,81.80000305175781,82.88999938964844,81.76000213623047,82.66000366210938,73.9746322631836,4768800.0
2019-10-29,ABT,82.44999694824219,83.87000274658203,82.29000091552734,83.44999694824219,74.681640625,4614900.0
2019-10-30,ABT,83.31999969482422,84.08999633789062,82.9000015258789,84.01000213623047,75.18279266357422,3534800.0
2019-10-31,ABT,83.7699966430664,84.3499984741211,82.91999816894531,83.61000061035156,74.82481384277344,4614000.0
2019-11-01,ABT,84.08999633789062,84.29000091552734,82.61000061035156,82.66000366210938,73.9746322631836,5119100.0
2019-11-04,ABT,83.04000091552734,83.20999908447266,82.22000122070312,82.22000122070312,73.58087158203125,5508000.0
2019-11-05,ABT,82.87000274658203,82.9000015258789,80.9000015258789,82.33999633789062,73.6882553100586,8238800.0
2019-11-06,ABT,82.5,83.44000244140625,82.37999725341797,83.12000274658203,74.38630676269531,4489000.0
2019-11-07,ABT,83.12999725341797,83.58000183105469,82.91000366210938,83.38999938964844,74.62793731689453,6020400.0
2019-11-08,ABT,83.33000183105469,83.88999938964844,83.18000030517578,83.73999786376953,74.94114685058594,3462800.0
2019-11-11,ABT,83.30999755859375,83.9000015258789,83.30999755859375,83.76000213623047,74.95907592773438,3139100.0
2019-11-12,ABT,83.66000366210938,84.77999877929688,83.66000366210938,84.33999633789062,75.47811889648438,3701400.0
2019-11-13,ABT,83.95999908447266,84.41999816894531,83.2699966430664,84.22000122070312,75.37074279785156,3976900.0
2019-11-14,ABT,84.08999633789062,84.38999938964844,83.68000030517578,84.12000274658203,75.28123474121094,4474200.0
2019-11-15,ABT,84.66999816894531,85.70999908447266,84.4000015258789,85.70999908447266,76.70416259765625,5453500.0
2019-11-18,ABT,85.70999908447266,85.9000015258789,84.0199966430664,84.26000213623047,75.40653228759766,5812300.0
2019-11-19,ABT,84.62000274658203,84.63999938964844,83.9000015258789,84.29000091552734,75.4333724975586,4152100.0
2019-11-20,ABT,84.33999633789062,84.7300033569336,83.19999694824219,83.88999938964844,75.07539367675781,5416200.0
2019-11-21,ABT,83.72000122070312,83.80000305175781,82.36000061035156,83.68000030517578,74.8874740600586,5211400.0
2019-11-22,ABT,83.94999694824219,84.0199966430664,82.79000091552734,83.73999786376953,74.94114685058594,3964600.0
2019-11-25,ABT,83.91000366210938,84.80999755859375,83.87999725341797,84.48999786376953,75.61233520507812,5704000.0
2019-11-26,ABT,84.6500015258789,85.56999969482422,84.31999969482422,85.41999816894531,76.44463348388672,8764100.0
2019-11-27,ABT,85.97000122070312,85.97000122070312,85.16000366210938,85.41999816894531,76.44463348388672,2865400.0
2019-11-29,ABT,85.30000305175781,85.6500015258789,84.83999633789062,85.44999694824219,76.47147369384766,2410900.0
2019-12-02,ABT,85.56999969482422,85.72000122070312,83.9800033569336,84.51000213623047,75.6302719116211,3801100.0
2019-12-03,ABT,83.58999633789062,84.41999816894531,83.2699966430664,84.36000061035156,75.4959945678711,2912400.0
2019-12-04,ABT,84.5,85.33999633789062,84.44000244140625,85.18000030517578,76.22985076904297,3953400.0
2019-12-05,ABT,85.12000274658203,85.41999816894531,84.33000183105469,85.23999786376953,76.28352355957031,3279900.0
2019-12-06,ABT,85.66999816894531,85.91000366210938,85.37999725341797,85.4800033569336,76.49832153320312,4104600.0
2019-12-09,ABT,85.12000274658203,85.41999816894531,83.83000183105469,83.87000274658203,75.0574951171875,4227000.0
2019-12-10,ABT,83.87999725341797,84.62999725341797,83.76000213623047,84.55999755859375,75.67500305175781,3904900.0
2019-12-11,ABT,84.62000274658203,85.04000091552734,84.20999908447266,84.91000366210938,75.98823547363281,2937500.0
2019-12-12,ABT,84.77999877929688,86.27999877929688,84.63999938964844,85.97000122070312,76.93685913085938,4155200.0
2019-12-13,ABT,85.77999877929688,86.70999908447266,85.77999877929688,86.3499984741211,77.27691650390625,3872000.0
2019-12-16,ABT,86.94999694824219,87.0999984741211,86.30000305175781,86.4000015258789,77.32164764404297,3843700.0
2019-12-17,ABT,86.58000183105469,87.30000305175781,86.0,87.05999755859375,77.9123306274414,5368500.0
2019-12-18,ABT,87.08000183105469,87.2699966430664,86.61000061035156,86.93000030517578,77.79597473144531,5831100.0
2019-12-19,ABT,86.73999786376953,87.3499984741211,86.48999786376953,87.3499984741211,78.17184448242188,4643700.0
2019-12-20,ABT,88.98999786376953,89.23999786376953,86.62999725341797,86.66000366210938,77.55433654785156,11606500.0
2019-12-23,ABT,86.30999755859375,87.45999908447266,86.27999877929688,87.3499984741211,78.17184448242188,4067800.0
2019-12-24,ABT,87.37000274658203,87.4800033569336,86.9800033569336,87.27999877929688,78.10918426513672,1067700.0
2019-12-26,ABT,87.20999908447266,87.5199966430664,86.87999725341797,87.27999877929688,78.10918426513672,2033100.0
2019-12-27,ABT,87.48999786376953,87.75,87.0199966430664,87.4000015258789,78.2165756225586,2508100.0
2019-12-30,ABT,87.5199966430664,87.79000091552734,86.61000061035156,86.80000305175781,77.67964935302734,2706100.0
2019-12-31,ABT,86.5,86.98999786376953,86.2699966430664,86.86000061035156,77.73332214355469,3261100.0
2020-01-02,ABT,86.05999755859375,86.95999908447266,85.80000305175781,86.94999694824219,77.8138656616211,4969000.0
2020-01-03,ABT,85.75,86.66999816894531,85.58999633789062,85.88999938964844,76.8652572631836,4747000.0
2020-01-06,ABT,85.62000274658203,86.36000061035156,85.20999908447266,86.33999633789062,77.2679672241211,5631700.0
2020-01-07,ABT,85.7699966430664,86.30000305175781,85.54000091552734,85.86000061035156,76.8384017944336,3408100.0
2020-01-08,ABT,86.23999786376953,86.66000366210938,85.93000030517578,86.20999908447266,77.15161895751953,5693900.0
2020-01-09,ABT,86.30000305175781,86.68000030517578,85.75,86.44000244140625,77.35746002197266,6432500.0
2020-01-10,ABT,86.79000091552734,86.98999786376953,85.16999816894531,85.36000061035156,76.39093017578125,4680400.0
2020-01-13,ABT,85.5,85.7300033569336,84.73999786376953,85.12000274658203,76.17616271972656,5571500.0
2020-01-14,ABT,84.12999725341797,86.0,84.01000213623047,85.73999786376953,77.05689239501953,8751400.0
2020-01-15,ABT,86.11000061035156,87.8499984741211,86.11000061035156,87.37999725341797,78.53082275390625,5389700.0
2020-01-16,ABT,87.94000244140625,88.30999755859375,87.41999816894531,88.27999877929688,79.33966064453125,5023300.0
2020-01-17,ABT,88.44999694824219,89.19999694824219,88.30999755859375,89.0,79.98674774169922,5879700.0
2020-01-21,ABT,88.86000061035156,90.04000091552734,88.61000061035156,89.7300033569336,80.642822265625,7458100.0
2020-01-22,ABT,90.77999877929688,92.44999694824219,90.02999877929688,91.86000061035156,82.55713653564453,9841200.0
2020-01-23,ABT,91.80999755859375,91.8499984741211,90.16000366210938,90.7300033569336,81.54156494140625,7418400.0
2020-01-24,ABT,90.8499984741211,91.52999877929688,90.20999908447266,90.4000015258789,81.2449951171875,4218700.0
2020-01-27,ABT,89.11000061035156,90.0,88.88999938964844,89.58999633789062,80.51701354980469,4482200.0
2020-01-28,ABT,89.69999694824219,90.02999877929688,89.38999938964844,89.54000091552734,80.47207641601562,4983700.0
2020-01-29,ABT,89.61000061035156,90.2300033569336,89.06999969482422,89.13999938964844,80.11257934570312,3914300.0
2020-01-30,ABT,88.29000091552734,89.20999908447266,87.97000122070312,89.16000366210938,80.13056945800781,5248100.0
2020-01-31,ABT,89.12999725341797,89.2300033569336,86.9000015258789,87.13999938964844,78.31511688232422,5914100.0
2020-02-03,ABT,87.77999877929688,88.4000015258789,86.75,87.05999755859375,78.24322509765625,4675900.0
2020-02-04,ABT,88.1500015258789,89.25,88.1500015258789,88.2300033569336,79.29474639892578,3904600.0
2020-02-05,ABT,88.87000274658203,89.61000061035156,88.55000305175781,89.55999755859375,80.49003601074219,3565700.0
2020-02-06,ABT,90.0,90.08000183105469,89.25,89.47000122070312,80.40916442871094,4270700.0
2020-02-07,ABT,89.2300033569336,89.51000213623047,87.68000030517578,87.87000274658203,78.97117614746094,4472300.0
2020-02-10,ABT,87.20999908447266,88.30000305175781,87.20999908447266,88.30000305175781,79.357666015625,4219400.0
2020-02-11,ABT,88.63999938964844,89.41000366210938,88.52999877929688,89.16999816894531,80.13955688476562,2661900.0
2020-02-12,ABT,89.55999755859375,89.58999633789062,88.58000183105469,88.79000091552734,79.79802703857422,3389400.0
2020-02-13,ABT,88.5,89.04000091552734,87.69999694824219,88.68000030517578,79.69916534423828,4448800.0
2020-02-14,ABT,88.87000274658203,89.70999908447266,88.30999755859375,89.66000366210938,80.57991790771484,3919800.0
2020-02-18,ABT,89.41999816894531,89.48999786376953,88.30999755859375,88.87999725341797,79.8789291381836,4492300.0
2020-02-19,ABT,88.83000183105469,89.93000030517578,88.69000244140625,89.36000061035156,80.31028747558594,3464900.0
2020-02-20,ABT,89.0999984741211,89.55999755859375,88.04000091552734,88.45999908447266,79.50145721435547,3657500.0
2020-02-21,ABT,88.04000091552734,88.25,87.16000366210938,87.44999694824219,78.59373474121094,5570900.0
2020-02-24,ABT,85.44999694824219,85.66999816894531,84.06999969482422,84.62999725341797,76.05931854248047,5667200.0
2020-02-25,ABT,84.93000030517578,85.37000274658203,80.77999877929688,81.12999725341797,72.91378784179688,7021800.0
2020-02-26,ABT,82.12999725341797,82.87999725341797,81.11000061035156,81.36000061035156,73.1204833984375,7380100.0
2020-02-27,ABT,80.4000015258789,82.02999877929688,79.16000366210938,79.19000244140625,71.17027282714844,8657200.0
2020-02-28,ABT,77.12000274658203,78.16000366210938,74.0199966430664,77.02999877929688,69.2289810180664,16671900.0
2020-03-02,ABT,77.87999725341797,81.68000030517578,77.25,81.61000061035156,73.34516906738281,11483600.0
2020-03-03,ABT,81.58000183105469,83.5,77.26000213623047,77.98999786376953,70.0917739868164,9510600.0
2020-03-04,ABT,80.66000366210938,82.33000183105469,79.45999908447266,82.08999633789062,73.77655029296875,8660000.0
2020-03-05,ABT,80.29000091552734,81.47000122070312,79.12999725341797,80.5199966430664,72.36554718017578,9288700.0
2020-03-06,ABT,78.5999984741211,82.30000305175781,78.08999633789062,81.73999786376953,73.46199035644531,10647600.0
2020-03-09,ABT,76.61000061035156,79.33999633789062,75.0999984741211,77.0199966430664,69.2199935913086,10285000.0
2020-03-10,ABT,79.2300033569336,81.0,75.93000030517578,80.87999725341797,72.68907928466797,9417400.0
2020-03-11,ABT,78.52999877929688,79.06999969482422,76.3499984741211,78.08999633789062,70.18164825439453,11534200.0
2020-03-12,ABT,73.27999877929688,78.1500015258789,72.01000213623047,74.73999786376953,67.17090606689453,13876300.0
2020-03-13,ABT,77.91000366210938,82.66999816894531,74.83000183105469,81.6500015258789,73.38111114501953,18316900.0
2020-03-16,ABT,70.6500015258789,79.25,70.0,73.66000366210938,66.2002944946289,14358900.0
2020-03-17,ABT,75.5199966430664,79.79000091552734,73.33999633789062,79.48999786376953,71.43986511230469,13315300.0
2020-03-18,ABT,74.9800033569336,81.98999786376953,74.38999938964844,79.26000213623047,71.23316192626953,17541100.0
2020-03-19,ABT,81.36000061035156,81.80999755859375,73.55000305175781,74.5,66.95519256591797,14476000.0
2020-03-20,ABT,74.05000305175781,74.86000061035156,67.94999694824219,68.0,61.11348342895508,15131400.0
2020-03-23,ABT,67.06999969482422,67.48999786376953,61.61000061035156,62.81999969482422,56.45806121826172,13037100.0
2020-03-24,ABT,64.91000366210938,69.97000122070312,64.5,69.69000244140625,62.63231658935547,10903700.0
2020-03-25,ABT,68.94999694824219,72.62999725341797,68.1500015258789,70.75,63.584983825683594,9351000.0
2020-03-26,ABT,71.08000183105469,75.97000122070312,71.0,75.80999755859375,68.13253021240234,10530500.0
2020-03-27,ABT,77.5,77.5,73.61000061035156,74.55999755859375,67.0091323852539,8360600.0
2020-03-30,ABT,82.83000183105469,84.4000015258789,78.47000122070312,79.33999633789062,71.3050537109375,47540200.0
2020-03-31,ABT,81.43000030517578,81.48999786376953,78.55999755859375,78.91000366210938,70.9186019897461,23792300.0
2020-04-01,ABT,77.0,77.37999725341797,75.3499984741211,76.56999969482422,68.81555938720703,12208300.0
2020-04-02,ABT,76.12000274658203,79.66000366210938,76.0,79.44000244140625,71.39490509033203,10167900.0
2020-04-03,ABT,78.79000091552734,79.98999786376953,78.18000030517578,79.44999694824219,71.40392303466797,9139400.0
2020-04-06,ABT,81.08000183105469,83.12000274658203,79.61000061035156,82.7300033569336,74.35175323486328,12373800.0
2020-04-07,ABT,83.44999694824219,84.4800033569336,81.7699966430664,81.93000030517578,73.63275909423828,10872100.0
2020-04-08,ABT,82.5,85.38999938964844,81.05000305175781,84.94999694824219,76.34691619873047,9266400.0
2020-04-09,ABT,85.0,86.5,82.94999694824219,86.04000091552734,77.32653045654297,10466800.0
2020-04-13,ABT,86.31999969482422,86.4800033569336,83.5199966430664,85.8499984741211,77.15576934814453,6665800.0
2020-04-14,ABT,87.0,89.54000091552734,86.5,89.13999938964844,80.4499282836914,9861300.0
2020-04-15,ABT,90.01000213623047,91.9000015258789,88.51000213623047,90.94000244140625,82.074462890625,14128000.0
2020-04-16,ABT,92.5999984741211,96.98999786376953,91.13999938964844,96.0,86.64118957519531,27036500.0
2020-04-17,ABT,97.44999694824219,97.75,94.23999786376953,96.01000213623047,86.65019226074219,16074800.0
2020-04-20,ABT,94.81999969482422,100.0,94.6500015258789,98.0,88.44619750976562,17251400.0
2020-04-21,ABT,96.0999984741211,96.97000122070312,93.62000274658203,94.05000305175781,84.88127899169922,12030300.0
2020-04-22,ABT,94.27999877929688,95.9800033569336,92.79000091552734,95.4800033569336,86.171875,8369000.0
2020-04-23,ABT,95.87000274658203,97.44999694824219,93.3499984741211,93.94000244140625,84.78199768066406,10567500.0
2020-04-24,ABT,94.5,94.58000183105469,92.77999877929688,94.05999755859375,84.8902816772461,9016100.0
2020-04-27,ABT,95.4800033569336,95.9000015258789,94.0199966430664,94.94999694824219,85.69351196289062,6838200.0
2020-04-28,ABT,94.87999725341797,95.1500015258789,91.33999633789062,91.45999908447266,82.54373931884766,7805500.0
2020-04-29,ABT,92.08999633789062,93.05000305175781,91.06999969482422,92.27999877929688,83.2838363647461,7068300.0
2020-04-30,ABT,91.8499984741211,93.7699966430664,91.8499984741211,92.08999633789062,83.11236572265625,7978300.0
2020-05-01,ABT,91.0,91.36000061035156,88.75,89.8499984741211,81.0907211303711,6839800.0
2020-05-04,ABT,89.79000091552734,90.16000366210938,88.70999908447266,89.83000183105469,81.07266998291016,5036800.0
2020-05-05,ABT,90.94999694824219,93.66000366210938,90.38999938964844,93.02999877929688,83.960693359375,6747900.0
2020-05-06,ABT,93.1500015258789,93.43000030517578,91.02999877929688,91.08000183105469,82.20081329345703,4248400.0
2020-05-07,ABT,92.13999938964844,94.54000091552734,91.80999755859375,93.98999786376953,84.8271255493164,7255000.0
2020-05-08,ABT,94.83999633789062,94.94000244140625,92.9000015258789,93.69999694824219,84.56538391113281,6167600.0
2020-05-11,ABT,93.22000122070312,96.48999786376953,93.13999938964844,96.06999969482422,86.704345703125,7239100.0
2020-05-12,ABT,96.45999908447266,96.68000030517578,93.7300033569336,93.80000305175781,84.6556396484375,5384200.0
2020-05-13,ABT,93.2699966430664,94.66999816894531,90.83999633789062,92.16000366210938,83.17552947998047,11622500.0
2020-05-14,ABT,90.5,91.77999877929688,89.33999633789062,91.77999877929688,82.83255767822266,8189200.0
2020-05-15,ABT,89.95999908447266,91.16000366210938,88.79000091552734,89.88999938964844,81.12680053710938,13609400.0
2020-05-18,ABT,91.9000015258789,93.0,90.0199966430664,90.2699966430664,81.46977233886719,7646500.0
2020-05-19,ABT,90.33000183105469,90.5,88.11000061035156,88.22000122070312,79.61962127685547,7693100.0
2020-05-20,ABT,89.58000183105469,90.41999816894531,88.02999877929688,90.08999633789062,81.30733489990234,7488800.0
2020-05-21,ABT,89.63999938964844,90.61000061035156,88.37999725341797,90.38999938964844,81.5781021118164,6148300.0
2020-05-22,ABT,90.41999816894531,91.54000091552734,89.70999908447266,91.47000122070312,82.55278778076172,5184500.0
2020-05-26,ABT,92.94999694824219,93.29000091552734,89.16999816894531,89.4800033569336,80.75678253173828,6243800.0
2020-05-27,ABT,89.27999877929688,90.77999877929688,88.16999816894531,90.76000213623047,81.91199493408203,5420600.0
2020-05-28,ABT,91.94999694824219,93.33000183105469,91.20999908447266,92.0999984741211,83.12135314941406,5316300.0
2020-05-29,ABT,92.9000015258789,95.58999633789062,90.75,94.91999816894531,85.66644287109375,10138500.0
2020-06-01,ABT,92.94999694824219,93.95999908447266,92.04000091552734,93.01000213623047,83.94265747070312,5451600.0
2020-06-02,ABT,92.91999816894531,93.1500015258789,91.76000213623047,92.62000274658203,83.5906753540039,6394100.0
2020-06-03,ABT,92.55999755859375,92.69999694824219,90.55999755859375,91.4000015258789,82.48961639404297,8056300.0
2020-06-04,ABT,91.05000305175781,91.33999633789062,88.23999786376953,88.25,79.64669036865234,9113600.0
2020-06-05,ABT,88.47000122070312,89.95999908447266,87.31999969482422,89.86000061035156,81.0997543334961,11874500.0
2020-06-08,ABT,88.9800033569336,92.61000061035156,88.91000366210938,92.55999755859375,83.53652954101562,5426800.0
2020-06-09,ABT,92.31999969482422,92.81999969482422,90.23999786376953,90.2699966430664,81.46977233886719,4857400.0
2020-06-10,ABT,90.8499984741211,92.75,90.63999938964844,92.16000366210938,83.17552947998047,5829100.0
2020-06-11,ABT,92.16999816894531,92.5,86.94000244140625,87.77999877929688,79.22251892089844,8168300.0
2020-06-12,ABT,89.25,90.19000244140625,87.58999633789062,89.0199966430664,80.34163665771484,5590400.0
2020-06-15,ABT,87.5199966430664,90.3499984741211,87.05000305175781,89.55000305175781,80.81997680664062,5666000.0
2020-06-16,ABT,90.62000274658203,91.76000213623047,89.13999938964844,89.73999786376953,80.9914321899414,6143400.0
2020-06-17,ABT,90.41999816894531,91.66999816894531,90.0999984741211,90.9000015258789,82.0383529663086,4359100.0
2020-06-18,ABT,90.5,91.33999633789062,89.56999969482422,90.27999877929688,81.47879791259766,6022900.0
2020-06-19,ABT,91.66999816894531,92.4000015258789,90.61000061035156,90.68000030517578,81.83980560302734,9473300.0
2020-06-22,ABT,90.33000183105469,90.6500015258789,89.16000366210938,90.33999633789062,81.5329360961914,5072800.0
2020-06-23,ABT,91.11000061035156,92.30000305175781,90.79000091552734,91.30000305175781,82.39936065673828,4156900.0
2020-06-24,ABT,90.62999725341797,90.7300033569336,86.81999969482422,87.30000305175781,78.789306640625,6141900.0
2020-06-25,ABT,87.23999786376953,89.80999755859375,86.16000366210938,89.62000274658203,80.88312530517578,5781100.0
2020-06-26,ABT,89.81999969482422,89.94999694824219,87.94000244140625,88.70999908447266,80.06185150146484,8522500.0
2020-06-29,ABT,89.58000183105469,89.69999694824219,88.08999633789062,89.01000213623047,80.33261108398438,4669300.0
2020-06-30,ABT,88.75,91.9000015258789,88.44000244140625,91.43000030517578,82.51668548583984,5220900.0
2020-07-01,ABT,91.9800033569336,91.9800033569336,90.43000030517578,91.63999938964844,82.70621490478516,3389600.0
2020-07-02,ABT,92.5,93.05999755859375,91.93000030517578,92.2300033569336,83.23869323730469,3845300.0
2020-07-06,ABT,92.76000213623047,93.97000122070312,92.44999694824219,92.97000122070312,83.90657043457031,5919100.0
2020-07-07,ABT,92.45999908447266,93.4000015258789,92.08999633789062,92.45999908447266,83.44625854492188,3389200.0
2020-07-08,ABT,92.83999633789062,93.66999816894531,91.5,92.58000183105469,83.5545883178711,3815300.0
2020-07-09,ABT,92.73999786376953,94.87999725341797,91.8499984741211,93.66999816894531,84.538330078125,4576800.0
2020-07-10,ABT,93.47000122070312,93.80000305175781,92.31999969482422,93.04000091552734,83.96974182128906,2923200.0
2020-07-13,ABT,93.13999938964844,95.62000274658203,92.79000091552734,93.08999633789062,84.01485443115234,4297300.0
2020-07-14,ABT,92.63999938964844,94.9800033569336,91.70999908447266,94.81999969482422,85.90841674804688,4122800.0
2020-07-15,ABT,95.9000015258789,97.12999725341797,95.7699966430664,96.7300033569336,87.638916015625,6205000.0
2020-07-16,ABT,97.8499984741211,97.98999786376953,94.29000091552734,96.4000015258789,87.3399429321289,7582200.0
2020-07-17,ABT,97.87000274658203,100.0,97.68000030517578,99.25,89.92208099365234,8315500.0
2020-07-20,ABT,100.0,100.70999908447266,98.72000122070312,99.08000183105469,89.76806640625,5677900.0
2020-07-21,ABT,98.87999725341797,99.4800033569336,97.76000213623047,98.19000244140625,88.96170043945312,5063500.0
2020-07-22,ABT,98.11000061035156,100.56999969482422,98.0,100.19000244140625,90.77375030517578,4662000.0
2020-07-23,ABT,100.27999877929688,101.9800033569336,100.06999969482422,100.81999969482422,91.34454345703125,5905800.0
2020-07-24,ABT,100.20999908447266,100.20999908447266,98.36000061035156,98.94999694824219,89.6502685546875,4534400.0
2020-07-27,ABT,98.55000305175781,100.27999877929688,98.41000366210938,99.98999786376953,90.59253692626953,3717900.0
2020-07-28,ABT,100.13999938964844,100.79000091552734,99.2699966430664,99.86000061035156,90.4747543334961,4114200.0
2020-07-29,ABT,100.18000030517578,102.88999938964844,100.08999633789062,102.5199966430664,92.88473510742188,4744200.0
2020-07-30,ABT,100.9800033569336,101.58000183105469,100.23999786376953,101.52999877929688,91.98779296875,3176900.0
2020-07-31,ABT,101.20999908447266,101.37000274658203,99.12000274658203,100.63999938964844,91.18143463134766,4604000.0
2020-08-03,ABT,101.08000183105469,101.55000305175781,100.20999908447266,100.68000030517578,91.21769714355469,3670900.0
2020-08-04,ABT,100.16000366210938,100.68000030517578,99.27999877929688,99.93000030517578,90.53816986083984,2730600.0
2020-08-05,ABT,99.97000122070312,102.36000061035156,99.87999725341797,102.13999938964844,92.54047393798828,4415300.0
2020-08-06,ABT,101.5199966430664,101.80000305175781,99.91999816894531,101.75,92.18712615966797,3943000.0
2020-08-07,ABT,101.69999694824219,102.30000305175781,100.55999755859375,101.2300033569336,91.71598815917969,3141900.0
2020-08-10,ABT,100.94000244140625,101.26000213623047,100.02999877929688,100.04000091552734,90.63783264160156,2776300.0
2020-08-11,ABT,100.43000030517578,100.43000030517578,98.66999816894531,99.05999755859375,89.74993896484375,4823000.0
2020-08-12,ABT,99.55000305175781,101.0999984741211,99.31999969482422,100.6500015258789,91.19052124023438,2668900.0
2020-08-13,ABT,100.33999633789062,101.2699966430664,100.0,101.0999984741211,91.59820556640625,2951700.0
2020-08-14,ABT,100.93000030517578,101.22000122070312,99.58000183105469,99.98999786376953,90.59253692626953,2739900.0
2020-08-17,ABT,100.30000305175781,101.41999816894531,100.20999908447266,100.70999908447266,91.244873046875,4657400.0
2020-08-18,ABT,101.08999633789062,101.72000122070312,100.43000030517578,100.95999908447266,91.47138214111328,3777600.0
2020-08-19,ABT,101.08000183105469,101.62000274658203,100.33000183105469,100.4800033569336,91.03648376464844,2716800.0
2020-08-20,ABT,99.98999786376953,102.0199966430664,99.75,101.62999725341797,92.07839965820312,3548600.0
2020-08-21,ABT,101.62999725341797,102.54000091552734,100.83999633789062,102.4000015258789,92.77603149414062,3585000.0
2020-08-24,ABT,102.69999694824219,103.2300033569336,100.69999694824219,101.38999938964844,91.86094665527344,3212700.0
2020-08-25,ABT,101.9800033569336,102.9000015258789,101.5199966430664,102.47000122070312,92.83944702148438,2626400.0
2020-08-26,ABT,101.98999786376953,103.29000091552734,101.26000213623047,103.19000244140625,93.49178314208984,2968800.0
2020-08-27,ABT,111.01000213623047,114.0,109.5199966430664,111.29000091552734,100.83052062988281,36319000.0
2020-08-28,ABT,113.54000091552734,114.19999694824219,109.41000366210938,110.79000091552734,100.37752532958984,17204000.0
2020-08-31,ABT,110.69999694824219,111.73999786376953,109.26000213623047,109.47000122070312,99.18157196044922,6943200.0
2020-09-01,ABT,108.93000030517578,109.06999969482422,105.58000183105469,106.55000305175781,96.5360107421875,7963100.0
2020-09-02,ABT,106.44999694824219,109.91000366210938,105.87999725341797,109.44000244140625,99.15438079833984,5843700.0
2020-09-03,ABT,108.69999694824219,108.94000244140625,104.30000305175781,105.52999877929688,95.61186218261719,6096900.0
2020-09-04,ABT,105.44999694824219,106.04000091552734,102.41999816894531,104.16000366210938,94.37063598632812,5027700.0
2020-09-08,ABT,103.16999816894531,103.81999969482422,102.43000030517578,102.83999633789062,93.17467498779297,5217700.0
2020-09-09,ABT,104.26000213623047,106.93000030517578,104.12999725341797,105.80999755859375,95.86553955078125,4365100.0
2020-09-10,ABT,105.5999984741211,105.5999984741211,103.7300033569336,104.0,94.22564697265625,4271200.0
2020-09-11,ABT,105.27999877929688,105.69999694824219,104.31999969482422,104.69999694824219,94.85987091064453,4111000.0
2020-09-14,ABT,105.58999633789062,106.66000366210938,105.12000274658203,105.69000244140625,95.75682067871094,3824100.0
2020-09-15,ABT,107.0,107.52999877929688,106.16999816894531,106.58000183105469,96.56317901611328,3654900.0
2020-09-16,ABT,106.94999694824219,107.37000274658203,105.66000366210938,105.69999694824219,95.76588439941406,4242500.0
2020-09-17,ABT,104.95999908447266,106.75,104.38999938964844,106.66000366210938,96.63567352294922,4283500.0
2020-09-18,ABT,106.55999755859375,107.98999786376953,106.13999938964844,106.86000061035156,96.81686401367188,7622400.0
2020-09-21,ABT,105.80000305175781,106.45999908447266,104.45999908447266,105.94999694824219,95.99236297607422,4559800.0
2020-09-22,ABT,105.45999908447266,105.5199966430664,103.56999969482422,104.80000305175781,94.95046997070312,4180300.0
2020-09-23,ABT,104.98999786376953,104.98999786376953,102.2300033569336,102.7300033569336,93.07501983642578,4040100.0
2020-09-24,ABT,102.75,103.52999877929688,100.47000122070312,100.91999816894531,91.43512725830078,7604000.0
2020-09-25,ABT,100.55999755859375,103.61000061035156,100.33999633789062,103.44999694824219,93.72733306884766,5060300.0
2020-09-28,ABT,104.23999786376953,105.25,103.81999969482422,104.44000244140625,94.62430572509766,5515500.0
2020-09-29,ABT,106.01000213623047,106.41000366210938,104.91999816894531,105.19000244140625,95.3038330078125,4464300.0
2020-09-30,ABT,105.98999786376953,109.4800033569336,105.73999786376953,108.83000183105469,98.60169982910156,9487000.0
2020-10-01,ABT,109.18000030517578,110.33000183105469,108.37999725341797,108.63999938964844,98.42955780029297,7242100.0
2020-10-02,ABT,107.68000030517578,108.66000366210938,106.33000183105469,106.5,96.49069213867188,5590500.0
2020-10-05,ABT,107.18000030517578,108.6500015258789,107.18000030517578,108.55999755859375,98.35710144042969,3603400.0
2020-10-06,ABT,108.55999755859375,108.7699966430664,106.05000305175781,106.25,96.26419067382812,3992600.0
2020-10-07,ABT,107.37000274658203,108.18000030517578,106.93000030517578,107.73999786376953,97.61416625976562,4162400.0
2020-10-08,ABT,108.13999938964844,109.12999725341797,107.41999816894531,108.54000091552734,98.33897399902344,4168400.0
2020-10-09,ABT,109.33999633789062,109.97000122070312,108.80000305175781,109.6500015258789,99.34465789794922,3060700.0
2020-10-12,ABT,110.25,111.56999969482422,109.76000213623047,111.05000305175781,100.61307525634766,4201800.0
2020-10-13,ABT,110.5,110.98999786376953,108.25,108.37000274658203,98.1849594116211,4773600.0
2020-10-14,ABT,108.61000061035156,109.83000183105469,107.33999633789062,107.75,97.9485855102539,4191600.0
2020-10-15,ABT,106.8499984741211,107.73999786376953,106.30999755859375,107.31999969482422,97.5577163696289,3518500.0
2020-10-16,ABT,107.69999694824219,110.37999725341797,107.69999694824219,109.66999816894531,99.69393920898438,4363500.0
2020-10-19,ABT,109.9000015258789,111.04000091552734,107.81999969482422,108.04000091552734,98.21221923828125,4228500.0
2020-10-20,ABT,108.3499984741211,109.88999938964844,108.11000061035156,108.36000061035156,98.50310516357422,3873500.0
2020-10-21,ABT,108.01000213623047,109.0,104.75,105.93000030517578,96.29415130615234,5716000.0
2020-10-22,ABT,106.41999816894531,110.05000305175781,106.23999786376953,109.4800033569336,99.521240234375,4953800.0
2020-10-23,ABT,109.63999938964844,110.0,107.56999969482422,107.79000091552734,97.98497772216797,3573000.0
2020-10-26,ABT,107.56999969482422,109.16000366210938,107.05000305175781,109.0,99.08489990234375,7298000.0
2020-10-27,ABT,108.88999938964844,109.75,108.33000183105469,108.58000183105469,98.70309448242188,4518000.0
2020-10-28,ABT,106.80999755859375,107.41000366210938,105.37999725341797,106.41999816894531,96.73957824707031,7104700.0
2020-10-29,ABT,106.37999725341797,106.58000183105469,104.56999969482422,105.0,95.44874572753906,4237600.0
2020-10-30,ABT,104.76000213623047,105.55000305175781,103.12999725341797,105.11000061035156,95.54874420166016,4433200.0
2020-11-02,ABT,107.08999633789062,108.69999694824219,106.11000061035156,107.4800033569336,97.70315551757812,5907100.0
2020-11-03,ABT,108.73999786376953,110.80000305175781,108.36000061035156,109.55999755859375,99.59396362304688,3870100.0
2020-11-04,ABT,110.16999816894531,114.2300033569336,110.11000061035156,111.52999877929688,101.3847427368164,7421200.0
2020-11-05,ABT,113.51000213623047,114.83999633789062,112.72000122070312,113.52999877929688,103.20281219482422,5139900.0
2020-11-06,ABT,113.87999725341797,115.13999938964844,112.83999633789062,114.41999816894531,104.01185607910156,5644100.0
2020-11-09,ABT,111.80000305175781,113.20999908447266,106.19000244140625,109.38999938964844,99.43939971923828,13990700.0
2020-11-10,ABT,109.25,111.58999633789062,108.4000015258789,110.80999755859375,100.73023986816406,5243500.0
2020-11-11,ABT,111.94000244140625,112.94999694824219,111.47000122070312,112.6500015258789,102.40288543701172,3994000.0
2020-11-12,ABT,112.41000366210938,112.86000061035156,111.30000305175781,111.94999694824219,101.76655578613281,2816800.0
2020-11-13,ABT,113.0,113.08999633789062,111.41999816894531,112.5999984741211,102.357421875,3918900.0
2020-11-16,ABT,112.05000305175781,113.75,111.58999633789062,113.66999816894531,103.33008575439453,4144900.0
2020-11-17,ABT,113.22000122070312,114.62000274658203,112.33999633789062,113.05999755859375,102.77555847167969,3793000.0
2020-11-18,ABT,113.66999816894531,113.70999908447266,109.75,109.7699966430664,99.78483581542969,4545700.0
2020-11-19,ABT,110.0,111.19999694824219,109.26000213623047,111.0,100.90296173095703,3548100.0
2020-11-20,ABT,110.73999786376953,111.76000213623047,110.06999969482422,110.88999938964844,100.80298614501953,4075300.0
2020-11-23,ABT,111.43000030517578,111.5199966430664,108.86000061035156,109.2699966430664,99.330322265625,4105500.0
2020-11-24,ABT,109.30999755859375,109.58999633789062,107.25,107.61000061035156,97.82133483886719,7316300.0
2020-11-25,ABT,107.05000305175781,108.4000015258789,105.62999725341797,106.41000366210938,96.73048400878906,6224100.0
2020-11-27,ABT,106.66999816894531,107.75,105.87000274658203,107.62000274658203,97.83042907714844,1979000.0
2020-11-30,ABT,107.7699966430664,108.55000305175781,107.08999633789062,108.22000122070312,98.37584686279297,5702300.0
2020-12-01,ABT,109.23999786376953,109.5999984741211,108.06999969482422,108.48999786376953,98.62128448486328,4265200.0
2020-12-02,ABT,108.30999755859375,108.62999725341797,107.36000061035156,108.1500015258789,98.31221771240234,3444700.0
2020-12-03,ABT,108.1500015258789,108.63999938964844,107.08000183105469,107.52999877929688,97.74858856201172,3846300.0
2020-12-04,ABT,107.08000183105469,108.2699966430664,106.93000030517578,107.9000015258789,98.08494567871094,4686800.0
2020-12-07,ABT,107.72000122070312,108.30000305175781,106.63999938964844,107.18000030517578,97.43046569824219,6928000.0
2020-12-08,ABT,106.80000305175781,107.23999786376953,106.20999908447266,106.80000305175781,97.08501434326172,6643500.0
2020-12-09,ABT,107.0999984741211,107.69000244140625,105.5199966430664,106.31999969482422,96.64869689941406,5742400.0
2020-12-10,ABT,106.76000213623047,107.08999633789062,106.04000091552734,106.5199966430664,96.83048248291016,4828500.0
2020-12-11,ABT,106.0999984741211,107.3499984741211,105.31999969482422,107.0199966430664,97.28499603271484,4719000.0
2020-12-14,ABT,107.5,109.16999816894531,106.7699966430664,106.79000091552734,97.07593536376953,6250000.0
2020-12-15,ABT,106.94000244140625,108.41000366210938,106.4000015258789,107.44999694824219,97.67587280273438,5256600.0
2020-12-16,ABT,107.44999694824219,108.20999908447266,106.61000061035156,107.33999633789062,97.57588958740234,4458700.0
2020-12-17,ABT,107.83000183105469,108.94000244140625,107.61000061035156,108.77999877929688,98.88489532470703,3924300.0
2020-12-18,ABT,108.8499984741211,109.61000061035156,107.48999786376953,108.97000122070312,99.05760955810547,10669800.0
2020-12-21,ABT,107.55999755859375,108.18000030517578,105.37000274658203,108.08999633789062,98.25764465332031,4544000.0
2020-12-22,ABT,107.83000183105469,109.04000091552734,106.95999908447266,108.27999877929688,98.43037414550781,3426400.0
2020-12-23,ABT,108.87000274658203,109.68000030517578,107.43000030517578,107.44999694824219,97.67587280273438,3149500.0
2020-12-24,ABT,107.44000244140625,108.94999694824219,107.37999725341797,108.3499984741211,98.49402618408203,1451500.0
2020-12-28,ABT,108.95999908447266,109.0999984741211,107.26000213623047,107.79000091552734,97.98497772216797,2034200.0
2020-12-29,ABT,108.5,108.94000244140625,108.13999938964844,108.33000183105469,98.475830078125,2834400.0
2020-12-30,ABT,108.69000244140625,109.12000274658203,107.83999633789062,108.44000244140625,98.57583618164062,2415800.0
2020-12-31,ABT,108.16999816894531,109.63999938964844,107.8499984741211,109.48999786376953,99.53031921386719,2982200.0
2021-01-04,ABT,109.52999877929688,110.25,107.26000213623047,109.11000061035156,99.18486785888672,6192000.0
2021-01-05,ABT,108.8499984741211,110.91000366210938,108.30000305175781,110.45999908447266,100.41207885742188,4322800.0
2021-01-06,ABT,108.94999694824219,111.02999877929688,108.58999633789062,110.2300033569336,100.20301818847656,5539600.0
2021-01-07,ABT,110.27999877929688,111.62000274658203,109.25,111.30000305175781,101.1756820678711,5568800.0
2021-01-08,ABT,111.66999816894531,112.55000305175781,110.33999633789062,111.61000061035156,101.45748138427734,4242200.0
2021-01-11,ABT,111.20999908447266,111.9800033569336,110.2300033569336,110.83999633789062,100.75751495361328,3177400.0
2021-01-12,ABT,110.5199966430664,110.72000122070312,108.33999633789062,108.83999633789062,98.93944549560547,5777100.0
2021-01-13,ABT,109.08999633789062,112.9000015258789,108.25,112.1500015258789,101.94834899902344,6047100.0
2021-01-14,ABT,111.20999908447266,111.66000366210938,109.75,110.04000091552734,100.43327331542969,4391000.0
2021-01-15,ABT,110.0,111.62000274658203,109.38999938964844,111.30000305175781,101.58328247070312,4480100.0
2021-01-19,ABT,111.73999786376953,113.12999725341797,110.5199966430664,112.56999969482422,102.74239349365234,6820300.0
2021-01-20,ABT,112.6500015258789,113.52999877929688,112.0,112.88999938964844,103.03446960449219,2952100.0
2021-01-21,ABT,112.25,113.54000091552734,110.26000213623047,112.94999694824219,103.08921813964844,5028100.0
2021-01-22,ABT,113.0,113.51000213623047,111.73999786376953,112.83999633789062,102.98881530761719,4163900.0
2021-01-25,ABT,113.05999755859375,115.4000015258789,113.01000213623047,114.72000122070312,104.70471954345703,4689300.0
2021-01-26,ABT,114.25,115.12000274658203,113.79000091552734,114.7300033569336,104.71381378173828,4142400.0
2021-01-27,ABT,115.19999694824219,117.77999877929688,113.5,114.29000091552734,104.31224060058594,9104900.0
2021-01-28,ABT,117.91000366210938,124.06999969482422,117.1500015258789,120.38999938964844,109.87971496582031,11296300.0
2021-01-29,ABT,120.25,124.72000122070312,119.70999908447266,123.58999633789062,112.80034637451172,10995100.0
2021-02-01,ABT,123.23999786376953,124.81999969482422,122.5,122.54000091552734,111.84200286865234,8337100.0
2021-02-02,ABT,123.4000015258789,123.72000122070312,120.2300033569336,120.23999786376953,109.74279022216797,7277000.0
2021-02-03,ABT,119.73999786376953,120.88999938964844,118.9000015258789,120.22000122070312,109.72454071044922,4991900.0
2021-02-04,ABT,119.83000183105469,120.87000274658203,118.79000091552734,119.73999786376953,109.28644561767578,4377900.0
2021-02-05,ABT,120.43000030517578,124.31999969482422,120.04000091552734,124.02999877929688,113.20193481445312,5803400.0
2021-02-08,ABT,125.0,125.80000305175781,123.7699966430664,124.5,113.63088989257812,3456000.0
2021-02-09,ABT,124.83000183105469,125.27999877929688,123.61000061035156,125.1500015258789,114.2241439819336,3424500.0
2021-02-10,ABT,125.79000091552734,126.19999694824219,124.76000213623047,125.29000091552734,114.3519058227539,4195400.0
2021-02-11,ABT,125.69000244140625,126.87000274658203,125.19999694824219,126.83999633789062,115.7666015625,3697400.0
2021-02-12,ABT,126.41000366210938,128.5399932861328,126.25,128.22999572753906,117.0352554321289,3658700.0
2021-02-16,ABT,128.49000549316406,128.5,126.8499984741211,128.02000427246094,116.84359741210938,5174000.0
2021-02-17,ABT,127.37000274658203,128.0,126.38999938964844,127.23999786376953,116.13168334960938,3161800.0
2021-02-18,ABT,125.47000122070312,126.66000366210938,124.06999969482422,125.41000366210938,114.46146392822266,5427900.0
2021-02-19,ABT,125.25,125.38999938964844,122.66999816894531,123.04000091552734,112.29834747314453,6204200.0
2021-02-22,ABT,122.94999694824219,122.94999694824219,120.52999877929688,122.55000305175781,111.85113525390625,4842000.0
2021-02-23,ABT,122.25,123.18000030517578,120.20999908447266,120.80000305175781,110.25391387939453,5565900.0
2021-02-24,ABT,120.80000305175781,122.91000366210938,120.66000366210938,122.37999725341797,111.69596099853516,4127400.0
2021-02-25,ABT,121.66000366210938,122.76000213623047,120.7699966430664,121.58000183105469,110.96580505371094,3468900.0
2021-02-26,ABT,122.19000244140625,122.36000061035156,119.66000366210938,119.77999877929688,109.32293701171875,5197500.0
2021-03-01,ABT,120.98999786376953,122.94999694824219,120.61000061035156,122.20999908447266,111.54080200195312,3858600.0
2021-03-02,ABT,122.20999908447266,123.0999984741211,121.19000244140625,122.52999877929688,111.8328628540039,4908100.0
2021-03-03,ABT,121.69000244140625,121.88999938964844,119.05999755859375,119.18000030517578,108.77532958984375,5239500.0
2021-03-04,ABT,119.0,119.80999755859375,114.73999786376953,116.01000213623047,105.882080078125,6699600.0
2021-03-05,ABT,117.0,117.58000183105469,114.80000305175781,117.25,107.01383209228516,4859500.0
2021-03-08,ABT,117.0,118.27999877929688,115.55999755859375,115.62999725341797,105.5352554321289,3931600.0
2021-03-09,ABT,116.73999786376953,119.33999633789062,116.48999786376953,116.69999694824219,106.51182556152344,5176100.0
2021-03-10,ABT,117.23999786376953,119.19999694824219,115.31999969482422,115.87999725341797,105.763427734375,7640200.0
2021-03-11,ABT,116.69000244140625,117.87000274658203,115.83999633789062,117.5199966430664,107.26026153564453,4915700.0
2021-03-12,ABT,117.08999633789062,117.2699966430664,116.12000274658203,116.70999908447266,106.52098083496094,3714000.0
2021-03-15,ABT,117.19000244140625,118.22000122070312,116.54000091552734,118.0999984741211,107.78961181640625,4651800.0
2021-03-16,ABT,118.44999694824219,119.44000244140625,117.52999877929688,118.22000122070312,107.89915466308594,3870500.0
2021-03-17,ABT,117.66999816894531,118.22000122070312,116.91999816894531,117.62000274658203,107.35151672363281,3797200.0
2021-03-18,ABT,117.5,119.1500015258789,117.30999755859375,118.11000061035156,107.79874420166016,4253000.0
2021-03-19,ABT,118.37999725341797,120.98999786376953,117.56999969482422,120.25,109.75191497802734,11275200.0
2021-03-22,ABT,120.26000213623047,122.22000122070312,120.01000213623047,121.47000122070312,110.86540985107422,5173100.0
2021-03-23,ABT,121.7699966430664,122.1500015258789,119.87000274658203,120.48999786376953,109.97096252441406,3788500.0
2021-03-24,ABT,120.0,120.44999694824219,117.94999694824219,118.0199966430664,107.71659851074219,6521300.0
2021-03-25,ABT,118.7300033569336,119.5,117.23999786376953,119.05000305175781,108.65667724609375,5320100.0
2021-03-26,ABT,119.27999877929688,122.30000305175781,118.94000244140625,122.06999969482422,111.41304016113281,4857000.0
2021-03-29,ABT,121.0,122.73999786376953,120.05000305175781,122.2300033569336,111.55907440185547,4810100.0
2021-03-30,ABT,121.5,122.48999786376953,119.37999725341797,119.75,109.29557037353516,5054400.0
2021-03-31,ABT,120.0,121.44999694824219,119.75,119.83999633789062,109.3777084350586,5792800.0
2021-04-01,ABT,120.27999877929688,120.87000274658203,118.77999877929688,118.94000244140625,108.5562744140625,4015100.0
2021-04-05,ABT,119.6500015258789,120.3499984741211,119.08000183105469,119.86000061035156,109.39595031738281,6314600.0
2021-04-06,ABT,120.01000213623047,122.01000213623047,119.5999984741211,119.97000122070312,109.49636840820312,5146400.0
2021-04-07,ABT,119.81999969482422,120.87999725341797,119.5999984741211,120.11000061035156,109.62413787841797,4313000.0
2021-04-08,ABT,121.01000213623047,121.56999969482422,119.54000091552734,119.77999877929688,109.32293701171875,3768800.0
2021-04-09,ABT,119.6500015258789,120.93000030517578,119.3499984741211,120.9000015258789,110.34517669677734,4102500.0
2021-04-12,ABT,120.55999755859375,121.37000274658203,120.4800033569336,121.04000091552734,110.47295379638672,2915900.0
2021-04-13,ABT,121.05000305175781,123.63999938964844,120.91000366210938,123.01000213623047,112.27096557617188,4944600.0
2021-04-14,ABT,122.55000305175781,122.83000183105469,121.29000091552734,121.5,111.29996490478516,4726500.0
2021-04-15,ABT,122.4000015258789,124.68000030517578,121.9000015258789,123.94000244140625,113.53511047363281,4510900.0
2021-04-16,ABT,124.38999938964844,124.61000061035156,122.94999694824219,124.3499984741211,113.91069793701172,6243100.0
2021-04-19,ABT,123.5999984741211,125.41999816894531,123.58999633789062,124.52999877929688,114.07559204101562,6853100.0
2021-04-20,ABT,120.5,122.0,119.01000213623047,120.0,109.92588806152344,9908200.0
2021-04-21,ABT,120.43000030517578,122.8499984741211,119.86000061035156,122.5999984741211,112.30760192871094,7040300.0
2021-04-22,ABT,122.80999755859375,124.81999969482422,122.51000213623047,123.5,113.13207244873047,6366900.0
2021-04-23,ABT,123.62000274658203,124.11000061035156,122.6500015258789,123.30999755859375,112.9580078125,5227000.0
2021-04-26,ABT,123.38999938964844,123.4000015258789,121.94999694824219,122.58000183105469,112.2892837524414,4377500.0
2021-04-27,ABT,122.0,122.55000305175781,121.0,121.69999694824219,111.48316192626953,3384900.0
2021-04-28,ABT,121.5199966430664,121.91999816894531,120.54000091552734,121.44999694824219,111.25415802001953,3755900.0
2021-04-29,ABT,121.5,121.51000213623047,120.01000213623047,121.01000213623047,110.85110473632812,3889200.0
2021-04-30,ABT,120.5,121.1500015258789,119.3499984741211,120.08000183105469,109.9991683959961,4773500.0
2021-05-03,ABT,120.55000305175781,120.66000366210938,119.18000030517578,119.52999877929688,109.49533081054688,4917600.0
2021-05-04,ABT,119.19999694824219,119.29000091552734,116.43000030517578,117.54000091552734,107.67240905761719,9221800.0
2021-05-05,ABT,117.80000305175781,118.87000274658203,117.18000030517578,118.51000213623047,108.56098175048828,5632400.0
2021-05-06,ABT,118.05000305175781,118.87999725341797,116.69999694824219,118.79000091552734,108.81747436523438,4305300.0
2021-05-07,ABT,119.7699966430664,120.41999816894531,118.76000213623047,118.94999694824219,108.96402740478516,4076600.0
2021-05-10,ABT,119.19999694824219,119.94999694824219,118.75,118.94000244140625,108.95487213134766,3923200.0
2021-05-11,ABT,118.86000061035156,119.26000213623047,117.95999908447266,118.38999938964844,108.4510498046875,5520800.0
2021-05-12,ABT,117.16999816894531,117.5999984741211,116.25,116.3499984741211,106.5822982788086,4745500.0
2021-05-13,ABT,117.0,118.02999877929688,116.66999816894531,117.44999694824219,107.5899658203125,4519500.0
2021-05-14,ABT,117.98999786376953,118.81999969482422,117.33000183105469,118.30999755859375,108.37776184082031,3800500.0
2021-05-17,ABT,118.0,118.3499984741211,116.66999816894531,116.73999786376953,106.93954467773438,3732400.0
2021-05-18,ABT,116.72000122070312,118.0,116.72000122070312,116.9800033569336,107.15940856933594,3398400.0
2021-05-19,ABT,116.16000366210938,116.43000030517578,115.16000366210938,116.37999725341797,106.60978698730469,3430800.0
2021-05-20,ABT,116.55000305175781,117.97000122070312,116.41000366210938,117.80000305175781,107.91059112548828,2858200.0
2021-05-21,ABT,118.2300033569336,118.94999694824219,116.9800033569336,117.12999725341797,107.29682159423828,4629300.0
2021-05-24,ABT,118.04000091552734,118.26000213623047,117.23999786376953,117.29000091552734,107.44338989257812,3096000.0
2021-05-25,ABT,118.0,119.23999786376953,117.55999755859375,118.4000015258789,108.460205078125,4704500.0
2021-05-26,ABT,117.5199966430664,118.27999877929688,116.05000305175781,116.75,106.94872283935547,6692900.0
2021-05-27,ABT,117.0,117.56999969482422,115.61000061035156,115.69000244140625,105.97770690917969,10358900.0
2021-05-28,ABT,116.47000122070312,117.81999969482422,116.29000091552734,116.6500015258789,106.85712432861328,4813000.0
2021-06-01,ABT,110.1500015258789,111.30000305175781,105.69000244140625,105.79000091552734,96.90882873535156,25124100.0
2021-06-02,ABT,105.79000091552734,107.93000030517578,105.36000061035156,106.9000015258789,97.92565155029297,19215100.0
2021-06-03,ABT,107.0,109.66999816894531,106.55000305175781,109.19999694824219,100.03253936767578,12118000.0
2021-06-04,ABT,109.30000305175781,109.91000366210938,108.41000366210938,109.29000091552734,100.11499786376953,7197200.0
2021-06-07,ABT,109.9800033569336,110.87999725341797,109.72000122070312,110.0,100.7654037475586,7933600.0
2021-06-08,ABT,110.5,110.5,107.83000183105469,107.9000015258789,98.84169006347656,8173900.0
2021-06-09,ABT,107.80999755859375,109.52999877929688,107.5999984741211,109.05000305175781,99.89514923095703,13780400.0
2021-06-10,ABT,109.05000305175781,110.25,108.98999786376953,110.1500015258789,100.90280151367188,8012600.0
2021-06-11,ABT,110.33000183105469,110.33000183105469,109.51000213623047,109.91000366210938,100.68295288085938,6517500.0
2021-06-14,ABT,110.08000183105469,110.55999755859375,109.62999725341797,110.4800033569336,101.20509338378906,4888700.0
2021-06-15,ABT,110.94000244140625,111.4000015258789,110.0999984741211,110.41000366210938,101.14097595214844,5398800.0
2021-06-16,ABT,110.19000244140625,111.11000061035156,109.80000305175781,110.05999755859375,100.82036590576172,7051500.0
2021-06-17,ABT,109.75,111.98999786376953,109.7300033569336,111.62999725341797,102.2585678100586,5967400.0
2021-06-18,ABT,110.0,111.3499984741211,110.0,110.33000183105469,101.06768798828125,8831800.0
2021-06-21,ABT,110.25,112.16999816894531,109.7300033569336,111.44000244140625,102.08451843261719,4743300.0
2021-06-22,ABT,111.66000366210938,111.91999816894531,110.5,110.95999908447266,101.64480590820312,6519400.0
2021-06-23,ABT,110.5999984741211,111.26000213623047,110.5999984741211,110.83999633789062,101.53485870361328,4356100.0
2021-06-24,ABT,111.5,113.48999786376953,111.41000366210938,111.69999694824219,102.32267761230469,9718600.0
2021-06-25,ABT,111.87999725341797,113.26000213623047,111.51000213623047,112.72000122070312,103.25703430175781,8750400.0
2021-06-28,ABT,112.98999786376953,116.36000061035156,112.73999786376953,115.69999694824219,105.98685455322266,9567200.0
2021-06-29,ABT,115.73999786376953,118.83999633789062,115.45999908447266,117.20999908447266,107.37010192871094,8150200.0
2021-06-30,ABT,117.0,117.18000030517578,115.25,115.93000030517578,106.19754791259766,5844600.0
2021-07-01,ABT,115.61000061035156,117.29000091552734,115.4800033569336,117.16000366210938,107.32430267333984,4739600.0
2021-07-02,ABT,116.91999816894531,118.25,116.6500015258789,118.04000091552734,108.13040924072266,4787000.0
2021-07-06,ABT,118.0,119.06999969482422,117.76000213623047,118.81999969482422,108.84492492675781,5040400.0
2021-07-07,ABT,119.08000183105469,119.9800033569336,118.75,119.87000274658203,109.80679321289062,4068700.0
2021-07-08,ABT,118.86000061035156,119.43000030517578,117.95999908447266,119.26000213623047,109.24800109863281,3908900.0
2021-07-09,ABT,119.6500015258789,120.23999786376953,119.23999786376953,119.73999786376953,109.68771362304688,4353600.0
2021-07-12,ABT,118.80999755859375,119.69000244140625,118.44000244140625,118.80999755859375,108.83577728271484,3905200.0
2021-07-13,ABT,118.56999969482422,119.26000213623047,118.11000061035156,118.6500015258789,108.689208984375,3877100.0
2021-07-14,ABT,118.12000274658203,118.30000305175781,116.86000061035156,117.16999816894531,107.7420883178711,4660300.0
2021-07-15,ABT,116.69999694824219,117.16000366210938,116.2699966430664,116.66000366210938,107.27310943603516,5761200.0
2021-07-16,ABT,117.04000091552734,117.80999755859375,116.43000030517578,117.51000213623047,108.05474090576172,3977600.0
2021-07-19,ABT,116.9800033569336,119.33000183105469,116.93000030517578,118.79000091552734,109.23173522949219,6739700.0
2021-07-20,ABT,118.54000091552734,120.0,118.0999984741211,118.7300033569336,109.17655944824219,4678400.0
2021-07-21,ABT,119.22000122070312,119.29000091552734,117.2300033569336,118.9800033569336,109.40644073486328,4285300.0
2021-07-22,ABT,118.0,118.75,115.86000061035156,118.25,108.73519134521484,6958000.0
2021-07-23,ABT,119.62999725341797,121.0999984741211,119.2699966430664,120.80000305175781,111.08000183105469,4736100.0
2021-07-26,ABT,120.23999786376953,120.48999786376953,118.37999725341797,119.5199966430664,109.90299987792969,4954800.0
2021-07-27,ABT,119.5999984741211,121.2300033569336,119.5999984741211,119.80999755859375,110.16964721679688,5630800.0
2021-07-28,ABT,119.80999755859375,121.06999969482422,119.27999877929688,120.5199966430664,110.82254028320312,3796100.0
2021-07-29,ABT,121.08000183105469,121.4000015258789,120.41999816894531,121.08999633789062,111.34664916992188,3925500.0
2021-07-30,ABT,121.0,121.41999816894531,120.4000015258789,120.9800033569336,111.24552917480469,4688800.0
2021-08-02,ABT,121.5,121.77999877929688,120.18000030517578,120.91999816894531,111.19034576416016,3646100.0
2021-08-03,ABT,121.37999725341797,122.55000305175781,121.06999969482422,122.12000274658203,112.29380798339844,3696200.0
2021-08-04,ABT,121.37999725341797,122.6500015258789,121.01000213623047,121.56999969482422,111.78804779052734,3513400.0
2021-08-05,ABT,122.36000061035156,122.36000061035156,120.83000183105469,122.20999908447266,112.37654876708984,3258100.0
2021-08-06,ABT,122.0,122.20999908447266,121.22000122070312,122.16999816894531,112.33975982666016,3550300.0
2021-08-09,ABT,122.38999938964844,123.26000213623047,122.02999877929688,123.16000366210938,113.25011444091797,4271200.0
2021-08-10,ABT,123.3499984741211,123.55999755859375,122.0999984741211,122.69999694824219,112.82713317871094,4356900.0
2021-08-11,ABT,122.83999633789062,123.4000015258789,121.3499984741211,121.45999908447266,111.68690490722656,3683100.0
2021-08-12,ABT,121.18000030517578,123.25,121.0,122.80999755859375,112.92826080322266,3023600.0
2021-08-13,ABT,122.72000122070312,123.2300033569336,122.33999633789062,123.05999755859375,113.15816497802734,3476600.0
2021-08-16,ABT,123.69000244140625,124.69999694824219,123.33000183105469,124.66000366210938,114.62943267822266,4601900.0
2021-08-17,ABT,124.63999938964844,126.37999725341797,124.37000274658203,125.69000244140625,115.57654571533203,4609700.0
2021-08-18,ABT,125.80999755859375,126.08000183105469,123.86000061035156,123.93000030517578,113.9581527709961,3585200.0
2021-08-19,ABT,123.72000122070312,126.38999938964844,123.58000183105469,125.72000122070312,115.60413360595703,4283800.0
2021-08-20,ABT,125.91000366210938,126.9800033569336,125.12000274658203,126.31999969482422,116.15584564208984,5485800.0
2021-08-23,ABT,126.66999816894531,127.30000305175781,125.79000091552734,125.83999633789062,115.71446228027344,3906700.0
2021-08-24,ABT,125.5999984741211,125.91000366210938,124.83999633789062,125.5,115.40180969238281,3945700.0
2021-08-25,ABT,125.83999633789062,125.91000366210938,124.16999816894531,124.73999786376953,114.70299530029297,4379000.0
2021-08-26,ABT,124.69000244140625,126.2699966430664,124.6500015258789,125.47000122070312,115.37425231933594,3991900.0
2021-08-27,ABT,125.68000030517578,126.26000213623047,124.30000305175781,124.58999633789062,114.5650405883789,4094300.0
2021-08-30,ABT,124.52999877929688,126.19000244140625,124.36000061035156,125.94000244140625,115.80642700195312,3151800.0
2021-08-31,ABT,126.4000015258789,127.20999908447266,125.91000366210938,126.37000274658203,116.20184326171875,6190300.0
2021-09-01,ABT,125.72000122070312,127.45999908447266,125.45999908447266,127.4000015258789,117.1489486694336,3484200.0
2021-09-02,ABT,127.5,128.85000610351562,127.33999633789062,128.49000549316406,118.15125274658203,3402700.0
2021-09-03,ABT,129.0,129.39999389648438,128.14999389648438,128.94000244140625,118.56504821777344,2463300.0
2021-09-07,ABT,128.1199951171875,128.49000549316406,127.05000305175781,128.38999938964844,118.05928802490234,2765500.0
2021-09-08,ABT,128.55999755859375,129.52000427246094,128.0,129.05999755859375,118.67537689208984,3121200.0
2021-09-09,ABT,129.14999389648438,129.14999389648438,127.33000183105469,127.9800033569336,117.68228149414062,4546900.0
2021-09-10,ABT,128.0,129.44000244140625,128.0,128.8000030517578,118.43632507324219,4127400.0
2021-09-13,ABT,129.6699981689453,129.6999969482422,124.80999755859375,126.62000274658203,116.43168640136719,5811000.0
2021-09-14,ABT,127.3499984741211,127.98999786376953,126.70999908447266,127.05000305175781,116.82710266113281,4197400.0
2021-09-15,ABT,126.87999725341797,128.17999267578125,126.27999877929688,127.48999786376953,117.23173522949219,4803200.0
2021-09-16,ABT,127.87000274658203,127.97000122070312,126.30000305175781,127.44000244140625,117.18572235107422,3317100.0
2021-09-17,ABT,126.77999877929688,127.80000305175781,126.45999908447266,126.79000091552734,116.58802032470703,10045200.0
2021-09-20,ABT,125.5999984741211,126.56999969482422,123.80999755859375,124.87000274658203,114.822509765625,5262200.0
2021-09-21,ABT,125.56999969482422,126.77999877929688,125.0999984741211,125.12999725341797,115.06159973144531,4918600.0
2021-09-22,ABT,125.5,125.73999786376953,124.18000030517578,124.6500015258789,114.62023162841797,6553400.0
2021-09-23,ABT,125.41999816894531,125.9000015258789,124.80999755859375,125.30000305175781,115.21792602539062,4161500.0
2021-09-24,ABT,124.80999755859375,125.4800033569336,124.2699966430664,124.37000274658203,114.3627700805664,3045700.0
2021-09-27,ABT,123.33000183105469,123.5,120.44999694824219,120.58000183105469,110.87769317626953,6481200.0
2021-09-28,ABT,119.5999984741211,119.76000213623047,117.97000122070312,118.73999786376953,109.18575286865234,5855200.0
2021-09-29,ABT,118.91999816894531,120.05999755859375,118.7699966430664,119.45999908447266,109.84781646728516,4511300.0
2021-09-30,ABT,119.86000061035156,120.66999816894531,118.0999984741211,118.12999725341797,108.62483215332031,4786200.0
2021-10-01,ABT,118.19999694824219,118.43000030517578,115.0999984741211,117.20999908447266,107.77887725830078,8173200.0
2021-10-04,ABT,116.61000061035156,117.56999969482422,114.86000061035156,115.52999877929688,106.23404693603516,5903500.0
2021-10-05,ABT,116.11000061035156,116.94999694824219,115.52999877929688,115.87999725341797,106.55587005615234,4238400.0
2021-10-06,ABT,115.75,116.56999969482422,114.4000015258789,116.48999786376953,107.1167984008789,5498900.0
2021-10-07,ABT,117.55000305175781,118.70999908447266,117.44999694824219,117.91000366210938,108.42256927490234,4505800.0
2021-10-08,ABT,118.08999633789062,119.33000183105469,117.81999969482422,118.38999938964844,108.86392211914062,7193200.0
2021-10-11,ABT,118.1500015258789,118.94000244140625,116.8499984741211,116.87999725341797,107.47542572021484,3873200.0
2021-10-12,ABT,117.9000015258789,118.30999755859375,116.41000366210938,117.31999969482422,107.8800277709961,4599200.0
2021-10-13,ABT,117.5,118.2300033569336,116.44000244140625,117.0,107.58576965332031,3935100.0
2021-10-14,ABT,116.66000366210938,117.68000030517578,116.63999938964844,117.56999969482422,108.5273208618164,4977400.0
2021-10-15,ABT,118.08000183105469,118.33000183105469,117.12999725341797,117.48999786376953,108.4534683227539,6012400.0
2021-10-18,ABT,117.29000091552734,117.48999786376953,116.30000305175781,116.81999969482422,107.83499908447266,5275800.0
2021-10-19,ABT,117.05999755859375,120.18000030517578,117.05999755859375,119.33999633789062,110.16117858886719,5880000.0
2021-10-20,ABT,123.52999877929688,124.80000305175781,122.19000244140625,123.30999755859375,113.8258285522461,8401900.0
2021-10-21,ABT,123.51000213623047,125.5999984741211,123.08999633789062,125.05000305175781,115.43199920654297,4984000.0
2021-10-22,ABT,125.51000213623047,126.83999633789062,124.87999725341797,126.72000122070312,116.97356414794922,5742300.0
2021-10-25,ABT,126.48999786376953,126.8499984741211,125.4000015258789,126.58000183105469,116.84434509277344,4426900.0
2021-10-26,ABT,127.0,128.77999877929688,126.79000091552734,128.1300048828125,118.27511596679688,3994000.0
2021-10-27,ABT,129.0,129.39999389648438,127.37000274658203,127.70999908447266,117.88741302490234,4128600.0
2021-10-28,ABT,128.02999877929688,128.94000244140625,127.04000091552734,127.70999908447266,117.88741302490234,3645300.0
2021-10-29,ABT,127.26000213623047,129.00999450683594,126.83000183105469,128.88999938964844,118.9766616821289,4692200.0
2021-11-01,ABT,128.63999938964844,129.52999877929688,128.2899932861328,128.94000244140625,119.0228271484375,3494700.0
2021-11-02,ABT,129.3300018310547,129.52999877929688,127.29000091552734,127.70999908447266,117.88741302490234,8069600.0
2021-11-03,ABT,127.37999725341797,128.74000549316406,126.97000122070312,128.6999969482422,118.80126190185547,5110600.0
2021-11-04,ABT,128.9499969482422,129.49000549316406,128.19000244140625,129.08999633789062,119.16127014160156,4675900.0
2021-11-05,ABT,127.08000183105469,127.31999969482422,123.93000030517578,124.37000274658203,114.8043212890625,7989800.0
2021-11-08,ABT,124.0,127.2300033569336,123.80999755859375,126.80000305175781,117.04741668701172,4930000.0
2021-11-09,ABT,126.69999694824219,127.5,126.25,126.43000030517578,116.70587921142578,5130300.0
2021-11-10,ABT,126.19000244140625,128.11000061035156,126.05000305175781,127.81999969482422,117.98896789550781,5358900.0
2021-11-11,ABT,127.97000122070312,128.9600067138672,127.23999786376953,127.25,117.46279907226562,5054800.0
2021-11-12,ABT,127.94000244140625,128.85000610351562,127.12000274658203,128.4499969482422,118.57048797607422,6462200.0
2021-11-15,ABT,128.77000427246094,130.1999969482422,128.25999450683594,129.44000244140625,119.48436737060547,4565800.0
2021-11-16,ABT,129.63999938964844,131.60000610351562,129.63999938964844,130.88999938964844,120.82284545898438,4141300.0
2021-11-17,ABT,130.61000061035156,130.6999969482422,128.5399932861328,128.6199951171875,118.72742462158203,4759900.0
2021-11-18,ABT,129.30999755859375,129.42999267578125,127.47000122070312,127.63999938964844,117.82279205322266,4466100.0
2021-11-19,ABT,128.41000366210938,128.52999877929688,126.45999908447266,126.83999633789062,117.08433532714844,6867700.0
2021-11-22,ABT,126.77999877929688,126.80000305175781,124.68000030517578,125.26000213623047,115.62584686279297,4205400.0
2021-11-23,ABT,124.51000213623047,124.88999938964844,123.22000122070312,124.4800033569336,114.90584564208984,4873700.0
2021-11-24,ABT,124.06999969482422,125.27999877929688,124.0,125.06999969482422,115.45049285888672,3729500.0
2021-11-26,ABT,127.80999755859375,129.75,125.44000244140625,125.87999725341797,116.19816589355469,4671400.0
2021-11-29,ABT,126.3499984741211,128.94000244140625,125.36000061035156,128.02999877929688,118.18280792236328,5648200.0
2021-11-30,ABT,128.1999969482422,128.7899932861328,125.33999633789062,125.7699966430664,116.09662628173828,7269900.0
2021-12-01,ABT,126.4800033569336,128.47999572753906,125.12000274658203,126.73999786376953,116.99201965332031,4816700.0
2021-12-02,ABT,126.29000091552734,129.85000610351562,126.29000091552734,128.3800048828125,118.50588989257812,5090800.0
2021-12-03,ABT,128.8800048828125,130.4600067138672,128.02999877929688,130.27000427246094,120.25051879882812,5254500.0
2021-12-06,ABT,130.75999450683594,133.27999877929688,130.61000061035156,132.47000122070312,122.28131103515625,6601600.0
2021-12-07,ABT,134.0,134.0800018310547,131.8000030517578,132.4199981689453,122.23519134521484,5143600.0
2021-12-08,ABT,132.8000030517578,133.4499969482422,131.1199951171875,132.3699951171875,122.18900299072266,5389400.0
2021-12-09,ABT,132.5,133.11000061035156,131.47999572753906,132.52999877929688,122.33672332763672,2663300.0
2021-12-10,ABT,133.4199981689453,134.5,132.8699951171875,134.3699951171875,124.03516387939453,4371800.0
2021-12-13,ABT,134.5,137.0,134.5,135.9600067138672,125.50286102294922,5094800.0
2021-12-14,ABT,135.92999267578125,136.0,132.0,132.94000244140625,122.71516418457031,8193300.0
2021-12-15,ABT,133.5399932861328,135.6699981689453,132.89999389648438,135.55999755859375,125.1336669921875,6422300.0
2021-12-16,ABT,135.44000244140625,136.61000061035156,134.60000610351562,136.08999633789062,125.62286376953125,6984100.0
2021-12-17,ABT,137.5399932861328,139.27000427246094,136.88999938964844,137.11000061035156,126.56444549560547,12146000.0
2021-12-20,ABT,136.1999969482422,137.80999755859375,134.22000122070312,134.97999572753906,124.59823608398438,6501200.0
2021-12-21,ABT,136.02000427246094,137.17999267578125,133.39999389648438,135.27000427246094,124.86595153808594,7153800.0
2021-12-22,ABT,135.8800048828125,139.02000427246094,135.7899932861328,138.99000549316406,128.2998504638672,6768900.0
2021-12-23,ABT,139.64999389648438,140.22999572753906,138.72000122070312,139.16000366210938,128.45675659179688,3491800.0
2021-12-27,ABT,139.82000732421875,142.60000610351562,139.42999267578125,141.4600067138672,130.57984924316406,3801700.0
2021-12-28,ABT,141.5800018310547,141.7100067138672,140.1300048828125,140.47000122070312,129.6659698486328,3296000.0
2021-12-29,ABT,140.47000122070312,141.66000366210938,139.3300018310547,141.19000244140625,130.3306427001953,2848900.0
2021-12-30,ABT,141.41000366210938,141.75,140.58999633789062,141.0,130.15521240234375,2809100.0
2021-12-31,ABT,141.0,141.77000427246094,140.72000122070312,140.74000549316406,129.91522216796875,3271800.0
2022-01-03,ABT,139.42999267578125,139.8300018310547,137.2100067138672,139.0399932861328,128.3459930419922,6688100.0
2022-01-04,ABT,139.5,139.64999389648438,134.75999450683594,135.77000427246094,125.32750701904297,8241200.0
2022-01-05,ABT,135.14999389648438,137.02999877929688,135.07000732421875,135.16000366210938,124.764404296875,5948200.0
2022-01-06,ABT,135.0,136.2100067138672,133.8800048828125,135.13999938964844,124.74595642089844,5710200.0
2022-01-07,ABT,134.8800048828125,136.17999267578125,134.3800048828125,135.55999755859375,125.1336669921875,4367500.0
2022-01-10,ABT,134.7899932861328,135.5,133.9199981689453,135.25999450683594,124.8567123413086,5975600.0
2022-01-11,ABT,135.22999572753906,135.97000122070312,134.0399932861328,135.6999969482422,125.26289367675781,5709400.0
2022-01-12,ABT,134.88999938964844,135.6999969482422,132.52999877929688,133.72000122070312,123.43516540527344,8416000.0
2022-01-13,ABT,132.38999938964844,132.8300018310547,129.42999267578125,129.64999389648438,120.100341796875,7174500.0
2022-01-14,ABT,130.49000549316406,130.58999633789062,127.0199966430664,128.16000366210938,118.7201156616211,9256900.0
2022-01-18,ABT,127.4000015258789,127.93000030517578,125.55000305175781,126.56999969482422,117.24720001220703,5850100.0
2022-01-19,ABT,126.75,127.58000183105469,125.83000183105469,126.05000305175781,116.76551818847656,3996400.0
2022-01-20,ABT,126.23999786376953,127.91000366210938,124.61000061035156,124.70999908447266,115.5241928100586,8652600.0
2022-01-21,ABT,126.80999755859375,127.08999633789062,124.86000061035156,125.83000183105469,116.56169891357422,10132700.0
2022-01-24,ABT,124.01000213623047,124.5,120.68000030517578,123.81999969482422,114.69976043701172,10864500.0
2022-01-25,ABT,123.08000183105469,124.62000274658203,121.58999633789062,123.2699966430664,114.19025421142578,9126600.0
2022-01-26,ABT,119.19000244140625,121.68000030517578,119.0,120.06999969482422,111.22596740722656,14753100.0
2022-01-27,ABT,120.9800033569336,123.16999816894531,119.73999786376953,120.44000244140625,111.5687255859375,9179500.0
2022-01-28,ABT,120.7699966430664,125.52999877929688,119.61000061035156,125.3499984741211,116.11707305908203,8286500.0
2022-01-31,ABT,125.5199966430664,127.95999908447266,125.12999725341797,127.45999908447266,118.0716552734375,7210000.0
2022-02-01,ABT,127.37000274658203,127.66000366210938,126.23999786376953,127.19999694824219,117.8307876586914,5602000.0
2022-02-02,ABT,128.25,130.74000549316406,127.86000061035156,130.0399932861328,120.46160125732422,7450500.0
2022-02-03,ABT,128.6300048828125,130.94000244140625,128.25999450683594,130.11000061035156,120.5264663696289,5613300.0
2022-02-04,ABT,129.55999755859375,130.52000427246094,128.60000610351562,129.7100067138672,120.15592956542969,4149700.0
2022-02-07,ABT,129.8699951171875,129.9499969482422,127.68000030517578,128.0500030517578,118.61819458007812,4035200.0
2022-02-08,ABT,127.52999877929688,128.94000244140625,127.16000366210938,128.64999389648438,119.17400360107422,3890900.0
2022-02-09,ABT,129.52000427246094,130.7899932861328,129.4199981689453,130.49000549316406,120.87847900390625,3434200.0
2022-02-10,ABT,128.57000732421875,129.9199981689453,127.16999816894531,127.76000213623047,118.34954833984375,5917700.0
2022-02-11,ABT,127.77999877929688,128.9199981689453,125.1500015258789,125.48999786376953,116.24674987792969,4803200.0
2022-02-14,ABT,125.0,125.56999969482422,121.9800033569336,122.77999877929688,113.73638153076172,7433900.0
2022-02-15,ABT,124.19000244140625,125.41999816894531,123.41000366210938,123.9800033569336,114.84796905517578,5298000.0
2022-02-16,ABT,123.44999694824219,124.11000061035156,121.55999755859375,123.68000030517578,114.570068359375,5078100.0
2022-02-17,ABT,122.98999786376953,123.18000030517578,120.47000122070312,120.58000183105469,111.69841003417969,3688300.0
2022-02-18,ABT,120.0,120.30999755859375,114.83999633789062,116.79000091552734,108.18756866455078,12376100.0
2022-02-22,ABT,116.54000091552734,119.33000183105469,116.0999984741211,117.51000213623047,108.85453796386719,8372800.0
2022-02-23,ABT,118.0,118.83999633789062,116.98999786376953,117.25,108.61367797851562,5184200.0
2022-02-24,ABT,115.0,118.91999816894531,114.43000030517578,118.72000122070312,109.97541046142578,6252600.0
2022-02-25,ABT,118.72000122070312,122.93000030517578,118.5,122.41000366210938,113.39362335205078,5837700.0
2022-02-28,ABT,121.05000305175781,121.05999755859375,119.1500015258789,120.62000274658203,111.73546600341797,6828400.0
2022-03-01,ABT,120.30999755859375,121.16000366210938,117.37999725341797,118.16999816894531,109.4659194946289,6697700.0
2022-03-02,ABT,118.62000274658203,121.05000305175781,118.26000213623047,120.36000061035156,111.49461364746094,6419800.0
2022-03-03,ABT,120.80000305175781,122.06999969482422,120.48999786376953,120.97000122070312,112.05968475341797,5223100.0
2022-03-04,ABT,119.93000030517578,121.76000213623047,119.01000213623047,121.41000366210938,112.46727752685547,5911400.0
2022-03-07,ABT,120.54000091552734,120.88999938964844,117.26000213623047,118.86000061035156,110.1051025390625,6632000.0
2022-03-08,ABT,117.91000366210938,119.0199966430664,115.70999908447266,116.11000061035156,107.55765533447266,6694000.0
2022-03-09,ABT,117.9000015258789,119.19999694824219,116.44000244140625,118.38999938964844,109.66971588134766,5004700.0
2022-03-10,ABT,117.18000030517578,117.80999755859375,115.7300033569336,117.0,108.38211059570312,4377600.0
2022-03-11,ABT,117.44000244140625,118.05999755859375,113.87999725341797,114.0199966430664,105.62158966064453,8012400.0
2022-03-14,ABT,114.9000015258789,117.20999908447266,114.58000183105469,115.5199966430664,107.01111602783203,5527500.0
2022-03-15,ABT,117.5,117.79000091552734,116.22000122070312,117.4800033569336,108.82674407958984,5041200.0
2022-03-16,ABT,118.20999908447266,119.54000091552734,116.95999908447266,119.4800033569336,110.679443359375,4441800.0
2022-03-17,ABT,119.0,121.23999786376953,118.7300033569336,121.19999694824219,112.27274322509766,3998900.0
2022-03-18,ABT,121.73999786376953,122.66999816894531,120.68000030517578,122.44999694824219,113.43065643310547,7823800.0
2022-03-21,ABT,121.93000030517578,123.0999984741211,121.16000366210938,121.76000213623047,112.79148864746094,4135100.0
2022-03-22,ABT,121.88999938964844,122.52999877929688,121.26000213623047,121.88999938964844,112.91190338134766,4479600.0
2022-03-23,ABT,121.11000061035156,121.23999786376953,116.73999786376953,116.91999816894531,108.30799865722656,5656000.0
2022-03-24,ABT,117.37999725341797,117.87999725341797,116.61000061035156,117.81999969482422,109.14169311523438,4505800.0
2022-03-25,ABT,118.6500015258789,119.30999755859375,117.73999786376953,118.94999694824219,110.18846130371094,2896300.0
2022-03-28,ABT,119.37999725341797,120.0,118.70999908447266,119.98999786376953,111.15186309814453,5350900.0
2022-03-29,ABT,121.83000183105469,122.06999969482422,119.30999755859375,120.19000244140625,111.33712768554688,5126100.0
2022-03-30,ABT,119.87000274658203,120.73999786376953,119.47000122070312,120.37999725341797,111.51313018798828,4064800.0
2022-03-31,ABT,120.20999908447266,120.48999786376953,118.0999984741211,118.36000061035156,109.64193725585938,5432600.0
2022-04-01,ABT,118.83999633789062,118.97000122070312,117.26000213623047,118.58000183105469,109.84574890136719,4314000.0
2022-04-04,ABT,117.87000274658203,118.9800033569336,117.56999969482422,118.87999725341797,110.12361907958984,4037200.0
2022-04-05,ABT,118.26000213623047,121.19000244140625,118.13999938964844,119.4800033569336,110.679443359375,6113400.0
2022-04-06,ABT,119.0,120.19000244140625,117.76000213623047,119.94000244140625,111.10556030273438,5485100.0
2022-04-07,ABT,119.5999984741211,124.20999908447266,119.29000091552734,123.37000274658203,114.28291320800781,5863500.0
2022-04-08,ABT,123.41999816894531,124.36000061035156,122.11000061035156,123.25,114.1717300415039,5093900.0
2022-04-11,ABT,123.4800033569336,123.5,119.77999877929688,120.04000091552734,111.19819641113281,4071100.0
2022-04-12,ABT,119.79000091552734,120.61000061035156,117.72000122070312,118.38999938964844,109.66971588134766,4432300.0
2022-04-13,ABT,117.55999755859375,119.80999755859375,117.25,119.4800033569336,111.1205825805664,4407900.0
2022-04-14,ABT,120.05000305175781,120.25,117.55999755859375,117.69000244140625,109.455810546875,3140000.0
2022-04-18,ABT,117.0199966430664,118.33000183105469,115.54000091552734,116.29000091552734,108.15375518798828,4115900.0
2022-04-19,ABT,116.68000030517578,120.2300033569336,116.6500015258789,119.9800033569336,111.58558654785156,5120900.0
2022-04-20,ABT,119.4800033569336,124.05000305175781,117.5,122.63999938964844,114.05948638916016,8334200.0
2022-04-21,ABT,123.18000030517578,124.3499984741211,122.6500015258789,123.37000274658203,114.73841094970703,7321100.0
2022-04-22,ABT,123.0199966430664,123.18000030517578,119.55999755859375,119.63999938964844,111.2693862915039,6710100.0
2022-04-25,ABT,119.16000366210938,120.30999755859375,117.83999633789062,120.01000213623047,111.61349487304688,4503500.0
2022-04-26,ABT,118.61000061035156,119.63999938964844,116.97000122070312,116.97000122070312,108.78617095947266,3366300.0
2022-04-27,ABT,117.29000091552734,118.58000183105469,116.12999725341797,116.72000122070312,108.55368041992188,4178700.0
2022-04-28,ABT,117.55000305175781,118.73999786376953,116.83000183105469,118.01000213623047,109.75342559814453,4960000.0
2022-04-29,ABT,117.05999755859375,117.7699966430664,113.12999725341797,113.5,105.55896759033203,6815900.0
2022-05-02,ABT,113.5,114.0199966430664,110.27999877929688,112.83000183105469,104.93582153320312,4905000.0
2022-05-03,ABT,113.05000305175781,114.33999633789062,111.81999969482422,112.43000030517578,104.5638427734375,4491500.0
2022-05-04,ABT,112.5,116.33000183105469,111.12999725341797,115.69999694824219,107.60504150390625,5347400.0
2022-05-05,ABT,114.86000061035156,115.0,111.68000030517578,113.01000213623047,105.10323333740234,5703300.0
2022-05-06,ABT,112.55000305175781,113.66999816894531,110.97000122070312,112.2699966430664,104.41500854492188,4966800.0
2022-05-09,ABT,110.69000244140625,111.19999694824219,106.94000244140625,107.38999938964844,99.87646484375,6478200.0
2022-05-10,ABT,108.91000366210938,109.62999725341797,106.20999908447266,106.75,99.28123474121094,6248300.0
2022-05-11,ABT,106.66000366210938,108.0199966430664,105.66000366210938,105.83999633789062,98.43489074707031,6636100.0
2022-05-12,ABT,105.5,108.0199966430664,104.62999725341797,107.97000122070312,100.41586303710938,8516100.0
2022-05-13,ABT,108.36000061035156,110.51000213623047,108.36000061035156,109.87999725341797,102.1922378540039,6159300.0
2022-05-16,ABT,109.4000015258789,110.5199966430664,107.80999755859375,109.70999908447266,102.03412628173828,7459000.0
2022-05-17,ABT,111.58999633789062,115.43000030517578,111.58999633789062,114.54000091552734,106.52621459960938,9172000.0
2022-05-18,ABT,113.41999816894531,114.69999694824219,112.2300033569336,112.73999786376953,104.85212707519531,6933900.0
2022-05-19,ABT,112.02999877929688,113.01000213623047,110.5199966430664,112.44000244140625,104.5731201171875,6304800.0
2022-05-20,ABT,113.4000015258789,113.72000122070312,110.81999969482422,113.23999786376953,105.31714630126953,4509600.0
2022-05-23,ABT,113.8499984741211,115.36000061035156,112.94000244140625,115.02999877929688,106.9819107055664,4357000.0
2022-05-24,ABT,115.16000366210938,115.16000366210938,111.83000183105469,113.7699966430664,105.81007385253906,5272600.0
2022-05-25,ABT,113.19999694824219,114.94000244140625,112.3499984741211,113.19000244140625,105.27066802978516,3921700.0
2022-05-26,ABT,113.77999877929688,115.51000213623047,113.20999908447266,114.87000274658203,106.83312225341797,4027800.0
2022-05-27,ABT,116.08000183105469,116.91999816894531,115.4800033569336,116.69000244140625,108.5257797241211,3884800.0
2022-05-31,ABT,115.55999755859375,118.08999633789062,114.4000015258789,117.45999908447266,109.24189758300781,10563500.0
2022-06-01,ABT,117.8499984741211,118.0,114.52999877929688,115.08000183105469,107.02842712402344,4890200.0
2022-06-02,ABT,115.29000091552734,117.61000061035156,113.2300033569336,117.51000213623047,109.28842163085938,3856600.0
2022-06-03,ABT,116.77999877929688,117.55000305175781,116.33000183105469,116.56999969482422,108.41416931152344,3778200.0
2022-06-06,ABT,117.37999725341797,118.2300033569336,116.04000091552734,116.41999816894531,108.274658203125,4205600.0
2022-06-07,ABT,116.0999984741211,117.2300033569336,115.22000122070312,116.87999725341797,108.70246887207031,3285600.0
2022-06-08,ABT,115.73999786376953,116.1500015258789,114.33999633789062,114.69000244140625,106.66571044921875,3683400.0
2022-06-09,ABT,114.63999938964844,115.44000244140625,112.68000030517578,112.70999908447266,104.82422637939453,3424700.0
2022-06-10,ABT,110.80999755859375,111.4800033569336,109.0999984741211,109.62999725341797,101.959716796875,4805600.0
2022-06-13,ABT,107.68000030517578,108.0999984741211,105.33999633789062,105.91000366210938,98.49999237060547,5215300.0
2022-06-14,ABT,105.0999984741211,105.4000015258789,101.94999694824219,102.94000244140625,95.73779296875,5890100.0
2022-06-15,ABT,104.31999969482422,106.08000183105469,102.66000366210938,104.80000305175781,97.46765899658203,5278100.0
2022-06-16,ABT,102.4000015258789,102.75,101.23999786376953,102.06999969482422,94.92866516113281,4793600.0
2022-06-17,ABT,101.23999786376953,103.69000244140625,101.23999786376953,102.52999877929688,95.3564682006836,10249200.0
2022-06-21,ABT,104.86000061035156,104.94999694824219,103.33000183105469,104.41000366210938,97.10494232177734,5338300.0
2022-06-22,ABT,103.55000305175781,106.58000183105469,103.29000091552734,105.44000244140625,98.06287384033203,5511600.0
2022-06-23,ABT,105.94999694824219,106.77999877929688,105.06999969482422,106.20999908447266,98.77902221679688,5064800.0
2022-06-24,ABT,107.0,109.63999938964844,106.43000030517578,109.44999694824219,101.79230499267578,14301600.0
2022-06-27,ABT,109.9000015258789,110.0999984741211,108.30000305175781,109.08000183105469,101.44822692871094,3804100.0
2022-06-28,ABT,109.25,109.93000030517578,106.9000015258789,106.97000122070312,99.48583221435547,4185500.0
2022-06-29,ABT,107.45999908447266,109.66999816894531,106.73999786376953,109.0999984741211,101.46680450439453,4552100.0
2022-06-30,ABT,108.08000183105469,109.08000183105469,107.36000061035156,108.6500015258789,101.04828643798828,6070900.0
2022-07-01,ABT,108.20999908447266,110.47000122070312,107.6500015258789,110.22000122070312,102.50845336914062,3291700.0
2022-07-05,ABT,108.73999786376953,109.48999786376953,107.19999694824219,109.30000305175781,101.65281677246094,4752300.0
2022-07-06,ABT,108.83000183105469,109.5,108.12999725341797,108.69000244140625,101.08550262451172,3975300.0
2022-07-07,ABT,108.4800033569336,109.62000274658203,108.19999694824219,109.48999786376953,101.82951354980469,4149000.0
2022-07-08,ABT,108.7300033569336,109.91999816894531,108.55000305175781,109.26000213623047,101.61561584472656,3115500.0
2022-07-11,ABT,108.5999984741211,109.4000015258789,108.08000183105469,108.88999938964844,101.2715072631836,4041100.0
2022-07-12,ABT,108.5,110.37000274658203,107.69999694824219,108.30000305175781,100.7227783203125,5756300.0
2022-07-13,ABT,106.83999633789062,106.97000122070312,105.68000030517578,106.20999908447266,98.77902221679688,5087700.0
2022-07-14,ABT,104.62999725341797,105.91999816894531,103.76000213623047,105.70999908447266,98.7509765625,4993600.0
2022-07-15,ABT,107.41000366210938,108.9800033569336,107.26000213623047,108.81999969482422,101.65625,4617900.0
2022-07-18,ABT,108.55999755859375,108.95999908447266,106.69999694824219,107.0199966430664,99.97473907470703,4499900.0
2022-07-19,ABT,108.43000030517578,110.0,107.95999908447266,109.93000030517578,102.69317626953125,5788400.0
2022-07-20,ABT,106.98999786376953,108.81999969482422,106.87999725341797,108.2300033569336,101.10507202148438,7300200.0
2022-07-21,ABT,108.62000274658203,110.72000122070312,108.41000366210938,110.69000244140625,103.40315246582031,5698000.0
2022-07-22,ABT,112.0,112.0,108.33000183105469,109.19999694824219,102.01122283935547,4733900.0
2022-07-25,ABT,109.08999633789062,109.33000183105469,107.47000122070312,108.5,101.3573226928711,3905600.0
2022-07-26,ABT,108.70999908447266,109.87999725341797,108.30000305175781,109.08999633789062,101.90845489501953,4824000.0
2022-07-27,ABT,109.37999725341797,110.63999938964844,108.62000274658203,109.98999786376953,102.74921417236328,3303500.0
2022-07-28,ABT,110.0999984741211,111.3499984741211,108.54000091552734,110.36000061035156,103.09486389160156,4736100.0
2022-07-29,ABT,109.83000183105469,109.87000274658203,108.55999755859375,108.83999633789062,101.6749267578125,4922900.0
2022-08-01,ABT,108.37999725341797,109.9000015258789,108.11000061035156,109.5199966430664,102.31017303466797,3871900.0
2022-08-02,ABT,109.62000274658203,110.9000015258789,108.54000091552734,108.63999938964844,101.48809814453125,3093800.0
2022-08-03,ABT,109.11000061035156,109.97000122070312,108.2699966430664,109.61000061035156,102.39424133300781,3866200.0
2022-08-04,ABT,110.41000366210938,110.62000274658203,109.58000183105469,109.72000122070312,102.49699401855469,2794000.0
2022-08-05,ABT,108.75,109.31999969482422,108.38999938964844,109.25,102.05792236328125,2789600.0
2022-08-08,ABT,109.79000091552734,109.9800033569336,108.58999633789062,109.0,101.82438659667969,2283800.0
2022-08-09,ABT,108.08999633789062,108.80000305175781,107.55000305175781,107.91000366210938,100.80616760253906,3943500.0
2022-08-10,ABT,109.76000213623047,110.37999725341797,109.19999694824219,110.2699966430664,103.01078033447266,3960900.0
2022-08-11,ABT,110.83999633789062,112.12999725341797,110.38999938964844,110.48999786376953,103.21631622314453,3281400.0
2022-08-12,ABT,110.86000061035156,111.52999877929688,110.44000244140625,111.4800033569336,104.14115142822266,2813300.0
2022-08-15,ABT,111.30999755859375,112.30999755859375,111.0199966430664,111.9000015258789,104.53348541259766,2949500.0
2022-08-16,ABT,111.45999908447266,112.52999877929688,111.43000030517578,112.02999877929688,104.65493774414062,2897400.0
2022-08-17,ABT,111.62999725341797,112.12999725341797,110.37000274658203,110.55000305175781,103.2723617553711,3053500.0
2022-08-18,ABT,110.93000030517578,110.93000030517578,108.79000091552734,109.95999908447266,102.72119140625,4143600.0
2022-08-19,ABT,110.4800033569336,110.80000305175781,109.4000015258789,110.05999755859375,102.81461334228516,5092700.0
2022-08-22,ABT,108.97000122070312,109.30999755859375,106.88999938964844,107.44999694824219,100.37643432617188,3496800.0
2022-08-23,ABT,106.81999969482422,106.87000274658203,105.5199966430664,106.01000213623047,99.0312271118164,4203000.0
2022-08-24,ABT,105.9000015258789,106.16999816894531,105.12000274658203,105.44000244140625,98.49874877929688,4278200.0
2022-08-25,ABT,105.23999786376953,105.95999908447266,104.55000305175781,105.88999938964844,98.91912078857422,5249200.0
2022-08-26,ABT,105.94000244140625,106.30000305175781,101.62999725341797,101.9000015258789,95.1917953491211,5440700.0
2022-08-29,ABT,101.5,102.61000061035156,101.20999908447266,101.83999633789062,95.13573455810547,4229900.0
2022-08-30,ABT,102.43000030517578,102.72000122070312,101.83999633789062,102.19999694824219,95.47203826904297,4629700.0
2022-08-31,ABT,102.97000122070312,104.05000305175781,102.5999984741211,102.6500015258789,95.89241790771484,7600700.0
2022-09-01,ABT,102.36000061035156,104.9000015258789,102.02999877929688,104.83999633789062,97.93824005126953,4397900.0
2022-09-02,ABT,105.44999694824219,105.6500015258789,101.9800033569336,102.5,95.7522964477539,4103200.0
2022-09-06,ABT,102.5,103.93000030517578,102.23999786376953,102.70999908447266,95.94847869873047,4670400.0
2022-09-07,ABT,102.87999725341797,104.97000122070312,102.73999786376953,104.69999694824219,97.80746459960938,5100800.0
2022-09-08,ABT,103.62999725341797,107.56999969482422,103.58999633789062,106.98999786376953,99.94672393798828,8700700.0
2022-09-09,ABT,107.12999725341797,109.06999969482422,107.02999877929688,108.4800033569336,101.33863830566406,5781200.0
2022-09-12,ABT,108.77999877929688,109.66999816894531,108.51000213623047,109.29000091552734,102.09530639648438,4358100.0
2022-09-13,ABT,107.22000122070312,107.58000183105469,105.58000183105469,105.83999633789062,98.87242126464844,5300800.0
2022-09-14,ABT,105.93000030517578,106.79000091552734,105.01000213623047,105.77999877929688,98.81637573242188,3264200.0
2022-09-15,ABT,106.05999755859375,107.08000183105469,104.86000061035156,105.05999755859375,98.14376831054688,4237000.0
2022-09-16,ABT,104.79000091552734,105.0,103.41000366210938,104.0,97.15354919433594,8898200.0
2022-09-19,ABT,103.25,104.11000061035156,102.25,104.08999633789062,97.23763275146484,3816000.0
2022-09-20,ABT,102.79000091552734,103.02999877929688,101.2300033569336,102.30999755859375,95.5748062133789,4617100.0
2022-09-21,ABT,102.87000274658203,103.91999816894531,100.62000274658203,100.6500015258789,94.02409362792969,4720500.0
2022-09-22,ABT,100.05000305175781,101.83000183105469,99.8499984741211,101.06999969482422,94.41643524169922,5567500.0
2022-09-23,ABT,100.38999938964844,100.88999938964844,98.80999755859375,100.68000030517578,94.05210876464844,6214600.0
2022-09-26,ABT,100.18000030517578,100.6500015258789,99.26000213623047,99.83999633789062,93.26741027832031,6037800.0
2022-09-27,ABT,100.25,100.7300033569336,97.91000366210938,98.33000183105469,91.8568115234375,6377800.0
2022-09-28,ABT,98.06999969482422,99.2699966430664,97.56999969482422,98.72000122070312,92.22113800048828,7206900.0
2022-09-29,ABT,98.8499984741211,99.18000030517578,97.55000305175781,98.29000091552734,91.81944274902344,6698800.0
2022-09-30,ABT,98.70999908447266,99.5,96.66999816894531,96.76000213623047,90.39017486572266,6728400.0
2022-10-03,ABT,97.80000305175781,100.19000244140625,97.4000015258789,99.5199966430664,92.96846008300781,4817600.0
2022-10-04,ABT,100.73999786376953,103.20999908447266,100.54000091552734,103.08000183105469,96.29413604736328,5710800.0
2022-10-05,ABT,102.16999816894531,103.95999908447266,101.91999816894531,103.37999725341797,96.5743637084961,3803400.0
2022-10-06,ABT,102.86000061035156,103.20999908447266,101.87999725341797,102.44999694824219,95.70559692382812,6348100.0
2022-10-07,ABT,102.5,105.08999633789062,101.04000091552734,101.79000091552734,95.08903503417969,8485900.0
2022-10-10,ABT,102.12000274658203,102.31999969482422,100.31999969482422,101.12999725341797,94.47249603271484,4044600.0
2022-10-11,ABT,100.8499984741211,102.75,100.08999633789062,101.75,95.0516586303711,5304800.0
2022-10-12,ABT,101.25,101.91000366210938,100.05999755859375,100.08000183105469,93.49161529541016,4106200.0
2022-10-13,ABT,97.93000030517578,103.08000183105469,97.68000030517578,102.47000122070312,96.17594909667969,6250900.0
2022-10-14,ABT,103.18000030517578,103.91999816894531,100.79000091552734,100.91000366210938,94.71174621582031,6087200.0
2022-10-17,ABT,102.12000274658203,103.94999694824219,101.87000274658203,103.5199966430664,97.16142272949219,7315800.0
2022-10-18,ABT,105.80999755859375,106.66999816894531,104.66000366210938,104.9800033569336,98.5317611694336,8943900.0
2022-10-19,ABT,101.0,101.16999816894531,96.31999969482422,98.11000061035156,92.083740234375,18525200.0
2022-10-20,ABT,96.5199966430664,97.73999786376953,95.01000213623047,95.20999908447266,89.36186981201172,12651200.0
2022-10-21,ABT,94.3499984741211,95.5199966430664,93.25,95.05999755859375,89.2210922241211,9859000.0
2022-10-24,ABT,96.05000305175781,98.48999786376953,95.9000015258789,98.29000091552734,92.252685546875,8118000.0
2022-10-25,ABT,98.06999969482422,98.9000015258789,97.66000366210938,97.94999694824219,91.93358612060547,7114400.0
2022-10-26,ABT,98.08999633789062,99.5199966430664,97.87999725341797,98.41999816894531,92.37469482421875,8290100.0
2022-10-27,ABT,98.66999816894531,98.66999816894531,96.7699966430664,96.93000030517578,90.97623443603516,6610000.0
2022-10-28,ABT,97.31999969482422,100.0199966430664,97.19999694824219,99.48999786376953,93.37898254394531,5768100.0
2022-10-31,ABT,99.12999725341797,99.5,98.1500015258789,98.94000244140625,92.8627700805664,5885600.0
2022-11-01,ABT,99.62000274658203,100.31999969482422,98.63999938964844,99.30999755859375,93.21003723144531,5249400.0
2022-11-02,ABT,98.7300033569336,101.2300033569336,98.0199966430664,98.04000091552734,92.0180435180664,5196700.0
2022-11-03,ABT,96.80999755859375,97.01000213623047,95.3499984741211,96.44999694824219,90.52571105957031,4873400.0
2022-11-04,ABT,97.83000183105469,98.2300033569336,96.1500015258789,98.06999969482422,92.04620361328125,4902800.0
2022-11-07,ABT,98.77999877929688,100.04000091552734,98.12999725341797,99.5,93.38835906982422,4903700.0
2022-11-08,ABT,99.9000015258789,100.26000213623047,98.94999694824219,99.63999938964844,93.51976776123047,5708200.0
2022-11-09,ABT,99.91000366210938,101.2699966430664,99.25,99.45999908447266,93.35082244873047,5339600.0
2022-11-10,ABT,103.02999877929688,104.44000244140625,102.13999938964844,104.2300033569336,97.82782745361328,5907400.0
2022-11-11,ABT,104.63999938964844,105.91000366210938,103.93000030517578,104.08999633789062,97.6964340209961,7106900.0
2022-11-14,ABT,103.66999816894531,104.30999755859375,101.98999786376953,102.01000213623047,95.74419403076172,5661600.0
2022-11-15,ABT,103.44999694824219,104.4800033569336,102.37999725341797,103.13999938964844,96.8047866821289,5262900.0
2022-11-16,ABT,104.23999786376953,105.30000305175781,103.26000213623047,103.61000061035156,97.24591827392578,3292800.0
2022-11-17,ABT,102.66999816894531,103.08999633789062,101.55000305175781,102.55999755859375,96.26041412353516,3332900.0
2022-11-18,ABT,103.5199966430664,104.19000244140625,102.94000244140625,103.87000274658203,97.48994445800781,3931800.0
2022-11-21,ABT,103.7300033569336,104.9000015258789,103.66999816894531,103.87999725341797,97.49933624267578,4148800.0
2022-11-22,ABT,103.9800033569336,105.0,102.87000274658203,104.87000274658203,98.42851257324219,4511700.0
2022-11-23,ABT,104.97000122070312,106.47000122070312,104.4000015258789,106.0199966430664,99.50788879394531,4617500.0
2022-11-25,ABT,106.66999816894531,107.3499984741211,106.51000213623047,106.95999908447266,100.39014434814453,2558100.0
2022-11-28,ABT,106.72000122070312,107.75,105.12999725341797,105.38999938964844,98.91658020019531,4149700.0
2022-11-29,ABT,105.0,105.37999725341797,104.4800033569336,105.0,98.550537109375,4832300.0
2022-11-30,ABT,105.12999725341797,107.69999694824219,103.44000244140625,107.58000183105469,100.9720687866211,12737300.0
2022-12-01,ABT,108.23999786376953,108.6500015258789,107.3499984741211,107.93000030517578,101.30056762695312,5076200.0
2022-12-02,ABT,106.75,108.13999938964844,106.19999694824219,108.08999633789062,101.45073699951172,4944100.0
2022-12-05,ABT,106.88999938964844,107.05999755859375,105.05999755859375,105.41000366210938,98.93537139892578,4687100.0
2022-12-06,ABT,104.98999786376953,105.41000366210938,103.12999725341797,103.86000061035156,97.48056030273438,4175700.0
2022-12-07,ABT,104.0199966430664,105.48999786376953,104.0199966430664,104.80999755859375,98.37220764160156,3592400.0
2022-12-08,ABT,104.66000366210938,107.08999633789062,104.2300033569336,106.91999816894531,100.35260772705078,4607700.0
2022-12-09,ABT,106.7300033569336,108.4800033569336,106.44999694824219,107.51000213623047,100.90636444091797,5346400.0
2022-12-12,ABT,107.7300033569336,109.58999633789062,107.7300033569336,109.48999786376953,102.76473999023438,4752500.0
2022-12-13,ABT,112.31999969482422,112.69999694824219,111.05999755859375,111.52999877929688,104.67943572998047,6246000.0
2022-12-14,ABT,111.37000274658203,112.91000366210938,110.52999877929688,111.26000213623047,104.426025390625,5614900.0
2022-12-15,ABT,109.8499984741211,110.0,108.41000366210938,108.5199966430664,101.85431671142578,4947800.0
2022-12-16,ABT,107.69999694824219,107.8499984741211,105.77999877929688,106.91000366210938,100.34320831298828,7976100.0
2022-12-19,ABT,106.73999786376953,107.18000030517578,105.83000183105469,106.58999633789062,100.04287719726562,4352000.0
2022-12-20,ABT,106.61000061035156,106.98999786376953,105.62000274658203,106.48999786376953,99.94902038574219,3673000.0
2022-12-21,ABT,107.08999633789062,108.38999938964844,107.05999755859375,108.13999938964844,101.4976806640625,3228600.0
2022-12-22,ABT,107.70999908447266,108.16000366210938,106.22000122070312,108.02999877929688,101.39441680908203,3311100.0
2022-12-23,ABT,107.66999816894531,108.4000015258789,107.0999984741211,108.18000030517578,101.53522491455078,2618400.0
2022-12-27,ABT,108.3499984741211,109.05000305175781,107.37999725341797,108.56999969482422,101.90126037597656,2927400.0
2022-12-28,ABT,109.0199966430664,110.0999984741211,107.73999786376953,107.83000183105469,101.20671081542969,3265200.0
2022-12-29,ABT,108.75,110.76000213623047,108.45999908447266,110.30999755859375,103.53437805175781,3047800.0
2022-12-30,ABT,109.80000305175781,110.12000274658203,108.66000366210938,109.79000091552734,103.04632568359375,3471000.0
2023-01-03,ABT,110.51000213623047,111.33000183105469,108.75,109.58000183105469,102.8492202758789,4171900.0
2023-01-04,ABT,111.01000213623047,111.94000244140625,110.3499984741211,111.20999908447266,104.37908935546875,4395500.0
2023-01-05,ABT,111.0999984741211,111.70999908447266,110.36000061035156,110.80000305175781,103.9942855834961,4896900.0
2023-01-06,ABT,112.0,112.73999786376953,110.20999908447266,112.33000183105469,105.43030548095703,3800400.0
2023-01-09,ABT,113.5199966430664,113.66999816894531,112.0199966430664,112.1500015258789,105.26136779785156,7277700.0
2023-01-10,ABT,112.5,114.08000183105469,112.31999969482422,113.8499984741211,106.85693359375,5591700.0
2023-01-11,ABT,114.87000274658203,115.69000244140625,112.13999938964844,113.1500015258789,106.199951171875,5350300.0
2023-01-12,ABT,111.98999786376953,112.38999938964844,110.88999938964844,111.36000061035156,104.99312591552734,4697700.0
2023-01-13,ABT,111.2699966430664,113.88999938964844,111.19000244140625,113.51000213623047,107.02019500732422,5348700.0
2023-01-17,ABT,113.5,114.27999877929688,113.05999755859375,113.38999938964844,106.90706634521484,5711000.0
2023-01-18,ABT,113.20999908447266,113.58000183105469,111.19000244140625,111.51000213623047,105.1345443725586,4288500.0
2023-01-19,ABT,111.05999755859375,112.31999969482422,110.58999633789062,111.80000305175781,105.40797424316406,6157700.0
2023-01-20,ABT,112.19999694824219,113.04000091552734,111.6500015258789,112.81999969482422,106.3696517944336,5078300.0
2023-01-23,ABT,112.43000030517578,114.69999694824219,112.41999816894531,114.01000213623047,107.49161529541016,6115300.0
2023-01-24,ABT,112.86000061035156,113.66000366210938,112.27999877929688,112.52999877929688,106.09622955322266,4662000.0
2023-01-25,ABT,110.0,112.23999786376953,109.58999633789062,111.0,104.65370178222656,6070800.0
2023-01-26,ABT,111.25,111.62000274658203,110.11000061035156,111.06999969482422,104.71969604492188,4159500.0
2023-01-27,ABT,110.6500015258789,111.26000213623047,109.80999755859375,109.94999694824219,103.66373443603516,4860600.0
2023-01-30,ABT,109.80999755859375,110.66999816894531,109.62000274658203,109.80999755859375,103.53174591064453,4434800.0
2023-01-31,ABT,109.79000091552734,110.66000366210938,108.87000274658203,110.55000305175781,104.22943115234375,5698300.0
2023-02-01,ABT,110.77999877929688,112.08999633789062,109.66999816894531,111.81999969482422,105.42681121826172,4532300.0
2023-02-02,ABT,111.27999877929688,112.37000274658203,110.88999938964844,112.25,105.83223724365234,5051800.0
2023-02-03,ABT,111.80999755859375,112.33000183105469,110.66000366210938,111.79000091552734,105.3985366821289,3754500.0
2023-02-06,ABT,111.56999969482422,111.69000244140625,110.45999908447266,110.75,104.41800689697266,4145600.0
2023-02-07,ABT,110.04000091552734,112.41000366210938,109.87999725341797,111.98999786376953,105.58710479736328,3401600.0
2023-02-08,ABT,111.4000015258789,111.87000274658203,109.75,110.19999694824219,103.89944458007812,4222300.0
2023-02-09,ABT,110.69000244140625,111.2699966430664,107.51000213623047,108.06999969482422,101.89122772216797,3912700.0
2023-02-10,ABT,108.26000213623047,108.9000015258789,107.80000305175781,108.16000366210938,101.97607421875,4186300.0
2023-02-13,ABT,108.31999969482422,109.13999938964844,107.7699966430664,108.5199966430664,102.31548309326172,3711000.0
2023-02-14,ABT,108.19000244140625,108.33999633789062,106.36000061035156,107.26000213623047,101.1275405883789,4244000.0
2023-02-15,ABT,106.76000213623047,107.30999755859375,106.27999877929688,107.27999877929688,101.14637756347656,4060300.0
2023-02-16,ABT,105.7699966430664,107.38999938964844,105.66999816894531,106.08000183105469,100.0149917602539,3299000.0
2023-02-17,ABT,105.54000091552734,106.95999908447266,105.48999786376953,106.73999786376953,100.63724517822266,3564100.0
2023-02-21,ABT,105.8499984741211,106.13999938964844,103.3499984741211,103.6500015258789,97.72393798828125,5204300.0
2023-02-22,ABT,103.23999786376953,103.8499984741211,100.5,102.69000244140625,96.81881713867188,8900900.0
2023-02-23,ABT,103.23999786376953,103.77999877929688,101.66000366210938,102.55000305175781,96.68681335449219,4611100.0
2023-02-24,ABT,101.44999694824219,101.80000305175781,99.88999938964844,100.45999908447266,94.71631622314453,5476800.0
2023-02-27,ABT,101.27999877929688,101.30999755859375,99.66000366210938,99.7699966430664,94.06576538085938,4489800.0
2023-02-28,ABT,99.83999633789062,102.41999816894531,99.69000244140625,101.72000122070312,95.9042739868164,7877000.0
2023-03-01,ABT,100.69999694824219,101.36000061035156,100.38999938964844,100.83000183105469,95.0651626586914,3963500.0
2023-03-02,ABT,100.2699966430664,102.9800033569336,100.2699966430664,102.62999725341797,96.76223754882812,5209900.0
2023-03-03,ABT,102.9000015258789,104.51000213623047,102.76000213623047,104.44999694824219,98.47817993164062,4982400.0
2023-03-06,ABT,104.51000213623047,104.5999984741211,102.62999725341797,102.75,96.87539672851562,5005100.0
2023-03-07,ABT,102.86000061035156,103.0999984741211,99.81999969482422,99.9800033569336,94.26376342773438,6349000.0
2023-03-08,ABT,99.91999816894531,100.2699966430664,99.26000213623047,99.4000015258789,93.71691131591797,6252600.0
2023-03-09,ABT,99.88999938964844,99.97000122070312,97.5,97.8499984741211,92.25553131103516,5146000.0
2023-03-10,ABT,97.76000213623047,98.4000015258789,96.55999755859375,96.95999908447266,91.41643524169922,7042400.0
2023-03-13,ABT,96.5999984741211,99.19999694824219,96.38999938964844,98.19000244140625,92.57610321044922,6553000.0
2023-03-14,ABT,99.27999877929688,99.5,97.33999633789062,98.55000305175781,92.9155044555664,5093900.0
2023-03-15,ABT,97.5,97.94000244140625,96.69999694824219,97.80000305175781,92.20840454101562,5712100.0
2023-03-16,ABT,97.05999755859375,99.27999877929688,97.0,99.02999877929688,93.36807250976562,5289100.0
2023-03-17,ABT,99.01000213623047,99.19999694824219,96.51000213623047,97.01000213623047,91.46356201171875,10848100.0
2023-03-20,ABT,97.26000213623047,98.19999694824219,97.18000030517578,97.87000274658203,92.27438354492188,6075700.0
2023-03-21,ABT,98.16999816894531,98.41000366210938,97.29000091552734,98.33000183105469,92.70809936523438,4475000.0
2023-03-22,ABT,98.61000061035156,99.30999755859375,96.83999633789062,96.86000061035156,91.32213592529297,3606700.0
2023-03-23,ABT,96.9000015258789,97.80999755859375,96.44000244140625,97.04000091552734,91.49183654785156,4525000.0
2023-03-24,ABT,97.04000091552734,98.08000183105469,96.80999755859375,98.05000305175781,92.44410705566406,5269100.0
2023-03-27,ABT,99.0,99.4800033569336,98.2699966430664,98.45999908447266,92.83067321777344,4627700.0
2023-03-28,ABT,98.0999984741211,98.23999786376953,96.61000061035156,97.11000061035156,91.55785369873047,4815400.0
2023-03-29,ABT,98.01000213623047,98.73999786376953,97.25,98.62000274658203,92.98151397705078,6780200.0
2023-03-30,ABT,99.37999725341797,99.4800033569336,98.51000213623047,99.08000183105469,93.41520690917969,5199300.0
2023-03-31,ABT,99.91999816894531,101.41000366210938,99.7300033569336,101.26000213623047,95.47057342529297,6442400.0
2023-04-03,ABT,100.80000305175781,101.66000366210938,100.04000091552734,101.58999633789062,95.78170013427734,5432400.0
2023-04-04,ABT,101.9000015258789,103.33999633789062,101.83000183105469,102.80000305175781,96.92253875732422,7979000.0
2023-04-05,ABT,102.62999725341797,104.29000091552734,102.5,104.20999908447266,98.25191497802734,7298300.0
2023-04-06,ABT,104.48999786376953,105.55000305175781,104.18000030517578,104.93000030517578,98.93074035644531,5065000.0
2023-04-10,ABT,104.41999816894531,104.91000366210938,103.05999755859375,103.69999694824219,97.77107238769531,4900200.0
2023-04-11,ABT,104.19999694824219,104.69999694824219,103.0999984741211,103.29000091552734,97.38452911376953,4658000.0
2023-04-12,ABT,103.38999938964844,103.83999633789062,102.30999755859375,102.55999755859375,96.69625091552734,4560700.0
2023-04-13,ABT,102.75,103.70999908447266,101.80000305175781,103.61000061035156,98.17442321777344,4778700.0
2023-04-14,ABT,103.61000061035156,104.3499984741211,103.45999908447266,103.95999908447266,98.50605010986328,5043700.0
2023-04-17,ABT,104.0,104.8499984741211,104.0,104.5199966430664,99.03666687011719,4806400.0
2023-04-18,ABT,105.44000244140625,105.69999694824219,103.93000030517578,104.1500015258789,98.68608856201172,6552100.0
2023-04-19,ABT,108.5,112.69999694824219,108.1500015258789,112.29000091552734,106.3990478515625,12425400.0
2023-04-20,ABT,112.25,112.29000091552734,110.0,110.3499984741211,104.56082916259766,7413200.0
2023-04-21,ABT,110.87999725341797,112.12000274658203,110.87999725341797,111.66000366210938,105.80209350585938,6301100.0
2023-04-24,ABT,111.75,111.75,110.13999938964844,110.4000015258789,104.60819244384766,5341900.0
2023-04-25,ABT,110.38999938964844,110.52999877929688,109.66999816894531,109.97000122070312,104.20074462890625,5636700.0
2023-04-26,ABT,109.31999969482422,109.41999816894531,108.2699966430664,108.75,103.04476165771484,4240000.0
2023-04-27,ABT,108.70999908447266,109.54000091552734,107.66999816894531,109.5,103.75540161132812,4257200.0
2023-04-28,ABT,109.44000244140625,110.8499984741211,109.37000274658203,110.47000122070312,104.67451477050781,4835900.0
2023-05-01,ABT,110.45999908447266,111.56999969482422,109.93000030517578,111.11000061035156,105.28096008300781,3722900.0
2023-05-02,ABT,111.05999755859375,111.94000244140625,110.43000030517578,111.5,105.65047454833984,4998000.0
2023-05-03,ABT,111.80999755859375,112.94999694824219,111.43000030517578,111.76000213623047,105.8968276977539,5602000.0
2023-05-04,ABT,111.44999694824219,111.48999786376953,110.55999755859375,110.86000061035156,105.04405212402344,4070700.0
2023-05-05,ABT,111.37000274658203,111.75,111.05000305175781,111.26000213623047,105.42308044433594,4025000.0
2023-05-08,ABT,110.45999908447266,111.58000183105469,110.29000091552734,110.9000015258789,105.08196258544922,2445500.0
2023-05-09,ABT,110.12999725341797,111.02999877929688,109.29000091552734,110.25,104.46605682373047,3274300.0
2023-05-10,ABT,110.9000015258789,110.97000122070312,109.62999725341797,110.69000244140625,104.88298797607422,3129100.0
2023-05-11,ABT,110.05999755859375,110.47000122070312,109.26000213623047,110.05000305175781,104.27655792236328,3879400.0
2023-05-12,ABT,109.76000213623047,110.55000305175781,109.4800033569336,110.48999786376953,104.6934814453125,3325000.0
2023-05-15,ABT,110.63999938964844,110.9800033569336,109.54000091552734,109.83999633789062,104.07756042480469,3020000.0
2023-05-16,ABT,109.54000091552734,110.45999908447266,109.26000213623047,109.38999938964844,103.65118408203125,3393800.0
2023-05-17,ABT,109.7699966430664,109.9800033569336,107.97000122070312,108.81999969482422,103.11109161376953,3801000.0
2023-05-18,ABT,108.7300033569336,108.83999633789062,107.87000274658203,108.47000122070312,102.77946472167969,3481600.0
2023-05-19,ABT,108.9800033569336,109.9800033569336,108.4000015258789,108.93000030517578,103.2153091430664,4487700.0
2023-05-22,ABT,108.68000030517578,109.31999969482422,108.06999969482422,108.25,102.57096862792969,2809500.0
2023-05-23,ABT,107.30000305175781,107.4800033569336,105.5199966430664,105.73999786376953,100.19266510009766,4337800.0
2023-05-24,ABT,105.6500015258789,105.6500015258789,103.98999786376953,104.04000091552734,98.58184814453125,4507600.0
2023-05-25,ABT,103.2699966430664,103.52999877929688,101.33999633789062,102.13999938964844,96.78153228759766,6734500.0
2023-05-26,ABT,102.1500015258789,103.44999694824219,102.02999877929688,102.87000274658203,97.47323608398438,4911800.0
2023-05-30,ABT,102.25,102.5199966430664,101.56999969482422,101.70999908447266,96.37407684326172,5168700.0
2023-05-31,ABT,101.5,102.2699966430664,100.37999725341797,102.0,96.64888763427734,7063400.0
2023-06-01,ABT,101.91000366210938,102.9000015258789,100.91000366210938,102.81999969482422,97.42585754394531,4603900.0
2023-06-02,ABT,103.30999755859375,104.5,102.8499984741211,104.19999694824219,98.73345947265625,6024300.0
2023-06-05,ABT,104.05999755859375,105.01000213623047,103.33999633789062,103.76000213623047,98.31655883789062,3565900.0
2023-06-06,ABT,103.87000274658203,104.04000091552734,102.22000122070312,102.62000274658203,97.23635864257812,4044300.0
2023-06-07,ABT,102.41999816894531,102.48999786376953,101.25,101.66000366210938,96.32670593261719,6231200.0
2023-06-08,ABT,101.25,101.37999725341797,100.56999969482422,100.77999877929688,95.49288177490234,5159000.0
2023-06-09,ABT,100.97000122070312,101.9800033569336,100.54000091552734,101.69000244140625,96.35514068603516,4276000.0
2023-06-12,ABT,101.83999633789062,101.91000366210938,100.79000091552734,101.4000015258789,96.08035278320312,3629100.0
2023-06-13,ABT,101.48999786376953,102.06999969482422,100.94000244140625,101.86000061035156,96.51622772216797,4642200.0
2023-06-14,ABT,103.30999755859375,104.1500015258789,102.81999969482422,103.25,97.83329772949219,5020600.0
2023-06-15,ABT,103.26000213623047,105.31999969482422,103.11000061035156,105.0199966430664,99.51044464111328,6378600.0
2023-06-16,ABT,105.44000244140625,106.56999969482422,105.37000274658203,106.19999694824219,100.62852478027344,10020900.0
2023-06-20,ABT,105.19999694824219,107.66999816894531,104.9000015258789,106.69999694824219,101.102294921875,6573100.0
2023-06-21,ABT,106.62000274658203,106.76000213623047,105.61000061035156,106.25,100.67591857910156,4428600.0
2023-06-22,ABT,106.69000244140625,108.36000061035156,106.44000244140625,108.25,102.57096862792969,5480300.0
2023-06-23,ABT,108.19999694824219,108.5,107.37000274658203,108.05000305175781,102.38148498535156,5647000.0
2023-06-26,ABT,108.0999984741211,109.20999908447266,106.80000305175781,108.51000213623047,102.81734466552734,6134700.0
2023-06-27,ABT,108.88999938964844,108.94000244140625,106.7699966430664,107.79000091552734,102.13512420654297,4849700.0
2023-06-28,ABT,107.95999908447266,108.1500015258789,107.36000061035156,107.61000061035156,101.96456146240234,3900000.0
2023-06-29,ABT,107.02999877929688,107.86000061035156,106.97000122070312,107.66000366210938,102.0119400024414,3417400.0
2023-06-30,ABT,108.0,109.33999633789062,107.69999694824219,109.0199966430664,103.30058288574219,4449200.0
2023-07-03,ABT,108.25,108.4800033569336,107.02999877929688,107.22000122070312,101.59502410888672,2268000.0
2023-07-05,ABT,106.72000122070312,107.83000183105469,106.44999694824219,107.37000274658203,101.73715209960938,4968600.0
2023-07-06,ABT,106.75,107.44999694824219,106.13999938964844,107.19999694824219,101.57606506347656,5325000.0
2023-07-07,ABT,106.30000305175781,107.93000030517578,106.06999969482422,106.3499984741211,100.77066802978516,5053700.0
2023-07-10,ABT,106.58000183105469,107.75,106.29000091552734,107.0199966430664,101.40550994873047,5259500.0
2023-07-11,ABT,107.0199966430664,107.68000030517578,106.7699966430664,107.5,101.8603286743164,3899700.0
2023-07-12,ABT,108.05999755859375,108.20999908447266,106.66000366210938,106.8499984741211,101.24443817138672,4845300.0
2023-07-13,ABT,106.69000244140625,107.79000091552734,106.44999694824219,107.73999786376953,102.57735443115234,4936800.0
2023-07-14,ABT,108.0,108.47000122070312,107.18000030517578,107.93000030517578,102.75823974609375,4016000.0
2023-07-17,ABT,107.54000091552734,107.70999908447266,106.70999908447266,107.0,101.872802734375,4580800.0
2023-07-18,ABT,106.80999755859375,107.19000244140625,105.95999908447266,106.94999694824219,101.82518768310547,3913900.0
2023-07-19,ABT,107.06999969482422,108.08999633789062,107.05999755859375,107.27999877929688,102.13938903808594,6225900.0
2023-07-20,ABT,108.0999984741211,112.56999969482422,107.77999877929688,111.83000183105469,106.47135925292969,8768600.0
2023-07-21,ABT,112.8499984741211,114.79000091552734,112.33000183105469,114.29000091552734,108.8134765625,7062700.0
2023-07-24,ABT,113.83999633789062,115.83000183105469,113.18000030517578,114.62000274658203,109.127685546875,5665900.0
2023-07-25,ABT,113.11000061035156,113.5,112.51000213623047,112.93000030517578,107.51863861083984,4732500.0
2023-07-26,ABT,112.5,114.30000305175781,112.37999725341797,114.08000183105469,108.6135482788086,3682500.0
2023-07-27,ABT,114.45999908447266,114.58999633789062,112.51000213623047,112.6500015258789,107.25206756591797,4762900.0
2023-07-28,ABT,113.18000030517578,113.5199966430664,112.31999969482422,112.7300033569336,107.3282470703125,3409200.0
2023-07-31,ABT,112.8499984741211,112.88999938964844,110.69999694824219,111.33000183105469,105.99532318115234,3930800.0
2023-08-01,ABT,110.70999908447266,111.25,110.30000305175781,110.52999877929688,105.233642578125,3733700.0
2023-08-02,ABT,110.0199966430664,110.19999694824219,108.05999755859375,108.62000274658203,103.4151840209961,4699400.0
2023-08-03,ABT,107.70999908447266,108.30999755859375,107.13999938964844,107.54000091552734,102.38693237304688,4947700.0
2023-08-04,ABT,107.31999969482422,108.77999877929688,107.27999877929688,107.6500015258789,102.49166107177734,3231100.0
2023-08-07,ABT,107.98999786376953,108.58999633789062,107.62999725341797,108.44999694824219,103.2533187866211,3632500.0
2023-08-08,ABT,107.5999984741211,107.5999984741211,103.66999816894531,105.58000183105469,100.5208511352539,7544300.0
2023-08-09,ABT,105.5,106.9000015258789,105.18000030517578,105.30000305175781,100.25428009033203,5135200.0
2023-08-10,ABT,105.4800033569336,107.0,104.62000274658203,104.73999786376953,99.7210922241211,4708200.0
2023-08-11,ABT,104.22000122070312,105.41000366210938,103.69000244140625,105.30999755859375,100.26377868652344,3478600.0
2023-08-14,ABT,105.13999938964844,106.22000122070312,105.13999938964844,106.0999984741211,101.01593017578125,3076100.0
2023-08-15,ABT,106.1500015258789,106.1500015258789,104.55000305175781,104.94000244140625,99.91151428222656,3150600.0
2023-08-16,ABT,104.45999908447266,105.37999725341797,104.44000244140625,104.52999877929688,99.52114868164062,4086400.0
2023-08-17,ABT,105.19999694824219,105.91000366210938,104.4800033569336,104.93000030517578,99.90199279785156,4175200.0
2023-08-18,ABT,104.55999755859375,105.05999755859375,103.27999877929688,103.70999908447266,98.7404556274414,4809700.0
2023-08-21,ABT,103.77999877929688,104.41000366210938,103.36000061035156,103.87000274658203,98.89279174804688,2954700.0
2023-08-22,ABT,103.87999725341797,105.52999877929688,103.72000122070312,105.1500015258789,100.11145782470703,4840100.0
2023-08-23,ABT,105.69999694824219,106.11000061035156,104.80000305175781,105.12999725341797,100.0924072265625,3403300.0
2023-08-24,ABT,104.91000366210938,105.8499984741211,103.62999725341797,103.75,98.7785415649414,3529500.0
2023-08-25,ABT,104.0199966430664,104.77999877929688,103.29000091552734,104.20999908447266,99.21648406982422,3000800.0
2023-08-28,ABT,105.06999969482422,105.22000122070312,101.88999938964844,102.79000091552734,97.86453247070312,5862500.0
2023-08-29,ABT,103.23999786376953,103.94000244140625,102.9800033569336,103.87000274658203,98.89279174804688,4515600.0
2023-08-30,ABT,104.08000183105469,105.08000183105469,104.08000183105469,104.41000366210938,99.40690612792969,3711300.0
2023-08-31,ABT,104.5199966430664,104.58000183105469,102.86000061035156,102.9000015258789,97.96926879882812,4042300.0
2023-09-01,ABT,103.4000015258789,103.79000091552734,102.55999755859375,102.8499984741211,97.92166900634766,2641100.0
2023-09-05,ABT,102.77999877929688,102.8499984741211,100.87000274658203,100.87999725341797,96.04605865478516,4284000.0
2023-09-06,ABT,101.01000213623047,102.05999755859375,99.7699966430664,101.55999755859375,96.69347381591797,5094400.0
2023-09-07,ABT,101.98999786376953,102.27999877929688,100.51000213623047,100.66999816894531,95.84612274169922,3863200.0
2023-09-08,ABT,100.5999984741211,100.81999969482422,99.83999633789062,100.7300033569336,95.90325164794922,3521300.0
2023-09-11,ABT,100.80000305175781,103.12999725341797,100.55000305175781,102.44999694824219,97.54082489013672,4891100.0
2023-09-12,ABT,102.37000274658203,102.91999816894531,101.5999984741211,102.4000015258789,97.49324035644531,3531400.0
2023-09-13,ABT,102.06999969482422,103.44000244140625,102.05999755859375,102.69000244140625,97.76932525634766,3192500.0
2023-09-14,ABT,103.22000122070312,103.62000274658203,102.5199966430664,102.6500015258789,97.73125457763672,4086600.0
2023-09-15,ABT,102.8499984741211,102.88999938964844,101.4800033569336,101.73999786376953,96.86486053466797,8303300.0
2023-09-18,ABT,102.06999969482422,102.06999969482422,100.75,101.0,96.16030883789062,3652600.0
2023-09-19,ABT,101.37999725341797,101.95999908447266,100.13999938964844,100.66999816894531,95.84612274169922,4090800.0
2023-09-20,ABT,101.19000244140625,101.3499984741211,100.2699966430664,100.27999877929688,95.47480773925781,3966000.0
2023-09-21,ABT,100.0,100.19999694824219,98.8499984741211,98.93000030517578,94.18949890136719,3943700.0
2023-09-22,ABT,98.9000015258789,98.93000030517578,98.0199966430664,98.1500015258789,93.44686889648438,4357800.0
2023-09-25,ABT,97.97000122070312,98.20999908447266,97.16000366210938,97.47000122070312,92.79945373535156,4096300.0
2023-09-26,ABT,97.05000305175781,97.52999877929688,96.02999877929688,96.2300033569336,91.61888122558594,3967700.0
2023-09-27,ABT,96.58999633789062,96.94000244140625,94.76000213623047,95.52999877929688,90.95242309570312,5391000.0
2023-09-28,ABT,96.27999877929688,98.27999877929688,96.12000274658203,98.12000274658203,93.41831970214844,6092800.0
2023-09-29,ABT,98.44999694824219,98.51000213623047,96.4800033569336,96.8499984741211,92.20917510986328,5150500.0
2023-10-02,ABT,95.76000213623047,95.88999938964844,94.52999877929688,95.7300033569336,91.14282989501953,4349200.0
2023-10-03,ABT,95.5199966430664,96.16999816894531,94.58000183105469,95.79000091552734,91.19996643066406,4597500.0
2023-10-04,ABT,95.88999938964844,96.33999633789062,94.83000183105469,95.6500015258789,91.0666732788086,4336100.0
2023-10-05,ABT,95.76000213623047,96.69000244140625,95.0999984741211,96.19999694824219,91.59032440185547,5708300.0
2023-10-06,ABT,95.80999755859375,97.51000213623047,95.44999694824219,96.87999725341797,92.23773956298828,4790500.0
2023-10-09,ABT,96.41000366210938,97.01000213623047,95.79000091552734,96.76000213623047,92.12347412109375,3958300.0
2023-10-10,ABT,96.81999969482422,98.48999786376953,96.58999633789062,97.55999755859375,92.88514709472656,4352200.0
2023-10-11,ABT,97.16000366210938,97.16000366210938,92.05000305175781,92.63999938964844,88.2009048461914,9269300.0
2023-10-12,ABT,92.25,93.08000183105469,89.66999816894531,90.19000244140625,86.3436508178711,7387000.0
2023-10-13,ABT,89.87999725341797,91.66000366210938,89.80999755859375,90.87000274658203,86.9946517944336,5623600.0
2023-10-16,ABT,91.0999984741211,92.86000061035156,90.87000274658203,92.18000030517578,88.24876403808594,6452300.0
2023-10-17,ABT,91.94999694824219,93.01000213623047,91.26000213623047,92.13999938964844,88.21048736572266,8288600.0
2023-10-18,ABT,96.0,96.5,91.6500015258789,95.55999755859375,91.484619140625,16482600.0
2023-10-19,ABT,96.54000091552734,96.54000091552734,93.76000213623047,95.44000244140625,91.36975860595703,8537800.0
2023-10-20,ABT,95.25,98.1500015258789,95.25,96.77999877929688,92.65259552001953,11517800.0
2023-10-23,ABT,96.87999725341797,98.1500015258789,95.66000366210938,95.77999877929688,91.69523620605469,6178800.0
2023-10-24,ABT,95.4000015258789,95.83000183105469,94.33999633789062,94.80999755859375,90.7666015625,6677000.0
2023-10-25,ABT,94.55999755859375,94.63999938964844,92.79000091552734,93.56999969482422,89.57949829101562,8157700.0
2023-10-26,ABT,93.05999755859375,94.75,93.05000305175781,93.9800033569336,89.97201538085938,6838100.0
2023-10-27,ABT,94.75,95.31999969482422,92.37999725341797,92.8499984741211,88.89019775390625,5934100.0
2023-10-30,ABT,93.52999877929688,93.8499984741211,91.63999938964844,93.0,89.03379821777344,7168900.0
2023-10-31,ABT,93.9000015258789,94.9000015258789,93.12000274658203,94.55000305175781,90.5177001953125,7452300.0
2023-11-01,ABT,94.8499984741211,95.98999786376953,94.55999755859375,95.01000213623047,90.95808410644531,6985000.0
2023-11-02,ABT,94.9800033569336,96.16999816894531,94.44000244140625,95.95999908447266,91.86756134033203,4683100.0
2023-11-03,ABT,97.0,97.16999816894531,95.66000366210938,95.83999633789062,91.75267791748047,5652600.0
2023-11-06,ABT,95.55000305175781,95.80999755859375,94.41000366210938,95.0,90.94851684570312,6137400.0
2023-11-07,ABT,94.93000030517578,95.44000244140625,94.5,94.80000305175781,90.75704193115234,4466500.0
2023-11-08,ABT,95.22000122070312,95.7300033569336,93.79000091552734,94.73999786376953,90.6995849609375,4416000.0
2023-11-09,ABT,94.87999725341797,95.19000244140625,93.38999938964844,93.55000305175781,89.56034088134766,5007900.0
2023-11-10,ABT,93.69999694824219,94.22000122070312,92.43000030517578,93.97000122070312,89.96243286132812,5479100.0
2023-11-13,ABT,95.66999816894531,96.75,94.5,95.79000091552734,91.70481872558594,6894800.0
2023-11-14,ABT,96.31999969482422,97.83999633789062,96.19999694824219,97.08000183105469,92.93980407714844,5527100.0
2023-11-15,ABT,97.37000274658203,98.33000183105469,96.91999816894531,98.0,93.82056427001953,5370500.0
2023-11-16,ABT,97.72000122070312,100.3499984741211,97.63999938964844,100.26000213623047,95.98419952392578,7603200.0
2023-11-17,ABT,100.43000030517578,100.75,99.25,99.55000305175781,95.3044662475586,6069100.0
2023-11-20,ABT,98.94999694824219,101.30999755859375,98.94999694824219,101.19999694824219,96.88409423828125,6869100.0
2023-11-21,ABT,101.47000122070312,102.58000183105469,100.98999786376953,101.91000366210938,97.5638198852539,7111600.0
2023-11-22,ABT,102.27999877929688,103.22000122070312,102.08000183105469,102.69999694824219,98.32012176513672,6470600.0
2023-11-24,ABT,102.68000030517578,103.18000030517578,102.19000244140625,102.87000274658203,98.48287963867188,2166800.0
2023-11-27,ABT,102.5999984741211,103.47000122070312,102.25,102.70999908447266,98.32969665527344,4572500.0
2023-11-28,ABT,102.45999908447266,102.48999786376953,101.3499984741211,102.05999755859375,97.7074203491211,3607600.0
2023-11-29,ABT,102.31999969482422,103.83999633789062,102.2300033569336,103.62999725341797,99.21045684814453,5458700.0
2023-11-30,ABT,103.75,104.72000122070312,103.11000061035156,104.29000091552734,99.84232330322266,16766200.0
2023-12-01,ABT,104.22000122070312,104.9800033569336,103.9000015258789,104.87999725341797,100.40714263916016,4682300.0
2023-12-04,ABT,104.41000366210938,105.51000213623047,104.30000305175781,105.19000244140625,100.70393371582031,4717700.0
2023-12-05,ABT,105.0,105.25,103.94999694824219,104.3499984741211,99.89974975585938,4315500.0
2023-12-06,ABT,104.62999725341797,105.26000213623047,103.87999725341797,104.94000244140625,100.46459197998047,4296000.0
2023-12-07,ABT,105.19000244140625,105.20999908447266,103.95999908447266,104.05000305175781,99.61255645751953,5199000.0
2023-12-08,ABT,104.12000274658203,104.86000061035156,104.12000274658203,104.51000213623047,100.05292510986328,3426800.0
2023-12-11,ABT,104.20999908447266,106.25,104.20999908447266,106.22000122070312,101.69001770019531,5208200.0
2023-12-12,ABT,106.37000274658203,107.22000122070312,105.55999755859375,106.68000030517578,102.13038635253906,5354500.0
2023-12-13,ABT,106.01000213623047,107.27999877929688,105.9000015258789,107.25,102.67607879638672,6534800.0
2023-12-14,ABT,107.83000183105469,108.66999816894531,106.68000030517578,108.5999984741211,103.96849060058594,6611600.0
2023-12-15,ABT,107.86000061035156,107.97000122070312,106.51000213623047,107.29000091552734,102.71437072753906,13316300.0
2023-12-18,ABT,107.63999938964844,108.62000274658203,107.16000366210938,108.05999755859375,103.45152282714844,5142800.0
2023-12-19,ABT,108.1500015258789,108.72000122070312,107.43000030517578,108.41999816894531,103.79618072509766,4675100.0
2023-12-20,ABT,107.8499984741211,108.81999969482422,107.30000305175781,107.4000015258789,102.81968688964844,5666200.0
2023-12-21,ABT,107.41999816894531,108.68000030517578,107.18000030517578,108.4800033569336,103.85363006591797,3555600.0
2023-12-22,ABT,108.86000061035156,109.33999633789062,108.5,109.02999877929688,104.38015747070312,2565700.0
2023-12-26,ABT,108.51000213623047,109.7300033569336,108.51000213623047,109.2300033569336,104.57164001464844,2513400.0
2023-12-27,ABT,109.04000091552734,109.80000305175781,109.04000091552734,109.79000091552734,105.10774993896484,2471800.0
2023-12-28,ABT,109.8499984741211,110.70999908447266,109.72000122070312,110.4000015258789,105.69174194335938,3206100.0
2023-12-29,ABT,110.4000015258789,110.7300033569336,109.83000183105469,110.06999969482422,105.37581634521484,3550200.0
2024-01-02,ABT,109.55999755859375,111.0,109.55999755859375,109.8499984741211,105.1651840209961,5058600.0
2024-01-03,ABT,110.13999938964844,110.25,109.29000091552734,109.5199966430664,104.84925842285156,4239600.0
2024-01-04,ABT,109.68000030517578,111.02999877929688,109.51000213623047,110.9800033569336,106.24700927734375,5296100.0
2024-01-05,ABT,110.70999908447266,111.05000305175781,110.02999877929688,110.80000305175781,106.0746841430664,4127700.0
2024-01-08,ABT,111.12999725341797,112.5199966430664,110.91999816894531,112.4000015258789,107.60645294189453,5030400.0
2024-01-09,ABT,112.1500015258789,113.54000091552734,112.05999755859375,112.7300033569336,107.92237854003906,3802100.0
2024-01-10,ABT,113.05000305175781,114.41000366210938,112.80999755859375,114.4000015258789,109.52114868164062,4672100.0
2024-01-11,ABT,113.26000213623047,113.7300033569336,112.58999633789062,113.5,109.18445587158203,5163900.0
2024-01-12,ABT,114.16999816894531,114.94000244140625,113.44999694824219,113.91999816894531,109.5885009765625,3884800.0
2024-01-16,ABT,113.51000213623047,114.06999969482422,112.91000366210938,113.76000213623047,109.43456268310547,5876000.0
2024-01-17,ABT,113.62000274658203,114.5,113.44000244140625,113.93000030517578,109.59811401367188,4672000.0
2024-01-18,ABT,114.19999694824219,114.56999969482422,113.41000366210938,114.0199966430664,109.68468475341797,5098000.0
2024-01-19,ABT,113.62999725341797,114.86000061035156,113.45999908447266,114.69000244140625,110.32920837402344,6843100.0
2024-01-22,ABT,114.93000030517578,115.63999938964844,114.13999938964844,114.19000244140625,109.84822845458984,5062500.0
2024-01-23,ABT,114.44999694824219,115.5,112.87000274658203,114.0,109.66545867919922,5037300.0
2024-01-24,ABT,110.75,113.3499984741211,109.73999786376953,110.7699966430664,106.55825805664062,8710800.0
2024-01-25,ABT,111.41000366210938,112.56999969482422,110.79000091552734,112.44999694824219,108.17438507080078,5648600.0
2024-01-26,ABT,113.2300033569336,113.41000366210938,111.54000091552734,112.01000213623047,107.7511215209961,5176600.0
2024-01-29,ABT,112.1500015258789,113.47000122070312,112.02999877929688,113.44999694824219,109.1363525390625,6480600.0
2024-01-30,ABT,113.9000015258789,113.91999816894531,112.37999725341797,113.4800033569336,109.16522979736328,4768400.0
2024-01-31,ABT,114.0,114.54000091552734,112.62000274658203,113.1500015258789,108.84777069091797,8325200.0
2024-02-01,ABT,112.75,114.54000091552734,112.0,114.48999786376953,110.13680267333984,4520300.0
2024-02-02,ABT,112.95999908447266,114.05999755859375,111.9800033569336,112.11000061035156,107.84730529785156,7575700.0
2024-02-05,ABT,112.0199966430664,112.45999908447266,111.1500015258789,111.6500015258789,107.4048080444336,5670000.0
2024-02-06,ABT,111.81999969482422,114.51000213623047,111.72000122070312,114.0,109.66545867919922,4734600.0
2024-02-07,ABT,114.5999984741211,114.5999984741211,112.88999938964844,113.30999755859375,109.00167083740234,4757500.0
2024-02-08,ABT,113.3499984741211,113.3499984741211,111.5199966430664,112.43000030517578,108.15514373779297,6980500.0
2024-02-09,ABT,112.25,112.62999725341797,111.19000244140625,111.80999755859375,107.55870819091797,5947500.0
2024-02-12,ABT,111.5,112.62999725341797,111.20999908447266,112.52999877929688,108.2513427734375,4232100.0
2024-02-13,ABT,112.47000122070312,113.11000061035156,110.58000183105469,111.33999633789062,107.1065902709961,4263400.0
2024-02-14,ABT,111.63999938964844,112.37999725341797,111.12000274658203,112.05999755859375,107.79920959472656,3991100.0
2024-02-15,ABT,112.2699966430664,114.2699966430664,112.2699966430664,113.63999938964844,109.31912231445312,5450700.0
2024-02-16,ABT,113.5,115.48999786376953,113.44999694824219,114.01000213623047,109.67507934570312,7161100.0
2024-02-20,ABT,114.33000183105469,117.19000244140625,113.95999908447266,116.63999938964844,112.20507049560547,9601100.0
2024-02-21,ABT,115.95999908447266,117.9800033569336,115.95999908447266,117.87000274658203,113.38829803466797,6144600.0
2024-02-22,ABT,118.0999984741211,119.25,116.80000305175781,119.0199966430664,114.49456024169922,4916100.0
2024-02-23,ABT,119.37999725341797,120.1500015258789,118.86000061035156,119.45999908447266,114.9178466796875,4261300.0
2024-02-26,ABT,119.5,119.94999694824219,118.38999938964844,118.69000244140625,114.1771240234375,3483100.0
2024-02-27,ABT,118.16000366210938,119.5,117.83000183105469,119.4000015258789,114.8601303100586,3203300.0
2024-02-28,ABT,119.48999786376953,120.11000061035156,119.2699966430664,120.05000305175781,115.48541259765625,3383800.0
2024-02-29,ABT,120.31999969482422,120.44999694824219,118.52999877929688,118.63999938964844,114.12901306152344,6135200.0
2024-03-01,ABT,118.56999969482422,119.45999908447266,117.83000183105469,118.62000274658203,114.10979461669922,3899400.0
2024-03-04,ABT,118.30000305175781,120.27999877929688,118.16999816894531,120.04000091552734,115.47579193115234,3164000.0
2024-03-05,ABT,120.44000244140625,120.5999984741211,118.08000183105469,118.4800033569336,113.97511291503906,3502300.0
2024-03-06,ABT,118.5999984741211,119.58000183105469,118.41999816894531,119.33999633789062,114.80240631103516,3388700.0
2024-03-07,ABT,120.0999984741211,121.5,119.94999694824219,120.91999816894531,116.32233428955078,4200800.0
2024-03-08,ABT,120.97000122070312,121.63999938964844,120.61000061035156,120.95999908447266,116.36080169677734,3357400.0
2024-03-11,ABT,120.93000030517578,121.41999816894531,119.62000274658203,120.19000244140625,115.62008666992188,3886000.0
2024-03-12,ABT,119.94999694824219,121.08000183105469,119.05999755859375,120.76000213623047,116.16842651367188,3079700.0
2024-03-13,ABT,120.5199966430664,120.93000030517578,119.62000274658203,120.16000366210938,115.59122467041016,3421700.0
2024-03-14,ABT,120.01000213623047,120.33999633789062,117.8499984741211,118.8499984741211,114.33103942871094,4952200.0
2024-03-15,ABT,113.0199966430664,115.48999786376953,112.26000213623047,115.48999786376953,111.09879302978516,22415700.0
2024-03-18,ABT,115.3499984741211,115.76000213623047,112.29000091552734,112.44000244140625,108.16476440429688,12991000.0
2024-03-19,ABT,112.44000244140625,114.41999816894531,112.04000091552734,113.16000366210938,108.85739135742188,8299200.0
2024-03-20,ABT,113.0,113.23999786376953,110.7300033569336,111.5,107.260498046875,8317300.0
2024-03-21,ABT,111.94999694824219,112.13999938964844,111.01000213623047,111.51000213623047,107.27012634277344,9722700.0
2024-03-22,ABT,111.5199966430664,111.9800033569336,110.54000091552734,110.56999969482422,106.3658676147461,5387700.0
2024-03-25,ABT,110.44999694824219,110.80000305175781,109.11000061035156,110.01000213623047,105.82716369628906,6622400.0
2024-03-26,ABT,110.48999786376953,111.9000015258789,109.93000030517578,111.5,107.260498046875,7770600.0
2024-03-27,ABT,112.0,113.69999694824219,111.94000244140625,113.4800033569336,109.16522979736328,7533400.0
2024-03-28,ABT,113.27999877929688,114.0199966430664,112.93000030517578,113.66000366210938,109.33837890625,5278000.0
2024-04-01,ABT,113.66000366210938,113.66000366210938,111.81999969482422,112.08999633789062,107.82807159423828,3964000.0
2024-04-02,ABT,111.88999938964844,112.41999816894531,111.18000030517578,112.0199966430664,107.76072692871094,4560700.0
2024-04-03,ABT,112.13999938964844,112.55000305175781,111.05000305175781,111.27999877929688,107.04887390136719,4409900.0
2024-04-04,ABT,111.83999633789062,112.0,109.83999633789062,110.11000061035156,105.92334747314453,4799700.0
2024-04-05,ABT,109.69999694824219,111.26000213623047,109.54000091552734,111.19999694824219,106.97190856933594,5591200.0
2024-04-08,ABT,111.30000305175781,111.4800033569336,110.13999938964844,110.5199966430664,106.31775665283203,5810500.0
2024-04-09,ABT,110.58999633789062,112.56999969482422,110.58000183105469,112.44000244140625,108.16476440429688,4235700.0
2024-04-10,ABT,111.22000122070312,111.66999816894531,110.3499984741211,111.16999816894531,106.94304656982422,3965500.0
2024-04-11,ABT,111.6500015258789,111.9800033569336,110.30999755859375,111.44999694824219,107.21240234375,4321500.0
2024-04-12,ABT,110.2699966430664,110.5,108.48999786376953,109.11000061035156,105.48192596435547,4041500.0
2024-04-15,ABT,110.08999633789062,110.88999938964844,108.83000183105469,108.88999938964844,105.26924896240234,4595600.0
2024-04-16,ABT,108.83999633789062,110.33000183105469,108.13999938964844,109.20999908447266,105.57859802246094,7283900.0
2024-04-17,ABT,107.52999877929688,108.72000122070312,104.25,105.9000015258789,102.37866973876953,12002900.0
2024-04-18,ABT,106.5,107.02999877929688,104.47000122070312,105.2699966430664,101.76961517333984,7306400.0
2024-04-19,ABT,105.9800033569336,107.7699966430664,105.37999725341797,107.27999877929688,103.71277618408203,10533600.0
2024-04-22,ABT,107.4800033569336,107.9000015258789,106.2699966430664,107.06999969482422,103.50975799560547,4948300.0
2024-04-23,ABT,107.66999816894531,108.11000061035156,107.30999755859375,107.58999633789062,104.01246643066406,3849600.0
2024-04-24,ABT,106.70999908447266,107.11000061035156,105.55999755859375,106.88999938964844,103.33575439453125,5052700.0
2024-04-25,ABT,106.6500015258789,107.45999908447266,106.13999938964844,106.86000061035156,103.30674743652344,3112300.0
2024-04-26,ABT,106.51000213623047,107.86000061035156,106.38999938964844,107.52999877929688,103.95447540283203,3575600.0
2024-04-29,ABT,107.38999938964844,108.19000244140625,106.5999984741211,107.2699966430664,103.70311737060547,3305100.0
2024-04-30,ABT,106.5199966430664,106.87000274658203,105.9000015258789,105.97000122070312,102.44634246826172,5074000.0
2024-05-01,ABT,105.93000030517578,107.16000366210938,105.91000366210938,106.29000091552734,102.75570678710938,4096800.0
2024-05-02,ABT,106.66000366210938,106.66000366210938,105.1500015258789,105.91999816894531,102.39799499511719,3708500.0
2024-05-03,ABT,106.11000061035156,106.63999938964844,105.4800033569336,105.9000015258789,102.37866973876953,3610300.0
2024-05-06,ABT,106.11000061035156,106.16999816894531,105.13999938964844,105.63999938964844,102.12731170654297,3789500.0
2024-05-07,ABT,106.5199966430664,106.5999984741211,105.79000091552734,106.16999816894531,102.63967895507812,6556400.0
2024-05-08,ABT,106.33999633789062,106.33999633789062,104.27999877929688,104.94000244140625,101.45059204101562,6234700.0
2024-05-09,ABT,104.7300033569336,105.01000213623047,104.5,104.66999816894531,101.18955993652344,5902000.0
2024-05-10,ABT,104.5,105.66999816894531,104.41999816894531,104.73999786376953,101.25724029541016,7349600.0
2024-05-13,ABT,104.98999786376953,105.5,104.4000015258789,104.7699966430664,101.2862319946289,5459200.0
2024-05-14,ABT,104.8499984741211,105.12999725341797,103.36000061035156,104.01000213623047,100.551513671875,7035100.0
2024-05-15,ABT,104.0999984741211,104.83000183105469,104.0999984741211,104.58999633789062,101.11222076416016,5443200.0
2024-05-16,ABT,104.44999694824219,105.19000244140625,104.16000366210938,104.87000274658203,101.38291931152344,8708300.0
2024-05-17,ABT,104.41000366210938,104.80000305175781,103.94000244140625,104.08999633789062,100.62885284423828,7004600.0
2024-05-20,ABT,103.77999877929688,103.80000305175781,103.0199966430664,103.20999908447266,99.77811431884766,7165900.0
2024-05-21,ABT,103.5199966430664,103.86000061035156,102.41000366210938,102.95999908447266,99.53642272949219,4391600.0
2024-05-22,ABT,102.94999694824219,105.13999938964844,102.94000244140625,104.81999969482422,101.33457946777344,5933400.0
2024-05-23,ABT,103.95999908447266,104.91000366210938,103.44000244140625,104.2300033569336,100.76419830322266,5862200.0
2024-05-24,ABT,104.1500015258789,104.37000274658203,103.58000183105469,103.94999694824219,100.49349975585938,4455600.0
2024-05-28,ABT,103.56999969482422,103.58999633789062,101.55999755859375,101.94999694824219,98.56000518798828,4771100.0
2024-05-29,ABT,101.08999633789062,101.7699966430664,100.63999938964844,100.7300033569336,97.38057708740234,4960900.0
2024-05-30,ABT,101.27999877929688,102.61000061035156,100.86000061035156,101.73999786376953,98.35699462890625,5124000.0
2024-05-31,ABT,101.86000061035156,102.30000305175781,101.38999938964844,102.19000244140625,98.79203033447266,7915700.0
2024-06-03,ABT,102.16999816894531,104.12999725341797,101.91999816894531,102.87000274658203,99.44941711425781,4915100.0
2024-06-04,ABT,102.80000305175781,103.48999786376953,102.54000091552734,103.43000030517578,99.99079895019531,3880400.0
2024-06-05,ABT,102.93000030517578,103.41999816894531,101.9800033569336,103.2300033569336,99.79744720458984,3302300.0
2024-06-06,ABT,103.29000091552734,105.0,102.80999755859375,104.2699966430664,100.8028564453125,9835500.0
2024-06-07,ABT,103.86000061035156,108.12999725341797,103.37000274658203,107.58000183105469,104.0028076171875,8666600.0
2024-06-10,ABT,107.62999725341797,108.9800033569336,107.04000091552734,107.48999786376953,103.91578674316406,8555900.0
2024-06-11,ABT,107.31999969482422,107.31999969482422,105.52999877929688,105.80999755859375,102.29166412353516,7536000.0
2024-06-12,ABT,105.91000366210938,105.91000366210938,104.29000091552734,104.37999725341797,100.9092025756836,4569000.0
2024-06-13,ABT,103.63999938964844,103.69999694824219,102.5999984741211,103.44999694824219,100.01012420654297,4719500.0
2024-06-14,ABT,103.29000091552734,103.72000122070312,102.43000030517578,103.68000030517578,100.23248291015625,3683100.0
2024-06-17,ABT,102.91000366210938,103.94000244140625,102.54000091552734,103.44999694824219,100.01012420654297,3936200.0
2024-06-18,ABT,103.26000213623047,104.08999633789062,103.25,103.98999786376953,100.53217315673828,4501000.0
2024-06-20,ABT,103.52999877929688,106.83999633789062,103.47000122070312,106.56999969482422,103.02639770507812,9154900.0
2024-06-21,ABT,106.66000366210938,106.93000030517578,105.23999786376953,105.72000122070312,102.20465850830078,10324700.0
2024-06-24,ABT,106.29000091552734,106.29000091552734,104.94000244140625,105.30000305175781,101.79862213134766,5201300.0
2024-06-25,ABT,105.4000015258789,105.9800033569336,104.81999969482422,105.48999786376953,101.9822998046875,4637400.0
2024-06-26,ABT,105.08999633789062,105.6500015258789,104.31999969482422,104.87999725341797,101.392578125,5406600.0
2024-06-27,ABT,105.25,105.31999969482422,103.91999816894531,104.6500015258789,101.17022705078125,4137600.0
2024-06-28,ABT,104.69999694824219,105.16000366210938,103.52999877929688,103.91000366210938,100.454833984375,8283600.0
2024-07-01,ABT,104.16000366210938,105.51000213623047,102.61000061035156,103.19999694824219,99.76844024658203,4588900.0
2024-07-02,ABT,102.69999694824219,103.38999938964844,102.69999694824219,103.19999694824219,99.76844024658203,3650500.0
2024-07-03,ABT,103.36000061035156,103.66000366210938,102.18000030517578,102.33000183105469,98.92737579345703,2017800.0
2024-07-05,ABT,102.02999877929688,104.06999969482422,101.76000213623047,104.0199966430664,100.5611801147461,6582700.0
2024-07-08,ABT,103.77999877929688,103.8499984741211,101.94000244140625,102.12000274658203,98.72435760498047,4542000.0
2024-07-09,ABT,102.38999938964844,102.58999633789062,100.75,101.63999938964844,98.26031494140625,6268500.0
2024-07-10,ABT,101.41999816894531,103.08000183105469,101.2699966430664,103.05000305175781,99.62342834472656,6598900.0
2024-07-11,ABT,103.37999725341797,104.63999938964844,103.05999755859375,104.18000030517578,100.71585083007812,5025300.0
2024-07-12,ABT,104.66999816894531,104.93000030517578,104.11000061035156,104.22000122070312,100.75452423095703,4277600.0
2024-07-15,ABT,103.93000030517578,104.16000366210938,102.58000183105469,102.95999908447266,100.06449127197266,4970800.0
2024-07-16,ABT,102.91999816894531,103.87000274658203,102.51000213623047,102.72000122070312,99.83123779296875,7656900.0
2024-07-17,ABT,102.6500015258789,105.6500015258789,102.5,104.68000030517578,101.73612976074219,13438300.0
2024-07-18,ABT,102.38999938964844,104.1500015258789,99.70999908447266,100.06999969482422,97.25576782226562,13078800.0
2024-07-19,ABT,100.61000061035156,102.4000015258789,100.08000183105469,102.02999877929688,99.16063690185547,11963600.0
2024-07-22,ABT,102.5,103.83000183105469,102.30999755859375,103.72000122070312,100.8031234741211,7880300.0
2024-07-23,ABT,104.01000213623047,104.33000183105469,103.37000274658203,103.91999816894531,100.99748992919922,5894500.0
2024-07-24,ABT,104.22000122070312,107.30999755859375,103.54000091552734,107.26000213623047,104.24356842041016,8680900.0
2024-07-25,ABT,107.0199966430664,108.70999908447266,105.91999816894531,105.95999908447266,102.9801254272461,6356600.0
2024-07-26,ABT,106.45999908447266,107.13999938964844,104.66000366210938,105.23999786376953,102.2803726196289,8611600.0
2024-07-29,ABT,100.58999633789062,105.18000030517578,99.91999816894531,104.7699966430664,101.8235855102539,19452700.0
2024-07-30,ABT,104.76000213623047,105.68000030517578,102.77999877929688,105.31999969482422,102.35812377929688,9126300.0
2024-07-31,ABT,105.5,106.83000183105469,103.55000305175781,105.94000244140625,102.96068572998047,8238400.0
2024-08-01,ABT,106.6500015258789,110.68000030517578,106.33000183105469,110.1500015258789,107.05229187011719,9069200.0
2024-08-02,ABT,110.18000030517578,112.04000091552734,108.4000015258789,111.30999755859375,108.17967224121094,9885700.0
2024-08-05,ABT,111.33999633789062,112.0,108.37000274658203,108.62999725341797,105.57501983642578,7121400.0
2024-08-06,ABT,108.94999694824219,110.63999938964844,108.62999725341797,109.5,106.42057037353516,5634800.0
2024-08-07,ABT,109.61000061035156,112.3499984741211,109.4000015258789,109.94000244140625,106.84819793701172,6365100.0
2024-08-08,ABT,109.94999694824219,111.22000122070312,109.22000122070312,109.76000213623047,106.67325592041016,5476600.0
2024-08-09,ABT,109.27999877929688,109.27999877929688,107.69000244140625,108.70999908447266,105.65278625488281,5435000.0
2024-08-12,ABT,108.4000015258789,108.4000015258789,107.11000061035156,107.80000305175781,104.76838684082031,4795900.0
2024-08-13,ABT,107.80000305175781,108.55999755859375,107.5999984741211,108.23999786376953,105.19599151611328,4920400.0
2024-08-14,ABT,108.06999969482422,110.18000030517578,107.70999908447266,109.88999938964844,106.79959869384766,5822900.0
2024-08-15,ABT,110.47000122070312,111.33000183105469,109.76000213623047,110.94000244140625,107.82007598876953,7458500.0
2024-08-16,ABT,111.36000061035156,111.5999984741211,110.56999969482422,111.0,107.87838745117188,4643300.0
2024-08-19,ABT,111.0,112.25,110.83999633789062,111.9000015258789,108.75306701660156,3495800.0
2024-08-20,ABT,111.81999969482422,112.08999633789062,110.33000183105469,110.7699966430664,107.65484619140625,5822400.0
2024-08-21,ABT,110.97000122070312,111.44999694824219,110.68000030517578,111.38999938964844,108.25741577148438,4081400.0
2024-08-22,ABT,111.79000091552734,112.1500015258789,111.05000305175781,112.0999984741211,108.94745635986328,3690400.0
2024-08-23,ABT,112.4000015258789,112.77999877929688,111.88999938964844,112.69000244140625,109.52086639404297,4511600.0
2024-08-26,ABT,112.73999786376953,113.26000213623047,112.05999755859375,112.69999694824219,109.53057098388672,3212700.0
2024-08-27,ABT,113.05999755859375,113.16999816894531,112.13999938964844,113.0999984741211,109.91931915283203,2705300.0
2024-08-28,ABT,113.0999984741211,113.41999816894531,112.37000274658203,112.9000015258789,109.72496032714844,3836700.0
2024-08-29,ABT,113.30000305175781,113.5,112.5199966430664,112.76000213623047,109.58889770507812,3375800.0
2024-08-30,ABT,113.0,113.47000122070312,111.88999938964844,113.2699966430664,110.08454895019531,4320100.0
2024-09-03,ABT,113.36000061035156,114.83000183105469,113.36000061035156,114.66000366210938,111.43546295166016,4436900.0
2024-09-04,ABT,114.69000244140625,115.58999633789062,113.56999969482422,114.4000015258789,111.18276977539062,3659200.0
2024-09-05,ABT,114.26000213623047,114.4800033569336,112.5199966430664,113.0999984741211,109.91931915283203,2928000.0
2024-09-06,ABT,113.62999725341797,114.33999633789062,113.01000213623047,113.86000061035156,110.657958984375,3802200.0
2024-09-09,ABT,114.45999908447266,116.7300033569336,114.31999969482422,116.43000030517578,113.15568542480469,5101000.0
2024-09-10,ABT,116.1500015258789,117.25,115.43000030517578,117.11000061035156,113.81655883789062,4963700.0
2024-09-11,ABT,116.38999938964844,116.72000122070312,114.72000122070312,116.5999984741211,113.3208999633789,6535600.0
2024-09-12,ABT,116.5,117.30999755859375,115.58999633789062,116.83000183105469,113.54443359375,4349300.0
2024-09-13,ABT,116.0199966430664,117.05000305175781,115.94000244140625,116.4000015258789,113.12652587890625,3350100.0
2024-09-16,ABT,117.0,117.68000030517578,116.41999816894531,117.62999725341797,114.32193756103516,3637100.0
2024-09-17,ABT,117.80000305175781,118.54000091552734,117.26000213623047,118.12999725341797,114.807861328125,4982500.0
2024-09-18,ABT,117.5,117.5,114.5199966430664,114.87999725341797,111.6492691040039,5990200.0
2024-09-19,ABT,115.48999786376953,115.66000366210938,113.25,114.1500015258789,110.9397964477539,8144100.0
2024-09-20,ABT,113.75,114.16000366210938,113.19999694824219,113.69999694824219,110.50244903564453,8403400.0
2024-09-23,ABT,113.79000091552734,114.9000015258789,112.95999908447266,114.80999755859375,111.58123779296875,5005200.0
2024-09-24,ABT,114.20999908447266,114.41000366210938,113.18000030517578,113.33999633789062,110.15258026123047,5029800.0
2024-09-25,ABT,113.81999969482422,114.19000244140625,111.8499984741211,112.61000061035156,109.44309997558594,5159100.0
2024-09-26,ABT,112.30999755859375,112.93000030517578,112.0999984741211,112.7300033569336,109.55974578857422,3508700.0
2024-09-27,ABT,112.93000030517578,113.37999725341797,112.31999969482422,112.43000030517578,109.2681655883789,3566400.0
2024-09-30,ABT,112.56999969482422,114.08999633789062,112.0999984741211,114.01000213623047,110.80374145507812,5035600.0
2024-10-01,ABT,114.20999908447266,114.22000122070312,112.80000305175781,113.55999755859375,110.36638641357422,4264000.0
2024-10-02,ABT,113.37999725341797,113.79000091552734,112.02999877929688,113.63999938964844,110.44413757324219,3454000.0
2024-10-03,ABT,113.51000213623047,113.51000213623047,111.79000091552734,112.2300033569336,109.07379913330078,3472100.0
2024-10-04,ABT,112.12999725341797,112.75,111.68000030517578,112.63999938964844,109.47225952148438,4366300.0
2024-10-07,ABT,112.30000305175781,113.61000061035156,111.80000305175781,113.36000061035156,110.1720199584961,6912900.0
2024-10-08,ABT,113.75,115.30000305175781,113.75,114.62999725341797,111.40629577636719,4341500.0
2024-10-09,ABT,114.9800033569336,116.2699966430664,114.55999755859375,115.94999694824219,112.6891860961914,4256900.0
2024-10-10,ABT,116.22000122070312,116.8499984741211,115.44999694824219,115.62000274658203,112.36846923828125,4068300.0
2024-10-11,ABT,116.20999908447266,117.27999877929688,115.94999694824219,116.12000274658203,112.85440063476562,3471300.0
2024-10-14,ABT,116.26000213623047,117.58000183105469,115.9800033569336,117.25,113.9526138305664,3674100.0
2024-10-15,ABT,116.75,118.36000061035156,115.80999755859375,116.05000305175781,113.31792449951172,6544900.0
2024-10-16,ABT,118.01000213623047,119.5199966430664,116.63999938964844,117.81999969482422,115.04625701904297,7356200.0
2024-10-17,ABT,118.70999908447266,118.76000213623047,117.19000244140625,117.88999938964844,115.11460876464844,5046900.0
2024-10-18,ABT,117.9000015258789,119.8499984741211,117.66999816894531,119.38999938964844,116.57929229736328,6741800.0
2024-10-21,ABT,118.88999938964844,118.91999816894531,116.5999984741211,116.98999786376953,114.23578643798828,8303300.0
2024-10-22,ABT,116.87000274658203,117.19999694824219,115.83999633789062,116.12000274658203,113.38626861572266,5360000.0
2024-10-23,ABT,116.16000366210938,117.1500015258789,115.93000030517578,117.01000213623047,114.25531768798828,3655600.0
2024-10-24,ABT,117.20999908447266,117.41000366210938,116.20999908447266,116.54000091552734,113.79637908935547,3768000.0
2024-10-25,ABT,116.1500015258789,116.38999938964844,113.19999694824219,114.22000122070312,111.531005859375,5989600.0
2024-10-28,ABT,114.7699966430664,114.83000183105469,113.55000305175781,114.06999969482422,111.38452911376953,4104700.0
2024-10-29,ABT,114.13999938964844,114.73999786376953,113.3499984741211,113.4000015258789,110.73030853271484,4543600.0
2024-10-30,ABT,112.63999938964844,114.73999786376953,112.5,114.44999694824219,111.75558471679688,5188000.0
2024-10-31,ABT,113.56999969482422,114.47000122070312,113.2699966430664,113.37000274658203,110.70101928710938,5323200.0
2024-11-01,ABT,119.75,119.91999816894531,117.08999633789062,118.5999984741211,115.80789947509766,10149300.0
2024-11-04,ABT,119.5999984741211,120.56999969482422,117.4800033569336,117.6500015258789,114.8802490234375,5604000.0
2024-11-05,ABT,117.58999633789062,118.25,116.33000183105469,117.7300033569336,114.95836639404297,4059200.0
2024-11-06,ABT,121.0,121.0,115.5,116.80000305175781,114.0502700805664,5256100.0
2024-11-07,ABT,117.48999786376953,117.48999786376953,114.54000091552734,115.30000305175781,112.58558654785156,5519000.0
2024-11-08,ABT,115.33000183105469,117.25,114.69000244140625,116.58999633789062,113.84519958496094,5685700.0
2024-11-11,ABT,116.94000244140625,117.83999633789062,116.33000183105469,116.80000305175781,114.0502700805664,5301100.0
2024-11-12,ABT,116.68000030517578,117.30000305175781,116.41999816894531,116.44000244140625,113.69874572753906,4598900.0
2024-11-13,ABT,116.08000183105469,116.80999755859375,115.55000305175781,115.73999786376953,113.01522064208984,4760800.0
2024-11-14,ABT,115.9800033569336,116.08999633789062,114.93000030517578,115.02999877929688,112.32193756103516,3812300.0
2024-11-15,ABT,114.87000274658203,116.3499984741211,114.43000030517578,115.9000015258789,113.17144775390625,6898600.0
2024-11-18,ABT,115.58000183105469,117.94000244140625,115.51000213623047,117.36000061035156,114.59708404541016,6086500.0
2024-11-19,ABT,116.54000091552734,117.55000305175781,115.44999694824219,117.12999725341797,114.37249755859375,4542800.0
2024-11-20,ABT,116.69000244140625,116.7699966430664,115.52999877929688,115.93000030517578,113.20074462890625,5624400.0
2024-11-21,ABT,115.68000030517578,117.63999938964844,115.13999938964844,117.26000213623047,114.49943542480469,5561900.0
2024-11-22,ABT,117.22000122070312,118.0,116.37999725341797,117.76000213623047,114.9876708984375,5349500.0
2024-11-25,ABT,118.27999877929688,118.6500015258789,117.58000183105469,118.12999725341797,115.34895324707031,6879000.0
2024-11-26,ABT,118.63999938964844,119.0,117.01000213623047,117.95999908447266,115.18295288085938,4056800.0
2024-11-27,ABT,118.3499984741211,120.52999877929688,118.0999984741211,118.94999694824219,116.14965057373047,3510300.0
2024-11-29,ABT,118.70999908447266,119.19000244140625,117.86000061035156,118.7699966430664,115.973876953125,2523200.0
2024-12-02,ABT,118.75,118.80999755859375,116.58999633789062,116.80999755859375,114.06002044677734,5338900.0
2024-12-03,ABT,117.0999984741211,117.44000244140625,116.06999969482422,116.29000091552734,113.5522689819336,4794900.0
2024-12-04,ABT,117.01000213623047,117.01000213623047,115.29000091552734,115.97000122070312,113.23980712890625,3557100.0
2024-12-05,ABT,115.26000213623047,116.29000091552734,114.88999938964844,115.58999633789062,112.8687515258789,3269800.0
2024-12-06,ABT,115.12999725341797,116.19999694824219,115.0999984741211,115.5999984741211,112.87850952148438,5300300.0
2024-12-09,ABT,115.66999816894531,115.87000274658203,113.8499984741211,114.9000015258789,112.19499969482422,4868000.0
2024-12-10,ABT,115.08000183105469,116.38999938964844,114.2699966430664,115.5,112.78087615966797,4072100.0
2024-12-11,ABT,115.30999755859375,115.58999633789062,114.01000213623047,114.13999938964844,111.45288848876953,4747700.0
2024-12-12,ABT,114.4000015258789,114.77999877929688,113.30000305175781,113.86000061035156,111.17948150634766,3764700.0
2024-12-13,ABT,113.8499984741211,114.29000091552734,112.13999938964844,113.37999725341797,110.71078491210938,4550500.0
2024-12-16,ABT,112.69999694824219,113.6500015258789,112.38999938964844,112.62000274658203,109.96867370605469,5047200.0
2024-12-17,ABT,112.20999908447266,113.83999633789062,112.19999694824219,113.29000091552734,110.62289428710938,5805600.0
2024-12-18,ABT,113.02999877929688,114.1500015258789,111.8499984741211,111.93000030517578,109.29492950439453,6454600.0
2024-12-19,ABT,111.54000091552734,113.30000305175781,111.27999877929688,112.41999816894531,109.77337646484375,7738700.0
2024-12-20,ABT,112.63999938964844,115.11000061035156,112.5199966430664,114.2300033569336,111.540771484375,12311900.0
2024-12-23,ABT,114.0,114.51000213623047,112.95999908447266,114.30999755859375,111.61888122558594,4028200.0
2024-12-24,ABT,114.13999938964844,114.83000183105469,113.58999633789062,114.76000213623047,112.05828857421875,1480000.0
2024-12-26,ABT,114.19999694824219,115.80999755859375,113.81999969482422,115.2699966430664,112.55628204345703,2960500.0
2024-12-27,ABT,115.01000213623047,115.94999694824219,114.51000213623047,114.98999786376953,112.28286743164062,2829500.0
2024-12-30,ABT,114.12999725341797,114.63999938964844,112.5199966430664,112.80000305175781,110.14443969726562,3475800.0
2024-12-31,ABT,113.05999755859375,113.77999877929688,112.55000305175781,113.11000061035156,110.44713592529297,3519900.0
2025-01-02,ABT,113.69000244140625,113.95999908447266,112.76000213623047,113.44000244140625,110.76936340332031,3569100.0
2025-01-03,ABT,113.94000244140625,114.2300033569336,113.27999877929688,113.83000183105469,111.15018463134766,4416700.0
2025-01-06,ABT,113.51000213623047,114.26000213623047,112.79000091552734,113.04000091552734,110.37879180908203,6037200.0
2025-01-07,ABT,113.37000274658203,114.69000244140625,113.16999816894531,113.4000015258789,110.73030853271484,5300100.0
2025-01-08,ABT,113.54000091552734,114.30999755859375,112.26000213623047,114.25,111.56029510498047,4455800.0
2025-01-10,ABT,113.7699966430664,113.83999633789062,111.79000091552734,112.30999755859375,109.66596221923828,5108700.0
2025-01-13,ABT,112.5999984741211,113.38999938964844,111.9800033569336,113.19000244140625,110.52526092529297,4409700.0
2025-01-14,ABT,113.55999755859375,113.80999755859375,112.29000091552734,113.0199966430664,110.3592529296875,3972400.0
2025-01-15,ABT,112.1500015258789,112.76000213623047,110.86000061035156,111.0999984741211,109.05374145507812,6543700.0
2025-01-16,ABT,111.0199966430664,113.94999694824219,111.0199966430664,113.91000366210938,111.81200408935547,5598700.0
2025-01-17,ABT,113.62000274658203,114.79000091552734,113.38999938964844,113.4800033569336,111.3899154663086,6459800.0
2025-01-21,ABT,114.25,116.9000015258789,114.13999938964844,116.79000091552734,114.6389389038086,8486300.0
2025-01-22,ABT,114.12999725341797,119.94000244140625,113.5,117.77999877929688,115.6107177734375,13200700.0
2025-01-23,ABT,118.12999725341797,123.2300033569336,117.77999877929688,123.22000122070312,120.95052337646484,13089400.0
2025-01-24,ABT,122.58999633789062,125.66999816894531,122.18000030517578,125.02999877929688,122.72718811035156,9960200.0
2025-01-27,ABT,126.7300033569336,129.75999450683594,125.47000122070312,129.42999267578125,127.04613494873047,11845100.0
2025-01-28,ABT,129.75,129.85000610351562,126.66999816894531,127.38999938964844,125.0437240600586,11948500.0
2025-01-29,ABT,128.16000366210938,129.3000030517578,127.62999725341797,127.86000061035156,125.50505065917969,7609800.0
2025-01-30,ABT,127.98999786376953,129.19000244140625,127.19000244140625,128.80999755859375,126.43756866455078,6340400.0
2025-01-31,ABT,128.3699951171875,128.75999450683594,127.68000030517578,127.93000030517578,125.57377624511719,7129400.0
2025-02-03,ABT,126.6500015258789,128.9499969482422,126.01000213623047,128.4499969482422,126.08419799804688,5720600.0
2025-02-04,ABT,126.44000244140625,129.1999969482422,126.0,129.10000610351562,126.72222137451172,6957400.0
2025-02-05,ABT,129.42999267578125,132.5,128.9499969482422,132.05999755859375,129.62770080566406,8680100.0
2025-02-06,ABT,131.8000030517578,131.89999389648438,128.13999938964844,128.22000122070312,125.85842895507812,6469200.0
2025-02-07,ABT,128.07000732421875,129.49000549316406,128.07000732421875,129.07000732421875,126.69278717041016,6455200.0
2025-02-10,ABT,129.07000732421875,131.42999267578125,128.60000610351562,131.30999755859375,128.89151000976562,5503600.0
2025-02-11,ABT,131.1999969482422,132.0500030517578,130.47000122070312,131.44000244140625,129.0191192626953,5314100.0
2025-02-12,ABT,130.49000549316406,130.8000030517578,129.24000549316406,130.49000549316406,128.08660888671875,4703700.0
2025-02-13,ABT,130.92999267578125,132.0399932861328,130.5500030517578,131.7899932861328,129.3626708984375,4168400.0
2025-02-14,ABT,132.32000732421875,132.64999389648438,130.52000427246094,130.61000061035156,128.2044219970703,3733900.0
2025-02-18,ABT,129.75999450683594,130.82000732421875,128.25,130.17999267578125,127.78231811523438,5116200.0
2025-02-19,ABT,130.25999450683594,132.25999450683594,130.0,132.1300048828125,129.69642639160156,3806800.0
2025-02-20,ABT,131.72999572753906,133.27999877929688,131.35000610351562,133.1699981689453,130.71725463867188,5046900.0
2025-02-21,ABT,132.41000366210938,135.41000366210938,132.41000366210938,134.9199981689453,132.43502807617188,7160100.0
2025-02-24,ABT,134.49000549316406,136.58999633789062,134.3000030517578,134.9499969482422,132.4644775390625,5947200.0
2025-02-25,ABT,135.3800048828125,136.4499969482422,134.36000061035156,135.82000732421875,133.31846618652344,6385700.0
2025-02-26,ABT,135.14999389648438,136.30999755859375,134.27000427246094,135.9600067138672,133.45587158203125,5388000.0
2025-02-27,ABT,135.72000122070312,136.99000549316406,135.22000122070312,135.8699951171875,133.36752319335938,4890700.0
2025-02-28,ABT,136.39999389648438,138.3699951171875,134.75,138.00999450683594,135.46812438964844,8756100.0
2025-03-03,ABT,138.1699981689453,140.83999633789062,138.00999450683594,140.22000122070312,137.63742065429688,7589800.0
2025-03-04,ABT,141.0,141.22999572753906,137.52999877929688,137.5800018310547,135.04603576660156,8356300.0
2025-03-05,ABT,136.89999389648438,138.5,136.0399932861328,137.7100067138672,135.1736297607422,8156700.0
2025-03-06,ABT,137.05999755859375,137.72000122070312,133.4600067138672,135.0800018310547,132.5920867919922,9184200.0
2025-03-07,ABT,134.50999450683594,137.47999572753906,133.9600067138672,137.13999938964844,134.61415100097656,8254800.0
2025-03-10,ABT,136.42999267578125,139.14999389648438,136.42999267578125,137.36000061035156,134.83009338378906,7028000.0
2025-03-11,ABT,137.05999755859375,137.05999755859375,132.30999755859375,132.66000366210938,130.21665954589844,9313500.0
2025-03-12,ABT,132.2899932861328,132.61000061035156,129.44000244140625,130.27999877929688,127.88047790527344,6771000.0
2025-03-13,ABT,130.27999877929688,130.85000610351562,129.0,129.88999938964844,127.49767303466797,9012900.0
2025-03-14,ABT,125.0,128.49000549316406,124.5,126.70999908447266,124.3762435913086,9537900.0
2025-03-17,ABT,126.72000122070312,127.87000274658203,126.19999694824219,127.63999938964844,125.28910827636719,6662800.0
2025-03-18,ABT,127.94999694824219,128.6199951171875,124.9000015258789,126.30000305175781,123.97379302978516,7959600.0
2025-03-19,ABT,126.33000183105469,127.77999877929688,125.77999877929688,127.41999816894531,125.07315826416016,5098500.0
2025-03-20,ABT,127.33000183105469,127.76000213623047,126.37999725341797,126.77999877929688,124.44495391845703,5158500.0
2025-03-21,ABT,126.33000183105469,126.80999755859375,125.48999786376953,126.33999633789062,124.01305389404297,8857100.0
2025-03-24,ABT,127.20999908447266,127.83999633789062,126.5999984741211,127.20999908447266,124.86703491210938,5283000.0
2025-03-25,ABT,127.68000030517578,128.7899932861328,124.5,125.5999984741211,123.28668212890625,6726800.0
2025-03-26,ABT,125.73999786376953,127.33999633789062,125.12999725341797,126.61000061035156,124.27808380126953,6053700.0
2025-03-27,ABT,127.16999816894531,131.92999267578125,126.66000366210938,131.35000610351562,128.9307861328125,8441400.0
2025-03-28,ABT,131.25999450683594,133.4600067138672,130.75,130.82000732421875,128.41055297851562,6708300.0
2025-03-31,ABT,130.80999755859375,133.1999969482422,130.63999938964844,132.64999389648438,130.20684814453125,9669600.0
2025-04-01,ABT,132.47999572753906,132.6300048828125,131.0800018310547,131.69000244140625,129.2645263671875,4228800.0
2025-04-02,ABT,130.63999938964844,132.1300048828125,129.75999450683594,131.92999267578125,129.5000762939453,4236200.0
2025-04-03,ABT,131.91000366210938,133.63999938964844,131.47999572753906,131.6300048828125,129.20562744140625,6239200.0
2025-04-04,ABT,131.22999572753906,132.39999389648438,124.0,124.44000244140625,122.14805603027344,10776900.0
2025-04-07,ABT,122.29000091552734,126.5,120.47000122070312,124.86000061035156,122.56031036376953,10371300.0
2025-04-08,ABT,127.06999969482422,127.95999908447266,122.05999755859375,123.94999694824219,121.66706848144531,9880100.0
2025-04-09,ABT,121.62999725341797,127.76000213623047,120.8499984741211,127.04000091552734,124.70016479492188,10179200.0
2025-04-10,ABT,126.0,126.81999969482422,122.0199966430664,124.5,122.20694732666016,11089400.0
2025-04-11,ABT,126.05999755859375,128.52000427246094,124.04000091552734,126.87999725341797,124.54310607910156,7357000.0
2025-04-14,ABT,127.0,128.5,126.83999633789062,127.95999908447266,125.60321807861328,6988500.0
2025-04-15,ABT,127.62000274658203,128.49000549316406,125.5999984741211,126.22000122070312,124.46917724609375,8639400.0
2025-04-16,ABT,129.6999969482422,134.16000366210938,129.00999450683594,129.6999969482422,127.90089416503906,13483200.0
2025-04-17,ABT,130.3800048828125,132.7100067138672,129.66000366210938,130.97999572753906,129.16314697265625,10474500.0
2025-04-21,ABT,130.97000122070312,131.9600067138672,128.50999450683594,129.88999938964844,128.08827209472656,6046700.0
2025-04-22,ABT,129.92999267578125,132.02999877929688,129.92999267578125,131.72999572753906,129.90272521972656,5837100.0
2025-04-23,ABT,132.2100067138672,132.88999938964844,127.12999725341797,129.83999633789062,128.03895568847656,8777100.0
2025-04-24,ABT,130.02000427246094,130.1999969482422,128.02999877929688,129.3800048828125,127.5853500366211,6595500.0
2025-04-25,ABT,129.27000427246094,129.52999877929688,127.23999786376953,128.85000610351562,127.06270599365234,4849100.0
2025-04-28,ABT,129.3300018310547,130.1199951171875,128.52000427246094,129.52999877929688,127.73326110839844,3843300.0
2025-04-29,ABT,128.88999938964844,131.27000427246094,128.8000030517578,130.5,128.68980407714844,4315300.0
2025-04-30,ABT,130.9199981689453,131.27000427246094,128.67999267578125,130.75,128.9363250732422,8510500.0
2025-05-01,ABT,129.5,131.6300048828125,128.0,130.8800048828125,129.06454467773438,6769100.0
2025-05-02,ABT,131.91000366210938,136.8000030517578,131.3300018310547,132.82000732421875,130.97763061523438,9801400.0
2025-05-05,ABT,132.88999938964844,133.05999755859375,131.4499969482422,132.60000610351562,130.76068115234375,5752000.0
2025-05-06,ABT,131.9499969482422,133.60000610351562,130.6999969482422,133.05999755859375,131.2142791748047,6290500.0
2025-05-07,ABT,133.5,134.42999267578125,132.42999267578125,133.9499969482422,132.09194946289062,4924900.0
2025-05-08,ABT,133.25999450683594,135.22000122070312,133.0800018310547,134.0,132.14125061035156,5994500.0
2025-05-09,ABT,133.97999572753906,134.97000122070312,133.19000244140625,133.24000549316406,131.39181518554688,4976100.0
2025-05-12,ABT,131.7899932861328,133.66000366210938,130.10000610351562,131.99000549316406,130.15914916992188,5958300.0
2025-05-13,ABT,131.75,131.75,128.9199981689453,129.0500030517578,127.25992584228516,6344700.0
2025-05-14,ABT,129.3000030517578,130.13999938964844,128.19000244140625,128.55999755859375,126.7767105102539,5266900.0
2025-05-15,ABT,128.85000610351562,133.42999267578125,128.85000610351562,133.35000610351562,131.50027465820312,8406400.0
2025-05-16,ABT,133.14999389648438,135.2899932861328,132.77000427246094,134.8000030517578,132.93014526367188,7128700.0
2025-05-19,ABT,135.0,135.69000244140625,134.52999877929688,135.5500030517578,133.66976928710938,8012800.0
2025-05-20,ABT,135.0,135.8300018310547,134.5399932861328,135.1999969482422,133.32460021972656,6455300.0
2025-05-21,ABT,135.10000610351562,136.1699981689453,133.02000427246094,133.0500030517578,131.2044219970703,7209100.0
2025-05-22,ABT,132.4600067138672,132.8800048828125,131.1699981689453,131.5,129.67593383789062,6277100.0
2025-05-23,ABT,131.67999267578125,132.1699981689453,130.42999267578125,131.3000030517578,129.47872924804688,6145000.0
2025-05-27,ABT,131.85000610351562,133.83999633789062,131.52999877929688,132.94000244140625,131.09596252441406,5591000.0
2025-05-28,ABT,133.10000610351562,133.60000610351562,131.83999633789062,132.02000427246094,130.18873596191406,3622100.0
2025-05-29,ABT,131.72999572753906,133.05999755859375,131.35000610351562,132.85000610351562,131.00721740722656,3078200.0
2025-05-30,ABT,132.8800048828125,134.1300048828125,131.74000549316406,133.5800018310547,131.72706604003906,14236800.0
2025-06-02,ABT,132.86000061035156,133.74000549316406,131.8800048828125,133.57000732421875,131.71722412109375,4464000.0
2025-06-03,ABT,133.1199951171875,133.97000122070312,131.61000061035156,133.7100067138672,131.85528564453125,5914900.0
2025-06-04,ABT,134.41000366210938,134.8699951171875,132.94000244140625,132.9600067138672,131.1156768798828,4057000.0
2025-06-05,ABT,133.38999938964844,134.3800048828125,132.19000244140625,133.94000244140625,132.08209228515625,5581500.0
2025-06-06,ABT,134.7899932861328,135.22000122070312,133.10000610351562,133.5800018310547,131.72706604003906,3867700.0
2025-06-09,ABT,133.02000427246094,134.2899932861328,130.82000732421875,133.39999389648438,131.54957580566406,6630100.0
2025-06-10,ABT,133.55999755859375,134.85000610351562,133.3300018310547,134.1300048828125,132.26947021484375,3579400.0
2025-06-11,ABT,134.10000610351562,135.35000610351562,132.92999267578125,135.27999877929688,133.40350341796875,4100500.0
2025-06-12,ABT,135.5399932861328,136.88999938964844,135.4600067138672,136.4499969482422,134.55726623535156,5089100.0
2025-06-13,ABT,135.77999877929688,137.05999755859375,135.25,135.6199951171875,133.73880004882812,3928900.0
2025-06-16,ABT,135.55999755859375,136.41000366210938,133.30999755859375,134.00999450683594,132.15110778808594,5084100.0
2025-06-17,ABT,133.6999969482422,134.00999450683594,132.14999389648438,132.27999877929688,130.4451141357422,5010800.0
2025-06-18,ABT,132.9499969482422,133.3699951171875,131.60000610351562,132.41000366210938,130.5733184814453,4950400.0
2025-06-20,ABT,133.66000366210938,133.67999267578125,131.99000549316406,132.99000549316406,131.145263671875,11338200.0
2025-06-23,ABT,133.07000732421875,133.47000122070312,132.11000061035156,133.25999450683594,131.41151428222656,4887200.0
2025-06-24,ABT,133.32000732421875,139.05999755859375,132.3800048828125,138.0800018310547,136.16465759277344,9894700.0
2025-06-25,ABT,137.8699951171875,138.83999633789062,136.63999938964844,137.39999389648438,135.4940948486328,5507500.0
2025-06-26,ABT,137.32000732421875,137.5399932861328,132.7100067138672,133.6699981689453,131.81582641601562,9452900.0
2025-06-27,ABT,133.2899932861328,134.91000366210938,132.8800048828125,134.3800048828125,132.51597595214844,9513500.0
2025-06-30,ABT,134.0,136.25999450683594,134.0,136.00999450683594,134.1233673095703,5749700.0
2025-07-01,ABT,135.5399932861328,137.0800018310547,134.80999755859375,136.25999450683594,134.36990356445312,5337600.0
2025-07-02,ABT,135.27000427246094,136.33999633789062,133.83999633789062,134.11000061035156,132.24972534179688,4319600.0
2025-07-03,ABT,134.6699981689453,135.24000549316406,133.1999969482422,134.44000244140625,132.5751495361328,3114300.0
2025-07-07,ABT,134.50999450683594,134.91000366210938,132.85000610351562,133.6999969482422,131.84542846679688,8927400.0
2025-07-08,ABT,133.24000549316406,134.72999572753906,132.85000610351562,133.36000061035156,131.5101318359375,4782600.0
2025-07-09,ABT,133.47000122070312,133.77000427246094,131.47000122070312,133.22000122070312,131.3720703125,4613700.0
2025-07-10,ABT,133.72999572753906,135.0500030517578,133.00999450683594,133.60000610351562,131.746826171875,4857100.0
2025-07-11,ABT,133.27000427246094,133.5800018310547,131.25999450683594,132.02000427246094,130.18873596191406,4661200.0
2025-07-14,ABT,132.02000427246094,133.08999633789062,131.7100067138672,132.02999877929688,130.19857788085938,4881700.0
2025-07-15,ABT,131.89999389648438,132.44000244140625,130.3000030517578,131.49000549316406,130.2481231689453,5084800.0
2025-07-16,ABT,132.1199951171875,133.02999877929688,130.30999755859375,131.74000549316406,130.49575805664062,9893000.0
2025-07-17,ABT,126.55000305175781,126.86000061035156,119.7699966430664,120.51000213623047,119.37181854248047,27560600.0
2025-07-18,ABT,122.62999725341797,125.62999725341797,122.2699966430664,123.66999816894531,122.50196075439453,19571900.0
2025-07-21,ABT,124.26000213623047,126.02999877929688,121.5999984741211,124.41999816894531,123.24488067626953,10308000.0
2025-07-22,ABT,124.33000183105469,126.37999725341797,124.2300033569336,125.7300033569336,124.54251861572266,7098400.0
2025-07-23,ABT,126.31999969482422,127.04000091552734,123.25,125.83000183105469,124.64157104492188,6439600.0
2025-07-24,ABT,125.27999877929688,125.9800033569336,124.69999694824219,125.63999938964844,124.45336151123047,4708000.0
2025-07-25,ABT,125.7699966430664,126.7300033569336,125.44999694824219,126.54000091552734,125.34485626220703,4741200.0
2025-07-28,ABT,126.1500015258789,126.98999786376953,125.62999725341797,126.3499984741211,125.15665435791016,8168400.0
2025-07-29,ABT,126.01000213623047,128.10000610351562,125.47000122070312,128.00999450683594,126.80097198486328,5834100.0
2025-07-30,ABT,127.97000122070312,129.6999969482422,127.08000183105469,128.5500030517578,127.33588409423828,5359700.0
2025-07-31,ABT,127.54000091552734,129.14999389648438,125.80999755859375,126.19000244140625,124.9981689453125,6722600.0
2025-08-01,ABT,125.47000122070312,127.7699966430664,125.47000122070312,127.29000091552734,126.08777618408203,5453300.0
2025-08-04,ABT,127.44999694824219,130.1300048828125,127.44999694824219,129.92999267578125,128.7028350830078,5671400.0
2025-08-05,ABT,129.91000366210938,131.47999572753906,129.25,130.69000244140625,129.45567321777344,5355400.0
2025-08-06,ABT,130.0800018310547,131.72000122070312,129.80999755859375,130.92999267578125,129.69338989257812,5170100.0
2025-08-07,ABT,131.16000366210938,132.5,130.72999572753906,132.05999755859375,130.81271362304688,4690600.0
2025-08-08,ABT,131.8000030517578,134.7100067138672,131.75,134.27999877929688,133.01174926757812,4985400.0
2025-08-11,ABT,134.0800018310547,134.35000610351562,130.5500030517578,131.36000061035156,130.1193389892578,7125600.0
2025-08-12,ABT,131.74000549316406,131.88999938964844,129.6199951171875,131.02000427246094,129.7825469970703,5657500.0
2025-08-13,ABT,131.1199951171875,131.64999389648438,128.3300018310547,129.39999389648438,128.17784118652344,6723700.0
2025-08-14,ABT,129.10000610351562,130.13999938964844,128.52999877929688,129.27999877929688,128.05899047851562,9688300.0
2025-08-15,ABT,129.9199981689453,132.35000610351562,129.6699981689453,131.75,130.5056610107422,6784500.0
2025-08-18,ABT,131.6300048828125,132.3000030517578,130.16000366210938,130.27000427246094,129.03964233398438,3831400.0
2025-08-19,ABT,129.9199981689453,131.72000122070312,128.67999267578125,131.25,130.0103759765625,4845700.0
2025-08-20,ABT,132.0500030517578,133.80999755859375,131.72000122070312,132.44000244140625,131.1891326904297,3639800.0
2025-08-21,ABT,132.1199951171875,133.1999969482422,131.75,132.0,130.75328063964844,3980000.0
2025-08-22,ABT,132.77000427246094,133.6199951171875,131.33999633789062,132.58999633789062,131.33770751953125,4130200.0
2025-08-25,ABT,132.72000122070312,132.9600067138672,131.49000549316406,131.8699951171875,130.62451171875,4705800.0
2025-08-26,ABT,131.86000061035156,132.35000610351562,131.3800048828125,131.58999633789062,130.34716796875,6076500.0
2025-08-27,ABT,131.47000122070312,131.75,130.55999755859375,131.4600067138672,130.21839904785156,4759200.0
2025-08-28,ABT,130.9199981689453,131.63999938964844,130.13999938964844,131.3699951171875,130.1292266845703,4674700.0
2025-08-29,ABT,132.00999450683594,132.85000610351562,131.1699981689453,132.66000366210938,131.4070587158203,4430700.0
2025-09-02,ABT,132.69000244140625,133.39999389648438,130.83999633789062,131.4600067138672,130.21839904785156,5779200.0
2025-09-03,ABT,131.14999389648438,132.19000244140625,130.2100067138672,132.17999267578125,130.9315948486328,4806500.0
2025-09-04,ABT,132.17999267578125,133.83999633789062,131.6999969482422,132.80999755859375,131.55564880371094,5073800.0
2025-09-05,ABT,132.50999450683594,134.32000732421875,132.4499969482422,132.94000244140625,131.68441772460938,3286900.0
2025-09-08,ABT,132.25999450683594,133.08999633789062,131.61000061035156,132.1999969482422,130.95140075683594,5070200.0
2025-09-09,ABT,132.3000030517578,133.1699981689453,131.64999389648438,131.9499969482422,130.70376586914062,4641400.0
2025-09-10,ABT,131.85000610351562,131.85000610351562,127.44999694824219,129.36000061035156,128.1382293701172,7397200.0
2025-09-11,ABT,129.69000244140625,132.67999267578125,129.39999389648438,132.64999389648438,131.39715576171875,5578300.0
2025-09-12,ABT,131.82000732421875,134.9600067138672,131.39999389648438,133.72999572753906,132.46694946289062,5700300.0
2025-09-15,ABT,133.8800048828125,134.35000610351562,130.9600067138672,131.3300018310547,130.08963012695312,4057700.0
2025-09-16,ABT,131.75999450683594,133.66000366210938,131.1999969482422,132.75999450683594,131.506103515625,5401600.0
2025-09-17,ABT,132.7100067138672,134.22000122070312,132.7100067138672,134.1699981689453,132.90280151367188,5113300.0
2025-09-18,ABT,134.08999633789062,134.77999877929688,132.10000610351562,134.57000732421875,133.2990264892578,5891700.0
2025-09-19,ABT,134.6999969482422,136.72999572753906,133.72000122070312,136.0399932861328,134.755126953125,11547400.0
2025-09-22,ABT,135.3300018310547,137.49000549316406,134.9499969482422,136.6199951171875,135.32965087890625,4837000.0
2025-09-23,ABT,136.27999877929688,136.8800048828125,135.0399932861328,135.88999938964844,134.60655212402344,5136400.0
2025-09-24,ABT,135.30999755859375,136.8300018310547,133.7899932861328,133.88999938964844,132.6254425048828,3932400.0
2025-09-25,ABT,134.42999267578125,134.42999267578125,131.17999267578125,133.30999755859375,132.05091857910156,4963400.0
2025-09-26,ABT,133.97999572753906,134.1999969482422,133.10000610351562,133.5500030517578,132.2886505126953,4182100.0
2025-09-29,ABT,133.0,133.5,131.7100067138672,133.11000061035156,131.85281372070312,4351900.0
2025-09-30,ABT,132.86000061035156,134.5,132.17999267578125,133.94000244140625,132.6749725341797,7538300.0
2025-10-01,ABT,134.8000030517578,135.4499969482422,129.0800018310547,133.47000122070312,132.20941162109375,10613900.0
2025-10-02,ABT,132.4199981689453,133.38999938964844,130.50999450683594,132.99000549316406,131.73394775390625,5916700.0
2025-10-03,ABT,133.25,135.3699951171875,132.7899932861328,134.58999633789062,133.31883239746094,5362200.0
2025-10-06,ABT,134.32000732421875,135.24000549316406,133.4499969482422,133.74000549316406,132.47686767578125,6745900.0
2025-10-07,ABT,134.08999633789062,134.08999633789062,131.92999267578125,133.02000427246094,131.76365661621094,4816100.0
2025-10-08,ABT,132.80999755859375,134.72000122070312,132.1699981689453,134.27000427246094,133.00186157226562,6654800.0
2025-10-09,ABT,134.5800018310547,135.1300048828125,133.0,133.30999755859375,132.05091857910156,3237600.0
2025-10-10,ABT,134.19000244140625,134.5,132.0399932861328,132.57000732421875,131.3179168701172,5654100.0
2025-10-13,ABT,132.0,132.75999450683594,130.8699951171875,131.3800048828125,130.13914489746094,4008100.0
2025-10-14,ABT,131.4600067138672,133.33999633789062,131.22999572753906,133.27000427246094,132.0113067626953,8147900.0
2025-10-15,ABT,128.00999450683594,131.47999572753906,125.73999786376953,129.4499969482422,128.79757690429688,14906400.0
2025-10-16,ABT,129.52999877929688,131.16000366210938,126.87000274658203,127.62999725341797,126.98674011230469,9768100.0
2025-10-17,ABT,127.86000061035156,129.25999450683594,127.20999908447266,128.5399932861328,127.89215087890625,6806800.0
2025-10-20,ABT,128.44000244140625,129.82000732421875,128.1300048828125,129.50999450683594,128.85726928710938,5810000.0
2025-10-21,ABT,129.0,129.3000030517578,127.51000213623047,127.54000091552734,126.89720153808594,4934700.0
2025-10-22,ABT,127.62000274658203,128.94000244140625,127.11000061035156,127.94999694824219,127.30513000488281,6186800.0
2025-10-23,ABT,128.24000549316406,128.77000427246094,126.06999969482422,126.33999633789062,125.7032470703125,6700600.0
2025-10-24,ABT,126.97000122070312,128.11000061035156,125.0,126.8499984741211,126.21067810058594,5071100.0
2025-10-27,ABT,126.05999755859375,127.66000366210938,125.1500015258789,127.18000030517578,126.53901672363281,6254200.0
2025-10-28,ABT,126.97000122070312,128.4499969482422,126.19000244140625,126.61000061035156,125.97188568115234,4763000.0
2025-10-29,ABT,126.18000030517578,126.55000305175781,124.12000274658203,124.43000030517578,123.80287170410156,5182000.0
2025-10-30,ABT,125.13999938964844,126.43000030517578,124.33000183105469,124.66999816894531,124.04166412353516,4877400.0
2025-10-31,ABT,123.83999633789062,124.33000183105469,122.61000061035156,123.62000274658203,122.99695587158203,7044900.0
2025-11-03,ABT,123.70999908447266,124.05999755859375,122.44000244140625,123.83999633789062,123.2158432006836,5833000.0
2025-11-04,ABT,124.30000305175781,125.8499984741211,123.83999633789062,125.80000305175781,125.16596984863281,5607700.0
2025-11-05,ABT,125.88999938964844,126.70999908447266,123.91999816894531,124.54000091552734,123.91232299804688,4597100.0
2025-11-06,ABT,123.8499984741211,125.0,123.3499984741211,124.94999694824219,124.32025146484375,4714700.0
2025-11-07,ABT,125.63999938964844,126.62000274658203,124.6500015258789,126.36000061035156,125.72314453125,5458500.0
2025-11-10,ABT,125.41999816894531,126.1500015258789,124.55000305175781,125.88999938964844,125.2555160522461,4251600.0
2025-11-11,ABT,126.5999984741211,127.1500015258789,125.7699966430664,127.0,126.35992431640625,5293900.0
2025-11-12,ABT,126.94000244140625,129.0800018310547,126.55000305175781,128.82000732421875,128.17076110839844,4979700.0
2025-11-13,ABT,128.50999450683594,129.58999633789062,128.0,129.25999450683594,128.6085205078125,5182400.0
2025-11-14,ABT,129.2899932861328,130.9600067138672,128.77000427246094,130.58999633789062,129.93182373046875,6998900.0
2025-11-17,ABT,130.67999267578125,131.92999267578125,129.9499969482422,130.02999877929688,129.37464904785156,5816600.0
2025-11-18,ABT,130.74000549316406,132.02999877929688,129.2899932861328,130.0,129.3448028564453,6775000.0
2025-11-19,ABT,129.88999938964844,131.49000549316406,124.58000183105469,126.1500015258789,125.51420593261719,10296100.0
2025-11-20,ABT,122.5,125.72000122070312,122.0999984741211,123.97000122070312,123.3451919555664,11654000.0
2025-11-21,ABT,124.68000030517578,128.72000122070312,123.88999938964844,128.11000061035156,127.46432495117188,9401000.0
2025-11-24,ABT,127.45999908447266,129.52000427246094,126.72000122070312,127.19000244140625,126.54896545410156,14041300.0
2025-11-25,ABT,127.29000091552734,128.80999755859375,126.2300033569336,128.0500030517578,127.40463256835938,8035500.0
2025-11-26,ABT,128.0800018310547,129.02000427246094,127.0199966430664,128.5399932861328,127.89215087890625,5473800.0
2025-11-28,ABT,128.16000366210938,129.38999938964844,128.0,128.89999389648438,128.25033569335938,2572400.0
2025-12-01,ABT,128.64999389648438,129.85000610351562,127.95999908447266,128.00999450683594,127.36482238769531,5766900.0
2025-12-02,ABT,128.4499969482422,128.99000549316406,125.63999938964844,126.31999969482422,125.683349609375,5479700.0
2025-12-03,ABT,126.27999877929688,127.56999969482422,125.20999908447266,125.29000091552734,124.65853881835938,4918800.0
2025-12-04,ABT,125.19000244140625,125.56999969482422,124.05999755859375,125.4000015258789,124.76799011230469,5226900.0
2025-12-05,ABT,125.66000366210938,126.05000305175781,124.63999938964844,125.08000183105469,124.44960021972656,4361100.0
2025-12-08,ABT,124.62000274658203,124.62000274658203,121.70999908447266,122.08999633789062,121.47466278076172,6391900.0
2025-12-09,ABT,122.83000183105469,123.2300033569336,121.05999755859375,121.25,120.63890075683594,5229100.0
2025-12-10,ABT,121.26000213623047,123.08999633789062,120.69999694824219,122.55000305175781,121.9323501586914,6716200.0
2025-12-11,ABT,123.02999877929688,124.23999786376953,122.62999725341797,123.27999877929688,122.6586685180664,5390000.0
2025-12-12,ABT,123.47000122070312,125.58000183105469,122.91000366210938,125.45999908447266,124.82768249511719,4765300.0
2025-12-15,ABT,125.72000122070312,129.63999938964844,125.19999694824219,128.47000122070312,127.82251739501953,7716000.0
2025-12-16,ABT,128.41000366210938,128.60000610351562,126.30000305175781,126.86000061035156,126.22062683105469,5764200.0
2025-12-17,ABT,126.75,127.66999816894531,125.94000244140625,126.70999908447266,126.07138061523438,8048900.0
2025-12-18,ABT,126.58000183105469,127.58000183105469,124.93000030517578,125.12000274658203,124.4894027709961,5891700.0
2025-12-19,ABT,125.04000091552734,126.12999725341797,123.76000213623047,125.44999694824219,124.81773376464844,14795700.0
2025-12-22,ABT,125.16000366210938,127.23999786376953,124.7699966430664,125.19999694824219,124.5689926147461,5058000.0
2025-12-23,ABT,125.0,125.18000030517578,123.8499984741211,124.54000091552734,123.91232299804688,7534900.0
2025-12-24,ABT,124.01000213623047,125.33000183105469,124.0,124.80999755859375,124.18095397949219,1632200.0
2025-12-26,ABT,124.58000183105469,125.19000244140625,124.26000213623047,124.83999633789062,124.21080780029297,2120700.0
2025-12-29,ABT,125.02999877929688,125.48999786376953,124.48999786376953,124.56999969482422,123.94216918945312,4468700.0
2025-12-30,ABT,124.43000030517578,126.19999694824219,124.36000061035156,125.77999877929688,125.14607238769531,5271100.0
