Date,Ticker,Open,High,Low,Close,Adj Close,Volume
2015-01-02,AIG,56.529998779296875,56.599998474121094,55.75,56.11000061035156,43.08826446533203,6608300.0
2015-01-05,AIG,55.68000030517578,55.869998931884766,54.72999954223633,55.0,42.23586654663086,10103500.0
2015-01-06,AIG,54.7400016784668,54.869998931884766,53.7400016784668,54.220001220703125,41.636898040771484,15406400.0
2015-01-07,AIG,54.72999954223633,54.72999954223633,54.16999816894531,54.47999954223633,41.836551666259766,8762000.0
2015-01-08,AIG,54.41999816894531,54.66999816894531,53.86000061035156,54.2400016784668,41.652244567871094,13066300.0
2015-01-09,AIG,54.20000076293945,54.290000915527344,52.959999084472656,53.31999969482422,40.94575119018555,6877800.0
2015-01-12,AIG,53.13999938964844,53.220001220703125,52.13999938964844,52.36000061035156,40.20853805541992,8114800.0
2015-01-13,AIG,52.599998474121094,53.029998779296875,50.880001068115234,51.869998931884766,39.832252502441406,14042200.0
2015-01-14,AIG,51.029998779296875,51.439998626708984,50.470001220703125,51.380001068115234,39.45598220825195,12242700.0
2015-01-15,AIG,51.380001068115234,51.540000915527344,50.369998931884766,50.400001525878906,38.703407287597656,8056100.0
2015-01-16,AIG,50.209999084472656,51.13999938964844,50.04999923706055,51.11000061035156,39.248626708984375,8084100.0
2015-01-20,AIG,51.31999969482422,51.5,50.290000915527344,50.650001525878906,38.895389556884766,8285000.0
2015-01-21,AIG,50.45000076293945,51.09000015258789,50.04999923706055,50.83000183105469,39.033607482910156,7228400.0
2015-01-22,AIG,51.279998779296875,52.33000183105469,50.86000061035156,52.279998779296875,40.1471061706543,11850100.0
2015-01-23,AIG,52.2400016784668,52.36000061035156,51.4900016784668,51.5099983215332,39.555809020996094,5237700.0
2015-01-26,AIG,51.31999969482422,51.56999969482422,51.0,51.209999084472656,39.325439453125,12159100.0
2015-01-27,AIG,50.7400016784668,50.93000030517578,50.2400016784668,50.470001220703125,38.757171630859375,8236400.0
2015-01-28,AIG,50.84000015258789,50.84000015258789,49.18000030517578,49.209999084472656,37.78956604003906,11498800.0
2015-01-29,AIG,49.369998931884766,49.70000076293945,48.68000030517578,49.2599983215332,37.82796859741211,12400200.0
2015-01-30,AIG,48.900001525878906,49.619998931884766,48.75,48.869998931884766,37.528480529785156,11238500.0
2015-02-02,AIG,49.029998779296875,50.599998474121094,49.0099983215332,50.459999084472656,38.74948501586914,12005700.0
2015-02-03,AIG,50.79999923706055,51.38999938964844,50.599998474121094,51.33000183105469,39.417579650878906,9470100.0
2015-02-04,AIG,51.06999969482422,51.90999984741211,51.04999923706055,51.5099983215332,39.555809020996094,10292000.0
2015-02-05,AIG,51.2599983215332,51.869998931884766,51.150001525878906,51.619998931884766,39.6402702331543,6365300.0
2015-02-06,AIG,51.95000076293945,52.54999923706055,51.95000076293945,52.099998474121094,40.008880615234375,10011700.0
2015-02-09,AIG,51.66999816894531,52.470001220703125,51.52000045776367,52.13999938964844,40.03960418701172,7093800.0
2015-02-10,AIG,52.529998779296875,52.77000045776367,51.959999084472656,52.40999984741211,40.24694061279297,5580800.0
2015-02-11,AIG,52.31999969482422,52.36000061035156,51.689998626708984,52.25,40.12407684326172,7480200.0
2015-02-12,AIG,52.310001373291016,52.689998626708984,52.08000183105469,52.45000076293945,40.27766418457031,9322400.0
2015-02-13,AIG,51.15999984741211,54.13999938964844,51.150001525878906,53.959999084472656,41.43721008300781,19888600.0
2015-02-17,AIG,54.09000015258789,55.2599983215332,54.0099983215332,54.9900016784668,42.22820281982422,15678000.0
2015-02-18,AIG,54.9900016784668,55.099998474121094,54.59000015258789,54.709999084472656,42.01317596435547,9024100.0
2015-02-19,AIG,54.65999984741211,55.25,54.540000915527344,54.97999954223633,42.22050476074219,8073700.0
2015-02-20,AIG,54.86000061035156,55.369998931884766,54.38999938964844,55.220001220703125,42.40480041503906,12442500.0
2015-02-23,AIG,55.20000076293945,55.20000076293945,54.38999938964844,54.56999969482422,41.9056510925293,11606500.0
2015-02-24,AIG,54.52000045776367,55.349998474121094,54.52000045776367,55.040000915527344,42.26658248901367,7844600.0
2015-02-25,AIG,54.7599983215332,55.11000061035156,54.709999084472656,54.79999923706055,42.08228302001953,5825600.0
2015-02-26,AIG,54.779998779296875,55.11000061035156,54.68000030517578,54.93000030517578,42.1821174621582,6594200.0
2015-02-27,AIG,54.95000076293945,55.61000061035156,54.84000015258789,55.33000183105469,42.48927688598633,15031200.0
2015-03-02,AIG,55.33000183105469,55.650001525878906,55.040000915527344,55.650001525878906,42.73502731323242,7283900.0
2015-03-03,AIG,55.279998779296875,55.72999954223633,55.25,55.58000183105469,42.6812629699707,5951000.0
2015-03-04,AIG,55.290000915527344,55.5099983215332,54.970001220703125,55.380001068115234,42.52767562866211,6057600.0
2015-03-05,AIG,55.560001373291016,55.66999816894531,55.20000076293945,55.61000061035156,42.70430374145508,5614900.0
2015-03-06,AIG,55.75,56.439998626708984,55.59000015258789,56.0,43.00380325317383,11480000.0
2015-03-09,AIG,55.86000061035156,56.220001220703125,55.619998931884766,56.11000061035156,43.08826446533203,12140600.0
2015-03-10,AIG,55.43000030517578,55.43000030517578,54.41999816894531,54.41999816894531,41.8837776184082,14513400.0
2015-03-11,AIG,54.400001525878906,55.040000915527344,54.33000183105469,54.720001220703125,42.11467361450195,6646900.0
2015-03-12,AIG,54.97999954223633,55.65999984741211,54.900001525878906,55.599998474121094,42.79194641113281,5887200.0
2015-03-13,AIG,55.52000045776367,55.599998474121094,54.810001373291016,55.29999923706055,42.561065673828125,6507300.0
2015-03-16,AIG,55.630001068115234,56.099998474121094,55.5,55.93000030517578,43.045936584472656,5922900.0
2015-03-17,AIG,55.470001220703125,56.09000015258789,55.15999984741211,55.79999923706055,42.94588088989258,5676800.0
2015-03-18,AIG,55.70000076293945,56.689998626708984,55.29999923706055,56.41999816894531,43.423065185546875,8487200.0
2015-03-19,AIG,56.150001525878906,56.40999984741211,55.36000061035156,55.650001525878906,42.83043670654297,6170900.0
2015-03-20,AIG,55.810001373291016,56.20000076293945,55.66999816894531,55.939998626708984,43.05363845825195,11660400.0
2015-03-23,AIG,55.9900016784668,56.5,55.83000183105469,55.83000183105469,42.968971252441406,5788500.0
2015-03-24,AIG,55.560001373291016,55.91999816894531,55.369998931884766,55.369998931884766,42.614933013916016,5343800.0
2015-03-25,AIG,55.34000015258789,55.369998931884766,54.52000045776367,54.52000045776367,41.96073913574219,6962600.0
2015-03-26,AIG,54.380001068115234,54.54999923706055,54.130001068115234,54.16999816894531,41.691368103027344,8884400.0
2015-03-27,AIG,54.5,54.5,53.91999816894531,54.029998779296875,41.583614349365234,6454400.0
2015-03-30,AIG,54.25,54.79999923706055,54.25,54.68000030517578,42.08388137817383,5770500.0
2015-03-31,AIG,54.40999984741211,55.11000061035156,54.209999084472656,54.790000915527344,42.168548583984375,7424200.0
2015-04-01,AIG,54.61000061035156,55.02000045776367,54.22999954223633,54.810001373291016,42.18394470214844,7181200.0
2015-04-02,AIG,54.650001525878906,55.22999954223633,54.40999984741211,55.13999938964844,42.43791198730469,5354700.0
2015-04-06,AIG,54.5,55.560001373291016,54.36000061035156,55.41999816894531,42.65341567993164,4639500.0
2015-04-07,AIG,55.27000045776367,55.61000061035156,54.95000076293945,54.97999954223633,42.31477355957031,4857300.0
2015-04-08,AIG,54.939998626708984,55.72999954223633,54.90999984741211,55.45000076293945,42.676509857177734,5837700.0
2015-04-09,AIG,55.400001525878906,56.470001220703125,55.349998474121094,56.290000915527344,43.32300567626953,6645400.0
2015-04-10,AIG,56.18000030517578,56.70000076293945,56.130001068115234,56.59000015258789,43.553890228271484,4993200.0
2015-04-13,AIG,56.68000030517578,57.790000915527344,56.369998931884766,57.459999084472656,44.223472595214844,8804000.0
2015-04-14,AIG,57.31999969482422,57.7599983215332,56.900001525878906,57.5,44.2542610168457,6505600.0
2015-04-15,AIG,57.75,58.59000015258789,57.560001373291016,58.27000045776367,44.846893310546875,7289900.0
2015-04-16,AIG,58.36000061035156,58.72999954223633,58.130001068115234,58.15999984741211,44.76222610473633,7321500.0
2015-04-17,AIG,57.75,58.11000061035156,57.060001373291016,57.43000030517578,44.20038986206055,7583800.0
2015-04-20,AIG,57.810001373291016,57.90999984741211,57.38999938964844,57.5099983215332,44.261962890625,4719700.0
2015-04-21,AIG,57.59000015258789,57.68000030517578,56.4900016784668,56.63999938964844,43.592369079589844,8168100.0
2015-04-22,AIG,56.849998474121094,56.900001525878906,56.20000076293945,56.58000183105469,43.54621505737305,10324900.0
2015-04-23,AIG,56.52000045776367,56.790000915527344,56.2400016784668,56.75,43.677040100097656,9688400.0
2015-04-24,AIG,57.099998474121094,57.16999816894531,56.849998474121094,56.9900016784668,43.861751556396484,5894200.0
2015-04-27,AIG,56.90999984741211,57.349998474121094,56.79999923706055,57.0,43.869449615478516,7775100.0
2015-04-28,AIG,56.619998931884766,57.18000030517578,56.599998474121094,56.79999923706055,43.715511322021484,8814600.0
2015-04-29,AIG,56.619998931884766,56.900001525878906,56.36000061035156,56.650001525878906,43.600074768066406,10205000.0
2015-04-30,AIG,56.279998779296875,56.720001220703125,55.93000030517578,56.290000915527344,43.32300567626953,7291400.0
2015-05-01,AIG,56.900001525878906,58.029998779296875,56.79999923706055,57.7400016784668,44.43898391723633,13401900.0
2015-05-04,AIG,58.0,58.459999084472656,57.97999954223633,58.20000076293945,44.79301452636719,5298100.0
2015-05-05,AIG,58.02000045776367,58.54999923706055,57.88999938964844,58.0,44.63909912109375,7487700.0
2015-05-06,AIG,58.380001068115234,58.66999816894531,57.720001220703125,58.150001525878906,44.75453186035156,6771700.0
2015-05-07,AIG,58.15999984741211,59.5,57.81999969482422,58.970001220703125,45.38563919067383,8479400.0
2015-05-08,AIG,59.439998626708984,59.790000915527344,59.09000015258789,59.66999816894531,45.92439270019531,6824200.0
2015-05-11,AIG,59.66999816894531,59.880001068115234,59.150001525878906,59.20000076293945,45.56265640258789,8455200.0
2015-05-12,AIG,58.709999084472656,58.97999954223633,58.38999938964844,58.7599983215332,45.22400665283203,7271700.0
2015-05-13,AIG,58.560001373291016,58.91999816894531,58.439998626708984,58.7400016784668,45.208614349365234,5188200.0
2015-05-14,AIG,59.0,59.209999084472656,58.720001220703125,58.970001220703125,45.38563919067383,3956000.0
2015-05-15,AIG,59.029998779296875,59.060001373291016,58.150001525878906,58.36000061035156,44.91615295410156,7437300.0
2015-05-18,AIG,58.459999084472656,59.029998779296875,58.369998931884766,58.88999938964844,45.32406234741211,4894200.0
2015-05-19,AIG,59.02000045776367,59.560001373291016,58.77000045776367,59.40999984741211,45.72427749633789,5446100.0
2015-05-20,AIG,59.43000030517578,60.09000015258789,58.93000030517578,59.959999084472656,46.14756774902344,6557200.0
2015-05-21,AIG,59.93000030517578,60.70000076293945,59.849998474121094,60.220001220703125,46.34768295288086,6743100.0
2015-05-22,AIG,60.130001068115234,60.470001220703125,59.81999969482422,59.880001068115234,46.08600997924805,4576200.0
2015-05-26,AIG,59.7599983215332,59.79999923706055,59.06999969482422,59.22999954223633,45.58573913574219,5054100.0
2015-05-27,AIG,59.279998779296875,59.58000183105469,59.18000030517578,59.38999938964844,45.70888900756836,6447000.0
2015-05-28,AIG,59.29999923706055,59.5099983215332,58.7400016784668,59.45000076293945,45.755062103271484,4119600.0
2015-05-29,AIG,59.36000061035156,59.400001525878906,58.54999923706055,58.61000061035156,45.10857009887695,6817700.0
2015-06-01,AIG,58.90999984741211,59.0,58.33000183105469,58.68000030517578,45.162445068359375,6587900.0
2015-06-02,AIG,58.900001525878906,60.04999923706055,58.63999938964844,59.68000030517578,45.93208312988281,9026700.0
2015-06-03,AIG,59.84000015258789,61.279998779296875,59.63999938964844,61.11000061035156,47.03266143798828,12437800.0
2015-06-04,AIG,60.66999816894531,61.029998779296875,60.470001220703125,60.61000061035156,46.64784622192383,8335700.0
2015-06-05,AIG,61.150001525878906,61.31999969482422,60.41999816894531,60.5,46.56318283081055,6376600.0
2015-06-08,AIG,60.5,60.58000183105469,59.630001068115234,59.65999984741211,45.91668701171875,8482100.0
2015-06-09,AIG,59.5099983215332,60.34000015258789,59.31999969482422,59.9900016784668,46.26760482788086,7227400.0
2015-06-10,AIG,60.2599983215332,61.779998779296875,60.119998931884766,61.68000030517578,47.57103729248047,10914300.0
2015-06-11,AIG,61.689998626708984,62.220001220703125,61.56999969482422,61.9900016784668,47.81011962890625,8332400.0
2015-06-12,AIG,61.81999969482422,62.0,61.47999954223633,61.88999938964844,47.73299789428711,7039300.0
2015-06-15,AIG,61.29999923706055,63.70000076293945,61.150001525878906,62.56999969482422,48.25745391845703,19861100.0
2015-06-16,AIG,62.209999084472656,62.54999923706055,61.79999923706055,61.97999954223633,47.802398681640625,10864100.0
2015-06-17,AIG,62.2400016784668,62.36000061035156,61.56999969482422,61.86000061035156,47.70985412597656,7206900.0
2015-06-18,AIG,62.290000915527344,62.380001068115234,61.77000045776367,62.290000915527344,48.04149627685547,8908800.0
2015-06-19,AIG,62.08000183105469,62.22999954223633,61.4900016784668,61.83000183105469,47.686729431152344,16095700.0
2015-06-22,AIG,62.36000061035156,62.75,62.150001525878906,62.58000183105469,48.26517105102539,7189600.0
2015-06-23,AIG,63.130001068115234,63.43000030517578,62.77000045776367,63.31999969482422,48.83588790893555,9146500.0
2015-06-24,AIG,63.150001525878906,63.349998474121094,62.810001373291016,62.91999816894531,48.527381896972656,6063600.0
2015-06-25,AIG,62.869998931884766,63.220001220703125,62.43000030517578,62.43000030517578,48.149471282958984,6887200.0
2015-06-26,AIG,62.77000045776367,62.970001220703125,62.5,62.72999954223633,48.38084411621094,6816300.0
2015-06-29,AIG,61.72999954223633,62.560001373291016,61.52000045776367,61.59000015258789,47.50162124633789,8763600.0
2015-06-30,AIG,62.2400016784668,62.45000076293945,61.52000045776367,61.81999969482422,47.67900848388672,7569200.0
2015-07-01,AIG,62.7599983215332,62.939998626708984,62.040000915527344,62.349998474121094,48.0877685546875,5953700.0
2015-07-02,AIG,62.470001220703125,62.59000015258789,61.90999984741211,62.08000183105469,47.8795280456543,6474000.0
2015-07-06,AIG,61.47999954223633,62.11000061035156,61.220001220703125,61.849998474121094,47.702144622802734,7065700.0
2015-07-07,AIG,61.849998474121094,62.279998779296875,60.849998474121094,62.209999084472656,47.97979736328125,7555200.0
2015-07-08,AIG,61.880001068115234,62.02000045776367,60.93000030517578,61.15999984741211,47.16997146606445,6048700.0
2015-07-09,AIG,61.86000061035156,62.15999984741211,61.630001068115234,61.7599983215332,47.63274383544922,6035500.0
2015-07-10,AIG,62.68000030517578,63.099998474121094,62.27000045776367,62.619998931884766,48.29601287841797,4203100.0
2015-07-13,AIG,63.08000183105469,63.45000076293945,62.880001068115234,63.380001068115234,48.882171630859375,4538000.0
2015-07-14,AIG,63.41999816894531,63.869998931884766,63.15999984741211,63.56999969482422,49.02870178222656,6658200.0
2015-07-15,AIG,63.869998931884766,64.37999725341797,63.380001068115234,64.02999877929688,49.38348388671875,5538700.0
2015-07-16,AIG,64.5,64.5,63.790000915527344,64.16000366210938,49.48374938964844,5180400.0
2015-07-17,AIG,64.05000305175781,64.19999694824219,63.630001068115234,64.05000305175781,49.39889907836914,5324000.0
2015-07-20,AIG,64.20999908447266,64.23999786376953,63.900001525878906,64.04000091552734,49.39120864868164,4926000.0
2015-07-21,AIG,64.05999755859375,64.27999877929688,63.689998626708984,64.0,49.3603515625,5539300.0
2015-07-22,AIG,63.900001525878906,64.69000244140625,63.7400016784668,64.54000091552734,49.776824951171875,5161100.0
2015-07-23,AIG,64.5999984741211,64.93000030517578,64.04000091552734,64.13999938964844,49.46831512451172,4911200.0
2015-07-24,AIG,64.19000244140625,64.3499984741211,63.56999969482422,63.63999938964844,49.08269119262695,4468500.0
2015-07-27,AIG,63.20000076293945,63.400001525878906,62.650001525878906,63.2400016784668,48.77418899536133,7066900.0
2015-07-28,AIG,63.68000030517578,63.9900016784668,63.2400016784668,63.65999984741211,49.09811782836914,6750200.0
2015-07-29,AIG,63.75,64.73999786376953,63.66999816894531,64.54000091552734,49.776824951171875,6189200.0
2015-07-30,AIG,64.41999816894531,64.5999984741211,64.1500015258789,64.52999877929688,49.769107818603516,5295900.0
2015-07-31,AIG,64.5999984741211,64.72000122070312,64.08000183105469,64.12000274658203,49.45289611816406,7267000.0
2015-08-03,AIG,64.2300033569336,64.58000183105469,63.810001373291016,64.1500015258789,49.47603225708008,7659900.0
2015-08-04,AIG,63.70000076293945,63.70000076293945,60.31999969482422,62.34000015258789,48.08006286621094,26677500.0
2015-08-05,AIG,62.77000045776367,63.209999084472656,62.599998474121094,62.959999084472656,48.55824279785156,12882800.0
2015-08-06,AIG,62.97999954223633,63.619998931884766,62.869998931884766,63.02000045776367,48.60452651977539,10480500.0
2015-08-07,AIG,63.06999969482422,63.470001220703125,62.970001220703125,63.38999938964844,48.88987350463867,5793700.0
2015-08-10,AIG,63.939998626708984,64.70999908447266,63.939998626708984,63.9900016784668,49.35263442993164,8456300.0
2015-08-11,AIG,63.0099983215332,63.529998779296875,62.9900016784668,63.310001373291016,48.82817840576172,7045300.0
2015-08-12,AIG,62.599998474121094,63.529998779296875,61.52000045776367,63.2599983215332,48.789615631103516,9679200.0
2015-08-13,AIG,63.18000030517578,63.81999969482422,63.150001525878906,63.2400016784668,48.77418899536133,4305800.0
2015-08-14,AIG,63.02000045776367,64.2699966430664,62.93000030517578,64.25,49.553165435791016,5744400.0
2015-08-17,AIG,63.81999969482422,64.5,63.560001373291016,64.30000305175781,49.59172821044922,4965800.0
2015-08-18,AIG,64.16999816894531,64.3499984741211,63.540000915527344,63.709999084472656,49.136680603027344,6745700.0
2015-08-19,AIG,63.29999923706055,63.40999984741211,62.810001373291016,62.91999816894531,48.527381896972656,8928000.0
2015-08-20,AIG,62.33000183105469,62.689998626708984,61.689998626708984,61.709999084472656,47.59416961669922,8398700.0
2015-08-21,AIG,61.0,61.380001068115234,59.70000076293945,59.72999954223633,46.06707763671875,13055000.0
2015-08-24,AIG,54.220001220703125,58.88999938964844,54.0,56.939998626708984,43.915279388427734,20043200.0
2015-08-25,AIG,58.77000045776367,59.09000015258789,56.560001373291016,56.63999938964844,43.683895111083984,12353400.0
2015-08-26,AIG,59.150001525878906,59.61000061035156,57.310001373291016,59.15999984741211,45.62746810913086,13602500.0
2015-08-27,AIG,59.83000183105469,61.15999984741211,59.380001068115234,61.11000061035156,47.131412506103516,9805200.0
2015-08-28,AIG,60.470001220703125,61.060001373291016,60.29999923706055,61.0,47.04658126831055,6323800.0
2015-08-31,AIG,60.7400016784668,60.86000061035156,60.22999954223633,60.34000015258789,46.53755187988281,9390900.0
2015-09-01,AIG,58.970001220703125,59.40999984741211,58.310001373291016,58.72999954223633,45.29582214355469,9687500.0
2015-09-02,AIG,59.459999084472656,59.5099983215332,58.34000015258789,59.099998474121094,45.58120346069336,9612900.0
2015-09-03,AIG,59.380001068115234,60.09000015258789,59.27000045776367,59.45000076293945,45.851139068603516,8618000.0
2015-09-04,AIG,58.54999923706055,58.83000183105469,57.900001525878906,58.08000183105469,44.79451370239258,7993400.0
2015-09-08,AIG,58.959999084472656,59.310001373291016,58.400001525878906,59.2400016784668,45.68917465209961,7092400.0
2015-09-09,AIG,59.79999923706055,59.880001068115234,58.40999984741211,58.529998779296875,45.141571044921875,6253400.0
2015-09-10,AIG,58.02000045776367,58.540000915527344,57.880001068115234,58.220001220703125,45.11832046508789,6943000.0
2015-09-11,AIG,57.689998626708984,58.34000015258789,57.650001525878906,58.33000183105469,45.203575134277344,7287300.0
2015-09-14,AIG,58.2599983215332,58.27000045776367,57.599998474121094,58.0,44.947845458984375,7156100.0
2015-09-15,AIG,58.22999954223633,58.86000061035156,57.97999954223633,58.650001525878906,45.451568603515625,5617500.0
2015-09-16,AIG,58.65999984741211,59.11000061035156,58.52000045776367,58.900001525878906,45.645301818847656,6100700.0
2015-09-17,AIG,59.040000915527344,59.47999954223633,58.33000183105469,58.43000030517578,45.28106689453125,6416200.0
2015-09-18,AIG,57.5,58.06999969482422,57.11000061035156,57.779998779296875,44.777339935302734,18147200.0
2015-09-21,AIG,58.13999938964844,58.540000915527344,57.84000015258789,58.029998779296875,44.97107696533203,5228000.0
2015-09-22,AIG,57.25,57.52000045776367,56.900001525878906,57.279998779296875,44.38986587524414,7859200.0
2015-09-23,AIG,57.16999816894531,57.540000915527344,56.84000015258789,57.099998474121094,44.250370025634766,5068200.0
2015-09-24,AIG,56.45000076293945,57.08000183105469,56.29999923706055,56.900001525878906,44.09537887573242,5835900.0
2015-09-25,AIG,57.869998931884766,57.9900016784668,57.189998626708984,57.540000915527344,44.59135055541992,5296100.0
2015-09-28,AIG,57.220001220703125,57.279998779296875,55.45000076293945,55.65999984741211,43.13444137573242,9804500.0
2015-09-29,AIG,55.810001373291016,56.099998474121094,55.29999923706055,55.720001220703125,43.18091583251953,5711000.0
2015-09-30,AIG,56.540000915527344,56.83000183105469,56.04999923706055,56.81999969482422,44.03337097167969,7412400.0
2015-10-01,AIG,57.189998626708984,57.220001220703125,56.060001373291016,56.91999816894531,44.11087417602539,6889700.0
2015-10-02,AIG,55.34000015258789,57.20000076293945,55.2400016784668,57.189998626708984,44.32012176513672,7886800.0
2015-10-05,AIG,57.529998779296875,58.34000015258789,57.529998779296875,58.279998779296875,45.16482925415039,6616300.0
2015-10-06,AIG,58.0,58.369998931884766,57.59000015258789,57.68000030517578,44.6998405456543,6542500.0
2015-10-07,AIG,58.08000183105469,58.56999969482422,57.279998779296875,57.81999969482422,44.80833435058594,7826400.0
2015-10-08,AIG,57.63999938964844,58.25,57.310001373291016,58.2400016784668,45.13383483886719,5913400.0
2015-10-09,AIG,58.2599983215332,58.439998626708984,57.79999923706055,58.189998626708984,45.095069885253906,7764500.0
2015-10-12,AIG,58.150001525878906,58.68000030517578,58.040000915527344,58.68000030517578,45.474815368652344,4963300.0
2015-10-13,AIG,58.16999816894531,59.130001068115234,58.150001525878906,58.689998626708984,45.48255920410156,6678400.0
2015-10-14,AIG,58.5099983215332,58.869998931884766,57.970001220703125,58.029998779296875,44.97107696533203,7002800.0
2015-10-15,AIG,58.400001525878906,59.22999954223633,57.970001220703125,59.189998626708984,45.870033264160156,4713600.0
2015-10-16,AIG,59.529998779296875,60.02000045776367,59.400001525878906,60.0,46.497764587402344,5468300.0
2015-10-19,AIG,59.900001525878906,60.06999969482422,59.61000061035156,60.0,46.497764587402344,7767900.0
2015-10-20,AIG,60.189998626708984,60.4900016784668,59.90999984741211,60.27000045776367,46.70701599121094,5194100.0
2015-10-21,AIG,60.47999954223633,60.959999084472656,60.15999984741211,60.22999954223633,46.67600631713867,5210100.0
2015-10-22,AIG,60.529998779296875,61.16999816894531,60.5099983215332,60.75,47.07898712158203,7528900.0
2015-10-23,AIG,61.20000076293945,61.400001525878906,60.849998474121094,61.279998779296875,47.489707946777344,6666500.0
2015-10-26,AIG,61.279998779296875,61.369998931884766,60.939998626708984,61.15999984741211,47.39671325683594,3203700.0
2015-10-27,AIG,60.68000030517578,60.9900016784668,60.40999984741211,60.91999816894531,47.21072006225586,5744700.0
2015-10-28,AIG,62.959999084472656,63.93000030517578,62.279998779296875,63.88999938964844,49.51237487792969,21707700.0
2015-10-29,AIG,63.86000061035156,64.0,63.029998779296875,63.4900016784668,49.202388763427734,6965700.0
2015-10-30,AIG,63.4900016784668,63.70000076293945,63.060001373291016,63.060001373291016,48.8691520690918,9077500.0
2015-11-02,AIG,63.439998626708984,64.19999694824219,63.18000030517578,63.7400016784668,49.396114349365234,10960400.0
2015-11-03,AIG,61.15999984741211,61.4900016784668,60.5,60.959999084472656,47.241729736328125,31974000.0
2015-11-04,AIG,60.65999984741211,61.0,59.650001525878906,60.79999923706055,47.11772918701172,22499400.0
2015-11-05,AIG,60.68000030517578,62.119998931884766,60.619998931884766,62.0,48.04768753051758,10943700.0
2015-11-06,AIG,63.31999969482422,63.38999938964844,61.810001373291016,61.93000030517578,47.99345016479492,10570300.0
2015-11-09,AIG,61.849998474121094,61.900001525878906,60.959999084472656,61.209999084472656,47.43547058105469,8069700.0
2015-11-10,AIG,61.040000915527344,61.43000030517578,60.900001525878906,61.349998474121094,47.543968200683594,4889400.0
2015-11-11,AIG,61.54999923706055,61.599998474121094,60.650001525878906,60.66999816894531,47.016990661621094,7060300.0
2015-11-12,AIG,60.4900016784668,60.560001373291016,59.369998931884766,59.380001068115234,46.01728439331055,8065000.0
2015-11-13,AIG,59.279998779296875,60.02000045776367,59.040000915527344,59.310001373291016,45.96303176879883,7948600.0
2015-11-16,AIG,59.150001525878906,60.66999816894531,59.04999923706055,60.65999984741211,47.00923538208008,8283500.0
2015-11-17,AIG,60.95000076293945,61.40999984741211,60.849998474121094,61.0,47.27272415161133,9765700.0
2015-11-18,AIG,61.20000076293945,62.099998474121094,61.0099983215332,61.959999084472656,48.01668930053711,7439800.0
2015-11-19,AIG,61.95000076293945,62.209999084472656,61.79999923706055,61.97999954223633,48.03217697143555,5991300.0
2015-11-20,AIG,62.2400016784668,62.54999923706055,62.060001373291016,62.209999084472656,48.21043014526367,7346000.0
2015-11-23,AIG,62.400001525878906,63.41999816894531,62.310001373291016,62.7599983215332,48.63666915893555,9325700.0
2015-11-24,AIG,62.040000915527344,63.380001068115234,62.0099983215332,63.119998931884766,48.91564178466797,10487100.0
2015-11-25,AIG,63.310001373291016,63.400001525878906,62.869998931884766,63.150001525878906,48.93888854980469,6068700.0
2015-11-27,AIG,63.0,63.81999969482422,62.90999984741211,63.68000030517578,49.3496208190918,3941200.0
2015-11-30,AIG,63.619998931884766,63.95000076293945,63.439998626708984,63.58000183105469,49.27213668823242,9431400.0
2015-12-01,AIG,63.88999938964844,64.2300033569336,63.619998931884766,64.12000274658203,49.690608978271484,8033400.0
2015-12-02,AIG,63.93000030517578,64.30999755859375,63.400001525878906,63.5,49.21013259887695,7469200.0
2015-12-03,AIG,63.45000076293945,63.5,62.150001525878906,62.36000061035156,48.54071044921875,8101800.0
2015-12-04,AIG,62.650001525878906,64.20999908447266,62.599998474121094,63.9900016784668,49.80949401855469,7589600.0
2015-12-07,AIG,63.79999923706055,63.97999954223633,62.70000076293945,62.79999923706055,48.883201599121094,9302000.0
2015-12-08,AIG,62.41999816894531,62.939998626708984,62.040000915527344,62.75,48.84428024291992,5507900.0
2015-12-09,AIG,62.310001373291016,63.27000045776367,61.779998779296875,62.18000030517578,48.40058898925781,7548400.0
2015-12-10,AIG,62.06999969482422,62.25,60.900001525878906,60.97999954223633,47.46652603149414,14235400.0
2015-12-11,AIG,59.970001220703125,60.41999816894531,59.18000030517578,59.459999084472656,46.28337097167969,15175800.0
2015-12-14,AIG,59.720001220703125,59.7400016784668,57.939998626708984,58.41999816894531,45.47383117675781,14957100.0
2015-12-15,AIG,59.66999816894531,60.470001220703125,59.18000030517578,59.939998626708984,46.656986236572266,11887600.0
2015-12-16,AIG,60.470001220703125,61.09000015258789,59.470001220703125,60.93000030517578,47.4276008605957,11524700.0
2015-12-17,AIG,61.15999984741211,61.45000076293945,60.11000061035156,60.130001068115234,46.80488967895508,8258600.0
2015-12-18,AIG,59.90999984741211,59.970001220703125,58.810001373291016,59.599998474121094,46.39234161376953,27107600.0
2015-12-21,AIG,59.95000076293945,60.400001525878906,59.599998474121094,59.970001220703125,46.68035125732422,7421900.0
2015-12-22,AIG,60.310001373291016,60.970001220703125,59.91999816894531,60.72999954223633,47.27193069458008,7288200.0
2015-12-23,AIG,60.939998626708984,61.5099983215332,60.75,61.40999984741211,47.801231384277344,6075700.0
2015-12-24,AIG,61.45000076293945,62.09000015258789,61.40999984741211,61.70000076293945,48.026973724365234,2560500.0
2015-12-28,AIG,61.27000045776367,61.70000076293945,61.0099983215332,61.599998474121094,47.949119567871094,3574500.0
2015-12-29,AIG,62.06999969482422,62.7400016784668,61.97999954223633,62.540000915527344,48.68082809448242,4246300.0
2015-12-30,AIG,62.5,63.029998779296875,62.25,62.5099983215332,48.657466888427734,4753700.0
2015-12-31,AIG,62.29999923706055,62.7400016784668,61.959999084472656,61.970001220703125,48.23712921142578,4909600.0
2016-01-04,AIG,60.65999984741211,61.06999969482422,59.81999969482422,60.43000030517578,47.03841018676758,10538700.0
2016-01-05,AIG,60.45000076293945,60.95000076293945,60.279998779296875,60.63999938964844,47.20186233520508,7863000.0
2016-01-06,AIG,59.869998931884766,59.95000076293945,59.459999084472656,59.75,46.50909423828125,9598800.0
2016-01-07,AIG,58.529998779296875,59.5,58.22999954223633,58.31999969482422,45.395999908447266,8951400.0
2016-01-08,AIG,58.810001373291016,59.0099983215332,57.29999923706055,57.45000076293945,44.71879196166992,8282700.0
2016-01-11,AIG,57.88999938964844,58.0,56.84000015258789,57.689998626708984,44.90561294555664,9637600.0
2016-01-12,AIG,58.20000076293945,58.38999938964844,57.29999923706055,57.959999084472656,45.11577224731445,8550000.0
2016-01-13,AIG,59.15999984741211,59.349998474121094,56.5,56.66999816894531,44.111637115478516,12610000.0
2016-01-14,AIG,56.779998779296875,57.81999969482422,56.380001068115234,57.29999923706055,44.60203170776367,9118500.0
2016-01-15,AIG,55.439998626708984,56.31999969482422,55.310001373291016,56.09000015258789,43.660179138183594,11694000.0
2016-01-19,AIG,56.529998779296875,57.09000015258789,55.84000015258789,56.15999984741211,43.71466827392578,10187800.0
2016-01-20,AIG,54.5099983215332,55.720001220703125,53.4900016784668,55.04999923706055,42.85063934326172,16217200.0
2016-01-21,AIG,55.11000061035156,56.119998931884766,55.04999923706055,55.310001373291016,43.053035736083984,8286400.0
2016-01-22,AIG,56.349998474121094,56.93000030517578,55.65999984741211,56.349998474121094,43.862552642822266,9544500.0
2016-01-25,AIG,56.18000030517578,56.470001220703125,55.31999969482422,55.36000061035156,43.091941833496094,10235200.0
2016-01-26,AIG,56.22999954223633,56.63999938964844,55.59000015258789,55.90999984741211,43.52006149291992,11816800.0
2016-01-27,AIG,55.52000045776367,56.02000045776367,54.470001220703125,54.540000915527344,42.45366668701172,15174500.0
2016-01-28,AIG,55.0099983215332,55.29999923706055,54.18000030517578,54.709999084472656,42.585994720458984,12172600.0
2016-01-29,AIG,55.06999969482422,56.47999954223633,54.88999938964844,56.47999954223633,43.963741302490234,10818700.0
2016-02-01,AIG,55.81999969482422,56.81999969482422,55.380001068115234,56.290000915527344,43.81584930419922,12280800.0
2016-02-02,AIG,55.47999954223633,55.720001220703125,55.15999984741211,55.33000183105469,43.0685920715332,12799600.0
2016-02-03,AIG,55.380001068115234,55.380001068115234,52.470001220703125,54.310001373291016,42.274635314941406,17506100.0
2016-02-04,AIG,54.16999816894531,54.779998779296875,53.689998626708984,54.02000045776367,42.04888916015625,12286900.0
2016-02-05,AIG,53.90999984741211,54.0099983215332,52.5,53.369998931884766,41.542938232421875,13321500.0
2016-02-08,AIG,52.5099983215332,52.650001525878906,51.849998474121094,52.29999923706055,40.71005630493164,15839600.0
2016-02-09,AIG,51.40999984741211,52.869998931884766,51.29999923706055,52.25,40.671142578125,11267500.0
2016-02-10,AIG,52.72999954223633,53.459999084472656,52.41999816894531,52.45000076293945,40.82682418823242,10241200.0
2016-02-11,AIG,51.04999923706055,51.470001220703125,50.380001068115234,50.52000045776367,39.32451248168945,18848100.0
2016-02-12,AIG,51.75,54.25,51.33000183105469,53.0,41.25493240356445,17512800.0
2016-02-16,AIG,53.0,53.4900016784668,51.79999923706055,52.060001373291016,40.52324676513672,13233000.0
2016-02-17,AIG,52.70000076293945,53.47999954223633,52.25,52.66999816894531,40.99806213378906,9892300.0
2016-02-18,AIG,51.959999084472656,52.290000915527344,51.54999923706055,51.91999816894531,40.414268493652344,8637600.0
2016-02-19,AIG,51.900001525878906,51.93000030517578,51.29999923706055,51.529998779296875,40.11069869995117,9108000.0
2016-02-22,AIG,52.04999923706055,52.2599983215332,51.81999969482422,52.099998474121094,40.554378509521484,7219900.0
2016-02-23,AIG,52.0099983215332,52.029998779296875,50.79999923706055,51.060001373291016,39.74485397338867,6899700.0
2016-02-24,AIG,50.41999816894531,51.130001068115234,50.22999954223633,50.91999816894531,39.6358642578125,7576700.0
2016-02-25,AIG,50.79999923706055,51.45000076293945,50.38999938964844,51.369998931884766,39.986148834228516,8151200.0
2016-02-26,AIG,51.880001068115234,51.90999984741211,50.970001220703125,51.09000015258789,39.76819610595703,8815800.0
2016-02-29,AIG,51.099998474121094,51.130001068115234,50.20000076293945,50.20000076293945,39.07542037963867,11746500.0
2016-03-01,AIG,50.630001068115234,51.970001220703125,50.38999938964844,51.880001068115234,40.38312911987305,11592200.0
2016-03-02,AIG,51.849998474121094,52.119998931884766,51.2599983215332,51.83000183105469,40.34422302246094,7627200.0
2016-03-03,AIG,51.88999938964844,52.369998931884766,51.529998779296875,52.27000045776367,40.686702728271484,9462300.0
2016-03-04,AIG,52.439998626708984,53.0,51.9900016784668,52.29999923706055,40.71005630493164,21713700.0
2016-03-07,AIG,51.88999938964844,52.720001220703125,51.47999954223633,52.65999984741211,40.99028396606445,7662100.0
2016-03-08,AIG,52.119998931884766,52.66999816894531,51.56999969482422,51.93000030517578,40.42204284667969,8138700.0
2016-03-09,AIG,52.220001220703125,52.27000045776367,51.38999938964844,51.59000015258789,40.15740203857422,5944300.0
2016-03-10,AIG,51.349998474121094,52.029998779296875,50.83000183105469,51.540000915527344,40.3688850402832,5359700.0
2016-03-11,AIG,52.0,52.95000076293945,51.90999984741211,52.88999938964844,41.42626190185547,7275300.0
2016-03-14,AIG,52.59000015258789,53.20000076293945,52.560001373291016,52.869998931884766,41.41059875488281,6447500.0
2016-03-15,AIG,52.540000915527344,53.040000915527344,52.040000915527344,53.02000045776367,41.52809524536133,6866000.0
2016-03-16,AIG,52.7599983215332,53.290000915527344,52.61000061035156,52.90999984741211,41.441932678222656,6485900.0
2016-03-17,AIG,52.900001525878906,53.47999954223633,52.369998931884766,53.18000030517578,41.653411865234375,5787900.0
2016-03-18,AIG,53.369998931884766,53.91999816894531,53.31999969482422,53.709999084472656,42.06853485107422,9907100.0
2016-03-21,AIG,53.47999954223633,54.02000045776367,53.16999816894531,53.56999969482422,41.9588737487793,4562100.0
2016-03-22,AIG,53.54999923706055,54.0099983215332,53.209999084472656,53.720001220703125,42.07636642456055,6102800.0
2016-03-23,AIG,53.720001220703125,54.04999923706055,53.34000015258789,53.439998626708984,41.857059478759766,6417400.0
2016-03-24,AIG,52.970001220703125,53.060001373291016,52.540000915527344,52.97999954223633,41.49675369262695,5609900.0
2016-03-28,AIG,53.130001068115234,53.599998474121094,53.029998779296875,53.40999984741211,41.83356857299805,5145900.0
2016-03-29,AIG,53.2400016784668,53.709999084472656,52.9900016784668,53.38999938964844,41.81789016723633,7289500.0
2016-03-30,AIG,54.130001068115234,54.900001525878906,53.77000045776367,54.52000045776367,42.702972412109375,8375500.0
2016-03-31,AIG,54.5099983215332,54.83000183105469,53.95000076293945,54.04999923706055,42.334835052490234,8315000.0
2016-04-01,AIG,53.86000061035156,54.9900016784668,53.709999084472656,54.88999938964844,42.992767333984375,6461700.0
2016-04-04,AIG,54.880001068115234,54.900001525878906,54.31999969482422,54.400001525878906,42.60897445678711,5308800.0
2016-04-05,AIG,53.939998626708984,54.2400016784668,53.58000183105469,53.68000030517578,42.04503631591797,6605600.0
2016-04-06,AIG,53.560001373291016,54.20000076293945,53.470001220703125,54.11000061035156,42.38184356689453,5577200.0
2016-04-07,AIG,53.66999816894531,53.849998474121094,52.810001373291016,53.11000061035156,41.59858703613281,5624800.0
2016-04-08,AIG,53.439998626708984,53.65999984741211,53.04999923706055,53.15999984741211,41.63774490356445,5001900.0
2016-04-11,AIG,53.439998626708984,53.7599983215332,53.29999923706055,53.40999984741211,41.83356857299805,5187100.0
2016-04-12,AIG,53.459999084472656,53.869998931884766,53.150001525878906,53.790000915527344,42.131195068359375,11796200.0
2016-04-13,AIG,54.08000183105469,55.150001525878906,54.08000183105469,55.13999938964844,43.18858337402344,6487500.0
2016-04-14,AIG,55.0,55.58000183105469,54.81999969482422,55.2599983215332,43.28257751464844,5946400.0
2016-04-15,AIG,55.59000015258789,55.59000015258789,54.86000061035156,54.95000076293945,43.03976821899414,6928800.0
2016-04-18,AIG,54.91999816894531,55.310001373291016,54.619998931884766,55.279998779296875,43.29823303222656,8691300.0
2016-04-19,AIG,55.38999938964844,56.04999923706055,55.279998779296875,55.720001220703125,43.64286804199219,3956200.0
2016-04-20,AIG,55.79999923706055,56.380001068115234,55.75,56.119998931884766,43.9561767578125,3668500.0
2016-04-21,AIG,55.900001525878906,56.2400016784668,55.5,55.52000045776367,43.486209869384766,5283500.0
2016-04-22,AIG,55.68000030517578,56.209999084472656,55.540000915527344,56.189998626708984,44.0109977722168,6006800.0
2016-04-25,AIG,55.810001373291016,56.08000183105469,55.40999984741211,55.95000076293945,43.82302474975586,4265100.0
2016-04-26,AIG,55.95000076293945,56.66999816894531,55.779998779296875,56.54999923706055,44.2929801940918,4994100.0
2016-04-27,AIG,56.5,56.90999984741211,56.34000015258789,56.630001068115234,44.355648040771484,6291100.0
2016-04-28,AIG,56.20000076293945,56.66999816894531,55.7400016784668,55.83000183105469,43.729034423828125,6811400.0
2016-04-29,AIG,55.619998931884766,56.029998779296875,55.279998779296875,55.81999969482422,43.72119903564453,7791000.0
2016-05-02,AIG,56.380001068115234,56.79999923706055,55.88999938964844,56.59000015258789,44.324302673339844,9166300.0
2016-05-03,AIG,55.060001373291016,56.060001373291016,54.959999084472656,55.939998626708984,43.815189361572266,11985000.0
2016-05-04,AIG,55.33000183105469,55.45000076293945,54.45000076293945,54.849998474121094,42.96144104003906,9138800.0
2016-05-05,AIG,54.81999969482422,55.029998779296875,54.54999923706055,54.810001373291016,42.930118560791016,7768300.0
2016-05-06,AIG,54.439998626708984,55.09000015258789,54.380001068115234,55.040000915527344,43.11026382446289,6887700.0
2016-05-09,AIG,54.97999954223633,55.43000030517578,54.75,55.25,43.274749755859375,5878800.0
2016-05-10,AIG,55.38999938964844,56.95000076293945,55.33000183105469,56.349998474121094,44.136322021484375,6104600.0
2016-05-11,AIG,56.27000045776367,56.599998474121094,55.88999938964844,55.959999084472656,43.83085250854492,6958300.0
2016-05-12,AIG,56.20000076293945,56.45000076293945,55.900001525878906,56.290000915527344,44.089332580566406,7792400.0
2016-05-13,AIG,56.22999954223633,56.70000076293945,55.61000061035156,55.65999984741211,43.595882415771484,5939700.0
2016-05-16,AIG,55.45000076293945,55.900001525878906,55.2400016784668,55.279998779296875,43.29823303222656,6419500.0
2016-05-17,AIG,55.41999816894531,55.83000183105469,55.119998931884766,55.400001525878906,43.39223861694336,8361200.0
2016-05-18,AIG,55.310001373291016,56.77000045776367,55.209999084472656,56.709999084472656,44.418296813964844,8409200.0
2016-05-19,AIG,56.349998474121094,56.66999816894531,55.83000183105469,56.36000061035156,44.144161224365234,7840000.0
2016-05-20,AIG,56.650001525878906,57.5,56.540000915527344,56.970001220703125,44.62194061279297,6300200.0
2016-05-23,AIG,56.880001068115234,57.09000015258789,56.70000076293945,56.900001525878906,44.56711196899414,5511100.0
2016-05-24,AIG,57.220001220703125,57.900001525878906,57.130001068115234,57.70000076293945,45.19371795654297,6558600.0
2016-05-25,AIG,57.81999969482422,58.36000061035156,57.81999969482422,58.04999923706055,45.46784210205078,5139800.0
2016-05-26,AIG,57.79999923706055,57.9900016784668,57.63999938964844,57.75,45.232872009277344,4548800.0
2016-05-27,AIG,57.849998474121094,58.33000183105469,57.779998779296875,58.31999969482422,45.679344177246094,5595300.0
2016-05-31,AIG,58.40999984741211,58.59000015258789,57.70000076293945,57.880001068115234,45.33469772338867,10544900.0
2016-06-01,AIG,57.880001068115234,57.900001525878906,57.02000045776367,57.7400016784668,45.225040435791016,5964700.0
2016-06-02,AIG,57.720001220703125,57.88999938964844,57.400001525878906,57.84000015258789,45.30336380004883,6295700.0
2016-06-03,AIG,57.08000183105469,57.529998779296875,56.689998626708984,57.2599983215332,44.84907913208008,6363500.0
2016-06-06,AIG,56.970001220703125,57.599998474121094,56.970001220703125,57.290000915527344,44.872589111328125,5741800.0
2016-06-07,AIG,57.310001373291016,57.58000183105469,57.04999923706055,57.060001373291016,44.69243240356445,5175800.0
2016-06-08,AIG,57.060001373291016,57.34000015258789,56.84000015258789,56.91999816894531,44.5827751159668,5734300.0
2016-06-09,AIG,56.310001373291016,56.40999984741211,55.9900016784668,56.099998474121094,44.18893814086914,7286700.0
2016-06-10,AIG,55.5,55.619998931884766,54.79999923706055,54.9900016784668,43.31462097167969,8105300.0
2016-06-13,AIG,54.61000061035156,55.13999938964844,54.369998931884766,54.400001525878906,42.849884033203125,5453000.0
2016-06-14,AIG,54.290000915527344,54.41999816894531,53.540000915527344,53.9900016784668,42.52693176269531,8392600.0
2016-06-15,AIG,54.2599983215332,54.40999984741211,53.52000045776367,53.56999969482422,42.19609832763672,6812000.0
2016-06-16,AIG,53.150001525878906,53.689998626708984,52.75,53.630001068115234,42.24336624145508,6381900.0
2016-06-17,AIG,53.630001068115234,53.709999084472656,53.150001525878906,53.41999816894531,42.07794952392578,9559800.0
2016-06-20,AIG,54.150001525878906,54.47999954223633,53.70000076293945,53.72999954223633,42.32211685180664,5208800.0
2016-06-21,AIG,54.040000915527344,54.060001373291016,53.560001373291016,53.790000915527344,42.369384765625,5382200.0
2016-06-22,AIG,53.939998626708984,54.29999923706055,53.650001525878906,53.68000030517578,42.28274154663086,4783000.0
2016-06-23,AIG,54.20000076293945,54.709999084472656,54.20000076293945,54.709999084472656,43.09407043457031,4283900.0
2016-06-24,AIG,52.06999969482422,52.72999954223633,50.63999938964844,50.720001220703125,39.95120620727539,14909000.0
2016-06-27,AIG,49.93000030517578,50.0,48.40999984741211,48.790000915527344,38.430992126464844,11881500.0
2016-06-28,AIG,49.849998474121094,49.880001068115234,48.79999923706055,49.81999969482422,39.24229049682617,9843400.0
2016-06-29,AIG,50.41999816894531,51.47999954223633,50.150001525878906,51.459999084472656,40.534095764160156,8569500.0
2016-06-30,AIG,51.900001525878906,52.91999816894531,51.5,52.88999938964844,41.66047668457031,10472500.0
2016-07-01,AIG,52.650001525878906,53.29999923706055,52.560001373291016,52.869998931884766,41.64472961425781,6172900.0
2016-07-05,AIG,52.369998931884766,52.439998626708984,51.029998779296875,51.209999084472656,40.33718490600586,9376900.0
2016-07-06,AIG,50.939998626708984,51.290000915527344,50.20000076293945,51.2599983215332,40.37655258178711,8320200.0
2016-07-07,AIG,51.54999923706055,52.150001525878906,51.31999969482422,51.81999969482422,40.81766128540039,7622900.0
2016-07-08,AIG,52.58000183105469,53.06999969482422,52.38999938964844,53.0099983215332,41.755001068115234,6558700.0
2016-07-11,AIG,53.27000045776367,53.47999954223633,52.970001220703125,53.290000915527344,41.975555419921875,5272000.0
2016-07-12,AIG,53.66999816894531,54.279998779296875,53.63999938964844,53.86000061035156,42.424530029296875,7960400.0
2016-07-13,AIG,54.02000045776367,54.150001525878906,53.470001220703125,53.810001373291016,42.38514709472656,4396100.0
2016-07-14,AIG,54.43000030517578,54.689998626708984,54.09000015258789,54.400001525878906,42.849884033203125,5614800.0
2016-07-15,AIG,54.619998931884766,54.7400016784668,54.16999816894531,54.439998626708984,42.88138198852539,4694100.0
2016-07-18,AIG,54.33000183105469,54.779998779296875,54.2599983215332,54.560001373291016,42.97591018676758,3919000.0
2016-07-19,AIG,54.279998779296875,54.52000045776367,54.11000061035156,54.459999084472656,42.89712905883789,3503800.0
2016-07-20,AIG,54.58000183105469,54.880001068115234,54.31999969482422,54.56999969482422,42.983787536621094,3680600.0
2016-07-21,AIG,54.5,54.63999938964844,54.189998626708984,54.290000915527344,42.763221740722656,4112800.0
2016-07-22,AIG,54.40999984741211,54.66999816894531,54.34000015258789,54.619998931884766,43.023162841796875,2905100.0
2016-07-25,AIG,54.619998931884766,54.7400016784668,54.38999938964844,54.65999984741211,43.0546760559082,3396500.0
2016-07-26,AIG,54.65999984741211,54.91999816894531,54.38999938964844,54.689998626708984,43.078304290771484,2959200.0
2016-07-27,AIG,54.61000061035156,54.81999969482422,54.40999984741211,54.619998931884766,43.023162841796875,4784000.0
2016-07-28,AIG,54.40999984741211,54.900001525878906,54.34000015258789,54.790000915527344,43.15707778930664,3305400.0
2016-07-29,AIG,54.43000030517578,54.650001525878906,54.16999816894531,54.439998626708984,42.88138198852539,5937400.0
2016-08-01,AIG,54.459999084472656,54.77000045776367,54.150001525878906,54.209999084472656,42.70022201538086,6143900.0
2016-08-02,AIG,54.189998626708984,54.38999938964844,53.93000030517578,54.13999938964844,42.645084381103516,6059000.0
2016-08-03,AIG,56.90999984741211,58.22999954223633,56.79999923706055,58.099998474121094,45.7642936706543,15480200.0
2016-08-04,AIG,58.09000015258789,58.25,57.58000183105469,57.61000061035156,45.378334045410156,8257400.0
2016-08-05,AIG,58.25,59.15999984741211,58.119998931884766,59.099998474121094,46.55198287963867,5961900.0
2016-08-08,AIG,59.43000030517578,59.810001373291016,59.279998779296875,59.38999938964844,46.78041076660156,5383300.0
2016-08-09,AIG,59.290000915527344,59.54999923706055,59.099998474121094,59.27000045776367,46.685874938964844,3648000.0
2016-08-10,AIG,59.27000045776367,59.40999984741211,58.90999984741211,59.0,46.47322082519531,3563300.0
2016-08-11,AIG,59.20000076293945,59.54999923706055,59.13999938964844,59.18000030517578,46.61499786376953,3444400.0
2016-08-12,AIG,58.84000015258789,58.970001220703125,58.720001220703125,58.849998474121094,46.355064392089844,2637100.0
2016-08-15,AIG,59.02000045776367,59.34000015258789,58.95000076293945,59.220001220703125,46.64650344848633,3456000.0
2016-08-16,AIG,58.97999954223633,59.56999969482422,58.75,59.310001373291016,46.71739196777344,3836800.0
2016-08-17,AIG,59.2599983215332,59.400001525878906,58.939998626708984,59.029998779296875,46.49684143066406,4146100.0
2016-08-18,AIG,59.11000061035156,59.349998474121094,58.79999923706055,58.97999954223633,46.45746612548828,3756500.0
2016-08-19,AIG,58.79999923706055,58.97999954223633,58.45000076293945,58.86000061035156,46.36293411254883,3882800.0
2016-08-22,AIG,58.90999984741211,59.099998474121094,58.689998626708984,58.9900016784668,46.46534729003906,3593900.0
2016-08-23,AIG,59.25,59.349998474121094,58.9900016784668,59.02000045776367,46.48896789550781,4052500.0
2016-08-24,AIG,59.0099983215332,59.349998474121094,58.79999923706055,58.90999984741211,46.40232467651367,3870600.0
2016-08-25,AIG,58.7599983215332,59.25,58.7400016784668,58.939998626708984,46.42594528198242,4078400.0
2016-08-26,AIG,59.16999816894531,59.5,58.70000076293945,59.02000045776367,46.48896789550781,3951200.0
2016-08-29,AIG,59.150001525878906,59.7400016784668,59.150001525878906,59.43000030517578,46.81190490722656,3675900.0
2016-08-30,AIG,59.43000030517578,59.7400016784668,59.220001220703125,59.63999938964844,46.977317810058594,4218500.0
2016-08-31,AIG,59.70000076293945,59.88999938964844,59.349998474121094,59.83000183105469,47.12698745727539,6090000.0
2016-09-01,AIG,59.90999984741211,59.9900016784668,58.9900016784668,59.40999984741211,46.796165466308594,4677300.0
2016-09-02,AIG,59.720001220703125,59.970001220703125,59.54999923706055,59.86000061035156,47.15061950683594,4399200.0
2016-09-06,AIG,59.630001068115234,59.84000015258789,58.9900016784668,59.45000076293945,46.82767105102539,7066200.0
2016-09-07,AIG,59.31999969482422,59.5099983215332,58.939998626708984,59.369998931884766,46.764652252197266,4488200.0
2016-09-08,AIG,59.380001068115234,59.58000183105469,58.970001220703125,59.040000915527344,46.50471878051758,5279600.0
2016-09-09,AIG,58.86000061035156,59.290000915527344,58.65999984741211,58.66999816894531,46.213287353515625,6937300.0
2016-09-12,AIG,58.279998779296875,59.220001220703125,57.540000915527344,58.9900016784668,46.46534729003906,9222400.0
2016-09-13,AIG,58.029998779296875,58.369998931884766,57.709999084472656,58.22999954223633,46.11686706542969,7098500.0
2016-09-14,AIG,58.18000030517578,58.630001068115234,57.88999938964844,58.08000183105469,45.998069763183594,5978800.0
2016-09-15,AIG,58.0,58.900001525878906,57.880001068115234,58.59000015258789,46.40198516845703,6494500.0
2016-09-16,AIG,58.209999084472656,58.2599983215332,57.720001220703125,57.900001525878906,45.85550308227539,22310200.0
2016-09-19,AIG,58.150001525878906,58.540000915527344,57.65999984741211,57.84000015258789,45.807987213134766,6684700.0
2016-09-20,AIG,58.09000015258789,58.119998931884766,57.779998779296875,57.84000015258789,45.807987213134766,5092400.0
2016-09-21,AIG,58.119998931884766,58.36000061035156,57.540000915527344,58.09000015258789,46.0059928894043,8334300.0
2016-09-22,AIG,58.2400016784668,59.040000915527344,58.16999816894531,58.9900016784668,46.718772888183594,6619100.0
2016-09-23,AIG,58.91999816894531,59.119998931884766,58.63999938964844,58.72999954223633,46.512855529785156,6306900.0
2016-09-26,AIG,58.439998626708984,58.439998626708984,58.060001373291016,58.25,46.13269805908203,4895500.0
2016-09-27,AIG,58.13999938964844,58.93000030517578,57.900001525878906,58.5099983215332,46.33860397338867,5388300.0
2016-09-28,AIG,58.779998779296875,59.529998779296875,58.63999938964844,59.5,47.122676849365234,6052700.0
2016-09-29,AIG,59.349998474121094,59.86000061035156,58.22999954223633,58.400001525878906,46.25150680541992,7291900.0
2016-09-30,AIG,58.79999923706055,59.599998474121094,58.79999923706055,59.34000015258789,46.995948791503906,6408500.0
2016-10-03,AIG,59.189998626708984,59.29999923706055,58.4900016784668,58.91999816894531,46.6633186340332,4412200.0
2016-10-04,AIG,58.81999969482422,59.2599983215332,58.619998931884766,59.08000183105469,46.7900505065918,5990100.0
2016-10-05,AIG,59.38999938964844,60.279998779296875,59.34000015258789,59.900001525878906,47.439476013183594,5219900.0
2016-10-06,AIG,59.959999084472656,60.130001068115234,59.5099983215332,59.95000076293945,47.47906494140625,4921300.0
2016-10-07,AIG,60.0,60.439998626708984,59.61000061035156,60.060001373291016,47.56618881225586,4733000.0
2016-10-10,AIG,60.33000183105469,60.72999954223633,60.33000183105469,60.439998626708984,47.86713790893555,3435900.0
2016-10-11,AIG,60.11000061035156,60.380001068115234,59.5099983215332,59.86000061035156,47.40779495239258,5170900.0
2016-10-12,AIG,60.09000015258789,60.869998931884766,59.900001525878906,60.439998626708984,47.86713790893555,5565500.0
2016-10-13,AIG,59.79999923706055,59.93000030517578,58.93000030517578,59.59000015258789,47.1939582824707,6131100.0
2016-10-14,AIG,60.13999938964844,60.689998626708984,59.77000045776367,59.86000061035156,47.40779495239258,5207800.0
2016-10-17,AIG,60.029998779296875,60.47999954223633,59.900001525878906,60.290000915527344,47.74834442138672,5158600.0
2016-10-18,AIG,60.709999084472656,61.0099983215332,60.380001068115234,60.4900016784668,47.906734466552734,4105600.0
2016-10-19,AIG,60.459999084472656,61.0,60.459999084472656,60.709999084472656,48.08095932006836,4546800.0
2016-10-20,AIG,60.4900016784668,60.689998626708984,59.810001373291016,60.06999969482422,47.5740966796875,4380800.0
2016-10-21,AIG,59.529998779296875,60.09000015258789,59.400001525878906,60.0,47.518672943115234,4218300.0
2016-10-24,AIG,60.279998779296875,60.5,60.189998626708984,60.31999969482422,47.77210235595703,3458600.0
2016-10-25,AIG,60.29999923706055,60.599998474121094,60.15999984741211,60.54999923706055,47.954254150390625,3493800.0
2016-10-26,AIG,60.29999923706055,61.369998931884766,60.15999984741211,61.11000061035156,48.39775085449219,6584600.0
2016-10-27,AIG,61.439998626708984,62.029998779296875,61.119998931884766,61.41999816894531,48.643280029296875,9922400.0
2016-10-28,AIG,61.63999938964844,61.90999984741211,60.959999084472656,61.279998779296875,48.53239440917969,7016900.0
2016-10-31,AIG,61.54999923706055,61.959999084472656,61.439998626708984,61.70000076293945,48.86503219604492,5901500.0
2016-11-01,AIG,61.77000045776367,61.810001373291016,59.90999984741211,60.68000030517578,48.057220458984375,8322800.0
2016-11-02,AIG,60.630001068115234,61.119998931884766,60.2400016784668,60.54999923706055,47.954254150390625,7359300.0
2016-11-03,AIG,58.13999938964844,58.36000061035156,57.349998474121094,58.150001525878906,46.053504943847656,13088100.0
2016-11-04,AIG,58.22999954223633,58.34000015258789,57.369998931884766,57.380001068115234,45.443687438964844,8737100.0
2016-11-07,AIG,58.20000076293945,59.310001373291016,58.119998931884766,59.279998779296875,46.94843673706055,9849100.0
2016-11-08,AIG,59.11000061035156,59.869998931884766,58.709999084472656,59.5,47.122676849365234,9238500.0
2016-11-09,AIG,60.09000015258789,61.15999984741211,59.70000076293945,60.93000030517578,48.255210876464844,13021000.0
2016-11-10,AIG,61.52000045776367,63.470001220703125,61.5,63.209999084472656,50.0609130859375,12562000.0
2016-11-11,AIG,62.93000030517578,63.47999954223633,62.720001220703125,63.31999969482422,50.14802932739258,9673700.0
2016-11-14,AIG,63.65999984741211,64.72000122070312,63.54999923706055,64.44999694824219,51.042964935302734,9557500.0
2016-11-15,AIG,63.93000030517578,64.5999984741211,63.72999954223633,64.5999984741211,51.16175842285156,8588100.0
2016-11-16,AIG,63.939998626708984,64.5199966430664,63.45000076293945,64.0999984741211,50.76577377319336,6185300.0
2016-11-17,AIG,63.95000076293945,64.45999908447266,63.95000076293945,64.2300033569336,50.868743896484375,6260700.0
2016-11-18,AIG,64.13999938964844,64.2300033569336,63.45000076293945,63.90999984741211,50.61528015136719,4462000.0
2016-11-21,AIG,64.0199966430664,64.25,63.65999984741211,63.91999816894531,50.62321472167969,4177700.0
2016-11-22,AIG,64.02999877929688,64.12000274658203,63.09000015258789,64.0,50.68657684326172,6626700.0
2016-11-23,AIG,64.13999938964844,64.48999786376953,63.81999969482422,64.33000183105469,50.94793701171875,4498200.0
2016-11-25,AIG,64.0199966430664,64.58000183105469,64.0199966430664,64.44000244140625,51.03504180908203,2074000.0
2016-11-28,AIG,63.97999954223633,64.5,63.290000915527344,63.310001373291016,50.140106201171875,6385300.0
2016-11-29,AIG,63.47999954223633,63.58000183105469,63.25,63.279998779296875,50.11634826660156,4841400.0
2016-11-30,AIG,63.689998626708984,64.05999755859375,63.33000183105469,63.33000183105469,50.15596389770508,7627200.0
2016-12-01,AIG,63.65999984741211,64.1500015258789,63.599998474121094,64.11000061035156,50.77369689941406,5942700.0
2016-12-02,AIG,64.08999633789062,64.19999694824219,63.689998626708984,63.75,50.48857498168945,5651000.0
2016-12-05,AIG,64.13999938964844,64.22000122070312,63.83000183105469,64.22000122070312,50.86081314086914,4706000.0
2016-12-06,AIG,64.20999908447266,64.36000061035156,63.7599983215332,64.19999694824219,51.09960174560547,4942600.0
2016-12-07,AIG,64.29000091552734,64.98999786376953,64.20999908447266,64.91999816894531,51.672672271728516,5113100.0
2016-12-08,AIG,64.9800033569336,66.0999984741211,64.80000305175781,65.81999969482422,52.389034271240234,5196500.0
2016-12-09,AIG,65.80000305175781,65.98999786376953,65.47000122070312,65.83000183105469,52.39698791503906,6553000.0
2016-12-12,AIG,66.08000183105469,66.22000122070312,64.9800033569336,65.62000274658203,52.22983932495117,6568400.0
2016-12-13,AIG,65.93000030517578,66.33000183105469,65.41999816894531,66.30999755859375,52.77904510498047,5225900.0
2016-12-14,AIG,65.73999786376953,67.0,65.41999816894531,66.01000213623047,52.540252685546875,6613400.0
2016-12-15,AIG,66.26000213623047,67.02999877929688,66.12999725341797,66.19000244140625,52.68351745605469,6148700.0
2016-12-16,AIG,66.33000183105469,66.68000030517578,65.98999786376953,66.30000305175781,52.77106857299805,14776700.0
2016-12-19,AIG,66.33000183105469,66.68000030517578,65.5999984741211,66.54000091552734,52.96210861206055,7628700.0
2016-12-20,AIG,66.73999786376953,66.9800033569336,66.31999969482422,66.5999984741211,53.00986099243164,4075700.0
2016-12-21,AIG,66.58000183105469,66.87000274658203,66.22000122070312,66.66000366210938,53.057640075683594,3091500.0
2016-12-22,AIG,66.2300033569336,66.77999877929688,65.94999694824219,66.2300033569336,52.715362548828125,3047500.0
2016-12-23,AIG,66.2300033569336,66.5,66.05000305175781,66.41000366210938,52.858619689941406,2061000.0
2016-12-27,AIG,66.54000091552734,66.91999816894531,66.41999816894531,66.69999694824219,53.08945083618164,3263700.0
2016-12-28,AIG,66.68000030517578,66.7699966430664,65.87000274658203,65.87999725341797,52.436767578125,2449800.0
2016-12-29,AIG,66.0,66.19000244140625,65.44000244140625,65.5,52.13432693481445,3336800.0
2016-12-30,AIG,65.4000015258789,65.72000122070312,65.12000274658203,65.30999755859375,51.98308563232422,4497200.0
2017-01-03,AIG,65.94999694824219,66.01000213623047,64.69000244140625,65.12000274658203,51.83186340332031,7321900.0
2017-01-04,AIG,65.48999786376953,66.20999908447266,65.27999877929688,65.97000122070312,52.5084114074707,4927500.0
2017-01-05,AIG,65.80999755859375,66.06999969482422,64.93000030517578,65.5999984741211,52.21392059326172,4107900.0
2017-01-06,AIG,66.56999969482422,67.08000183105469,66.19000244140625,66.80999755859375,53.177001953125,5603700.0
2017-01-09,AIG,66.69000244140625,66.87000274658203,66.06999969482422,66.37999725341797,52.834747314453125,4345000.0
2017-01-10,AIG,66.41000366210938,67.47000122070312,66.26000213623047,67.19999694824219,53.48743438720703,4952500.0
2017-01-11,AIG,66.83999633789062,67.2699966430664,66.31999969482422,66.94999694824219,53.2884521484375,4762000.0
2017-01-12,AIG,66.55999755859375,66.61000061035156,65.75,66.25,52.73127365112305,5558700.0
2017-01-13,AIG,66.13999938964844,66.91000366210938,66.12000274658203,66.3499984741211,52.810874938964844,5391500.0
2017-01-17,AIG,65.69999694824219,66.41000366210938,65.45999908447266,66.05999755859375,52.58004379272461,5155000.0
2017-01-18,AIG,66.33999633789062,66.47000122070312,65.86000061035156,66.23999786376953,52.723323822021484,4953900.0
2017-01-19,AIG,66.44999694824219,66.6500015258789,65.95999908447266,66.29000091552734,52.76310348510742,4406400.0
2017-01-20,AIG,66.29000091552734,67.44999694824219,66.26000213623047,66.54000091552734,52.96210861206055,9070900.0
2017-01-23,AIG,66.5199966430664,66.52999877929688,65.44000244140625,65.48999786376953,52.126365661621094,5707100.0
2017-01-24,AIG,65.83999633789062,65.93000030517578,65.33999633789062,65.5,52.13432693481445,6524900.0
2017-01-25,AIG,65.72000122070312,66.06999969482422,65.43000030517578,65.72000122070312,52.30942916870117,6799000.0
2017-01-26,AIG,66.01000213623047,66.4000015258789,65.55000305175781,66.0199966430664,52.5482063293457,4866900.0
2017-01-27,AIG,66.0,66.05000305175781,64.98999786376953,65.20999908447266,51.903499603271484,5612800.0
2017-01-30,AIG,64.94999694824219,64.94999694824219,64.0199966430664,64.88999938964844,51.64879608154297,5149900.0
2017-01-31,AIG,64.75,65.13999938964844,64.05000305175781,64.26000213623047,51.14735794067383,6201100.0
2017-02-01,AIG,64.75,65.0,64.05999755859375,64.2699966430664,51.15530776977539,4690400.0
2017-02-02,AIG,63.869998931884766,64.61000061035156,63.75,64.12000274658203,51.03592300415039,4532800.0
2017-02-03,AIG,64.97000122070312,65.18000030517578,64.5,64.94000244140625,51.6885986328125,4380500.0
2017-02-06,AIG,64.54000091552734,65.05000305175781,64.5,64.9000015258789,51.65674591064453,2871500.0
2017-02-07,AIG,65.19000244140625,65.25,64.76000213623047,64.87999725341797,51.64084243774414,3645700.0
2017-02-08,AIG,64.69999694824219,65.04000091552734,64.5,64.91000366210938,51.66473388671875,3181900.0
2017-02-09,AIG,64.91000366210938,65.58000183105469,64.91000366210938,65.31999969482422,51.99106216430664,5373100.0
2017-02-10,AIG,65.41000366210938,65.87999725341797,65.3499984741211,65.61000061035156,52.22188186645508,5076200.0
2017-02-13,AIG,65.73999786376953,66.30000305175781,65.6500015258789,66.13999938964844,52.64373016357422,4568700.0
2017-02-14,AIG,66.43000030517578,66.93000030517578,66.26000213623047,66.88999938964844,53.24068832397461,7933700.0
2017-02-15,AIG,62.540000915527344,62.9900016784668,60.40999984741211,60.849998474121094,48.43319320678711,38234900.0
2017-02-16,AIG,60.79999923706055,62.689998626708984,60.70000076293945,62.27000045776367,49.56342697143555,14253600.0
2017-02-17,AIG,62.09000015258789,62.52000045776367,61.810001373291016,62.5,49.746490478515625,7797900.0
2017-02-21,AIG,62.7599983215332,63.58000183105469,62.5099983215332,63.40999984741211,50.470802307128906,9402400.0
2017-02-22,AIG,63.099998474121094,64.44000244140625,63.029998779296875,63.83000183105469,50.80509567260742,10006600.0
2017-02-23,AIG,64.23999786376953,64.2699966430664,63.880001068115234,64.0199966430664,50.956329345703125,6081400.0
2017-02-24,AIG,63.689998626708984,63.709999084472656,63.220001220703125,63.630001068115234,50.645904541015625,6466500.0
2017-02-27,AIG,63.54999923706055,64.51000213623047,63.529998779296875,64.0,50.940406799316406,8548800.0
2017-02-28,AIG,63.7599983215332,64.29000091552734,63.70000076293945,63.91999816894531,50.87672805786133,8014700.0
2017-03-01,AIG,64.7300033569336,64.9000015258789,64.37000274658203,64.62999725341797,51.44184494018555,10137000.0
2017-03-02,AIG,64.58999633789062,64.7300033569336,63.849998474121094,63.900001525878906,50.86081314086914,6833700.0
2017-03-03,AIG,63.86000061035156,64.37000274658203,63.77000045776367,64.22000122070312,51.115516662597656,4639900.0
2017-03-06,AIG,63.79999923706055,64.01000213623047,63.369998931884766,63.779998779296875,50.76530075073242,5305700.0
2017-03-07,AIG,63.689998626708984,63.7599983215332,62.65999984741211,63.45000076293945,50.502647399902344,8144800.0
2017-03-08,AIG,63.849998474121094,64.05000305175781,63.290000915527344,63.439998626708984,50.49467849731445,5863800.0
2017-03-09,AIG,64.54000091552734,64.75,62.95000076293945,63.209999084472656,50.311607360839844,8564500.0
2017-03-10,AIG,63.290000915527344,63.400001525878906,62.869998931884766,63.08000183105469,50.2081413269043,5005600.0
2017-03-13,AIG,61.970001220703125,63.33000183105469,61.810001373291016,63.18000030517578,50.54414749145508,8328100.0
2017-03-14,AIG,62.75,63.02000045776367,62.40999984741211,62.880001068115234,50.30413818359375,5131200.0
2017-03-15,AIG,63.09000015258789,63.38999938964844,62.880001068115234,63.22999954223633,50.58413314819336,5862600.0
2017-03-16,AIG,63.150001525878906,63.470001220703125,62.779998779296875,62.90999984741211,50.3281364440918,5185800.0
2017-03-17,AIG,62.63999938964844,63.04999923706055,62.029998779296875,62.41999816894531,49.93614196777344,16458400.0
2017-03-20,AIG,62.209999084472656,62.84000015258789,61.880001068115234,62.369998931884766,49.896141052246094,4596600.0
2017-03-21,AIG,62.68000030517578,62.68000030517578,61.560001373291016,61.7599983215332,49.40813446044922,7307300.0
2017-03-22,AIG,61.58000183105469,61.83000183105469,61.099998474121094,61.2400016784668,48.992130279541016,7417700.0
2017-03-23,AIG,61.310001373291016,61.900001525878906,61.20000076293945,61.34000015258789,49.07213592529297,6894600.0
2017-03-24,AIG,61.5,61.77000045776367,60.439998626708984,60.880001068115234,48.704132080078125,8466700.0
2017-03-27,AIG,60.13999938964844,61.119998931884766,59.88999938964844,60.93000030517578,48.7441291809082,6639300.0
2017-03-28,AIG,60.689998626708984,62.25,60.619998931884766,61.86000061035156,49.488136291503906,6491000.0
2017-03-29,AIG,61.599998474121094,61.88999938964844,61.5099983215332,61.77000045776367,49.4161376953125,5369800.0
2017-03-30,AIG,61.72999954223633,62.88999938964844,61.68000030517578,62.56999969482422,50.05613708496094,4706600.0
2017-03-31,AIG,62.40999984741211,62.84000015258789,62.25,62.43000030517578,49.94413375854492,5296000.0
2017-04-03,AIG,62.43000030517578,62.560001373291016,61.34000015258789,61.790000915527344,49.4321403503418,5158800.0
2017-04-04,AIG,61.709999084472656,62.2599983215332,61.5,62.18000030517578,49.744140625,4553200.0
2017-04-05,AIG,62.529998779296875,62.77000045776367,61.54999923706055,61.619998931884766,49.29612731933594,4605300.0
2017-04-06,AIG,61.5,62.06999969482422,61.38999938964844,61.84000015258789,49.472129821777344,3862600.0
2017-04-07,AIG,61.52000045776367,61.81999969482422,61.290000915527344,61.34000015258789,49.07213592529297,4847200.0
2017-04-10,AIG,61.40999984741211,61.88999938964844,61.27000045776367,61.47999954223633,49.184146881103516,4760900.0
2017-04-11,AIG,61.279998779296875,61.40999984741211,60.560001373291016,60.790000915527344,48.63214111328125,6147800.0
2017-04-12,AIG,60.189998626708984,60.459999084472656,59.7400016784668,60.16999816894531,48.1361198425293,7518300.0
2017-04-13,AIG,59.9900016784668,60.29999923706055,59.5,59.54999923706055,47.640140533447266,5956100.0
2017-04-17,AIG,59.61000061035156,60.060001373291016,59.369998931884766,59.93000030517578,47.94414138793945,5939400.0
2017-04-18,AIG,59.59000015258789,59.91999816894531,59.29999923706055,59.5,47.600128173828125,4841300.0
2017-04-19,AIG,59.81999969482422,59.97999954223633,58.709999084472656,58.97999954223633,47.184120178222656,6125700.0
2017-04-20,AIG,59.150001525878906,60.4900016784668,58.93000030517578,59.66999816894531,47.736141204833984,9397700.0
2017-04-21,AIG,59.560001373291016,59.70000076293945,59.08000183105469,59.130001068115234,47.30412292480469,6473200.0
2017-04-24,AIG,59.900001525878906,59.959999084472656,59.40999984741211,59.689998626708984,47.752140045166016,7930500.0
2017-04-25,AIG,60.0099983215332,60.29999923706055,59.900001525878906,60.06999969482422,48.05612564086914,8367500.0
2017-04-26,AIG,60.0099983215332,60.81999969482422,59.91999816894531,60.15999984741211,48.128143310546875,12413500.0
2017-04-27,AIG,60.209999084472656,61.40999984741211,60.119998931884766,61.150001525878906,48.920135498046875,6860400.0
2017-04-28,AIG,61.04999923706055,61.31999969482422,60.869998931884766,60.90999984741211,48.72813034057617,4822600.0
2017-05-01,AIG,61.189998626708984,61.880001068115234,61.06999969482422,61.61000061035156,49.28813552856445,5778700.0
2017-05-02,AIG,61.5,62.060001373291016,61.38999938964844,61.529998779296875,49.224143981933594,5205000.0
2017-05-03,AIG,61.400001525878906,61.90999984741211,61.2599983215332,61.540000915527344,49.23214340209961,7526900.0
2017-05-04,AIG,62.91999816894531,63.47999954223633,62.599998474121094,62.66999816894531,50.136138916015625,8490500.0
2017-05-05,AIG,62.7599983215332,62.95000076293945,62.61000061035156,62.709999084472656,50.168148040771484,6056900.0
2017-05-08,AIG,62.7599983215332,62.79999923706055,61.75,61.91999816894531,49.53614044189453,6488100.0
2017-05-09,AIG,61.900001525878906,62.439998626708984,61.65999984741211,61.81999969482422,49.456138610839844,6299900.0
2017-05-10,AIG,61.650001525878906,61.79999923706055,61.220001220703125,61.369998931884766,49.09614562988281,3964100.0
2017-05-11,AIG,62.880001068115234,62.900001525878906,61.720001220703125,61.790000915527344,49.4321403503418,9098400.0
2017-05-12,AIG,61.58000183105469,61.810001373291016,60.91999816894531,60.9900016784668,48.792152404785156,14479100.0
2017-05-15,AIG,61.25,61.86000061035156,61.25,61.81999969482422,49.456138610839844,9583200.0
2017-05-16,AIG,62.33000183105469,62.369998931884766,61.83000183105469,62.08000183105469,49.66413879394531,7962500.0
2017-05-17,AIG,62.08000183105469,62.08000183105469,61.18000030517578,61.560001373291016,49.24814224243164,13252200.0
2017-05-18,AIG,61.47999954223633,61.880001068115234,61.15999984741211,61.38999938964844,49.11213684082031,9934800.0
2017-05-19,AIG,61.5099983215332,61.790000915527344,61.119998931884766,61.20000076293945,48.960140228271484,9709600.0
2017-05-22,AIG,61.61000061035156,61.90999984741211,61.16999816894531,61.380001068115234,49.10414505004883,9260300.0
2017-05-23,AIG,61.36000061035156,62.279998779296875,61.209999084472656,62.16999816894531,49.73613739013672,7968900.0
2017-05-24,AIG,62.22999954223633,62.84000015258789,62.16999816894531,62.599998474121094,50.08013153076172,11406200.0
2017-05-25,AIG,62.849998474121094,63.2400016784668,62.54999923706055,63.119998931884766,50.496131896972656,9920700.0
2017-05-26,AIG,63.0,63.900001525878906,62.90999984741211,63.54999923706055,50.84014892578125,8817100.0
2017-05-30,AIG,63.29999923706055,64.31999969482422,63.2599983215332,64.0999984741211,51.28014373779297,6358300.0
2017-05-31,AIG,64.19000244140625,64.19000244140625,63.52000045776367,63.630001068115234,50.904144287109375,7493000.0
2017-06-01,AIG,63.810001373291016,64.04000091552734,63.630001068115234,63.900001525878906,51.120147705078125,5146700.0
2017-06-02,AIG,63.560001373291016,64.3499984741211,63.45000076293945,64.23999786376953,51.39213562011719,5736900.0
2017-06-05,AIG,64.0,64.1500015258789,63.779998779296875,63.83000183105469,51.06414794921875,3251100.0
2017-06-06,AIG,63.56999969482422,63.650001525878906,63.04999923706055,63.310001373291016,50.648155212402344,4157900.0
2017-06-07,AIG,63.400001525878906,63.41999816894531,63.08000183105469,63.15999984741211,50.52814483642578,4203700.0
2017-06-08,AIG,63.15999984741211,64.20999908447266,63.060001373291016,63.65999984741211,50.92814254760742,4868400.0
2017-06-09,AIG,63.83000183105469,64.20999908447266,63.31999969482422,64.18000030517578,51.34414291381836,7128900.0
2017-06-12,AIG,64.0,64.4000015258789,63.81999969482422,63.81999969482422,51.311988830566406,5646900.0
2017-06-13,AIG,63.880001068115234,64.33000183105469,63.63999938964844,64.2300033569336,51.641632080078125,4715000.0
2017-06-14,AIG,64.04000091552734,64.3499984741211,63.630001068115234,64.25,51.65770721435547,3026200.0
2017-06-15,AIG,63.810001373291016,64.12999725341797,63.36000061035156,63.810001373291016,51.3039436340332,4895700.0
2017-06-16,AIG,63.970001220703125,64.0,63.56999969482422,63.790000915527344,51.28785705566406,7611900.0
2017-06-19,AIG,64.12999725341797,64.18000030517578,63.720001220703125,63.95000076293945,51.416507720947266,3090800.0
2017-06-20,AIG,63.79999923706055,63.91999816894531,63.33000183105469,63.38999938964844,50.96625900268555,3907500.0
2017-06-21,AIG,63.88999938964844,63.939998626708984,63.15999984741211,63.220001220703125,50.829586029052734,4468200.0
2017-06-22,AIG,63.0,63.279998779296875,62.83000183105469,63.04999923706055,50.69289016723633,2749400.0
2017-06-23,AIG,63.18000030517578,63.36000061035156,62.810001373291016,63.02000045776367,50.66878128051758,8461800.0
2017-06-26,AIG,63.220001220703125,63.650001525878906,63.09000015258789,63.18000030517578,50.797420501708984,3839800.0
2017-06-27,AIG,63.2599983215332,64.0,63.209999084472656,63.40999984741211,50.98234558105469,4986700.0
2017-06-28,AIG,63.66999816894531,64.1500015258789,63.66999816894531,63.84000015258789,51.328067779541016,3792400.0
2017-06-29,AIG,64.30999755859375,64.52999877929688,63.25,63.5,51.05469512939453,4376300.0
2017-06-30,AIG,63.66999816894531,63.689998626708984,62.279998779296875,62.52000045776367,50.26676940917969,7731600.0
2017-07-03,AIG,62.81999969482422,63.90999984741211,62.81999969482422,63.290000915527344,50.885868072509766,3229100.0
2017-07-05,AIG,63.400001525878906,63.54999923706055,62.459999084472656,62.779998779296875,50.47582244873047,7149000.0
2017-07-06,AIG,62.779998779296875,63.790000915527344,62.77000045776367,63.08000183105469,50.71701431274414,6088000.0
2017-07-07,AIG,63.22999954223633,63.439998626708984,62.97999954223633,63.349998474121094,50.93409729003906,3360700.0
2017-07-10,AIG,63.08000183105469,63.29999923706055,62.97999954223633,63.06999969482422,50.70897674560547,3140600.0
2017-07-11,AIG,63.13999938964844,63.27000045776367,62.72999954223633,62.90999984741211,50.580322265625,2883400.0
2017-07-12,AIG,62.90999984741211,63.59000015258789,62.790000915527344,63.189998626708984,50.805450439453125,2686600.0
2017-07-13,AIG,63.36000061035156,64.29000091552734,63.18000030517578,64.12999725341797,51.56122589111328,5507900.0
2017-07-14,AIG,63.79999923706055,64.23999786376953,63.4900016784668,64.11000061035156,51.5451545715332,2767900.0
2017-07-17,AIG,64.0,64.22000122070312,63.529998779296875,64.05000305175781,51.496910095214844,3466300.0
2017-07-18,AIG,63.83000183105469,64.08000183105469,63.52000045776367,63.869998931884766,51.35218811035156,3980900.0
2017-07-19,AIG,63.91999816894531,64.19000244140625,63.72999954223633,64.19000244140625,51.60947036743164,2871700.0
2017-07-20,AIG,64.22000122070312,64.3499984741211,63.810001373291016,64.2300033569336,51.641632080078125,3488500.0
2017-07-21,AIG,64.16000366210938,64.27999877929688,63.86000061035156,64.19999694824219,51.617496490478516,3542700.0
2017-07-24,AIG,64.19999694824219,64.62000274658203,64.05000305175781,64.52999877929688,51.88282775878906,2928000.0
2017-07-25,AIG,64.94000244140625,65.41999816894531,64.91000366210938,65.29000091552734,52.49387741088867,4960000.0
2017-07-26,AIG,65.30999755859375,65.47000122070312,65.01000213623047,65.19000244140625,52.413475036621094,4458900.0
2017-07-27,AIG,65.16999816894531,66.02999877929688,65.08999633789062,65.16999816894531,52.39740753173828,4289300.0
2017-07-28,AIG,65.25,65.5199966430664,65.05999755859375,65.2699966430664,52.47780227661133,2838500.0
2017-07-31,AIG,65.41000366210938,65.6500015258789,65.13999938964844,65.44999694824219,52.62251663208008,3144500.0
2017-08-01,AIG,65.7300033569336,65.73999786376953,65.27999877929688,65.4800033569336,52.646636962890625,3261700.0
2017-08-02,AIG,65.29000091552734,65.94000244140625,65.0999984741211,65.9000015258789,52.98432159423828,3848500.0
2017-08-03,AIG,66.08000183105469,67.30000305175781,65.0999984741211,66.05999755859375,53.112972259521484,8492600.0
2017-08-04,AIG,66.16999816894531,66.2300033569336,64.79000091552734,65.08000183105469,52.32504653930664,5074100.0
2017-08-07,AIG,64.76000213623047,65.08000183105469,64.5,64.9800033569336,52.24464416503906,5301200.0
2017-08-08,AIG,64.94000244140625,65.08000183105469,64.38999938964844,64.56999969482422,51.91498947143555,3143600.0
2017-08-09,AIG,64.01000213623047,64.44000244140625,63.63999938964844,64.01000213623047,51.464744567871094,5601400.0
2017-08-10,AIG,63.72999954223633,63.849998474121094,62.91999816894531,63.0,50.65269470214844,4375100.0
2017-08-11,AIG,63.13999938964844,63.209999084472656,62.5099983215332,62.650001525878906,50.37129592895508,3676300.0
2017-08-14,AIG,63.16999816894531,63.40999984741211,62.84000015258789,62.880001068115234,50.55620574951172,3256300.0
2017-08-15,AIG,63.15999984741211,63.439998626708984,63.0,63.029998779296875,50.676815032958984,3065400.0
2017-08-16,AIG,63.20000076293945,63.29999923706055,62.810001373291016,62.970001220703125,50.628578186035156,2656900.0
2017-08-17,AIG,62.7599983215332,62.7599983215332,61.63999938964844,61.66999816894531,49.58335494995117,5174900.0
2017-08-18,AIG,61.459999084472656,61.83000183105469,61.15999984741211,61.34000015258789,49.31803512573242,4494700.0
2017-08-21,AIG,61.29999923706055,61.349998474121094,60.91999816894531,61.290000915527344,49.277835845947266,3000300.0
2017-08-22,AIG,61.349998474121094,61.5099983215332,60.939998626708984,61.220001220703125,49.22154998779297,4843600.0
2017-08-23,AIG,60.880001068115234,61.04999923706055,60.65999984741211,60.77000045776367,48.8597526550293,5306000.0
2017-08-24,AIG,60.790000915527344,60.939998626708984,60.16999816894531,60.22999954223633,48.42557907104492,5389700.0
2017-08-25,AIG,60.310001373291016,60.90999984741211,60.130001068115234,60.779998779296875,48.86779022216797,5877600.0
2017-08-28,AIG,60.65999984741211,60.709999084472656,60.27000045776367,60.65999984741211,48.771305084228516,6586400.0
2017-08-29,AIG,60.20000076293945,60.41999816894531,60.02000045776367,60.209999084472656,48.409507751464844,4870000.0
2017-08-30,AIG,60.16999816894531,60.34000015258789,60.099998474121094,60.20000076293945,48.401466369628906,4420100.0
2017-08-31,AIG,60.40999984741211,60.540000915527344,60.060001373291016,60.47999954223633,48.62659454345703,7299900.0
2017-09-01,AIG,60.58000183105469,61.029998779296875,60.439998626708984,60.70000076293945,48.80347442626953,3747100.0
2017-09-05,AIG,60.43000030517578,60.68000030517578,59.459999084472656,59.650001525878906,47.95927047729492,8071600.0
2017-09-06,AIG,59.720001220703125,59.959999084472656,59.41999816894531,59.470001220703125,47.81452941894531,5938100.0
2017-09-07,AIG,59.38999938964844,59.470001220703125,58.060001373291016,58.27000045776367,46.8497200012207,6648600.0
2017-09-08,AIG,58.029998779296875,60.22999954223633,57.900001525878906,59.779998779296875,48.063777923583984,10069200.0
2017-09-11,AIG,60.36000061035156,61.060001373291016,59.97999954223633,60.77000045776367,48.8597526550293,8147100.0
2017-09-12,AIG,60.84000015258789,61.22999954223633,60.709999084472656,61.20000076293945,49.20547103881836,4310400.0
2017-09-13,AIG,60.900001525878906,60.97999954223633,60.5099983215332,60.7400016784668,48.83563232421875,5493200.0
2017-09-14,AIG,60.5,60.560001373291016,59.599998474121094,59.810001373291016,48.342586517333984,5383300.0
2017-09-15,AIG,59.66999816894531,60.040000915527344,59.400001525878906,59.619998931884766,48.18901824951172,9334400.0
2017-09-18,AIG,59.65999984741211,59.79999923706055,59.22999954223633,59.38999938964844,48.003108978271484,7293400.0
2017-09-19,AIG,59.34000015258789,59.77000045776367,59.209999084472656,59.4900016784668,48.08394241333008,4093000.0
2017-09-20,AIG,59.439998626708984,60.33000183105469,59.439998626708984,60.119998931884766,48.593143463134766,6049700.0
2017-09-21,AIG,60.220001220703125,60.709999084472656,60.13999938964844,60.5,48.900291442871094,4354800.0
2017-09-22,AIG,60.369998931884766,61.0099983215332,60.209999084472656,60.709999084472656,49.07002258300781,4407200.0
2017-09-25,AIG,60.310001373291016,61.189998626708984,60.310001373291016,61.0099983215332,49.312503814697266,4405300.0
2017-09-26,AIG,60.79999923706055,60.849998474121094,60.0099983215332,60.470001220703125,48.876041412353516,7686500.0
2017-09-27,AIG,60.900001525878906,61.52000045776367,60.5099983215332,61.25,49.506500244140625,5967300.0
2017-09-28,AIG,61.22999954223633,61.31999969482422,60.709999084472656,60.970001220703125,49.28016662597656,4896300.0
2017-09-29,AIG,61.2400016784668,61.880001068115234,61.130001068115234,61.38999938964844,49.61964797973633,4337000.0
2017-10-02,AIG,61.720001220703125,61.939998626708984,61.380001068115234,61.86000061035156,49.99953842163086,3864100.0
2017-10-03,AIG,61.779998779296875,61.91999816894531,61.279998779296875,61.630001068115234,49.81363296508789,4423300.0
2017-10-04,AIG,61.599998474121094,61.70000076293945,61.41999816894531,61.58000183105469,49.77322769165039,2404300.0
2017-10-05,AIG,61.63999938964844,62.16999816894531,61.43000030517578,61.97999954223633,50.096527099609375,3652000.0
2017-10-06,AIG,62.2599983215332,62.43000030517578,62.0,62.2599983215332,50.322845458984375,3647100.0
2017-10-09,AIG,62.2400016784668,62.310001373291016,61.61000061035156,61.779998779296875,49.934879302978516,2594900.0
2017-10-10,AIG,61.0,61.93000030517578,61.0,61.779998779296875,49.934879302978516,4099700.0
2017-10-11,AIG,61.720001220703125,61.880001068115234,61.45000076293945,61.84000015258789,49.983367919921875,5740900.0
2017-10-12,AIG,61.75,62.75,61.65999984741211,62.54999923706055,50.557247161865234,6179700.0
2017-10-13,AIG,62.43000030517578,63.369998931884766,62.2400016784668,63.15999984741211,51.05028533935547,7080400.0
2017-10-16,AIG,63.369998931884766,64.05000305175781,63.13999938964844,63.97999954223633,51.713077545166016,6550000.0
2017-10-17,AIG,63.849998474121094,64.08999633789062,63.470001220703125,63.630001068115234,51.43017578125,5381800.0
2017-10-18,AIG,63.880001068115234,63.970001220703125,63.25,63.439998626708984,51.27660369873047,4442700.0
2017-10-19,AIG,63.2400016784668,65.1500015258789,63.06999969482422,65.06999969482422,52.594085693359375,7182000.0
2017-10-20,AIG,65.33999633789062,65.55000305175781,64.81999969482422,64.87000274658203,52.43242645263672,6871200.0
2017-10-23,AIG,65.16000366210938,65.3499984741211,64.80000305175781,64.95999908447266,52.50517654418945,4108700.0
2017-10-24,AIG,65.0199966430664,65.19000244140625,64.80000305175781,65.12999725341797,52.642578125,3823000.0
2017-10-25,AIG,65.18000030517578,65.37999725341797,64.86000061035156,65.0999984741211,52.61833953857422,4016400.0
2017-10-26,AIG,65.43000030517578,65.44999694824219,64.44000244140625,64.8499984741211,52.416255950927734,4041400.0
2017-10-27,AIG,64.76000213623047,64.88999938964844,63.970001220703125,64.55000305175781,52.17378234863281,4020200.0
2017-10-30,AIG,64.01000213623047,64.98999786376953,64.01000213623047,64.77999877929688,52.359683990478516,4030100.0
2017-10-31,AIG,64.68000030517578,64.94999694824219,64.44000244140625,64.61000061035156,52.22227478027344,3191500.0
2017-11-01,AIG,64.91999816894531,65.08999633789062,64.51000213623047,64.66000366210938,52.262699127197266,3027400.0
2017-11-02,AIG,64.58000183105469,65.30000305175781,64.4000015258789,64.9800033569336,52.52134704589844,4032100.0
2017-11-03,AIG,62.09000015258789,63.47999954223633,61.720001220703125,62.0,50.11269760131836,14417400.0
2017-11-06,AIG,61.79999923706055,62.72999954223633,61.599998474121094,62.4900016784668,50.508750915527344,7610700.0
2017-11-07,AIG,62.619998931884766,63.08000183105469,61.93000030517578,62.130001068115234,50.217777252197266,5968800.0
2017-11-08,AIG,62.119998931884766,62.2599983215332,61.54999923706055,61.66999816894531,49.84596252441406,4741300.0
2017-11-09,AIG,61.5,62.38999938964844,61.310001373291016,62.2400016784668,50.30668258666992,4575000.0
2017-11-10,AIG,62.08000183105469,62.33000183105469,61.90999984741211,62.060001373291016,50.16120147705078,4422300.0
2017-11-13,AIG,61.68000030517578,62.099998474121094,61.599998474121094,62.0,50.11269760131836,3605000.0
2017-11-14,AIG,61.61000061035156,61.91999816894531,61.2599983215332,61.459999084472656,49.67622756958008,6800100.0
2017-11-15,AIG,61.04999923706055,61.65999984741211,60.91999816894531,61.13999938964844,49.41758346557617,4100300.0
2017-11-16,AIG,61.349998474121094,61.40999984741211,59.95000076293945,60.060001373291016,48.54465103149414,5642200.0
2017-11-17,AIG,59.779998779296875,60.150001525878906,59.40999984741211,60.060001373291016,48.54465103149414,5569700.0
2017-11-20,AIG,60.0,60.02000045776367,59.29999923706055,59.689998626708984,48.245601654052734,6349100.0
2017-11-21,AIG,59.84000015258789,59.970001220703125,59.52000045776367,59.630001068115234,48.19709014892578,4372500.0
2017-11-22,AIG,59.560001373291016,59.66999816894531,59.22999954223633,59.22999954223633,47.8737907409668,3042100.0
2017-11-24,AIG,59.459999084472656,59.47999954223633,58.97999954223633,59.029998779296875,47.71213150024414,1744100.0
2017-11-27,AIG,59.099998474121094,59.189998626708984,58.689998626708984,58.7599983215332,47.49390411376953,4204700.0
2017-11-28,AIG,58.7599983215332,60.029998779296875,58.52000045776367,59.81999969482422,48.35065841674805,6705500.0
2017-11-29,AIG,60.13999938964844,61.099998474121094,60.029998779296875,60.29999923706055,48.73863983154297,7727400.0
2017-11-30,AIG,60.630001068115234,60.630001068115234,59.689998626708984,59.959999084472656,48.46382522583008,6667200.0
2017-12-01,AIG,60.06999969482422,60.20000076293945,58.97999954223633,59.880001068115234,48.39916229248047,4537800.0
2017-12-04,AIG,60.41999816894531,60.47999954223633,59.040000915527344,59.2599983215332,47.898033142089844,5815800.0
2017-12-05,AIG,59.25,59.939998626708984,58.91999816894531,59.529998779296875,48.116275787353516,4877100.0
2017-12-06,AIG,59.75,60.56999969482422,59.720001220703125,60.029998779296875,48.52040481567383,4234400.0
2017-12-07,AIG,59.81999969482422,60.029998779296875,59.41999816894531,59.54999923706055,48.390384674072266,3591600.0
2017-12-08,AIG,59.630001068115234,59.66999816894531,59.189998626708984,59.5099983215332,48.357879638671875,3401100.0
2017-12-11,AIG,59.36000061035156,59.81999969482422,59.220001220703125,59.790000915527344,48.58540725708008,4163500.0
2017-12-12,AIG,59.75,60.150001525878906,59.65999984741211,59.93000030517578,48.69917678833008,3681200.0
2017-12-13,AIG,59.91999816894531,59.93000030517578,58.91999816894531,58.970001220703125,47.91908264160156,5373100.0
2017-12-14,AIG,59.0,59.150001525878906,57.849998474121094,58.11000061035156,47.220237731933594,6959100.0
2017-12-15,AIG,58.369998931884766,59.52000045776367,58.369998931884766,59.38999938964844,48.2603759765625,8447100.0
2017-12-18,AIG,59.65999984741211,60.040000915527344,59.31999969482422,59.58000183105469,48.41476058959961,5630800.0
2017-12-19,AIG,60.0,60.08000183105469,59.75,59.779998779296875,48.57728958129883,3995300.0
2017-12-20,AIG,59.84000015258789,60.13999938964844,59.59000015258789,60.0,48.756065368652344,4377300.0
2017-12-21,AIG,60.25,60.66999816894531,60.02000045776367,60.08000183105469,48.82106399536133,4941500.0
2017-12-22,AIG,60.27000045776367,60.36000061035156,59.11000061035156,59.310001373291016,48.19536209106445,4266300.0
2017-12-26,AIG,59.220001220703125,59.790000915527344,59.189998626708984,59.43000030517578,48.292869567871094,2358300.0
2017-12-27,AIG,59.290000915527344,59.560001373291016,59.189998626708984,59.540000915527344,48.38227844238281,2841400.0
2017-12-28,AIG,59.70000076293945,60.02000045776367,59.439998626708984,60.0,48.756065368652344,2373000.0
2017-12-29,AIG,59.970001220703125,60.209999084472656,59.58000183105469,59.58000183105469,48.41476058959961,2837600.0
2018-01-02,AIG,60.0,60.0,59.119998931884766,59.5,48.349761962890625,3769600.0
2018-01-03,AIG,59.380001068115234,60.279998779296875,59.27000045776367,60.15999984741211,48.88607406616211,4959200.0
2018-01-04,AIG,60.41999816894531,61.04999923706055,60.279998779296875,60.400001525878906,49.08109664916992,4170600.0
2018-01-05,AIG,60.63999938964844,60.790000915527344,60.369998931884766,60.650001525878906,49.28425216674805,3726100.0
2018-01-08,AIG,60.459999084472656,60.529998779296875,60.13999938964844,60.25,48.959197998046875,3229200.0
2018-01-09,AIG,60.36000061035156,61.279998779296875,60.25,60.630001068115234,49.268001556396484,6669100.0
2018-01-10,AIG,60.63999938964844,61.349998474121094,60.54999923706055,61.0,49.56866455078125,12261300.0
2018-01-11,AIG,61.2400016784668,61.459999084472656,61.04999923706055,61.150001525878906,49.690555572509766,6536500.0
2018-01-12,AIG,60.95000076293945,61.220001220703125,60.790000915527344,60.970001220703125,49.54427719116211,6240100.0
2018-01-16,AIG,61.13999938964844,61.29999923706055,60.88999938964844,61.060001373291016,49.61741638183594,6078900.0
2018-01-17,AIG,61.400001525878906,61.59000015258789,61.189998626708984,61.41999816894531,49.90995407104492,4935700.0
2018-01-18,AIG,61.560001373291016,61.779998779296875,61.029998779296875,61.529998779296875,49.99933624267578,5402100.0
2018-01-19,AIG,61.66999816894531,61.849998474121094,61.33000183105469,61.54999923706055,50.01557540893555,6498700.0
2018-01-22,AIG,61.36000061035156,61.36000061035156,60.439998626708984,61.0,49.56866455078125,7217600.0
2018-01-23,AIG,60.849998474121094,62.5,60.709999084472656,62.34000015258789,50.65755081176758,10001200.0
2018-01-24,AIG,62.470001220703125,64.54000091552734,62.40999984741211,64.31999969482422,52.26649856567383,10387500.0
2018-01-25,AIG,64.3499984741211,64.88999938964844,63.83000183105469,64.80000305175781,52.65653610229492,6113400.0
2018-01-26,AIG,64.62000274658203,64.91000366210938,64.23999786376953,64.68000030517578,52.55903625488281,5014100.0
2018-01-29,AIG,64.63999938964844,65.05000305175781,64.22000122070312,64.26000213623047,52.217742919921875,4270500.0
2018-01-30,AIG,63.56999969482422,64.31999969482422,63.11000061035156,63.349998474121094,51.478271484375,4555700.0
2018-01-31,AIG,63.66999816894531,64.0999984741211,63.34000015258789,63.91999816894531,51.94145584106445,4909500.0
2018-02-01,AIG,63.7400016784668,64.27999877929688,63.29999923706055,64.16999816894531,52.144596099853516,4120500.0
2018-02-02,AIG,63.880001068115234,63.970001220703125,62.869998931884766,63.040000915527344,51.22636795043945,4294400.0
2018-02-05,AIG,62.290000915527344,62.599998474121094,60.45000076293945,60.630001068115234,49.268001556396484,8578200.0
2018-02-06,AIG,59.68000030517578,60.68000030517578,59.040000915527344,60.2599983215332,48.96732711791992,12035700.0
2018-02-07,AIG,60.0,61.29999923706055,59.68000030517578,60.470001220703125,49.13798522949219,7719800.0
2018-02-08,AIG,60.45000076293945,60.619998931884766,58.27000045776367,58.279998779296875,47.3583869934082,7377600.0
2018-02-09,AIG,61.349998474121094,61.70000076293945,58.349998474121094,60.220001220703125,48.93483352661133,15132000.0
2018-02-12,AIG,60.349998474121094,60.41999816894531,59.13999938964844,59.61000061035156,48.439144134521484,6074100.0
2018-02-13,AIG,59.130001068115234,59.75,58.68000030517578,59.43000030517578,48.292869567871094,4948300.0
2018-02-14,AIG,59.119998931884766,59.619998931884766,58.68000030517578,59.40999984741211,48.27662658691406,6742100.0
2018-02-15,AIG,59.65999984741211,59.79999923706055,58.970001220703125,59.22999954223633,48.13036346435547,7869700.0
2018-02-16,AIG,59.099998474121094,59.90999984741211,58.90999984741211,59.470001220703125,48.32536697387695,6828600.0
2018-02-20,AIG,59.27000045776367,60.15999984741211,59.22999954223633,60.040000915527344,48.7885627746582,5349100.0
2018-02-21,AIG,59.810001373291016,61.36000061035156,59.7400016784668,60.18000030517578,48.90232467651367,7203200.0
2018-02-22,AIG,60.31999969482422,60.959999084472656,59.869998931884766,59.959999084472656,48.723548889160156,23186900.0
2018-02-23,AIG,60.2400016784668,60.5,59.59000015258789,60.06999969482422,48.81293869018555,5612000.0
2018-02-26,AIG,59.970001220703125,60.20000076293945,58.470001220703125,59.0099983215332,47.951576232910156,11793300.0
2018-02-27,AIG,58.97999954223633,59.630001068115234,58.15999984741211,58.22999954223633,47.317745208740234,8559300.0
2018-02-28,AIG,58.58000183105469,58.849998474121094,57.34000015258789,57.34000015258789,46.594547271728516,9170500.0
2018-03-01,AIG,57.34000015258789,57.61000061035156,56.08000183105469,56.470001220703125,45.887577056884766,9758600.0
2018-03-02,AIG,56.11000061035156,56.61000061035156,55.06999969482422,56.5099983215332,45.92008972167969,8435000.0
2018-03-05,AIG,56.31999969482422,57.900001525878906,56.31999969482422,57.619998931884766,46.82207107543945,9483100.0
2018-03-06,AIG,57.900001525878906,58.25,57.08000183105469,58.029998779296875,47.155235290527344,5520400.0
2018-03-07,AIG,57.560001373291016,58.209999084472656,57.16999816894531,57.310001373291016,46.57015609741211,5873100.0
2018-03-08,AIG,57.439998626708984,57.470001220703125,55.529998779296875,56.27000045776367,45.72506332397461,12077600.0
2018-03-09,AIG,56.68000030517578,56.95000076293945,55.97999954223633,56.56999969482422,45.96883773803711,9719800.0
2018-03-12,AIG,56.68000030517578,57.47999954223633,56.41999816894531,56.61000061035156,46.00133514404297,7615600.0
2018-03-13,AIG,56.77000045776367,56.970001220703125,55.630001068115234,55.939998626708984,45.45690155029297,7670200.0
2018-03-14,AIG,55.7599983215332,55.869998931884766,54.61000061035156,54.93000030517578,44.89297866821289,8079300.0
2018-03-15,AIG,54.93000030517578,55.18000030517578,54.54999923706055,54.65999984741211,44.67230987548828,8167800.0
2018-03-16,AIG,54.65999984741211,54.900001525878906,54.029998779296875,54.29999923706055,44.37809753417969,11138300.0
2018-03-19,AIG,54.369998931884766,54.77000045776367,53.97999954223633,54.45000076293945,44.50069046020508,7014300.0
2018-03-20,AIG,54.63999938964844,55.81999969482422,54.599998474121094,55.630001068115234,45.4650764465332,9030100.0
2018-03-21,AIG,55.630001068115234,56.400001525878906,55.2599983215332,55.84000015258789,45.63669967651367,10173500.0
2018-03-22,AIG,55.29999923706055,55.93000030517578,54.72999954223633,54.810001373291016,44.79490280151367,9088200.0
2018-03-23,AIG,55.0,55.18000030517578,53.34000015258789,53.40999984741211,43.650718688964844,8215100.0
2018-03-26,AIG,54.06999969482422,54.86000061035156,53.810001373291016,54.209999084472656,44.30453872680664,6978100.0
2018-03-27,AIG,54.369998931884766,54.97999954223633,53.45000076293945,53.779998779296875,43.9531135559082,6637700.0
2018-03-28,AIG,53.880001068115234,55.0,53.4900016784668,54.52000045776367,44.55790328979492,6870600.0
2018-03-29,AIG,54.56999969482422,54.779998779296875,54.130001068115234,54.41999816894531,44.476165771484375,4538000.0
2018-04-02,AIG,54.22999954223633,54.38999938964844,52.41999816894531,53.119998931884766,43.41371536254883,7341400.0
2018-04-03,AIG,53.209999084472656,53.84000015258789,53.0099983215332,53.72999954223633,43.9122428894043,5608900.0
2018-04-04,AIG,53.029998779296875,54.29999923706055,52.75,54.220001220703125,44.31270980834961,4606400.0
2018-04-05,AIG,54.43000030517578,54.7599983215332,54.150001525878906,54.54999923706055,44.5824089050293,4993800.0
2018-04-06,AIG,54.13999938964844,54.47999954223633,53.09000015258789,53.599998474121094,43.805992126464844,5138200.0
2018-04-09,AIG,53.65999984741211,54.09000015258789,53.08000183105469,53.29999923706055,43.560813903808594,4697200.0
2018-04-10,AIG,53.81999969482422,54.13999938964844,53.45000076293945,53.52000045776367,43.74061965942383,3824500.0
2018-04-11,AIG,52.939998626708984,53.5099983215332,52.939998626708984,53.36000061035156,43.6098518371582,4242800.0
2018-04-12,AIG,53.68000030517578,53.970001220703125,53.36000061035156,53.4900016784668,43.716094970703125,4950100.0
2018-04-13,AIG,53.939998626708984,54.09000015258789,53.2400016784668,53.59000015258789,43.79782485961914,4468700.0
2018-04-16,AIG,53.90999984741211,54.599998474121094,53.63999938964844,54.279998779296875,44.36174774169922,6509800.0
2018-04-17,AIG,54.400001525878906,54.4900016784668,54.06999969482422,54.2599983215332,44.345401763916016,5014400.0
2018-04-18,AIG,54.459999084472656,54.63999938964844,54.060001373291016,54.459999084472656,44.50884246826172,3985600.0
2018-04-19,AIG,54.459999084472656,55.27000045776367,54.459999084472656,55.18000030517578,45.097293853759766,5692600.0
2018-04-20,AIG,55.369998931884766,55.65999984741211,54.939998626708984,55.43000030517578,45.30160903930664,5001500.0
2018-04-23,AIG,55.36000061035156,55.369998931884766,54.83000183105469,55.18000030517578,45.097293853759766,4393000.0
2018-04-24,AIG,54.97999954223633,55.459999084472656,54.810001373291016,55.09000015258789,45.02374267578125,4935000.0
2018-04-25,AIG,55.119998931884766,55.560001373291016,54.86000061035156,55.400001525878906,45.27710723876953,3158200.0
2018-04-26,AIG,55.310001373291016,55.68000030517578,54.939998626708984,55.540000915527344,45.391517639160156,3551200.0
2018-04-27,AIG,55.56999969482422,56.29999923706055,55.56999969482422,56.25,45.971778869628906,4837100.0
2018-04-30,AIG,56.529998779296875,56.790000915527344,56.0,56.0,45.76747512817383,5628400.0
2018-05-01,AIG,55.900001525878906,56.33000183105469,55.380001068115234,56.310001373291016,46.02082061767578,4196900.0
2018-05-02,AIG,55.91999816894531,55.95000076293945,54.59000015258789,54.84000015258789,44.81942367553711,7199700.0
2018-05-03,AIG,50.790000915527344,52.0099983215332,49.56999969482422,51.939998626708984,42.44932556152344,23105800.0
2018-05-04,AIG,51.56999969482422,53.380001068115234,51.5,52.84000015258789,43.18486785888672,12504000.0
2018-05-07,AIG,52.650001525878906,53.68000030517578,52.02000045776367,53.279998779296875,43.54448318481445,10194600.0
2018-05-08,AIG,53.36000061035156,53.470001220703125,52.58000183105469,53.08000183105469,43.381019592285156,9111900.0
2018-05-09,AIG,53.09000015258789,53.38999938964844,52.560001373291016,52.81999969482422,43.16851806640625,4536400.0
2018-05-10,AIG,52.880001068115234,53.20000076293945,52.52000045776367,52.75,43.1113166809082,5415600.0
2018-05-11,AIG,52.810001373291016,53.16999816894531,52.68000030517578,52.849998474121094,43.19303894042969,3766500.0
2018-05-14,AIG,52.93000030517578,53.0,52.65999984741211,52.91999816894531,43.25025177001953,6183900.0
2018-05-15,AIG,52.83000183105469,53.38999938964844,52.810001373291016,53.22999954223633,43.503604888916016,4852700.0
2018-05-16,AIG,53.04999923706055,53.7400016784668,52.90999984741211,53.709999084472656,43.89588928222656,5461100.0
2018-05-17,AIG,54.4900016784668,55.09000015258789,54.439998626708984,54.790000915527344,44.778560638427734,8540800.0
2018-05-18,AIG,54.540000915527344,55.45000076293945,54.22999954223633,55.150001525878906,45.072784423828125,9821600.0
2018-05-21,AIG,55.36000061035156,55.650001525878906,55.220001220703125,55.290000915527344,45.187191009521484,5076700.0
2018-05-22,AIG,55.22999954223633,55.459999084472656,54.79999923706055,55.119998931884766,45.04825210571289,5617100.0
2018-05-23,AIG,54.93000030517578,55.040000915527344,53.7599983215332,54.13999938964844,44.247337341308594,4298100.0
2018-05-24,AIG,53.970001220703125,53.970001220703125,53.20000076293945,53.709999084472656,43.89588928222656,4167500.0
2018-05-25,AIG,53.56999969482422,53.61000061035156,53.02000045776367,53.29999923706055,43.560813903808594,2884500.0
2018-05-29,AIG,52.61000061035156,52.72999954223633,51.529998779296875,52.18000030517578,42.64547348022461,6583900.0
2018-05-30,AIG,52.84000015258789,53.189998626708984,52.279998779296875,53.06999969482422,43.37285232543945,4317300.0
2018-05-31,AIG,52.720001220703125,52.900001525878906,52.43000030517578,52.790000915527344,43.144004821777344,5996300.0
2018-06-01,AIG,53.40999984741211,53.630001068115234,53.130001068115234,53.290000915527344,43.55264663696289,4449000.0
2018-06-04,AIG,53.61000061035156,54.16999816894531,53.47999954223633,53.779998779296875,43.9531135559082,3634900.0
2018-06-05,AIG,53.630001068115234,53.939998626708984,53.34000015258789,53.84000015258789,44.002140045166016,3947300.0
2018-06-06,AIG,53.93000030517578,54.130001068115234,53.25,53.939998626708984,44.08386993408203,5892500.0
2018-06-07,AIG,54.0,54.0,53.41999816894531,53.869998931884766,44.026668548583984,5306500.0
2018-06-08,AIG,53.97999954223633,55.20000076293945,53.83000183105469,55.119998931884766,45.04825210571289,6956200.0
2018-06-11,AIG,55.20000076293945,55.310001373291016,54.81999969482422,55.130001068115234,45.05643081665039,3707000.0
2018-06-12,AIG,55.119998931884766,55.33000183105469,54.279998779296875,54.560001373291016,44.5905876159668,4599800.0
2018-06-13,AIG,54.349998474121094,55.54999923706055,54.209999084472656,54.70000076293945,44.96875,6017400.0
2018-06-14,AIG,54.72999954223633,55.150001525878906,54.439998626708984,54.79999923706055,45.05095672607422,6715200.0
2018-06-15,AIG,54.959999084472656,55.41999816894531,54.66999816894531,55.209999084472656,45.388023376464844,12584800.0
2018-06-18,AIG,54.52000045776367,55.630001068115234,54.130001068115234,55.54999923706055,45.66752624511719,6504200.0
2018-06-19,AIG,55.16999816894531,55.810001373291016,55.08000183105469,55.5,45.62643051147461,5325000.0
2018-06-20,AIG,55.599998474121094,55.630001068115234,55.209999084472656,55.209999084472656,45.388023376464844,4537500.0
2018-06-21,AIG,55.20000076293945,55.2599983215332,54.11000061035156,54.25,44.59880828857422,5004700.0
2018-06-22,AIG,54.5099983215332,54.650001525878906,54.15999984741211,54.459999084472656,44.77143096923828,4778100.0
2018-06-25,AIG,54.459999084472656,54.59000015258789,53.81999969482422,54.220001220703125,44.57415008544922,3477300.0
2018-06-26,AIG,54.16999816894531,54.29999923706055,53.099998474121094,53.63999938964844,44.09732437133789,3586800.0
2018-06-27,AIG,53.52000045776367,53.849998474121094,52.880001068115234,52.880001068115234,43.4725341796875,4409100.0
2018-06-28,AIG,52.709999084472656,53.40999984741211,52.25,53.22999954223633,43.7602653503418,6015600.0
2018-06-29,AIG,53.599998474121094,53.880001068115234,52.97999954223633,53.02000045776367,43.58763122558594,4348000.0
2018-07-02,AIG,52.84000015258789,53.369998931884766,52.689998626708984,53.36000061035156,43.86714553833008,5198800.0
2018-07-03,AIG,53.439998626708984,54.09000015258789,53.310001373291016,53.66999816894531,44.12199401855469,1970500.0
2018-07-05,AIG,53.9900016784668,54.119998931884766,53.52000045776367,53.91999816894531,44.327510833740234,2743800.0
2018-07-06,AIG,53.81999969482422,54.650001525878906,53.58000183105469,54.369998931884766,44.69746017456055,2212400.0
2018-07-09,AIG,54.66999816894531,55.70000076293945,54.529998779296875,55.560001373291016,45.67575454711914,4706400.0
2018-07-10,AIG,55.77000045776367,55.79999923706055,55.220001220703125,55.459999084472656,45.593536376953125,3427500.0
2018-07-11,AIG,55.220001220703125,55.349998474121094,54.380001068115234,54.560001373291016,44.853660583496094,2753300.0
2018-07-12,AIG,54.77000045776367,54.84000015258789,54.0099983215332,54.29999923706055,44.639915466308594,2611800.0
2018-07-13,AIG,54.11000061035156,54.36000061035156,53.849998474121094,54.2400016784668,44.5905876159668,2727400.0
2018-07-16,AIG,54.369998931884766,54.880001068115234,54.220001220703125,54.77000045776367,45.02629852294922,1975700.0
2018-07-17,AIG,54.959999084472656,55.04999923706055,54.599998474121094,54.709999084472656,44.97697067260742,2248400.0
2018-07-18,AIG,54.65999984741211,55.34000015258789,54.459999084472656,55.130001068115234,45.3222541809082,2759100.0
2018-07-19,AIG,54.900001525878906,55.04999923706055,53.68000030517578,53.849998474121094,44.269962310791016,4888700.0
2018-07-20,AIG,53.59000015258789,53.90999984741211,53.2599983215332,53.31999969482422,43.83425521850586,4888500.0
2018-07-23,AIG,53.25,53.63999938964844,52.529998779296875,53.400001525878906,43.900028228759766,4533700.0
2018-07-24,AIG,53.38999938964844,54.13999938964844,53.220001220703125,53.70000076293945,44.14665222167969,3642100.0
2018-07-25,AIG,53.599998474121094,53.72999954223633,52.97999954223633,53.56999969482422,44.03977584838867,3412800.0
2018-07-26,AIG,53.779998779296875,54.75,53.779998779296875,54.25,44.59880828857422,3820400.0
2018-07-27,AIG,54.2599983215332,54.84000015258789,54.209999084472656,54.36000061035156,44.68923568725586,3313500.0
2018-07-30,AIG,54.34000015258789,55.25,54.27000045776367,54.939998626708984,45.166046142578125,4214000.0
2018-07-31,AIG,55.2400016784668,55.40999984741211,54.779998779296875,55.209999084472656,45.388023376464844,5124000.0
2018-08-01,AIG,55.529998779296875,56.36000061035156,54.86000061035156,54.9900016784668,45.20716094970703,5529200.0
2018-08-02,AIG,54.58000183105469,55.54999923706055,54.36000061035156,55.15999984741211,45.34691619873047,4729100.0
2018-08-03,AIG,53.11000061035156,54.08000183105469,52.36000061035156,53.650001525878906,44.10555648803711,12219100.0
2018-08-06,AIG,53.52000045776367,53.529998779296875,52.720001220703125,53.41999816894531,43.91646957397461,6658300.0
2018-08-07,AIG,53.56999969482422,53.720001220703125,52.939998626708984,52.9900016784668,43.56296157836914,5182800.0
2018-08-08,AIG,52.95000076293945,53.099998474121094,52.29999923706055,52.439998626708984,43.11080551147461,5512200.0
2018-08-09,AIG,52.36000061035156,52.77000045776367,51.9900016784668,52.0,42.749080657958984,3460800.0
2018-08-10,AIG,51.630001068115234,52.27000045776367,51.2400016784668,52.220001220703125,42.929954528808594,5747000.0
2018-08-13,AIG,52.220001220703125,52.560001373291016,51.939998626708984,52.099998474121094,42.831298828125,5257900.0
2018-08-14,AIG,52.060001373291016,52.5,51.790000915527344,52.33000183105469,43.020389556884766,3185000.0
2018-08-15,AIG,52.06999969482422,52.189998626708984,51.7400016784668,52.099998474121094,42.831298828125,3595000.0
2018-08-16,AIG,52.310001373291016,52.790000915527344,52.279998779296875,52.459999084472656,43.12726974487305,5029300.0
2018-08-17,AIG,52.310001373291016,52.77000045776367,52.08000183105469,52.58000183105469,43.22591781616211,4425500.0
2018-08-20,AIG,52.59000015258789,53.220001220703125,52.58000183105469,53.15999984741211,43.70271682739258,3209100.0
2018-08-21,AIG,53.13999938964844,54.09000015258789,53.0099983215332,53.79999923706055,44.2288703918457,5866400.0
2018-08-22,AIG,53.5099983215332,53.58000183105469,52.689998626708984,53.130001068115234,43.67806625366211,4702600.0
2018-08-23,AIG,53.130001068115234,53.130001068115234,52.470001220703125,52.61000061035156,43.25056076049805,4366600.0
2018-08-24,AIG,52.77000045776367,53.41999816894531,52.619998931884766,53.310001373291016,43.82604217529297,3017000.0
2018-08-27,AIG,53.59000015258789,54.65999984741211,53.41999816894531,54.220001220703125,44.57415008544922,4617400.0
2018-08-28,AIG,54.220001220703125,54.61000061035156,53.86000061035156,54.040000915527344,44.426170349121094,3607400.0
2018-08-29,AIG,54.0,54.02000045776367,53.650001525878906,53.900001525878906,44.31106948852539,4297700.0
2018-08-30,AIG,53.849998474121094,53.95000076293945,53.27000045776367,53.63999938964844,44.09732437133789,2948000.0
2018-08-31,AIG,53.400001525878906,53.400001525878906,52.560001373291016,53.16999816894531,43.710933685302734,4304400.0
2018-09-04,AIG,52.77000045776367,53.47999954223633,52.7400016784668,53.369998931884766,43.8753662109375,3047000.0
2018-09-05,AIG,53.29999923706055,53.88999938964844,53.220001220703125,53.81999969482422,44.245304107666016,5203500.0
2018-09-06,AIG,53.900001525878906,54.220001220703125,53.59000015258789,53.900001525878906,44.31106948852539,4692100.0
2018-09-07,AIG,53.90999984741211,54.0,53.36000061035156,53.66999816894531,44.12199401855469,2796900.0
2018-09-10,AIG,53.2400016784668,53.2400016784668,52.31999969482422,52.720001220703125,43.34099578857422,4536600.0
2018-09-11,AIG,52.25,52.54999923706055,51.7599983215332,52.369998931884766,43.053260803222656,5437200.0
2018-09-12,AIG,52.16999816894531,52.5,51.810001373291016,52.31999969482422,43.01215744018555,4775500.0
2018-09-13,AIG,52.380001068115234,52.939998626708984,52.380001068115234,52.66999816894531,43.299888610839844,3555400.0
2018-09-14,AIG,52.5099983215332,53.4900016784668,52.41999816894531,53.25,44.0443115234375,3669500.0
2018-09-17,AIG,53.34000015258789,53.40999984741211,53.0099983215332,53.29999923706055,44.08565902709961,3765100.0
2018-09-18,AIG,53.29999923706055,54.08000183105469,53.13999938964844,53.95000076293945,44.623287200927734,3885800.0
2018-09-19,AIG,54.11000061035156,54.689998626708984,53.88999938964844,53.88999938964844,44.57365798950195,5049200.0
2018-09-20,AIG,54.25,54.720001220703125,54.220001220703125,54.31999969482422,44.92932891845703,5064400.0
2018-09-21,AIG,54.439998626708984,54.7599983215332,54.220001220703125,54.66999816894531,45.218814849853516,6440400.0
2018-09-24,AIG,54.59000015258789,54.939998626708984,54.43000030517578,54.650001525878906,45.202274322509766,6603500.0
2018-09-25,AIG,54.66999816894531,54.970001220703125,54.22999954223633,54.40999984741211,45.00376510620117,5749600.0
2018-09-26,AIG,54.459999084472656,54.790000915527344,53.97999954223633,54.04999923706055,44.70600128173828,4904700.0
2018-09-27,AIG,54.04999923706055,54.09000015258789,53.38999938964844,53.38999938964844,44.16010284423828,4089700.0
2018-09-28,AIG,52.970001220703125,53.41999816894531,52.529998779296875,53.2400016784668,44.036033630371094,4463100.0
2018-10-01,AIG,53.439998626708984,53.72999954223633,52.95000076293945,53.08000183105469,43.9036979675293,3595000.0
2018-10-02,AIG,53.04999923706055,53.2599983215332,52.68000030517578,53.119998931884766,43.9367790222168,2519400.0
2018-10-03,AIG,53.5,53.86000061035156,53.2400016784668,53.27000045776367,44.06085205078125,3591900.0
2018-10-04,AIG,53.33000183105469,54.209999084472656,53.310001373291016,53.900001525878906,44.581932067871094,4804500.0
2018-10-05,AIG,54.0,54.439998626708984,53.54999923706055,53.599998474121094,44.33378982543945,2887100.0
2018-10-08,AIG,53.2599983215332,54.439998626708984,53.150001525878906,54.04999923706055,44.70600128173828,3977300.0
2018-10-09,AIG,53.880001068115234,54.13999938964844,53.459999084472656,53.81999969482422,44.51576232910156,3625000.0
2018-10-10,AIG,53.54999923706055,53.869998931884766,52.380001068115234,52.38999938964844,43.332977294921875,4572400.0
2018-10-11,AIG,52.31999969482422,52.349998474121094,49.970001220703125,50.13999938964844,41.47194290161133,9419600.0
2018-10-12,AIG,50.54999923706055,50.54999923706055,48.849998474121094,49.77000045776367,41.165916442871094,5886600.0
2018-10-15,AIG,49.75,50.04999923706055,49.040000915527344,49.04999923706055,40.570377349853516,5061900.0
2018-10-16,AIG,49.130001068115234,49.33000183105469,48.31999969482422,49.29999923706055,40.77716064453125,6663200.0
2018-10-17,AIG,49.20000076293945,50.2400016784668,48.70000076293945,49.619998931884766,41.04184341430664,4906800.0
2018-10-18,AIG,49.5099983215332,49.529998779296875,47.869998931884766,48.61000061035156,40.20645523071289,7381700.0
2018-10-19,AIG,47.25,48.040000915527344,46.79999923706055,47.20000076293945,39.04020690917969,9494800.0
2018-10-22,AIG,47.290000915527344,47.38999938964844,44.90999984741211,44.959999084472656,37.18745040893555,11050200.0
2018-10-23,AIG,44.279998779296875,44.47999954223633,43.209999084472656,44.18000030517578,36.54230499267578,13635900.0
2018-10-24,AIG,44.02000045776367,44.04999923706055,42.16999816894531,42.22999954223633,34.92940902709961,9763600.0
2018-10-25,AIG,42.41999816894531,43.02000045776367,41.97999954223633,42.380001068115234,35.053466796875,9842700.0
2018-10-26,AIG,42.040000915527344,42.08000183105469,40.47999954223633,40.91999816894531,33.84587097167969,11628800.0
2018-10-29,AIG,41.5,41.630001068115234,39.599998474121094,39.90999984741211,33.01047897338867,12913600.0
2018-10-30,AIG,40.0,41.040000915527344,39.290000915527344,40.959999084472656,33.87895584106445,22028500.0
2018-10-31,AIG,42.130001068115234,42.619998931884766,41.20000076293945,41.290000915527344,34.15191650390625,11324700.0
2018-11-01,AIG,43.36000061035156,44.630001068115234,42.619998931884766,43.119998931884766,35.66554641723633,12040500.0
2018-11-02,AIG,43.41999816894531,44.0,42.369998931884766,43.279998779296875,35.79789352416992,9269700.0
2018-11-05,AIG,43.11000061035156,44.22999954223633,43.09000015258789,44.130001068115234,36.50093078613281,7193400.0
2018-11-06,AIG,43.900001525878906,45.0,43.58000183105469,44.900001525878906,37.1378173828125,7541900.0
2018-11-07,AIG,44.310001373291016,44.68000030517578,43.869998931884766,44.43000030517578,36.74908447265625,7472300.0
2018-11-08,AIG,44.119998931884766,44.86000061035156,44.08000183105469,44.25,36.600196838378906,6962000.0
2018-11-09,AIG,44.099998474121094,44.400001525878906,43.58000183105469,43.81999969482422,36.24453353881836,5400000.0
2018-11-12,AIG,43.720001220703125,43.83000183105469,42.38999938964844,42.470001220703125,35.1279182434082,5148400.0
2018-11-13,AIG,42.560001373291016,43.16999816894531,42.099998474121094,42.15999984741211,34.87150955200195,6009900.0
2018-11-14,AIG,42.5,43.08000183105469,41.650001525878906,41.939998626708984,34.68952941894531,9771500.0
2018-11-15,AIG,41.59000015258789,42.93000030517578,41.209999084472656,42.689998626708984,35.309871673583984,7205700.0
2018-11-16,AIG,42.400001525878906,43.36000061035156,42.31999969482422,42.939998626708984,35.51665496826172,9154700.0
2018-11-19,AIG,42.86000061035156,43.34000015258789,42.59000015258789,43.29999923706055,35.81442642211914,8538400.0
2018-11-20,AIG,42.869998931884766,43.279998779296875,42.5,43.060001373291016,35.61592102050781,9681100.0
2018-11-21,AIG,43.11000061035156,44.34000015258789,42.90999984741211,43.86000061035156,36.27760696411133,8342000.0
2018-11-23,AIG,43.45000076293945,44.02000045776367,43.29999923706055,43.369998931884766,35.87232208251953,2962600.0
2018-11-26,AIG,43.900001525878906,44.47999954223633,43.779998779296875,43.849998474121094,36.269344329833984,7361300.0
2018-11-27,AIG,43.619998931884766,43.7599983215332,43.060001373291016,43.43000030517578,35.921958923339844,5013400.0
2018-11-28,AIG,43.52000045776367,44.459999084472656,42.869998931884766,44.31999969482422,36.65809631347656,6101400.0
2018-11-29,AIG,43.90999984741211,44.310001373291016,43.2400016784668,43.439998626708984,35.93022537231445,6477100.0
2018-11-30,AIG,43.369998931884766,43.560001373291016,42.400001525878906,43.25,35.773067474365234,10036800.0
2018-12-03,AIG,43.84000015258789,44.06999969482422,42.900001525878906,43.18000030517578,35.71518325805664,18618900.0
2018-12-04,AIG,43.060001373291016,43.459999084472656,40.70000076293945,40.77000045776367,33.721805572509766,9380100.0
2018-12-06,AIG,39.959999084472656,40.150001525878906,38.5,39.40999984741211,32.596923828125,14400100.0
2018-12-07,AIG,39.2599983215332,40.02000045776367,37.83000183105469,37.900001525878906,31.34797477722168,9247900.0
2018-12-10,AIG,37.599998474121094,37.70000076293945,36.15999984741211,37.5099983215332,31.025392532348633,12287500.0
2018-12-11,AIG,37.61000061035156,38.29999923706055,36.31999969482422,36.59000015258789,30.524839401245117,11912500.0
2018-12-12,AIG,37.0,38.2400016784668,36.65999984741211,37.68000030517578,31.43416404724121,8573000.0
2018-12-13,AIG,37.58000183105469,38.0099983215332,37.0099983215332,37.290000915527344,31.10880470275879,9853600.0
2018-12-14,AIG,37.0,37.72999954223633,36.880001068115234,37.4900016784668,31.27566146850586,8176100.0
2018-12-17,AIG,37.40999984741211,38.33000183105469,37.13999938964844,37.459999084472656,31.250627517700195,10291900.0
2018-12-18,AIG,37.75,38.689998626708984,37.349998474121094,37.560001373291016,31.334056854248047,7215100.0
2018-12-19,AIG,37.61000061035156,39.959999084472656,37.61000061035156,39.34000015258789,32.81899642944336,16477400.0
2018-12-20,AIG,39.060001373291016,39.56999969482422,37.959999084472656,38.150001525878906,31.826250076293945,9617400.0
2018-12-21,AIG,37.959999084472656,39.13999938964844,37.2400016784668,37.400001525878906,31.200578689575195,14026400.0
2018-12-24,AIG,37.08000183105469,38.34000015258789,36.560001373291016,37.33000183105469,31.142169952392578,5266300.0
2018-12-26,AIG,37.33000183105469,38.619998931884766,36.540000915527344,38.59000015258789,32.19333267211914,6190300.0
2018-12-27,AIG,38.2400016784668,39.33000183105469,37.75,39.33000183105469,32.81066131591797,6799200.0
2018-12-28,AIG,39.5,39.72999954223633,38.36000061035156,38.619998931884766,32.218353271484375,6410300.0
2018-12-31,AIG,38.68000030517578,39.40999984741211,38.40999984741211,39.40999984741211,32.877403259277344,6028200.0
2019-01-02,AIG,38.900001525878906,39.720001220703125,38.66999816894531,39.619998931884766,33.05257797241211,4516200.0
2019-01-03,AIG,39.439998626708984,39.61000061035156,38.68000030517578,38.75,32.32679748535156,5058200.0
2019-01-04,AIG,39.38999938964844,40.220001220703125,39.34000015258789,40.18000030517578,33.51976776123047,4823100.0
2019-01-07,AIG,40.029998779296875,41.380001068115234,39.83000183105469,40.40999984741211,33.71163558959961,5014300.0
2019-01-08,AIG,40.77000045776367,41.040000915527344,40.09000015258789,40.56999969482422,33.84511184692383,3909400.0
2019-01-09,AIG,40.56999969482422,41.560001373291016,40.560001373291016,41.15999984741211,34.33732223510742,4272800.0
2019-01-10,AIG,41.13999938964844,41.59000015258789,40.810001373291016,41.41999816894531,34.554222106933594,3250200.0
2019-01-11,AIG,41.13999938964844,41.939998626708984,40.91999816894531,41.65999984741211,34.75443649291992,4806800.0
2019-01-14,AIG,41.279998779296875,42.290000915527344,41.150001525878906,42.0,35.03807830810547,4711900.0
2019-01-15,AIG,42.040000915527344,42.470001220703125,41.779998779296875,42.45000076293945,35.413482666015625,5341400.0
2019-01-16,AIG,42.58000183105469,43.400001525878906,42.150001525878906,43.130001068115234,35.980770111083984,5299000.0
2019-01-17,AIG,42.849998474121094,43.52000045776367,42.439998626708984,43.290000915527344,36.1142578125,4980800.0
2019-01-18,AIG,43.529998779296875,44.16999816894531,43.31999969482422,44.15999984741211,36.84004211425781,5152800.0
2019-01-22,AIG,43.779998779296875,43.970001220703125,43.099998474121094,43.36000061035156,36.17264175415039,5775500.0
2019-01-23,AIG,43.5099983215332,43.59000015258789,42.31999969482422,42.81999969482422,35.722145080566406,4165000.0
2019-01-24,AIG,42.689998626708984,43.58000183105469,42.599998474121094,42.939998626708984,35.8222541809082,3709000.0
2019-01-25,AIG,43.34000015258789,43.66999816894531,43.060001373291016,43.18000030517578,36.02248764038086,4762700.0
2019-01-28,AIG,43.0,43.06999969482422,42.27000045776367,42.81999969482422,35.722145080566406,4146700.0
2019-01-29,AIG,42.650001525878906,42.7599983215332,42.209999084472656,42.2599983215332,35.254981994628906,3545500.0
2019-01-30,AIG,42.349998474121094,43.11000061035156,42.099998474121094,42.810001373291016,35.713809967041016,4519900.0
2019-01-31,AIG,42.4900016784668,43.31999969482422,42.36000061035156,43.22999954223633,36.064186096191406,6456600.0
2019-02-01,AIG,43.45000076293945,43.83000183105469,43.04999923706055,43.81999969482422,36.556400299072266,3383400.0
2019-02-04,AIG,43.68000030517578,44.25,43.619998931884766,44.0,36.70656204223633,8672900.0
2019-02-05,AIG,43.81999969482422,43.849998474121094,43.290000915527344,43.65999984741211,36.42292022705078,10111900.0
2019-02-06,AIG,43.650001525878906,43.84000015258789,43.45000076293945,43.650001525878906,36.414581298828125,4817400.0
2019-02-07,AIG,43.22999954223633,43.5,42.349998474121094,42.83000183105469,35.73049545288086,6976900.0
2019-02-08,AIG,42.599998474121094,42.709999084472656,41.83000183105469,42.45000076293945,35.413482666015625,4922200.0
2019-02-11,AIG,42.66999816894531,43.15999984741211,42.529998779296875,43.04999923706055,35.91402816772461,5160300.0
2019-02-12,AIG,43.41999816894531,44.25,43.369998931884766,43.83000183105469,36.56474304199219,3964400.0
2019-02-13,AIG,44.02000045776367,44.58000183105469,43.95000076293945,44.18000030517578,36.85673141479492,5290400.0
2019-02-14,AIG,42.09000015258789,42.29999923706055,40.0,40.189998626708984,33.528106689453125,22229200.0
2019-02-15,AIG,40.68000030517578,42.349998474121094,40.540000915527344,42.31999969482422,35.3050422668457,16385400.0
2019-02-19,AIG,42.16999816894531,43.099998474121094,41.83000183105469,42.9900016784668,35.863983154296875,8824000.0
2019-02-20,AIG,42.939998626708984,43.290000915527344,42.40999984741211,43.290000915527344,36.1142578125,5647400.0
2019-02-21,AIG,43.209999084472656,43.54999923706055,42.75,43.0099983215332,35.88066482543945,5419200.0
2019-02-22,AIG,43.130001068115234,43.33000183105469,42.7400016784668,42.869998931884766,35.76387405395508,4929500.0
2019-02-25,AIG,43.189998626708984,44.380001068115234,43.060001373291016,43.83000183105469,36.56474304199219,11727000.0
2019-02-26,AIG,43.630001068115234,44.7400016784668,43.61000061035156,43.86000061035156,36.58975601196289,7704100.0
2019-02-27,AIG,43.849998474121094,43.88999938964844,43.16999816894531,43.470001220703125,36.264404296875,4748300.0
2019-02-28,AIG,43.689998626708984,43.7599983215332,43.099998474121094,43.20000076293945,36.03916549682617,4908300.0
2019-03-01,AIG,43.47999954223633,43.65999984741211,43.04999923706055,43.22999954223633,36.064186096191406,5349000.0
2019-03-04,AIG,43.41999816894531,43.95000076293945,42.650001525878906,43.5099983215332,36.29777526855469,9514400.0
2019-03-05,AIG,43.47999954223633,43.4900016784668,42.630001068115234,43.16999816894531,36.01414489746094,4588800.0
2019-03-06,AIG,43.08000183105469,43.33000183105469,42.36000061035156,42.5,35.45519256591797,5266500.0
2019-03-07,AIG,42.150001525878906,42.43000030517578,41.56999969482422,41.810001373291016,34.87957763671875,5967000.0
2019-03-08,AIG,41.29999923706055,42.22999954223633,41.11000061035156,42.20000076293945,35.204933166503906,4195800.0
2019-03-11,AIG,42.459999084472656,43.08000183105469,42.33000183105469,42.81999969482422,35.722145080566406,3056900.0
2019-03-12,AIG,42.84000015258789,43.43000030517578,42.81999969482422,43.04999923706055,35.91402816772461,3611600.0
2019-03-13,AIG,43.310001373291016,44.150001525878906,43.18000030517578,43.790000915527344,36.53136444091797,5940300.0
2019-03-14,AIG,43.47999954223633,43.97999954223633,43.369998931884766,43.75,36.76667404174805,4759300.0
2019-03-15,AIG,43.59000015258789,44.130001068115234,43.59000015258789,44.040000915527344,37.01038360595703,7435900.0
2019-03-18,AIG,44.27000045776367,44.68000030517578,44.189998626708984,44.279998779296875,37.21208572387695,4745200.0
2019-03-19,AIG,44.54999923706055,45.0,43.77000045776367,43.86000061035156,36.85911178588867,5090400.0
2019-03-20,AIG,43.66999816894531,44.0099983215332,42.83000183105469,42.959999084472656,36.102779388427734,4823800.0
2019-03-21,AIG,42.560001373291016,43.869998931884766,42.5099983215332,43.43000030517578,36.497745513916016,4711100.0
2019-03-22,AIG,43.0,43.130001068115234,42.189998626708984,42.619998931884766,35.817047119140625,5410600.0
2019-03-25,AIG,42.66999816894531,42.90999984741211,42.16999816894531,42.45000076293945,35.67417907714844,3914800.0
2019-03-26,AIG,42.779998779296875,43.279998779296875,42.650001525878906,43.04999923706055,36.17840576171875,2958400.0
2019-03-27,AIG,43.08000183105469,43.459999084472656,42.97999954223633,43.13999938964844,36.25404357910156,3075200.0
2019-03-28,AIG,43.2599983215332,43.5,42.40999984741211,43.099998474121094,36.220428466796875,2978300.0
2019-03-29,AIG,43.45000076293945,43.56999969482422,42.849998474121094,43.060001373291016,36.18681335449219,4308800.0
2019-04-01,AIG,43.52000045776367,44.279998779296875,43.459999084472656,43.9900016784668,36.96836853027344,3715100.0
2019-04-02,AIG,43.959999084472656,44.33000183105469,43.34000015258789,43.54999923706055,36.59859848022461,3424000.0
2019-04-03,AIG,43.939998626708984,44.16999816894531,43.689998626708984,43.869998931884766,36.867530822753906,3490300.0
2019-04-04,AIG,43.88999938964844,44.709999084472656,43.81999969482422,44.599998474121094,37.48100662231445,3753400.0
2019-04-05,AIG,44.70000076293945,45.29999923706055,44.65999984741211,45.04999923706055,37.85917663574219,4063900.0
2019-04-08,AIG,44.970001220703125,45.150001525878906,44.619998931884766,44.869998931884766,37.70790481567383,2147000.0
2019-04-09,AIG,44.59000015258789,44.72999954223633,44.099998474121094,44.630001068115234,37.506221771240234,3397000.0
2019-04-10,AIG,44.56999969482422,45.0099983215332,44.22999954223633,44.880001068115234,37.71631622314453,1904100.0
2019-04-11,AIG,45.38999938964844,45.81999969482422,45.08000183105469,45.709999084472656,38.41382598876953,4330300.0
2019-04-12,AIG,46.0,46.95000076293945,45.970001220703125,46.189998626708984,38.817195892333984,4937300.0
2019-04-15,AIG,46.16999816894531,46.29999923706055,45.720001220703125,45.79999923706055,38.48945999145508,3766200.0
2019-04-16,AIG,46.04999923706055,46.88999938964844,46.040000915527344,46.7400016784668,39.27941131591797,4709600.0
2019-04-17,AIG,46.75,46.79999923706055,45.619998931884766,45.970001220703125,38.632328033447266,3650600.0
2019-04-18,AIG,45.900001525878906,46.439998626708984,45.810001373291016,46.040000915527344,38.69114685058594,3729300.0
2019-04-22,AIG,45.9900016784668,46.29999923706055,45.720001220703125,46.0,38.657535552978516,2631000.0
2019-04-23,AIG,45.79999923706055,46.060001373291016,45.560001373291016,45.97999954223633,38.64072036743164,5036400.0
2019-04-24,AIG,45.7400016784668,46.20000076293945,45.630001068115234,45.7400016784668,38.439029693603516,4050600.0
2019-04-25,AIG,45.47999954223633,45.68000030517578,44.91999816894531,45.189998626708984,37.97682571411133,6002300.0
2019-04-26,AIG,45.20000076293945,46.09000015258789,44.939998626708984,46.04999923706055,38.69955825805664,3070600.0
2019-04-29,AIG,46.150001525878906,47.119998931884766,46.08000183105469,46.9900016784668,39.4895133972168,4449400.0
2019-04-30,AIG,47.0,47.599998474121094,46.849998474121094,47.56999969482422,39.97694778442383,5439800.0
2019-05-01,AIG,47.5,47.79999923706055,46.849998474121094,46.869998931884766,39.388668060302734,4274000.0
2019-05-02,AIG,47.02000045776367,47.45000076293945,46.4900016784668,46.79999923706055,39.32984161376953,4753400.0
2019-05-03,AIG,46.900001525878906,47.369998931884766,46.7400016784668,47.11000061035156,39.590354919433594,6361000.0
2019-05-06,AIG,46.290000915527344,47.11000061035156,46.150001525878906,47.11000061035156,39.590354919433594,6001600.0
2019-05-07,AIG,50.7400016784668,51.310001373291016,50.0,50.29999923706055,42.271183013916016,29260800.0
2019-05-08,AIG,50.040000915527344,51.97999954223633,49.83000183105469,49.959999084472656,41.98543930053711,11033100.0
2019-05-09,AIG,49.689998626708984,50.91999816894531,49.380001068115234,50.83000183105469,42.71656799316406,6068200.0
2019-05-10,AIG,50.47999954223633,51.66999816894531,50.099998474121094,51.63999938964844,43.397281646728516,5779500.0
2019-05-13,AIG,50.97999954223633,51.279998779296875,50.06999969482422,50.720001220703125,42.62413024902344,5894900.0
2019-05-14,AIG,50.72999954223633,51.869998931884766,50.72999954223633,51.47999954223633,43.2628288269043,6844000.0
2019-05-15,AIG,51.08000183105469,52.18000030517578,50.810001373291016,51.849998474121094,43.573753356933594,6163800.0
2019-05-16,AIG,51.959999084472656,52.970001220703125,51.959999084472656,52.22999954223633,43.89311218261719,5450300.0
2019-05-17,AIG,51.66999816894531,52.689998626708984,51.560001373291016,52.369998931884766,44.01076126098633,4924400.0
2019-05-20,AIG,52.43000030517578,53.02000045776367,52.15999984741211,52.43000030517578,44.06117248535156,5713500.0
2019-05-21,AIG,52.779998779296875,52.81999969482422,52.09000015258789,52.5,44.12000274658203,4628600.0
2019-05-22,AIG,52.310001373291016,52.869998931884766,52.09000015258789,52.560001373291016,44.170440673828125,4408600.0
2019-05-23,AIG,52.220001220703125,52.22999954223633,51.529998779296875,52.20000076293945,43.867897033691406,5085900.0
2019-05-24,AIG,52.459999084472656,52.84000015258789,52.189998626708984,52.7599983215332,44.338504791259766,3341000.0
2019-05-28,AIG,52.59000015258789,53.040000915527344,52.0099983215332,52.06999969482422,43.75864791870117,5962400.0
2019-05-29,AIG,51.91999816894531,51.95000076293945,51.18000030517578,51.619998931884766,43.38047409057617,3947700.0
2019-05-30,AIG,51.790000915527344,52.25,51.59000015258789,51.939998626708984,43.64939498901367,3288200.0
2019-05-31,AIG,51.400001525878906,51.4900016784668,50.65999984741211,51.06999969482422,42.91826629638672,5120800.0
2019-06-03,AIG,51.060001373291016,52.75,50.91999816894531,52.709999084472656,44.29649353027344,7097600.0
2019-06-04,AIG,53.18000030517578,53.90999984741211,52.869998931884766,53.83000183105469,45.23771286010742,6775100.0
2019-06-05,AIG,53.34000015258789,53.720001220703125,52.689998626708984,53.68000030517578,45.111663818359375,5480300.0
2019-06-06,AIG,53.59000015258789,54.16999816894531,53.380001068115234,53.54999923706055,45.00241470336914,4764200.0
2019-06-07,AIG,53.5099983215332,53.7599983215332,52.90999984741211,52.90999984741211,44.464561462402344,5206000.0
2019-06-10,AIG,53.099998474121094,53.54999923706055,52.970001220703125,53.33000183105469,44.817535400390625,4645800.0
2019-06-11,AIG,53.599998474121094,53.7599983215332,52.7599983215332,53.08000183105469,44.60744094848633,3587300.0
2019-06-12,AIG,53.150001525878906,53.2400016784668,52.619998931884766,52.959999084472656,44.50658416748047,2842400.0
2019-06-13,AIG,52.70000076293945,53.45000076293945,52.63999938964844,53.20000076293945,44.98005676269531,3860400.0
2019-06-14,AIG,53.27000045776367,53.43000030517578,52.849998474121094,53.310001373291016,45.07307052612305,3206900.0
2019-06-17,AIG,53.41999816894531,53.599998474121094,52.939998626708984,52.9900016784668,44.8025016784668,2711100.0
2019-06-18,AIG,52.88999938964844,53.54999923706055,52.86000061035156,53.349998474121094,45.10688400268555,3313800.0
2019-06-19,AIG,53.5,53.939998626708984,53.400001525878906,53.599998474121094,45.31825256347656,4029000.0
2019-06-20,AIG,53.97999954223633,54.36000061035156,53.31999969482422,54.25,45.86783218383789,5000700.0
2019-06-21,AIG,54.63999938964844,54.72999954223633,53.630001068115234,53.650001525878906,45.360530853271484,5462500.0
2019-06-24,AIG,53.630001068115234,54.06999969482422,53.209999084472656,53.31999969482422,45.081520080566406,2745200.0
2019-06-25,AIG,53.22999954223633,53.529998779296875,52.5099983215332,52.72999954223633,44.582679748535156,5504100.0
2019-06-26,AIG,52.939998626708984,52.959999084472656,52.099998474121094,52.2599983215332,44.185298919677734,3883400.0
2019-06-27,AIG,52.369998931884766,53.09000015258789,52.22999954223633,53.04999923706055,44.85323715209961,3878300.0
2019-06-28,AIG,53.220001220703125,53.41999816894531,52.90999984741211,53.279998779296875,45.047706604003906,5214800.0
2019-07-01,AIG,53.529998779296875,53.970001220703125,53.16999816894531,53.84000015258789,45.52116775512695,3200800.0
2019-07-02,AIG,53.880001068115234,53.88999938964844,53.13999938964844,53.790000915527344,45.47889709472656,3374800.0
2019-07-03,AIG,54.0,55.060001373291016,53.84000015258789,54.83000183105469,46.358211517333984,2948700.0
2019-07-05,AIG,54.849998474121094,54.9900016784668,54.22999954223633,54.61000061035156,46.172203063964844,2514000.0
2019-07-08,AIG,54.599998474121094,55.15999984741211,54.38999938964844,54.959999084472656,46.468135833740234,4378600.0
2019-07-09,AIG,54.68000030517578,55.529998779296875,54.560001373291016,55.52000045776367,46.94158935546875,3617100.0
2019-07-10,AIG,55.540000915527344,56.0,55.5,55.72999954223633,47.11914825439453,3898300.0
2019-07-11,AIG,55.83000183105469,56.150001525878906,55.27000045776367,55.47999954223633,46.90778350830078,3389300.0
2019-07-12,AIG,55.849998474121094,56.349998474121094,55.5099983215332,56.27000045776367,47.57571029663086,2957700.0
2019-07-15,AIG,56.349998474121094,56.4900016784668,56.11000061035156,56.2400016784668,47.550350189208984,2900700.0
2019-07-16,AIG,56.40999984741211,56.47999954223633,56.02000045776367,56.029998779296875,47.372798919677734,2250600.0
2019-07-17,AIG,56.0,56.099998474121094,54.880001068115234,55.369998931884766,46.814762115478516,3679400.0
2019-07-18,AIG,55.45000076293945,55.779998779296875,55.34000015258789,55.599998474121094,47.00923156738281,4175600.0
2019-07-19,AIG,56.06999969482422,56.68000030517578,55.810001373291016,55.939998626708984,47.296695709228516,4852800.0
2019-07-22,AIG,55.77000045776367,56.130001068115234,55.63999938964844,55.880001068115234,47.245975494384766,2069600.0
2019-07-23,AIG,55.869998931884766,56.290000915527344,55.5099983215332,56.290000915527344,47.59263229370117,2160300.0
2019-07-24,AIG,56.0099983215332,57.4900016784668,56.0,57.38999938964844,48.522666931152344,3909800.0
2019-07-25,AIG,57.58000183105469,57.59000015258789,56.939998626708984,57.08000183105469,48.26055908203125,2459300.0
2019-07-26,AIG,56.9900016784668,57.33000183105469,56.79999923706055,57.27000045776367,48.42121505737305,2899300.0
2019-07-29,AIG,57.08000183105469,57.220001220703125,56.349998474121094,56.47999954223633,47.75326156616211,2565100.0
2019-07-30,AIG,56.099998474121094,56.459999084472656,55.70000076293945,56.31999969482422,47.617984771728516,1828900.0
2019-07-31,AIG,56.41999816894531,56.939998626708984,55.529998779296875,55.9900016784668,47.3389778137207,3179200.0
2019-08-01,AIG,55.72999954223633,56.400001525878906,54.22999954223633,54.709999084472656,46.256752014160156,4706600.0
2019-08-02,AIG,54.54999923706055,54.86000061035156,54.0,54.33000183105469,45.93546676635742,2683600.0
2019-08-05,AIG,53.459999084472656,53.7400016784668,52.290000915527344,52.810001373291016,44.65031814575195,4323200.0
2019-08-06,AIG,52.84000015258789,54.40999984741211,52.70000076293945,54.380001068115234,45.97774124145508,4247700.0
2019-08-07,AIG,53.310001373291016,54.630001068115234,52.88999938964844,54.40999984741211,46.00311279296875,4302000.0
2019-08-08,AIG,56.91999816894531,57.47999954223633,55.68000030517578,56.81999969482422,48.04072570800781,8893700.0
2019-08-09,AIG,56.5,56.75,55.849998474121094,56.2599983215332,47.567256927490234,3987100.0
2019-08-12,AIG,55.84000015258789,55.900001525878906,54.599998474121094,55.08000183105469,46.569580078125,3576200.0
2019-08-13,AIG,54.83000183105469,56.5,54.65999984741211,56.119998931884766,47.44889450073242,4522200.0
2019-08-14,AIG,55.09000015258789,55.400001525878906,52.939998626708984,53.38999938964844,45.140708923339844,8548900.0
2019-08-15,AIG,53.52000045776367,53.9900016784668,53.27000045776367,53.7400016784668,45.436622619628906,4125000.0
2019-08-16,AIG,54.27000045776367,54.72999954223633,53.869998931884766,54.310001373291016,45.91855239868164,4042200.0
2019-08-19,AIG,55.029998779296875,55.20000076293945,54.529998779296875,54.810001373291016,46.34129333496094,3319400.0
2019-08-20,AIG,54.66999816894531,54.66999816894531,53.369998931884766,53.43000030517578,45.17451858520508,3551200.0
2019-08-21,AIG,53.95000076293945,53.95000076293945,53.310001373291016,53.689998626708984,45.394351959228516,2464800.0
2019-08-22,AIG,53.97999954223633,54.31999969482422,53.59000015258789,53.75,45.4450798034668,2326600.0
2019-08-23,AIG,53.5099983215332,54.33000183105469,52.150001525878906,52.4900016784668,44.379764556884766,3712200.0
2019-08-26,AIG,52.709999084472656,53.11000061035156,52.41999816894531,53.08000183105469,44.878604888916016,2212600.0
2019-08-27,AIG,53.27000045776367,53.470001220703125,52.20000076293945,52.7400016784668,44.59114074707031,2747800.0
2019-08-28,AIG,52.529998779296875,52.959999084472656,52.29999923706055,52.45000076293945,44.34593200683594,2481500.0
2019-08-29,AIG,52.97999954223633,53.18000030517578,52.400001525878906,52.459999084472656,44.35439682006836,2921100.0
2019-08-30,AIG,52.880001068115234,52.880001068115234,51.79999923706055,52.040000915527344,43.999290466308594,4565000.0
2019-09-03,AIG,51.75,52.4900016784668,51.650001525878906,52.400001525878906,44.30366897583008,2897700.0
2019-09-04,AIG,52.959999084472656,54.41999816894531,52.709999084472656,54.400001525878906,45.994651794433594,3846900.0
2019-09-05,AIG,55.150001525878906,55.86000061035156,54.619998931884766,54.68000030517578,46.231388092041016,3124000.0
2019-09-06,AIG,54.61000061035156,55.380001068115234,54.529998779296875,54.849998474121094,46.375118255615234,1901200.0
2019-09-09,AIG,55.08000183105469,55.470001220703125,54.70000076293945,55.40999984741211,46.848594665527344,2898500.0
2019-09-10,AIG,55.439998626708984,55.97999954223633,55.2400016784668,55.5,46.924686431884766,3170500.0
2019-09-11,AIG,55.47999954223633,56.630001068115234,54.77000045776367,56.599998474121094,47.8547248840332,3093900.0
2019-09-12,AIG,56.13999938964844,57.11000061035156,56.029998779296875,56.7599983215332,47.98999786376953,3263600.0
2019-09-13,AIG,57.08000183105469,57.459999084472656,56.790000915527344,57.290000915527344,48.438106536865234,3324700.0
2019-09-16,AIG,56.220001220703125,56.68000030517578,55.93000030517578,56.31999969482422,47.88545227050781,2793600.0
2019-09-17,AIG,56.18000030517578,57.150001525878906,56.099998474121094,57.08000183105469,48.531639099121094,4317400.0
2019-09-18,AIG,56.66999816894531,57.66999816894531,56.439998626708984,57.650001525878906,49.01628112792969,4292100.0
2019-09-19,AIG,57.79999923706055,58.65999984741211,57.56999969482422,57.88999938964844,49.2203369140625,4671800.0
2019-09-20,AIG,58.220001220703125,58.349998474121094,57.290000915527344,57.45000076293945,48.84623336791992,6534700.0
2019-09-23,AIG,57.099998474121094,57.72999954223633,56.959999084472656,57.29999923706055,48.718692779541016,2752500.0
2019-09-24,AIG,57.529998779296875,57.70000076293945,56.81999969482422,57.0,48.46361541748047,3592400.0
2019-09-25,AIG,56.880001068115234,57.22999954223633,56.43000030517578,56.529998779296875,48.06400680541992,3355300.0
2019-09-26,AIG,56.599998474121094,56.599998474121094,55.540000915527344,55.880001068115234,47.511356353759766,3206200.0
2019-09-27,AIG,56.220001220703125,56.529998779296875,55.849998474121094,56.15999984741211,47.74942398071289,3496300.0
2019-09-30,AIG,56.29999923706055,56.36000061035156,55.54999923706055,55.70000076293945,47.35831069946289,3424500.0
2019-10-01,AIG,55.93000030517578,55.9900016784668,54.2400016784668,54.369998931884766,46.22748565673828,3643000.0
2019-10-02,AIG,54.09000015258789,54.25,53.29999923706055,53.470001220703125,45.4622802734375,3492000.0
2019-10-03,AIG,53.189998626708984,53.7400016784668,52.709999084472656,53.209999084472656,45.241214752197266,3702700.0
2019-10-04,AIG,53.189998626708984,54.529998779296875,53.189998626708984,54.43000030517578,46.278507232666016,3298100.0
2019-10-07,AIG,54.220001220703125,54.290000915527344,53.61000061035156,53.630001068115234,45.598323822021484,2592200.0
2019-10-08,AIG,52.91999816894531,53.08000183105469,52.38999938964844,52.41999816894531,44.569522857666016,3763600.0
2019-10-09,AIG,52.77000045776367,53.36000061035156,52.63999938964844,53.040000915527344,45.0966796875,2943600.0
2019-10-10,AIG,53.13999938964844,54.45000076293945,52.9900016784668,54.060001373291016,45.96392059326172,3962000.0
2019-10-11,AIG,54.88999938964844,55.63999938964844,54.33000183105469,54.41999816894531,46.27000427246094,4531400.0
2019-10-14,AIG,53.90999984741211,54.349998474121094,53.630001068115234,54.209999084472656,46.09146499633789,1980600.0
2019-10-15,AIG,54.349998474121094,54.97999954223633,54.290000915527344,54.68000030517578,46.491065979003906,2215500.0
2019-10-16,AIG,54.369998931884766,54.560001373291016,53.70000076293945,54.34000015258789,46.20199203491211,3429200.0
2019-10-17,AIG,54.709999084472656,54.81999969482422,53.91999816894531,54.060001373291016,45.96392059326172,2494600.0
2019-10-18,AIG,53.900001525878906,54.279998779296875,53.86000061035156,53.970001220703125,45.887393951416016,2344000.0
2019-10-21,AIG,54.5099983215332,54.880001068115234,54.439998626708984,54.54999923706055,46.38054275512695,2069600.0
2019-10-22,AIG,54.290000915527344,54.290000915527344,53.15999984741211,53.2400016784668,45.266727447509766,3381800.0
2019-10-23,AIG,53.060001373291016,53.29999923706055,52.68000030517578,53.150001525878906,45.190208435058594,2669900.0
2019-10-24,AIG,53.369998931884766,53.58000183105469,52.720001220703125,52.900001525878906,44.977638244628906,1665700.0
2019-10-25,AIG,52.720001220703125,52.90999984741211,52.34000015258789,52.79999923706055,44.892616271972656,2084400.0
2019-10-28,AIG,53.029998779296875,53.310001373291016,52.529998779296875,52.54999923706055,44.6800537109375,3817200.0
2019-10-29,AIG,52.349998474121094,52.68000030517578,51.209999084472656,52.099998474121094,44.297447204589844,7845800.0
2019-10-30,AIG,52.189998626708984,52.900001525878906,51.70000076293945,52.61000061035156,44.73107147216797,3961400.0
2019-10-31,AIG,52.36000061035156,53.02000045776367,51.900001525878906,52.959999084472656,45.028663635253906,5172400.0
2019-11-01,AIG,51.9900016784668,53.88999938964844,51.599998474121094,53.7599983215332,45.7088508605957,5378700.0
2019-11-04,AIG,54.08000183105469,55.38999938964844,53.93000030517578,54.93000030517578,46.70362854003906,4657800.0
2019-11-05,AIG,55.220001220703125,55.220001220703125,54.2599983215332,54.810001373291016,46.601593017578125,4342400.0
2019-11-06,AIG,54.900001525878906,55.56999969482422,54.61000061035156,55.52000045776367,47.20526123046875,3733100.0
2019-11-07,AIG,55.709999084472656,56.33000183105469,55.54999923706055,55.59000015258789,47.26478576660156,3280800.0
2019-11-08,AIG,55.63999938964844,55.939998626708984,55.040000915527344,55.90999984741211,47.536861419677734,2750600.0
2019-11-11,AIG,55.43000030517578,56.040000915527344,55.290000915527344,55.400001525878906,47.10324478149414,2568800.0
2019-11-12,AIG,55.33000183105469,55.77000045776367,55.04999923706055,55.40999984741211,47.11174392700195,3162700.0
2019-11-13,AIG,55.119998931884766,55.220001220703125,54.68000030517578,54.720001220703125,46.52507781982422,2673600.0
2019-11-14,AIG,54.720001220703125,54.970001220703125,53.880001068115234,54.189998626708984,46.0744514465332,3468900.0
2019-11-15,AIG,54.470001220703125,54.91999816894531,53.66999816894531,53.93000030517578,45.853389739990234,3404100.0
2019-11-18,AIG,53.650001525878906,54.15999984741211,53.5,54.150001525878906,46.04043960571289,2398600.0
2019-11-19,AIG,54.2400016784668,54.31999969482422,53.40999984741211,53.40999984741211,45.4112663269043,3394500.0
2019-11-20,AIG,53.36000061035156,53.41999816894531,52.63999938964844,52.93000030517578,45.00314712524414,5093400.0
2019-11-21,AIG,52.959999084472656,53.0,52.20000076293945,52.209999084472656,44.39097213745117,4337600.0
2019-11-22,AIG,52.34000015258789,53.33000183105469,52.22999954223633,53.29999923706055,45.3177375793457,4522500.0
2019-11-25,AIG,53.349998474121094,53.72999954223633,53.20000076293945,53.310001373291016,45.32624435424805,3072800.0
2019-11-26,AIG,53.310001373291016,53.72999954223633,52.93000030517578,53.16999816894531,45.20720672607422,7197500.0
2019-11-27,AIG,53.189998626708984,53.38999938964844,52.7599983215332,52.88999938964844,44.96914291381836,3770800.0
2019-11-29,AIG,52.84000015258789,53.16999816894531,52.59000015258789,52.65999984741211,44.77358627319336,2865500.0
2019-12-02,AIG,52.7400016784668,52.77000045776367,51.65999984741211,51.65999984741211,43.92334747314453,4180800.0
2019-12-03,AIG,51.20000076293945,51.380001068115234,50.34000015258789,51.16999816894531,43.50673294067383,5785600.0
2019-12-04,AIG,51.470001220703125,51.83000183105469,51.099998474121094,51.11000061035156,43.45571517944336,4212900.0
2019-12-05,AIG,51.189998626708984,51.52000045776367,50.95000076293945,51.13999938964844,43.48122024536133,3131300.0
2019-12-06,AIG,51.72999954223633,52.119998931884766,51.150001525878906,51.86000061035156,44.0933952331543,6731900.0
2019-12-09,AIG,51.720001220703125,52.529998779296875,51.5,51.58000183105469,43.855323791503906,3701100.0
2019-12-10,AIG,51.54999923706055,51.849998474121094,51.040000915527344,51.08000183105469,43.43021011352539,4634300.0
2019-12-11,AIG,50.81999969482422,50.900001525878906,50.27000045776367,50.40999984741211,43.13075637817383,4413100.0
2019-12-12,AIG,50.43000030517578,51.41999816894531,50.27000045776367,51.029998779296875,43.66121292114258,6080200.0
2019-12-13,AIG,51.150001525878906,52.029998779296875,51.119998931884766,51.599998474121094,44.14890670776367,5316800.0
2019-12-16,AIG,52.0,52.310001373291016,51.75,51.900001525878906,44.40559005737305,5857000.0
2019-12-17,AIG,51.83000183105469,52.380001068115234,51.720001220703125,51.790000915527344,44.31147766113281,3258500.0
2019-12-18,AIG,51.75,52.349998474121094,51.56999969482422,51.970001220703125,44.46548080444336,5090000.0
2019-12-19,AIG,51.75,52.08000183105469,51.45000076293945,51.93000030517578,44.43125534057617,4493900.0
2019-12-20,AIG,52.099998474121094,52.189998626708984,51.5099983215332,51.540000915527344,44.097572326660156,7345400.0
2019-12-23,AIG,51.540000915527344,51.599998474121094,50.709999084472656,50.970001220703125,43.60988235473633,4175000.0
2019-12-24,AIG,50.790000915527344,51.45000076293945,50.790000915527344,50.939998626708984,43.584205627441406,1138600.0
2019-12-26,AIG,51.04999923706055,51.189998626708984,50.56999969482422,50.619998931884766,43.310428619384766,2811100.0
2019-12-27,AIG,50.7599983215332,51.08000183105469,50.58000183105469,51.06999969482422,43.69544219970703,2374800.0
2019-12-30,AIG,51.220001220703125,51.22999954223633,50.779998779296875,51.0,43.63554763793945,2706300.0
2019-12-31,AIG,51.0,51.369998931884766,50.880001068115234,51.33000183105469,43.91789627075195,2912500.0
2020-01-02,AIG,51.63999938964844,51.869998931884766,51.2400016784668,51.7599983215332,44.28580093383789,3104600.0
2020-01-03,AIG,51.22999954223633,51.470001220703125,50.939998626708984,51.36000061035156,43.94357681274414,2358800.0
2020-01-06,AIG,51.130001068115234,51.63999938964844,51.040000915527344,51.400001525878906,43.97779846191406,2699700.0
2020-01-07,AIG,51.349998474121094,51.43000030517578,50.720001220703125,51.11000061035156,43.72966766357422,4580100.0
2020-01-08,AIG,51.11000061035156,52.25,51.11000061035156,51.709999084472656,44.243019104003906,4832100.0
2020-01-09,AIG,52.06999969482422,52.290000915527344,51.65999984741211,52.279998779296875,44.730716705322266,3219800.0
2020-01-10,AIG,52.29999923706055,52.63999938964844,51.880001068115234,52.029998779296875,44.516815185546875,5483000.0
2020-01-13,AIG,52.09000015258789,52.619998931884766,51.81999969482422,52.619998931884766,45.02162551879883,6039500.0
2020-01-14,AIG,52.56999969482422,53.099998474121094,52.18000030517578,52.34000015258789,44.78205108642578,5277000.0
2020-01-15,AIG,52.0099983215332,52.33000183105469,51.400001525878906,51.779998779296875,44.30290985107422,4095000.0
2020-01-16,AIG,52.119998931884766,52.58000183105469,52.119998931884766,52.36000061035156,44.79916763305664,3822200.0
2020-01-17,AIG,52.529998779296875,53.08000183105469,52.529998779296875,52.900001525878906,45.261192321777344,5818600.0
2020-01-21,AIG,52.54999923706055,52.70000076293945,51.58000183105469,51.66999816894531,44.20880126953125,4215100.0
2020-01-22,AIG,51.86000061035156,52.439998626708984,51.63999938964844,52.2599983215332,44.71360397338867,4341500.0
2020-01-23,AIG,51.720001220703125,51.95000076293945,51.25,51.61000061035156,44.15745544433594,3307100.0
2020-01-24,AIG,51.66999816894531,51.66999816894531,50.5,51.060001373291016,43.6868782043457,3227100.0
2020-01-27,AIG,50.099998474121094,50.34000015258789,49.88999938964844,50.130001068115234,42.891178131103516,3634700.0
2020-01-28,AIG,50.400001525878906,50.93000030517578,50.290000915527344,50.40999984741211,43.13075637817383,4131900.0
2020-01-29,AIG,50.59000015258789,50.849998474121094,50.33000183105469,50.349998474121094,43.07941436767578,2964400.0
2020-01-30,AIG,50.0,51.349998474121094,49.90999984741211,51.29999923706055,43.89223098754883,2979300.0
2020-01-31,AIG,50.75,51.150001525878906,49.939998626708984,50.2599983215332,43.002403259277344,5736100.0
2020-02-03,AIG,50.52000045776367,51.380001068115234,50.43000030517578,51.15999984741211,43.7724494934082,2916600.0
2020-02-04,AIG,51.790000915527344,52.08000183105469,50.58000183105469,50.650001525878906,43.33608627319336,3441100.0
2020-02-05,AIG,51.380001068115234,52.650001525878906,51.27000045776367,52.47999954223633,44.90183639526367,4408400.0
2020-02-06,AIG,52.869998931884766,53.599998474121094,52.63999938964844,53.40999984741211,45.69755172729492,5286400.0
2020-02-07,AIG,52.97999954223633,53.7599983215332,52.93000030517578,53.459999084472656,45.740318298339844,3766300.0
2020-02-10,AIG,53.459999084472656,54.150001525878906,53.36000061035156,54.13999938964844,46.32213592529297,2756800.0
2020-02-11,AIG,54.34000015258789,54.84000015258789,54.18000030517578,54.470001220703125,46.60447692871094,4656800.0
2020-02-12,AIG,54.900001525878906,55.099998474121094,54.279998779296875,54.279998779296875,46.441917419433594,3984100.0
2020-02-13,AIG,55.77000045776367,56.41999816894531,50.900001525878906,50.93000030517578,43.575660705566406,13179800.0
2020-02-14,AIG,49.86000061035156,50.65999984741211,48.290000915527344,48.47999954223633,41.47944641113281,11891200.0
2020-02-18,AIG,48.11000061035156,49.0099983215332,47.84000015258789,49.0099983215332,41.93290328979492,9403400.0
2020-02-19,AIG,49.400001525878906,49.779998779296875,49.099998474121094,49.40999984741211,42.27515411376953,5755700.0
2020-02-20,AIG,49.40999984741211,49.939998626708984,49.20000076293945,49.79999923706055,42.60882568359375,5507100.0
2020-02-21,AIG,49.54999923706055,49.779998779296875,48.59000015258789,48.599998474121094,41.58210754394531,4913600.0
2020-02-24,AIG,47.5,47.689998626708984,45.59000015258789,45.70000076293945,39.10087203979492,9774200.0
2020-02-25,AIG,45.849998474121094,46.34000015258789,45.189998626708984,45.2400016784668,38.70730209350586,8706000.0
2020-02-26,AIG,45.4900016784668,46.130001068115234,44.72999954223633,45.0,38.501956939697266,7269800.0
2020-02-27,AIG,44.34000015258789,45.189998626708984,43.38999938964844,43.40999984741211,37.14155197143555,7159300.0
2020-02-28,AIG,42.279998779296875,42.95000076293945,41.310001373291016,42.15999984741211,36.07205581665039,10908300.0
2020-03-02,AIG,42.11000061035156,42.88999938964844,41.43000030517578,42.849998474121094,36.662410736083984,10262100.0
2020-03-03,AIG,42.68000030517578,43.880001068115234,41.16999816894531,41.4900016784668,35.498802185058594,11832200.0
2020-03-04,AIG,41.90999984741211,42.650001525878906,41.369998931884766,42.540000915527344,36.397186279296875,8324100.0
2020-03-05,AIG,41.0,41.709999084472656,40.18000030517578,40.650001525878906,34.78010559082031,9251400.0
2020-03-06,AIG,39.15999984741211,39.54999923706055,37.41999816894531,37.84000015258789,32.375858306884766,14681300.0
2020-03-09,AIG,34.61000061035156,35.0,30.40999984741211,32.810001373291016,28.072206497192383,19741400.0
2020-03-10,AIG,34.58000183105469,37.18000030517578,33.16999816894531,35.06999969482422,30.005861282348633,10322100.0
2020-03-11,AIG,33.68000030517578,34.29999923706055,31.899999618530273,32.43000030517578,27.747079849243164,10814400.0
2020-03-12,AIG,29.65999984741211,29.780000686645508,25.5,25.670000076293945,21.963226318359375,13594500.0
2020-03-13,AIG,27.549999237060547,28.579999923706055,25.09000015258789,28.5,24.692386627197266,11920600.0
2020-03-16,AIG,23.8799991607666,25.31999969482422,22.399999618530273,23.25,20.143787384033203,15835900.0
2020-03-17,AIG,23.979999542236328,24.030000686645508,20.520000457763672,22.25,19.277389526367188,15057900.0
2020-03-18,AIG,20.6200008392334,21.290000915527344,16.06999969482422,18.780000686645508,16.27098274230957,13531000.0
2020-03-19,AIG,18.489999771118164,21.3799991607666,17.520000457763672,20.600000381469727,17.847829818725586,11718600.0
2020-03-20,AIG,20.809999465942383,21.25,19.139999389648438,19.229999542236328,16.660865783691406,12948400.0
2020-03-23,AIG,18.959999084472656,20.079999923706055,18.079999923706055,19.299999237060547,16.721508026123047,9604500.0
2020-03-24,AIG,21.030000686645508,23.299999237060547,20.739999771118164,22.93000030517578,19.866539001464844,11436800.0
2020-03-25,AIG,23.200000762939453,27.75,22.030000686645508,25.719999313354492,22.283796310424805,14365100.0
2020-03-26,AIG,25.809999465942383,27.700000762939453,25.5,27.510000228881836,23.834653854370117,11282600.0
2020-03-27,AIG,26.0,26.760000228881836,25.010000228881836,25.510000228881836,22.101850509643555,9473500.0
2020-03-30,AIG,25.0,25.989999771118164,24.06999969482422,25.709999084472656,22.275131225585938,8377600.0
2020-03-31,AIG,25.479999542236328,25.790000915527344,23.8799991607666,24.25,21.01018714904785,9554500.0
2020-04-01,AIG,22.700000762939453,22.8700008392334,21.010000228881836,21.610000610351562,18.72289276123047,10498700.0
2020-04-02,AIG,21.110000610351562,22.829999923706055,21.079999923706055,21.25,18.41098403930664,9317500.0
2020-04-03,AIG,21.25,21.690000534057617,19.899999618530273,20.459999084472656,17.726533889770508,9573000.0
2020-04-06,AIG,21.950000762939453,22.190000534057617,20.81999969482422,21.520000457763672,18.644908905029297,15414300.0
2020-04-07,AIG,23.459999084472656,24.959999084472656,22.899999618530273,23.260000228881836,20.152446746826172,12731300.0
2020-04-08,AIG,23.760000228881836,24.579999923706055,23.25,24.1299991607666,20.906221389770508,8539500.0
2020-04-09,AIG,24.950000762939453,27.649999618530273,24.889999389648438,26.540000915527344,22.99424171447754,11974600.0
2020-04-13,AIG,26.639999389648438,27.0,24.43000030517578,25.6299991607666,22.2058162689209,7367800.0
2020-04-14,AIG,26.299999237060547,27.100000381469727,25.229999542236328,25.780000686645508,22.335779190063477,8139700.0
2020-04-15,AIG,24.200000762939453,24.450000762939453,23.270000457763672,24.079999923706055,20.862903594970703,9225200.0
2020-04-16,AIG,23.850000381469727,24.1200008392334,22.940000534057617,23.18000030517578,20.083141326904297,8829400.0
2020-04-17,AIG,24.229999542236328,24.809999465942383,23.829999923706055,24.5,21.226787567138672,11039800.0
2020-04-20,AIG,24.010000228881836,24.280000686645508,23.040000915527344,23.75,20.576988220214844,6502900.0
2020-04-21,AIG,22.5,23.309999465942383,22.139999389648438,22.25,19.277389526367188,7213100.0
2020-04-22,AIG,23.079999923706055,23.540000915527344,22.139999389648438,22.260000228881836,19.286054611206055,8232200.0
2020-04-23,AIG,22.6299991607666,23.420000076293945,22.389999389648438,22.65999984741211,19.632614135742188,7604000.0
2020-04-24,AIG,23.139999389648438,23.700000762939453,22.469999313354492,23.350000381469727,20.230430603027344,9295600.0
2020-04-27,AIG,23.469999313354492,24.540000915527344,23.469999313354492,24.18000030517578,20.949539184570312,7602700.0
2020-04-28,AIG,25.09000015258789,25.690000534057617,24.40999984741211,25.280000686645508,21.902578353881836,9513900.0
2020-04-29,AIG,26.290000915527344,27.40999984741211,26.0,27.229999542236328,23.59205436706543,9621700.0
2020-04-30,AIG,26.709999084472656,26.809999465942383,25.389999389648438,25.43000030517578,22.03253746032715,6637600.0
2020-05-01,AIG,24.520000457763672,24.670000076293945,23.549999237060547,23.899999618530273,20.706941604614258,6410000.0
2020-05-04,AIG,23.84000015258789,24.43000030517578,23.1200008392334,24.06999969482422,20.854236602783203,9321900.0
2020-05-05,AIG,24.709999084472656,26.309999465942383,24.610000610351562,25.059999465942383,21.71196746826172,8944300.0
2020-05-06,AIG,25.209999084472656,25.360000610351562,23.229999542236328,23.309999465942383,20.19577407836914,7824700.0
2020-05-07,AIG,23.799999237060547,25.549999237060547,23.770000457763672,25.520000457763672,22.110511779785156,8239200.0
2020-05-08,AIG,26.280000686645508,27.700000762939453,25.809999465942383,27.649999618530273,23.955944061279297,9829300.0
2020-05-11,AIG,27.309999465942383,27.940000534057617,26.709999084472656,27.549999237060547,23.869304656982422,8112100.0
2020-05-12,AIG,27.75,28.329999923706055,26.549999237060547,26.549999237060547,23.002904891967773,5604500.0
2020-05-13,AIG,26.09000015258789,26.190000534057617,24.760000228881836,24.959999084472656,21.625329971313477,6238300.0
2020-05-14,AIG,24.450000762939453,25.8799991607666,23.479999542236328,25.760000228881836,22.318449020385742,6954500.0
2020-05-15,AIG,25.670000076293945,26.530000686645508,25.100000381469727,26.469999313354492,22.9335880279541,8185500.0
2020-05-18,AIG,28.0,28.969999313354492,27.8700008392334,28.450000762939453,24.649063110351562,8773500.0
2020-05-19,AIG,28.18000030517578,28.610000610351562,27.43000030517578,27.6299991607666,23.938615798950195,5550300.0
2020-05-20,AIG,28.200000762939453,28.639999389648438,27.889999389648438,28.040000915527344,24.29384422302246,5175400.0
2020-05-21,AIG,27.989999771118164,29.229999542236328,27.940000534057617,28.809999465942383,24.96097183227539,5473900.0
2020-05-22,AIG,28.860000610351562,28.969999313354492,28.209999084472656,28.889999389648438,25.030277252197266,3727900.0
2020-05-26,AIG,30.280000686645508,31.739999771118164,30.280000686645508,31.010000228881836,26.867046356201172,8361400.0
2020-05-27,AIG,32.599998474121094,32.959999084472656,31.209999084472656,31.510000228881836,27.300249099731445,8387500.0
2020-05-28,AIG,31.969999313354492,32.189998626708984,30.81999969482422,31.1200008392334,26.96235466003418,5810300.0
2020-05-29,AIG,30.459999084472656,31.040000915527344,29.969999313354492,30.059999465942383,26.043968200683594,8763200.0
2020-06-01,AIG,30.110000610351562,30.969999313354492,29.760000228881836,30.549999237060547,26.468503952026367,4297800.0
2020-06-02,AIG,30.809999465942383,31.760000228881836,30.5,31.489999771118164,27.28291893005371,6668700.0
2020-06-03,AIG,32.529998779296875,33.470001220703125,32.2599983215332,33.25,28.807785034179688,6238100.0
2020-06-04,AIG,32.88999938964844,35.220001220703125,32.58000183105469,35.209999084472656,30.505924224853516,8438700.0
2020-06-05,AIG,38.689998626708984,38.970001220703125,36.18000030517578,36.36000061035156,31.50229263305664,10453100.0
2020-06-08,AIG,37.310001373291016,39.5099983215332,37.310001373291016,39.439998626708984,34.17080307006836,10596700.0
2020-06-09,AIG,38.0,38.349998474121094,36.83000183105469,37.7400016784668,32.69792556762695,7047600.0
2020-06-10,AIG,37.25,37.29999923706055,35.150001525878906,35.15999984741211,30.462600708007812,8569300.0
2020-06-11,AIG,32.5,33.869998931884766,31.299999237060547,31.610000610351562,27.386886596679688,9228600.0
2020-06-12,AIG,33.5,33.58000183105469,31.239999771118164,33.040000915527344,28.91859245300293,7489700.0
2020-06-15,AIG,31.299999237060547,33.56999969482422,31.1200008392334,33.189998626708984,29.049880981445312,6942400.0
2020-06-16,AIG,35.4900016784668,35.5,32.7400016784668,33.290000915527344,29.137407302856445,7393200.0
2020-06-17,AIG,33.060001373291016,33.33000183105469,32.13999938964844,32.279998779296875,28.253393173217773,5963800.0
2020-06-18,AIG,31.8700008392334,33.0,31.540000915527344,32.470001220703125,28.419696807861328,4065200.0
2020-06-19,AIG,33.36000061035156,33.36000061035156,31.670000076293945,31.809999465942383,27.842021942138672,7776400.0
2020-06-22,AIG,31.540000915527344,32.04999923706055,31.06999969482422,31.790000915527344,27.82451629638672,3955700.0
2020-06-23,AIG,32.47999954223633,32.72999954223633,31.920000076293945,32.04999923706055,28.05208396911621,3322900.0
2020-06-24,AIG,31.399999618530273,31.639999389648438,30.110000610351562,30.299999237060547,26.520383834838867,5960500.0
2020-06-25,AIG,30.0,31.34000015258789,29.809999465942383,31.260000228881836,27.360624313354492,5781000.0
2020-06-26,AIG,30.719999313354492,30.8799991607666,29.489999771118164,29.709999084472656,26.003976821899414,8006500.0
2020-06-29,AIG,30.25,30.889999389648438,29.8799991607666,30.68000030517578,26.852981567382812,5484900.0
2020-06-30,AIG,30.450000762939453,31.399999618530273,30.290000915527344,31.18000030517578,27.290611267089844,4660800.0
2020-07-01,AIG,31.010000228881836,31.56999969482422,29.5,29.579999923706055,25.890193939208984,6984500.0
2020-07-02,AIG,30.549999237060547,31.209999084472656,29.84000015258789,29.920000076293945,26.18778419494629,7866800.0
2020-07-06,AIG,30.950000762939453,31.549999237060547,30.469999313354492,30.739999771118164,26.905492782592773,6132400.0
2020-07-07,AIG,30.31999969482422,30.440000534057617,29.110000610351562,29.170000076293945,25.531335830688477,7413100.0
2020-07-08,AIG,28.850000381469727,29.940000534057617,28.81999969482422,29.850000381469727,26.126514434814453,7727600.0
2020-07-09,AIG,29.709999084472656,29.780000686645508,27.979999542236328,28.0,24.507282257080078,7357000.0
2020-07-10,AIG,28.219999313354492,30.1299991607666,28.059999465942383,30.100000381469727,26.345327377319336,7443500.0
2020-07-13,AIG,30.299999237060547,30.670000076293945,29.600000381469727,29.719999313354492,26.012723922729492,6132200.0
2020-07-14,AIG,29.8700008392334,30.81999969482422,29.3799991607666,30.790000915527344,26.94925308227539,5494600.0
2020-07-15,AIG,31.719999313354492,32.02000045776367,31.09000015258789,31.770000457763672,27.807008743286133,6813400.0
2020-07-16,AIG,31.350000381469727,33.040000915527344,31.18000030517578,32.560001373291016,28.49846649169922,6855100.0
2020-07-17,AIG,32.709999084472656,32.86000061035156,31.770000457763672,32.119998931884766,28.11334991455078,4333400.0
2020-07-20,AIG,31.989999771118164,32.02000045776367,31.399999618530273,31.40999984741211,27.49191665649414,4364400.0
2020-07-21,AIG,31.719999313354492,32.33000183105469,31.459999084472656,31.959999084472656,27.973312377929688,4618400.0
2020-07-22,AIG,31.579999923706055,32.29999923706055,31.420000076293945,32.189998626708984,28.17462158203125,5729500.0
2020-07-23,AIG,31.950000762939453,32.380001068115234,31.65999984741211,31.8700008392334,27.894542694091797,4965000.0
2020-07-24,AIG,31.889999389648438,32.04999923706055,31.200000762939453,31.309999465942383,27.404388427734375,3960900.0
2020-07-27,AIG,31.100000381469727,31.149999618530273,30.399999618530273,30.850000381469727,27.001773834228516,5143600.0
2020-07-28,AIG,30.600000381469727,31.280000686645508,30.389999389648438,30.950000762939453,27.08929443359375,5220700.0
2020-07-29,AIG,30.8799991607666,32.93000030517578,30.8799991607666,32.66999816894531,28.594749450683594,10100400.0
2020-07-30,AIG,31.739999771118164,31.950000762939453,31.06999969482422,31.780000686645508,27.815767288208008,7075800.0
2020-07-31,AIG,31.709999084472656,32.150001525878906,31.399999618530273,32.13999938964844,28.130855560302734,6244600.0
2020-08-03,AIG,32.209999084472656,32.689998626708984,32.029998779296875,32.13999938964844,28.130855560302734,5834900.0
2020-08-04,AIG,31.059999465942383,31.309999465942383,29.459999084472656,29.719999313354492,26.012723922729492,17448400.0
2020-08-05,AIG,30.0,30.559999465942383,29.809999465942383,30.18000030517578,26.415348052978516,7344800.0
2020-08-06,AIG,30.399999618530273,30.899999618530273,29.280000686645508,29.31999969482422,25.662626266479492,9162800.0
2020-08-07,AIG,29.170000076293945,30.670000076293945,28.969999313354492,30.65999984741211,26.835474014282227,6015200.0
2020-08-10,AIG,31.0,31.670000076293945,30.979999542236328,31.459999084472656,27.53567886352539,4596400.0
2020-08-11,AIG,32.63999938964844,32.900001525878906,31.75,31.979999542236328,27.990816116333008,6370800.0
2020-08-12,AIG,32.52000045776367,32.650001525878906,30.59000015258789,30.940000534057617,27.080551147460938,6704000.0
2020-08-13,AIG,30.510000228881836,30.93000030517578,30.1200008392334,30.709999084472656,26.879234313964844,6252100.0
2020-08-14,AIG,30.3799991607666,31.420000076293945,30.229999542236328,30.989999771118164,27.12430763244629,4862800.0
2020-08-17,AIG,30.889999389648438,30.899999618530273,29.850000381469727,29.959999084472656,26.222787857055664,5643400.0
2020-08-18,AIG,30.059999465942383,30.200000762939453,29.489999771118164,29.579999923706055,25.890193939208984,7880800.0
2020-08-19,AIG,29.5,30.049999237060547,29.309999465942383,29.860000610351562,26.135263442993164,4870100.0
2020-08-20,AIG,29.3700008392334,29.6299991607666,29.09000015258789,29.1299991607666,25.496318817138672,4702200.0
2020-08-21,AIG,29.110000610351562,29.270000457763672,28.229999542236328,28.270000457763672,24.743602752685547,7366500.0
2020-08-24,AIG,28.520000457763672,29.56999969482422,28.280000686645508,29.549999237060547,25.863935470581055,5511100.0
2020-08-25,AIG,29.989999771118164,30.200000762939453,29.260000228881836,29.520000457763672,25.837678909301758,4134200.0
2020-08-26,AIG,29.459999084472656,29.510000228881836,28.739999771118164,29.059999465942383,25.4350528717041,3738700.0
2020-08-27,AIG,29.100000381469727,30.049999237060547,29.09000015258789,29.68000030517578,25.97772216796875,4973400.0
2020-08-28,AIG,30.1200008392334,30.1200008392334,29.229999542236328,29.3700008392334,25.706390380859375,6036400.0
2020-08-31,AIG,29.25,29.329999923706055,28.709999084472656,29.139999389648438,25.50507926940918,7539800.0
2020-09-01,AIG,28.8700008392334,29.360000610351562,28.670000076293945,29.149999618530273,25.51382827758789,4930500.0
2020-09-02,AIG,29.270000457763672,29.860000610351562,28.729999542236328,29.829999923706055,26.1090087890625,6534000.0
2020-09-03,AIG,30.0,30.959999084472656,29.229999542236328,29.399999618530273,25.732646942138672,7003900.0
2020-09-04,AIG,30.0,30.219999313354492,29.25,29.799999237060547,26.082748413085938,5783000.0
2020-09-08,AIG,29.3799991607666,29.549999237060547,28.56999969482422,28.889999389648438,25.2862606048584,7124700.0
2020-09-09,AIG,29.15999984741211,29.25,28.43000030517578,29.149999618530273,25.51382827758789,7432400.0
2020-09-10,AIG,29.270000457763672,29.579999923706055,28.030000686645508,28.15999984741211,24.647321701049805,7754900.0
2020-09-11,AIG,28.219999313354492,28.790000915527344,28.079999923706055,28.399999618530273,24.857383728027344,8491800.0
2020-09-14,AIG,28.770000457763672,29.600000381469727,28.600000381469727,29.399999618530273,25.732646942138672,6254800.0
2020-09-15,AIG,29.360000610351562,29.809999465942383,28.920000076293945,28.93000030517578,25.32127571105957,6438600.0
2020-09-16,AIG,28.760000228881836,30.059999465942383,28.59000015258789,29.770000457763672,26.347936630249023,10798100.0
2020-09-17,AIG,29.209999084472656,29.450000762939453,28.610000610351562,28.700000762939453,25.400928497314453,11420800.0
2020-09-18,AIG,28.5,28.989999771118164,27.920000076293945,27.989999771118164,24.77254295349121,13427100.0
2020-09-21,AIG,27.139999389648438,27.40999984741211,26.510000228881836,26.979999542236328,23.878644943237305,11872500.0
2020-09-22,AIG,26.950000762939453,27.719999313354492,26.850000381469727,27.34000015258789,24.197265625,10055000.0
2020-09-23,AIG,27.469999313354492,28.1200008392334,26.399999618530273,26.43000030517578,23.391862869262695,6986700.0
2020-09-24,AIG,26.399999618530273,27.09000015258789,25.56999969482422,26.479999542236328,23.436119079589844,5686900.0
2020-09-25,AIG,26.1299991607666,27.149999618530273,26.1200008392334,27.06999969482422,23.958295822143555,4886900.0
2020-09-28,AIG,27.65999984741211,28.040000915527344,27.420000076293945,27.6299991607666,24.45392608642578,7610400.0
2020-09-29,AIG,27.540000915527344,27.649999618530273,26.959999084472656,27.290000915527344,24.15300750732422,4282100.0
2020-09-30,AIG,27.420000076293945,27.940000534057617,27.25,27.530000686645508,24.36541748046875,5338400.0
2020-10-01,AIG,27.559999465942383,28.010000228881836,27.309999465942383,27.719999313354492,24.5335750579834,5155400.0
2020-10-02,AIG,27.190000534057617,28.479999542236328,27.06999969482422,28.219999313354492,24.976106643676758,4558100.0
2020-10-05,AIG,28.770000457763672,29.420000076293945,28.579999923706055,29.049999237060547,25.710693359375,5326100.0
2020-10-06,AIG,29.399999618530273,29.979999542236328,28.93000030517578,28.979999542236328,25.648738861083984,8161300.0
2020-10-07,AIG,29.280000686645508,29.68000030517578,28.959999084472656,29.559999465942383,26.162071228027344,4976700.0
2020-10-08,AIG,29.809999465942383,30.479999542236328,29.350000381469727,30.260000228881836,26.78160858154297,5610700.0
2020-10-09,AIG,30.43000030517578,30.56999969482422,29.75,29.950000762939453,26.507240295410156,8058000.0
2020-10-12,AIG,29.8700008392334,30.6299991607666,29.760000228881836,30.459999084472656,26.958614349365234,7711600.0
2020-10-13,AIG,30.170000076293945,30.280000686645508,29.489999771118164,29.81999969482422,26.392179489135742,7574000.0
2020-10-14,AIG,29.790000915527344,30.360000610351562,29.530000686645508,29.649999618530273,26.241722106933594,6996200.0
2020-10-15,AIG,29.15999984741211,29.979999542236328,29.1200008392334,29.959999084472656,26.516082763671875,3554600.0
2020-10-16,AIG,30.010000228881836,30.65999984741211,29.709999084472656,30.290000915527344,26.808155059814453,4893700.0
2020-10-19,AIG,30.40999984741211,30.829999923706055,30.020000457763672,30.09000015258789,26.631145477294922,5425900.0
2020-10-20,AIG,30.450000762939453,31.229999542236328,30.399999618530273,30.649999618530273,27.12677764892578,5481500.0
2020-10-21,AIG,30.579999923706055,31.84000015258789,30.5,31.670000076293945,28.02952003479004,6869100.0
2020-10-22,AIG,31.540000915527344,32.150001525878906,31.219999313354492,32.0099983215332,28.330442428588867,5411000.0
2020-10-23,AIG,32.400001525878906,32.63999938964844,31.75,32.380001068115234,28.657909393310547,4375400.0
2020-10-26,AIG,31.8700008392334,31.90999984741211,30.739999771118164,31.260000228881836,27.66665267944336,6021600.0
2020-10-27,AIG,33.279998779296875,33.290000915527344,31.149999618530273,31.15999984741211,27.578155517578125,12065700.0
2020-10-28,AIG,30.420000076293945,30.969999313354492,29.889999389648438,30.229999542236328,26.75505828857422,8129300.0
2020-10-29,AIG,30.0,31.420000076293945,29.709999084472656,31.290000915527344,27.693204879760742,7436500.0
2020-10-30,AIG,31.079999923706055,31.770000457763672,30.770000457763672,31.489999771118164,27.870214462280273,6373300.0
2020-11-02,AIG,32.25,32.7400016784668,31.899999618530273,32.45000076293945,28.719865798950195,7278700.0
2020-11-03,AIG,32.95000076293945,33.189998626708984,32.709999084472656,32.88999938964844,29.109289169311523,7168900.0
2020-11-04,AIG,32.33000183105469,32.61000061035156,31.280000686645508,31.59000015258789,27.958724975585938,5424400.0
2020-11-05,AIG,31.829999923706055,33.599998474121094,31.81999969482422,33.43000030517578,29.58721351623535,6467100.0
2020-11-06,AIG,34.040000915527344,35.5,32.7599983215332,33.15999984741211,29.34825325012207,8329900.0
2020-11-09,AIG,36.959999084472656,38.630001068115234,36.5099983215332,37.52000045776367,33.207061767578125,13776300.0
2020-11-10,AIG,37.88999938964844,38.599998474121094,37.2400016784668,38.22999954223633,33.835453033447266,10213700.0
2020-11-11,AIG,37.86000061035156,37.90999984741211,36.7400016784668,37.349998474121094,33.05659866333008,7211300.0
2020-11-12,AIG,37.029998779296875,37.029998779296875,35.54999923706055,36.060001373291016,31.914894104003906,6847100.0
2020-11-13,AIG,36.459999084472656,37.40999984741211,36.290000915527344,37.31999969482422,33.03005599975586,5073800.0
2020-11-16,AIG,38.59000015258789,38.68000030517578,37.91999816894531,38.4900016784668,34.06556701660156,6015400.0
2020-11-17,AIG,37.84000015258789,38.70000076293945,37.65999984741211,38.41999816894531,34.00361633300781,4626900.0
2020-11-18,AIG,38.25,39.36000061035156,38.029998779296875,38.54999923706055,34.11866760253906,6265100.0
2020-11-19,AIG,37.9900016784668,38.599998474121094,37.470001220703125,38.540000915527344,34.109825134277344,4225200.0
2020-11-20,AIG,38.650001525878906,38.86000061035156,38.0,38.61000061035156,34.17176818847656,5571900.0
2020-11-23,AIG,39.380001068115234,39.95000076293945,38.810001373291016,39.77000045776367,35.198429107666016,4759600.0
2020-11-24,AIG,40.790000915527344,41.56999969482422,40.27000045776367,40.97999954223633,36.26933670043945,6017800.0
2020-11-25,AIG,40.27000045776367,40.5,39.709999084472656,40.119998931884766,35.50819396972656,3811100.0
2020-11-27,AIG,39.95000076293945,40.15999984741211,39.45000076293945,39.709999084472656,35.14532470703125,2046800.0
2020-11-30,AIG,39.099998474121094,39.61000061035156,38.400001525878906,38.439998626708984,34.02131271362305,6425700.0
2020-12-01,AIG,39.5,39.779998779296875,39.09000015258789,39.310001373291016,34.79130935668945,6245700.0
2020-12-02,AIG,39.060001373291016,39.88999938964844,38.7599983215332,39.72999954223633,35.163021087646484,5175400.0
2020-12-03,AIG,39.66999816894531,40.27000045776367,39.52000045776367,39.84000015258789,35.2603874206543,4581300.0
2020-12-04,AIG,40.25,40.810001373291016,40.150001525878906,40.689998626708984,36.012672424316406,4597600.0
2020-12-07,AIG,40.279998779296875,40.34000015258789,39.56999969482422,39.790000915527344,35.21613311767578,4478500.0
2020-12-08,AIG,39.279998779296875,39.95000076293945,39.18000030517578,39.52000045776367,34.977169036865234,3322600.0
2020-12-09,AIG,39.90999984741211,40.290000915527344,39.560001373291016,39.939998626708984,35.348880767822266,5388400.0
2020-12-10,AIG,39.279998779296875,39.939998626708984,39.060001373291016,39.709999084472656,35.14532470703125,4716300.0
2020-12-11,AIG,38.83000183105469,39.16999816894531,38.560001373291016,38.790000915527344,34.60997772216797,5299000.0
2020-12-14,AIG,39.29999923706055,39.369998931884766,38.08000183105469,38.15999984741211,34.04787826538086,3942000.0
2020-12-15,AIG,38.47999954223633,38.869998931884766,37.650001525878906,38.540000915527344,34.386924743652344,3292700.0
2020-12-16,AIG,38.7599983215332,38.77000045776367,38.08000183105469,38.31999969482422,34.19063186645508,3691200.0
2020-12-17,AIG,38.31999969482422,38.349998474121094,37.83000183105469,38.22999954223633,34.110328674316406,5233200.0
2020-12-18,AIG,38.20000076293945,38.459999084472656,36.970001220703125,37.47999954223633,33.44114303588867,9293000.0
2020-12-21,AIG,37.11000061035156,37.66999816894531,36.779998779296875,37.369998931884766,33.342994689941406,5341700.0
2020-12-22,AIG,37.560001373291016,37.619998931884766,36.77000045776367,36.79999923706055,32.83442306518555,5374200.0
2020-12-23,AIG,37.25,38.040000915527344,37.2400016784668,37.439998626708984,33.40545654296875,3890600.0
2020-12-24,AIG,37.47999954223633,37.5,36.970001220703125,37.369998931884766,33.342994689941406,1613800.0
2020-12-28,AIG,37.54999923706055,38.02000045776367,37.029998779296875,37.06999969482422,33.07533264160156,3837300.0
2020-12-29,AIG,37.36000061035156,37.43000030517578,36.91999816894531,37.15999984741211,33.15562057495117,4047300.0
2020-12-30,AIG,37.11000061035156,38.040000915527344,37.099998474121094,37.52000045776367,33.476837158203125,2522200.0
2020-12-31,AIG,37.529998779296875,37.959999084472656,37.22999954223633,37.86000061035156,33.780189514160156,2956200.0
2021-01-04,AIG,37.650001525878906,37.95000076293945,36.81999969482422,37.130001068115234,33.12886047363281,7081000.0
2021-01-05,AIG,37.279998779296875,38.0099983215332,37.18000030517578,37.75,33.682044982910156,4268000.0
2021-01-06,AIG,38.619998931884766,40.65999984741211,38.619998931884766,40.209999084472656,35.8769645690918,8198600.0
2021-01-07,AIG,40.779998779296875,41.040000915527344,40.349998474121094,40.88999938964844,36.48368835449219,5109700.0
2021-01-08,AIG,41.0,41.119998931884766,40.0099983215332,40.619998931884766,36.24277877807617,5344800.0
2021-01-11,AIG,39.91999816894531,40.790000915527344,39.709999084472656,40.279998779296875,35.93941879272461,3457000.0
2021-01-12,AIG,40.65999984741211,41.2599983215332,40.56999969482422,41.0,36.58183288574219,3975800.0
2021-01-13,AIG,40.689998626708984,41.119998931884766,40.43000030517578,40.720001220703125,36.33200454711914,3608400.0
2021-01-14,AIG,41.0,41.45000076293945,40.68000030517578,41.29999923706055,36.84950256347656,3984000.0
2021-01-15,AIG,40.880001068115234,41.5099983215332,40.529998779296875,41.349998474121094,36.89411926269531,7124400.0
2021-01-19,AIG,41.58000183105469,42.41999816894531,41.52000045776367,42.25,37.6971321105957,5159400.0
2021-01-20,AIG,42.22999954223633,42.56999969482422,42.0,42.08000183105469,37.545448303222656,6421300.0
2021-01-21,AIG,41.95000076293945,42.13999938964844,41.04999923706055,41.04999923706055,36.62643814086914,5608300.0
2021-01-22,AIG,40.529998779296875,40.93000030517578,39.959999084472656,40.08000183105469,35.7609748840332,4752300.0
2021-01-25,AIG,39.529998779296875,39.79999923706055,38.9900016784668,39.58000183105469,35.314849853515625,4084100.0
2021-01-26,AIG,39.869998931884766,39.939998626708984,39.0099983215332,39.11000061035156,34.8954963684082,3741300.0
2021-01-27,AIG,38.56999969482422,38.7400016784668,37.099998474121094,37.599998474121094,33.5482177734375,5772000.0
2021-01-28,AIG,38.060001373291016,38.93000030517578,37.93000030517578,38.47999954223633,34.33338928222656,5048200.0
2021-01-29,AIG,38.11000061035156,38.11000061035156,36.79999923706055,37.439998626708984,33.40545654296875,5291000.0
2021-02-01,AIG,37.72999954223633,37.90999984741211,36.869998931884766,37.41999816894531,33.387611389160156,3649500.0
2021-02-02,AIG,38.09000015258789,38.9900016784668,37.849998474121094,38.56999969482422,34.4136848449707,4878200.0
2021-02-03,AIG,38.529998779296875,39.349998474121094,38.47999954223633,38.95000076293945,34.752742767333984,4680700.0
2021-02-04,AIG,39.189998626708984,41.349998474121094,38.95000076293945,41.34000015258789,36.88519287109375,5088100.0
2021-02-05,AIG,41.81999969482422,41.93000030517578,41.18000030517578,41.68000030517578,37.18854522705078,3968200.0
2021-02-08,AIG,41.650001525878906,42.31999969482422,41.470001220703125,42.290000915527344,37.73282241821289,3899600.0
2021-02-09,AIG,42.119998931884766,42.5099983215332,41.75,42.13999938964844,37.59897994995117,3464700.0
2021-02-10,AIG,42.349998474121094,42.77000045776367,41.959999084472656,42.43000030517578,37.85773849487305,3705300.0
2021-02-11,AIG,42.33000183105469,42.529998779296875,41.290000915527344,41.599998474121094,37.1171760559082,3445600.0
2021-02-12,AIG,41.459999084472656,42.189998626708984,41.189998626708984,41.400001525878906,36.93872833251953,4154900.0
2021-02-16,AIG,41.7400016784668,42.630001068115234,41.5099983215332,42.150001525878906,37.60790252685547,4937300.0
2021-02-17,AIG,41.279998779296875,43.36000061035156,41.16999816894531,43.27000045776367,38.607215881347656,4872000.0
2021-02-18,AIG,42.459999084472656,43.0,41.4900016784668,42.11000061035156,37.57221984863281,4032600.0
2021-02-19,AIG,42.5,42.81999969482422,42.08000183105469,42.58000183105469,37.991573333740234,3664200.0
2021-02-22,AIG,42.5,44.349998474121094,42.459999084472656,44.099998474121094,39.34777069091797,6263200.0
2021-02-23,AIG,44.7400016784668,44.7400016784668,43.84000015258789,44.369998931884766,39.58867645263672,5021600.0
2021-02-24,AIG,44.5099983215332,45.959999084472656,44.459999084472656,45.43000030517578,40.534454345703125,4552800.0
2021-02-25,AIG,45.970001220703125,46.130001068115234,43.880001068115234,43.95000076293945,39.213932037353516,5388400.0
2021-02-26,AIG,45.0,45.25,43.630001068115234,43.95000076293945,39.213932037353516,6181100.0
2021-03-01,AIG,44.900001525878906,48.0,44.7599983215332,45.310001373291016,40.42739486694336,7864700.0
2021-03-02,AIG,45.2599983215332,46.279998779296875,45.220001220703125,45.959999084472656,41.007347106933594,4611100.0
2021-03-03,AIG,46.04999923706055,47.68000030517578,46.04999923706055,47.0099983215332,41.94419479370117,5633200.0
2021-03-04,AIG,47.18000030517578,47.58000183105469,44.97999954223633,46.27000045776367,41.283931732177734,4876400.0
2021-03-05,AIG,46.939998626708984,47.27000045776367,45.900001525878906,46.970001220703125,41.908504486083984,5327800.0
2021-03-08,AIG,47.61000061035156,48.220001220703125,47.13999938964844,47.2400016784668,42.149410247802734,5921200.0
2021-03-09,AIG,46.56999969482422,47.2400016784668,45.810001373291016,46.619998931884766,41.596221923828125,5638400.0
2021-03-10,AIG,46.970001220703125,48.0099983215332,46.70000076293945,47.849998474121094,42.69367218017578,3822600.0
2021-03-11,AIG,47.65999984741211,48.380001068115234,47.5,48.0099983215332,42.83643341064453,4514600.0
2021-03-12,AIG,48.84000015258789,48.91999816894531,48.290000915527344,48.439998626708984,43.220096588134766,3069500.0
2021-03-15,AIG,48.06999969482422,48.400001525878906,47.52000045776367,48.34000015258789,43.41769027709961,2994000.0
2021-03-16,AIG,47.939998626708984,48.0099983215332,46.880001068115234,47.33000183105469,42.510536193847656,4247300.0
2021-03-17,AIG,47.630001068115234,48.029998779296875,47.150001525878906,47.66999816894531,42.81591796875,5361400.0
2021-03-18,AIG,48.08000183105469,49.0,47.7400016784668,47.81999969482422,42.95064926147461,5577600.0
2021-03-19,AIG,47.4900016784668,47.619998931884766,46.560001373291016,46.83000183105469,42.06146240234375,7285700.0
2021-03-22,AIG,46.560001373291016,46.650001525878906,45.81999969482422,46.22999954223633,41.522552490234375,4907000.0
2021-03-23,AIG,45.720001220703125,46.189998626708984,44.79999923706055,44.97999954223633,40.39982986450195,3497800.0
2021-03-24,AIG,45.599998474121094,46.150001525878906,44.95000076293945,44.9900016784668,40.4088134765625,3813500.0
2021-03-25,AIG,45.060001373291016,46.599998474121094,44.540000915527344,46.5,41.76506042480469,4707200.0
2021-03-26,AIG,47.040000915527344,47.29999923706055,46.209999084472656,46.81999969482422,42.052467346191406,3801800.0
2021-03-29,AIG,46.130001068115234,47.060001373291016,45.93000030517578,46.58000183105469,41.836910247802734,4409400.0
2021-03-30,AIG,46.970001220703125,47.56999969482422,46.599998474121094,47.34000015258789,42.519527435302734,3525300.0
2021-03-31,AIG,46.93000030517578,47.380001068115234,46.189998626708984,46.209999084472656,41.50458526611328,4318700.0
2021-04-01,AIG,45.9900016784668,46.43000030517578,45.880001068115234,46.380001068115234,41.65727996826172,3547700.0
2021-04-05,AIG,46.95000076293945,47.15999984741211,46.5,46.75,41.989593505859375,3437700.0
2021-04-06,AIG,46.70000076293945,47.040000915527344,46.2400016784668,46.65999984741211,41.90876388549805,3753100.0
2021-04-07,AIG,46.68000030517578,47.099998474121094,46.470001220703125,47.08000183105469,42.2859992980957,2719700.0
2021-04-08,AIG,46.5,46.54999923706055,45.790000915527344,46.060001373291016,41.36986541748047,3474900.0
2021-04-09,AIG,46.45000076293945,46.650001525878906,46.040000915527344,46.599998474121094,41.85487365722656,3141600.0
2021-04-12,AIG,46.70000076293945,47.22999954223633,46.61000061035156,47.15999984741211,42.35784912109375,3095300.0
2021-04-13,AIG,46.720001220703125,47.09000015258789,46.25,46.689998626708984,41.93571853637695,2958100.0
2021-04-14,AIG,46.599998474121094,47.810001373291016,46.599998474121094,47.4900016784668,42.65425109863281,3391100.0
2021-04-15,AIG,47.47999954223633,47.47999954223633,46.43000030517578,46.65999984741211,41.90876388549805,4451900.0
2021-04-16,AIG,47.11000061035156,47.689998626708984,46.86000061035156,47.099998474121094,42.30396270751953,4369100.0
2021-04-19,AIG,47.13999938964844,47.279998779296875,46.38999938964844,46.72999954223633,41.97163391113281,2809200.0
2021-04-20,AIG,46.470001220703125,46.650001525878906,45.22999954223633,45.529998779296875,40.893821716308594,4262000.0
2021-04-21,AIG,45.38999938964844,46.79999923706055,45.189998626708984,46.7599983215332,41.99858474731445,3682500.0
2021-04-22,AIG,46.68000030517578,47.20000076293945,46.290000915527344,46.459999084472656,41.729129791259766,4388500.0
2021-04-23,AIG,46.619998931884766,47.54999923706055,46.349998474121094,47.34000015258789,42.519527435302734,3242100.0
2021-04-26,AIG,47.66999816894531,48.54999923706055,47.45000076293945,47.529998779296875,42.6901741027832,3203500.0
2021-04-27,AIG,47.380001068115234,48.52000045776367,47.380001068115234,48.439998626708984,43.50751495361328,3580400.0
2021-04-28,AIG,48.470001220703125,48.72999954223633,48.029998779296875,48.209999084472656,43.300926208496094,2703400.0
2021-04-29,AIG,48.75,49.41999816894531,48.56999969482422,48.939998626708984,43.95660400390625,3800600.0
2021-04-30,AIG,48.65999984741211,49.09000015258789,48.310001373291016,48.45000076293945,43.51649475097656,3201200.0
2021-05-03,AIG,48.97999954223633,49.459999084472656,48.650001525878906,49.04999923706055,44.05540084838867,2585600.0
2021-05-04,AIG,48.900001525878906,49.29999923706055,48.38999938964844,48.400001525878906,43.47158432006836,6640800.0
2021-05-05,AIG,48.459999084472656,49.08000183105469,48.06999969482422,48.869998931884766,43.89373016357422,8786400.0
2021-05-06,AIG,49.0,50.349998474121094,48.66999816894531,50.16999816894531,45.06135177612305,5557800.0
2021-05-07,AIG,50.16999816894531,51.5,49.689998626708984,51.189998626708984,45.97748565673828,5582200.0
2021-05-10,AIG,51.31999969482422,52.70000076293945,51.29999923706055,51.91999816894531,46.633148193359375,6870100.0
2021-05-11,AIG,51.720001220703125,51.86000061035156,49.91999816894531,50.380001068115234,45.249969482421875,4646600.0
2021-05-12,AIG,51.0099983215332,51.040000915527344,49.91999816894531,50.08000183105469,44.980525970458984,5970600.0
2021-05-13,AIG,49.709999084472656,51.2599983215332,49.709999084472656,50.849998474121094,45.67211151123047,5064400.0
2021-05-14,AIG,51.0,51.900001525878906,50.849998474121094,51.900001525878906,46.61519241333008,4844800.0
2021-05-17,AIG,51.75,51.900001525878906,51.060001373291016,51.56999969482422,46.31878662109375,3247900.0
2021-05-18,AIG,51.41999816894531,51.709999084472656,51.08000183105469,51.11000061035156,45.90563201904297,3856100.0
2021-05-19,AIG,50.470001220703125,50.7599983215332,49.54999923706055,50.66999816894531,45.51043701171875,4145500.0
2021-05-20,AIG,50.70000076293945,50.91999816894531,50.029998779296875,50.529998779296875,45.38469696044922,3123500.0
2021-05-21,AIG,50.75,51.689998626708984,50.75,51.310001373291016,46.08525466918945,4198800.0
2021-05-24,AIG,51.5,51.9900016784668,51.29999923706055,51.880001068115234,46.597232818603516,2600700.0
2021-05-25,AIG,51.9900016784668,52.540000915527344,50.689998626708984,50.79999923706055,45.627197265625,3569600.0
2021-05-26,AIG,51.27000045776367,51.52000045776367,50.720001220703125,51.369998931884766,46.13916778564453,2516500.0
2021-05-27,AIG,52.02000045776367,52.79999923706055,51.81999969482422,52.709999084472656,47.342708587646484,6287700.0
2021-05-28,AIG,52.81999969482422,52.93000030517578,51.939998626708984,52.84000015258789,47.459468841552734,3116300.0
2021-06-01,AIG,53.33000183105469,53.83000183105469,53.119998931884766,53.54999923706055,48.09717559814453,5278200.0
2021-06-02,AIG,53.970001220703125,54.08000183105469,53.02000045776367,53.040000915527344,47.63911056518555,4146700.0
2021-06-03,AIG,52.95000076293945,53.68000030517578,52.7400016784668,53.540000915527344,48.088199615478516,4030000.0
2021-06-04,AIG,53.4900016784668,53.4900016784668,52.83000183105469,53.41999816894531,47.98041534423828,2851700.0
2021-06-07,AIG,53.459999084472656,53.529998779296875,52.869998931884766,53.06999969482422,47.666053771972656,2460700.0
2021-06-08,AIG,52.66999816894531,53.380001068115234,52.290000915527344,53.22999954223633,47.80976104736328,2227500.0
2021-06-09,AIG,52.79999923706055,52.880001068115234,52.13999938964844,52.15999984741211,46.84870910644531,2946900.0
2021-06-10,AIG,52.90999984741211,53.099998474121094,51.52000045776367,51.56999969482422,46.31878662109375,2213500.0
2021-06-11,AIG,51.83000183105469,52.150001525878906,51.70000076293945,52.02000045776367,46.72297668457031,3521800.0
2021-06-14,AIG,51.560001373291016,51.88999938964844,50.849998474121094,51.099998474121094,46.18073654174805,3130900.0
2021-06-15,AIG,51.150001525878906,51.90999984741211,50.9900016784668,51.529998779296875,46.569332122802734,3705300.0
2021-06-16,AIG,51.36000061035156,51.97999954223633,50.849998474121094,51.68000030517578,46.704898834228516,4259200.0
2021-06-17,AIG,51.869998931884766,51.91999816894531,48.709999084472656,48.77000045776367,44.075035095214844,5797500.0
2021-06-18,AIG,47.849998474121094,48.08000183105469,46.83000183105469,46.849998474121094,42.339866638183594,10722200.0
2021-06-21,AIG,47.2599983215332,47.7599983215332,47.22999954223633,47.75,43.153228759765625,7422800.0
2021-06-22,AIG,47.72999954223633,47.84000015258789,47.02000045776367,47.54999923706055,42.97248077392578,3181400.0
2021-06-23,AIG,47.560001373291016,48.060001373291016,47.439998626708984,47.72999954223633,43.13516616821289,2896400.0
2021-06-24,AIG,47.79999923706055,48.439998626708984,47.56999969482422,48.209999084472656,43.568939208984375,2818000.0
2021-06-25,AIG,48.470001220703125,49.22999954223633,48.29999923706055,49.02000045776367,44.300968170166016,3276300.0
2021-06-28,AIG,48.83000183105469,48.959999084472656,47.59000015258789,47.959999084472656,43.343013763427734,2961600.0
2021-06-29,AIG,48.349998474121094,48.709999084472656,47.18000030517578,47.400001525878906,42.836917877197266,2742500.0
2021-06-30,AIG,47.189998626708984,47.7400016784668,47.189998626708984,47.599998474121094,43.017669677734375,2586800.0
2021-07-01,AIG,48.029998779296875,48.560001373291016,47.77000045776367,48.27000045776367,43.623172760009766,2888400.0
2021-07-02,AIG,48.33000183105469,48.38999938964844,47.810001373291016,48.04999923706055,43.424354553222656,1995000.0
2021-07-06,AIG,47.52000045776367,47.689998626708984,46.31999969482422,46.61000061035156,42.12297439575195,3598600.0
2021-07-07,AIG,46.20000076293945,47.04999923706055,46.02000045776367,46.790000915527344,42.28564453125,4108200.0
2021-07-08,AIG,45.869998931884766,46.0,44.599998474121094,44.86000061035156,40.541446685791016,5412000.0
2021-07-09,AIG,45.869998931884766,47.08000183105469,45.529998779296875,46.869998931884766,42.35794448852539,5044800.0
2021-07-12,AIG,46.349998474121094,47.72999954223633,45.970001220703125,47.439998626708984,42.873069763183594,3450700.0
2021-07-13,AIG,47.400001525878906,47.54999923706055,46.68000030517578,46.72999954223633,42.231422424316406,2983400.0
2021-07-14,AIG,46.88999938964844,47.349998474121094,46.02000045776367,46.40999984741211,41.942222595214844,2792200.0
2021-07-15,AIG,47.5,48.20000076293945,47.02000045776367,48.06999969482422,43.44241714477539,7698900.0
2021-07-16,AIG,48.20000076293945,48.25,46.63999938964844,46.900001525878906,42.38505172729492,4384800.0
2021-07-19,AIG,45.5,45.779998779296875,44.540000915527344,44.93000030517578,40.604698181152344,5465300.0
2021-07-20,AIG,44.970001220703125,47.529998779296875,44.869998931884766,47.22999954223633,42.68328094482422,5131200.0
2021-07-21,AIG,47.650001525878906,48.970001220703125,47.650001525878906,48.290000915527344,43.64125061035156,3970900.0
2021-07-22,AIG,48.099998474121094,48.099998474121094,47.2400016784668,47.560001373291016,42.98151779174805,2815300.0
2021-07-23,AIG,47.970001220703125,48.349998474121094,47.130001068115234,47.310001373291016,42.755584716796875,3029600.0
2021-07-26,AIG,47.279998779296875,48.0099983215332,47.18000030517578,47.709999084472656,43.11708450317383,3026800.0
2021-07-27,AIG,47.08000183105469,47.810001373291016,46.779998779296875,47.41999816894531,42.85499954223633,2347700.0
2021-07-28,AIG,47.56999969482422,47.75,46.18000030517578,46.95000076293945,42.430240631103516,2956000.0
2021-07-29,AIG,47.56999969482422,47.9900016784668,47.0099983215332,47.869998931884766,43.26167678833008,3492500.0
2021-07-30,AIG,47.5,48.279998779296875,47.13999938964844,47.349998474121094,42.79174041748047,4695600.0
2021-08-02,AIG,47.869998931884766,48.84000015258789,47.279998779296875,47.369998931884766,42.80980682373047,2779100.0
2021-08-03,AIG,47.709999084472656,47.79999923706055,46.439998626708984,47.7400016784668,43.14418029785156,2346500.0
2021-08-04,AIG,47.040000915527344,47.63999938964844,46.77000045776367,47.09000015258789,42.556758880615234,3592100.0
2021-08-05,AIG,47.599998474121094,48.75,47.599998474121094,48.65999984741211,43.97562026977539,4686400.0
2021-08-06,AIG,50.25,51.380001068115234,50.0,50.95000076293945,46.045169830322266,4807600.0
2021-08-09,AIG,50.66999816894531,52.150001525878906,50.38999938964844,51.849998474121094,46.858524322509766,4388700.0
2021-08-10,AIG,51.86000061035156,53.40999984741211,51.86000061035156,53.13999938964844,48.02434539794922,7491300.0
2021-08-11,AIG,53.43000030517578,54.119998931884766,52.779998779296875,54.08000183105469,48.873863220214844,5623200.0
2021-08-12,AIG,54.25,54.58000183105469,53.630001068115234,53.880001068115234,48.69310760498047,3647700.0
2021-08-13,AIG,54.18000030517578,54.93000030517578,53.88999938964844,54.61000061035156,49.35282897949219,4675500.0
2021-08-16,AIG,54.2400016784668,54.83000183105469,53.72999954223633,54.61000061035156,49.35282897949219,4648600.0
2021-08-17,AIG,54.25,54.959999084472656,53.810001373291016,54.0099983215332,48.81059265136719,4490900.0
2021-08-18,AIG,53.75,54.900001525878906,53.529998779296875,53.7599983215332,48.58466339111328,5002900.0
2021-08-19,AIG,52.939998626708984,53.900001525878906,52.540000915527344,52.959999084472656,47.86167526245117,7291400.0
2021-08-20,AIG,53.040000915527344,53.83000183105469,52.720001220703125,53.56999969482422,48.41294479370117,4040800.0
2021-08-23,AIG,54.06999969482422,54.7599983215332,54.0,54.15999984741211,48.94615173339844,3738400.0
2021-08-24,AIG,54.15999984741211,54.689998626708984,53.88999938964844,54.36000061035156,49.12690353393555,3797600.0
2021-08-25,AIG,54.540000915527344,55.5,54.220001220703125,54.93000030517578,49.64204025268555,4019300.0
2021-08-26,AIG,55.08000183105469,55.130001068115234,53.9900016784668,54.02000045776367,48.819637298583984,3308100.0
2021-08-27,AIG,54.34000015258789,55.11000061035156,54.150001525878906,55.0099983215332,49.71432876586914,3485500.0
2021-08-30,AIG,55.04999923706055,55.04999923706055,54.0,54.02000045776367,48.819637298583984,3711400.0
2021-08-31,AIG,53.849998474121094,54.81999969482422,53.849998474121094,54.560001373291016,49.307647705078125,5703900.0
2021-09-01,AIG,54.689998626708984,54.81999969482422,54.209999084472656,54.58000183105469,49.32572937011719,4014300.0
2021-09-02,AIG,54.77000045776367,55.38999938964844,54.650001525878906,55.22999954223633,49.91314697265625,5228000.0
2021-09-03,AIG,55.150001525878906,55.41999816894531,54.59000015258789,55.099998474121094,49.79566192626953,4556800.0
2021-09-07,AIG,55.209999084472656,55.779998779296875,54.650001525878906,54.66999816894531,49.407047271728516,4783000.0
2021-09-08,AIG,54.5,55.0099983215332,54.29999923706055,54.810001373291016,49.53357696533203,3349300.0
2021-09-09,AIG,54.79999923706055,55.790000915527344,54.599998474121094,54.689998626708984,49.42512893676758,4669900.0
2021-09-10,AIG,55.16999816894531,55.380001068115234,54.400001525878906,54.439998626708984,49.199195861816406,3221700.0
2021-09-13,AIG,55.11000061035156,55.33000183105469,54.61000061035156,55.119998931884766,49.8137321472168,4962000.0
2021-09-14,AIG,55.34000015258789,55.38999938964844,54.27000045776367,54.43000030517578,49.19015884399414,5109600.0
2021-09-15,AIG,54.20000076293945,54.7599983215332,53.869998931884766,54.45000076293945,49.499244689941406,4194300.0
2021-09-16,AIG,54.470001220703125,55.060001373291016,54.04999923706055,54.349998474121094,49.40833282470703,3423200.0
2021-09-17,AIG,54.09000015258789,55.040000915527344,53.59000015258789,53.810001373291016,48.917442321777344,7278400.0
2021-09-20,AIG,52.22999954223633,53.310001373291016,52.0,53.22999954223633,48.39017868041992,7959300.0
2021-09-21,AIG,53.709999084472656,53.83000183105469,52.900001525878906,52.959999084472656,48.144718170166016,5580500.0
2021-09-22,AIG,53.83000183105469,54.13999938964844,53.459999084472656,53.709999084472656,48.82653045654297,4876600.0
2021-09-23,AIG,53.970001220703125,55.029998779296875,53.970001220703125,54.52000045776367,49.56288528442383,4444700.0
2021-09-24,AIG,54.619998931884766,55.209999084472656,54.31999969482422,54.810001373291016,49.82651138305664,5669300.0
2021-09-27,AIG,55.369998931884766,57.209999084472656,55.369998931884766,57.029998779296875,51.84467315673828,5232800.0
2021-09-28,AIG,57.08000183105469,57.540000915527344,55.869998931884766,55.9900016784668,50.89923095703125,5511600.0
2021-09-29,AIG,56.220001220703125,56.459999084472656,55.779998779296875,55.84000015258789,50.76286697387695,3289600.0
2021-09-30,AIG,55.97999954223633,56.119998931884766,54.880001068115234,54.88999938964844,49.89923858642578,4202000.0
2021-10-01,AIG,55.150001525878906,55.88999938964844,54.810001373291016,55.47999954223633,50.43560028076172,5871800.0
2021-10-04,AIG,55.380001068115234,56.70000076293945,55.33000183105469,55.81999969482422,50.74468231201172,5557000.0
2021-10-05,AIG,56.279998779296875,57.7400016784668,55.63999938964844,57.45000076293945,52.226478576660156,4845500.0
2021-10-06,AIG,56.93000030517578,57.45000076293945,56.06999969482422,57.31999969482422,52.10829162597656,3484300.0
2021-10-07,AIG,57.630001068115234,58.11000061035156,57.15999984741211,57.20000076293945,51.99920654296875,3749900.0
2021-10-08,AIG,57.11000061035156,57.9900016784668,57.11000061035156,57.61000061035156,52.3719367980957,2217200.0
2021-10-11,AIG,57.75,58.86000061035156,57.58000183105469,57.88999938964844,52.6264762878418,3104700.0
2021-10-12,AIG,57.79999923706055,58.43000030517578,57.27000045776367,57.400001525878906,52.1810188293457,2678600.0
2021-10-13,AIG,57.220001220703125,57.279998779296875,55.47999954223633,56.209999084472656,51.099212646484375,4125000.0
2021-10-14,AIG,57.040000915527344,57.779998779296875,56.470001220703125,57.77000045776367,52.51738739013672,4857000.0
2021-10-15,AIG,58.310001373291016,58.81999969482422,58.08000183105469,58.279998779296875,52.981014251708984,3931900.0
2021-10-18,AIG,58.22999954223633,58.5,57.61000061035156,57.88999938964844,52.6264762878418,3299000.0
2021-10-19,AIG,58.540000915527344,59.18000030517578,58.33000183105469,58.63999938964844,53.30828094482422,3217200.0
2021-10-20,AIG,58.36000061035156,59.7599983215332,58.130001068115234,59.61000061035156,54.19008255004883,3205000.0
2021-10-21,AIG,59.36000061035156,59.95000076293945,58.90999984741211,59.2599983215332,53.87190246582031,2794600.0
2021-10-22,AIG,59.63999938964844,60.15999984741211,59.31999969482422,60.0099983215332,54.55371856689453,3734100.0
2021-10-25,AIG,60.0,60.349998474121094,59.20000076293945,59.63999938964844,54.21735763549805,3157100.0
2021-10-26,AIG,59.720001220703125,60.0,59.16999816894531,59.22999954223633,53.844642639160156,2497400.0
2021-10-27,AIG,59.029998779296875,60.02000045776367,58.43000030517578,58.54999923706055,53.226470947265625,3984800.0
2021-10-28,AIG,58.81999969482422,59.95000076293945,58.81999969482422,59.900001525878906,54.453712463378906,2668200.0
2021-10-29,AIG,60.0,60.91999816894531,59.060001373291016,59.09000015258789,53.71736526489258,4668700.0
2021-11-01,AIG,59.709999084472656,60.369998931884766,59.619998931884766,60.189998626708984,54.717342376708984,2732100.0
2021-11-02,AIG,60.0,60.369998931884766,59.79999923706055,59.97999954223633,54.52643966674805,3318100.0
2021-11-03,AIG,59.70000076293945,61.79999923706055,59.66999816894531,61.08000183105469,55.52642822265625,4537700.0
2021-11-04,AIG,60.70000076293945,60.83000183105469,59.650001525878906,60.38999938964844,54.89916229248047,4685900.0
2021-11-05,AIG,62.0,62.540000915527344,58.709999084472656,58.959999084472656,53.599185943603516,6787500.0
2021-11-08,AIG,59.060001373291016,59.869998931884766,58.599998474121094,59.15999984741211,53.7809944152832,5118300.0
2021-11-09,AIG,58.79999923706055,59.529998779296875,58.27000045776367,58.7599983215332,53.4173698425293,3097700.0
2021-11-10,AIG,58.63999938964844,59.38999938964844,58.290000915527344,58.86000061035156,53.508277893066406,3645500.0
2021-11-11,AIG,58.810001373291016,59.290000915527344,58.77000045776367,58.86000061035156,53.508277893066406,3113300.0
2021-11-12,AIG,58.75,59.060001373291016,58.099998474121094,58.209999084472656,52.91737747192383,3538100.0
2021-11-15,AIG,58.38999938964844,58.59000015258789,57.869998931884766,58.09000015258789,52.808284759521484,3819900.0
2021-11-16,AIG,58.45000076293945,58.68000030517578,57.15999984741211,57.189998626708984,51.99011993408203,3772300.0
2021-11-17,AIG,56.97999954223633,57.31999969482422,56.59000015258789,56.95000076293945,51.77194595336914,4567200.0
2021-11-18,AIG,56.97999954223633,57.25,55.79999923706055,56.119998931884766,51.01740646362305,4568000.0
2021-11-19,AIG,55.20000076293945,55.709999084472656,54.709999084472656,54.95000076293945,49.95378875732422,4864300.0
2021-11-22,AIG,55.5,57.779998779296875,55.29999923706055,56.939998626708984,51.762847900390625,6027000.0
2021-11-23,AIG,57.54999923706055,59.34000015258789,57.529998779296875,58.900001525878906,53.544647216796875,7055100.0
2021-11-24,AIG,58.65999984741211,59.13999938964844,57.720001220703125,57.88999938964844,52.6264762878418,5072800.0
2021-11-26,AIG,55.310001373291016,56.529998779296875,53.849998474121094,56.04999923706055,50.95376968383789,4009600.0
2021-11-29,AIG,56.7599983215332,56.86000061035156,54.93000030517578,54.95000076293945,49.95378875732422,4800300.0
2021-11-30,AIG,54.31999969482422,54.31999969482422,52.36000061035156,52.599998474121094,47.81745147705078,10816400.0
2021-12-01,AIG,53.70000076293945,54.209999084472656,51.689998626708984,51.720001220703125,47.01747131347656,5845600.0
2021-12-02,AIG,52.20000076293945,54.25,52.20000076293945,53.959999084472656,49.053802490234375,6570900.0
2021-12-03,AIG,53.90999984741211,54.189998626708984,53.060001373291016,53.31999969482422,48.47199249267578,5056200.0
2021-12-06,AIG,54.20000076293945,55.4900016784668,54.09000015258789,54.77000045776367,49.790157318115234,6051100.0
2021-12-07,AIG,55.150001525878906,55.95000076293945,54.900001525878906,55.189998626708984,50.171966552734375,4852800.0
2021-12-08,AIG,55.369998931884766,55.650001525878906,54.790000915527344,54.970001220703125,49.971961975097656,4018600.0
2021-12-09,AIG,54.650001525878906,55.36000061035156,54.470001220703125,54.810001373291016,49.82651138305664,3716400.0
2021-12-10,AIG,55.09000015258789,55.20000076293945,54.130001068115234,54.38999938964844,49.444698333740234,4023500.0
2021-12-13,AIG,54.279998779296875,54.310001373291016,53.25,53.84000015258789,48.94470977783203,4304600.0
2021-12-14,AIG,53.75,55.09000015258789,53.650001525878906,54.65999984741211,49.69015121459961,5066200.0
2021-12-15,AIG,54.58000183105469,54.58000183105469,53.459999084472656,54.36000061035156,49.70844650268555,4523900.0
2021-12-16,AIG,54.93000030517578,55.81999969482422,54.619998931884766,55.279998779296875,50.549720764160156,6340200.0
2021-12-17,AIG,55.08000183105469,55.130001068115234,53.54999923706055,54.11000061035156,49.479835510253906,11164300.0
2021-12-20,AIG,53.209999084472656,53.220001220703125,51.849998474121094,52.90999984741211,48.38251876831055,4458400.0
2021-12-21,AIG,53.61000061035156,55.599998474121094,53.59000015258789,55.13999938964844,50.42169952392578,6431000.0
2021-12-22,AIG,55.0,55.619998931884766,54.900001525878906,55.27000045776367,50.54057312011719,4694000.0
2021-12-23,AIG,55.61000061035156,56.75,55.599998474121094,56.56999969482422,51.729331970214844,3980700.0
2021-12-27,AIG,56.65999984741211,57.040000915527344,56.2599983215332,56.900001525878906,52.031105041503906,2079300.0
2021-12-28,AIG,56.790000915527344,57.599998474121094,56.599998474121094,56.66999816894531,51.82077407836914,2449500.0
2021-12-29,AIG,56.63999938964844,57.13999938964844,56.560001373291016,56.779998779296875,51.921363830566406,1977500.0
2021-12-30,AIG,56.900001525878906,57.34000015258789,56.709999084472656,56.7400016784668,51.884788513183594,2144300.0
2021-12-31,AIG,56.70000076293945,57.22999954223633,56.650001525878906,56.86000061035156,51.99452209472656,2075300.0
2022-01-03,AIG,57.18000030517578,58.08000183105469,57.130001068115234,57.38999938964844,52.47916793823242,3376300.0
2022-01-04,AIG,58.25,59.47999954223633,58.029998779296875,59.0,53.95140075683594,5281300.0
2022-01-05,AIG,59.130001068115234,59.70000076293945,58.150001525878906,58.189998626708984,53.21071243286133,4639400.0
2022-01-06,AIG,59.2400016784668,59.52000045776367,57.790000915527344,59.189998626708984,54.1251335144043,6331600.0
2022-01-07,AIG,59.599998474121094,60.970001220703125,59.310001373291016,60.7400016784668,55.542518615722656,5318900.0
2022-01-10,AIG,61.119998931884766,61.560001373291016,59.83000183105469,61.40999984741211,56.15517807006836,7913200.0
2022-01-11,AIG,61.529998779296875,61.77000045776367,60.86000061035156,61.77000045776367,56.484375,6091500.0
2022-01-12,AIG,61.47999954223633,62.11000061035156,60.5099983215332,61.369998931884766,56.118595123291016,6150500.0
2022-01-13,AIG,61.790000915527344,62.25,61.54999923706055,61.869998931884766,56.57582092285156,3476900.0
2022-01-14,AIG,60.939998626708984,62.18000030517578,60.83000183105469,61.90999984741211,56.61238479614258,4465100.0
2022-01-18,AIG,62.0,62.18000030517578,60.7400016784668,60.900001525878906,55.688819885253906,4265200.0
2022-01-19,AIG,61.18000030517578,61.599998474121094,58.7400016784668,58.84000015258789,53.80509567260742,6354800.0
2022-01-20,AIG,59.029998779296875,60.84000015258789,58.59000015258789,58.84000015258789,53.80509567260742,5861700.0
2022-01-21,AIG,58.70000076293945,58.869998931884766,57.060001373291016,57.31999969482422,52.415157318115234,6608800.0
2022-01-24,AIG,56.65999984741211,57.66999816894531,54.38999938964844,57.459999084472656,52.54317855834961,7420100.0
2022-01-25,AIG,56.72999954223633,58.810001373291016,55.34000015258789,58.209999084472656,53.229000091552734,6163500.0
2022-01-26,AIG,58.86000061035156,59.5,56.779998779296875,57.630001068115234,52.698631286621094,6090700.0
2022-01-27,AIG,58.279998779296875,59.2400016784668,56.209999084472656,56.41999816894531,51.59217071533203,5398600.0
2022-01-28,AIG,56.0,57.040000915527344,55.56999969482422,56.959999084472656,52.085960388183594,5248600.0
2022-01-31,AIG,56.5,57.810001373291016,55.84000015258789,57.75,52.80836486816406,4187800.0
2022-02-01,AIG,57.83000183105469,59.27000045776367,57.5,59.11000061035156,54.0519905090332,3674700.0
2022-02-02,AIG,58.81999969482422,60.33000183105469,58.779998779296875,60.25,55.09443664550781,4796500.0
2022-02-03,AIG,60.290000915527344,60.790000915527344,59.349998474121094,59.4900016784668,54.399471282958984,3381600.0
2022-02-04,AIG,59.34000015258789,61.61000061035156,59.34000015258789,60.9900016784668,55.77112579345703,4165800.0
2022-02-07,AIG,61.119998931884766,62.40999984741211,61.119998931884766,61.790000915527344,56.50267028808594,3968100.0
2022-02-08,AIG,62.5,63.11000061035156,62.220001220703125,62.70000076293945,57.33479690551758,5242000.0
2022-02-09,AIG,62.849998474121094,63.540000915527344,62.349998474121094,62.40999984741211,57.069610595703125,4460100.0
2022-02-10,AIG,61.54999923706055,63.5,61.529998779296875,62.220001220703125,56.8958625793457,4926500.0
2022-02-11,AIG,62.220001220703125,62.93000030517578,60.099998474121094,60.7400016784668,55.542518615722656,7241100.0
2022-02-14,AIG,60.72999954223633,61.08000183105469,58.529998779296875,58.9900016784668,53.942256927490234,7294400.0
2022-02-15,AIG,59.7400016784668,60.72999954223633,59.2599983215332,60.380001068115234,55.213314056396484,4189300.0
2022-02-16,AIG,59.790000915527344,60.880001068115234,59.790000915527344,60.34000015258789,55.17674255371094,3416800.0
2022-02-17,AIG,59.95000076293945,61.84000015258789,59.560001373291016,61.380001068115234,56.12774658203125,6154900.0
2022-02-18,AIG,60.380001068115234,62.2400016784668,60.380001068115234,61.72999954223633,56.44780349731445,5488200.0
2022-02-22,AIG,62.0,62.880001068115234,61.20000076293945,61.61000061035156,56.33806610107422,5749500.0
2022-02-23,AIG,62.130001068115234,62.84000015258789,61.16999816894531,61.540000915527344,56.27406311035156,5102400.0
2022-02-24,AIG,59.349998474121094,60.59000015258789,58.18000030517578,60.380001068115234,55.213314056396484,6276600.0
2022-02-25,AIG,60.790000915527344,63.16999816894531,60.630001068115234,63.15999984741211,57.75543212890625,8694700.0
2022-02-28,AIG,61.25,62.2400016784668,60.70000076293945,61.2400016784668,55.99972915649414,7596600.0
2022-03-01,AIG,60.560001373291016,60.66999816894531,57.25,57.88999938964844,52.936378479003906,6478100.0
2022-03-02,AIG,58.75,61.31999969482422,58.75,61.040000915527344,55.81684494018555,6545000.0
2022-03-03,AIG,60.79999923706055,61.4900016784668,59.84000015258789,60.40999984741211,55.24074935913086,4260700.0
2022-03-04,AIG,59.0099983215332,59.09000015258789,56.72999954223633,57.47999954223633,52.561466217041016,7364100.0
2022-03-07,AIG,56.65999984741211,57.099998474121094,54.65999984741211,54.66999816894531,49.99191665649414,7982000.0
2022-03-08,AIG,55.459999084472656,57.41999816894531,54.900001525878906,55.459999084472656,50.71430969238281,7034500.0
2022-03-09,AIG,57.9900016784668,59.29999923706055,57.869998931884766,58.279998779296875,53.29301452636719,5984800.0
2022-03-10,AIG,57.29999923706055,58.369998931884766,56.36000061035156,56.97999954223633,52.104248046875,5247400.0
2022-03-11,AIG,57.779998779296875,58.470001220703125,56.900001525878906,57.0,52.122535705566406,3423600.0
2022-03-14,AIG,58.08000183105469,59.02000045776367,57.130001068115234,57.5099983215332,52.58889389038086,3734300.0
2022-03-15,AIG,58.060001373291016,58.90999984741211,57.25,58.54999923706055,53.5399055480957,3901300.0
2022-03-16,AIG,59.09000015258789,60.36000061035156,58.66999816894531,59.779998779296875,54.96506118774414,4346600.0
2022-03-17,AIG,59.09000015258789,60.95000076293945,58.9900016784668,60.939998626708984,56.03163528442383,4991100.0
2022-03-18,AIG,60.68000030517578,61.11000061035156,59.72999954223633,61.029998779296875,56.1143798828125,6258900.0
2022-03-21,AIG,61.540000915527344,62.04999923706055,60.959999084472656,61.7400016784668,56.76719665527344,6074000.0
2022-03-22,AIG,62.38999938964844,63.77000045776367,62.349998474121094,62.68000030517578,57.63147735595703,4486500.0
2022-03-23,AIG,62.349998474121094,62.88999938964844,61.81999969482422,61.849998474121094,56.86833572387695,3071200.0
2022-03-24,AIG,62.25,63.29999923706055,61.97999954223633,63.15999984741211,58.07282257080078,3185800.0
2022-03-25,AIG,63.25,64.52999877929688,63.16999816894531,64.4800033569336,59.28651428222656,3712200.0
2022-03-28,AIG,63.95000076293945,64.16000366210938,63.33000183105469,63.72999954223633,58.5969123840332,3486500.0
2022-03-29,AIG,64.58000183105469,64.9000015258789,62.47999954223633,63.04999923706055,57.971683502197266,4393200.0
2022-03-30,AIG,63.02000045776367,64.06999969482422,63.02000045776367,63.4900016784668,58.37623977661133,4424500.0
2022-03-31,AIG,63.2400016784668,64.12000274658203,62.77000045776367,62.77000045776367,57.71424102783203,4589800.0
2022-04-01,AIG,63.31999969482422,64.12999725341797,63.04999923706055,63.790000915527344,58.65208053588867,3802800.0
2022-04-04,AIG,63.439998626708984,63.65999984741211,62.220001220703125,62.540000915527344,57.502769470214844,2960800.0
2022-04-05,AIG,62.34000015258789,63.459999084472656,62.34000015258789,62.45000076293945,57.420005798339844,2906300.0
2022-04-06,AIG,62.310001373291016,63.040000915527344,61.66999816894531,61.810001373291016,56.8315544128418,3528000.0
2022-04-07,AIG,61.54999923706055,61.970001220703125,60.68000030517578,61.65999984741211,56.693634033203125,3506800.0
2022-04-08,AIG,62.29999923706055,63.470001220703125,61.9900016784668,63.13999938964844,58.05443572998047,3140900.0
2022-04-11,AIG,63.13999938964844,64.29000091552734,62.470001220703125,62.58000183105469,57.53954315185547,3398200.0
2022-04-12,AIG,62.83000183105469,63.619998931884766,62.15999984741211,62.45000076293945,57.420005798339844,3518300.0
2022-04-13,AIG,62.209999084472656,63.04999923706055,61.79999923706055,62.97999954223633,57.90731430053711,3386400.0
2022-04-14,AIG,62.91999816894531,63.91999816894531,62.79999923706055,63.029998779296875,57.95329666137695,4399900.0
2022-04-18,AIG,62.709999084472656,64.11000061035156,62.709999084472656,63.900001525878906,58.75322341918945,2088700.0
2022-04-19,AIG,64.13999938964844,64.62999725341797,63.189998626708984,63.61000061035156,58.48657989501953,5089100.0
2022-04-20,AIG,63.95000076293945,65.16000366210938,63.939998626708984,64.41000366210938,59.222145080566406,3432500.0
2022-04-21,AIG,65.05000305175781,65.7300033569336,63.040000915527344,63.130001068115234,58.04523849487305,4244300.0
2022-04-22,AIG,63.0,63.0,60.34000015258789,60.439998626708984,55.57190704345703,4865200.0
2022-04-25,AIG,60.0099983215332,60.0099983215332,57.900001525878906,59.68000030517578,54.87311553955078,6587500.0
2022-04-26,AIG,58.84000015258789,59.630001068115234,57.619998931884766,57.65999984741211,53.01581573486328,4261100.0
2022-04-27,AIG,57.869998931884766,59.4900016784668,57.459999084472656,59.119998931884766,54.358219146728516,4989600.0
2022-04-28,AIG,59.77000045776367,60.45000076293945,58.4900016784668,60.040000915527344,55.20412063598633,4623700.0
2022-04-29,AIG,59.7400016784668,60.130001068115234,58.33000183105469,58.5099983215332,53.79734802246094,5789500.0
2022-05-02,AIG,58.970001220703125,59.45000076293945,57.66999816894531,59.060001373291016,54.30305099487305,4276900.0
2022-05-03,AIG,59.560001373291016,60.290000915527344,58.33000183105469,59.529998779296875,54.735198974609375,8013100.0
2022-05-04,AIG,60.08000183105469,64.05000305175781,59.79999923706055,63.939998626708984,58.790000915527344,7814600.0
2022-05-05,AIG,62.93000030517578,63.720001220703125,61.439998626708984,62.119998931884766,57.11659240722656,6021000.0
2022-05-06,AIG,62.11000061035156,62.52000045776367,61.189998626708984,62.22999954223633,57.21773147583008,5885500.0
2022-05-09,AIG,61.61000061035156,62.33000183105469,59.2599983215332,59.61000061035156,54.808753967285156,6605600.0
2022-05-10,AIG,60.22999954223633,61.45000076293945,57.619998931884766,58.689998626708984,53.962852478027344,6476600.0
2022-05-11,AIG,58.72999954223633,60.77000045776367,58.5099983215332,58.61000061035156,53.88929748535156,4809500.0
2022-05-12,AIG,58.40999984741211,59.040000915527344,57.2400016784668,58.40999984741211,53.705413818359375,4914400.0
2022-05-13,AIG,59.02000045776367,59.54999923706055,58.209999084472656,58.560001373291016,53.84332275390625,6119400.0
2022-05-16,AIG,58.66999816894531,59.16999816894531,57.869998931884766,58.63999938964844,53.91687774658203,4838900.0
2022-05-17,AIG,59.900001525878906,60.5,59.5,60.279998779296875,55.42478942871094,3910900.0
2022-05-18,AIG,59.72999954223633,60.13999938964844,58.08000183105469,58.29999923706055,53.6042594909668,5678800.0
2022-05-19,AIG,57.5,58.849998474121094,57.45000076293945,57.900001525878906,53.23648452758789,4576300.0
2022-05-20,AIG,58.13999938964844,58.529998779296875,53.83000183105469,55.619998931884766,51.1401252746582,8977100.0
2022-05-23,AIG,56.560001373291016,57.54999923706055,56.08000183105469,56.93000030517578,52.344608306884766,7948900.0
2022-05-24,AIG,56.689998626708984,56.810001373291016,54.70000076293945,56.5099983215332,51.95844268798828,5889400.0
2022-05-25,AIG,56.31999969482422,57.630001068115234,56.16999816894531,56.66999816894531,52.105552673339844,5805900.0
2022-05-26,AIG,57.58000183105469,58.15999984741211,57.119998931884766,57.72999954223633,53.080177307128906,6122600.0
2022-05-27,AIG,57.849998474121094,59.0,57.630001068115234,59.0,54.247886657714844,3891100.0
2022-05-31,AIG,58.650001525878906,59.7599983215332,58.16999816894531,58.68000030517578,53.95366668701172,5639200.0
2022-06-01,AIG,58.939998626708984,59.18000030517578,57.09000015258789,57.84000015258789,53.18132400512695,6103000.0
2022-06-02,AIG,57.91999816894531,58.20000076293945,57.11000061035156,58.16999816894531,53.48473358154297,3987500.0
2022-06-03,AIG,57.7599983215332,58.2400016784668,57.09000015258789,57.290000915527344,52.67561721801758,4809200.0
2022-06-06,AIG,57.810001373291016,59.369998931884766,57.400001525878906,58.9900016784668,54.23869323730469,4094300.0
2022-06-07,AIG,58.56999969482422,59.709999084472656,58.060001373291016,59.40999984741211,54.6248664855957,4555900.0
2022-06-08,AIG,58.970001220703125,59.220001220703125,57.540000915527344,57.7400016784668,53.08937454223633,3908000.0
2022-06-09,AIG,57.7400016784668,57.7400016784668,55.869998931884766,55.880001068115234,51.37919235229492,6573800.0
2022-06-10,AIG,54.290000915527344,54.720001220703125,53.40999984741211,53.43000030517578,49.126522064208984,7237800.0
2022-06-13,AIG,52.459999084472656,53.040000915527344,51.209999084472656,51.630001068115234,47.471492767333984,6091700.0
2022-06-14,AIG,52.06999969482422,53.0,51.61000061035156,52.02000045776367,47.8300895690918,5894300.0
2022-06-15,AIG,52.52000045776367,52.90999984741211,51.040000915527344,52.04999923706055,48.15388488769531,6844700.0
2022-06-16,AIG,50.869998931884766,50.95000076293945,49.08000183105469,49.970001220703125,46.229583740234375,7600300.0
2022-06-17,AIG,50.099998474121094,51.70000076293945,49.9900016784668,51.459999084472656,47.60805130004883,17311400.0
2022-06-21,AIG,52.9900016784668,53.119998931884766,51.689998626708984,52.150001525878906,48.24641036987305,4745100.0
2022-06-22,AIG,51.09000015258789,52.33000183105469,51.02000045776367,51.380001068115234,47.534034729003906,5491100.0
2022-06-23,AIG,51.20000076293945,51.5,49.380001068115234,49.599998474121094,45.88727569580078,6695000.0
2022-06-24,AIG,50.130001068115234,52.91999816894531,50.02000045776367,52.77000045776367,48.81999206542969,7883300.0
2022-06-27,AIG,52.619998931884766,53.09000015258789,51.5,51.91999816894531,48.03361892700195,4527500.0
2022-06-28,AIG,52.689998626708984,53.40999984741211,51.77000045776367,51.810001373291016,47.931854248046875,3495500.0
2022-06-29,AIG,52.15999984741211,52.25,50.72999954223633,50.79999923706055,46.99745178222656,4804700.0
2022-06-30,AIG,50.02000045776367,51.5,49.459999084472656,51.130001068115234,47.30275344848633,4068700.0
2022-07-01,AIG,51.099998474121094,52.15999984741211,50.7400016784668,52.02000045776367,48.12613296508789,3363500.0
2022-07-05,AIG,50.709999084472656,51.130001068115234,49.650001525878906,51.130001068115234,47.30275344848633,4265900.0
2022-07-06,AIG,50.689998626708984,51.34000015258789,50.220001220703125,50.97999954223633,47.163978576660156,3714700.0
2022-07-07,AIG,51.790000915527344,52.369998931884766,51.68000030517578,51.790000915527344,47.91335678100586,4695300.0
2022-07-08,AIG,52.029998779296875,52.38999938964844,51.36000061035156,51.470001220703125,47.617305755615234,2751900.0
2022-07-11,AIG,51.0,51.869998931884766,50.95000076293945,51.45000076293945,47.59879684448242,3566500.0
2022-07-12,AIG,50.9900016784668,52.15999984741211,50.9900016784668,51.119998931884766,47.29350280761719,3686500.0
2022-07-13,AIG,50.45000076293945,51.040000915527344,49.97999954223633,50.65999984741211,46.86793518066406,4195400.0
2022-07-14,AIG,49.09000015258789,49.459999084472656,48.400001525878906,48.41999816894531,44.79560089111328,5263800.0
2022-07-15,AIG,49.33000183105469,50.529998779296875,48.75,50.08000183105469,46.33134841918945,4393000.0
2022-07-18,AIG,50.63999938964844,51.38999938964844,49.65999984741211,49.88999938964844,46.15556716918945,3431000.0
2022-07-19,AIG,50.7400016784668,52.099998474121094,50.709999084472656,51.7400016784668,47.86709976196289,3350000.0
2022-07-20,AIG,51.38999938964844,51.90999984741211,51.02000045776367,51.52000045776367,47.66356658935547,3556200.0
2022-07-21,AIG,51.279998779296875,51.650001525878906,50.720001220703125,51.630001068115234,47.765323638916016,2740500.0
2022-07-22,AIG,51.7400016784668,52.369998931884766,50.849998474121094,51.33000183105469,47.487789154052734,3051700.0
2022-07-25,AIG,51.77000045776367,52.43000030517578,51.380001068115234,52.04999923706055,48.15388488769531,3390300.0
2022-07-26,AIG,51.77000045776367,52.40999984741211,51.33000183105469,51.72999954223633,47.85784149169922,2729300.0
2022-07-27,AIG,52.11000061035156,52.79999923706055,51.619998931884766,52.52000045776367,48.588706970214844,2676400.0
2022-07-28,AIG,52.52000045776367,52.72999954223633,50.189998626708984,50.4900016784668,46.71065902709961,8878600.0
2022-07-29,AIG,50.650001525878906,51.95000076293945,50.650001525878906,51.77000045776367,47.89484405517578,6882500.0
2022-08-01,AIG,51.25,51.61000061035156,50.81999969482422,51.040000915527344,47.219486236572266,4589600.0
2022-08-02,AIG,50.959999084472656,51.66999816894531,50.63999938964844,50.709999084472656,46.9141960144043,4977000.0
2022-08-03,AIG,51.099998474121094,51.7400016784668,50.72999954223633,51.58000183105469,47.71907424926758,3495300.0
2022-08-04,AIG,51.45000076293945,51.86000061035156,51.060001373291016,51.119998931884766,47.29350280761719,3422500.0
2022-08-05,AIG,51.06999969482422,51.970001220703125,50.91999816894531,51.83000183105469,47.95035934448242,3359200.0
2022-08-08,AIG,52.400001525878906,52.88999938964844,52.099998474121094,52.27000045776367,48.357421875,4623400.0
2022-08-09,AIG,52.810001373291016,53.77000045776367,52.45000076293945,53.54999923706055,49.54161071777344,4988400.0
2022-08-10,AIG,54.29999923706055,55.04999923706055,54.29999923706055,54.91999816894531,50.809059143066406,4742200.0
2022-08-11,AIG,55.619998931884766,56.470001220703125,55.619998931884766,56.33000183105469,52.1135139465332,3986300.0
2022-08-12,AIG,56.29999923706055,57.439998626708984,56.29999923706055,57.40999984741211,53.1126708984375,4318100.0
2022-08-15,AIG,56.47999954223633,57.15999984741211,56.2599983215332,56.7599983215332,52.511322021484375,3152600.0
2022-08-16,AIG,56.59000015258789,57.459999084472656,56.4900016784668,57.290000915527344,53.001651763916016,3992000.0
2022-08-17,AIG,56.5,57.04999923706055,56.18000030517578,56.689998626708984,52.44656753540039,3090100.0
2022-08-18,AIG,56.849998474121094,57.5099983215332,56.75,57.33000183105469,53.03866195678711,2064700.0
2022-08-19,AIG,56.970001220703125,57.099998474121094,55.939998626708984,56.099998474121094,51.90073013305664,3783000.0
2022-08-22,AIG,55.27000045776367,55.310001373291016,54.0099983215332,54.040000915527344,49.99492645263672,3735000.0
2022-08-23,AIG,54.09000015258789,54.63999938964844,54.04999923706055,54.27000045776367,50.20771408081055,3682100.0
2022-08-24,AIG,54.0099983215332,54.5,53.720001220703125,54.31999969482422,50.25397491455078,2055900.0
2022-08-25,AIG,54.5,55.290000915527344,54.209999084472656,55.2599983215332,51.12360763549805,2507700.0
2022-08-26,AIG,55.5,55.619998931884766,52.95000076293945,53.0,49.03277587890625,5647800.0
2022-08-29,AIG,52.61000061035156,53.310001373291016,52.15999984741211,52.79999923706055,48.84774398803711,3082500.0
2022-08-30,AIG,52.9900016784668,53.02000045776367,52.040000915527344,52.38999938964844,48.46843719482422,2787000.0
2022-08-31,AIG,52.63999938964844,52.86000061035156,51.70000076293945,51.75,47.876338958740234,5946400.0
2022-09-01,AIG,51.54999923706055,52.400001525878906,51.11000061035156,52.34000015258789,48.422183990478516,3998600.0
2022-09-02,AIG,53.08000183105469,53.7400016784668,52.029998779296875,52.40999984741211,48.48694610595703,3702000.0
2022-09-06,AIG,52.810001373291016,53.369998931884766,51.63999938964844,52.36000061035156,48.44068145751953,4142700.0
2022-09-07,AIG,51.869998931884766,53.90999984741211,51.869998931884766,53.70000076293945,49.68037414550781,4000400.0
2022-09-08,AIG,53.560001373291016,54.560001373291016,53.20000076293945,54.33000183105469,50.263221740722656,3655900.0
2022-09-09,AIG,54.75,55.310001373291016,54.75,55.040000915527344,50.92007827758789,4631300.0
2022-09-12,AIG,55.900001525878906,56.63999938964844,55.5,56.529998779296875,52.29854965209961,3484600.0
2022-09-13,AIG,55.220001220703125,55.939998626708984,54.150001525878906,54.34000015258789,50.27247619628906,5155200.0
2022-09-14,AIG,54.439998626708984,55.040000915527344,53.560001373291016,54.20000076293945,50.1429557800293,4425400.0
2022-09-15,AIG,53.95000076293945,54.91999816894531,53.45000076293945,54.18000030517578,50.42214584350586,5775000.0
2022-09-16,AIG,53.9900016784668,53.9900016784668,52.720001220703125,53.650001525878906,49.92890930175781,11543400.0
2022-09-19,AIG,52.900001525878906,54.689998626708984,52.779998779296875,54.59000015258789,50.80370330810547,3212800.0
2022-09-20,AIG,54.0,54.34000015258789,52.459999084472656,53.40999984741211,49.705562591552734,6373400.0
2022-09-21,AIG,53.779998779296875,54.25,52.279998779296875,52.290000915527344,48.663238525390625,4928100.0
2022-09-22,AIG,52.59000015258789,52.650001525878906,51.099998474121094,51.209999084472656,47.658138275146484,4988700.0
2022-09-23,AIG,50.58000183105469,50.959999084472656,49.099998474121094,49.77000045776367,46.318016052246094,5500600.0
2022-09-26,AIG,49.2400016784668,50.02000045776367,48.09000015258789,48.40999984741211,45.05234909057617,5906300.0
2022-09-27,AIG,48.84000015258789,49.09000015258789,48.099998474121094,48.560001373291016,45.19194030761719,5674000.0
2022-09-28,AIG,48.40999984741211,49.25,48.29999923706055,48.77000045776367,45.38737106323242,9837700.0
2022-09-29,AIG,48.119998931884766,48.43000030517578,47.04999923706055,47.65999984741211,44.3543586730957,7362200.0
2022-09-30,AIG,47.56999969482422,48.650001525878906,47.310001373291016,47.47999954223633,44.18685531616211,5209200.0
2022-10-03,AIG,48.209999084472656,49.38999938964844,47.29999923706055,49.18000030517578,45.768943786621094,4998000.0
2022-10-04,AIG,50.0099983215332,51.7400016784668,49.9900016784668,51.709999084472656,48.12346267700195,4124500.0
2022-10-05,AIG,50.79999923706055,51.650001525878906,50.75,51.29999923706055,47.741905212402344,4040800.0
2022-10-06,AIG,50.86000061035156,51.29999923706055,50.59000015258789,50.7599983215332,47.23935317993164,3121600.0
2022-10-07,AIG,50.2400016784668,50.58000183105469,49.41999816894531,49.709999084472656,46.262176513671875,4097100.0
2022-10-10,AIG,49.810001373291016,50.06999969482422,48.220001220703125,48.439998626708984,45.08026123046875,7099000.0
2022-10-11,AIG,48.2400016784668,49.209999084472656,47.880001068115234,48.04999923706055,44.71731948852539,4796900.0
2022-10-12,AIG,49.0,49.7599983215332,48.54999923706055,48.959999084472656,45.5641975402832,3866100.0
2022-10-13,AIG,48.29999923706055,51.5099983215332,48.029998779296875,50.939998626708984,47.4068717956543,5168600.0
2022-10-14,AIG,51.15999984741211,52.06999969482422,50.43000030517578,50.709999084472656,47.19282531738281,5963500.0
2022-10-17,AIG,51.93000030517578,52.470001220703125,51.599998474121094,51.72999954223633,48.14207077026367,4148100.0
2022-10-18,AIG,52.9900016784668,53.31999969482422,52.0099983215332,52.599998474121094,48.95172882080078,5350800.0
2022-10-19,AIG,52.34000015258789,53.43000030517578,52.31999969482422,52.75,49.091331481933594,3600700.0
2022-10-20,AIG,52.150001525878906,52.970001220703125,51.54999923706055,51.849998474121094,48.253753662109375,4473700.0
2022-10-21,AIG,51.77000045776367,53.29999923706055,51.65999984741211,53.25,49.5566520690918,4078600.0
2022-10-24,AIG,53.560001373291016,54.560001373291016,53.5099983215332,54.349998474121094,50.58035659790039,3322800.0
2022-10-25,AIG,53.720001220703125,54.619998931884766,53.470001220703125,54.290000915527344,50.524513244628906,3899000.0
2022-10-26,AIG,54.689998626708984,54.97999954223633,54.08000183105469,54.220001220703125,50.45936965942383,3377000.0
2022-10-27,AIG,54.7599983215332,55.779998779296875,54.54999923706055,54.619998931884766,50.831626892089844,3573300.0
2022-10-28,AIG,54.91999816894531,56.900001525878906,54.689998626708984,56.79999923706055,52.86042022705078,4758700.0
2022-10-31,AIG,56.65999984741211,57.349998474121094,56.47999954223633,57.0,53.04656219482422,5647900.0
2022-11-01,AIG,57.400001525878906,58.13999938964844,57.029998779296875,57.06999969482422,53.11170196533203,6844400.0
2022-11-02,AIG,57.279998779296875,58.650001525878906,56.81999969482422,57.279998779296875,53.30713653564453,6611300.0
2022-11-03,AIG,56.27000045776367,58.150001525878906,56.11000061035156,57.61000061035156,53.61425018310547,5603300.0
2022-11-04,AIG,58.38999938964844,58.58000183105469,57.04999923706055,57.91999816894531,53.902748107910156,3443500.0
2022-11-07,AIG,58.439998626708984,59.310001373291016,58.0099983215332,59.16999816894531,55.06604766845703,3640800.0
2022-11-08,AIG,59.0,59.86000061035156,58.380001068115234,59.130001068115234,55.02881622314453,4511100.0
2022-11-09,AIG,58.7400016784668,59.41999816894531,58.38999938964844,58.459999084472656,54.4052848815918,3849400.0
2022-11-10,AIG,60.150001525878906,60.91999816894531,59.61000061035156,60.59000015258789,56.38755798339844,4974300.0
2022-11-11,AIG,60.90999984741211,61.15999984741211,60.029998779296875,60.38999938964844,56.20143127441406,6332200.0
2022-11-14,AIG,60.36000061035156,61.11000061035156,60.16999816894531,60.2400016784668,56.061832427978516,4687800.0
2022-11-15,AIG,61.099998474121094,61.83000183105469,60.25,60.540000915527344,56.341026306152344,6113300.0
2022-11-16,AIG,60.45000076293945,60.84000015258789,59.83000183105469,59.869998931884766,55.717498779296875,4581200.0
2022-11-17,AIG,58.9900016784668,59.65999984741211,58.77000045776367,59.439998626708984,55.317317962646484,5903100.0
2022-11-18,AIG,60.290000915527344,60.619998931884766,59.4900016784668,59.81999969482422,55.670963287353516,3381600.0
2022-11-21,AIG,59.7400016784668,60.36000061035156,59.2599983215332,60.11000061035156,55.94084930419922,3351800.0
2022-11-22,AIG,60.439998626708984,60.939998626708984,60.369998931884766,60.880001068115234,56.657440185546875,3149200.0
2022-11-23,AIG,60.59000015258789,61.34000015258789,60.59000015258789,60.959999084472656,56.731895446777344,2362400.0
2022-11-25,AIG,61.36000061035156,61.43000030517578,60.970001220703125,61.08000183105469,56.843570709228516,2160500.0
2022-11-28,AIG,60.540000915527344,61.25,60.540000915527344,60.7400016784668,56.527156829833984,3787500.0
2022-11-29,AIG,60.939998626708984,61.7400016784668,60.63999938964844,61.439998626708984,57.17860412597656,3526800.0
2022-11-30,AIG,61.02000045776367,63.220001220703125,60.709999084472656,63.11000061035156,58.73277282714844,10713100.0
2022-12-01,AIG,63.38999938964844,63.43000030517578,62.54999923706055,63.099998474121094,58.72346878051758,6331900.0
2022-12-02,AIG,62.54999923706055,63.060001373291016,62.369998931884766,62.75,58.39773941040039,4422000.0
2022-12-05,AIG,62.33000183105469,62.63999938964844,61.119998931884766,61.529998779296875,57.262359619140625,5058400.0
2022-12-06,AIG,61.61000061035156,61.75,61.04999923706055,61.689998626708984,57.41126251220703,3616100.0
2022-12-07,AIG,61.4900016784668,62.7400016784668,61.13999938964844,62.029998779296875,57.72768020629883,5662900.0
2022-12-08,AIG,62.45000076293945,62.5,61.75,62.2599983215332,57.94172668457031,5963800.0
2022-12-09,AIG,62.040000915527344,62.939998626708984,61.56999969482422,62.5099983215332,58.17438888549805,5261200.0
2022-12-12,AIG,62.65999984741211,63.599998474121094,62.29999923706055,63.5099983215332,59.10503387451172,4785900.0
2022-12-13,AIG,64.62000274658203,64.80000305175781,63.279998779296875,63.560001373291016,59.15156173706055,5533900.0
2022-12-14,AIG,63.41999816894531,64.08999633789062,62.36000061035156,62.65999984741211,58.60905456542969,6048200.0
2022-12-15,AIG,61.779998779296875,62.38999938964844,61.459999084472656,62.209999084472656,58.188148498535156,8012000.0
2022-12-16,AIG,61.689998626708984,62.7599983215332,61.38999938964844,62.56999969482422,58.52488327026367,13078300.0
2022-12-19,AIG,62.58000183105469,63.099998474121094,61.290000915527344,61.470001220703125,57.495994567871094,6757300.0
2022-12-20,AIG,61.86000061035156,63.2400016784668,61.290000915527344,62.79999923706055,58.7400016784668,4214000.0
2022-12-21,AIG,63.47999954223633,63.88999938964844,63.2400016784668,63.33000183105469,59.235740661621094,3367500.0
2022-12-22,AIG,63.150001525878906,63.27000045776367,61.529998779296875,62.400001525878906,58.365875244140625,3715800.0
2022-12-23,AIG,62.380001068115234,63.20000076293945,62.11000061035156,63.15999984741211,59.07673645019531,2344200.0
2022-12-27,AIG,63.38999938964844,63.45000076293945,62.97999954223633,63.33000183105469,59.235740661621094,2329800.0
2022-12-28,AIG,63.47999954223633,63.63999938964844,62.86000061035156,62.88999938964844,58.82419204711914,2763800.0
2022-12-29,AIG,63.20000076293945,63.7599983215332,62.90999984741211,63.630001068115234,59.516353607177734,1793400.0
2022-12-30,AIG,63.2599983215332,63.459999084472656,62.939998626708984,63.2400016784668,59.15156173706055,2351600.0
2023-01-03,AIG,63.45000076293945,63.869998931884766,62.619998931884766,62.93000030517578,58.861602783203125,3363500.0
2023-01-04,AIG,63.5,64.55999755859375,63.18000030517578,63.86000061035156,59.731475830078125,3763600.0
2023-01-05,AIG,63.91999816894531,64.08000183105469,63.0,63.5099983215332,59.404109954833984,3902300.0
2023-01-06,AIG,64.08999633789062,64.5999984741211,63.7599983215332,64.55000305175781,60.37687683105469,2893400.0
2023-01-09,AIG,64.76000213623047,64.87999725341797,63.77000045776367,63.869998931884766,59.74083709716797,3014000.0
2023-01-10,AIG,63.77000045776367,63.970001220703125,63.20000076293945,63.45000076293945,59.347984313964844,6056000.0
2023-01-11,AIG,63.41999816894531,63.790000915527344,63.25,63.459999084472656,59.35734176635742,5409500.0
2023-01-12,AIG,63.79999923706055,64.22000122070312,63.5,63.68000030517578,59.56311798095703,5012000.0
2023-01-13,AIG,63.15999984741211,64.4800033569336,62.91999816894531,64.41000366210938,60.24592971801758,2369500.0
2023-01-17,AIG,64.05999755859375,64.37999725341797,63.61000061035156,63.779998779296875,59.656654357910156,3765300.0
2023-01-18,AIG,63.70000076293945,64.02999877929688,62.130001068115234,62.209999084472656,58.188148498535156,3565300.0
2023-01-19,AIG,61.900001525878906,62.2400016784668,61.400001525878906,61.720001220703125,57.72982406616211,4435300.0
2023-01-20,AIG,61.75,62.47999954223633,60.7599983215332,62.470001220703125,58.431339263916016,3343100.0
2023-01-23,AIG,62.43000030517578,63.13999938964844,62.279998779296875,63.099998474121094,59.02061080932617,2354500.0
2023-01-24,AIG,63.400001525878906,63.40999984741211,62.04999923706055,63.15999984741211,59.07673645019531,4874900.0
2023-01-25,AIG,62.599998474121094,63.68000030517578,62.439998626708984,63.5,59.39474868774414,5565000.0
2023-01-26,AIG,63.900001525878906,64.05000305175781,63.36000061035156,63.97999954223633,59.843727111816406,3335200.0
2023-01-27,AIG,63.47999954223633,63.900001525878906,63.189998626708984,63.33000183105469,59.235740661621094,2294200.0
2023-01-30,AIG,63.06999969482422,63.47999954223633,63.0,63.16999816894531,59.086082458496094,2080700.0
2023-01-31,AIG,62.47999954223633,63.27000045776367,61.7599983215332,63.220001220703125,59.13285446166992,4342000.0
2023-02-01,AIG,62.54999923706055,62.7599983215332,60.83000183105469,61.22999954223633,57.27151107788086,6371800.0
2023-02-02,AIG,61.0099983215332,61.099998474121094,58.45000076293945,59.029998779296875,55.21373748779297,10982200.0
2023-02-03,AIG,58.9900016784668,59.279998779296875,58.16999816894531,58.75,54.95184326171875,6736100.0
2023-02-06,AIG,58.459999084472656,60.0,58.29999923706055,59.959999084472656,56.08361053466797,3895400.0
2023-02-07,AIG,59.560001373291016,60.869998931884766,59.5,60.61000061035156,56.69158935546875,3394200.0
2023-02-08,AIG,60.22999954223633,61.4900016784668,59.97999954223633,60.970001220703125,57.02831268310547,6025800.0
2023-02-09,AIG,61.439998626708984,61.70000076293945,60.66999816894531,60.869998931884766,56.93478012084961,3747700.0
2023-02-10,AIG,60.79999923706055,61.38999938964844,60.75,61.31999969482422,57.35568618774414,3096900.0
2023-02-13,AIG,61.349998474121094,62.06999969482422,61.220001220703125,61.959999084472656,57.95431137084961,3838500.0
2023-02-14,AIG,61.66999816894531,61.97999954223633,61.04999923706055,61.52000045776367,57.54275894165039,3756200.0
2023-02-15,AIG,61.25,61.90999984741211,60.93000030517578,61.83000183105469,57.83272933959961,4141500.0
2023-02-16,AIG,61.61000061035156,63.06999969482422,61.22999954223633,62.15999984741211,58.14138412475586,5064500.0
2023-02-17,AIG,61.869998931884766,62.150001525878906,60.4900016784668,60.81999969482422,56.88800811767578,5737000.0
2023-02-21,AIG,60.630001068115234,60.900001525878906,59.29999923706055,59.720001220703125,55.859130859375,4858600.0
2023-02-22,AIG,59.310001373291016,60.86000061035156,59.15999984741211,60.65999984741211,56.73835754394531,5810400.0
2023-02-23,AIG,61.0,61.369998931884766,59.81999969482422,60.310001373291016,56.41098403930664,4010400.0
2023-02-24,AIG,59.849998474121094,60.349998474121094,59.470001220703125,60.16999816894531,56.280033111572266,4102100.0
2023-02-27,AIG,60.58000183105469,61.060001373291016,60.310001373291016,60.650001525878906,56.72901153564453,3591500.0
2023-02-28,AIG,60.79999923706055,61.38999938964844,60.61000061035156,61.11000061035156,57.15926742553711,6205100.0
2023-03-01,AIG,61.15999984741211,61.7400016784668,60.83000183105469,60.959999084472656,57.01896286010742,4360100.0
2023-03-02,AIG,60.529998779296875,60.790000915527344,59.75,60.029998779296875,56.14908981323242,4008200.0
2023-03-03,AIG,60.400001525878906,60.400001525878906,59.720001220703125,60.20000076293945,56.3080940246582,3783500.0
2023-03-06,AIG,60.060001373291016,60.54999923706055,59.90999984741211,60.34000015258789,56.439048767089844,4597200.0
2023-03-07,AIG,60.349998474121094,60.40999984741211,58.11000061035156,58.4900016784668,54.708648681640625,3540600.0
2023-03-08,AIG,58.65999984741211,58.77000045776367,56.810001373291016,57.349998474121094,53.64234161376953,5651400.0
2023-03-09,AIG,57.400001525878906,57.5,55.41999816894531,55.79999923706055,52.19255447387695,7252100.0
2023-03-10,AIG,54.88999938964844,55.0,52.83000183105469,53.150001525878906,49.71388626098633,11354000.0
2023-03-13,AIG,51.029998779296875,51.220001220703125,49.11000061035156,50.06999969482422,46.833003997802734,13489800.0
2023-03-14,AIG,52.29999923706055,52.45000076293945,50.720001220703125,51.119998931884766,47.815120697021484,8186600.0
2023-03-15,AIG,48.83000183105469,49.47999954223633,46.939998626708984,47.959999084472656,44.859405517578125,10302500.0
2023-03-16,AIG,46.93000030517578,50.349998474121094,46.77000045776367,50.189998626708984,47.26057434082031,13158000.0
2023-03-17,AIG,49.4900016784668,49.54999923706055,47.130001068115234,47.2400016784668,44.48275375366211,11535600.0
2023-03-20,AIG,47.869998931884766,49.439998626708984,47.810001373291016,48.849998474121094,45.998783111572266,7182100.0
2023-03-21,AIG,50.349998474121094,51.380001068115234,50.34000015258789,51.25,48.25870132446289,9632500.0
2023-03-22,AIG,51.029998779296875,51.25,48.709999084472656,48.75,45.90461730957031,5609100.0
2023-03-23,AIG,48.72999954223633,48.939998626708984,46.61000061035156,47.15999984741211,44.40742492675781,6555000.0
2023-03-24,AIG,46.04999923706055,47.36000061035156,45.65999984741211,47.34000015258789,44.5769157409668,6564500.0
2023-03-27,AIG,48.34000015258789,48.5099983215332,47.31999969482422,47.459999084472656,44.68991470336914,8219100.0
2023-03-28,AIG,47.22999954223633,47.810001373291016,47.060001373291016,47.5,44.727577209472656,5140700.0
2023-03-29,AIG,48.4900016784668,48.72999954223633,47.9900016784668,48.70000076293945,45.857540130615234,5201600.0
2023-03-30,AIG,49.09000015258789,49.91999816894531,49.09000015258789,49.81999969482422,46.912166595458984,5933600.0
2023-03-31,AIG,50.220001220703125,50.4900016784668,49.959999084472656,50.36000061035156,47.420650482177734,5071600.0
2023-04-03,AIG,50.459999084472656,50.84000015258789,50.060001373291016,50.41999816894531,47.477142333984375,4324800.0
2023-04-04,AIG,51.029998779296875,51.09000015258789,48.90999984741211,49.869998931884766,46.95924758911133,3905400.0
2023-04-05,AIG,49.279998779296875,50.29999923706055,49.209999084472656,50.2400016784668,47.30765151977539,3467900.0
2023-04-06,AIG,50.470001220703125,51.27000045776367,50.470001220703125,51.08000183105469,48.09862518310547,3439200.0
2023-04-10,AIG,50.5,51.22999954223633,50.400001525878906,51.11000061035156,48.12687301635742,2933400.0
2023-04-11,AIG,51.29999923706055,51.65999984741211,50.97999954223633,51.20000076293945,48.21162033081055,4814100.0
2023-04-12,AIG,51.54999923706055,51.970001220703125,50.90999984741211,51.31999969482422,48.32461929321289,4391300.0
2023-04-13,AIG,50.970001220703125,51.810001373291016,50.540000915527344,51.619998931884766,48.60710144042969,5068700.0
2023-04-14,AIG,52.02000045776367,52.400001525878906,50.939998626708984,51.439998626708984,48.43761444091797,3463000.0
2023-04-17,AIG,51.15999984741211,51.9900016784668,50.689998626708984,51.91999816894531,48.88959884643555,4968000.0
2023-04-18,AIG,52.16999816894531,52.5,51.849998474121094,52.459999084472656,49.398075103759766,3168000.0
2023-04-19,AIG,52.45000076293945,53.349998474121094,52.119998931884766,53.16999816894531,50.06663131713867,3778900.0
2023-04-20,AIG,52.900001525878906,53.13999938964844,52.08000183105469,52.34000015258789,49.28508377075195,4668900.0
2023-04-21,AIG,52.0099983215332,52.189998626708984,50.91999816894531,51.54999923706055,48.54119110107422,3912800.0
2023-04-24,AIG,51.369998931884766,52.13999938964844,51.369998931884766,51.81999969482422,48.79542541503906,2975400.0
2023-04-25,AIG,51.119998931884766,51.529998779296875,50.72999954223633,50.95000076293945,47.97620391845703,2561800.0
2023-04-26,AIG,51.04999923706055,51.619998931884766,50.439998626708984,50.810001373291016,47.844383239746094,3127200.0
2023-04-27,AIG,51.099998474121094,52.310001373291016,51.0099983215332,52.13999938964844,49.09675598144531,2963800.0
2023-04-28,AIG,51.77000045776367,53.22999954223633,51.650001525878906,53.040000915527344,49.9442253112793,3508200.0
2023-05-01,AIG,52.59000015258789,53.720001220703125,52.5099983215332,53.09000015258789,49.991310119628906,2789600.0
2023-05-02,AIG,52.83000183105469,52.84000015258789,50.95000076293945,51.93000030517578,48.899009704589844,4165200.0
2023-05-03,AIG,52.189998626708984,52.63999938964844,51.209999084472656,51.349998474121094,48.352867126464844,3594400.0
2023-05-04,AIG,50.70000076293945,50.9900016784668,48.95000076293945,49.880001068115234,46.968666076660156,5424500.0
2023-05-05,AIG,54.16999816894531,54.599998474121094,52.41999816894531,53.790000915527344,50.650447845458984,7504700.0
2023-05-08,AIG,54.380001068115234,54.4900016784668,53.5099983215332,53.75,50.61277770996094,3567400.0
2023-05-09,AIG,53.209999084472656,53.630001068115234,53.02000045776367,53.099998474121094,50.00071716308594,4876100.0
2023-05-10,AIG,53.459999084472656,53.61000061035156,52.439998626708984,52.61000061035156,49.53932571411133,4853000.0
2023-05-11,AIG,52.040000915527344,53.0,51.93000030517578,52.810001373291016,49.727657318115234,4446200.0
2023-05-12,AIG,53.150001525878906,53.34000015258789,51.86000061035156,52.4900016784668,49.42633056640625,3076500.0
2023-05-15,AIG,52.88999938964844,52.93000030517578,52.06999969482422,52.540000915527344,49.473411560058594,2942900.0
2023-05-16,AIG,52.54999923706055,53.220001220703125,52.130001068115234,52.310001373291016,49.256839752197266,4336700.0
2023-05-17,AIG,52.86000061035156,54.09000015258789,52.86000061035156,53.7400016784668,50.60337448120117,4081400.0
2023-05-18,AIG,53.72999954223633,54.43000030517578,53.15999984741211,54.310001373291016,51.140098571777344,2533200.0
2023-05-19,AIG,54.7400016784668,54.849998474121094,53.56999969482422,53.849998474121094,50.70695114135742,2732400.0
2023-05-22,AIG,53.84000015258789,54.0099983215332,53.25,53.959999084472656,50.8105354309082,2632400.0
2023-05-23,AIG,55.400001525878906,56.900001525878906,55.25,55.77000045776367,52.51488494873047,6493800.0
2023-05-24,AIG,55.099998474121094,55.41999816894531,54.40999984741211,54.56999969482422,51.384925842285156,3211800.0
2023-05-25,AIG,54.439998626708984,54.66999816894531,53.540000915527344,53.68000030517578,50.546871185302734,3798500.0
2023-05-26,AIG,53.72999954223633,54.369998931884766,53.400001525878906,54.06999969482422,50.91410827636719,3115900.0
2023-05-30,AIG,54.13999938964844,54.77000045776367,53.68000030517578,54.720001220703125,51.52617263793945,2803900.0
2023-05-31,AIG,54.099998474121094,54.470001220703125,52.779998779296875,52.83000183105469,49.746490478515625,9756800.0
2023-06-01,AIG,53.27000045776367,53.88999938964844,53.06999969482422,53.7400016784668,50.60337448120117,3836400.0
2023-06-02,AIG,54.439998626708984,55.689998626708984,54.310001373291016,55.20000076293945,51.97815704345703,3782200.0
2023-06-05,AIG,55.08000183105469,55.08000183105469,54.15999984741211,54.22999954223633,51.06476593017578,3421300.0
2023-06-06,AIG,54.58000183105469,56.119998931884766,54.540000915527344,55.93000030517578,52.6655387878418,4290200.0
2023-06-07,AIG,56.189998626708984,57.0099983215332,55.52000045776367,56.72999954223633,53.418853759765625,3684200.0
2023-06-08,AIG,56.560001373291016,57.060001373291016,56.119998931884766,56.630001068115234,53.32468795776367,5151200.0
2023-06-09,AIG,56.349998474121094,57.0,56.189998626708984,56.880001068115234,53.560096740722656,3593500.0
2023-06-12,AIG,56.58000183105469,56.86000061035156,55.529998779296875,56.220001220703125,52.93862533569336,2926800.0
2023-06-13,AIG,56.349998474121094,57.41999816894531,56.20000076293945,56.630001068115234,53.32468795776367,3495400.0
2023-06-14,AIG,56.66999816894531,57.41999816894531,55.56999969482422,55.84000015258789,52.5807991027832,4211500.0
2023-06-15,AIG,54.959999084472656,57.06999969482422,54.91999816894531,56.619998931884766,53.661224365234375,4709000.0
2023-06-16,AIG,56.86000061035156,57.5099983215332,56.43000030517578,57.29999923706055,54.305686950683594,10319300.0
2023-06-20,AIG,56.70000076293945,57.15999984741211,55.939998626708984,56.08000183105469,53.14944839477539,4083000.0
2023-06-21,AIG,56.13999938964844,56.61000061035156,55.54999923706055,56.459999084472656,53.50958251953125,3984900.0
2023-06-22,AIG,56.709999084472656,56.7599983215332,55.29999923706055,55.970001220703125,53.04520034790039,3987100.0
2023-06-23,AIG,55.0099983215332,55.4900016784668,54.84000015258789,55.220001220703125,52.33438491821289,5255500.0
2023-06-26,AIG,55.380001068115234,56.11000061035156,55.099998474121094,55.66999816894531,52.76087188720703,3348900.0
2023-06-27,AIG,55.540000915527344,56.779998779296875,55.400001525878906,56.45000076293945,53.50011444091797,3349800.0
2023-06-28,AIG,56.2400016784668,56.52000045776367,55.68000030517578,56.459999084472656,53.50958251953125,3858300.0
2023-06-29,AIG,56.59000015258789,57.400001525878906,56.54999923706055,57.20000076293945,54.21091842651367,3862500.0
2023-06-30,AIG,57.90999984741211,57.95000076293945,57.349998474121094,57.540000915527344,54.53314971923828,3228900.0
2023-07-03,AIG,57.54999923706055,58.439998626708984,57.54999923706055,57.939998626708984,54.912254333496094,2257900.0
2023-07-05,AIG,57.34000015258789,57.77000045776367,56.880001068115234,57.709999084472656,54.69426727294922,2751800.0
2023-07-06,AIG,57.15999984741211,57.66999816894531,56.970001220703125,57.599998474121094,54.59001922607422,4172000.0
2023-07-07,AIG,57.279998779296875,58.72999954223633,57.279998779296875,58.20000076293945,55.15865707397461,3089500.0
2023-07-10,AIG,58.060001373291016,58.619998931884766,57.880001068115234,58.08000183105469,55.04494094848633,2758300.0
2023-07-11,AIG,58.060001373291016,58.970001220703125,58.060001373291016,58.75,55.679931640625,2681200.0
2023-07-12,AIG,59.459999084472656,59.7400016784668,58.58000183105469,58.650001525878906,55.58515167236328,2709800.0
2023-07-13,AIG,58.13999938964844,58.959999084472656,58.13999938964844,58.88999938964844,55.8126106262207,2544700.0
2023-07-14,AIG,59.279998779296875,59.34000015258789,57.36000061035156,57.650001525878906,54.63740539550781,3168000.0
2023-07-17,AIG,57.939998626708984,59.36000061035156,57.939998626708984,59.099998474121094,56.01163101196289,3859800.0
2023-07-18,AIG,58.970001220703125,59.65999984741211,58.95000076293945,59.369998931884766,56.26752471923828,4119400.0
2023-07-19,AIG,59.11000061035156,59.63999938964844,58.880001068115234,59.119998931884766,56.03058624267578,4605500.0
2023-07-20,AIG,59.5099983215332,60.2599983215332,59.5099983215332,60.2400016784668,57.09206008911133,3340000.0
2023-07-21,AIG,60.45000076293945,60.5,59.63999938964844,59.95000076293945,56.81721496582031,2455700.0
2023-07-24,AIG,59.560001373291016,60.68000030517578,59.5099983215332,60.2599983215332,57.11100769042969,2771700.0
2023-07-25,AIG,60.2599983215332,60.380001068115234,59.709999084472656,59.88999938964844,56.760345458984375,2816400.0
2023-07-26,AIG,60.22999954223633,61.13999938964844,59.90999984741211,60.84000015258789,57.660701751708984,3262800.0
2023-07-27,AIG,61.08000183105469,61.70000076293945,60.630001068115234,60.63999938964844,57.47115707397461,3178600.0
2023-07-28,AIG,61.20000076293945,61.31999969482422,59.58000183105469,60.15999984741211,57.016239166259766,3904800.0
2023-07-31,AIG,60.38999938964844,60.790000915527344,59.93000030517578,60.279998779296875,57.12997055053711,3675800.0
2023-08-01,AIG,60.38999938964844,60.459999084472656,59.959999084472656,60.380001068115234,57.2247428894043,3819100.0
2023-08-02,AIG,60.38999938964844,62.20000076293945,60.25,61.27000045776367,58.0682373046875,5055700.0
2023-08-03,AIG,61.29999923706055,61.45000076293945,60.959999084472656,61.13999938964844,57.94502639770508,3865000.0
2023-08-04,AIG,61.099998474121094,61.83000183105469,60.63999938964844,60.689998626708984,57.51853942871094,3240700.0
2023-08-07,AIG,61.13999938964844,62.31999969482422,61.13999938964844,61.90999984741211,58.67478942871094,2560700.0
2023-08-08,AIG,60.970001220703125,61.66999816894531,60.5,61.5,58.286216735839844,2277900.0
2023-08-09,AIG,61.380001068115234,61.56999969482422,60.310001373291016,60.34000015258789,57.18683624267578,2133400.0
2023-08-10,AIG,60.70000076293945,61.400001525878906,60.2599983215332,60.41999816894531,57.262657165527344,1895700.0
2023-08-11,AIG,60.0099983215332,60.83000183105469,59.810001373291016,60.529998779296875,57.36690902709961,1732200.0
2023-08-14,AIG,60.33000183105469,60.369998931884766,59.56999969482422,59.81999969482422,56.69400405883789,2207800.0
2023-08-15,AIG,59.150001525878906,59.189998626708984,58.5099983215332,58.779998779296875,55.708351135253906,2911100.0
2023-08-16,AIG,58.779998779296875,59.439998626708984,58.45000076293945,58.61000061035156,55.547237396240234,2305800.0
2023-08-17,AIG,58.869998931884766,59.04999923706055,57.79999923706055,58.060001373291016,55.02598190307617,2879300.0
2023-08-18,AIG,57.68000030517578,58.380001068115234,57.66999816894531,57.95000076293945,54.92171859741211,2584700.0
2023-08-21,AIG,58.06999969482422,58.22999954223633,57.380001068115234,57.790000915527344,54.77008819580078,1900400.0
2023-08-22,AIG,57.65999984741211,57.939998626708984,57.02000045776367,57.34000015258789,54.343605041503906,3135300.0
2023-08-23,AIG,57.470001220703125,57.68000030517578,57.13999938964844,57.619998931884766,54.608970642089844,2360600.0
2023-08-24,AIG,57.400001525878906,58.56999969482422,57.38999938964844,58.09000015258789,55.05440902709961,3379300.0
2023-08-25,AIG,58.209999084472656,58.560001373291016,57.4900016784668,57.849998474121094,54.82695770263672,2286900.0
2023-08-28,AIG,57.88999938964844,58.38999938964844,57.45000076293945,57.869998931884766,54.845909118652344,2048700.0
2023-08-29,AIG,58.04999923706055,58.45000076293945,57.59000015258789,58.349998474121094,55.300819396972656,3136100.0
2023-08-30,AIG,58.560001373291016,58.97999954223633,58.11000061035156,58.34000015258789,55.29133987426758,1865800.0
2023-08-31,AIG,58.459999084472656,58.599998474121094,58.119998931884766,58.52000045776367,55.46194839477539,3113300.0
2023-09-01,AIG,58.880001068115234,59.599998474121094,58.880001068115234,59.2400016784668,56.14431381225586,1995500.0
2023-09-05,AIG,58.970001220703125,59.7599983215332,58.599998474121094,58.599998474121094,55.53775405883789,2428600.0
2023-09-06,AIG,58.4900016784668,59.38999938964844,58.31999969482422,59.189998626708984,56.096923828125,2787400.0
2023-09-07,AIG,59.15999984741211,59.900001525878906,58.959999084472656,59.650001525878906,56.53288650512695,4405200.0
2023-09-08,AIG,59.540000915527344,60.15999984741211,59.310001373291016,59.65999984741211,56.54236602783203,2060600.0
2023-09-11,AIG,60.11000061035156,60.619998931884766,59.59000015258789,59.689998626708984,56.570796966552734,2719400.0
2023-09-12,AIG,59.869998931884766,60.95000076293945,59.7599983215332,60.56999969482422,57.404815673828125,2091300.0
2023-09-13,AIG,60.709999084472656,60.880001068115234,60.130001068115234,60.650001525878906,57.48063659667969,2723700.0
2023-09-14,AIG,61.0,61.380001068115234,60.689998626708984,61.20000076293945,58.34823226928711,2556400.0
2023-09-15,AIG,60.75,61.22999954223633,60.65999984741211,61.18000030517578,58.32916259765625,7130500.0
2023-09-18,AIG,61.279998779296875,61.91999816894531,60.7599983215332,61.68000030517578,58.80585861206055,2704300.0
2023-09-19,AIG,62.029998779296875,62.58000183105469,61.86000061035156,62.36000061035156,59.45417785644531,3029200.0
2023-09-20,AIG,62.650001525878906,62.939998626708984,62.2400016784668,62.31999969482422,59.416038513183594,3144900.0
2023-09-21,AIG,62.099998474121094,62.209999084472656,61.290000915527344,61.33000183105469,58.47216796875,3698300.0
2023-09-22,AIG,61.279998779296875,61.84000015258789,61.150001525878906,61.58000183105469,58.71052169799805,2670300.0
2023-09-25,AIG,61.47999954223633,62.2400016784668,61.47999954223633,62.130001068115234,59.23488998413086,1988900.0
2023-09-26,AIG,61.75,62.45000076293945,61.22999954223633,61.2599983215332,58.405433654785156,3072400.0
2023-09-27,AIG,61.43000030517578,61.540000915527344,60.25,61.0099983215332,58.16707992553711,2387600.0
2023-09-28,AIG,60.959999084472656,61.95000076293945,60.91999816894531,61.279998779296875,58.42449188232422,3172300.0
2023-09-29,AIG,61.11000061035156,61.400001525878906,60.220001220703125,60.599998474121094,57.77618408203125,2913900.0
2023-10-02,AIG,60.439998626708984,60.58000183105469,59.38999938964844,60.04999923706055,57.25181579589844,2982900.0
2023-10-03,AIG,59.79999923706055,59.93000030517578,58.349998474121094,58.63999938964844,55.90751647949219,2865500.0
2023-10-04,AIG,58.349998474121094,59.43000030517578,57.720001220703125,59.36000061035156,56.59396743774414,2980700.0
2023-10-05,AIG,59.13999938964844,60.63999938964844,59.06999969482422,60.150001525878906,57.34716033935547,4251700.0
2023-10-06,AIG,59.97999954223633,61.189998626708984,59.79999923706055,60.869998931884766,58.03360366821289,3304600.0
2023-10-09,AIG,60.619998931884766,61.25,60.5,61.09000015258789,58.24335479736328,1856900.0
2023-10-10,AIG,61.09000015258789,61.63999938964844,61.060001373291016,61.16999816894531,58.31962585449219,2472700.0
2023-10-11,AIG,61.189998626708984,61.77000045776367,60.81999969482422,61.529998779296875,58.6628532409668,3050900.0
2023-10-12,AIG,61.900001525878906,61.900001525878906,60.790000915527344,61.13999938964844,58.29102325439453,2739400.0
2023-10-13,AIG,61.59000015258789,62.0,60.72999954223633,61.09000015258789,58.24335479736328,2313300.0
2023-10-16,AIG,61.72999954223633,62.849998474121094,61.630001068115234,62.61000061035156,59.692535400390625,3022300.0
2023-10-17,AIG,62.5,63.650001525878906,62.439998626708984,63.18000030517578,60.235965728759766,3377000.0
2023-10-18,AIG,62.97999954223633,63.349998474121094,62.47999954223633,62.599998474121094,59.682987213134766,3269900.0
2023-10-19,AIG,62.33000183105469,62.63999938964844,61.060001373291016,61.16999816894531,58.31962585449219,2388000.0
2023-10-20,AIG,61.119998931884766,61.2599983215332,59.04999923706055,59.52000045776367,56.74650955200195,3142400.0
2023-10-23,AIG,59.38999938964844,59.40999984741211,58.689998626708984,58.97999954223633,56.2316780090332,2821100.0
2023-10-24,AIG,59.220001220703125,59.97999954223633,59.11000061035156,59.869998931884766,57.080204010009766,3001400.0
2023-10-25,AIG,59.90999984741211,61.279998779296875,59.90999984741211,60.959999084472656,58.11941146850586,3594000.0
2023-10-26,AIG,60.959999084472656,61.90999984741211,60.790000915527344,60.849998474121094,58.0145378112793,2788200.0
2023-10-27,AIG,60.79999923706055,60.869998931884766,59.119998931884766,59.529998779296875,56.75605010986328,3097600.0
2023-10-30,AIG,60.0,61.11000061035156,59.88999938964844,61.0,58.15755081176758,3075900.0
2023-10-31,AIG,60.81999969482422,61.54999923706055,60.81999969482422,61.310001373291016,58.453102111816406,3996400.0
2023-11-01,AIG,61.709999084472656,62.41999816894531,61.310001373291016,62.04999923706055,59.15862274169922,4790100.0
2023-11-02,AIG,62.970001220703125,64.77999877929688,62.900001525878906,64.36000061035156,61.36097717285156,7287200.0
2023-11-03,AIG,64.0,64.94000244140625,63.68000030517578,63.7400016784668,60.769874572753906,5002300.0
2023-11-06,AIG,63.52000045776367,64.5,63.52000045776367,63.939998626708984,60.96055221557617,3111900.0
2023-11-07,AIG,63.849998474121094,63.849998474121094,62.66999816894531,63.099998474121094,60.159690856933594,3392600.0
2023-11-08,AIG,63.099998474121094,63.33000183105469,62.52000045776367,62.58000183105469,59.66392517089844,2648100.0
2023-11-09,AIG,62.90999984741211,63.599998474121094,62.75,62.849998474121094,59.92134094238281,3118300.0
2023-11-10,AIG,63.08000183105469,63.91999816894531,62.959999084472656,63.81999969482422,60.84614181518555,3636300.0
2023-11-13,AIG,63.4900016784668,64.04000091552734,63.349998474121094,63.72999954223633,60.760337829589844,2492900.0
2023-11-14,AIG,64.05999755859375,64.77999877929688,63.790000915527344,64.20999908447266,61.21796798706055,4617200.0
2023-11-15,AIG,64.19999694824219,64.41000366210938,63.38999938964844,63.47999954223633,60.5219841003418,3436500.0
2023-11-16,AIG,63.56999969482422,64.18000030517578,63.56999969482422,64.12000274658203,61.132171630859375,3166400.0
2023-11-17,AIG,64.37999725341797,64.73999786376953,64.11000061035156,64.4800033569336,61.47538757324219,3343800.0
2023-11-20,AIG,63.9900016784668,64.66000366210938,63.790000915527344,64.36000061035156,61.36097717285156,2472600.0
2023-11-21,AIG,64.47000122070312,65.30000305175781,64.47000122070312,64.97000122070312,61.94255828857422,2852800.0
2023-11-22,AIG,64.94000244140625,65.26000213623047,64.58999633789062,64.97000122070312,61.94255828857422,1857800.0
2023-11-24,AIG,65.0999984741211,65.72000122070312,65.0199966430664,65.20999908447266,62.17136764526367,1457700.0
2023-11-27,AIG,64.9800033569336,65.41000366210938,64.93000030517578,65.25,62.209503173828125,2706700.0
2023-11-28,AIG,65.25,65.47000122070312,64.62000274658203,64.63999938964844,61.6279296875,2336600.0
2023-11-29,AIG,64.62999725341797,65.12000274658203,64.54000091552734,64.83000183105469,61.80908203125,2496700.0
2023-11-30,AIG,64.94000244140625,65.83000183105469,64.80999755859375,65.80999755859375,62.7434196472168,5325600.0
2023-12-01,AIG,65.66999816894531,66.47000122070312,65.44999694824219,65.97000122070312,62.89596176147461,3439000.0
2023-12-04,AIG,65.7300033569336,66.30000305175781,65.44999694824219,66.0,62.9245491027832,4116300.0
2023-12-05,AIG,65.80000305175781,66.44999694824219,65.73999786376953,65.9000015258789,62.82923126220703,3634100.0
2023-12-06,AIG,66.12999725341797,66.68000030517578,65.33000183105469,65.37000274658203,62.323917388916016,4221900.0
2023-12-07,AIG,65.68000030517578,65.8499984741211,64.80999755859375,65.41000366210938,62.362056732177734,3790000.0
2023-12-08,AIG,65.58000183105469,65.8499984741211,65.19999694824219,65.52999877929688,62.476463317871094,2922200.0
2023-12-11,AIG,65.55999755859375,66.54000091552734,65.44000244140625,66.18000030517578,63.09617233276367,3675200.0
2023-12-12,AIG,66.16999816894531,67.38999938964844,66.13999938964844,66.94999694824219,63.83028030395508,5163900.0
2023-12-13,AIG,66.55999755859375,67.36000061035156,66.26000213623047,67.2300033569336,64.44377899169922,3612000.0
2023-12-14,AIG,67.41999816894531,67.69000244140625,66.19000244140625,66.48999786376953,63.73444366455078,5215500.0
2023-12-15,AIG,65.80000305175781,66.9800033569336,65.69000244140625,66.01000213623047,63.27433395385742,7661900.0
2023-12-18,AIG,66.41999816894531,66.79000091552734,65.87999725341797,66.45999908447266,63.7056770324707,2710800.0
2023-12-19,AIG,67.20999908447266,67.62000274658203,66.69999694824219,67.44000244140625,64.64506530761719,4097000.0
2023-12-20,AIG,67.20999908447266,67.77999877929688,66.58000183105469,66.62000274658203,63.85905456542969,3759400.0
2023-12-21,AIG,66.63999938964844,66.95999908447266,65.77999877929688,66.56999969482422,63.81111526489258,2006600.0
2023-12-22,AIG,66.75,67.11000061035156,66.68000030517578,66.93000030517578,64.15620422363281,1518300.0
2023-12-26,AIG,66.91999816894531,67.31999969482422,66.72000122070312,67.12999725341797,64.34791564941406,2815700.0
2023-12-27,AIG,66.87000274658203,67.22000122070312,66.4000015258789,67.1500015258789,64.3670883178711,1507600.0
2023-12-28,AIG,67.41999816894531,67.9800033569336,67.4000015258789,67.87000274658203,65.0572509765625,2245800.0
2023-12-29,AIG,67.87000274658203,68.02999877929688,67.55999755859375,67.75,64.94221496582031,2498400.0
2024-01-02,AIG,67.3499984741211,68.87999725341797,67.3499984741211,68.83999633789062,65.98705291748047,3897700.0
2024-01-03,AIG,68.87000274658203,69.37000274658203,68.54000091552734,68.61000061035156,65.76658630371094,3970300.0
2024-01-04,AIG,68.87999725341797,69.76000213623047,68.58000183105469,68.62999725341797,65.78575134277344,4146100.0
2024-01-05,AIG,68.79000091552734,69.2300033569336,68.58000183105469,69.01000213623047,66.15000915527344,4870500.0
2024-01-08,AIG,69.08000183105469,69.18000030517578,67.80999755859375,68.22000122070312,65.39273834228516,4098100.0
2024-01-09,AIG,67.83999633789062,67.94999694824219,67.18000030517578,67.83000183105469,65.01891326904297,3479300.0
2024-01-10,AIG,67.48999786376953,67.86000061035156,67.26000213623047,67.58999633789062,64.78884887695312,2943400.0
2024-01-11,AIG,67.43000030517578,67.58999633789062,66.88999938964844,67.29000091552734,64.50128173828125,2788000.0
2024-01-12,AIG,67.4800033569336,67.80000305175781,67.02999877929688,67.5,64.70258331298828,2473100.0
2024-01-16,AIG,67.23999786376953,67.4000015258789,66.72000122070312,67.22000122070312,64.43419647216797,2906400.0
2024-01-17,AIG,66.66000366210938,67.88999938964844,66.66000366210938,66.75,63.98366928100586,3691200.0
2024-01-18,AIG,66.38999938964844,67.3499984741211,66.05999755859375,67.23999786376953,64.4533462524414,3580500.0
2024-01-19,AIG,67.87999725341797,69.2699966430664,67.69999694824219,68.83000183105469,65.97747039794922,5098600.0
2024-01-22,AIG,69.18000030517578,69.54000091552734,68.88999938964844,69.26000213623047,66.38964080810547,3091900.0
2024-01-23,AIG,69.26000213623047,69.43000030517578,68.97000122070312,69.0,66.14041900634766,2562200.0
2024-01-24,AIG,69.43000030517578,69.66000366210938,69.02999877929688,69.16000366210938,66.29378509521484,2736100.0
2024-01-25,AIG,69.62999725341797,69.93000030517578,68.81999969482422,68.9800033569336,66.1212387084961,3968400.0
2024-01-26,AIG,69.1500015258789,69.6500015258789,69.0,69.52999877929688,66.6484603881836,2564600.0
2024-01-29,AIG,69.41000366210938,69.69000244140625,69.04000091552734,69.37000274658203,66.49507904052734,3167200.0
2024-01-30,AIG,69.33000183105469,70.41000366210938,69.33000183105469,70.37999725341797,67.46322631835938,2966800.0
2024-01-31,AIG,70.55999755859375,71.06999969482422,69.5,69.51000213623047,66.6292953491211,3690900.0
2024-02-01,AIG,69.01000213623047,69.47000122070312,67.52999877929688,68.81999969482422,65.96788024902344,4304200.0
2024-02-02,AIG,69.08000183105469,70.04000091552734,68.97000122070312,69.62999725341797,66.74430084228516,2808900.0
2024-02-05,AIG,68.94000244140625,69.27999877929688,68.72000122070312,68.93000030517578,66.07331848144531,2929300.0
2024-02-06,AIG,68.7699966430664,69.36000061035156,68.5999984741211,68.7699966430664,65.91993713378906,2910400.0
2024-02-07,AIG,68.9800033569336,69.83999633789062,68.94000244140625,69.80999755859375,66.9168472290039,2844100.0
2024-02-08,AIG,69.7699966430664,69.7699966430664,67.95999908447266,68.41000366210938,65.57487487792969,5242200.0
2024-02-09,AIG,68.27999877929688,69.2300033569336,68.05999755859375,69.12000274658203,66.25544738769531,3217300.0
2024-02-12,AIG,69.4000015258789,70.18000030517578,69.26000213623047,69.7300033569336,66.84016418457031,3770600.0
2024-02-13,AIG,69.86000061035156,70.30000305175781,69.19999694824219,70.08999633789062,67.18524169921875,5328600.0
2024-02-14,AIG,72.19999694824219,73.27999877929688,68.7300033569336,69.16999816894531,66.3033676147461,7507300.0
2024-02-15,AIG,69.0199966430664,70.80999755859375,68.8499984741211,70.30000305175781,67.38654327392578,5656300.0
2024-02-16,AIG,70.1500015258789,70.79000091552734,69.69999694824219,70.04000091552734,67.13731384277344,5139600.0
2024-02-20,AIG,69.01000213623047,69.41999816894531,68.05000305175781,68.12999725341797,65.30647277832031,6814600.0
2024-02-21,AIG,68.63999938964844,69.0999984741211,68.1500015258789,68.68000030517578,65.83367156982422,3969200.0
2024-02-22,AIG,68.68000030517578,70.98999786376953,68.6500015258789,70.87999725341797,67.9425048828125,6031800.0
2024-02-23,AIG,71.0,71.91999816894531,70.87999725341797,71.31999969482422,68.36427307128906,4246100.0
2024-02-26,AIG,71.33999633789062,72.47000122070312,71.16999816894531,71.31999969482422,68.36427307128906,5154600.0
2024-02-27,AIG,71.25,72.0199966430664,71.25,71.94999694824219,68.96815490722656,3217500.0
2024-02-28,AIG,71.91999816894531,72.52999877929688,71.7300033569336,72.43000030517578,69.42826080322266,3557600.0
2024-02-29,AIG,72.69000244140625,73.0999984741211,72.01000213623047,72.88999938964844,69.86920928955078,5300200.0
2024-03-01,AIG,72.83999633789062,73.44000244140625,72.47000122070312,72.83999633789062,69.82128143310547,4631700.0
2024-03-04,AIG,72.29000091552734,73.26000213623047,72.27999877929688,73.16999816894531,70.1375961303711,4030400.0
2024-03-05,AIG,72.98999786376953,74.30000305175781,72.80999755859375,73.91999816894531,70.85651397705078,5310500.0
2024-03-06,AIG,73.7699966430664,74.97000122070312,73.13999938964844,74.8499984741211,71.74797821044922,5327400.0
2024-03-07,AIG,75.05000305175781,75.4800033569336,74.52999877929688,74.72000122070312,71.62336730957031,2945100.0
2024-03-08,AIG,74.70999908447266,74.88999938964844,74.29000091552734,74.41000366210938,71.32621002197266,2338500.0
2024-03-11,AIG,74.0999984741211,75.22000122070312,74.06999969482422,74.91000366210938,71.80548858642578,2336400.0
2024-03-12,AIG,74.91999816894531,76.04000091552734,74.79000091552734,75.88999938964844,72.74486541748047,3656000.0
2024-03-13,AIG,75.83999633789062,76.0999984741211,75.3499984741211,75.48999786376953,72.70634460449219,3645000.0
2024-03-14,AIG,75.44000244140625,76.0199966430664,74.83999633789062,75.8499984741211,73.05307006835938,3869100.0
2024-03-15,AIG,75.33000183105469,76.36000061035156,75.23999786376953,76.2699966430664,73.45759582519531,7185000.0
2024-03-18,AIG,76.16999816894531,76.5199966430664,75.12999725341797,75.33999633789062,72.56187438964844,6434600.0
2024-03-19,AIG,75.91000366210938,76.2699966430664,75.41999816894531,75.48999786376953,72.70634460449219,5565100.0
2024-03-20,AIG,75.62999725341797,76.80000305175781,75.4800033569336,76.73999786376953,73.9102554321289,4132900.0
2024-03-21,AIG,76.66999816894531,77.4800033569336,76.56999969482422,77.41000366210938,74.55555725097656,3860800.0
2024-03-22,AIG,77.44000244140625,77.62999725341797,76.23999786376953,76.37999725341797,73.56352233886719,2914400.0
2024-03-25,AIG,76.48999786376953,77.12000274658203,76.36000061035156,76.58999633789062,73.76578521728516,3286800.0
2024-03-26,AIG,76.70999908447266,77.43000030517578,76.43000030517578,77.38999938964844,74.5362777709961,3861900.0
2024-03-27,AIG,77.70999908447266,78.38999938964844,77.33000183105469,78.33999633789062,75.45125579833984,3474100.0
2024-03-28,AIG,78.51000213623047,78.69999694824219,78.13999938964844,78.16999816894531,75.28751373291016,4292900.0
2024-04-01,AIG,78.0,78.30000305175781,77.30000305175781,77.63999938964844,74.77705383300781,2329300.0
2024-04-02,AIG,77.61000061035156,78.29000091552734,77.36000061035156,78.0199966430664,75.14305114746094,3335100.0
2024-04-03,AIG,78.18000030517578,78.94999694824219,77.55999755859375,77.80000305175781,74.93116760253906,3380800.0
2024-04-04,AIG,78.2699966430664,78.91999816894531,76.41999816894531,76.62000274658203,73.794677734375,4013100.0
2024-04-05,AIG,76.93000030517578,77.86000061035156,76.69000244140625,77.70999908447266,74.844482421875,2999900.0
2024-04-08,AIG,77.8499984741211,78.23999786376953,77.5,77.8499984741211,74.97932434082031,3027600.0
2024-04-09,AIG,78.08999633789062,78.11000061035156,75.19000244140625,75.5199966430664,72.73523712158203,4389600.0
2024-04-10,AIG,75.08999633789062,75.68000030517578,74.33000183105469,75.31999969482422,72.54261016845703,4501500.0
2024-04-11,AIG,74.8499984741211,74.86000061035156,73.5999984741211,74.16999816894531,71.43502044677734,3833900.0
2024-04-12,AIG,74.0,74.6500015258789,73.19000244140625,73.68000030517578,70.96308135986328,4176500.0
2024-04-15,AIG,74.55999755859375,74.83999633789062,72.97000122070312,73.05000305175781,70.3563232421875,3584500.0
2024-04-16,AIG,73.5,74.55999755859375,72.5999984741211,73.80999755859375,71.08828735351562,4653000.0
2024-04-17,AIG,72.63999938964844,73.55000305175781,71.51000213623047,72.58000183105469,69.90365600585938,6222900.0
2024-04-18,AIG,73.16999816894531,73.5999984741211,72.7699966430664,72.98999786376953,70.29853057861328,3162100.0
2024-04-19,AIG,73.43000030517578,74.61000061035156,72.91000366210938,74.2300033569336,71.49281311035156,3510500.0
2024-04-22,AIG,74.66000366210938,75.37999725341797,74.12999725341797,74.95999908447266,72.19589233398438,2769900.0
2024-04-23,AIG,75.04000091552734,75.68000030517578,74.68000030517578,74.93000030517578,72.1669921875,3011200.0
2024-04-24,AIG,74.44000244140625,75.13999938964844,74.37000274658203,74.97000122070312,72.20551300048828,2684600.0
2024-04-25,AIG,74.68000030517578,75.04000091552734,74.19000244140625,74.62999725341797,71.8780517578125,2987100.0
2024-04-26,AIG,74.43000030517578,75.02999877929688,74.23999786376953,74.52999877929688,71.78173828125,5027200.0
2024-04-29,AIG,74.61000061035156,75.79000091552734,74.54000091552734,75.73999786376953,72.94712829589844,3582200.0
2024-04-30,AIG,75.48999786376953,75.66999816894531,75.08999633789062,75.30999755859375,72.53298950195312,3377300.0
2024-05-01,AIG,75.33999633789062,76.62000274658203,75.22000122070312,75.80999755859375,73.01454162597656,4548300.0
2024-05-02,AIG,78.22000122070312,79.69999694824219,76.91000366210938,78.0999984741211,75.22010803222656,6490300.0
2024-05-03,AIG,77.76000213623047,78.86000061035156,76.22000122070312,78.4800033569336,75.58609008789062,6715500.0
2024-05-06,AIG,79.11000061035156,80.12999725341797,78.80000305175781,79.97000122070312,77.02114868164062,4669100.0
2024-05-07,AIG,80.20999908447266,80.76000213623047,79.87999725341797,80.27999877929688,77.3197250366211,3644100.0
2024-05-08,AIG,80.25,80.62999725341797,79.86000061035156,79.88999938964844,76.944091796875,3137200.0
2024-05-09,AIG,79.58000183105469,80.30999755859375,79.30000305175781,79.87999725341797,76.9344711303711,3193300.0
2024-05-10,AIG,80.16999816894531,80.83000183105469,80.0,80.11000061035156,77.15597534179688,4034000.0
2024-05-13,AIG,80.11000061035156,80.45999908447266,78.9000015258789,78.98999786376953,76.07728576660156,3745800.0
2024-05-14,AIG,78.88999938964844,79.61000061035156,78.81999969482422,79.44000244140625,76.51068878173828,3141000.0
2024-05-15,AIG,79.01000213623047,79.5999984741211,78.37000274658203,78.9000015258789,75.9906005859375,2911300.0
2024-05-16,AIG,79.83000183105469,80.16000366210938,78.68000030517578,78.73999786376953,75.83650207519531,5725900.0
2024-05-17,AIG,79.02999877929688,80.7699966430664,78.83000183105469,80.54000091552734,77.57012939453125,6778800.0
2024-05-20,AIG,80.6500015258789,80.7300033569336,78.75,78.79000091552734,75.8846664428711,4312300.0
2024-05-21,AIG,78.79000091552734,79.38999938964844,78.58999633789062,78.68000030517578,75.77871704101562,2944300.0
2024-05-22,AIG,78.52999877929688,79.5199966430664,78.48999786376953,78.91000366210938,76.00022888183594,2949700.0
2024-05-23,AIG,78.63999938964844,78.6500015258789,77.05999755859375,77.58000183105469,74.71926879882812,2887800.0
2024-05-24,AIG,77.95999908447266,78.20999908447266,77.55999755859375,78.02999877929688,75.1526870727539,2045600.0
2024-05-28,AIG,77.93000030517578,77.93000030517578,76.7699966430664,77.36000061035156,74.50740051269531,3665300.0
2024-05-29,AIG,77.11000061035156,77.76000213623047,76.44000244140625,77.56999969482422,74.70965576171875,3747900.0
2024-05-30,AIG,77.4800033569336,78.66000366210938,77.27999877929688,78.25,75.36457824707031,2868200.0
2024-05-31,AIG,78.51000213623047,78.8499984741211,77.5999984741211,78.81999969482422,75.91355895996094,6188900.0
2024-06-03,AIG,78.7699966430664,79.05999755859375,77.16999816894531,78.31999969482422,75.4319839477539,3435700.0
2024-06-04,AIG,77.87000274658203,78.16000366210938,76.4000015258789,76.6500015258789,73.82357025146484,4187600.0
2024-06-05,AIG,76.77999877929688,77.11000061035156,75.69000244140625,75.9000015258789,73.10122680664062,4693400.0
2024-06-06,AIG,76.06999969482422,76.58000183105469,75.41000366210938,75.62000274658203,72.83155059814453,4163500.0
2024-06-07,AIG,75.7699966430664,76.69999694824219,75.7699966430664,76.0199966430664,73.21681213378906,4543600.0
2024-06-10,AIG,75.70999908447266,76.31999969482422,75.43000030517578,76.0199966430664,73.21681213378906,4630500.0
2024-06-11,AIG,75.56999969482422,75.70999908447266,73.76000213623047,74.20999908447266,71.47354888916016,4068900.0
2024-06-12,AIG,74.83999633789062,75.05999755859375,73.91999816894531,74.68000030517578,71.92620086669922,4089200.0
2024-06-13,AIG,74.51000213623047,74.66999816894531,73.54000091552734,74.11000061035156,71.37723541259766,4322200.0
2024-06-14,AIG,73.11000061035156,73.87000274658203,73.05999755859375,73.41999816894531,71.09640502929688,3298200.0
2024-06-17,AIG,73.43000030517578,74.01000213623047,72.88999938964844,73.9800033569336,71.63868713378906,3451200.0
2024-06-18,AIG,73.86000061035156,74.36000061035156,73.54000091552734,74.12999725341797,71.78394317626953,3919300.0
2024-06-20,AIG,74.23999786376953,74.91000366210938,73.91000366210938,74.87999725341797,72.51019287109375,4748000.0
2024-06-21,AIG,74.7300033569336,75.41999816894531,74.19000244140625,74.88999938964844,72.51988983154297,14037800.0
2024-06-24,AIG,75.04000091552734,76.44000244140625,74.8499984741211,76.01000213623047,73.60444641113281,4085800.0
2024-06-25,AIG,76.11000061035156,76.38999938964844,74.27999877929688,74.51000213623047,72.15191650390625,5295900.0
2024-06-26,AIG,73.6500015258789,74.70999908447266,72.95999908447266,74.48999786376953,72.13253784179688,6713300.0
2024-06-27,AIG,74.29000091552734,75.05000305175781,73.93000030517578,74.97000122070312,72.59735107421875,3531400.0
2024-06-28,AIG,74.5,75.08999633789062,73.62000274658203,74.23999786376953,71.89044952392578,9261700.0
2024-07-01,AIG,75.05000305175781,75.33999633789062,73.94000244140625,74.48999786376953,72.13253784179688,5714800.0
2024-07-02,AIG,74.0999984741211,75.44000244140625,73.87999725341797,75.33000183105469,72.94596862792969,3778700.0
2024-07-03,AIG,75.41999816894531,75.73999786376953,74.79000091552734,75.1500015258789,72.77167510986328,2341200.0
2024-07-05,AIG,75.0,75.05999755859375,73.61000061035156,73.87999725341797,71.54183959960938,3485200.0
2024-07-08,AIG,74.04000091552734,75.11000061035156,74.04000091552734,74.80999755859375,72.44242095947266,5067800.0
2024-07-09,AIG,74.76000213623047,76.54000091552734,74.68000030517578,75.75,73.35266876220703,4763000.0
2024-07-10,AIG,75.66999816894531,76.12999725341797,75.44000244140625,75.95999908447266,73.55602264404297,3280600.0
2024-07-11,AIG,76.08000183105469,77.04000091552734,76.01000213623047,76.95999908447266,74.52437591552734,4117800.0
2024-07-12,AIG,77.0999984741211,77.73999786376953,76.72000122070312,77.13999938964844,74.69867706298828,3491200.0
2024-07-15,AIG,77.05999755859375,77.87000274658203,77.05999755859375,77.62000274658203,75.16349792480469,4072700.0
2024-07-16,AIG,77.62999725341797,78.44999694824219,77.61000061035156,78.29000091552734,75.81229400634766,3874200.0
2024-07-17,AIG,78.31999969482422,79.56999969482422,78.31999969482422,78.58000183105469,76.09310913085938,5191500.0
2024-07-18,AIG,78.44000244140625,79.86000061035156,77.9000015258789,78.05999755859375,75.58956146240234,2988900.0
2024-07-19,AIG,77.91999816894531,77.91999816894531,74.16999816894531,74.41999816894531,72.06475830078125,7045200.0
2024-07-22,AIG,74.68000030517578,76.44000244140625,74.68000030517578,76.08000183105469,73.67222595214844,5171400.0
2024-07-23,AIG,76.08000183105469,77.0999984741211,75.94000244140625,76.87999725341797,74.44690704345703,3613900.0
2024-07-24,AIG,76.8499984741211,77.25,75.19999694824219,75.26000213623047,72.87818145751953,4129700.0
2024-07-25,AIG,75.77999877929688,76.4800033569336,75.08000183105469,75.25,72.8685073852539,5303700.0
2024-07-26,AIG,75.6500015258789,77.69999694824219,75.62999725341797,77.23999786376953,74.79550170898438,3681500.0
2024-07-29,AIG,77.56999969482422,78.33999633789062,77.22000122070312,77.9800033569336,75.51209259033203,3973800.0
2024-07-30,AIG,78.30000305175781,79.94999694824219,78.1500015258789,79.01000213623047,76.5094985961914,4736200.0
2024-07-31,AIG,78.93000030517578,79.94000244140625,78.81999969482422,79.2300033569336,76.72254180908203,4025100.0
2024-08-01,AIG,76.4800033569336,77.19000244140625,73.80999755859375,74.91000366210938,72.53926086425781,11090600.0
2024-08-02,AIG,74.0,74.58000183105469,71.69000244140625,71.97000122070312,69.69229888916016,7453100.0
2024-08-05,AIG,70.81999969482422,71.2300033569336,69.0,70.16000366210938,67.93959045410156,6335200.0
2024-08-06,AIG,70.18000030517578,71.83999633789062,70.11000061035156,71.23999786376953,68.98541259765625,4514600.0
2024-08-07,AIG,72.0,72.62999725341797,70.5,70.58000183105469,68.34629821777344,4821200.0
2024-08-08,AIG,70.80999755859375,72.63999938964844,70.5199966430664,72.13999938964844,69.85691833496094,4444600.0
2024-08-09,AIG,72.06999969482422,72.30999755859375,71.5,72.05999755859375,69.77944946289062,3541200.0
2024-08-12,AIG,72.3499984741211,72.72000122070312,71.38999938964844,71.61000061035156,69.34368896484375,3998000.0
2024-08-13,AIG,71.91999816894531,71.91999816894531,70.94000244140625,71.62999725341797,69.36305236816406,3076700.0
2024-08-14,AIG,71.83999633789062,73.20999908447266,71.58000183105469,72.91000366210938,70.60255432128906,2362600.0
2024-08-15,AIG,73.87999725341797,74.36000061035156,73.06999969482422,73.41999816894531,71.09640502929688,3019300.0
2024-08-16,AIG,73.62000274658203,73.97000122070312,73.18000030517578,73.55999755859375,71.23198699951172,6155400.0
2024-08-19,AIG,73.37999725341797,74.52999877929688,73.2699966430664,74.43000030517578,72.07444763183594,2307800.0
2024-08-20,AIG,74.25,74.45999908447266,73.7699966430664,73.87999725341797,71.54183959960938,2672300.0
2024-08-21,AIG,73.94000244140625,74.41999816894531,73.5,74.3499984741211,71.99697875976562,2823300.0
2024-08-22,AIG,74.5,75.05999755859375,74.41000366210938,74.76000213623047,72.39400482177734,2726400.0
2024-08-23,AIG,75.4000015258789,75.58000183105469,74.63999938964844,75.31999969482422,72.93627166748047,2387700.0
2024-08-26,AIG,75.55000305175781,75.95999908447266,74.54000091552734,74.61000061035156,72.2487564086914,2552800.0
2024-08-27,AIG,74.9800033569336,75.05999755859375,74.37000274658203,74.43000030517578,72.07444763183594,2628400.0
2024-08-28,AIG,74.25,75.7699966430664,74.20999908447266,75.5199966430664,73.12994384765625,2386200.0
2024-08-29,AIG,75.87999725341797,76.55000305175781,75.06999969482422,76.12000274658203,73.71096801757812,2435100.0
2024-08-30,AIG,76.37000274658203,77.11000061035156,75.9000015258789,77.05000305175781,74.61152648925781,4385400.0
2024-09-03,AIG,76.75,77.3499984741211,75.58999633789062,76.02999877929688,73.62381744384766,3440600.0
2024-09-04,AIG,76.38999938964844,76.77999877929688,76.04000091552734,76.69000244140625,74.26292419433594,3128500.0
2024-09-05,AIG,77.23999786376953,77.23999786376953,73.52999877929688,73.83999633789062,71.50310516357422,5059400.0
2024-09-06,AIG,73.70999908447266,74.73999786376953,71.2699966430664,71.91000366210938,69.63420867919922,7205400.0
2024-09-09,AIG,72.51000213623047,73.2300033569336,71.93000030517578,72.81999969482422,70.51539611816406,5544500.0
2024-09-10,AIG,73.06999969482422,73.0999984741211,71.01000213623047,72.30999755859375,70.02153778076172,4717000.0
2024-09-11,AIG,72.16999816894531,72.27999877929688,71.05000305175781,72.16000366210938,69.87628936767578,3441500.0
2024-09-12,AIG,72.41999816894531,73.19999694824219,71.83999633789062,73.18000030517578,70.86399841308594,2814300.0
2024-09-13,AIG,73.48999786376953,73.81999969482422,72.33000183105469,73.11000061035156,70.79621887207031,3661600.0
2024-09-16,AIG,73.30000305175781,73.73999786376953,72.7699966430664,73.0,71.0785903930664,4081500.0
2024-09-17,AIG,73.04000091552734,74.0199966430664,73.0,73.5999984741211,71.66279602050781,2675900.0
2024-09-18,AIG,73.70999908447266,74.11000061035156,73.08000183105469,73.30000305175781,71.37069702148438,3648100.0
2024-09-19,AIG,74.30000305175781,74.6500015258789,73.12999725341797,73.88999938964844,71.94515991210938,5346600.0
2024-09-20,AIG,73.44999694824219,73.94000244140625,73.06999969482422,73.76000213623047,71.81858825683594,15499800.0
2024-09-23,AIG,73.97000122070312,74.5199966430664,73.63999938964844,74.30000305175781,72.34437561035156,3770500.0
2024-09-24,AIG,73.83999633789062,74.23999786376953,73.30000305175781,73.41999816894531,71.4875259399414,4821100.0
2024-09-25,AIG,74.01000213623047,74.43000030517578,72.9800033569336,73.0199966430664,71.09806060791016,2789800.0
2024-09-26,AIG,73.02999877929688,73.62000274658203,72.8499984741211,73.12000274658203,71.1954345703125,2578900.0
2024-09-27,AIG,73.2300033569336,74.08000183105469,72.81999969482422,73.33999633789062,71.40963745117188,2851700.0
2024-09-30,AIG,73.30999755859375,73.31999969482422,72.18000030517578,73.2300033569336,71.30253601074219,3475400.0
2024-10-01,AIG,72.95999908447266,73.16999816894531,72.19000244140625,72.72000122070312,70.80596160888672,3619800.0
2024-10-02,AIG,72.66999816894531,73.0199966430664,72.16999816894531,72.44999694824219,70.5430679321289,3004400.0
2024-10-03,AIG,72.31999969482422,72.55999755859375,71.47000122070312,72.33999633789062,70.43596649169922,3303800.0
2024-10-04,AIG,73.12000274658203,76.16999816894531,72.79000091552734,76.05000305175781,74.04830932617188,4192600.0
2024-10-07,AIG,75.36000061035156,75.66999816894531,73.41000366210938,73.63999938964844,71.70174407958984,5018900.0
2024-10-08,AIG,73.91999816894531,75.01000213623047,73.76000213623047,74.62999725341797,72.66567993164062,3551700.0
2024-10-09,AIG,74.41999816894531,75.86000061035156,74.37999725341797,75.5999984741211,73.61015319824219,2499100.0
2024-10-10,AIG,77.38999938964844,77.44999694824219,76.06999969482422,76.52999877929688,74.51567840576172,3434200.0
2024-10-11,AIG,76.55999755859375,77.88999938964844,76.55999755859375,77.2300033569336,75.19725799560547,4322900.0
2024-10-14,AIG,77.47000122070312,77.93000030517578,77.23999786376953,77.62000274658203,75.57699584960938,2624000.0
2024-10-15,AIG,77.27999877929688,77.98999786376953,76.62000274658203,76.9800033569336,74.9538345336914,3340300.0
2024-10-16,AIG,77.19999694824219,77.69999694824219,76.68000030517578,77.13999938964844,75.109619140625,3144900.0
2024-10-17,AIG,78.5,79.25,77.70999908447266,79.19000244140625,77.10566711425781,5200600.0
2024-10-18,AIG,79.48999786376953,79.7699966430664,78.16000366210938,78.55000305175781,76.48251342773438,2658700.0
2024-10-21,AIG,78.55000305175781,78.80999755859375,77.36000061035156,77.55000305175781,75.50883483886719,2291200.0
2024-10-22,AIG,76.80999755859375,77.37000274658203,76.29000091552734,77.02999877929688,75.00251770019531,2872500.0
2024-10-23,AIG,77.0,77.58000183105469,76.70999908447266,77.43000030517578,75.3919906616211,2485500.0
2024-10-24,AIG,77.83000183105469,77.9000015258789,76.95999908447266,77.68000030517578,75.6353988647461,2025200.0
2024-10-25,AIG,78.01000213623047,78.0199966430664,76.29000091552734,76.81999969482422,74.79804229736328,3148000.0
2024-10-28,AIG,77.44000244140625,78.0199966430664,77.33000183105469,77.4800033569336,75.440673828125,3389900.0
2024-10-29,AIG,77.41000366210938,77.73999786376953,76.62999725341797,76.66000366210938,74.64225006103516,2772500.0
2024-10-30,AIG,76.98999786376953,77.98999786376953,76.75,76.83999633789062,74.81751251220703,2763500.0
2024-10-31,AIG,76.66999816894531,77.36000061035156,75.87000274658203,75.87999725341797,73.8827896118164,3509200.0
2024-11-01,AIG,75.86000061035156,76.98999786376953,75.63999938964844,75.72000122070312,73.72699737548828,3416300.0
2024-11-04,AIG,75.83999633789062,76.61000061035156,75.5,76.33000183105469,74.3209457397461,4528400.0
2024-11-05,AIG,75.73999786376953,77.0199966430664,74.18000030517578,75.38999938964844,73.40568542480469,6643000.0
2024-11-06,AIG,78.77999877929688,79.29000091552734,75.30999755859375,77.0199966430664,74.9927749633789,7202900.0
2024-11-07,AIG,76.52999877929688,77.12000274658203,75.86000061035156,76.58999633789062,74.5740966796875,5037500.0
2024-11-08,AIG,77.19000244140625,77.19000244140625,75.12999725341797,75.58000183105469,73.59068298339844,6826100.0
2024-11-11,AIG,76.22000122070312,77.30999755859375,75.31999969482422,75.37999725341797,73.39594268798828,4795400.0
2024-11-12,AIG,75.23999786376953,75.69999694824219,74.70999908447266,74.86000061035156,72.88963317871094,3900000.0
2024-11-13,AIG,74.81999969482422,76.22000122070312,74.70999908447266,76.08999633789062,74.08724975585938,4302300.0
2024-11-14,AIG,76.25,76.43000030517578,75.41999816894531,75.75,73.7562026977539,3285900.0
2024-11-15,AIG,75.88999938964844,76.86000061035156,75.37999725341797,75.7699966430664,73.77568054199219,5524200.0
2024-11-18,AIG,75.58000183105469,76.54000091552734,75.41999816894531,76.30999755859375,74.30146789550781,3277400.0
2024-11-19,AIG,75.38999938964844,75.68000030517578,74.77999877929688,75.30000305175781,73.31806182861328,3145100.0
2024-11-20,AIG,75.54000091552734,75.6500015258789,74.54000091552734,74.66000366210938,72.69490051269531,3998300.0
2024-11-21,AIG,74.66000366210938,76.23999786376953,74.52999877929688,75.9800033569336,73.98016357421875,4108000.0
2024-11-22,AIG,75.80000305175781,76.91999816894531,75.62999725341797,76.05999755859375,74.05804443359375,2853100.0
2024-11-25,AIG,76.73999786376953,77.2699966430664,75.79000091552734,75.94999694824219,73.95093536376953,6513200.0
2024-11-26,AIG,75.91999816894531,76.37999725341797,75.4000015258789,76.30000305175781,74.2917251586914,3640900.0
2024-11-27,AIG,76.47000122070312,77.58999633789062,76.4000015258789,77.13999938964844,75.109619140625,2461600.0
2024-11-29,AIG,77.0199966430664,77.70999908447266,76.83999633789062,76.87999725341797,74.85646057128906,1939700.0
2024-12-02,AIG,76.94000244140625,77.20999908447266,75.94999694824219,76.01000213623047,74.00936889648438,3544000.0
2024-12-03,AIG,76.37999725341797,76.4000015258789,75.08000183105469,75.0999984741211,73.12332153320312,3456600.0
2024-12-04,AIG,75.19000244140625,76.0,74.80000305175781,75.95999908447266,73.96067810058594,3234100.0
2024-12-05,AIG,76.16000366210938,76.91999816894531,75.87999725341797,76.13999938964844,74.13593292236328,4392700.0
2024-12-06,AIG,76.12000274658203,76.44000244140625,74.63999938964844,75.55999755859375,73.57120513916016,4292800.0
2024-12-09,AIG,75.55000305175781,76.16999816894531,73.93000030517578,74.08000183105469,72.13016510009766,4950500.0
2024-12-10,AIG,74.08000183105469,74.26000213623047,72.7300033569336,73.0,71.0785903930664,4323400.0
2024-12-11,AIG,73.37000274658203,73.69000244140625,72.54000091552734,73.63999938964844,71.70174407958984,4579300.0
2024-12-12,AIG,73.97000122070312,74.16000366210938,72.37000274658203,72.45999908447266,70.55279541015625,4692600.0
2024-12-13,AIG,72.86000061035156,73.51000213623047,72.45999908447266,72.87000274658203,70.95201873779297,3613000.0
2024-12-16,AIG,72.41000366210938,73.05000305175781,71.97000122070312,72.08999633789062,70.57996368408203,5695100.0
2024-12-17,AIG,71.2699966430664,71.7699966430664,70.91999816894531,71.22000122070312,69.72819519042969,6070700.0
2024-12-18,AIG,71.22000122070312,71.6500015258789,69.97000122070312,70.0,68.53374481201172,5767800.0
2024-12-19,AIG,70.52999877929688,71.95999908447266,70.51000213623047,71.08999633789062,69.60091400146484,6352400.0
2024-12-20,AIG,70.94999694824219,73.43000030517578,70.6500015258789,72.69000244140625,71.16741180419922,12134100.0
2024-12-23,AIG,72.12000274658203,72.56999969482422,71.94000244140625,72.47000122070312,70.95201873779297,2768900.0
2024-12-24,AIG,72.61000061035156,73.13999938964844,72.25,72.83999633789062,71.31426239013672,1295000.0
2024-12-26,AIG,72.61000061035156,73.55000305175781,72.3499984741211,73.33999633789062,71.80378723144531,1653000.0
2024-12-27,AIG,72.76000213623047,73.7699966430664,72.62000274658203,73.0,71.47090911865234,2488700.0
2024-12-30,AIG,72.01000213623047,73.0,71.97000122070312,72.55000305175781,71.03033447265625,3059500.0
2024-12-31,AIG,72.75,73.0999984741211,72.55000305175781,72.80000305175781,71.27510833740234,2063300.0
2025-01-02,AIG,73.30000305175781,73.44999694824219,72.58000183105469,72.9800033569336,71.45133209228516,2422000.0
2025-01-03,AIG,73.06999969482422,73.30000305175781,72.45999908447266,72.80999755859375,71.2848892211914,2964600.0
2025-01-06,AIG,73.06999969482422,73.94999694824219,72.30999755859375,72.47000122070312,70.95201873779297,3789200.0
2025-01-07,AIG,72.77999877929688,73.44000244140625,72.0999984741211,72.58999633789062,71.06949615478516,3235400.0
2025-01-08,AIG,71.86000061035156,71.86000061035156,69.5,71.43000030517578,69.93379211425781,6850300.0
2025-01-10,AIG,69.23999786376953,70.72000122070312,69.23999786376953,70.5,69.02326965332031,7175200.0
2025-01-13,AIG,70.05000305175781,70.87999725341797,69.97000122070312,70.83999633789062,69.35615539550781,4117800.0
2025-01-14,AIG,70.83999633789062,72.69000244140625,70.63999938964844,72.58999633789062,71.06949615478516,4827300.0
2025-01-15,AIG,73.70999908447266,74.01000213623047,72.73999786376953,73.06999969482422,71.53944396972656,3856500.0
2025-01-16,AIG,72.94999694824219,74.73999786376953,72.93000030517578,74.61000061035156,73.04718780517578,4627400.0
2025-01-17,AIG,74.81999969482422,75.69999694824219,74.66000366210938,75.08999633789062,73.51712799072266,4899400.0
2025-01-21,AIG,75.41000366210938,75.93000030517578,75.11000061035156,75.16999816894531,73.595458984375,3965200.0
2025-01-22,AIG,75.55999755859375,75.79000091552734,74.69999694824219,74.75,73.18424987792969,2484700.0
2025-01-23,AIG,74.73999786376953,75.20999908447266,74.55999755859375,74.5999984741211,73.03739929199219,3193100.0
2025-01-24,AIG,74.44000244140625,74.80999755859375,73.36000061035156,73.77999877929688,72.23456573486328,3628300.0
2025-01-27,AIG,74.0,76.13999938964844,73.9000015258789,76.11000061035156,74.5157699584961,4188800.0
2025-01-28,AIG,76.2300033569336,76.93000030517578,75.04000091552734,75.16999816894531,73.595458984375,2914700.0
2025-01-29,AIG,75.02999877929688,76.56999969482422,75.02999877929688,75.41000366210938,73.83043670654297,3340700.0
2025-01-30,AIG,75.86000061035156,76.01000213623047,75.0999984741211,75.41999816894531,73.84021759033203,3199800.0
2025-01-31,AIG,75.0,75.36000061035156,73.4000015258789,73.66000366210938,72.11708068847656,4453600.0
2025-02-03,AIG,72.66000366210938,73.48999786376953,71.73999786376953,73.0999984741211,71.56881713867188,4056200.0
2025-02-04,AIG,72.83999633789062,73.80999755859375,72.69000244140625,72.72000122070312,71.19677734375,2641400.0
2025-02-05,AIG,72.86000061035156,73.4800033569336,72.6500015258789,73.37999725341797,71.84294891357422,3148500.0
2025-02-06,AIG,74.18000030517578,74.69000244140625,73.29000091552734,74.58000183105469,73.01780700683594,3153400.0
2025-02-07,AIG,74.72000122070312,75.06999969482422,74.33999633789062,74.69000244140625,73.1255111694336,2904400.0
2025-02-10,AIG,74.80999755859375,75.43000030517578,74.69999694824219,75.08999633789062,73.51712799072266,3839700.0
2025-02-11,AIG,75.20999908447266,76.61000061035156,75.05000305175781,75.93000030517578,74.33953857421875,4672900.0
2025-02-12,AIG,75.23999786376953,76.97000122070312,73.62000274658203,76.86000061035156,75.25005340576172,5532400.0
2025-02-13,AIG,77.12999725341797,77.25,75.02999877929688,76.4000015258789,74.79969787597656,3641300.0
2025-02-14,AIG,76.0999984741211,76.30999755859375,73.94999694824219,74.33999633789062,72.7828369140625,5336400.0
2025-02-18,AIG,74.3499984741211,75.62999725341797,73.83999633789062,75.45999908447266,73.87937927246094,4305400.0
2025-02-19,AIG,75.12000274658203,75.80999755859375,73.80999755859375,75.27999877929688,73.70315551757812,4189900.0
2025-02-20,AIG,75.05000305175781,76.33000183105469,74.7699966430664,76.25,74.65283203125,5043800.0
2025-02-21,AIG,76.4000015258789,77.80999755859375,76.06999969482422,76.6500015258789,75.04446411132812,5936200.0
2025-02-24,AIG,76.95999908447266,79.0,76.94000244140625,78.56999969482422,76.92424011230469,4967900.0
2025-02-25,AIG,79.0,80.25,78.86000061035156,79.0199966430664,77.36480712890625,6206400.0
2025-02-26,AIG,79.0,79.30999755859375,77.83000183105469,78.16999816894531,76.53260803222656,3684600.0
2025-02-27,AIG,78.51000213623047,80.51000213623047,78.2699966430664,79.69000244140625,78.02078247070312,4883300.0
2025-02-28,AIG,80.0,83.0,79.98999786376953,82.94000244140625,81.20269775390625,10011800.0
2025-03-03,AIG,82.94000244140625,83.7699966430664,81.83000183105469,82.58999633789062,80.86003112792969,7009000.0
2025-03-04,AIG,81.68000030517578,82.1500015258789,79.4000015258789,79.8499984741211,78.17742919921875,8103800.0
2025-03-05,AIG,80.83000183105469,81.97000122070312,79.91000366210938,81.30999755859375,79.60684967041016,4689200.0
2025-03-06,AIG,80.91000366210938,81.72000122070312,80.3499984741211,81.27999877929688,79.57746124267578,4287300.0
2025-03-07,AIG,80.72000122070312,81.80999755859375,80.22000122070312,81.5199966430664,79.81243896484375,4439100.0
2025-03-10,AIG,80.87999725341797,82.93000030517578,80.5,81.91999816894531,80.20407104492188,5444400.0
2025-03-11,AIG,81.91999816894531,82.16999816894531,80.66999816894531,81.62999725341797,79.92013549804688,6174600.0
2025-03-12,AIG,81.70999908447266,81.75,79.5,80.37999725341797,78.69631958007812,4357000.0
2025-03-13,AIG,80.75,82.11000061035156,80.16999816894531,81.55000305175781,79.84182739257812,6233900.0
2025-03-14,AIG,81.55000305175781,83.54000091552734,80.5999984741211,83.12999725341797,81.38871765136719,6241300.0
2025-03-17,AIG,82.62999725341797,84.29000091552734,82.48999786376953,83.9000015258789,82.53976440429688,4710100.0
2025-03-18,AIG,83.91999816894531,84.98999786376953,83.55000305175781,84.04000091552734,82.677490234375,6080300.0
2025-03-19,AIG,84.06999969482422,84.52999877929688,83.20999908447266,83.66000366210938,82.30365753173828,6745900.0
2025-03-20,AIG,83.08999633789062,84.66000366210938,83.08999633789062,83.70999908447266,82.35283660888672,5679400.0
2025-03-21,AIG,83.2699966430664,83.98999786376953,82.58999633789062,83.18000030517578,81.83142852783203,15949400.0
2025-03-24,AIG,83.87000274658203,84.4000015258789,83.36000061035156,84.19999694824219,82.83489227294922,4379700.0
2025-03-25,AIG,84.4800033569336,84.88999938964844,83.30000305175781,83.91999816894531,82.55943298339844,3492400.0
2025-03-26,AIG,84.22000122070312,85.11000061035156,83.62000274658203,84.19000244140625,82.8250503540039,6965100.0
2025-03-27,AIG,84.56999969482422,85.05000305175781,83.56999969482422,84.41999816894531,83.05132293701172,5337700.0
2025-03-28,AIG,84.63999938964844,84.9000015258789,82.91000366210938,83.62000274658203,82.26429748535156,5574900.0
2025-03-31,AIG,84.5199966430664,87.51000213623047,84.30000305175781,86.94000244140625,85.53047180175781,9834100.0
2025-04-01,AIG,86.97000122070312,87.44000244140625,86.2699966430664,86.80999755859375,85.40258026123047,6705600.0
2025-04-02,AIG,86.0199966430664,88.06999969482422,85.81999969482422,87.72000122070312,86.29782104492188,4944200.0
2025-04-03,AIG,86.0,87.47000122070312,85.62000274658203,86.19999694824219,84.8024673461914,6291100.0
2025-04-04,AIG,84.16999816894531,84.55999755859375,78.2699966430664,78.94999694824219,77.67000579833984,6406300.0
2025-04-07,AIG,77.77999877929688,80.97000122070312,76.08999633789062,77.55999755859375,76.30254364013672,10099700.0
2025-04-08,AIG,79.04000091552734,81.22000122070312,76.63999938964844,77.66999816894531,76.41075897216797,7738800.0
2025-04-09,AIG,76.52999877929688,83.55000305175781,76.52999877929688,82.81999969482422,81.47726440429688,7565200.0
2025-04-10,AIG,81.1500015258789,83.06999969482422,79.63999938964844,81.3499984741211,80.03109741210938,4402300.0
2025-04-11,AIG,81.12999725341797,82.7300033569336,80.12999725341797,81.97000122070312,80.64105224609375,4039600.0
2025-04-14,AIG,83.0,83.91999816894531,81.37000274658203,81.5,80.17866516113281,6105600.0
2025-04-15,AIG,81.94999694824219,82.76000213623047,81.54000091552734,81.94999694824219,80.6213607788086,4550000.0
2025-04-16,AIG,82.37999725341797,82.9000015258789,80.6500015258789,80.97000122070312,79.65725708007812,3468300.0
2025-04-17,AIG,81.30999755859375,82.16000366210938,80.66999816894531,81.13999938964844,79.82450103759766,4021400.0
2025-04-21,AIG,81.08999633789062,81.18000030517578,78.61000061035156,79.37999725341797,78.0930404663086,3637500.0
2025-04-22,AIG,80.54000091552734,81.94000244140625,79.93000030517578,81.63999938964844,80.31639099121094,3545000.0
2025-04-23,AIG,82.27999877929688,82.37000274658203,81.16000366210938,81.6500015258789,80.32623291015625,3086100.0
2025-04-24,AIG,81.62999725341797,82.83999633789062,81.20999908447266,82.44999694824219,81.1132583618164,2620800.0
2025-04-25,AIG,82.05999755859375,82.33000183105469,80.79000091552734,81.22000122070312,79.9031982421875,2657600.0
2025-04-28,AIG,81.47000122070312,82.2699966430664,81.11000061035156,81.93000030517578,80.60169219970703,3055500.0
2025-04-29,AIG,81.58000183105469,82.55000305175781,81.58000183105469,82.0,80.6705551147461,3331600.0
2025-04-30,AIG,81.3499984741211,81.94999694824219,80.0,81.5199966430664,80.19833374023438,5777400.0
2025-05-01,AIG,80.5999984741211,81.41000366210938,80.3499984741211,80.83999633789062,79.52935791015625,5974900.0
2025-05-02,AIG,80.62999725341797,84.0999984741211,78.44999694824219,83.66000366210938,82.30365753173828,5783300.0
2025-05-05,AIG,83.41000366210938,84.05000305175781,82.6500015258789,83.05000305175781,81.70354461669922,2619000.0
2025-05-06,AIG,82.51000213623047,83.30999755859375,82.31999969482422,82.52999877929688,81.19197082519531,2482300.0
2025-05-07,AIG,82.70999908447266,83.18000030517578,81.5199966430664,81.69000244140625,80.36558532714844,3325100.0
2025-05-08,AIG,82.22000122070312,83.0,81.69999694824219,81.81999969482422,80.49347686767578,3710000.0
2025-05-09,AIG,82.12999725341797,82.91000366210938,81.68000030517578,82.41000366210938,81.07392120361328,4926000.0
2025-05-12,AIG,82.9800033569336,83.48999786376953,81.4800033569336,83.47000122070312,82.11672973632812,5265100.0
2025-05-13,AIG,83.6500015258789,84.58999633789062,83.41000366210938,83.63999938964844,82.28397369384766,3285800.0
2025-05-14,AIG,83.66999816894531,83.76000213623047,81.66000366210938,81.88999938964844,80.56233978271484,4188400.0
2025-05-15,AIG,82.13999938964844,83.3499984741211,81.86000061035156,83.2300033569336,81.88062286376953,2856900.0
2025-05-16,AIG,83.26000213623047,84.36000061035156,83.16000366210938,84.33000183105469,82.9627914428711,2570100.0
2025-05-19,AIG,84.33000183105469,84.58000183105469,83.8499984741211,84.33999633789062,82.97261810302734,2035300.0
2025-05-20,AIG,83.95999908447266,84.56999969482422,83.8499984741211,84.08000183105469,82.71684265136719,2172000.0
2025-05-21,AIG,83.8499984741211,83.97000122070312,82.58999633789062,82.62999725341797,81.29034423828125,2644100.0
2025-05-22,AIG,82.75,82.9000015258789,81.4000015258789,82.0199966430664,80.69023132324219,3172800.0
2025-05-23,AIG,81.25,82.02999877929688,81.12999725341797,81.62000274658203,80.29672241210938,3313900.0
2025-05-27,AIG,82.05000305175781,83.38999938964844,81.62000274658203,83.16999816894531,81.82159423828125,2840900.0
2025-05-28,AIG,82.98999786376953,83.47000122070312,82.63999938964844,82.73999786376953,81.3985595703125,3288000.0
2025-05-29,AIG,82.58999633789062,83.77999877929688,82.58999633789062,83.58999633789062,82.23478698730469,3004400.0
2025-05-30,AIG,83.2699966430664,84.91999816894531,83.11000061035156,84.63999938964844,83.26776123046875,7861700.0
2025-06-02,AIG,84.11000061035156,85.76000213623047,83.95999908447266,85.76000213623047,84.36959838867188,3300300.0
2025-06-03,AIG,85.51000213623047,85.88999938964844,83.94999694824219,85.55000305175781,84.16300201416016,3187300.0
2025-06-04,AIG,85.55000305175781,85.68000030517578,84.83000183105469,85.01000213623047,83.63176727294922,3686800.0
2025-06-05,AIG,85.3499984741211,85.47000122070312,84.4000015258789,85.41999816894531,84.03511047363281,2838800.0
2025-06-06,AIG,86.25,87.45999908447266,86.12000274658203,87.33999633789062,85.92398071289062,3823900.0
2025-06-09,AIG,86.69000244140625,86.93000030517578,82.83999633789062,85.18000030517578,83.79900360107422,6854600.0
2025-06-10,AIG,84.7300033569336,85.20999908447266,83.87999725341797,84.33000183105469,82.9627914428711,3328100.0
2025-06-11,AIG,84.54000091552734,84.8499984741211,83.91999816894531,84.4000015258789,83.03165435791016,3499800.0
2025-06-12,AIG,83.7300033569336,85.87999725341797,83.72000122070312,85.80000305175781,84.40895080566406,3526500.0
2025-06-13,AIG,85.0,85.83000183105469,84.37999725341797,84.61000061035156,83.67710876464844,3429700.0
2025-06-16,AIG,85.31999969482422,85.87999725341797,84.69000244140625,85.44000244140625,84.49795532226562,3468600.0
2025-06-17,AIG,85.11000061035156,85.77999877929688,83.66999816894531,84.22000122070312,83.29141235351562,3385300.0
2025-06-18,AIG,84.19000244140625,85.05999755859375,84.01000213623047,84.25,83.32107543945312,4097200.0
2025-06-20,AIG,84.62000274658203,85.51000213623047,84.43000030517578,85.12999725341797,84.19137573242188,9182800.0
2025-06-23,AIG,85.01000213623047,85.94999694824219,84.44000244140625,85.81999969482422,84.87376403808594,3886100.0
2025-06-24,AIG,86.0,86.1500015258789,85.37000274658203,85.45999908447266,84.51773071289062,3174900.0
2025-06-25,AIG,85.16000366210938,85.52999877929688,83.7699966430664,83.9000015258789,82.97493743896484,5057000.0
2025-06-26,AIG,84.25,85.20999908447266,83.93000030517578,84.97000122070312,84.03313446044922,5110700.0
2025-06-27,AIG,85.0199966430664,85.62999725341797,84.4800033569336,84.58999633789062,83.6573257446289,8170500.0
2025-06-30,AIG,84.5999984741211,85.66999816894531,84.4800033569336,85.58999633789062,84.64630126953125,4597200.0
2025-07-01,AIG,85.86000061035156,86.47000122070312,84.94999694824219,85.87000274658203,84.9232177734375,3622900.0
2025-07-02,AIG,85.55999755859375,85.83000183105469,82.0999984741211,82.36000061035156,81.45191955566406,5205300.0
2025-07-03,AIG,82.72000122070312,83.68000030517578,82.5999984741211,83.18000030517578,82.26287841796875,2804200.0
2025-07-07,AIG,83.05999755859375,83.33999633789062,82.3499984741211,83.02999877929688,82.1145248413086,4335100.0
2025-07-08,AIG,82.79000091552734,83.55999755859375,82.58000183105469,83.19999694824219,82.28265380859375,4205800.0
2025-07-09,AIG,83.2699966430664,83.41999816894531,82.66000366210938,83.06999969482422,82.15409088134766,2852200.0
2025-07-10,AIG,82.88999938964844,83.01000213623047,82.13999938964844,82.45999908447266,81.55081176757812,3287100.0
2025-07-11,AIG,81.91999816894531,82.45999908447266,81.5999984741211,81.77999877929688,80.87831115722656,3324200.0
2025-07-14,AIG,81.2699966430664,82.16999816894531,80.7699966430664,81.62999725341797,80.72996520996094,6953300.0
2025-07-15,AIG,81.38999938964844,81.7699966430664,80.7300033569336,81.06999969482422,80.17613983154297,4796300.0
2025-07-16,AIG,81.66000366210938,81.93000030517578,80.51000213623047,80.98999786376953,80.0970230102539,4054600.0
2025-07-17,AIG,80.88999938964844,81.1500015258789,79.61000061035156,80.98999786376953,80.0970230102539,3999300.0
2025-07-18,AIG,81.16999816894531,81.55000305175781,80.87000274658203,81.20999908447266,80.31459045410156,2967400.0
2025-07-21,AIG,81.33000183105469,81.94000244140625,80.77999877929688,80.77999877929688,79.88933563232422,2928800.0
2025-07-22,AIG,80.87999725341797,81.56999969482422,80.5999984741211,81.41999816894531,80.52228546142578,3329900.0
2025-07-23,AIG,80.97000122070312,81.05000305175781,77.94999694824219,79.51000213623047,78.63333892822266,5584000.0
2025-07-24,AIG,79.04000091552734,79.62999725341797,78.62999725341797,79.2300033569336,78.35643005371094,6072100.0
2025-07-25,AIG,79.30000305175781,80.30000305175781,79.25,80.0999984741211,79.21683502197266,4476800.0
2025-07-28,AIG,79.95999908447266,80.2300033569336,78.77999877929688,79.2300033569336,78.35643005371094,4499300.0
2025-07-29,AIG,79.7300033569336,80.12999725341797,78.33000183105469,78.91999816894531,78.04984283447266,4504400.0
2025-07-30,AIG,78.56999969482422,78.97000122070312,76.8499984741211,77.41000366210938,76.5564956665039,4479500.0
2025-07-31,AIG,77.22000122070312,78.52999877929688,77.22000122070312,77.62999725341797,76.77406311035156,5026500.0
2025-08-01,AIG,77.4000015258789,77.61000061035156,76.37000274658203,77.0,76.15101623535156,4438100.0
2025-08-04,AIG,77.41000366210938,78.30999755859375,77.11000061035156,78.29000091552734,77.42679595947266,4757900.0
2025-08-05,AIG,78.6500015258789,79.12000274658203,78.08000183105469,78.44000244140625,77.57513427734375,2788800.0
2025-08-06,AIG,79.08999633789062,79.30999755859375,78.68000030517578,79.05999755859375,78.18830108642578,4238500.0
2025-08-07,AIG,77.87999725341797,78.31999969482422,75.26000213623047,76.5999984741211,75.75542449951172,5966900.0
2025-08-08,AIG,77.2699966430664,78.68000030517578,76.73999786376953,78.12999725341797,77.2685546875,4170700.0
2025-08-11,AIG,78.69000244140625,79.0999984741211,78.4000015258789,78.62999725341797,77.7630386352539,3839900.0
2025-08-12,AIG,78.87999725341797,79.0,77.98999786376953,78.4800033569336,77.61470031738281,5093700.0
2025-08-13,AIG,78.51000213623047,80.08000183105469,78.44999694824219,79.88999938964844,79.00914764404297,4293700.0
2025-08-14,AIG,80.06999969482422,80.44000244140625,79.61000061035156,80.30999755859375,79.42451477050781,2524100.0
2025-08-15,AIG,80.45999908447266,80.66000366210938,79.97000122070312,80.01000213623047,79.1278305053711,3437800.0
2025-08-18,AIG,79.80000305175781,80.55000305175781,79.36000061035156,80.37999725341797,79.49374389648438,3330000.0
2025-08-19,AIG,80.5,81.33000183105469,80.05000305175781,81.29000091552734,80.39371490478516,2671900.0
2025-08-20,AIG,81.62999725341797,82.83999633789062,81.48999786376953,82.52999877929688,81.62004089355469,3424400.0
2025-08-21,AIG,82.63999938964844,82.79000091552734,82.16000366210938,82.58999633789062,81.67937469482422,3459700.0
2025-08-22,AIG,83.2300033569336,83.77999877929688,83.0,83.37999725341797,82.4606704711914,3123700.0
2025-08-25,AIG,83.22000122070312,83.33999633789062,82.68000030517578,82.79000091552734,81.8771743774414,2445300.0
2025-08-26,AIG,82.29000091552734,82.94000244140625,82.05999755859375,82.58000183105469,81.66949462890625,4164200.0
2025-08-27,AIG,82.5199966430664,82.88999938964844,81.98999786376953,82.20999908447266,81.30357360839844,4508300.0
2025-08-28,AIG,82.22000122070312,82.22000122070312,81.27999877929688,81.5999984741211,80.7002944946289,3269600.0
2025-08-29,AIG,81.95999908447266,82.1500015258789,81.19000244140625,81.31999969482422,80.42338562011719,4039900.0
2025-09-02,AIG,81.37999725341797,81.44999694824219,79.9000015258789,81.05000305175781,80.15635681152344,6011600.0
2025-09-03,AIG,80.62000274658203,81.44999694824219,80.44999694824219,81.33999633789062,80.44315338134766,3612200.0
2025-09-04,AIG,81.68000030517578,81.94999694824219,81.23999786376953,81.7300033569336,80.82886505126953,3464500.0
2025-09-05,AIG,81.45999908447266,81.56999969482422,78.83999633789062,79.20999908447266,78.3366470336914,4665600.0
2025-09-08,AIG,78.93000030517578,79.1500015258789,78.1500015258789,78.7699966430664,77.90149688720703,5387000.0
2025-09-09,AIG,78.66999816894531,79.2699966430664,78.44000244140625,78.4800033569336,77.61470031738281,3999600.0
2025-09-10,AIG,78.16000366210938,78.91999816894531,77.72000122070312,78.0,77.1399917602539,4137000.0
2025-09-11,AIG,78.05999755859375,78.83000183105469,77.88999938964844,78.72000122070312,77.85205078125,3960700.0
2025-09-12,AIG,78.68000030517578,79.02999877929688,78.44000244140625,78.93000030517578,78.05973052978516,4754200.0
2025-09-15,AIG,78.86000061035156,78.93000030517578,76.81999969482422,77.02999877929688,76.18067932128906,5193200.0
2025-09-16,AIG,76.27999877929688,76.70999908447266,75.9000015258789,76.33999633789062,75.94193267822266,5740400.0
2025-09-17,AIG,76.38999938964844,77.47000122070312,76.29000091552734,76.80000305175781,76.3995361328125,6869700.0
2025-09-18,AIG,76.44000244140625,78.13999938964844,76.36000061035156,78.02999877929688,77.62312316894531,8328100.0
2025-09-19,AIG,77.91000366210938,78.12000274658203,76.55999755859375,76.9800033569336,76.57859802246094,13509200.0
2025-09-22,AIG,76.66000366210938,76.83999633789062,76.02999877929688,76.52999877929688,76.13094329833984,5241300.0
2025-09-23,AIG,76.45999908447266,77.23999786376953,76.30999755859375,76.69999694824219,76.30005645751953,5096300.0
2025-09-24,AIG,76.51000213623047,77.94999694824219,76.25,77.9000015258789,77.4937973022461,4273200.0
2025-09-25,AIG,78.0,78.47000122070312,76.80999755859375,77.0999984741211,76.69796752929688,3001400.0
2025-09-26,AIG,77.58999633789062,78.29000091552734,77.43000030517578,77.9800033569336,77.5733871459961,3152700.0
2025-09-29,AIG,77.81999969482422,78.22000122070312,77.44000244140625,77.9000015258789,77.4937973022461,4056400.0
2025-09-30,AIG,77.80000305175781,78.7699966430664,77.69000244140625,78.54000091552734,78.13046264648438,3969300.0
2025-10-01,AIG,78.44000244140625,79.73999786376953,78.27999877929688,79.63999938964844,79.22472381591797,3850700.0
2025-10-02,AIG,79.3499984741211,80.08999633789062,78.80999755859375,79.63999938964844,79.22472381591797,2727300.0
2025-10-03,AIG,79.69000244140625,81.44000244140625,79.69000244140625,81.0199966430664,80.59752655029297,3753700.0
2025-10-06,AIG,81.58000183105469,83.16999816894531,81.31999969482422,83.0199966430664,82.58709716796875,5067200.0
2025-10-07,AIG,83.22000122070312,84.12000274658203,82.86000061035156,84.05000305175781,83.61173248291016,5923100.0
2025-10-08,AIG,84.5,84.69000244140625,83.13999938964844,84.0,83.5619888305664,3485700.0
2025-10-09,AIG,84.25,84.5,82.77999877929688,83.16999816894531,82.73632049560547,4137300.0
2025-10-10,AIG,83.55999755859375,83.69000244140625,81.1500015258789,81.30000305175781,80.8760757446289,5021100.0
2025-10-13,AIG,81.11000061035156,82.12000274658203,80.83000183105469,81.81999969482422,81.39335632324219,2726800.0
2025-10-14,AIG,81.62999725341797,83.12000274658203,81.37000274658203,82.91000366210938,82.47767639160156,3483500.0
2025-10-15,AIG,82.20999908447266,82.7300033569336,80.47000122070312,81.26000213623047,80.8362808227539,5347900.0
2025-10-16,AIG,78.30999755859375,79.7300033569336,76.94999694824219,77.0199966430664,76.6183853149414,10396800.0
2025-10-17,AIG,77.19000244140625,78.20999908447266,77.19000244140625,77.36000061035156,76.95661163330078,4031600.0
2025-10-20,AIG,77.51000213623047,78.05000305175781,77.11000061035156,77.69000244140625,77.28489685058594,2760400.0
2025-10-21,AIG,77.70999908447266,78.5999984741211,77.3499984741211,78.37999725341797,77.9712905883789,2643300.0
2025-10-22,AIG,78.66000366210938,79.36000061035156,78.02999877929688,78.94000244140625,78.52838134765625,5152800.0
2025-10-23,AIG,79.27999877929688,79.27999877929688,78.55000305175781,78.8499984741211,78.4388427734375,3207000.0
2025-10-24,AIG,78.91999816894531,79.73999786376953,78.6500015258789,79.0,78.58806610107422,2634300.0
2025-10-27,AIG,79.25,79.63999938964844,78.93000030517578,79.30999755859375,78.89644622802734,2822400.0
2025-10-28,AIG,79.16000366210938,79.25,78.05000305175781,78.38999938964844,77.98123931884766,2604700.0
2025-10-29,AIG,78.0,78.5199966430664,77.47000122070312,77.9800033569336,77.5733871459961,2845000.0
2025-10-30,AIG,78.16000366210938,80.44999694824219,77.19999694824219,78.19000244140625,77.78228759765625,2770000.0
2025-10-31,AIG,77.81999969482422,79.41000366210938,77.79000091552734,78.95999908447266,78.54827117919922,3250100.0
2025-11-03,AIG,79.01000213623047,79.30000305175781,78.41999816894531,78.95999908447266,78.54827117919922,4197200.0
2025-11-04,AIG,79.0,81.2699966430664,78.94999694824219,80.70999908447266,80.28914642333984,5270900.0
2025-11-05,AIG,82.0,82.12999725341797,76.27999877929688,76.31999969482422,75.92203521728516,7972100.0
2025-11-06,AIG,76.69000244140625,77.47000122070312,76.1500015258789,76.27999877929688,75.88224792480469,4023900.0
2025-11-07,AIG,76.54000091552734,77.48999786376953,76.37000274658203,76.93000030517578,76.52885437011719,4259500.0
2025-11-10,AIG,76.61000061035156,77.33999633789062,75.66999816894531,76.91999816894531,76.51890563964844,4416000.0
2025-11-11,AIG,77.16000366210938,77.3499984741211,76.12999725341797,76.1500015258789,75.75292205810547,4581900.0
2025-11-12,AIG,76.08999633789062,78.1500015258789,75.45999908447266,78.0,77.59327697753906,4892900.0
2025-11-13,AIG,78.11000061035156,79.23999786376953,77.9000015258789,78.3499984741211,77.94145202636719,4681600.0
2025-11-14,AIG,78.47000122070312,78.86000061035156,77.41999816894531,77.75,77.3445816040039,4337700.0
2025-11-17,AIG,77.9800033569336,78.58000183105469,76.41000366210938,76.45999908447266,76.06130981445312,4019400.0
2025-11-18,AIG,76.7699966430664,77.79000091552734,76.36000061035156,77.06999969482422,76.66812896728516,2422200.0
2025-11-19,AIG,76.8499984741211,77.33999633789062,75.08999633789062,75.75,75.35501098632812,3518300.0
2025-11-20,AIG,76.45999908447266,77.19999694824219,75.3499984741211,75.69000244140625,75.29532623291016,3270300.0
2025-11-21,AIG,76.08000183105469,76.94000244140625,75.5,75.95999908447266,75.56391143798828,5545900.0
2025-11-24,AIG,76.0,76.0,74.80000305175781,75.11000061035156,74.71834564208984,4706300.0
2025-11-25,AIG,75.5199966430664,76.23999786376953,74.94999694824219,75.01000213623047,74.6188735961914,4063300.0
2025-11-26,AIG,75.44000244140625,76.45999908447266,75.29000091552734,76.04000091552734,75.64350128173828,3134100.0
2025-11-28,AIG,76.04000091552734,76.76000213623047,75.80999755859375,76.16000366210938,75.76287841796875,1427800.0
2025-12-01,AIG,76.06999969482422,77.48999786376953,76.06999969482422,76.61000061035156,76.21052551269531,3973400.0
2025-12-02,AIG,76.55000305175781,77.0199966430664,75.91000366210938,76.94999694824219,76.54875183105469,4289800.0
2025-12-03,AIG,76.83999633789062,77.38999938964844,76.02999877929688,77.06999969482422,76.66812896728516,3808000.0
2025-12-04,AIG,76.63999938964844,77.9000015258789,76.56999969482422,77.27999877929688,76.87702941894531,3455800.0
2025-12-05,AIG,76.5199966430664,77.27999877929688,76.44999694824219,77.02999877929688,76.62833404541016,4223000.0
2025-12-08,AIG,76.80000305175781,76.80000305175781,75.55000305175781,76.30999755859375,75.9120864868164,4153700.0
2025-12-09,AIG,76.44000244140625,77.31999969482422,76.26000213623047,76.41999816894531,76.02151489257812,3672400.0
2025-12-10,AIG,76.30999755859375,82.69000244140625,76.23999786376953,81.08000183105469,80.65721893310547,13424400.0
2025-12-11,AIG,80.41999816894531,85.0,80.41999816894531,82.8499984741211,82.41798400878906,10529100.0
2025-12-12,AIG,83.52999877929688,84.98999786376953,82.9800033569336,84.9000015258789,84.4572982788086,6717600.0
2025-12-15,AIG,85.04000091552734,86.58000183105469,84.20999908447266,86.30000305175781,85.8499984741211,7679300.0
2025-12-16,AIG,86.2699966430664,86.44000244140625,84.31999969482422,84.54000091552734,84.54000091552734,5994900.0
2025-12-17,AIG,84.7300033569336,86.33999633789062,84.45999908447266,86.13999938964844,86.13999938964844,7404500.0
2025-12-18,AIG,85.58000183105469,86.80999755859375,84.93000030517578,86.19000244140625,86.19000244140625,4960800.0
2025-12-19,AIG,86.31999969482422,86.83999633789062,85.66999816894531,86.02999877929688,86.02999877929688,10255400.0
2025-12-22,AIG,86.12999725341797,86.83000183105469,85.5199966430664,86.43000030517578,86.43000030517578,3037400.0
2025-12-23,AIG,86.41000366210938,87.0,85.94000244140625,86.58999633789062,86.58999633789062,2086200.0
2025-12-24,AIG,86.56999969482422,87.29000091552734,86.37000274658203,86.5199966430664,86.5199966430664,1170200.0
2025-12-26,AIG,86.41999816894531,86.66999816894531,86.12999725341797,86.4800033569336,86.4800033569336,1174500.0
2025-12-29,AIG,86.4000015258789,86.77999877929688,86.27999877929688,86.4800033569336,86.4800033569336,1806200.0
2025-12-30,AIG,86.45999908447266,86.70999908447266,86.11000061035156,86.12999725341797,86.12999725341797,1714400.0
