Date,Ticker,Open,High,Low,Close,Adj Close,Volume
2015-01-02,BK,40.75,40.779998779296875,40.08000183105469,40.459999084472656,30.660375595092773,3891100.0
2015-01-05,BK,40.220001220703125,40.369998931884766,39.279998779296875,39.41999816894531,29.872268676757812,4241900.0
2015-01-06,BK,39.45000076293945,39.470001220703125,37.869998931884766,38.279998779296875,29.008380889892578,7633100.0
2015-01-07,BK,38.689998626708984,39.099998474121094,38.439998626708984,39.06999969482422,29.607040405273438,7113900.0
2015-01-08,BK,39.45000076293945,39.63999938964844,39.400001525878906,39.61000061035156,30.016252517700195,4795300.0
2015-01-09,BK,39.47999954223633,39.70000076293945,38.939998626708984,39.029998779296875,29.576719284057617,3295700.0
2015-01-12,BK,39.029998779296875,39.099998474121094,38.369998931884766,38.470001220703125,29.15235710144043,2584400.0
2015-01-13,BK,38.70000076293945,39.02000045776367,38.099998474121094,38.400001525878906,29.09930419921875,4868000.0
2015-01-14,BK,37.72999954223633,37.91999816894531,36.90999984741211,37.43000030517578,28.3642578125,6390700.0
2015-01-15,BK,37.56999969482422,37.630001068115234,37.09000015258789,37.25,28.22784423828125,5076500.0
2015-01-16,BK,37.13999938964844,37.5,36.900001525878906,37.459999084472656,28.386987686157227,6479900.0
2015-01-20,BK,37.68000030517578,37.900001525878906,37.130001068115234,37.2400016784668,28.22027015686035,4903800.0
2015-01-21,BK,37.38999938964844,37.68000030517578,37.150001525878906,37.54999923706055,28.455184936523438,5584300.0
2015-01-22,BK,37.790000915527344,38.7400016784668,37.5099983215332,38.720001220703125,29.3418025970459,6640300.0
2015-01-23,BK,37.91999816894531,37.93000030517578,36.849998474121094,36.900001525878906,27.962621688842773,7033000.0
2015-01-26,BK,36.63999938964844,37.4900016784668,36.43000030517578,37.41999816894531,28.35667610168457,8192400.0
2015-01-27,BK,36.84000015258789,37.209999084472656,36.619998931884766,36.7400016784668,27.841371536254883,5487300.0
2015-01-28,BK,36.900001525878906,37.02000045776367,35.630001068115234,35.65999984741211,27.022953033447266,10502900.0
2015-01-29,BK,35.7599983215332,36.540000915527344,35.75,36.439998626708984,27.614036560058594,7654100.0
2015-01-30,BK,35.939998626708984,36.459999084472656,35.849998474121094,36.0,27.408470153808594,10535000.0
2015-02-02,BK,36.119998931884766,36.7599983215332,36.029998779296875,36.66999816894531,27.918569564819336,8255800.0
2015-02-03,BK,36.93000030517578,37.45000076293945,36.900001525878906,37.400001525878906,28.474355697631836,8944700.0
2015-02-04,BK,37.15999984741211,37.7599983215332,37.08000183105469,37.16999816894531,28.299243927001953,5828000.0
2015-02-05,BK,37.2599983215332,38.06999969482422,37.2599983215332,37.72999954223633,28.725595474243164,4753400.0
2015-02-06,BK,38.33000183105469,38.9900016784668,38.22999954223633,38.470001220703125,29.28900146484375,6802900.0
2015-02-09,BK,38.15999984741211,38.7599983215332,38.130001068115234,38.47999954223633,29.296607971191406,6367800.0
2015-02-10,BK,38.79999923706055,39.13999938964844,38.619998931884766,39.08000183105469,29.7534236907959,6726200.0
2015-02-11,BK,39.040000915527344,39.310001373291016,38.810001373291016,39.130001068115234,29.791488647460938,3853400.0
2015-02-12,BK,39.22999954223633,39.560001373291016,39.20000076293945,39.40999984741211,30.00466537475586,7692400.0
2015-02-13,BK,39.400001525878906,39.59000015258789,39.130001068115234,39.20000076293945,29.84476661682129,5453200.0
2015-02-17,BK,38.9900016784668,39.470001220703125,38.95000076293945,39.459999084472656,30.042722702026367,4684300.0
2015-02-18,BK,39.38999938964844,39.4900016784668,38.849998474121094,38.9900016784668,29.684904098510742,4898300.0
2015-02-19,BK,38.880001068115234,39.2400016784668,38.7400016784668,39.119998931884766,29.78386878967285,3484900.0
2015-02-20,BK,39.0,39.470001220703125,38.65999984741211,39.439998626708984,30.027496337890625,4245500.0
2015-02-23,BK,39.209999084472656,39.290000915527344,38.93000030517578,39.16999816894531,29.821941375732422,3584600.0
2015-02-24,BK,39.09000015258789,39.97999954223633,39.04999923706055,39.779998779296875,30.286344528198242,6635100.0
2015-02-25,BK,39.779998779296875,40.029998779296875,39.45000076293945,39.86000061035156,30.347267150878906,9407600.0
2015-02-26,BK,39.790000915527344,39.90999984741211,39.2400016784668,39.439998626708984,30.027496337890625,5559100.0
2015-02-27,BK,39.2599983215332,39.40999984741211,39.06999969482422,39.13999938964844,29.799104690551758,5030100.0
2015-03-02,BK,39.13999938964844,39.65999984741211,39.099998474121094,39.650001525878906,30.1873779296875,5177300.0
2015-03-03,BK,39.59000015258789,39.849998474121094,39.459999084472656,39.650001525878906,30.1873779296875,6037500.0
2015-03-04,BK,39.540000915527344,39.630001068115234,39.220001220703125,39.439998626708984,30.027496337890625,4402800.0
2015-03-05,BK,39.400001525878906,39.45000076293945,39.029998779296875,39.189998626708984,29.83716583251953,4391300.0
2015-03-06,BK,39.02000045776367,40.439998626708984,39.02000045776367,39.279998779296875,29.90568733215332,9012400.0
2015-03-09,BK,39.779998779296875,39.900001525878906,39.400001525878906,39.790000915527344,30.29397964477539,7136500.0
2015-03-10,BK,39.38999938964844,39.4900016784668,38.880001068115234,39.189998626708984,29.83716583251953,10109700.0
2015-03-11,BK,39.209999084472656,39.650001525878906,39.20000076293945,39.41999816894531,30.01227569580078,8878600.0
2015-03-12,BK,40.380001068115234,40.65999984741211,39.97999954223633,40.439998626708984,30.78883934020996,7296000.0
2015-03-13,BK,40.29999923706055,40.9900016784668,40.150001525878906,40.939998626708984,31.16951560974121,11655400.0
2015-03-16,BK,41.099998474121094,41.27000045776367,40.849998474121094,41.04999923706055,31.253263473510742,5253100.0
2015-03-17,BK,40.779998779296875,41.220001220703125,40.619998931884766,41.13999938964844,31.321792602539062,4604100.0
2015-03-18,BK,41.060001373291016,41.45000076293945,40.650001525878906,40.83000183105469,31.08577537536621,7121500.0
2015-03-19,BK,40.70000076293945,40.810001373291016,40.09000015258789,40.29999923706055,30.682262420654297,6760700.0
2015-03-20,BK,40.41999816894531,40.65999984741211,40.2400016784668,40.56999969482422,30.887826919555664,9665100.0
2015-03-23,BK,40.56999969482422,40.7400016784668,40.349998474121094,40.41999816894531,30.77362060546875,4384500.0
2015-03-24,BK,40.290000915527344,40.41999816894531,39.810001373291016,40.099998474121094,30.52998924255371,4429800.0
2015-03-25,BK,40.08000183105469,40.099998474121094,39.38999938964844,39.52000045776367,30.088409423828125,4893700.0
2015-03-26,BK,39.20000076293945,39.939998626708984,39.20000076293945,39.810001373291016,30.309207916259766,5289500.0
2015-03-27,BK,39.650001525878906,39.790000915527344,39.38999938964844,39.75,30.26352310180664,4789100.0
2015-03-30,BK,39.95000076293945,40.47999954223633,39.86000061035156,40.290000915527344,30.67464828491211,3702900.0
2015-03-31,BK,40.0,40.31999969482422,39.86000061035156,40.2400016784668,30.636577606201172,3650600.0
2015-04-01,BK,40.220001220703125,40.40999984741211,39.869998931884766,40.209999084472656,30.61374282836914,4686600.0
2015-04-02,BK,40.220001220703125,40.560001373291016,40.0099983215332,40.54999923706055,30.872594833374023,3555000.0
2015-04-06,BK,40.13999938964844,40.599998474121094,39.959999084472656,40.4900016784668,30.826915740966797,3883000.0
2015-04-07,BK,40.5099983215332,40.83000183105469,40.36000061035156,40.56999969482422,30.887826919555664,4396100.0
2015-04-08,BK,40.68000030517578,40.97999954223633,40.5,40.689998626708984,30.979188919067383,3315600.0
2015-04-09,BK,40.689998626708984,40.880001068115234,40.470001220703125,40.84000015258789,31.093385696411133,2905500.0
2015-04-10,BK,40.79999923706055,40.880001068115234,40.599998474121094,40.86000061035156,31.108617782592773,2086200.0
2015-04-13,BK,40.689998626708984,41.13999938964844,40.650001525878906,40.95000076293945,31.1771297454834,3662200.0
2015-04-14,BK,40.95000076293945,41.130001068115234,40.72999954223633,41.060001373291016,31.260879516601562,4653600.0
2015-04-15,BK,41.099998474121094,41.290000915527344,40.9900016784668,41.130001068115234,31.314180374145508,3498300.0
2015-04-16,BK,41.099998474121094,41.16999816894531,40.880001068115234,41.060001373291016,31.260879516601562,2979900.0
2015-04-17,BK,40.86000061035156,40.959999084472656,40.349998474121094,40.5,30.83451271057129,5111800.0
2015-04-20,BK,40.66999816894531,40.9900016784668,40.61000061035156,40.779998779296875,31.047691345214844,3497500.0
2015-04-21,BK,41.02000045776367,41.15999984741211,40.790000915527344,41.040000915527344,31.245670318603516,3839800.0
2015-04-22,BK,41.7400016784668,42.439998626708984,41.09000015258789,42.43000030517578,32.30391311645508,9543600.0
2015-04-23,BK,42.5099983215332,42.900001525878906,42.27000045776367,42.58000183105469,32.41814422607422,5304000.0
2015-04-24,BK,42.400001525878906,42.63999938964844,41.790000915527344,42.06999969482422,32.02984619140625,5176700.0
2015-04-27,BK,42.11000061035156,42.400001525878906,41.939998626708984,41.970001220703125,31.953712463378906,6406600.0
2015-04-28,BK,41.93000030517578,42.790000915527344,41.900001525878906,42.7599983215332,32.555171966552734,6100300.0
2015-04-29,BK,42.380001068115234,43.11000061035156,42.380001068115234,42.86000061035156,32.631309509277344,6322500.0
2015-04-30,BK,42.630001068115234,42.86000061035156,42.189998626708984,42.34000015258789,32.36376953125,4647900.0
2015-05-01,BK,42.61000061035156,42.7599983215332,42.20000076293945,42.7400016784668,32.66950988769531,6102300.0
2015-05-04,BK,42.77000045776367,43.349998474121094,42.70000076293945,43.279998779296875,33.08229064941406,3982400.0
2015-05-05,BK,43.09000015258789,43.63999938964844,42.880001068115234,42.900001525878906,32.79182815551758,7238800.0
2015-05-06,BK,43.040000915527344,43.25,42.650001525878906,42.939998626708984,32.8223991394043,5211900.0
2015-05-07,BK,42.900001525878906,43.45000076293945,42.77000045776367,43.310001373291016,33.10521697998047,6132900.0
2015-05-08,BK,43.58000183105469,43.63999938964844,43.290000915527344,43.40999984741211,33.181671142578125,6755900.0
2015-05-11,BK,43.5,43.66999816894531,43.2400016784668,43.25,33.05936050415039,6139100.0
2015-05-12,BK,42.9900016784668,43.31999969482422,42.849998474121094,43.18000030517578,33.005855560302734,3880100.0
2015-05-13,BK,43.09000015258789,43.40999984741211,43.04999923706055,43.27000045776367,33.07463073730469,4396500.0
2015-05-14,BK,43.470001220703125,43.47999954223633,43.189998626708984,43.369998931884766,33.15108108520508,4573800.0
2015-05-15,BK,43.38999938964844,43.459999084472656,42.91999816894531,43.09000015258789,32.93705368041992,5656200.0
2015-05-18,BK,43.119998931884766,43.560001373291016,43.0099983215332,43.470001220703125,33.22751235961914,6825400.0
2015-05-19,BK,43.61000061035156,43.72999954223633,43.380001068115234,43.540000915527344,33.281028747558594,7493400.0
2015-05-20,BK,43.5099983215332,43.84000015258789,43.369998931884766,43.619998931884766,33.34217834472656,4134800.0
2015-05-21,BK,43.38999938964844,43.77000045776367,43.349998474121094,43.63999938964844,33.357460021972656,4208900.0
2015-05-22,BK,43.599998474121094,43.65999984741211,43.45000076293945,43.470001220703125,33.22751235961914,2995500.0
2015-05-26,BK,43.470001220703125,43.58000183105469,43.119998931884766,43.459999084472656,33.219871520996094,6258300.0
2015-05-27,BK,43.630001068115234,44.099998474121094,43.380001068115234,43.880001068115234,33.54091262817383,6021100.0
2015-05-28,BK,43.810001373291016,43.9900016784668,43.56999969482422,43.95000076293945,33.594425201416016,5545200.0
2015-05-29,BK,43.86000061035156,43.86000061035156,43.36000061035156,43.36000061035156,33.143436431884766,7481500.0
2015-06-01,BK,43.4900016784668,43.560001373291016,42.869998931884766,42.91999816894531,32.80711364746094,12563600.0
2015-06-02,BK,42.869998931884766,42.95000076293945,42.630001068115234,42.900001525878906,32.79182815551758,7886600.0
2015-06-03,BK,42.900001525878906,43.630001068115234,42.83000183105469,43.40999984741211,33.181671142578125,5037400.0
2015-06-04,BK,42.81999969482422,43.369998931884766,42.81999969482422,42.959999084472656,32.83769226074219,8572500.0
2015-06-05,BK,43.75,43.869998931884766,42.93000030517578,43.36000061035156,33.143436431884766,7996300.0
2015-06-08,BK,43.310001373291016,43.7599983215332,43.2599983215332,43.34000015258789,33.12814712524414,5810300.0
2015-06-09,BK,43.34000015258789,43.560001373291016,43.189998626708984,43.400001525878906,33.174015045166016,3552700.0
2015-06-10,BK,43.650001525878906,43.9900016784668,43.540000915527344,43.7400016784668,33.43390655517578,9921800.0
2015-06-11,BK,43.72999954223633,44.029998779296875,43.68000030517578,43.880001068115234,33.54091262817383,5825900.0
2015-06-12,BK,43.81999969482422,43.88999938964844,43.54999923706055,43.68000030517578,33.38804244995117,5853700.0
2015-06-15,BK,43.2599983215332,43.369998931884766,43.02000045776367,43.290000915527344,33.089935302734375,7393200.0
2015-06-16,BK,43.150001525878906,43.369998931884766,43.09000015258789,43.20000076293945,33.02113723754883,8233800.0
2015-06-17,BK,43.369998931884766,43.470001220703125,43.040000915527344,43.150001525878906,32.98292541503906,6824100.0
2015-06-18,BK,43.29999923706055,43.36000061035156,42.970001220703125,43.27000045776367,33.07463073730469,8737100.0
2015-06-19,BK,43.16999816894531,43.33000183105469,43.099998474121094,43.119998931884766,32.959991455078125,9539500.0
2015-06-22,BK,43.529998779296875,43.68000030517578,43.36000061035156,43.470001220703125,33.22751235961914,4721700.0
2015-06-23,BK,43.65999984741211,43.779998779296875,43.4900016784668,43.65999984741211,33.372764587402344,4676600.0
2015-06-24,BK,43.47999954223633,43.709999084472656,43.2599983215332,43.290000915527344,33.089935302734375,3788200.0
2015-06-25,BK,43.40999984741211,43.459999084472656,42.849998474121094,42.849998474121094,32.75360870361328,3055100.0
2015-06-26,BK,43.0099983215332,43.20000076293945,42.81999969482422,42.97999954223633,32.85297775268555,6485300.0
2015-06-29,BK,42.5,42.61000061035156,41.75,41.790000915527344,31.943361282348633,5083700.0
2015-06-30,BK,42.33000183105469,42.47999954223633,41.79999923706055,41.970001220703125,32.080963134765625,6406200.0
2015-07-01,BK,42.540000915527344,42.54999923706055,42.04999923706055,42.18000030517578,32.24147033691406,5146700.0
2015-07-02,BK,42.15999984741211,42.290000915527344,41.59000015258789,41.790000915527344,31.943361282348633,4580100.0
2015-07-06,BK,41.31999969482422,41.619998931884766,41.209999084472656,41.54999923706055,31.759918212890625,5207600.0
2015-07-07,BK,41.529998779296875,41.75,40.77000045776367,41.540000915527344,31.75227165222168,4661100.0
2015-07-08,BK,41.209999084472656,41.290000915527344,40.529998779296875,40.540000915527344,30.987899780273438,4696200.0
2015-07-09,BK,41.029998779296875,41.29999923706055,40.83000183105469,40.9900016784668,31.331867218017578,5244600.0
2015-07-10,BK,41.4900016784668,41.810001373291016,41.380001068115234,41.709999084472656,31.882204055786133,4771100.0
2015-07-13,BK,41.849998474121094,42.5,41.83000183105469,42.380001068115234,32.39435577392578,7204700.0
2015-07-14,BK,42.189998626708984,42.560001373291016,42.060001373291016,42.529998779296875,32.50900650024414,3454100.0
2015-07-15,BK,42.599998474121094,42.81999969482422,42.459999084472656,42.66999816894531,32.61601257324219,3187600.0
2015-07-16,BK,43.08000183105469,43.119998931884766,42.86000061035156,43.06999969482422,32.9217643737793,3206300.0
2015-07-17,BK,42.91999816894531,43.060001373291016,42.619998931884766,42.81999969482422,32.73065948486328,3223300.0
2015-07-20,BK,42.97999954223633,43.09000015258789,42.77000045776367,42.97999954223633,32.85297775268555,5732600.0
2015-07-21,BK,43.58000183105469,44.18000030517578,43.5,44.150001525878906,33.74729919433594,9810600.0
2015-07-22,BK,44.310001373291016,44.7400016784668,44.150001525878906,44.72999954223633,34.190635681152344,7123500.0
2015-07-23,BK,44.79999923706055,44.9900016784668,44.380001068115234,44.470001220703125,33.99189758300781,4653800.0
2015-07-24,BK,44.130001068115234,44.369998931884766,43.68000030517578,43.720001220703125,33.41860580444336,4928900.0
2015-07-27,BK,43.40999984741211,43.45000076293945,42.720001220703125,43.2599983215332,33.0670051574707,6116000.0
2015-07-28,BK,43.5099983215332,43.650001525878906,43.15999984741211,43.59000015258789,33.319236755371094,5434400.0
2015-07-29,BK,43.61000061035156,43.939998626708984,43.43000030517578,43.779998779296875,33.4644660949707,5555100.0
2015-07-30,BK,43.61000061035156,43.970001220703125,43.56999969482422,43.93000030517578,33.71004104614258,4726500.0
2015-07-31,BK,43.95000076293945,43.95000076293945,43.33000183105469,43.400001525878906,33.3033332824707,4636200.0
2015-08-03,BK,43.40999984741211,43.63999938964844,43.08000183105469,43.400001525878906,33.3033332824707,4589900.0
2015-08-04,BK,43.540000915527344,44.08000183105469,43.400001525878906,43.88999938964844,33.6793327331543,4671500.0
2015-08-05,BK,44.400001525878906,45.13999938964844,44.27000045776367,44.400001525878906,34.070682525634766,6670000.0
2015-08-06,BK,44.439998626708984,44.779998779296875,44.16999816894531,44.279998779296875,33.97860336303711,4410000.0
2015-08-07,BK,44.22999954223633,44.790000915527344,44.11000061035156,44.75,34.339256286621094,6215200.0
2015-08-10,BK,45.0,45.45000076293945,44.970001220703125,45.2599983215332,34.73061752319336,5269100.0
2015-08-11,BK,44.970001220703125,45.060001373291016,44.560001373291016,44.66999816894531,34.27786636352539,5775800.0
2015-08-12,BK,44.279998779296875,44.279998779296875,43.099998474121094,43.900001525878906,33.687007904052734,8458100.0
2015-08-13,BK,44.0099983215332,44.13999938964844,43.720001220703125,43.869998931884766,33.66397476196289,3330800.0
2015-08-14,BK,43.77000045776367,44.09000015258789,43.75,44.06999969482422,33.817466735839844,3613200.0
2015-08-17,BK,43.90999984741211,44.15999984741211,43.66999816894531,44.060001373291016,33.80979537963867,3539100.0
2015-08-18,BK,43.0099983215332,44.36000061035156,43.0099983215332,44.349998474121094,34.03231430053711,7422300.0
2015-08-19,BK,44.060001373291016,44.459999084472656,44.029998779296875,44.18000030517578,33.90187072753906,9364300.0
2015-08-20,BK,43.70000076293945,43.810001373291016,42.7400016784668,42.79999923706055,32.84291458129883,9842400.0
2015-08-21,BK,42.41999816894531,42.529998779296875,41.41999816894531,41.45000076293945,31.806989669799805,9400300.0
2015-08-24,BK,38.58000183105469,40.29999923706055,36.459999084472656,38.63999938964844,29.65070152282715,12295500.0
2015-08-25,BK,40.040000915527344,40.119998931884766,37.75,37.779998779296875,28.990772247314453,10897400.0
2015-08-26,BK,38.869998931884766,39.66999816894531,37.9900016784668,39.470001220703125,30.287609100341797,9426300.0
2015-08-27,BK,39.93000030517578,40.81999969482422,39.84000015258789,40.79999923706055,31.308208465576172,8066400.0
2015-08-28,BK,40.560001373291016,40.79999923706055,40.18000030517578,40.66999816894531,31.20845603942871,4827000.0
2015-08-31,BK,40.349998474121094,40.380001068115234,39.689998626708984,39.79999923706055,30.54084014892578,6718600.0
2015-09-01,BK,38.810001373291016,39.099998474121094,38.099998474121094,38.34000015258789,29.42050552368164,8365800.0
2015-09-02,BK,38.9900016784668,39.04999923706055,38.43000030517578,39.02000045776367,29.942306518554688,6513200.0
2015-09-03,BK,39.209999084472656,39.81999969482422,39.09000015258789,39.279998779296875,30.141822814941406,8189500.0
2015-09-04,BK,38.79999923706055,38.900001525878906,38.310001373291016,38.4900016784668,29.53560447692871,6382000.0
2015-09-08,BK,39.29999923706055,39.380001068115234,38.689998626708984,39.31999969482422,30.172510147094727,6037400.0
2015-09-09,BK,39.97999954223633,40.27000045776367,38.880001068115234,38.97999954223633,29.91161346435547,5769300.0
2015-09-10,BK,38.77000045776367,39.599998474121094,38.650001525878906,39.33000183105469,30.180179595947266,5702200.0
2015-09-11,BK,39.040000915527344,39.56999969482422,38.7599983215332,39.560001373291016,30.356679916381836,4586600.0
2015-09-14,BK,39.5,39.66999816894531,39.220001220703125,39.560001373291016,30.356679916381836,4325500.0
2015-09-15,BK,39.68000030517578,40.220001220703125,39.45000076293945,40.060001373291016,30.740360260009766,5256700.0
2015-09-16,BK,40.0,40.31999969482422,39.63999938964844,40.22999954223633,30.870803833007812,4170900.0
2015-09-17,BK,40.83000183105469,41.119998931884766,39.68000030517578,39.810001373291016,30.548521041870117,7720400.0
2015-09-18,BK,39.209999084472656,39.279998779296875,38.68000030517578,38.86000061035156,29.81953239440918,10558100.0
2015-09-21,BK,39.20000076293945,39.540000915527344,39.0,39.43000030517578,30.25692367553711,3907100.0
2015-09-22,BK,38.7400016784668,39.119998931884766,38.400001525878906,38.849998474121094,29.81184196472168,5799600.0
2015-09-23,BK,38.79999923706055,38.959999084472656,38.459999084472656,38.81999969482422,29.788833618164062,3731300.0
2015-09-24,BK,38.36000061035156,38.65999984741211,38.13999938964844,38.52000045776367,29.558622360229492,4719200.0
2015-09-25,BK,39.18000030517578,39.7400016784668,38.70000076293945,39.599998474121094,30.387365341186523,7025300.0
2015-09-28,BK,39.16999816894531,39.349998474121094,38.13999938964844,38.20000076293945,29.31307029724121,6946900.0
2015-09-29,BK,38.2400016784668,38.5099983215332,37.869998931884766,38.439998626708984,29.49723243713379,4890000.0
2015-09-30,BK,39.040000915527344,39.189998626708984,38.68000030517578,39.150001525878906,30.04205894470215,6191500.0
2015-10-01,BK,39.099998474121094,39.40999984741211,38.75,39.36000061035156,30.203203201293945,5591000.0
2015-10-02,BK,38.189998626708984,39.18000030517578,37.47999954223633,39.16999816894531,30.057409286499023,7653900.0
2015-10-05,BK,39.540000915527344,40.25,39.400001525878906,40.150001525878906,30.80942153930664,5419800.0
2015-10-06,BK,39.95000076293945,40.2599983215332,39.65999984741211,39.959999084472656,30.663619995117188,4264400.0
2015-10-07,BK,40.34000015258789,40.599998474121094,40.09000015258789,40.54999923706055,31.116363525390625,4873900.0
2015-10-08,BK,40.349998474121094,40.880001068115234,40.209999084472656,40.869998931884766,31.361913681030273,4107800.0
2015-10-09,BK,40.810001373291016,40.90999984741211,40.16999816894531,40.45000076293945,31.03962516784668,4191000.0
2015-10-12,BK,40.36000061035156,40.599998474121094,40.22999954223633,40.459999084472656,31.047306060791016,2954100.0
2015-10-13,BK,40.150001525878906,40.400001525878906,39.790000915527344,39.84000015258789,30.571535110473633,4179200.0
2015-10-14,BK,39.66999816894531,39.66999816894531,39.18000030517578,39.2599983215332,30.12647247314453,5390600.0
2015-10-15,BK,39.689998626708984,40.5099983215332,39.540000915527344,40.47999954223633,31.062639236450195,3901700.0
2015-10-16,BK,40.72999954223633,40.86000061035156,40.16999816894531,40.4900016784668,31.0703182220459,5705300.0
2015-10-19,BK,39.9900016784668,40.540000915527344,39.9900016784668,40.16999816894531,30.824756622314453,5222800.0
2015-10-20,BK,41.0,41.630001068115234,40.79999923706055,41.25,31.653507232666016,8589700.0
2015-10-21,BK,41.369998931884766,41.72999954223633,40.810001373291016,40.84000015258789,31.338890075683594,8357600.0
2015-10-22,BK,41.08000183105469,41.959999084472656,40.9900016784668,41.650001525878906,31.960464477539062,8893700.0
2015-10-23,BK,42.130001068115234,42.40999984741211,41.77000045776367,42.25,32.420867919921875,5813700.0
2015-10-26,BK,42.16999816894531,42.400001525878906,41.86000061035156,41.88999938964844,32.14461898803711,5035200.0
2015-10-27,BK,41.560001373291016,41.7400016784668,41.29999923706055,41.709999084472656,32.0064811706543,5692800.0
2015-10-28,BK,41.83000183105469,43.16999816894531,41.75,43.06999969482422,33.05009841918945,7998100.0
2015-10-29,BK,42.88999938964844,43.15999984741211,42.36000061035156,42.45000076293945,32.70342254638672,5229500.0
2015-10-30,BK,42.459999084472656,42.66999816894531,41.619998931884766,41.650001525878906,32.08711624145508,8758900.0
2015-11-02,BK,41.869998931884766,42.36000061035156,41.650001525878906,42.25,32.549346923828125,5748600.0
2015-11-03,BK,42.09000015258789,42.869998931884766,41.959999084472656,42.650001525878906,32.85750961303711,6070000.0
2015-11-04,BK,42.65999984741211,42.90999984741211,42.4900016784668,42.59000015258789,32.81128692626953,4036100.0
2015-11-05,BK,42.72999954223633,43.43000030517578,42.40999984741211,43.290000915527344,33.35056686401367,6229900.0
2015-11-06,BK,44.150001525878906,44.72999954223633,43.84000015258789,44.189998626708984,34.04391860961914,6391300.0
2015-11-09,BK,44.31999969482422,44.34000015258789,43.5099983215332,43.66999816894531,33.643310546875,5187300.0
2015-11-10,BK,43.619998931884766,43.9900016784668,43.33000183105469,43.630001068115234,33.61249542236328,4792800.0
2015-11-11,BK,43.88999938964844,44.09000015258789,43.63999938964844,43.84000015258789,33.7742805480957,5618300.0
2015-11-12,BK,43.5099983215332,43.66999816894531,43.16999816894531,43.18000030517578,33.26582336425781,4334000.0
2015-11-13,BK,42.97999954223633,43.290000915527344,42.54999923706055,42.66999816894531,32.8729133605957,4041300.0
2015-11-16,BK,42.56999969482422,42.939998626708984,42.34000015258789,42.93000030517578,33.073219299316406,5529600.0
2015-11-17,BK,43.130001068115234,43.439998626708984,42.810001373291016,42.90999984741211,33.057804107666016,3969000.0
2015-11-18,BK,42.970001220703125,44.09000015258789,42.90999984741211,44.0,33.89754867553711,7093800.0
2015-11-19,BK,43.970001220703125,44.02000045776367,43.65999984741211,43.83000183105469,33.76657485961914,4400500.0
2015-11-20,BK,44.029998779296875,44.029998779296875,43.65999984741211,43.7400016784668,33.69724655151367,4505200.0
2015-11-23,BK,43.810001373291016,43.97999954223633,43.599998474121094,43.66999816894531,33.643310546875,5258400.0
2015-11-24,BK,43.25,43.86000061035156,43.130001068115234,43.68000030517578,33.65101623535156,5456700.0
2015-11-25,BK,43.83000183105469,43.970001220703125,43.61000061035156,43.93000030517578,33.84362030029297,4428500.0
2015-11-27,BK,43.869998931884766,44.0,43.75,43.880001068115234,33.80509567260742,1531000.0
2015-11-30,BK,43.91999816894531,44.4900016784668,43.7599983215332,43.84000015258789,33.7742805480957,6478500.0
2015-12-01,BK,44.04999923706055,44.27000045776367,43.650001525878906,43.90999984741211,33.82820510864258,5710300.0
2015-12-02,BK,44.08000183105469,44.15999984741211,43.41999816894531,43.4900016784668,33.50464630126953,5010600.0
2015-12-03,BK,43.66999816894531,43.810001373291016,42.83000183105469,42.97999954223633,33.11173629760742,5661600.0
2015-12-04,BK,43.209999084472656,44.220001220703125,43.11000061035156,44.060001373291016,33.94377517700195,8236200.0
2015-12-07,BK,43.95000076293945,44.099998474121094,43.349998474121094,43.59000015258789,33.581668853759766,4146200.0
2015-12-08,BK,43.18000030517578,43.459999084472656,43.0,43.150001525878906,33.242706298828125,8365300.0
2015-12-09,BK,42.880001068115234,43.29999923706055,42.16999816894531,42.400001525878906,32.6649055480957,10943800.0
2015-12-10,BK,42.41999816894531,42.7400016784668,42.040000915527344,42.27000045776367,32.56475067138672,8694000.0
2015-12-11,BK,41.65999984741211,41.81999969482422,40.5099983215332,40.77000045776367,31.40915870666504,11148500.0
2015-12-14,BK,40.93000030517578,41.27000045776367,40.02000045776367,40.38999938964844,31.11640739440918,13548900.0
2015-12-15,BK,40.9900016784668,42.209999084472656,40.9900016784668,42.040000915527344,32.38756561279297,8139800.0
2015-12-16,BK,42.459999084472656,42.95000076293945,42.029998779296875,42.70000076293945,32.89602279663086,10555600.0
2015-12-17,BK,42.66999816894531,42.779998779296875,41.2599983215332,41.2599983215332,31.78665542602539,7513100.0
2015-12-18,BK,40.869998931884766,41.029998779296875,40.20000076293945,40.220001220703125,30.985445022583008,9848900.0
2015-12-21,BK,40.54999923706055,40.75,40.150001525878906,40.59000015258789,31.27049446105957,3485400.0
2015-12-22,BK,40.91999816894531,41.029998779296875,40.40999984741211,40.9900016784668,31.578643798828125,10428700.0
2015-12-23,BK,41.2400016784668,41.380001068115234,41.04999923706055,41.349998474121094,31.855974197387695,5577000.0
2015-12-24,BK,41.34000015258789,41.43000030517578,41.099998474121094,41.22999954223633,31.76352882385254,2485600.0
2015-12-28,BK,41.0,41.22999954223633,40.83000183105469,41.13999938964844,31.694196701049805,2813700.0
2015-12-29,BK,41.459999084472656,42.02000045776367,41.33000183105469,41.720001220703125,32.14104461669922,3537600.0
2015-12-30,BK,41.59000015258789,41.790000915527344,41.27000045776367,41.279998779296875,31.802064895629883,2308000.0
2015-12-31,BK,40.970001220703125,41.810001373291016,40.900001525878906,41.220001220703125,31.75583839416504,6392900.0
2016-01-04,BK,40.290000915527344,40.290000915527344,39.47999954223633,39.970001220703125,30.79283332824707,7528200.0
2016-01-05,BK,39.939998626708984,40.2400016784668,39.59000015258789,39.81999969482422,30.677270889282227,6996700.0
2016-01-06,BK,39.150001525878906,39.22999954223633,38.689998626708984,38.81999969482422,29.906875610351562,7073900.0
2016-01-07,BK,38.13999938964844,38.619998931884766,37.72999954223633,37.84000015258789,29.151884078979492,8238400.0
2016-01-08,BK,38.20000076293945,38.29999923706055,37.06999969482422,37.150001525878906,28.620315551757812,6984900.0
2016-01-11,BK,37.650001525878906,37.72999954223633,36.959999084472656,37.41999816894531,28.828325271606445,5718800.0
2016-01-12,BK,38.0,38.099998474121094,37.15999984741211,37.720001220703125,29.0594425201416,6445200.0
2016-01-13,BK,38.0099983215332,38.099998474121094,36.27000045776367,36.459999084472656,28.0887393951416,8969300.0
2016-01-14,BK,36.7400016784668,37.40999984741211,36.099998474121094,37.06999969482422,28.558670043945312,7370000.0
2016-01-15,BK,35.61000061035156,36.20000076293945,35.34000015258789,35.779998779296875,27.56486701965332,7459400.0
2016-01-19,BK,36.380001068115234,36.4900016784668,35.720001220703125,35.93000030517578,27.680421829223633,8179000.0
2016-01-20,BK,34.88999938964844,35.900001525878906,34.75,35.470001220703125,27.326040267944336,12983400.0
2016-01-21,BK,35.709999084472656,36.0,34.2400016784668,34.310001373291016,26.432376861572266,12502400.0
2016-01-22,BK,34.81999969482422,35.400001525878906,34.63999938964844,35.150001525878906,27.079511642456055,9117400.0
2016-01-25,BK,35.02000045776367,35.20000076293945,34.560001373291016,34.66999816894531,26.70972442626953,8933700.0
2016-01-26,BK,34.75,35.72999954223633,34.75,35.560001373291016,27.395383834838867,7427700.0
2016-01-27,BK,35.40999984741211,36.380001068115234,35.15999984741211,35.43000030517578,27.29523277282715,7119100.0
2016-01-28,BK,35.75,35.97999954223633,34.9900016784668,35.369998931884766,27.249004364013672,7181000.0
2016-01-29,BK,35.58000183105469,36.22999954223633,35.43000030517578,36.220001220703125,28.038604736328125,7700000.0
2016-02-01,BK,35.86000061035156,36.04999923706055,35.22999954223633,35.5,27.48124122619629,6557200.0
2016-02-02,BK,34.959999084472656,35.119998931884766,34.060001373291016,34.290000915527344,26.5445613861084,8421200.0
2016-02-03,BK,34.54999923706055,34.59000015258789,33.15999984741211,34.34000015258789,26.583263397216797,8497200.0
2016-02-04,BK,34.27000045776367,35.209999084472656,34.150001525878906,34.95000076293945,27.05547523498535,6187900.0
2016-02-05,BK,35.0,35.369998931884766,34.33000183105469,34.459999084472656,26.676158905029297,5552300.0
2016-02-08,BK,33.689998626708984,33.81999969482422,32.810001373291016,33.29999923706055,25.778173446655273,9439800.0
2016-02-09,BK,32.599998474121094,33.90999984741211,32.41999816894531,33.599998474121094,26.010412216186523,6777300.0
2016-02-10,BK,34.060001373291016,34.27000045776367,33.540000915527344,33.560001373291016,25.979446411132812,7721400.0
2016-02-11,BK,32.310001373291016,33.040000915527344,32.20000076293945,32.7400016784668,25.34466552734375,9782600.0
2016-02-12,BK,33.41999816894531,33.939998626708984,33.0,33.83000183105469,26.188461303710938,9234000.0
2016-02-16,BK,34.459999084472656,34.83000183105469,34.18000030517578,34.54999923706055,26.74582862854004,8241800.0
2016-02-17,BK,35.040000915527344,35.349998474121094,34.86000061035156,34.90999984741211,27.02450942993164,8377600.0
2016-02-18,BK,34.959999084472656,35.11000061035156,34.41999816894531,34.540000915527344,26.738086700439453,6913800.0
2016-02-19,BK,34.40999984741211,35.0099983215332,34.33000183105469,34.93000030517578,27.039995193481445,7296900.0
2016-02-22,BK,34.93000030517578,35.689998626708984,34.93000030517578,35.43000030517578,27.427053451538086,5184600.0
2016-02-23,BK,35.290000915527344,35.310001373291016,34.70000076293945,35.060001373291016,27.14063262939453,5033200.0
2016-02-24,BK,34.290000915527344,34.88999938964844,33.81999969482422,34.77000045776367,26.916133880615234,5894700.0
2016-02-25,BK,34.779998779296875,35.349998474121094,34.52000045776367,35.33000183105469,27.34963607788086,4677600.0
2016-02-26,BK,35.59000015258789,36.400001525878906,35.58000183105469,36.119998931884766,27.961196899414062,6652500.0
2016-02-29,BK,35.939998626708984,36.099998474121094,35.380001068115234,35.38999938964844,27.396085739135742,7019400.0
2016-03-01,BK,35.61000061035156,36.83000183105469,35.59000015258789,36.79999923706055,28.487586975097656,6993900.0
2016-03-02,BK,36.689998626708984,37.439998626708984,36.689998626708984,37.41999816894531,28.967540740966797,6846300.0
2016-03-03,BK,37.369998931884766,37.720001220703125,37.20000076293945,37.689998626708984,29.176559448242188,5228200.0
2016-03-04,BK,37.849998474121094,38.43000030517578,37.810001373291016,38.09000015258789,29.486202239990234,7570000.0
2016-03-07,BK,37.66999816894531,38.2400016784668,37.459999084472656,38.16999816894531,29.548139572143555,4698500.0
2016-03-08,BK,37.68000030517578,37.900001525878906,37.209999084472656,37.4900016784668,29.021739959716797,6171900.0
2016-03-09,BK,37.790000915527344,37.849998474121094,37.0,37.13999938964844,28.750795364379883,5889700.0
2016-03-10,BK,37.439998626708984,37.560001373291016,36.27000045776367,36.869998931884766,28.541780471801758,7147600.0
2016-03-11,BK,37.33000183105469,37.810001373291016,37.220001220703125,37.75,29.22300910949707,6131100.0
2016-03-14,BK,37.40999984741211,37.779998779296875,37.220001220703125,37.630001068115234,29.130115509033203,4842200.0
2016-03-15,BK,37.2400016784668,37.5,36.9900016784668,37.4900016784668,29.021739959716797,4695100.0
2016-03-16,BK,37.369998931884766,37.86000061035156,36.88999938964844,37.16999816894531,28.774015426635742,6295800.0
2016-03-17,BK,37.060001373291016,37.459999084472656,36.70000076293945,37.380001068115234,28.936586380004883,8577200.0
2016-03-18,BK,37.59000015258789,38.310001373291016,37.52000045776367,38.150001525878906,29.53265380859375,10530200.0
2016-03-21,BK,38.20000076293945,38.560001373291016,37.86000061035156,38.130001068115234,29.51717758178711,5365500.0
2016-03-22,BK,37.75,38.09000015258789,37.560001373291016,37.86000061035156,29.308151245117188,4491500.0
2016-03-23,BK,37.88999938964844,37.939998626708984,37.41999816894531,37.52000045776367,29.044963836669922,5096300.0
2016-03-24,BK,37.09000015258789,37.31999969482422,36.79999923706055,37.279998779296875,28.859174728393555,3667500.0
2016-03-28,BK,37.31999969482422,37.52000045776367,37.04999923706055,37.34000015258789,28.905603408813477,3695000.0
2016-03-29,BK,36.939998626708984,37.060001373291016,36.59000015258789,36.970001220703125,28.619192123413086,4907800.0
2016-03-30,BK,37.29999923706055,37.65999984741211,37.060001373291016,37.13999938964844,28.750795364379883,5087200.0
2016-03-31,BK,37.0,37.34000015258789,36.720001220703125,36.83000183105469,28.510822296142578,4755500.0
2016-04-01,BK,36.65999984741211,37.0099983215332,36.380001068115234,36.93000030517578,28.588224411010742,6374700.0
2016-04-04,BK,36.91999816894531,37.189998626708984,36.810001373291016,37.040000915527344,28.67338752746582,4674700.0
2016-04-05,BK,36.59000015258789,36.88999938964844,36.38999938964844,36.52000045776367,28.27083969116211,6456800.0
2016-04-06,BK,36.470001220703125,37.099998474121094,36.43000030517578,36.970001220703125,28.619192123413086,10732800.0
2016-04-07,BK,36.599998474121094,36.7400016784668,35.540000915527344,35.66999816894531,27.612836837768555,4918000.0
2016-04-08,BK,36.04999923706055,36.130001068115234,35.439998626708984,35.4900016784668,27.473499298095703,5383400.0
2016-04-11,BK,35.7599983215332,36.13999938964844,35.63999938964844,35.86000061035156,27.759923934936523,4004700.0
2016-04-12,BK,36.0099983215332,36.33000183105469,35.90999984741211,36.130001068115234,27.968942642211914,5531200.0
2016-04-13,BK,36.439998626708984,37.779998779296875,36.43000030517578,37.779998779296875,29.246231079101562,6000600.0
2016-04-14,BK,37.709999084472656,38.41999816894531,37.5099983215332,38.060001373291016,29.462984085083008,4652200.0
2016-04-15,BK,38.02000045776367,38.27000045776367,37.70000076293945,37.849998474121094,29.300418853759766,5289700.0
2016-04-18,BK,37.689998626708984,38.31999969482422,37.54999923706055,38.310001373291016,29.656505584716797,4257700.0
2016-04-19,BK,38.380001068115234,38.9900016784668,38.380001068115234,38.84000015258789,30.066804885864258,5092300.0
2016-04-20,BK,38.81999969482422,39.720001220703125,38.81999969482422,39.720001220703125,30.748027801513672,7314400.0
2016-04-21,BK,40.16999816894531,40.95000076293945,39.91999816894531,40.70000076293945,31.50665855407715,8406700.0
2016-04-22,BK,40.58000183105469,41.400001525878906,40.529998779296875,41.060001373291016,31.78534507751465,6815400.0
2016-04-25,BK,40.86000061035156,41.150001525878906,40.599998474121094,40.66999816894531,31.483430862426758,6368100.0
2016-04-26,BK,40.900001525878906,41.279998779296875,40.849998474121094,41.22999954223633,31.91693878173828,6005800.0
2016-04-27,BK,41.060001373291016,41.599998474121094,40.9900016784668,41.279998779296875,31.955636978149414,5129000.0
2016-04-28,BK,40.86000061035156,41.15999984741211,40.56999969482422,40.63999938964844,31.4602108001709,5453100.0
2016-04-29,BK,40.189998626708984,40.5099983215332,39.75,40.2400016784668,31.281408309936523,5947600.0
2016-05-02,BK,40.279998779296875,40.849998474121094,40.02000045776367,40.77000045776367,31.693431854248047,6055700.0
2016-05-03,BK,40.09000015258789,40.119998931884766,39.40999984741211,39.810001373291016,30.947153091430664,4974300.0
2016-05-04,BK,39.38999938964844,39.77000045776367,39.06999969482422,39.279998779296875,30.535146713256836,4297400.0
2016-05-05,BK,39.279998779296875,39.54999923706055,39.04999923706055,39.400001525878906,30.628429412841797,3790000.0
2016-05-06,BK,39.150001525878906,39.59000015258789,38.97999954223633,39.529998779296875,30.729475021362305,3553400.0
2016-05-09,BK,39.47999954223633,39.7400016784668,39.22999954223633,39.369998931884766,30.6051025390625,4714000.0
2016-05-10,BK,39.689998626708984,40.27000045776367,39.58000183105469,40.2400016784668,31.281408309936523,4152300.0
2016-05-11,BK,40.06999969482422,40.38999938964844,39.869998931884766,39.869998931884766,30.99378776550293,5318000.0
2016-05-12,BK,40.119998931884766,40.400001525878906,39.45000076293945,39.7400016784668,30.89272689819336,6713700.0
2016-05-13,BK,39.75,40.150001525878906,39.29999923706055,39.439998626708984,30.659515380859375,5411300.0
2016-05-16,BK,39.31999969482422,39.95000076293945,39.29999923706055,39.7400016784668,30.89272689819336,3904500.0
2016-05-17,BK,39.540000915527344,40.15999984741211,39.45000076293945,39.84000015258789,30.970478057861328,8157600.0
2016-05-18,BK,39.900001525878906,41.15999984741211,39.86000061035156,41.13999938964844,31.98105239868164,8032000.0
2016-05-19,BK,40.849998474121094,41.2599983215332,40.4900016784668,40.83000183105469,31.74007225036621,5677400.0
2016-05-20,BK,41.0099983215332,41.43000030517578,40.959999084472656,41.06999969482422,31.926645278930664,4310000.0
2016-05-23,BK,40.93000030517578,41.18000030517578,40.650001525878906,40.970001220703125,31.848901748657227,3587400.0
2016-05-24,BK,41.220001220703125,41.959999084472656,41.13999938964844,41.68000030517578,32.400840759277344,4753000.0
2016-05-25,BK,41.97999954223633,42.54999923706055,41.91999816894531,42.209999084472656,32.81283187866211,5547200.0
2016-05-26,BK,42.09000015258789,42.29999923706055,41.7599983215332,42.029998779296875,32.67292022705078,3576700.0
2016-05-27,BK,42.15999984741211,42.36000061035156,41.880001068115234,42.27000045776367,32.85947799682617,4028400.0
2016-05-31,BK,42.52000045776367,42.560001373291016,41.91999816894531,42.060001373291016,32.69624328613281,5628500.0
2016-06-01,BK,41.68000030517578,42.310001373291016,41.349998474121094,42.25,32.84392547607422,4034900.0
2016-06-02,BK,42.18000030517578,42.20000076293945,41.939998626708984,42.15999984741211,32.77397155761719,4827900.0
2016-06-03,BK,41.27000045776367,41.63999938964844,40.959999084472656,41.52000045776367,32.276458740234375,7314700.0
2016-06-06,BK,41.66999816894531,42.61000061035156,41.66999816894531,42.38999938964844,32.9527473449707,5050300.0
2016-06-07,BK,42.36000061035156,42.52000045776367,42.029998779296875,42.040000915527344,32.68068313598633,4630900.0
2016-06-08,BK,42.029998779296875,42.33000183105469,41.95000076293945,42.060001373291016,32.69624328613281,3536100.0
2016-06-09,BK,41.81999969482422,41.849998474121094,41.369998931884766,41.650001525878906,32.37751770019531,5623400.0
2016-06-10,BK,41.06999969482422,41.31999969482422,41.0099983215332,41.2400016784668,32.05879592895508,5330000.0
2016-06-13,BK,41.09000015258789,41.529998779296875,40.959999084472656,40.959999084472656,31.841127395629883,5267200.0
2016-06-14,BK,40.79999923706055,41.16999816894531,40.0099983215332,40.150001525878906,31.211454391479492,6521900.0
2016-06-15,BK,40.41999816894531,40.689998626708984,40.209999084472656,40.2599983215332,31.296960830688477,4210600.0
2016-06-16,BK,39.7599983215332,40.189998626708984,39.400001525878906,40.15999984741211,31.21923828125,3971800.0
2016-06-17,BK,40.2400016784668,40.439998626708984,39.880001068115234,40.060001373291016,31.141498565673828,5470500.0
2016-06-20,BK,40.880001068115234,41.11000061035156,40.36000061035156,40.41999816894531,31.421340942382812,4964500.0
2016-06-21,BK,40.689998626708984,40.689998626708984,40.31999969482422,40.439998626708984,31.436893463134766,3700900.0
2016-06-22,BK,40.4900016784668,40.83000183105469,40.41999816894531,40.599998474121094,31.5612735748291,4704300.0
2016-06-23,BK,41.099998474121094,41.540000915527344,41.099998474121094,41.540000915527344,32.29201126098633,4491000.0
2016-06-24,BK,39.380001068115234,39.599998474121094,37.959999084472656,37.9900016784668,29.532329559326172,12061900.0
2016-06-27,BK,37.220001220703125,37.2599983215332,35.720001220703125,35.880001068115234,27.892080307006836,10241000.0
2016-06-28,BK,36.52000045776367,36.790000915527344,36.04999923706055,36.790000915527344,28.599489212036133,6531800.0
2016-06-29,BK,37.22999954223633,38.02000045776367,36.970001220703125,38.0,29.540098190307617,8431400.0
2016-06-30,BK,38.45000076293945,38.869998931884766,37.970001220703125,38.849998474121094,30.20086669921875,7417400.0
2016-07-01,BK,38.599998474121094,38.72999954223633,38.0,38.040000915527344,29.571205139160156,5724900.0
2016-07-05,BK,37.650001525878906,37.650001525878906,36.869998931884766,37.130001068115234,28.86379051208496,10249100.0
2016-07-06,BK,36.779998779296875,37.400001525878906,36.5,37.310001373291016,29.00371551513672,8480200.0
2016-07-07,BK,37.290000915527344,38.150001525878906,37.290000915527344,37.7599983215332,29.35352897644043,5705200.0
2016-07-08,BK,38.11000061035156,38.540000915527344,38.11000061035156,38.4900016784668,29.9210205078125,4742800.0
2016-07-11,BK,38.81999969482422,39.11000061035156,38.529998779296875,38.59000015258789,29.998748779296875,3930000.0
2016-07-12,BK,39.04999923706055,39.459999084472656,39.029998779296875,39.369998931884766,30.6051025390625,5769200.0
2016-07-13,BK,39.310001373291016,39.630001068115234,39.029998779296875,39.40999984741211,30.636188507080078,4342900.0
2016-07-14,BK,40.66999816894531,40.66999816894531,39.59000015258789,39.689998626708984,30.85386085510254,3865700.0
2016-07-15,BK,40.09000015258789,40.09000015258789,39.47999954223633,39.790000915527344,30.931591033935547,3946200.0
2016-07-18,BK,39.86000061035156,40.02000045776367,39.66999816894531,39.93000030517578,31.04042625427246,3433700.0
2016-07-19,BK,39.720001220703125,39.779998779296875,39.5,39.709999084472656,30.869409561157227,2963300.0
2016-07-20,BK,40.0,40.029998779296875,39.52000045776367,40.0099983215332,31.102615356445312,4815400.0
2016-07-21,BK,39.45000076293945,39.79999923706055,38.56999969482422,38.599998474121094,30.00652313232422,8301500.0
2016-07-22,BK,38.63999938964844,39.25,38.619998931884766,39.189998626708984,30.465166091918945,4919700.0
2016-07-25,BK,39.209999084472656,39.439998626708984,38.869998931884766,39.04999923706055,30.35634994506836,4447500.0
2016-07-26,BK,39.18000030517578,39.68000030517578,39.099998474121094,39.599998474121094,30.78389549255371,6350900.0
2016-07-27,BK,39.59000015258789,40.290000915527344,39.470001220703125,39.93000030517578,31.04042625427246,7067700.0
2016-07-28,BK,39.790000915527344,39.95000076293945,39.560001373291016,39.83000183105469,30.962690353393555,4144800.0
2016-07-29,BK,39.470001220703125,39.7599983215332,39.349998474121094,39.400001525878906,30.775226593017578,4375300.0
2016-08-01,BK,39.54999923706055,39.709999084472656,39.11000061035156,39.20000076293945,30.619009017944336,3742300.0
2016-08-02,BK,39.209999084472656,39.2400016784668,38.529998779296875,38.79999923706055,30.306581497192383,4321800.0
2016-08-03,BK,38.869998931884766,39.369998931884766,38.790000915527344,39.220001220703125,30.634634017944336,3759400.0
2016-08-04,BK,39.13999938964844,39.279998779296875,38.83000183105469,38.939998626708984,30.41592788696289,5517100.0
2016-08-05,BK,39.540000915527344,40.529998779296875,39.41999816894531,40.5,31.634435653686523,5482500.0
2016-08-08,BK,40.5,40.84000015258789,40.470001220703125,40.59000015258789,31.704730987548828,3028100.0
2016-08-09,BK,40.56999969482422,40.70000076293945,40.27000045776367,40.279998779296875,31.46259117126465,2966600.0
2016-08-10,BK,40.290000915527344,40.369998931884766,39.79999923706055,39.84000015258789,31.118906021118164,2696000.0
2016-08-11,BK,39.869998931884766,40.20000076293945,39.7400016784668,40.040000915527344,31.27513313293457,2609600.0
2016-08-12,BK,39.58000183105469,39.75,39.41999816894531,39.72999954223633,31.03299331665039,3054300.0
2016-08-15,BK,39.97999954223633,40.27000045776367,39.88999938964844,40.15999984741211,31.368867874145508,2239600.0
2016-08-16,BK,39.88999938964844,40.31999969482422,39.880001068115234,39.9900016784668,31.236083984375,3634400.0
2016-08-17,BK,40.029998779296875,40.279998779296875,39.9900016784668,40.209999084472656,31.407930374145508,3936900.0
2016-08-18,BK,40.060001373291016,40.380001068115234,39.97999954223633,40.2400016784668,31.43134307861328,2800900.0
2016-08-19,BK,40.060001373291016,40.349998474121094,39.869998931884766,40.25,31.43915367126465,3117000.0
2016-08-22,BK,40.15999984741211,40.33000183105469,39.970001220703125,40.18000030517578,31.384498596191406,2214200.0
2016-08-23,BK,40.400001525878906,40.52000045776367,40.2400016784668,40.25,31.43915367126465,2133700.0
2016-08-24,BK,40.349998474121094,40.45000076293945,40.15999984741211,40.290000915527344,31.470407485961914,2616500.0
2016-08-25,BK,40.220001220703125,40.529998779296875,40.20000076293945,40.529998779296875,31.657875061035156,3026200.0
2016-08-26,BK,40.65999984741211,41.0,40.529998779296875,40.849998474121094,31.90781593322754,4970200.0
2016-08-29,BK,40.91999816894531,41.40999984741211,40.84000015258789,41.2599983215332,32.228065490722656,3178700.0
2016-08-30,BK,41.150001525878906,41.720001220703125,41.150001525878906,41.709999084472656,32.57957077026367,3259800.0
2016-08-31,BK,41.779998779296875,41.9900016784668,41.20000076293945,41.66999816894531,32.548316955566406,4433600.0
2016-09-01,BK,41.79999923706055,42.02000045776367,41.09000015258789,41.470001220703125,32.39210510253906,3357100.0
2016-09-02,BK,41.58000183105469,41.7599983215332,41.290000915527344,41.650001525878906,32.53269958496094,2493200.0
2016-09-06,BK,41.560001373291016,41.7599983215332,41.18000030517578,41.47999954223633,32.39991760253906,4117400.0
2016-09-07,BK,41.290000915527344,41.56999969482422,41.150001525878906,41.290000915527344,32.25151062011719,4372400.0
2016-09-08,BK,41.31999969482422,41.75,41.2599983215332,41.439998626708984,32.36866760253906,4161800.0
2016-09-09,BK,41.34000015258789,41.7400016784668,40.93000030517578,40.93000030517578,31.970304489135742,5830600.0
2016-09-12,BK,40.689998626708984,41.59000015258789,40.5099983215332,41.459999084472656,32.38429260253906,5022100.0
2016-09-13,BK,40.900001525878906,41.150001525878906,40.459999084472656,40.7400016784668,31.82190704345703,5339600.0
2016-09-14,BK,40.650001525878906,40.90999984741211,40.43000030517578,40.540000915527344,31.66569709777832,4259900.0
2016-09-15,BK,40.5,41.0099983215332,40.43000030517578,40.849998474121094,31.90781593322754,4478000.0
2016-09-16,BK,40.4900016784668,40.560001373291016,40.0,40.060001373291016,31.290752410888672,6281600.0
2016-09-19,BK,40.25,40.630001068115234,39.95000076293945,40.09000015258789,31.31418800354004,5218400.0
2016-09-20,BK,40.459999084472656,40.779998779296875,40.130001068115234,40.18000030517578,31.384498596191406,5032100.0
2016-09-21,BK,40.41999816894531,40.65999984741211,40.16999816894531,40.52000045776367,31.65007209777832,4393000.0
2016-09-22,BK,40.869998931884766,40.900001525878906,40.2400016784668,40.349998474121094,31.517269134521484,4540700.0
2016-09-23,BK,40.189998626708984,40.54999923706055,40.0099983215332,40.20000076293945,31.40010643005371,5712300.0
2016-09-26,BK,39.83000183105469,39.959999084472656,39.43000030517578,39.54999923706055,30.892393112182617,4418000.0
2016-09-27,BK,39.45000076293945,39.63999938964844,39.099998474121094,39.5,30.853342056274414,8474000.0
2016-09-28,BK,39.56999969482422,39.650001525878906,39.310001373291016,39.5,30.853342056274414,8115900.0
2016-09-29,BK,39.5,39.900001525878906,38.779998779296875,39.060001373291016,30.50965690612793,12859900.0
2016-09-30,BK,39.47999954223633,40.08000183105469,39.29999923706055,39.880001068115234,31.15015411376953,8674700.0
2016-10-03,BK,39.779998779296875,39.900001525878906,39.52000045776367,39.689998626708984,31.00174903869629,3666500.0
2016-10-04,BK,39.83000183105469,40.400001525878906,39.630001068115234,40.20000076293945,31.40010643005371,6533300.0
2016-10-05,BK,40.5,40.900001525878906,40.380001068115234,40.83000183105469,31.89219856262207,5721900.0
2016-10-06,BK,40.900001525878906,40.939998626708984,40.459999084472656,40.72999954223633,31.81409454345703,4367400.0
2016-10-07,BK,40.79999923706055,40.970001220703125,40.349998474121094,40.56999969482422,31.689119338989258,4048400.0
2016-10-10,BK,40.88999938964844,40.95000076293945,40.630001068115234,40.68000030517578,31.77505111694336,2933700.0
2016-10-11,BK,40.599998474121094,40.650001525878906,39.779998779296875,39.95000076293945,31.204837799072266,4092900.0
2016-10-12,BK,40.040000915527344,40.34000015258789,39.77000045776367,40.119998931884766,31.337615966796875,4022200.0
2016-10-13,BK,39.7400016784668,39.7400016784668,38.68000030517578,39.09000015258789,30.533092498779297,5866300.0
2016-10-14,BK,39.56999969482422,39.81999969482422,39.369998931884766,39.470001220703125,30.829898834228516,4718800.0
2016-10-17,BK,39.56999969482422,39.650001525878906,39.189998626708984,39.29999923706055,30.697120666503906,3419200.0
2016-10-18,BK,39.779998779296875,40.099998474121094,39.61000061035156,40.029998779296875,31.267318725585938,4206100.0
2016-10-19,BK,40.33000183105469,40.47999954223633,39.93000030517578,40.43000030517578,31.57975959777832,4790000.0
2016-10-20,BK,41.560001373291016,42.34000015258789,41.47999954223633,42.25,33.0013542175293,14251100.0
2016-10-21,BK,42.02000045776367,43.15999984741211,41.93000030517578,43.04999923706055,33.6262321472168,12004300.0
2016-10-24,BK,43.43000030517578,43.59000015258789,43.119998931884766,43.40999984741211,33.90742492675781,9148100.0
2016-10-25,BK,43.279998779296875,43.5,43.16999816894531,43.400001525878906,33.89961624145508,7746000.0
2016-10-26,BK,43.15999984741211,43.72999954223633,43.130001068115234,43.61000061035156,34.063655853271484,6747500.0
2016-10-27,BK,43.72999954223633,43.880001068115234,43.29999923706055,43.70000076293945,34.13395309448242,8129200.0
2016-10-28,BK,43.529998779296875,43.779998779296875,43.16999816894531,43.5,34.126102447509766,5588000.0
2016-10-31,BK,43.5099983215332,43.79999923706055,43.2599983215332,43.27000045776367,33.94567108154297,5475000.0
2016-11-01,BK,43.45000076293945,43.599998474121094,42.93000030517578,43.400001525878906,34.04765701293945,4664800.0
2016-11-02,BK,43.15999984741211,43.25,42.72999954223633,42.869998931884766,33.631858825683594,5350800.0
2016-11-03,BK,43.16999816894531,43.40999984741211,42.91999816894531,43.040000915527344,33.76522445678711,4872900.0
2016-11-04,BK,43.040000915527344,43.27000045776367,42.7599983215332,42.9900016784668,33.72600555419922,6580600.0
2016-11-07,BK,43.709999084472656,44.040000915527344,43.650001525878906,44.029998779296875,34.5418815612793,7611500.0
2016-11-08,BK,43.880001068115234,44.25,43.709999084472656,43.880001068115234,34.42422103881836,6070800.0
2016-11-09,BK,43.970001220703125,45.75,43.95000076293945,45.540000915527344,35.726505279541016,14031700.0
2016-11-10,BK,45.9900016784668,47.61000061035156,45.56999969482422,46.209999084472656,36.25212097167969,15596900.0
2016-11-11,BK,46.040000915527344,46.790000915527344,45.91999816894531,46.72999954223633,36.660057067871094,6637100.0
2016-11-14,BK,46.97999954223633,47.869998931884766,46.959999084472656,47.529998779296875,37.28766632080078,10084300.0
2016-11-15,BK,47.04999923706055,47.959999084472656,46.7400016784668,47.93000030517578,37.60147476196289,7965500.0
2016-11-16,BK,47.439998626708984,47.5099983215332,46.91999816894531,47.04999923706055,36.91109848022461,6371700.0
2016-11-17,BK,47.0,47.849998474121094,46.93000030517578,47.599998474121094,37.34258270263672,6400700.0
2016-11-18,BK,47.529998779296875,47.66999816894531,47.15999984741211,47.439998626708984,37.21705627441406,5808900.0
2016-11-21,BK,47.380001068115234,47.59000015258789,47.25,47.41999816894531,37.20137023925781,5023900.0
2016-11-22,BK,47.33000183105469,47.54999923706055,46.900001525878906,47.25,37.0680046081543,5700100.0
2016-11-23,BK,47.470001220703125,47.709999084472656,47.16999816894531,47.470001220703125,37.240596771240234,3931100.0
2016-11-25,BK,47.459999084472656,47.470001220703125,47.290000915527344,47.470001220703125,37.240596771240234,2329300.0
2016-11-28,BK,47.0099983215332,47.38999938964844,46.90999984741211,47.029998779296875,36.89542007446289,4615500.0
2016-11-29,BK,47.099998474121094,47.310001373291016,46.84000015258789,47.04999923706055,36.91109848022461,5635900.0
2016-11-30,BK,47.459999084472656,47.72999954223633,47.369998931884766,47.41999816894531,37.20137023925781,8375300.0
2016-12-01,BK,47.66999816894531,48.66999816894531,47.56999969482422,48.599998474121094,38.12709045410156,7570700.0
2016-12-02,BK,48.45000076293945,48.56999969482422,47.58000183105469,47.650001525878906,37.38180923461914,4578900.0
2016-12-05,BK,48.209999084472656,48.5099983215332,47.75,47.86000061035156,37.54655075073242,6645300.0
2016-12-06,BK,48.13999938964844,48.22999954223633,47.58000183105469,47.9900016784668,37.64854431152344,5772300.0
2016-12-07,BK,48.18000030517578,48.54999923706055,47.88999938964844,48.54999923706055,38.087867736816406,9183500.0
2016-12-08,BK,48.63999938964844,49.540000915527344,48.369998931884766,49.16999816894531,38.57427215576172,6025500.0
2016-12-09,BK,48.970001220703125,49.02000045776367,48.34000015258789,48.619998931884766,38.142784118652344,6458300.0
2016-12-12,BK,48.59000015258789,48.970001220703125,48.189998626708984,48.220001220703125,37.8289794921875,7145800.0
2016-12-13,BK,48.54999923706055,48.790000915527344,47.93000030517578,48.279998779296875,37.876060485839844,5324500.0
2016-12-14,BK,47.88999938964844,48.81999969482422,47.68000030517578,48.06999969482422,37.71131134033203,6188300.0
2016-12-15,BK,48.27000045776367,48.84000015258789,47.900001525878906,48.349998474121094,37.93096923828125,6033700.0
2016-12-16,BK,48.619998931884766,48.619998931884766,47.470001220703125,47.560001373291016,37.31120300292969,7418800.0
2016-12-19,BK,47.45000076293945,47.52000045776367,47.02000045776367,47.279998779296875,37.0915412902832,6479400.0
2016-12-20,BK,47.709999084472656,47.880001068115234,47.4900016784668,47.68000030517578,37.40535354614258,5772400.0
2016-12-21,BK,47.72999954223633,47.75,47.310001373291016,47.54999923706055,37.30335998535156,3638100.0
2016-12-22,BK,47.54999923706055,47.79999923706055,47.4900016784668,47.61000061035156,37.35043716430664,4564300.0
2016-12-23,BK,47.61000061035156,47.689998626708984,47.2400016784668,47.58000183105469,37.3268928527832,3788600.0
2016-12-27,BK,47.790000915527344,47.86000061035156,47.5,47.72999954223633,37.44457244873047,2266600.0
2016-12-28,BK,48.400001525878906,48.52000045776367,47.63999938964844,47.650001525878906,37.38180923461914,6145300.0
2016-12-29,BK,47.7599983215332,47.95000076293945,46.970001220703125,47.34000015258789,37.138614654541016,7461800.0
2016-12-30,BK,47.43000030517578,47.619998931884766,47.22999954223633,47.380001068115234,37.16999435424805,3604700.0
2017-01-03,BK,48.029998779296875,48.63999938964844,47.70000076293945,47.959999084472656,37.62500762939453,6195900.0
2017-01-04,BK,48.25,48.7400016784668,48.08000183105469,48.709999084472656,38.21339416503906,7735300.0
2017-01-05,BK,48.5,48.959999084472656,47.58000183105469,48.09000015258789,37.726993560791016,5295500.0
2017-01-06,BK,47.939998626708984,48.439998626708984,47.63999938964844,48.16999816894531,37.78975296020508,4533800.0
2017-01-09,BK,47.849998474121094,48.040000915527344,47.4900016784668,47.63999938964844,37.37397384643555,5184900.0
2017-01-10,BK,47.75,48.150001525878906,47.61000061035156,47.720001220703125,37.436737060546875,4556400.0
2017-01-11,BK,47.63999938964844,48.04999923706055,47.290000915527344,48.029998779296875,37.67991638183594,4029900.0
2017-01-12,BK,47.810001373291016,47.959999084472656,47.02000045776367,47.459999084472656,37.232757568359375,4387500.0
2017-01-13,BK,47.72999954223633,48.15999984741211,47.540000915527344,47.7400016784668,37.45241165161133,4780600.0
2017-01-17,BK,47.380001068115234,47.459999084472656,46.380001068115234,46.43000030517578,36.424713134765625,5231600.0
2017-01-18,BK,46.470001220703125,46.5099983215332,45.459999084472656,46.22999954223633,36.26780700683594,8422000.0
2017-01-19,BK,46.349998474121094,46.560001373291016,44.689998626708984,44.84000015258789,35.17734146118164,12816600.0
2017-01-20,BK,44.689998626708984,45.09000015258789,44.220001220703125,44.560001373291016,34.957679748535156,13056500.0
2017-01-23,BK,44.40999984741211,44.7599983215332,43.849998474121094,43.869998931884766,34.41636276245117,8209200.0
2017-01-24,BK,44.06999969482422,44.83000183105469,43.88999938964844,44.630001068115234,35.012603759765625,6029900.0
2017-01-25,BK,45.04999923706055,45.220001220703125,44.400001525878906,44.90999984741211,35.23225021362305,7333800.0
2017-01-26,BK,45.04999923706055,45.18000030517578,44.7400016784668,44.970001220703125,35.279335021972656,6700000.0
2017-01-27,BK,44.83000183105469,44.959999084472656,44.47999954223633,44.779998779296875,35.279319763183594,5863700.0
2017-01-30,BK,44.5099983215332,44.689998626708984,44.22999954223633,44.66999816894531,35.192657470703125,6221500.0
2017-01-31,BK,44.529998779296875,44.86000061035156,44.400001525878906,44.72999954223633,35.239933013916016,6420600.0
2017-02-01,BK,45.06999969482422,45.38999938964844,44.900001525878906,45.02000045776367,35.46841812133789,9078500.0
2017-02-02,BK,44.650001525878906,45.09000015258789,44.5,44.79999923706055,35.29508972167969,5359300.0
2017-02-03,BK,45.43000030517578,45.91999816894531,45.189998626708984,45.66999816894531,35.98049545288086,6938400.0
2017-02-06,BK,45.34000015258789,45.95000076293945,45.29999923706055,45.65999984741211,35.97262191772461,3915000.0
2017-02-07,BK,45.869998931884766,45.93000030517578,45.34000015258789,45.45000076293945,35.80717849731445,3584800.0
2017-02-08,BK,45.20000076293945,45.33000183105469,44.90999984741211,45.13999938964844,35.56294631958008,4602000.0
2017-02-09,BK,45.13999938964844,45.63999938964844,45.13999938964844,45.5,35.84656524658203,4378500.0
2017-02-10,BK,45.54999923706055,45.720001220703125,45.41999816894531,45.560001373291016,35.89384078979492,3975200.0
2017-02-13,BK,45.900001525878906,46.27000045776367,45.880001068115234,46.119998931884766,36.33503723144531,4297200.0
2017-02-14,BK,46.130001068115234,46.86000061035156,46.099998474121094,46.81999969482422,36.88652038574219,4710900.0
2017-02-15,BK,47.02000045776367,47.529998779296875,46.79999923706055,47.43000030517578,37.36709976196289,4833100.0
2017-02-16,BK,47.36000061035156,47.470001220703125,46.90999984741211,47.06999969482422,37.083473205566406,3501700.0
2017-02-17,BK,46.709999084472656,47.150001525878906,46.459999084472656,47.13999938964844,37.13861846923828,3669900.0
2017-02-21,BK,47.25,47.63999938964844,47.22999954223633,47.5,37.42223358154297,4484100.0
2017-02-22,BK,47.27000045776367,47.54999923706055,47.08000183105469,47.290000915527344,37.25680160522461,3935700.0
2017-02-23,BK,47.310001373291016,47.38999938964844,47.02000045776367,47.34000015258789,37.29619216918945,3637900.0
2017-02-24,BK,46.90999984741211,47.099998474121094,46.709999084472656,47.09000015258789,37.09922409057617,3897000.0
2017-02-27,BK,47.029998779296875,47.36000061035156,47.02000045776367,47.11000061035156,37.114990234375,3799500.0
2017-02-28,BK,46.970001220703125,47.189998626708984,46.68000030517578,47.13999938964844,37.13861846923828,6080800.0
2017-03-01,BK,47.97999954223633,48.790000915527344,47.880001068115234,48.5,38.2100830078125,8605700.0
2017-03-02,BK,48.5099983215332,48.5099983215332,47.66999816894531,47.9900016784668,37.80828857421875,6263300.0
2017-03-03,BK,47.83000183105469,48.220001220703125,47.75,47.95000076293945,37.77677917480469,6125300.0
2017-03-06,BK,47.7400016784668,47.93000030517578,47.529998779296875,47.900001525878906,37.73737716674805,4192300.0
2017-03-07,BK,47.900001525878906,47.9900016784668,47.59000015258789,47.66999816894531,37.5561637878418,3791200.0
2017-03-08,BK,48.2400016784668,48.45000076293945,47.959999084472656,48.189998626708984,37.96586227416992,5157600.0
2017-03-09,BK,48.2599983215332,48.470001220703125,47.79999923706055,47.93000030517578,37.76102066040039,4497900.0
2017-03-10,BK,48.279998779296875,48.36000061035156,47.7599983215332,48.16999816894531,37.9500846862793,3632100.0
2017-03-13,BK,48.27000045776367,48.529998779296875,48.130001068115234,48.349998474121094,38.0919075012207,3991700.0
2017-03-14,BK,48.20000076293945,48.380001068115234,47.810001373291016,48.2599983215332,38.02100372314453,3704400.0
2017-03-15,BK,48.5,48.75,48.209999084472656,48.33000183105469,38.076148986816406,4420200.0
2017-03-16,BK,48.45000076293945,48.7400016784668,48.34000015258789,48.470001220703125,38.18644332885742,3669000.0
2017-03-17,BK,48.63999938964844,48.650001525878906,47.81999969482422,47.90999984741211,37.7452507019043,7792700.0
2017-03-20,BK,47.68000030517578,47.7599983215332,47.20000076293945,47.209999084472656,37.193763732910156,4274700.0
2017-03-21,BK,47.47999954223633,47.4900016784668,46.11000061035156,46.41999816894531,36.57137680053711,8262900.0
2017-03-22,BK,46.189998626708984,46.31999969482422,45.720001220703125,46.15999984741211,36.366539001464844,6039800.0
2017-03-23,BK,46.119998931884766,46.689998626708984,45.93000030517578,46.279998779296875,36.461082458496094,4963200.0
2017-03-24,BK,46.40999984741211,46.599998474121094,45.93000030517578,46.25,36.43745422363281,3545200.0
2017-03-27,BK,45.290000915527344,46.29999923706055,45.119998931884766,46.25,36.43745422363281,4730800.0
2017-03-28,BK,46.09000015258789,47.33000183105469,46.060001373291016,47.0,37.02832794189453,3133400.0
2017-03-29,BK,47.0,47.040000915527344,46.68000030517578,46.720001220703125,36.80773162841797,2901600.0
2017-03-30,BK,46.79999923706055,47.650001525878906,46.630001068115234,47.529998779296875,37.44587326049805,3100400.0
2017-03-31,BK,47.31999969482422,47.61000061035156,47.20000076293945,47.22999954223633,37.20952606201172,2854200.0
2017-04-03,BK,47.22999954223633,47.38999938964844,46.29999923706055,47.130001068115234,37.13075256347656,5268300.0
2017-04-04,BK,46.97999954223633,47.31999969482422,46.790000915527344,46.970001220703125,37.00469207763672,3686400.0
2017-04-05,BK,47.310001373291016,47.95000076293945,46.959999084472656,47.0,37.02832794189453,4125000.0
2017-04-06,BK,46.959999084472656,47.4900016784668,46.66999816894531,47.310001373291016,37.272552490234375,3242300.0
2017-04-07,BK,46.939998626708984,47.470001220703125,46.849998474121094,47.150001525878906,37.14649963378906,3084000.0
2017-04-10,BK,47.150001525878906,47.400001525878906,46.84000015258789,47.060001373291016,37.07559585571289,3206500.0
2017-04-11,BK,46.810001373291016,47.2599983215332,46.599998474121094,47.2599983215332,37.23316955566406,3924400.0
2017-04-12,BK,47.040000915527344,47.16999816894531,46.65999984741211,46.88999938964844,36.94167709350586,3753300.0
2017-04-13,BK,46.83000183105469,47.15999984741211,46.369998931884766,46.41999816894531,36.57137680053711,3825400.0
2017-04-17,BK,46.65999984741211,47.119998931884766,46.290000915527344,47.04999923706055,37.06771469116211,3237500.0
2017-04-18,BK,46.81999969482422,47.08000183105469,46.5,46.88999938964844,36.94167709350586,4593600.0
2017-04-19,BK,47.27000045776367,47.369998931884766,46.619998931884766,46.86000061035156,36.91803741455078,4655700.0
2017-04-20,BK,47.27000045776367,47.5,45.88999938964844,46.650001525878906,36.75259017944336,8722200.0
2017-04-21,BK,46.72999954223633,47.2599983215332,46.630001068115234,46.75,36.83136749267578,7470900.0
2017-04-24,BK,47.75,48.02000045776367,47.5099983215332,47.54999923706055,37.46163558959961,4985000.0
2017-04-25,BK,47.86000061035156,48.06999969482422,47.16999816894531,47.22999954223633,37.20952606201172,6326100.0
2017-04-26,BK,47.25,47.650001525878906,47.06999969482422,47.150001525878906,37.14649963378906,6457200.0
2017-04-27,BK,47.25,47.45000076293945,46.880001068115234,47.220001220703125,37.20165252685547,4330100.0
2017-04-28,BK,47.060001373291016,47.4900016784668,46.95000076293945,47.060001373291016,37.22538757324219,4149700.0
2017-05-01,BK,47.25,47.59000015258789,46.9900016784668,47.18000030517578,37.320308685302734,4416200.0
2017-05-02,BK,47.2400016784668,47.31999969482422,46.79999923706055,47.119998931884766,37.2728385925293,4808900.0
2017-05-03,BK,46.880001068115234,47.459999084472656,46.790000915527344,47.400001525878906,37.49433135986328,3307200.0
2017-05-04,BK,47.79999923706055,47.84000015258789,47.34000015258789,47.61000061035156,37.66044998168945,4659900.0
2017-05-05,BK,47.68000030517578,47.77000045776367,47.40999984741211,47.650001525878906,37.69208526611328,2740100.0
2017-05-08,BK,47.7400016784668,47.93000030517578,47.540000915527344,47.68000030517578,37.715816497802734,3254900.0
2017-05-09,BK,47.70000076293945,47.83000183105469,46.900001525878906,47.119998931884766,37.2728385925293,4894100.0
2017-05-10,BK,47.040000915527344,47.18000030517578,46.900001525878906,47.15999984741211,37.304481506347656,5013700.0
2017-05-11,BK,46.900001525878906,47.15999984741211,46.58000183105469,46.93000030517578,37.1225471496582,5357100.0
2017-05-12,BK,46.63999938964844,46.779998779296875,46.34000015258789,46.7599983215332,36.98807144165039,6998900.0
2017-05-15,BK,46.84000015258789,47.209999084472656,46.84000015258789,47.11000061035156,37.26493453979492,4431000.0
2017-05-16,BK,47.16999816894531,47.29999923706055,46.939998626708984,47.18000030517578,37.320308685302734,3881700.0
2017-05-17,BK,47.18000030517578,47.18000030517578,46.060001373291016,46.290000915527344,36.616302490234375,8637600.0
2017-05-18,BK,46.2400016784668,46.65999984741211,46.16999816894531,46.20000076293945,36.54511260986328,6574700.0
2017-05-19,BK,46.40999984741211,46.779998779296875,46.279998779296875,46.540000915527344,36.81406021118164,5896700.0
2017-05-22,BK,46.7599983215332,46.869998931884766,46.4900016784668,46.79999923706055,37.019710540771484,3791600.0
2017-05-23,BK,46.790000915527344,47.220001220703125,46.61000061035156,47.029998779296875,37.20165252685547,3339900.0
2017-05-24,BK,47.18000030517578,47.20000076293945,46.720001220703125,46.959999084472656,37.14628601074219,3306900.0
2017-05-25,BK,47.13999938964844,47.52000045776367,47.040000915527344,47.380001068115234,37.478511810302734,4328100.0
2017-05-26,BK,47.15999984741211,47.59000015258789,47.099998474121094,47.40999984741211,37.50224304199219,3552500.0
2017-05-30,BK,47.220001220703125,47.279998779296875,46.84000015258789,47.099998474121094,37.257022857666016,5535800.0
2017-05-31,BK,47.099998474121094,47.279998779296875,46.599998474121094,47.119998931884766,37.2728385925293,7474900.0
2017-06-01,BK,47.209999084472656,47.459999084472656,46.90999984741211,47.41999816894531,37.51015853881836,5793900.0
2017-06-02,BK,47.11000061035156,47.70000076293945,47.06999969482422,47.5099983215332,37.58134078979492,5914100.0
2017-06-05,BK,47.599998474121094,47.959999084472656,47.5,47.540000915527344,37.60507583618164,4560400.0
2017-06-06,BK,47.130001068115234,47.36000061035156,46.77000045776367,47.22999954223633,37.3598518371582,7250800.0
2017-06-07,BK,47.31999969482422,48.0,47.209999084472656,47.900001525878906,37.889835357666016,5634300.0
2017-06-08,BK,47.900001525878906,48.689998626708984,47.880001068115234,48.38999938964844,38.27743148803711,5542300.0
2017-06-09,BK,48.66999816894531,49.459999084472656,48.5,49.400001525878906,39.07637405395508,5112700.0
2017-06-12,BK,49.2599983215332,49.65999984741211,49.099998474121094,49.099998474121094,38.83905029296875,3779400.0
2017-06-13,BK,49.349998474121094,49.75,49.2599983215332,49.56999969482422,39.21083450317383,4104100.0
2017-06-14,BK,49.130001068115234,49.849998474121094,49.0,49.77000045776367,39.36904525756836,3556500.0
2017-06-15,BK,49.5,49.91999816894531,49.45000076293945,49.779998779296875,39.3769416809082,3288800.0
2017-06-16,BK,49.81999969482422,49.939998626708984,49.630001068115234,49.88999938964844,39.46397018432617,5546200.0
2017-06-19,BK,50.0,50.38999938964844,49.91999816894531,50.279998779296875,39.772464752197266,3335900.0
2017-06-20,BK,50.13999938964844,50.31999969482422,49.86000061035156,49.86000061035156,39.44023895263672,3855400.0
2017-06-21,BK,50.0,50.0,49.540000915527344,49.59000015258789,39.22665786743164,3285700.0
2017-06-22,BK,49.5,49.7400016784668,49.290000915527344,49.54999923706055,39.195011138916016,2636500.0
2017-06-23,BK,49.709999084472656,49.709999084472656,49.0099983215332,49.16999816894531,38.89444351196289,5800700.0
2017-06-26,BK,49.349998474121094,49.63999938964844,49.18000030517578,49.54999923706055,39.195011138916016,3301600.0
2017-06-27,BK,49.83000183105469,50.0099983215332,49.630001068115234,49.68000030517578,39.297855377197266,3654000.0
2017-06-28,BK,49.9900016784668,50.77000045776367,49.959999084472656,50.599998474121094,40.025596618652344,4606700.0
2017-06-29,BK,51.540000915527344,51.59000015258789,50.54999923706055,51.0099983215332,40.349910736083984,5053300.0
2017-06-30,BK,51.43000030517578,51.43000030517578,50.84000015258789,51.02000045776367,40.357818603515625,3461700.0
2017-07-03,BK,51.310001373291016,52.06999969482422,51.2599983215332,51.83000183105469,40.99855422973633,2584000.0
2017-07-05,BK,52.029998779296875,52.34000015258789,51.619998931884766,52.27000045776367,41.34659194946289,3957700.0
2017-07-06,BK,52.20000076293945,52.22999954223633,51.20000076293945,51.22999954223633,40.52393341064453,5161200.0
2017-07-07,BK,51.41999816894531,51.849998474121094,51.22999954223633,51.75,40.935264587402344,3130400.0
2017-07-10,BK,51.66999816894531,52.08000183105469,51.61000061035156,51.880001068115234,41.0380973815918,2310500.0
2017-07-11,BK,51.880001068115234,51.95000076293945,51.45000076293945,51.470001220703125,40.713775634765625,3142000.0
2017-07-12,BK,51.209999084472656,51.459999084472656,51.13999938964844,51.45000076293945,40.69796371459961,3053700.0
2017-07-13,BK,51.54999923706055,52.08000183105469,51.43000030517578,52.060001373291016,41.18048095703125,2784800.0
2017-07-14,BK,51.689998626708984,52.5,51.599998474121094,52.36000061035156,41.41778564453125,3938400.0
2017-07-17,BK,52.880001068115234,53.540000915527344,52.38999938964844,53.349998474121094,42.20088577270508,6866600.0
2017-07-18,BK,52.90999984741211,53.540000915527344,52.81999969482422,53.529998779296875,42.34326934814453,6323000.0
2017-07-19,BK,53.29999923706055,53.619998931884766,52.619998931884766,53.060001373291016,41.97150421142578,9438500.0
2017-07-20,BK,53.560001373291016,54.59000015258789,53.2599983215332,53.90999984741211,42.643863677978516,7372900.0
2017-07-21,BK,53.75,54.029998779296875,53.220001220703125,53.36000061035156,42.20879364013672,5666000.0
2017-07-24,BK,53.349998474121094,53.59000015258789,53.290000915527344,53.470001220703125,42.29581832885742,3947200.0
2017-07-25,BK,54.189998626708984,54.40999984741211,53.66999816894531,53.72999954223633,42.50148010253906,3639100.0
2017-07-26,BK,53.72999954223633,54.06999969482422,53.2400016784668,53.38999938964844,42.23253631591797,3498300.0
2017-07-27,BK,53.380001068115234,53.470001220703125,52.38999938964844,52.86000061035156,41.81330490112305,3618100.0
2017-07-28,BK,52.720001220703125,52.959999084472656,52.349998474121094,52.65999984741211,41.84507751464844,2255200.0
2017-07-31,BK,52.900001525878906,53.18000030517578,52.86000061035156,53.029998779296875,42.13908767700195,3611800.0
2017-08-01,BK,53.349998474121094,53.83000183105469,53.15999984741211,53.709999084472656,42.6794319152832,5325200.0
2017-08-02,BK,53.619998931884766,53.93000030517578,53.560001373291016,53.90999984741211,42.83836364746094,4387800.0
2017-08-03,BK,53.81999969482422,53.95000076293945,53.66999816894531,53.81999969482422,42.76685333251953,2849100.0
2017-08-04,BK,53.939998626708984,54.290000915527344,53.869998931884766,54.02000045776367,42.9257698059082,3150900.0
2017-08-07,BK,54.02000045776367,54.029998779296875,53.599998474121094,53.709999084472656,42.6794319152832,3025900.0
2017-08-08,BK,53.61000061035156,54.09000015258789,53.56999969482422,53.790000915527344,42.743019104003906,3007900.0
2017-08-09,BK,53.58000183105469,54.099998474121094,53.47999954223633,54.040000915527344,42.94166564941406,4394200.0
2017-08-10,BK,53.529998779296875,53.70000076293945,51.90999984741211,51.95000076293945,41.2808952331543,8383100.0
2017-08-11,BK,52.04999923706055,52.68000030517578,52.040000915527344,52.189998626708984,41.47160339355469,5932600.0
2017-08-14,BK,52.70000076293945,53.13999938964844,52.65999984741211,52.83000183105469,41.98017120361328,5114000.0
2017-08-15,BK,53.29999923706055,53.540000915527344,52.959999084472656,53.150001525878906,42.23445510864258,3827600.0
2017-08-16,BK,53.380001068115234,53.43000030517578,52.68000030517578,52.880001068115234,42.0198974609375,4273400.0
2017-08-17,BK,52.689998626708984,52.790000915527344,51.77000045776367,51.79999923706055,41.161705017089844,5241600.0
2017-08-18,BK,51.560001373291016,52.47999954223633,51.40999984741211,52.099998474121094,41.40009689331055,5424000.0
2017-08-21,BK,52.040000915527344,52.369998931884766,51.900001525878906,52.189998626708984,41.47160339355469,3968500.0
2017-08-22,BK,52.279998779296875,52.790000915527344,52.279998779296875,52.65999984741211,41.84507751464844,4142300.0
2017-08-23,BK,52.2599983215332,53.099998474121094,52.25,52.77000045776367,41.9324836730957,3625000.0
2017-08-24,BK,52.849998474121094,52.970001220703125,52.529998779296875,52.790000915527344,41.9483757019043,3379200.0
2017-08-25,BK,52.88999938964844,53.22999954223633,52.599998474121094,52.650001525878906,41.83713912963867,2731300.0
2017-08-28,BK,52.779998779296875,52.79999923706055,52.08000183105469,52.27000045776367,41.53517532348633,2107900.0
2017-08-29,BK,51.77000045776367,52.220001220703125,51.540000915527344,52.09000015258789,41.39214324951172,3194600.0
2017-08-30,BK,52.099998474121094,52.52000045776367,52.040000915527344,52.36000061035156,41.606693267822266,2430800.0
2017-08-31,BK,52.5099983215332,52.61000061035156,52.029998779296875,52.279998779296875,41.54311752319336,3049400.0
2017-09-01,BK,52.45000076293945,52.689998626708984,52.22999954223633,52.33000183105469,41.582855224609375,2844000.0
2017-09-05,BK,51.97999954223633,52.0099983215332,50.959999084472656,51.20000076293945,40.6849250793457,5093200.0
2017-09-06,BK,51.4900016784668,51.4900016784668,50.959999084472656,51.27000045776367,40.74055480957031,3041400.0
2017-09-07,BK,51.2599983215332,51.36000061035156,50.150001525878906,50.279998779296875,39.95387268066406,5138400.0
2017-09-08,BK,50.33000183105469,50.93000030517578,50.150001525878906,50.43000030517578,40.07307052612305,4952900.0
2017-09-11,BK,50.91999816894531,51.560001373291016,50.90999984741211,51.529998779296875,40.94715118408203,4442600.0
2017-09-12,BK,51.70000076293945,52.040000915527344,51.599998474121094,51.9900016784668,41.31268310546875,3693500.0
2017-09-13,BK,51.790000915527344,51.9900016784668,50.95000076293945,51.59000015258789,40.99482727050781,4385600.0
2017-09-14,BK,51.54999923706055,51.619998931884766,51.0099983215332,51.130001068115234,40.62929916381836,3019600.0
2017-09-15,BK,51.099998474121094,51.66999816894531,50.9900016784668,51.560001373291016,40.97099304199219,5083300.0
2017-09-18,BK,51.68000030517578,51.93000030517578,51.540000915527344,51.70000076293945,41.08222961425781,2846400.0
2017-09-19,BK,51.720001220703125,52.130001068115234,51.61000061035156,52.040000915527344,41.352420806884766,3207100.0
2017-09-20,BK,52.15999984741211,52.529998779296875,51.56999969482422,52.400001525878906,41.63848114013672,3612900.0
2017-09-21,BK,52.439998626708984,52.65999984741211,52.040000915527344,52.41999816894531,41.65436935424805,3116500.0
2017-09-22,BK,52.20000076293945,52.459999084472656,51.900001525878906,52.369998931884766,41.6146354675293,3235800.0
2017-09-25,BK,52.2400016784668,52.470001220703125,51.7400016784668,52.20000076293945,41.479549407958984,2848800.0
2017-09-26,BK,52.369998931884766,52.400001525878906,52.04999923706055,52.119998931884766,41.415985107421875,2097900.0
2017-09-27,BK,52.959999084472656,52.959999084472656,52.470001220703125,52.7599983215332,41.92454147338867,3390900.0
2017-09-28,BK,52.75,53.02000045776367,52.529998779296875,53.0099983215332,42.123207092285156,2714300.0
2017-09-29,BK,53.02000045776367,53.31999969482422,52.79999923706055,53.02000045776367,42.13114929199219,2746300.0
2017-10-02,BK,52.90999984741211,53.66999816894531,52.86000061035156,53.650001525878906,42.631771087646484,2280900.0
2017-10-03,BK,53.959999084472656,53.959999084472656,53.45000076293945,53.79999923706055,42.750953674316406,1857200.0
2017-10-04,BK,53.650001525878906,54.06999969482422,53.59000015258789,53.79999923706055,42.750953674316406,1905100.0
2017-10-05,BK,53.79999923706055,54.56999969482422,53.72999954223633,54.43000030517578,43.25157165527344,2561900.0
2017-10-06,BK,54.619998931884766,54.810001373291016,54.040000915527344,54.470001220703125,43.28335952758789,2412400.0
2017-10-09,BK,54.54999923706055,54.63999938964844,54.150001525878906,54.33000183105469,43.172119140625,1732400.0
2017-10-10,BK,54.369998931884766,54.72999954223633,54.279998779296875,54.65999984741211,43.4343376159668,3179500.0
2017-10-11,BK,54.619998931884766,54.939998626708984,54.349998474121094,54.880001068115234,43.609161376953125,2657700.0
2017-10-12,BK,54.95000076293945,55.290000915527344,54.65999984741211,54.7400016784668,43.49790573120117,3103600.0
2017-10-13,BK,54.56999969482422,55.09000015258789,54.33000183105469,54.66999816894531,43.44228744506836,3156300.0
2017-10-16,BK,54.779998779296875,54.970001220703125,54.470001220703125,54.709999084472656,43.47407150268555,2384400.0
2017-10-17,BK,54.7599983215332,54.7599983215332,53.7599983215332,53.959999084472656,42.87810134887695,3584500.0
2017-10-18,BK,54.22999954223633,54.63999938964844,54.099998474121094,54.459999084472656,43.27540969848633,3513600.0
2017-10-19,BK,54.0099983215332,54.13999938964844,52.2400016784668,52.849998474121094,41.99605941772461,8297800.0
2017-10-20,BK,53.4900016784668,53.84000015258789,52.93000030517578,53.119998931884766,42.210594177246094,6977800.0
2017-10-23,BK,53.09000015258789,53.119998931884766,52.290000915527344,52.5099983215332,41.725887298583984,5386900.0
2017-10-24,BK,52.72999954223633,53.04999923706055,52.709999084472656,52.880001068115234,42.0198974609375,4447800.0
2017-10-25,BK,53.0099983215332,53.11000061035156,51.369998931884766,51.75,41.121971130371094,8130500.0
2017-10-26,BK,52.040000915527344,52.58000183105469,51.83000183105469,52.220001220703125,41.49544906616211,4978300.0
2017-10-27,BK,52.06999969482422,52.29999923706055,51.650001525878906,52.13999938964844,41.431880950927734,5090800.0
2017-10-30,BK,51.75,52.060001373291016,51.599998474121094,51.650001525878906,41.232295989990234,3760000.0
2017-10-31,BK,51.540000915527344,51.900001525878906,51.38999938964844,51.45000076293945,41.07263946533203,3745600.0
2017-11-01,BK,51.66999816894531,52.08000183105469,51.560001373291016,51.650001525878906,41.232295989990234,3561500.0
2017-11-02,BK,51.43000030517578,51.86000061035156,51.150001525878906,51.400001525878906,41.03272247314453,5934300.0
2017-11-03,BK,51.29999923706055,51.5,51.04999923706055,51.33000183105469,40.976837158203125,5563900.0
2017-11-06,BK,51.2599983215332,51.47999954223633,51.20000076293945,51.349998474121094,40.9928092956543,3847800.0
2017-11-07,BK,51.5,51.720001220703125,50.970001220703125,51.06999969482422,40.76927947998047,3933600.0
2017-11-08,BK,51.06999969482422,51.41999816894531,50.88999938964844,51.220001220703125,40.8890266418457,3267700.0
2017-11-09,BK,50.849998474121094,51.2400016784668,50.59000015258789,50.81999969482422,40.569698333740234,4432100.0
2017-11-10,BK,50.88999938964844,51.0099983215332,50.529998779296875,50.93000030517578,40.657527923583984,3552500.0
2017-11-13,BK,50.599998474121094,51.06999969482422,50.56999969482422,51.02000045776367,40.7293701171875,3058100.0
2017-11-14,BK,50.66999816894531,51.97999954223633,50.63999938964844,51.849998474121094,41.391963958740234,6879600.0
2017-11-15,BK,51.380001068115234,52.16999816894531,51.20000076293945,51.939998626708984,41.463802337646484,4890900.0
2017-11-16,BK,52.11000061035156,52.709999084472656,52.099998474121094,52.22999954223633,41.69532012939453,5229700.0
2017-11-17,BK,52.0,52.79999923706055,51.91999816894531,52.470001220703125,41.88691329956055,4337100.0
2017-11-20,BK,52.630001068115234,52.77000045776367,52.369998931884766,52.52000045776367,41.92682647705078,4558100.0
2017-11-21,BK,52.63999938964844,52.63999938964844,52.029998779296875,52.41999816894531,41.846988677978516,4905400.0
2017-11-22,BK,52.40999984741211,52.59000015258789,52.310001373291016,52.43000030517578,41.854976654052734,4545600.0
2017-11-24,BK,52.5099983215332,52.54999923706055,52.189998626708984,52.22999954223633,41.69532012939453,1326900.0
2017-11-27,BK,52.369998931884766,52.56999969482422,52.040000915527344,52.18000030517578,41.6553955078125,4774100.0
2017-11-28,BK,52.310001373291016,53.27000045776367,52.150001525878906,53.130001068115234,42.413780212402344,4493300.0
2017-11-29,BK,53.58000183105469,54.65999984741211,53.439998626708984,54.40999984741211,43.43560791015625,6994400.0
2017-11-30,BK,54.720001220703125,55.279998779296875,54.43000030517578,54.7400016784668,43.699058532714844,7684500.0
2017-12-01,BK,54.91999816894531,55.15999984741211,53.68000030517578,54.45000076293945,43.46754455566406,5679700.0
2017-12-04,BK,55.209999084472656,55.400001525878906,54.83000183105469,54.970001220703125,43.88267135620117,5985900.0
2017-12-05,BK,55.20000076293945,55.20000076293945,54.34000015258789,54.43000030517578,43.45158004760742,4161900.0
2017-12-06,BK,54.34000015258789,54.380001068115234,53.81999969482422,54.02000045776367,43.124267578125,3815000.0
2017-12-07,BK,53.79999923706055,54.40999984741211,53.7599983215332,54.220001220703125,43.283935546875,4359200.0
2017-12-08,BK,54.619998931884766,54.75,54.279998779296875,54.66999816894531,43.64317321777344,4466300.0
2017-12-11,BK,54.689998626708984,54.849998474121094,54.369998931884766,54.540000915527344,43.53939437866211,4123500.0
2017-12-12,BK,54.66999816894531,55.22999954223633,54.56999969482422,54.970001220703125,43.88267135620117,4945000.0
2017-12-13,BK,54.9900016784668,55.20000076293945,54.36000061035156,54.380001068115234,43.41166687011719,4294900.0
2017-12-14,BK,54.58000183105469,54.63999938964844,53.959999084472656,54.02000045776367,43.124267578125,3449000.0
2017-12-15,BK,54.06999969482422,54.63999938964844,53.90999984741211,54.20000076293945,43.267967224121094,9190500.0
2017-12-18,BK,54.66999816894531,55.0,54.36000061035156,54.41999816894531,43.44359588623047,3975100.0
2017-12-19,BK,54.72999954223633,55.0,54.16999816894531,54.20000076293945,43.267967224121094,4306900.0
2017-12-20,BK,54.66999816894531,54.79999923706055,53.81999969482422,53.95000076293945,43.068389892578125,3782100.0
2017-12-21,BK,54.20000076293945,54.70000076293945,54.16999816894531,54.36000061035156,43.39570236206055,3658700.0
2017-12-22,BK,54.529998779296875,54.619998931884766,53.81999969482422,54.0,43.108314514160156,2482300.0
2017-12-26,BK,54.099998474121094,54.380001068115234,53.720001220703125,53.810001373291016,42.956634521484375,1841900.0
2017-12-27,BK,53.900001525878906,53.939998626708984,53.720001220703125,53.84000015258789,42.98057556152344,2225500.0
2017-12-28,BK,54.0099983215332,54.2599983215332,53.84000015258789,54.119998931884766,43.20411682128906,4051600.0
2017-12-29,BK,54.38999938964844,54.41999816894531,53.849998474121094,53.86000061035156,42.99655532836914,2369300.0
2018-01-02,BK,54.27000045776367,54.400001525878906,53.68000030517578,53.81999969482422,42.964622497558594,3633100.0
2018-01-03,BK,53.91999816894531,54.25,53.65999984741211,54.150001525878906,43.228057861328125,2409300.0
2018-01-04,BK,54.369998931884766,55.04999923706055,54.2599983215332,54.689998626708984,43.65913009643555,2886500.0
2018-01-05,BK,54.849998474121094,54.91999816894531,54.43000030517578,54.83000183105469,43.77090835571289,2514700.0
2018-01-08,BK,54.869998931884766,55.2599983215332,54.75,55.060001373291016,43.95451736450195,3773100.0
2018-01-09,BK,55.119998931884766,55.779998779296875,55.08000183105469,55.560001373291016,44.353660583496094,4121700.0
2018-01-10,BK,55.95000076293945,57.38999938964844,55.75,57.29999923706055,45.742698669433594,5113400.0
2018-01-11,BK,57.58000183105469,57.86000061035156,57.2400016784668,57.83000183105469,46.16581344604492,3476200.0
2018-01-12,BK,58.15999984741211,58.68000030517578,57.970001220703125,58.41999816894531,46.636802673339844,3484200.0
2018-01-16,BK,58.68000030517578,58.9900016784668,57.36000061035156,57.540000915527344,45.934303283691406,5864100.0
2018-01-17,BK,57.79999923706055,58.189998626708984,57.11000061035156,57.88999938964844,46.21369934082031,4253100.0
2018-01-18,BK,55.40999984741211,55.84000015258789,54.66999816894531,55.349998474121094,44.18601608276367,11105300.0
2018-01-19,BK,55.560001373291016,57.0,55.45000076293945,56.61000061035156,45.1918830871582,8964500.0
2018-01-22,BK,56.599998474121094,57.810001373291016,56.470001220703125,57.720001220703125,46.077999114990234,5563100.0
2018-01-23,BK,57.47999954223633,57.959999084472656,57.18000030517578,57.720001220703125,46.077999114990234,3832700.0
2018-01-24,BK,57.86000061035156,58.33000183105469,57.369998931884766,57.77000045776367,46.11790084838867,3972300.0
2018-01-25,BK,57.75,57.88999938964844,56.709999084472656,56.849998474121094,45.38347244262695,4546100.0
2018-01-26,BK,56.86000061035156,57.779998779296875,56.66999816894531,57.779998779296875,46.12588119506836,5055000.0
2018-01-29,BK,57.38999938964844,57.939998626708984,57.2599983215332,57.52000045776367,46.10985565185547,4057600.0
2018-01-30,BK,57.15999984741211,57.61000061035156,56.70000076293945,56.70000076293945,45.45252227783203,4401300.0
2018-01-31,BK,56.689998626708984,57.15999984741211,56.380001068115234,56.70000076293945,45.45252227783203,3484800.0
2018-02-01,BK,56.68000030517578,57.54999923706055,56.380001068115234,57.5,46.09381866455078,3232300.0
2018-02-02,BK,57.119998931884766,57.779998779296875,56.220001220703125,56.33000183105469,45.15591812133789,4359900.0
2018-02-05,BK,55.7599983215332,56.720001220703125,54.27000045776367,54.380001068115234,43.59273147583008,7296100.0
2018-02-06,BK,53.31999969482422,55.650001525878906,52.68000030517578,55.4900016784668,44.4825439453125,10572000.0
2018-02-07,BK,55.220001220703125,56.209999084472656,55.209999084472656,55.34000015258789,44.362300872802734,6123700.0
2018-02-08,BK,55.29999923706055,55.63999938964844,53.2400016784668,53.290000915527344,42.71894836425781,7132400.0
2018-02-09,BK,53.97999954223633,54.459999084472656,52.11000061035156,54.08000183105469,43.35224533081055,6199600.0
2018-02-12,BK,54.5099983215332,55.16999816894531,53.900001525878906,54.61000061035156,43.7771110534668,4857400.0
2018-02-13,BK,54.36000061035156,55.0,54.119998931884766,54.810001373291016,43.93743133544922,3100300.0
2018-02-14,BK,54.529998779296875,56.060001373291016,54.529998779296875,55.97999954223633,44.87535095214844,4067000.0
2018-02-15,BK,56.5,56.68000030517578,55.66999816894531,56.15999984741211,45.01964569091797,3224800.0
2018-02-16,BK,55.97999954223633,56.599998474121094,55.900001525878906,56.25,45.0917854309082,3377600.0
2018-02-20,BK,56.20000076293945,56.83000183105469,56.04999923706055,56.41999816894531,45.22806167602539,2980800.0
2018-02-21,BK,56.470001220703125,57.36000061035156,56.290000915527344,56.45000076293945,45.252105712890625,3890900.0
2018-02-22,BK,56.7400016784668,57.40999984741211,55.79999923706055,55.900001525878906,44.81122589111328,4275900.0
2018-02-23,BK,56.189998626708984,56.93000030517578,56.13999938964844,56.900001525878906,45.61284637451172,3208100.0
2018-02-26,BK,57.220001220703125,58.220001220703125,56.880001068115234,58.18000030517578,46.63893508911133,3922200.0
2018-02-27,BK,58.20000076293945,58.66999816894531,57.970001220703125,57.9900016784668,46.48661804199219,4572600.0
2018-02-28,BK,58.060001373291016,58.29999923706055,56.9900016784668,57.029998779296875,45.717063903808594,5078500.0
2018-03-01,BK,57.040000915527344,57.189998626708984,55.119998931884766,55.5099983215332,44.49856185913086,6691100.0
2018-03-02,BK,55.189998626708984,55.470001220703125,54.11000061035156,55.369998931884766,44.386348724365234,5399000.0
2018-03-05,BK,54.97999954223633,56.68000030517578,54.810001373291016,56.40999984741211,45.22003936767578,4397300.0
2018-03-06,BK,56.83000183105469,57.15999984741211,56.29999923706055,56.869998931884766,45.58879089355469,7012100.0
2018-03-07,BK,56.38999938964844,57.099998474121094,56.06999969482422,56.900001525878906,45.61284637451172,5049100.0
2018-03-08,BK,57.400001525878906,57.560001373291016,55.13999938964844,55.689998626708984,44.64287185668945,8016400.0
2018-03-09,BK,55.939998626708984,57.45000076293945,55.72999954223633,57.22999954223633,45.877376556396484,6573600.0
2018-03-12,BK,57.2599983215332,57.40999984741211,56.310001373291016,56.439998626708984,45.24409103393555,4794200.0
2018-03-13,BK,56.689998626708984,56.83000183105469,55.81999969482422,55.959999084472656,44.859310150146484,5151500.0
2018-03-14,BK,56.25,56.2599983215332,54.540000915527344,54.869998931884766,43.98552703857422,5617600.0
2018-03-15,BK,55.0099983215332,55.09000015258789,54.5099983215332,54.849998474121094,43.96949768066406,4448600.0
2018-03-16,BK,55.0099983215332,55.5,54.869998931884766,55.0,44.08973693847656,10585000.0
2018-03-19,BK,55.02000045776367,55.2599983215332,53.77000045776367,54.34000015258789,43.56067657470703,5127600.0
2018-03-20,BK,54.470001220703125,54.77000045776367,54.189998626708984,54.43000030517578,43.632808685302734,3676200.0
2018-03-21,BK,54.5,55.369998931884766,54.40999984741211,54.61000061035156,43.7771110534668,4947100.0
2018-03-22,BK,54.0,54.060001373291016,51.849998474121094,52.02000045776367,41.70088577270508,6626600.0
2018-03-23,BK,52.119998931884766,52.22999954223633,50.61000061035156,50.72999954223633,40.66678237915039,7548200.0
2018-03-26,BK,51.4900016784668,52.290000915527344,50.869998931884766,52.13999938964844,41.797088623046875,4751600.0
2018-03-27,BK,52.119998931884766,52.27000045776367,50.13999938964844,50.720001220703125,40.658756256103516,6267200.0
2018-03-28,BK,50.810001373291016,51.380001068115234,50.11000061035156,50.61000061035156,40.57057571411133,6496100.0
2018-03-29,BK,50.90999984741211,52.0,50.86000061035156,51.529998779296875,41.308082580566406,3896100.0
2018-04-02,BK,51.2599983215332,51.56999969482422,49.38999938964844,50.150001525878906,40.20182418823242,6779600.0
2018-04-03,BK,50.52000045776367,51.08000183105469,49.95000076293945,50.9900016784668,40.87519454956055,4487800.0
2018-04-04,BK,50.060001373291016,51.59000015258789,49.900001525878906,51.47999954223633,41.26799392700195,3843000.0
2018-04-05,BK,51.7599983215332,52.13999938964844,51.4900016784668,51.72999954223633,41.46840286254883,2851500.0
2018-04-06,BK,51.189998626708984,51.540000915527344,49.81999969482422,50.349998474121094,40.362159729003906,5118100.0
2018-04-09,BK,50.75,51.7599983215332,50.459999084472656,50.52000045776367,40.498435974121094,4567000.0
2018-04-10,BK,51.38999938964844,51.779998779296875,51.0099983215332,51.380001068115234,41.187835693359375,4611900.0
2018-04-11,BK,50.86000061035156,51.36000061035156,50.650001525878906,50.95000076293945,40.843135833740234,3782700.0
2018-04-12,BK,51.380001068115234,52.2599983215332,51.34000015258789,52.0099983215332,41.69287109375,3787000.0
2018-04-13,BK,52.41999816894531,52.540000915527344,51.25,51.56999969482422,41.340145111083984,4330700.0
2018-04-16,BK,51.900001525878906,52.290000915527344,51.77000045776367,51.9900016784668,41.67683410644531,3316200.0
2018-04-17,BK,52.43000030517578,52.83000183105469,52.13999938964844,52.189998626708984,41.837154388427734,4630900.0
2018-04-18,BK,52.439998626708984,53.0099983215332,52.06999969482422,52.2599983215332,41.89327621459961,4211100.0
2018-04-19,BK,53.720001220703125,55.25,53.5,55.2400016784668,44.282142639160156,7839100.0
2018-04-20,BK,55.41999816894531,55.91999816894531,54.47999954223633,55.41999816894531,44.42643356323242,7005200.0
2018-04-23,BK,55.34000015258789,56.33000183105469,55.34000015258789,55.72999954223633,44.6749382019043,6067500.0
2018-04-24,BK,56.04999923706055,56.630001068115234,54.970001220703125,55.38999938964844,44.40238571166992,4794300.0
2018-04-25,BK,55.209999084472656,55.83000183105469,54.7599983215332,55.400001525878906,44.4103889465332,5199500.0
2018-04-26,BK,55.400001525878906,55.79999923706055,55.0099983215332,55.439998626708984,44.44246292114258,4369100.0
2018-04-27,BK,55.41999816894531,55.650001525878906,54.95000076293945,55.31999969482422,44.34627151489258,3040800.0
2018-04-30,BK,55.20000076293945,55.540000915527344,54.5,54.5099983215332,43.88734817504883,3629800.0
2018-05-01,BK,54.38999938964844,54.5099983215332,53.45000076293945,54.189998626708984,43.629703521728516,4325700.0
2018-05-02,BK,54.0,54.45000076293945,53.369998931884766,53.9900016784668,43.46868133544922,4479500.0
2018-05-03,BK,53.61000061035156,54.220001220703125,52.65999984741211,53.849998474121094,43.35595703125,4004300.0
2018-05-04,BK,53.34000015258789,54.849998474121094,53.189998626708984,54.4900016784668,43.871246337890625,2539100.0
2018-05-07,BK,54.59000015258789,55.65999984741211,54.40999984741211,55.59000015258789,44.75688171386719,4555100.0
2018-05-08,BK,55.540000915527344,56.43000030517578,55.5,56.08000183105469,45.151397705078125,5623600.0
2018-05-09,BK,56.189998626708984,56.869998931884766,55.95000076293945,56.86000061035156,45.77939224243164,4749300.0
2018-05-10,BK,56.849998474121094,57.31999969482422,56.63999938964844,57.27000045776367,46.10948944091797,4017400.0
2018-05-11,BK,57.2400016784668,57.52000045776367,57.02000045776367,57.18000030517578,46.03703308105469,3273100.0
2018-05-14,BK,57.41999816894531,57.619998931884766,57.08000183105469,57.29999923706055,46.13363265991211,2755800.0
2018-05-15,BK,57.04999923706055,57.349998474121094,56.540000915527344,56.88999938964844,45.803550720214844,4292700.0
2018-05-16,BK,56.79999923706055,57.2599983215332,56.599998474121094,57.060001373291016,45.94041061401367,3119900.0
2018-05-17,BK,57.0099983215332,57.7400016784668,56.66999816894531,57.279998779296875,46.11754608154297,3547200.0
2018-05-18,BK,57.13999938964844,57.2400016784668,56.79999923706055,56.959999084472656,45.85990905761719,3819300.0
2018-05-21,BK,57.400001525878906,57.81999969482422,57.16999816894531,57.720001220703125,46.471797943115234,4005400.0
2018-05-22,BK,57.75,58.08000183105469,57.560001373291016,57.59000015258789,46.36712646484375,3884300.0
2018-05-23,BK,57.119998931884766,57.459999084472656,56.529998779296875,57.45000076293945,46.254417419433594,3249700.0
2018-05-24,BK,57.33000183105469,57.630001068115234,56.630001068115234,57.2400016784668,46.08534240722656,4098700.0
2018-05-25,BK,56.970001220703125,57.220001220703125,56.61000061035156,57.0,45.8921012878418,3434600.0
2018-05-29,BK,56.27000045776367,56.4900016784668,54.790000915527344,55.189998626708984,44.43484115600586,8703100.0
2018-05-30,BK,55.81999969482422,56.18000030517578,54.95000076293945,55.400001525878906,44.60390853881836,6970500.0
2018-05-31,BK,55.18000030517578,55.27000045776367,54.380001068115234,54.75,44.0805778503418,7143700.0
2018-06-01,BK,55.45000076293945,56.0,55.209999084472656,55.349998474121094,44.56364440917969,5086500.0
2018-06-04,BK,55.58000183105469,55.880001068115234,55.22999954223633,55.77000045776367,44.90180206298828,4676400.0
2018-06-05,BK,55.43000030517578,55.93000030517578,55.16999816894531,55.59000015258789,44.75688171386719,5023300.0
2018-06-06,BK,55.79999923706055,56.56999969482422,55.79999923706055,56.56999969482422,45.545902252197266,3792900.0
2018-06-07,BK,57.720001220703125,58.220001220703125,57.220001220703125,57.650001525878906,46.415443420410156,7910000.0
2018-06-08,BK,57.43000030517578,57.880001068115234,56.900001525878906,57.560001373291016,46.342979431152344,3632700.0
2018-06-11,BK,57.63999938964844,58.02000045776367,57.40999984741211,57.70000076293945,46.4556999206543,3233700.0
2018-06-12,BK,57.84000015258789,57.939998626708984,57.310001373291016,57.66999816894531,46.4315299987793,3280000.0
2018-06-13,BK,57.66999816894531,57.939998626708984,57.04999923706055,57.31999969482422,46.149749755859375,3446200.0
2018-06-14,BK,57.31999969482422,57.400001525878906,56.560001373291016,56.79999923706055,45.73107147216797,3432300.0
2018-06-15,BK,56.650001525878906,57.09000015258789,56.09000015258789,56.93000030517578,45.83573532104492,6615400.0
2018-06-18,BK,56.599998474121094,57.2599983215332,56.290000915527344,57.2400016784668,46.08534240722656,4203300.0
2018-06-19,BK,56.599998474121094,57.4900016784668,56.5099983215332,57.34000015258789,46.16584396362305,4686800.0
2018-06-20,BK,57.70000076293945,57.869998931884766,57.369998931884766,57.369998931884766,46.19000244140625,3766900.0
2018-06-21,BK,57.209999084472656,57.540000915527344,56.58000183105469,57.150001525878906,46.01287078857422,4259100.0
2018-06-22,BK,57.560001373291016,57.720001220703125,56.689998626708984,56.75,45.69083023071289,5072600.0
2018-06-25,BK,56.65999984741211,56.7400016784668,55.20000076293945,55.66999816894531,44.821292877197266,4566300.0
2018-06-26,BK,55.540000915527344,55.599998474121094,54.83000183105469,55.18000030517578,44.42678451538086,3655600.0
2018-06-27,BK,55.189998626708984,55.56999969482422,54.13999938964844,54.20000076293945,43.63774871826172,4321000.0
2018-06-28,BK,54.369998931884766,54.58000183105469,53.689998626708984,54.29999923706055,43.71826934814453,4020400.0
2018-06-29,BK,54.86000061035156,55.130001068115234,53.900001525878906,53.93000030517578,43.420372009277344,7719500.0
2018-07-02,BK,53.470001220703125,54.09000015258789,53.279998779296875,54.09000015258789,43.54920196533203,4303100.0
2018-07-03,BK,54.31999969482422,54.63999938964844,53.060001373291016,53.189998626708984,42.824581146240234,2600900.0
2018-07-05,BK,53.54999923706055,53.70000076293945,53.04999923706055,53.20000076293945,42.8326416015625,2976600.0
2018-07-06,BK,53.029998779296875,53.54999923706055,52.849998474121094,53.20000076293945,42.8326416015625,3292900.0
2018-07-09,BK,53.47999954223633,54.15999984741211,53.47999954223633,54.11000061035156,43.565303802490234,2849600.0
2018-07-10,BK,54.209999084472656,54.400001525878906,53.81999969482422,54.029998779296875,43.50089645385742,3207600.0
2018-07-11,BK,53.689998626708984,53.88999938964844,53.25,53.38999938964844,42.98560333251953,4105700.0
2018-07-12,BK,53.5,53.68000030517578,52.970001220703125,53.5,43.074161529541016,3347900.0
2018-07-13,BK,53.34000015258789,53.63999938964844,52.7400016784668,53.029998779296875,42.69575881958008,4102100.0
2018-07-16,BK,53.119998931884766,53.779998779296875,52.95000076293945,53.70000076293945,43.235191345214844,4282200.0
2018-07-17,BK,53.470001220703125,54.15999984741211,53.470001220703125,54.04999923706055,43.51699447631836,4703500.0
2018-07-18,BK,54.2400016784668,55.70000076293945,54.2400016784668,55.63999938964844,44.79713439941406,7600500.0
2018-07-19,BK,54.349998474121094,54.5,52.099998474121094,52.72999954223633,42.454227447509766,17437200.0
2018-07-20,BK,52.709999084472656,53.040000915527344,52.38999938964844,52.459999084472656,42.236846923828125,14046700.0
2018-07-23,BK,52.459999084472656,53.36000061035156,52.31999969482422,53.25,42.87288284301758,8353500.0
2018-07-24,BK,53.5099983215332,54.470001220703125,53.43000030517578,54.189998626708984,43.629703521728516,5026100.0
2018-07-25,BK,54.25,54.25,53.279998779296875,53.29999923706055,42.913150787353516,10071800.0
2018-07-26,BK,53.29999923706055,53.79999923706055,53.2599983215332,53.400001525878906,42.993675231933594,6657900.0
2018-07-27,BK,53.459999084472656,53.810001373291016,53.310001373291016,53.40999984741211,43.001712799072266,3651300.0
2018-07-30,BK,53.209999084472656,53.779998779296875,53.18000030517578,53.459999084472656,43.268798828125,4271600.0
2018-07-31,BK,53.79999923706055,53.810001373291016,53.209999084472656,53.470001220703125,43.276893615722656,3918600.0
2018-08-01,BK,53.599998474121094,54.150001525878906,52.95000076293945,53.279998779296875,43.12311935424805,6482000.0
2018-08-02,BK,52.939998626708984,53.0099983215332,52.31999969482422,52.630001068115234,42.59703063964844,5394400.0
2018-08-03,BK,52.650001525878906,52.90999984741211,52.470001220703125,52.77000045776367,42.71034240722656,4734400.0
2018-08-06,BK,52.779998779296875,53.400001525878906,52.650001525878906,53.029998779296875,42.92076873779297,4136700.0
2018-08-07,BK,53.150001525878906,53.54999923706055,52.93000030517578,52.939998626708984,42.84792709350586,4959500.0
2018-08-08,BK,53.040000915527344,53.310001373291016,52.880001068115234,53.13999938964844,43.00980758666992,3355700.0
2018-08-09,BK,53.09000015258789,53.18000030517578,52.27000045776367,52.290000915527344,42.321842193603516,4795000.0
2018-08-10,BK,51.630001068115234,51.66999816894531,50.560001373291016,51.02000045776367,41.293949127197266,13595000.0
2018-08-13,BK,51.099998474121094,51.099998474121094,50.119998931884766,50.13999938964844,40.58169937133789,8964100.0
2018-08-14,BK,50.310001373291016,51.13999938964844,50.310001373291016,50.970001220703125,41.25347900390625,5081700.0
2018-08-15,BK,50.58000183105469,51.18000030517578,50.56999969482422,50.959999084472656,41.24537658691406,4795900.0
2018-08-16,BK,51.119998931884766,51.7599983215332,51.11000061035156,51.52000045776367,41.69862747192383,4840700.0
2018-08-17,BK,51.400001525878906,51.7400016784668,51.290000915527344,51.689998626708984,41.836212158203125,3977700.0
2018-08-20,BK,51.75,51.97999954223633,51.7400016784668,51.939998626708984,42.03855514526367,3656600.0
2018-08-21,BK,51.7400016784668,52.810001373291016,51.63999938964844,52.540000915527344,42.524173736572266,4252300.0
2018-08-22,BK,52.439998626708984,52.7400016784668,52.18000030517578,52.5,42.49180603027344,3011200.0
2018-08-23,BK,52.43000030517578,52.459999084472656,52.16999816894531,52.33000183105469,42.35422134399414,3448700.0
2018-08-24,BK,52.540000915527344,52.720001220703125,52.38999938964844,52.560001373291016,42.54037094116211,2841100.0
2018-08-27,BK,52.84000015258789,53.439998626708984,52.7599983215332,52.97999954223633,42.88029479980469,3816600.0
2018-08-28,BK,53.04999923706055,53.130001068115234,52.81999969482422,52.88999938964844,42.80744934082031,3620400.0
2018-08-29,BK,52.900001525878906,52.90999984741211,52.29999923706055,52.5,42.49180603027344,4127600.0
2018-08-30,BK,52.36000061035156,52.52000045776367,52.119998931884766,52.22999954223633,42.27328872680664,4356200.0
2018-08-31,BK,52.029998779296875,52.18000030517578,51.70000076293945,52.150001525878906,42.208534240722656,3974300.0
2018-09-04,BK,52.15999984741211,52.689998626708984,51.900001525878906,52.400001525878906,42.410865783691406,3920200.0
2018-09-05,BK,52.40999984741211,52.880001068115234,52.13999938964844,52.25,42.28946304321289,4221200.0
2018-09-06,BK,52.220001220703125,52.349998474121094,51.84000015258789,52.189998626708984,42.24089431762695,3800000.0
2018-09-07,BK,52.31999969482422,52.459999084472656,51.86000061035156,52.18000030517578,42.232810974121094,3395500.0
2018-09-10,BK,52.22999954223633,52.45000076293945,51.939998626708984,52.029998779296875,42.11140060424805,3825500.0
2018-09-11,BK,51.880001068115234,52.4900016784668,51.689998626708984,52.2400016784668,42.281375885009766,3657900.0
2018-09-12,BK,52.20000076293945,52.290000915527344,51.900001525878906,52.0099983215332,42.09522247314453,3956400.0
2018-09-13,BK,52.040000915527344,52.09000015258789,50.97999954223633,51.220001220703125,41.4558219909668,6816600.0
2018-09-14,BK,51.400001525878906,51.75,51.369998931884766,51.650001525878906,41.80384063720703,3766900.0
2018-09-17,BK,51.68000030517578,51.689998626708984,50.970001220703125,51.220001220703125,41.4558219909668,4799300.0
2018-09-18,BK,51.400001525878906,51.56999969482422,51.11000061035156,51.45000076293945,41.641971588134766,3477500.0
2018-09-19,BK,51.529998779296875,52.86000061035156,51.470001220703125,52.43000030517578,42.435157775878906,4973000.0
2018-09-20,BK,52.7599983215332,53.380001068115234,52.689998626708984,53.33000183105469,43.1635856628418,4553900.0
2018-09-21,BK,53.380001068115234,53.5099983215332,53.029998779296875,53.38999938964844,43.21213912963867,21768700.0
2018-09-24,BK,53.36000061035156,53.36000061035156,52.220001220703125,52.369998931884766,42.3865966796875,3501100.0
2018-09-25,BK,52.4900016784668,52.650001525878906,52.209999084472656,52.310001373291016,42.33802795410156,5039000.0
2018-09-26,BK,52.5,52.63999938964844,51.790000915527344,51.91999816894531,42.022369384765625,5107700.0
2018-09-27,BK,51.939998626708984,52.06999969482422,51.31999969482422,51.540000915527344,41.714813232421875,4068200.0
2018-09-28,BK,51.18000030517578,51.52000045776367,50.900001525878906,50.9900016784668,41.26966094970703,5310600.0
2018-10-01,BK,51.150001525878906,51.93000030517578,50.93000030517578,51.900001525878906,42.006187438964844,4634700.0
2018-10-02,BK,51.79999923706055,52.060001373291016,51.2400016784668,51.75,41.88478469848633,3245500.0
2018-10-03,BK,52.06999969482422,52.52000045776367,51.900001525878906,52.18000030517578,42.232810974121094,3707000.0
2018-10-04,BK,52.2599983215332,52.91999816894531,52.09000015258789,52.68000030517578,42.637489318847656,4825100.0
2018-10-05,BK,52.83000183105469,53.13999938964844,52.41999816894531,52.59000015258789,42.56464767456055,4316800.0
2018-10-08,BK,52.40999984741211,52.849998474121094,52.29999923706055,52.779998779296875,42.718421936035156,3902200.0
2018-10-09,BK,52.45000076293945,52.52000045776367,51.970001220703125,52.22999954223633,42.27328872680664,3696000.0
2018-10-10,BK,52.380001068115234,52.47999954223633,50.70000076293945,50.720001220703125,41.051124572753906,6211600.0
2018-10-11,BK,50.41999816894531,50.93000030517578,49.130001068115234,49.189998626708984,39.81280517578125,8144600.0
2018-10-12,BK,50.5099983215332,50.5099983215332,48.25,49.099998474121094,39.73994445800781,6134500.0
2018-10-15,BK,48.959999084472656,49.150001525878906,48.45000076293945,48.45000076293945,39.21385955810547,6474500.0
2018-10-16,BK,48.7400016784668,49.36000061035156,48.33000183105469,49.349998474121094,39.94230270385742,4623500.0
2018-10-17,BK,48.58000183105469,49.45000076293945,48.119998931884766,49.150001525878906,39.78042221069336,7693400.0
2018-10-18,BK,47.560001373291016,48.310001373291016,47.04999923706055,47.790000915527344,38.67967987060547,8072000.0
2018-10-19,BK,47.09000015258789,47.619998931884766,46.369998931884766,47.400001525878906,38.36402893066406,9462200.0
2018-10-22,BK,47.439998626708984,47.650001525878906,46.459999084472656,46.470001220703125,37.61132049560547,7268300.0
2018-10-23,BK,45.560001373291016,46.59000015258789,45.15999984741211,46.279998779296875,37.457550048828125,9870000.0
2018-10-24,BK,46.2400016784668,46.380001068115234,45.20000076293945,45.33000183105469,36.68864059448242,7339600.0
2018-10-25,BK,45.7599983215332,46.68000030517578,45.59000015258789,46.150001525878906,37.35232162475586,6699800.0
2018-10-26,BK,45.709999084472656,46.029998779296875,45.310001373291016,45.470001220703125,36.801944732666016,9232000.0
2018-10-29,BK,45.81999969482422,46.36000061035156,45.16999816894531,45.77000045776367,37.27428436279297,6216400.0
2018-10-30,BK,46.099998474121094,46.97999954223633,45.93000030517578,46.91999816894531,38.21083068847656,7078800.0
2018-10-31,BK,47.220001220703125,47.880001068115234,47.11000061035156,47.33000183105469,38.544734954833984,6204800.0
2018-11-01,BK,47.61000061035156,47.81999969482422,47.220001220703125,47.52000045776367,38.699466705322266,4020200.0
2018-11-02,BK,48.0,48.290000915527344,46.88999938964844,47.209999084472656,38.44700241088867,6151200.0
2018-11-05,BK,47.369998931884766,48.11000061035156,47.369998931884766,47.970001220703125,39.0659294128418,4750400.0
2018-11-06,BK,47.959999084472656,48.36000061035156,47.68000030517578,48.31999969482422,39.35097122192383,3623500.0
2018-11-07,BK,48.5,48.869998931884766,47.75,48.77000045776367,39.71743392944336,4741700.0
2018-11-08,BK,48.529998779296875,49.2400016784668,48.439998626708984,49.029998779296875,39.92918014526367,5826300.0
2018-11-09,BK,48.81999969482422,48.900001525878906,48.209999084472656,48.5,39.4975700378418,4474900.0
2018-11-12,BK,48.33000183105469,48.4900016784668,47.880001068115234,47.97999954223633,39.07408905029297,4897900.0
2018-11-13,BK,48.16999816894531,48.7400016784668,48.04999923706055,48.20000076293945,39.25325393676758,4870100.0
2018-11-14,BK,48.540000915527344,49.02000045776367,47.61000061035156,48.22999954223633,39.27767562866211,6616500.0
2018-11-15,BK,47.75,49.2400016784668,47.459999084472656,49.220001220703125,40.08391571044922,7128200.0
2018-11-16,BK,49.0,49.61000061035156,48.900001525878906,49.38999938964844,40.22235870361328,4548400.0
2018-11-19,BK,49.34000015258789,50.33000183105469,49.189998626708984,50.119998931884766,40.81684875488281,6314300.0
2018-11-20,BK,49.779998779296875,49.88999938964844,48.970001220703125,49.380001068115234,40.214210510253906,7326000.0
2018-11-21,BK,49.619998931884766,50.470001220703125,49.45000076293945,49.959999084472656,40.68655776977539,5181500.0
2018-11-23,BK,49.599998474121094,50.2400016784668,49.31999969482422,49.86000061035156,40.605125427246094,2122400.0
2018-11-26,BK,50.439998626708984,51.40999984741211,50.380001068115234,50.93000030517578,41.476505279541016,5730700.0
2018-11-27,BK,50.65999984741211,51.380001068115234,50.54999923706055,51.369998931884766,41.83482360839844,3642600.0
2018-11-28,BK,51.540000915527344,51.66999816894531,50.34000015258789,51.61000061035156,42.03028106689453,7006600.0
2018-11-29,BK,50.939998626708984,51.439998626708984,50.54999923706055,50.68000030517578,41.27290344238281,4997000.0
2018-11-30,BK,50.599998474121094,51.38999938964844,50.599998474121094,51.310001373291016,41.78598403930664,5407300.0
2018-12-03,BK,51.79999923706055,51.97999954223633,50.34000015258789,50.63999938964844,41.24033737182617,6330500.0
2018-12-04,BK,50.529998779296875,50.790000915527344,48.41999816894531,48.70000076293945,39.66044616699219,8856100.0
2018-12-06,BK,47.79999923706055,48.0,46.66999816894531,47.84000015258789,38.96006774902344,11591900.0
2018-12-07,BK,47.79999923706055,48.58000183105469,47.38999938964844,47.709999084472656,38.85419845581055,6514500.0
2018-12-10,BK,47.45000076293945,47.70000076293945,46.58000183105469,47.560001373291016,38.7320442199707,6243900.0
2018-12-11,BK,48.38999938964844,49.0,47.59000015258789,47.66999816894531,38.82161331176758,9315100.0
2018-12-12,BK,48.20000076293945,48.95000076293945,47.630001068115234,48.060001373291016,39.13923645019531,7603400.0
2018-12-13,BK,48.130001068115234,48.689998626708984,47.720001220703125,48.09000015258789,39.163673400878906,7156700.0
2018-12-14,BK,47.59000015258789,49.0,47.58000183105469,48.66999816894531,39.636009216308594,9624200.0
2018-12-17,BK,48.38999938964844,49.88999938964844,48.13999938964844,48.97999954223633,39.888465881347656,9805800.0
2018-12-18,BK,49.20000076293945,49.45000076293945,46.689998626708984,46.72999954223633,38.05610656738281,13306100.0
2018-12-19,BK,46.63999938964844,47.209999084472656,45.27000045776367,45.5,37.05440139770508,13329100.0
2018-12-20,BK,45.119998931884766,46.40999984741211,44.970001220703125,45.0099983215332,36.655364990234375,13057800.0
2018-12-21,BK,44.58000183105469,45.88999938964844,44.119998931884766,44.63999938964844,36.35403823852539,17265100.0
2018-12-24,BK,44.2599983215332,45.52000045776367,44.220001220703125,44.4900016784668,36.23188018798828,7228500.0
2018-12-26,BK,44.650001525878906,46.15999984741211,43.66999816894531,46.15999984741211,37.59191131591797,7465900.0
2018-12-27,BK,45.40999984741211,46.81999969482422,45.40999984741211,46.81999969482422,38.129398345947266,7873900.0
2018-12-28,BK,47.099998474121094,47.2599983215332,46.349998474121094,46.650001525878906,37.990943908691406,4688300.0
2018-12-31,BK,46.88999938964844,47.54999923706055,46.63999938964844,47.06999969482422,38.33300018310547,3901000.0
2019-01-02,BK,46.54999923706055,47.54999923706055,46.40999984741211,47.5,38.68317413330078,4229500.0
2019-01-03,BK,47.34000015258789,47.380001068115234,46.4900016784668,46.560001373291016,37.91766357421875,4415700.0
2019-01-04,BK,47.380001068115234,47.970001220703125,46.90999984741211,47.90999984741211,39.01707077026367,4881500.0
2019-01-07,BK,47.650001525878906,48.33000183105469,47.2599983215332,47.79999923706055,38.927486419677734,4223100.0
2019-01-08,BK,48.08000183105469,48.209999084472656,47.02000045776367,47.619998931884766,38.78090286254883,4594500.0
2019-01-09,BK,47.70000076293945,47.97999954223633,47.38999938964844,47.7599983215332,38.89491653442383,5270800.0
2019-01-10,BK,47.5,47.91999816894531,47.220001220703125,47.470001220703125,38.65873718261719,4435400.0
2019-01-11,BK,47.11000061035156,48.290000915527344,46.86000061035156,48.08000183105469,39.1555290222168,3728400.0
2019-01-14,BK,47.63999938964844,48.88999938964844,47.630001068115234,48.41999816894531,39.432403564453125,4715900.0
2019-01-15,BK,48.2400016784668,49.4900016784668,48.13999938964844,49.40999984741211,40.2386360168457,6215800.0
2019-01-16,BK,50.09000015258789,50.7400016784668,48.7599983215332,50.43000030517578,41.0693244934082,7647700.0
2019-01-17,BK,49.939998626708984,51.58000183105469,49.790000915527344,51.529998779296875,41.96513748168945,7595500.0
2019-01-18,BK,51.79999923706055,53.040000915527344,51.4900016784668,52.65999984741211,42.88539505004883,8977100.0
2019-01-22,BK,52.27000045776367,53.0,52.209999084472656,52.59000015258789,42.82838439941406,6585700.0
2019-01-23,BK,53.11000061035156,53.18000030517578,52.16999816894531,53.060001373291016,43.21113586425781,6233200.0
2019-01-24,BK,52.86000061035156,53.7599983215332,52.77000045776367,53.709999084472656,43.7404899597168,6002500.0
2019-01-25,BK,53.779998779296875,53.88999938964844,53.380001068115234,53.400001525878906,43.7159309387207,8178600.0
2019-01-28,BK,53.02000045776367,53.470001220703125,52.84000015258789,53.439998626708984,43.74868392944336,5413400.0
2019-01-29,BK,53.349998474121094,53.70000076293945,52.540000915527344,52.61000061035156,43.06920623779297,4070300.0
2019-01-30,BK,52.529998779296875,53.220001220703125,51.959999084472656,52.529998779296875,43.00371551513672,4982300.0
2019-01-31,BK,52.22999954223633,52.380001068115234,51.75,52.31999969482422,42.831787109375,4248800.0
2019-02-01,BK,52.349998474121094,52.72999954223633,52.22999954223633,52.619998931884766,43.07737731933594,4559100.0
2019-02-04,BK,52.70000076293945,52.70000076293945,52.25,52.380001068115234,42.880916595458984,4274100.0
2019-02-05,BK,52.5,52.75,52.220001220703125,52.619998931884766,43.07737731933594,3436900.0
2019-02-06,BK,52.41999816894531,52.68000030517578,52.099998474121094,52.31999969482422,42.831787109375,3441600.0
2019-02-07,BK,52.29999923706055,52.599998474121094,51.65999984741211,52.11000061035156,42.65987777709961,3872700.0
2019-02-08,BK,51.779998779296875,52.040000915527344,51.189998626708984,51.83000183105469,42.430660247802734,3875500.0
2019-02-11,BK,52.0,52.11000061035156,51.709999084472656,52.0099983215332,42.5780143737793,3357100.0
2019-02-12,BK,52.529998779296875,53.06999969482422,52.52000045776367,52.84000015258789,43.25749206542969,4413600.0
2019-02-13,BK,52.959999084472656,53.11000061035156,52.40999984741211,52.43000030517578,42.921836853027344,4137200.0
2019-02-14,BK,52.130001068115234,52.130001068115234,50.9900016784668,51.77000045776367,42.38153839111328,3380300.0
2019-02-15,BK,52.119998931884766,52.9900016784668,52.08000183105469,52.9900016784668,43.38029479980469,4363500.0
2019-02-19,BK,52.66999816894531,53.15999984741211,52.36000061035156,52.9900016784668,43.38029479980469,3764800.0
2019-02-20,BK,53.0,53.380001068115234,52.599998474121094,53.31999969482422,43.65044021606445,4553400.0
2019-02-21,BK,53.16999816894531,53.349998474121094,52.810001373291016,52.95000076293945,43.34754180908203,2842300.0
2019-02-22,BK,53.150001525878906,53.33000183105469,52.83000183105469,53.220001220703125,43.568580627441406,2950400.0
2019-02-25,BK,53.36000061035156,53.65999984741211,52.900001525878906,52.93000030517578,43.3311767578125,4423700.0
2019-02-26,BK,52.869998931884766,53.38999938964844,52.65999984741211,53.040000915527344,43.42122268676758,3504500.0
2019-02-27,BK,53.040000915527344,53.11000061035156,52.68000030517578,52.75,43.18381881713867,3512900.0
2019-02-28,BK,52.79999923706055,53.0,52.36000061035156,52.47999954223633,42.962772369384766,4571900.0
2019-03-01,BK,52.810001373291016,53.29999923706055,52.400001525878906,52.689998626708984,43.13468933105469,4238000.0
2019-03-04,BK,52.84000015258789,53.40999984741211,51.599998474121094,51.90999984741211,42.49613952636719,3883300.0
2019-03-05,BK,51.81999969482422,52.83000183105469,51.59000015258789,52.650001525878906,43.10194778442383,4956900.0
2019-03-06,BK,52.650001525878906,52.790000915527344,52.060001373291016,52.060001373291016,42.61894226074219,3774000.0
2019-03-07,BK,51.83000183105469,51.849998474121094,51.11000061035156,51.22999954223633,41.93946075439453,4315600.0
2019-03-08,BK,50.83000183105469,51.52000045776367,50.650001525878906,51.47999954223633,42.14411926269531,3135800.0
2019-03-11,BK,51.7599983215332,52.0,51.4900016784668,51.83000183105469,42.430660247802734,3509700.0
2019-03-12,BK,52.0,52.150001525878906,51.849998474121094,51.90999984741211,42.49613952636719,3980200.0
2019-03-13,BK,52.18000030517578,52.61000061035156,51.84000015258789,52.439998626708984,42.93002700805664,4131600.0
2019-03-14,BK,52.34000015258789,52.88999938964844,52.2599983215332,52.7599983215332,43.19199752807617,3949300.0
2019-03-15,BK,52.54999923706055,53.209999084472656,52.439998626708984,53.119998931884766,43.4867057800293,9613000.0
2019-03-18,BK,53.47999954223633,54.16999816894531,53.290000915527344,53.97999954223633,44.19075393676758,3345600.0
2019-03-19,BK,54.18000030517578,54.27000045776367,53.09000015258789,53.119998931884766,43.4867057800293,4103100.0
2019-03-20,BK,52.97999954223633,53.0,51.90999984741211,51.97999954223633,42.553462982177734,4059200.0
2019-03-21,BK,51.599998474121094,52.04999923706055,51.0099983215332,51.88999938964844,42.47978210449219,4643100.0
2019-03-22,BK,51.47999954223633,51.58000183105469,49.869998931884766,50.5,41.34184646606445,5566900.0
2019-03-25,BK,50.4900016784668,51.02000045776367,50.02000045776367,50.279998779296875,41.161746978759766,2751600.0
2019-03-26,BK,50.65999984741211,50.9900016784668,50.2599983215332,50.84000015258789,41.62017822265625,3642900.0
2019-03-27,BK,50.7599983215332,50.869998931884766,49.88999938964844,50.099998474121094,41.014381408691406,7443100.0
2019-03-28,BK,50.27000045776367,50.599998474121094,50.040000915527344,50.38999938964844,41.25180435180664,3814100.0
2019-03-29,BK,50.720001220703125,50.95000076293945,50.31999969482422,50.43000030517578,41.284549713134766,4933000.0
2019-04-01,BK,50.79999923706055,51.540000915527344,50.779998779296875,51.459999084472656,42.127750396728516,3496300.0
2019-04-02,BK,51.540000915527344,51.93000030517578,51.31999969482422,51.349998474121094,42.03768539428711,3301000.0
2019-04-03,BK,51.790000915527344,52.11000061035156,51.119998931884766,51.2400016784668,41.94764709472656,4972000.0
2019-04-04,BK,51.40999984741211,51.689998626708984,51.16999816894531,51.45000076293945,42.119564056396484,5998300.0
2019-04-05,BK,51.56999969482422,51.7599983215332,51.02000045776367,51.18000030517578,41.89853286743164,4263700.0
2019-04-08,BK,50.880001068115234,51.33000183105469,50.880001068115234,51.25,41.955848693847656,6959000.0
2019-04-09,BK,51.060001373291016,51.310001373291016,50.56999969482422,50.9900016784668,41.74298095703125,3827600.0
2019-04-10,BK,50.9900016784668,51.33000183105469,50.68000030517578,51.290000915527344,41.988582611083984,2743100.0
2019-04-11,BK,51.540000915527344,52.0,51.31999969482422,51.689998626708984,42.3160400390625,3857600.0
2019-04-12,BK,52.5,52.93000030517578,52.290000915527344,52.810001373291016,43.232933044433594,4663100.0
2019-04-15,BK,52.79999923706055,53.13999938964844,52.41999816894531,52.599998474121094,43.06101989746094,4596200.0
2019-04-16,BK,52.7400016784668,53.61000061035156,52.7400016784668,53.439998626708984,43.74868392944336,5443800.0
2019-04-17,BK,49.70000076293945,50.0,48.08000183105469,48.349998474121094,39.58173751831055,13434500.0
2019-04-18,BK,48.369998931884766,48.709999084472656,47.88999938964844,48.40999984741211,39.63086700439453,8317200.0
2019-04-22,BK,48.25,48.58000183105469,47.88999938964844,48.189998626708984,39.45075607299805,7990100.0
2019-04-23,BK,48.06999969482422,48.77000045776367,47.369998931884766,48.470001220703125,39.679996490478516,8468400.0
2019-04-24,BK,48.220001220703125,48.459999084472656,47.77000045776367,48.150001525878906,39.41802978515625,7659200.0
2019-04-25,BK,48.02000045776367,48.959999084472656,47.75,48.54999923706055,39.74547576904297,6818800.0
2019-04-26,BK,48.189998626708984,48.459999084472656,47.5099983215332,48.43000030517578,39.877220153808594,5431500.0
2019-04-29,BK,48.29999923706055,49.939998626708984,48.27000045776367,49.380001068115234,40.659454345703125,5983800.0
2019-04-30,BK,49.4900016784668,49.779998779296875,48.97999954223633,49.65999984741211,40.88999938964844,6349500.0
2019-05-01,BK,49.70000076293945,50.27000045776367,49.349998474121094,49.43000030517578,40.700618743896484,6204600.0
2019-05-02,BK,49.54999923706055,50.40999984741211,49.33000183105469,49.83000183105469,41.02997970581055,5597900.0
2019-05-03,BK,49.93000030517578,50.279998779296875,49.79999923706055,49.970001220703125,41.14525604248047,4360600.0
2019-05-06,BK,49.06999969482422,49.5099983215332,48.540000915527344,49.33000183105469,40.61827850341797,3165700.0
2019-05-07,BK,48.7400016784668,48.93000030517578,47.84000015258789,48.13999938964844,39.6384391784668,4235900.0
2019-05-08,BK,47.9900016784668,48.58000183105469,47.84000015258789,48.04999923706055,39.564334869384766,3959300.0
2019-05-09,BK,47.529998779296875,47.869998931884766,47.189998626708984,47.779998779296875,39.342010498046875,3113600.0
2019-05-10,BK,47.66999816894531,48.2400016784668,47.18000030517578,48.099998474121094,39.60548782348633,3987700.0
2019-05-13,BK,47.290000915527344,47.810001373291016,46.93000030517578,47.150001525878906,38.82327651977539,4658000.0
2019-05-14,BK,47.150001525878906,47.36000061035156,46.72999954223633,47.0099983215332,38.7079963684082,3942900.0
2019-05-15,BK,46.54999923706055,46.7599983215332,46.130001068115234,46.5099983215332,38.29629898071289,3306700.0
2019-05-16,BK,46.56999969482422,46.959999084472656,46.459999084472656,46.540000915527344,38.32100296020508,3173300.0
2019-05-17,BK,46.11000061035156,46.779998779296875,46.02000045776367,46.08000183105469,37.942237854003906,3497400.0
2019-05-20,BK,46.09000015258789,46.310001373291016,45.77000045776367,45.970001220703125,37.85165786743164,3067600.0
2019-05-21,BK,46.13999938964844,46.400001525878906,46.099998474121094,46.209999084472656,38.04927444458008,3595600.0
2019-05-22,BK,46.08000183105469,46.209999084472656,45.880001068115234,46.15999984741211,38.00810241699219,3232100.0
2019-05-23,BK,45.880001068115234,45.93000030517578,45.0,45.2400016784668,37.25059127807617,6228500.0
2019-05-24,BK,45.380001068115234,45.380001068115234,44.97999954223633,45.15999984741211,37.184696197509766,4366200.0
2019-05-28,BK,45.040000915527344,45.13999938964844,44.33000183105469,44.33000183105469,36.501285552978516,8718900.0
2019-05-29,BK,43.849998474121094,44.150001525878906,43.29999923706055,44.060001373291016,36.278961181640625,6047200.0
2019-05-30,BK,44.029998779296875,44.13999938964844,42.90999984741211,43.25,35.61201477050781,5268500.0
2019-05-31,BK,42.58000183105469,43.04999923706055,42.43000030517578,42.689998626708984,35.150909423828125,6760000.0
2019-06-03,BK,42.689998626708984,43.2599983215332,42.5,43.04999923706055,35.44733428955078,6694500.0
2019-06-04,BK,43.650001525878906,44.33000183105469,43.43000030517578,44.290000915527344,36.468345642089844,4339700.0
2019-06-05,BK,44.20000076293945,44.369998931884766,43.43000030517578,43.61000061035156,35.908443450927734,3570700.0
2019-06-06,BK,43.58000183105469,43.97999954223633,43.15999984741211,43.81999969482422,36.081356048583984,3587400.0
2019-06-07,BK,43.779998779296875,44.72999954223633,43.75,44.400001525878906,36.55891799926758,4644700.0
2019-06-10,BK,44.849998474121094,45.34000015258789,44.540000915527344,44.900001525878906,36.970619201660156,4970300.0
2019-06-11,BK,45.13999938964844,45.34000015258789,44.150001525878906,44.5,36.64126968383789,5493900.0
2019-06-12,BK,44.5,44.66999816894531,43.9900016784668,44.099998474121094,36.31190872192383,4257400.0
2019-06-13,BK,44.25,44.7400016784668,44.11000061035156,44.529998779296875,36.66596603393555,2573100.0
2019-06-14,BK,44.54999923706055,44.70000076293945,44.040000915527344,44.4900016784668,36.63302993774414,2842200.0
2019-06-17,BK,44.5099983215332,44.560001373291016,43.900001525878906,43.95000076293945,36.188392639160156,2516600.0
2019-06-18,BK,43.560001373291016,44.209999084472656,43.18000030517578,43.2400016784668,35.603782653808594,10901900.0
2019-06-19,BK,43.5,43.5,42.43000030517578,42.689998626708984,35.150909423828125,14111600.0
2019-06-20,BK,42.68000030517578,43.189998626708984,42.130001068115234,43.119998931884766,35.504966735839844,11226500.0
2019-06-21,BK,43.310001373291016,44.060001373291016,43.099998474121094,43.40999984741211,35.74376678466797,8578600.0
2019-06-24,BK,43.31999969482422,44.02000045776367,42.970001220703125,43.08000183105469,35.472042083740234,4117500.0
2019-06-25,BK,43.08000183105469,43.529998779296875,42.65999984741211,43.43000030517578,35.760223388671875,5941300.0
2019-06-26,BK,43.47999954223633,43.58000183105469,42.900001525878906,43.119998931884766,35.504966735839844,5682600.0
2019-06-27,BK,43.2599983215332,43.779998779296875,43.150001525878906,43.38999938964844,35.727291107177734,3025000.0
2019-06-28,BK,44.0,44.560001373291016,43.77000045776367,44.150001525878906,36.353065490722656,7683500.0
2019-07-01,BK,44.91999816894531,44.970001220703125,44.220001220703125,44.470001220703125,36.61655807495117,4124000.0
2019-07-02,BK,44.470001220703125,44.7400016784668,44.060001373291016,44.22999954223633,36.418941497802734,5205800.0
2019-07-03,BK,44.310001373291016,44.65999984741211,43.959999084472656,44.63999938964844,36.75653839111328,2714100.0
2019-07-05,BK,44.86000061035156,45.119998931884766,44.15999984741211,44.529998779296875,36.66596603393555,3527900.0
2019-07-08,BK,43.849998474121094,44.0099983215332,42.81999969482422,43.029998779296875,35.43086242675781,6209500.0
2019-07-09,BK,42.630001068115234,43.41999816894531,42.459999084472656,43.400001525878906,35.73552322387695,4179800.0
2019-07-10,BK,43.459999084472656,43.4900016784668,42.91999816894531,43.040000915527344,35.43910598754883,3804400.0
2019-07-11,BK,43.15999984741211,43.7400016784668,43.02000045776367,43.650001525878906,35.941368103027344,3951800.0
2019-07-12,BK,43.779998779296875,43.880001068115234,43.150001525878906,43.560001373291016,35.867271423339844,3290200.0
2019-07-15,BK,43.599998474121094,43.599998474121094,42.970001220703125,43.150001525878906,35.52967834472656,4958700.0
2019-07-16,BK,43.34000015258789,43.63999938964844,43.04999923706055,43.11000061035156,35.49673843383789,4872600.0
2019-07-17,BK,43.369998931884766,44.709999084472656,43.369998931884766,44.119998931884766,36.328369140625,6527000.0
2019-07-18,BK,44.279998779296875,44.97999954223633,44.11000061035156,44.86000061035156,36.93769073486328,5705600.0
2019-07-19,BK,45.060001373291016,45.77000045776367,44.970001220703125,45.27000045776367,37.275272369384766,7744200.0
2019-07-22,BK,45.189998626708984,46.0,45.040000915527344,45.81999969482422,37.72815704345703,4900400.0
2019-07-23,BK,46.22999954223633,46.95000076293945,46.040000915527344,46.720001220703125,38.469215393066406,6243100.0
2019-07-24,BK,46.560001373291016,47.310001373291016,46.40999984741211,47.099998474121094,38.7820930480957,5310800.0
2019-07-25,BK,47.29999923706055,47.43000030517578,46.68000030517578,47.290000915527344,38.93855285644531,5004900.0
2019-07-26,BK,47.25,47.65999984741211,46.61000061035156,47.599998474121094,39.45241928100586,4789700.0
2019-07-29,BK,47.439998626708984,47.56999969482422,46.810001373291016,46.81999969482422,38.80593490600586,4524000.0
2019-07-30,BK,46.38999938964844,47.15999984741211,46.279998779296875,47.040000915527344,38.98828125,4222100.0
2019-07-31,BK,46.90999984741211,47.36000061035156,46.65999984741211,46.91999816894531,38.88882064819336,6635700.0
2019-08-01,BK,46.380001068115234,47.5,45.81999969482422,45.970001220703125,38.1014289855957,6863700.0
2019-08-02,BK,45.970001220703125,46.279998779296875,44.29999923706055,46.029998779296875,38.15115737915039,4764700.0
2019-08-05,BK,45.2400016784668,45.619998931884766,44.560001373291016,45.060001373291016,37.347198486328125,5557800.0
2019-08-06,BK,45.189998626708984,45.459999084472656,44.560001373291016,45.45000076293945,37.67043685913086,5007700.0
2019-08-07,BK,44.5,45.0,43.630001068115234,44.72999954223633,37.073673248291016,6223600.0
2019-08-08,BK,45.0,45.970001220703125,44.939998626708984,45.56999969482422,37.769901275634766,5054800.0
2019-08-09,BK,45.439998626708984,46.11000061035156,45.209999084472656,45.810001373291016,37.96882247924805,5077300.0
2019-08-12,BK,45.2599983215332,45.5099983215332,44.31999969482422,44.380001068115234,36.78358840942383,4268900.0
2019-08-13,BK,44.27000045776367,44.65999984741211,43.56999969482422,43.66999816894531,36.195098876953125,6093100.0
2019-08-14,BK,42.75,43.060001373291016,41.91999816894531,41.959999084472656,34.77779769897461,4952500.0
2019-08-15,BK,42.02000045776367,42.349998474121094,41.41999816894531,41.66999816894531,34.53744125366211,3583700.0
2019-08-16,BK,41.95000076293945,42.5,41.91999816894531,42.33000183105469,35.0844841003418,2938200.0
2019-08-19,BK,43.029998779296875,43.06999969482422,42.709999084472656,42.720001220703125,35.4077262878418,2843700.0
2019-08-20,BK,42.52000045776367,42.59000015258789,41.90999984741211,41.959999084472656,34.77779769897461,2441700.0
2019-08-21,BK,42.130001068115234,42.369998931884766,41.81999969482422,41.939998626708984,34.761226654052734,3295600.0
2019-08-22,BK,42.22999954223633,42.470001220703125,41.81999969482422,42.16999816894531,34.95185470581055,3712700.0
2019-08-23,BK,41.900001525878906,42.2400016784668,40.77000045776367,41.02000045776367,33.998714447021484,3737300.0
2019-08-26,BK,41.33000183105469,41.45000076293945,40.84000015258789,41.11000061035156,34.07331848144531,4231900.0
2019-08-27,BK,41.34000015258789,41.529998779296875,40.900001525878906,40.95000076293945,33.94069290161133,3878300.0
2019-08-28,BK,40.790000915527344,41.189998626708984,40.52000045776367,41.04999923706055,34.02357482910156,4186600.0
2019-08-29,BK,41.470001220703125,42.060001373291016,41.400001525878906,41.720001220703125,34.57889175415039,3051500.0
2019-08-30,BK,42.02000045776367,42.25,41.83000183105469,42.060001373291016,34.860694885253906,3051000.0
2019-09-03,BK,41.689998626708984,41.84000015258789,41.0099983215332,41.529998779296875,34.421409606933594,3613200.0
2019-09-04,BK,41.959999084472656,42.040000915527344,41.4900016784668,41.91999816894531,34.744651794433594,2671600.0
2019-09-05,BK,42.54999923706055,43.349998474121094,42.31999969482422,42.81999969482422,35.490604400634766,4544400.0
2019-09-06,BK,42.939998626708984,43.099998474121094,42.599998474121094,43.029998779296875,35.66465377807617,3388900.0
2019-09-09,BK,43.310001373291016,45.79999923706055,43.16999816894531,45.47999954223633,37.69529342651367,7858900.0
2019-09-10,BK,45.77000045776367,46.25,45.290000915527344,45.779998779296875,37.94395065307617,5969900.0
2019-09-11,BK,45.959999084472656,46.36000061035156,45.29999923706055,46.34000015258789,38.40810012817383,3986700.0
2019-09-12,BK,46.130001068115234,46.560001373291016,45.720001220703125,46.310001373291016,38.383235931396484,3106600.0
2019-09-13,BK,46.880001068115234,47.16999816894531,46.58000183105469,46.900001525878906,38.87224578857422,3209600.0
2019-09-16,BK,46.380001068115234,47.0,46.13999938964844,46.75,38.7479133605957,2811500.0
2019-09-17,BK,45.43000030517578,46.369998931884766,45.36000061035156,46.349998474121094,38.4163818359375,4949200.0
2019-09-18,BK,46.369998931884766,47.2400016784668,45.93000030517578,47.0,38.95512771606445,4656500.0
2019-09-19,BK,46.95000076293945,47.45000076293945,46.650001525878906,46.97999954223633,38.93855285644531,3252500.0
2019-09-20,BK,46.97999954223633,47.20000076293945,46.22999954223633,46.380001068115234,38.441246032714844,8319400.0
2019-09-23,BK,46.08000183105469,46.84000015258789,46.029998779296875,46.77000045776367,38.76449966430664,2351400.0
2019-09-24,BK,46.599998474121094,46.88999938964844,46.0,46.25,38.333499908447266,2777400.0
2019-09-25,BK,46.369998931884766,46.9900016784668,46.279998779296875,46.88999938964844,38.863948822021484,2776500.0
2019-09-26,BK,46.81999969482422,46.90999984741211,46.380001068115234,46.630001068115234,38.64845275878906,2603000.0
2019-09-27,BK,45.97999954223633,46.13999938964844,44.08000183105469,44.529998779296875,36.90791702270508,13736500.0
2019-09-30,BK,44.880001068115234,45.47999954223633,44.779998779296875,45.209999084472656,37.471500396728516,5694300.0
2019-10-01,BK,45.209999084472656,45.279998779296875,43.59000015258789,43.72999954223633,36.244842529296875,4879400.0
2019-10-02,BK,43.400001525878906,43.5,42.43000030517578,42.4900016784668,35.21709060668945,7540900.0
2019-10-03,BK,42.540000915527344,42.790000915527344,42.02000045776367,42.43000030517578,35.1673583984375,9524100.0
2019-10-04,BK,42.59000015258789,42.77000045776367,42.13999938964844,42.630001068115234,35.3331298828125,14413900.0
2019-10-07,BK,42.599998474121094,42.61000061035156,42.16999816894531,42.2400016784668,35.009883880615234,7864700.0
2019-10-08,BK,41.91999816894531,42.70000076293945,41.65999984741211,42.33000183105469,35.0844841003418,8075300.0
2019-10-09,BK,42.68000030517578,42.9900016784668,42.310001373291016,42.83000183105469,35.49889373779297,3707700.0
2019-10-10,BK,42.93000030517578,43.790000915527344,42.79999923706055,43.5,36.05420684814453,4175800.0
2019-10-11,BK,44.38999938964844,44.689998626708984,44.060001373291016,44.119998931884766,36.56808853149414,5300900.0
2019-10-14,BK,43.91999816894531,44.130001068115234,43.40999984741211,43.90999984741211,36.39402770996094,4986500.0
2019-10-15,BK,44.06999969482422,44.470001220703125,43.560001373291016,44.36000061035156,36.767005920410156,10975800.0
2019-10-16,BK,45.0,45.66999816894531,44.41999816894531,44.439998626708984,36.833316802978516,7760500.0
2019-10-17,BK,44.9900016784668,45.20000076293945,44.33000183105469,44.380001068115234,36.78358840942383,4233500.0
2019-10-18,BK,44.31999969482422,45.90999984741211,44.25,45.34000015258789,37.579261779785156,7161700.0
2019-10-21,BK,45.529998779296875,45.970001220703125,45.470001220703125,45.66999816894531,37.85277557373047,6914900.0
2019-10-22,BK,45.619998931884766,46.720001220703125,45.33000183105469,46.13999938964844,38.24232482910156,5812200.0
2019-10-23,BK,46.040000915527344,46.95000076293945,46.040000915527344,46.72999954223633,38.73133850097656,6525300.0
2019-10-24,BK,46.68000030517578,46.849998474121094,45.959999084472656,46.279998779296875,38.35836410522461,5648700.0
2019-10-25,BK,45.91999816894531,46.75,45.86000061035156,46.380001068115234,38.700477600097656,5697000.0
2019-10-28,BK,46.75,47.02000045776367,46.619998931884766,46.88999938964844,39.126033782958984,5010900.0
2019-10-29,BK,46.65999984741211,47.18000030517578,46.61000061035156,46.630001068115234,38.909080505371094,8328300.0
2019-10-30,BK,46.56999969482422,46.849998474121094,46.31999969482422,46.619998931884766,38.900733947753906,5709200.0
2019-10-31,BK,46.439998626708984,46.75,46.18000030517578,46.75,39.00920486450195,8581600.0
2019-11-01,BK,47.09000015258789,47.599998474121094,46.939998626708984,47.15999984741211,39.3513298034668,7002200.0
2019-11-04,BK,47.7400016784668,48.7400016784668,47.599998474121094,48.720001220703125,40.65303039550781,6561200.0
2019-11-05,BK,48.939998626708984,49.650001525878906,48.869998931884766,49.16999816894531,41.02851867675781,6953200.0
2019-11-06,BK,49.150001525878906,49.4900016784668,48.93000030517578,49.130001068115234,40.99513626098633,3460000.0
2019-11-07,BK,49.540000915527344,50.029998779296875,49.38999938964844,49.400001525878906,41.22042465209961,5281300.0
2019-11-08,BK,49.33000183105469,49.66999816894531,48.97999954223633,49.20000076293945,41.053550720214844,3748700.0
2019-11-11,BK,49.20000076293945,49.56999969482422,48.9900016784668,49.060001373291016,40.93672561645508,2988300.0
2019-11-12,BK,49.209999084472656,49.310001373291016,48.779998779296875,48.900001525878906,40.80321502685547,3443800.0
2019-11-13,BK,48.380001068115234,48.77000045776367,48.040000915527344,48.349998474121094,40.34428024291992,2799500.0
2019-11-14,BK,48.31999969482422,48.630001068115234,48.18000030517578,48.41999816894531,40.4026985168457,2034700.0
2019-11-15,BK,48.560001373291016,48.619998931884766,48.189998626708984,48.56999969482422,40.527870178222656,4286100.0
2019-11-18,BK,48.630001068115234,49.029998779296875,48.43000030517578,48.72999954223633,40.661376953125,2930900.0
2019-11-19,BK,48.9900016784668,49.0,48.560001373291016,48.689998626708984,40.627986907958984,3052400.0
2019-11-20,BK,48.560001373291016,48.939998626708984,48.380001068115234,48.880001068115234,40.786537170410156,3204800.0
2019-11-21,BK,48.9900016784668,49.11000061035156,48.5,48.56999969482422,40.527870178222656,2743600.0
2019-11-22,BK,48.650001525878906,49.099998474121094,48.560001373291016,48.79999923706055,40.71977615356445,3133700.0
2019-11-25,BK,48.86000061035156,49.45000076293945,48.849998474121094,49.33000183105469,41.16203308105469,2359800.0
2019-11-26,BK,49.369998931884766,49.43000030517578,48.54999923706055,48.779998779296875,40.703094482421875,3525600.0
2019-11-27,BK,49.02000045776367,49.150001525878906,48.779998779296875,48.959999084472656,40.85328674316406,2820100.0
2019-11-29,BK,48.880001068115234,49.099998474121094,48.63999938964844,48.970001220703125,40.861637115478516,3290400.0
2019-12-02,BK,49.11000061035156,49.400001525878906,48.959999084472656,49.130001068115234,40.99513626098633,3429800.0
2019-12-03,BK,48.61000061035156,48.689998626708984,47.90999984741211,48.119998931884766,40.152366638183594,3401500.0
2019-12-04,BK,48.119998931884766,48.88999938964844,48.119998931884766,48.779998779296875,40.703094482421875,2188400.0
2019-12-05,BK,49.029998779296875,49.29999923706055,48.900001525878906,49.27000045776367,41.11195755004883,2372500.0
2019-12-06,BK,49.83000183105469,49.93000030517578,49.61000061035156,49.63999938964844,41.42069625854492,3686900.0
2019-12-09,BK,49.56999969482422,49.88999938964844,49.40999984741211,49.70000076293945,41.470760345458984,2634300.0
2019-12-10,BK,49.7599983215332,49.90999984741211,49.529998779296875,49.84000015258789,41.58757400512695,3265700.0
2019-12-11,BK,49.93000030517578,50.369998931884766,49.79999923706055,49.880001068115234,41.62095260620117,4365100.0
2019-12-12,BK,50.130001068115234,51.400001525878906,49.91999816894531,51.220001220703125,42.73908233642578,4453300.0
2019-12-13,BK,51.029998779296875,51.400001525878906,50.15999984741211,50.220001220703125,41.9046630859375,3885600.0
2019-12-16,BK,50.72999954223633,51.040000915527344,50.099998474121094,50.15999984741211,41.854583740234375,3239700.0
2019-12-17,BK,50.619998931884766,51.25,50.5099983215332,51.15999984741211,42.68901443481445,4070600.0
2019-12-18,BK,51.11000061035156,51.2599983215332,50.91999816894531,51.0,42.55550003051758,5175200.0
2019-12-19,BK,50.95000076293945,51.25,50.72999954223633,50.849998474121094,42.430335998535156,4391400.0
2019-12-20,BK,50.939998626708984,51.11000061035156,50.47999954223633,50.630001068115234,42.24677658081055,8378300.0
2019-12-23,BK,50.650001525878906,50.70000076293945,50.09000015258789,50.369998931884766,42.02983093261719,2084400.0
2019-12-24,BK,50.38999938964844,50.470001220703125,50.16999816894531,50.349998474121094,42.013126373291016,763700.0
2019-12-26,BK,50.459999084472656,50.650001525878906,50.290000915527344,50.4900016784668,42.12995147705078,1211700.0
2019-12-27,BK,50.529998779296875,50.63999938964844,50.16999816894531,50.31999969482422,41.988101959228516,1859200.0
2019-12-30,BK,50.540000915527344,50.709999084472656,50.09000015258789,50.18000030517578,41.871280670166016,3458200.0
2019-12-31,BK,50.13999938964844,50.47999954223633,50.060001373291016,50.33000183105469,41.99644470214844,2264800.0
2020-01-02,BK,50.459999084472656,50.91999816894531,50.220001220703125,50.91999816894531,42.48875045776367,2587200.0
2020-01-03,BK,50.2599983215332,50.43000030517578,49.79999923706055,50.27000045776367,41.94638442993164,2276100.0
2020-01-06,BK,50.310001373291016,50.75,50.02000045776367,50.7400016784668,42.33856201171875,3978800.0
2020-01-07,BK,50.689998626708984,51.41999816894531,50.689998626708984,51.25,42.76411056518555,3573500.0
2020-01-08,BK,51.45000076293945,51.56999969482422,51.0099983215332,51.310001373291016,42.81418991088867,3941400.0
2020-01-09,BK,51.5099983215332,51.599998474121094,51.27000045776367,51.47999954223633,42.956024169921875,2775400.0
2020-01-10,BK,51.38999938964844,51.38999938964844,50.41999816894531,50.540000915527344,42.171669006347656,3307800.0
2020-01-13,BK,50.66999816894531,50.88999938964844,50.54999923706055,50.880001068115234,42.455379486083984,3557500.0
2020-01-14,BK,50.83000183105469,51.209999084472656,50.650001525878906,51.0099983215332,42.5638542175293,3150100.0
2020-01-15,BK,50.72999954223633,50.88999938964844,50.369998931884766,50.689998626708984,42.29683303833008,4273600.0
2020-01-16,BK,46.75,47.45000076293945,46.36000061035156,46.720001220703125,38.98418045043945,12395200.0
2020-01-17,BK,46.849998474121094,46.959999084472656,45.86000061035156,46.18000030517578,38.533592224121094,12579800.0
2020-01-21,BK,46.310001373291016,47.5,46.22999954223633,46.779998779296875,39.03424835205078,7863100.0
2020-01-22,BK,46.91999816894531,47.06999969482422,46.5,46.72999954223633,38.992523193359375,6344800.0
2020-01-23,BK,46.47999954223633,47.439998626708984,46.25,47.02000045776367,39.23451614379883,5586200.0
2020-01-24,BK,46.65999984741211,46.70000076293945,45.540000915527344,45.95000076293945,38.59614181518555,6416400.0
2020-01-27,BK,45.16999816894531,45.7599983215332,45.040000915527344,45.04999923706055,37.84017562866211,5940100.0
2020-01-28,BK,45.400001525878906,45.43000030517578,44.810001373291016,44.970001220703125,37.772979736328125,8295700.0
2020-01-29,BK,45.099998474121094,45.18000030517578,44.279998779296875,44.459999084472656,37.34459686279297,9836000.0
2020-01-30,BK,44.15999984741211,45.47999954223633,44.099998474121094,45.400001525878906,38.13416290283203,5153400.0
2020-01-31,BK,45.040000915527344,45.189998626708984,44.34000015258789,44.779998779296875,37.61338806152344,6765800.0
2020-02-03,BK,45.040000915527344,45.880001068115234,44.91999816894531,45.209999084472656,37.97456359863281,6482200.0
2020-02-04,BK,45.84000015258789,46.630001068115234,45.83000183105469,45.95000076293945,38.59614181518555,6870500.0
2020-02-05,BK,46.47999954223633,47.20000076293945,46.45000076293945,46.97999954223633,39.46128463745117,5209400.0
2020-02-06,BK,47.25,47.630001068115234,47.060001373291016,47.540000915527344,39.93167495727539,5696900.0
2020-02-07,BK,47.22999954223633,47.5099983215332,46.97999954223633,47.25,39.68808364868164,3867000.0
2020-02-10,BK,46.97999954223633,47.060001373291016,46.34000015258789,46.4900016784668,39.04972457885742,3078900.0
2020-02-11,BK,46.65999984741211,46.79999923706055,46.310001373291016,46.41999816894531,38.99091720581055,3480600.0
2020-02-12,BK,46.810001373291016,47.20000076293945,46.5099983215332,46.560001373291016,39.1085090637207,2631600.0
2020-02-13,BK,46.439998626708984,46.599998474121094,45.959999084472656,46.029998779296875,38.66333770751953,2699300.0
2020-02-14,BK,46.099998474121094,46.22999954223633,45.689998626708984,45.900001525878906,38.554141998291016,3770800.0
2020-02-18,BK,45.79999923706055,46.029998779296875,45.18000030517578,45.290000915527344,38.04177474975586,3253200.0
2020-02-19,BK,45.29999923706055,46.0099983215332,45.20000076293945,45.91999816894531,38.57093811035156,3957000.0
2020-02-20,BK,45.79999923706055,46.29999923706055,45.599998474121094,45.83000183105469,38.4953498840332,2925800.0
2020-02-21,BK,45.5099983215332,45.7400016784668,44.83000183105469,45.040000915527344,37.8317756652832,5058500.0
2020-02-24,BK,44.02000045776367,44.119998931884766,42.900001525878906,43.130001068115234,36.227455139160156,5088300.0
2020-02-25,BK,43.209999084472656,43.41999816894531,41.33000183105469,41.59000015258789,34.933902740478516,5765100.0
2020-02-26,BK,41.81999969482422,42.06999969482422,41.189998626708984,41.369998931884766,34.74913024902344,6741400.0
2020-02-27,BK,40.5099983215332,42.81999969482422,40.22999954223633,40.959999084472656,34.40473175048828,11049300.0
2020-02-28,BK,39.52000045776367,40.06999969482422,38.540000915527344,39.900001525878906,33.514381408691406,14487900.0
2020-03-02,BK,40.029998779296875,40.959999084472656,39.20000076293945,40.959999084472656,34.40473175048828,11490700.0
2020-03-03,BK,40.88999938964844,40.939998626708984,38.099998474121094,38.83000183105469,32.615631103515625,14057800.0
2020-03-04,BK,39.310001373291016,40.90999984741211,38.650001525878906,40.5,34.01836013793945,12017400.0
2020-03-05,BK,38.560001373291016,40.119998931884766,38.15999984741211,39.29999923706055,33.01041030883789,10984100.0
2020-03-06,BK,37.56999969482422,38.7400016784668,37.36000061035156,38.06999969482422,31.977264404296875,9299800.0
2020-03-09,BK,34.79999923706055,37.439998626708984,34.20000076293945,34.95000076293945,29.356592178344727,8351900.0
2020-03-10,BK,36.5099983215332,36.61000061035156,35.040000915527344,36.54999923706055,30.70051383972168,8741400.0
2020-03-11,BK,35.619998931884766,35.91999816894531,33.70000076293945,34.20000076293945,28.726613998413086,8599400.0
2020-03-12,BK,31.850000381469727,32.34000015258789,29.399999618530273,29.520000457763672,24.79560089111328,9726400.0
2020-03-13,BK,31.75,34.130001068115234,30.450000762939453,34.130001068115234,28.667816162109375,9089100.0
2020-03-16,BK,29.139999389648438,32.619998931884766,29.0,29.18000030517578,24.5100154876709,9714900.0
2020-03-17,BK,30.1299991607666,30.600000381469727,28.190000534057617,29.969999313354492,25.173582077026367,11954600.0
2020-03-18,BK,28.059999465942383,29.540000915527344,26.399999618530273,28.760000228881836,24.157238006591797,10176600.0
2020-03-19,BK,28.459999084472656,31.31999969482422,27.700000762939453,30.0,25.198787689208984,7907500.0
2020-03-20,BK,30.299999237060547,31.309999465942383,28.8700008392334,29.06999969482422,24.417621612548828,9555900.0
2020-03-23,BK,28.809999465942383,28.959999084472656,26.93000030517578,27.489999771118164,23.090490341186523,8555200.0
2020-03-24,BK,29.209999084472656,31.59000015258789,29.170000076293945,31.0,26.03874397277832,9411600.0
2020-03-25,BK,31.510000228881836,32.88999938964844,29.510000228881836,31.639999389648438,26.576318740844727,9866600.0
2020-03-26,BK,31.93000030517578,33.16999816894531,30.93000030517578,33.0,27.718660354614258,8440900.0
2020-03-27,BK,31.6299991607666,33.529998779296875,31.280000686645508,32.540000915527344,27.332279205322266,5764500.0
2020-03-30,BK,32.599998474121094,34.18000030517578,31.719999313354492,34.0,28.558631896972656,6232200.0
2020-03-31,BK,33.560001373291016,34.880001068115234,33.290000915527344,33.68000030517578,28.289838790893555,7047300.0
2020-04-01,BK,31.950000762939453,33.099998474121094,31.3799991607666,32.70000076293945,27.466676712036133,7727200.0
2020-04-02,BK,32.400001525878906,33.95000076293945,32.06999969482422,33.63999938964844,28.25623893737793,6709700.0
2020-04-03,BK,33.459999084472656,34.22999954223633,32.959999084472656,33.75,28.348636627197266,5085400.0
2020-04-06,BK,35.630001068115234,35.720001220703125,34.45000076293945,35.2400016784668,29.600168228149414,6782000.0
2020-04-07,BK,37.18000030517578,37.310001373291016,34.7400016784668,34.79999923706055,29.230588912963867,8191400.0
2020-04-08,BK,35.09000015258789,35.900001525878906,34.709999084472656,35.650001525878906,29.944557189941406,5860600.0
2020-04-09,BK,36.34000015258789,37.880001068115234,36.16999816894531,37.13999938964844,31.19609832763672,8037800.0
2020-04-13,BK,36.97999954223633,37.0,35.40999984741211,36.0,30.238542556762695,7002800.0
2020-04-14,BK,36.72999954223633,36.95000076293945,35.5,36.34000015258789,30.524126052856445,5368300.0
2020-04-15,BK,34.90999984741211,35.189998626708984,34.43000030517578,34.630001068115234,29.08780288696289,5291500.0
2020-04-16,BK,37.2400016784668,37.77000045776367,35.52000045776367,36.13999938964844,30.35614013671875,9772300.0
2020-04-17,BK,37.470001220703125,37.779998779296875,36.81999969482422,37.38999938964844,31.406085968017578,8579700.0
2020-04-20,BK,36.75,36.869998931884766,35.900001525878906,36.40999984741211,30.582921981811523,6156100.0
2020-04-21,BK,35.33000183105469,36.099998474121094,34.869998931884766,35.209999084472656,29.574975967407227,6780000.0
2020-04-22,BK,35.90999984741211,35.90999984741211,35.150001525878906,35.52000045776367,29.835369110107422,4128400.0
2020-04-23,BK,35.709999084472656,35.95000076293945,35.099998474121094,35.31999969482422,29.6673641204834,4287700.0
2020-04-24,BK,35.75,36.08000183105469,35.08000183105469,35.7599983215332,30.036949157714844,4126800.0
2020-04-27,BK,35.849998474121094,37.22999954223633,35.689998626708984,36.939998626708984,31.2994384765625,5342600.0
2020-04-28,BK,38.06999969482422,38.25,37.31999969482422,37.400001525878906,31.689197540283203,3929100.0
2020-04-29,BK,38.38999938964844,38.38999938964844,37.43000030517578,38.02000045776367,32.21452331542969,7789900.0
2020-04-30,BK,37.279998779296875,37.720001220703125,36.93000030517578,37.540000915527344,31.807819366455078,4397300.0
2020-05-01,BK,36.650001525878906,36.7400016784668,35.849998474121094,36.0,30.502965927124023,4005200.0
2020-05-04,BK,35.650001525878906,35.7400016784668,35.060001373291016,35.540000915527344,30.113208770751953,4139300.0
2020-05-05,BK,36.029998779296875,36.18000030517578,35.130001068115234,35.13999938964844,29.7742919921875,3679600.0
2020-05-06,BK,35.400001525878906,35.540000915527344,34.4900016784668,34.5,29.232011795043945,5061400.0
2020-05-07,BK,34.97999954223633,35.849998474121094,34.70000076293945,34.849998474121094,29.5285701751709,5595100.0
2020-05-08,BK,35.560001373291016,35.619998931884766,34.81999969482422,35.34000015258789,29.943748474121094,4756900.0
2020-05-11,BK,34.83000183105469,34.90999984741211,34.38999938964844,34.45000076293945,29.189645767211914,5014500.0
2020-05-12,BK,34.58000183105469,34.810001373291016,32.97999954223633,32.9900016784668,27.95258331298828,6567800.0
2020-05-13,BK,32.619998931884766,32.72999954223633,31.649999618530273,32.4900016784668,27.5289306640625,6877100.0
2020-05-14,BK,31.959999084472656,32.599998474121094,31.239999771118164,32.439998626708984,27.486562728881836,7074400.0
2020-05-15,BK,32.060001373291016,32.380001068115234,31.700000762939453,32.060001373291016,27.164592742919922,4121500.0
2020-05-18,BK,33.060001373291016,33.95000076293945,32.7599983215332,33.72999954223633,28.579586029052734,6943300.0
2020-05-19,BK,33.58000183105469,33.959999084472656,33.11000061035156,33.52000045776367,28.40165138244629,5591300.0
2020-05-20,BK,34.060001373291016,34.959999084472656,34.0099983215332,34.84000015258789,29.520092010498047,6587000.0
2020-05-21,BK,34.650001525878906,35.22999954223633,34.599998474121094,34.97999954223633,29.638715744018555,5796600.0
2020-05-22,BK,35.060001373291016,35.060001373291016,34.29999923706055,34.5,29.232011795043945,5236400.0
2020-05-26,BK,35.689998626708984,37.68000030517578,35.54999923706055,36.88999938964844,31.257064819335938,7954300.0
2020-05-27,BK,38.38999938964844,38.93000030517578,37.59000015258789,38.56999969482422,32.680538177490234,7335800.0
2020-05-28,BK,39.11000061035156,39.209999084472656,37.56999969482422,37.59000015258789,31.85018539428711,5393200.0
2020-05-29,BK,37.04999923706055,37.689998626708984,36.689998626708984,37.16999816894531,31.494312286376953,5766700.0
2020-06-01,BK,37.369998931884766,38.09000015258789,37.2599983215332,37.70000076293945,31.943391799926758,2999900.0
2020-06-02,BK,38.06999969482422,38.540000915527344,37.939998626708984,38.33000183105469,32.47718811035156,3989100.0
2020-06-03,BK,39.060001373291016,39.599998474121094,38.86000061035156,39.34000015258789,33.33297348022461,4370800.0
2020-06-04,BK,39.16999816894531,40.45000076293945,38.95000076293945,40.439998626708984,34.26500701904297,5165800.0
2020-06-05,BK,42.88999938964844,42.9900016784668,41.61000061035156,42.29999923706055,35.84100341796875,7172100.0
2020-06-08,BK,42.880001068115234,43.16999816894531,41.52000045776367,42.290000915527344,35.832515716552734,5488500.0
2020-06-09,BK,41.15999984741211,41.77000045776367,40.95000076293945,41.41999816894531,35.095359802246094,4537800.0
2020-06-10,BK,41.189998626708984,41.189998626708984,39.810001373291016,39.95000076293945,33.84982681274414,6664600.0
2020-06-11,BK,38.34000015258789,39.18000030517578,37.529998779296875,37.68000030517578,31.926448822021484,8338500.0
2020-06-12,BK,39.06999969482422,39.27000045776367,37.279998779296875,38.439998626708984,32.570404052734375,6191700.0
2020-06-15,BK,37.06999969482422,38.650001525878906,36.849998474121094,38.43000030517578,32.561927795410156,4125300.0
2020-06-16,BK,39.720001220703125,39.849998474121094,38.220001220703125,38.720001220703125,32.807647705078125,4984000.0
2020-06-17,BK,38.7400016784668,39.369998931884766,38.31999969482422,38.72999954223633,32.81611251831055,4841900.0
2020-06-18,BK,38.310001373291016,39.150001525878906,38.20000076293945,38.630001068115234,32.731388092041016,3606300.0
2020-06-19,BK,39.349998474121094,39.400001525878906,38.29999923706055,39.22999954223633,33.23976135253906,13322600.0
2020-06-22,BK,38.779998779296875,39.150001525878906,38.41999816894531,38.529998779296875,32.64665603637695,3967900.0
2020-06-23,BK,39.130001068115234,39.52000045776367,38.689998626708984,38.720001220703125,32.807647705078125,4882700.0
2020-06-24,BK,38.220001220703125,38.290000915527344,37.20000076293945,37.22999954223633,31.54515266418457,7383200.0
2020-06-25,BK,37.09000015258789,38.2400016784668,36.97999954223633,38.150001525878906,32.32467269897461,7176300.0
2020-06-26,BK,37.54999923706055,37.72999954223633,36.040000915527344,36.31999969482422,30.774105072021484,7386900.0
2020-06-29,BK,36.849998474121094,37.290000915527344,36.630001068115234,36.95000076293945,31.30791473388672,4300400.0
2020-06-30,BK,36.97999954223633,38.880001068115234,36.880001068115234,38.650001525878906,32.74833297729492,8099100.0
2020-07-01,BK,38.689998626708984,38.7599983215332,37.43000030517578,37.59000015258789,31.85018539428711,5924000.0
2020-07-02,BK,38.31999969482422,38.88999938964844,37.79999923706055,37.939998626708984,32.14673614501953,4114500.0
2020-07-06,BK,38.70000076293945,38.959999084472656,38.290000915527344,38.54999923706055,32.663597106933594,3910400.0
2020-07-07,BK,38.150001525878906,38.2400016784668,37.619998931884766,37.77000045776367,32.0026969909668,4163600.0
2020-07-08,BK,37.869998931884766,38.939998626708984,37.77000045776367,38.81999969482422,32.89236831665039,7450600.0
2020-07-09,BK,38.529998779296875,38.77000045776367,36.97999954223633,37.150001525878906,31.47736930847168,6186500.0
2020-07-10,BK,37.150001525878906,38.4900016784668,37.06999969482422,38.380001068115234,32.51956558227539,3412100.0
2020-07-13,BK,38.90999984741211,39.290000915527344,38.04999923706055,38.86000061035156,32.92626953125,4760500.0
2020-07-14,BK,38.689998626708984,39.290000915527344,38.279998779296875,38.970001220703125,33.01945877075195,5500500.0
2020-07-15,BK,36.959999084472656,37.400001525878906,36.0,36.86000061035156,31.231657028198242,14629300.0
2020-07-16,BK,36.65999984741211,37.38999938964844,36.16999816894531,36.7400016784668,31.129972457885742,6434900.0
2020-07-17,BK,36.86000061035156,36.900001525878906,36.040000915527344,36.119998931884766,30.604642868041992,6360400.0
2020-07-20,BK,35.86000061035156,36.18000030517578,35.720001220703125,35.939998626708984,30.452131271362305,3916800.0
2020-07-21,BK,36.08000183105469,36.7400016784668,35.79999923706055,36.689998626708984,31.087610244750977,6877200.0
2020-07-22,BK,36.5,36.58000183105469,35.5099983215332,36.040000915527344,30.536863327026367,7478100.0
2020-07-23,BK,35.95000076293945,36.66999816894531,35.650001525878906,36.540000915527344,30.96051597595215,5495600.0
2020-07-24,BK,36.349998474121094,36.75,36.09000015258789,36.22999954223633,30.960512161254883,5809100.0
2020-07-27,BK,35.91999816894531,35.970001220703125,35.27000045776367,35.75,30.55031967163086,4402000.0
2020-07-28,BK,35.529998779296875,36.220001220703125,35.5,36.06999969482422,30.82378387451172,5882400.0
2020-07-29,BK,36.13999938964844,36.529998779296875,35.619998931884766,36.349998474121094,31.06305503845215,5475500.0
2020-07-30,BK,35.81999969482422,35.90999984741211,35.45000076293945,35.86000061035156,30.64432144165039,4703900.0
2020-07-31,BK,35.7599983215332,35.9900016784668,35.56999969482422,35.849998474121094,30.635784149169922,4726900.0
2020-08-03,BK,35.93000030517578,36.150001525878906,35.52000045776367,36.029998779296875,30.789596557617188,4073900.0
2020-08-04,BK,35.959999084472656,36.279998779296875,35.630001068115234,35.84000015258789,30.627243041992188,4849100.0
2020-08-05,BK,36.06999969482422,36.36000061035156,35.86000061035156,36.29999923706055,31.020328521728516,5788500.0
2020-08-06,BK,36.11000061035156,36.47999954223633,35.880001068115234,35.9900016784668,30.75542449951172,3047500.0
2020-08-07,BK,35.959999084472656,37.83000183105469,35.939998626708984,37.75,32.25943374633789,5757400.0
2020-08-10,BK,37.790000915527344,38.130001068115234,37.540000915527344,37.939998626708984,32.42179870605469,4859700.0
2020-08-11,BK,38.65999984741211,39.15999984741211,38.06999969482422,38.13999938964844,32.592708587646484,4709500.0
2020-08-12,BK,38.93000030517578,38.939998626708984,37.630001068115234,37.97999954223633,32.455989837646484,3680300.0
2020-08-13,BK,37.380001068115234,37.81999969482422,36.88999938964844,37.279998779296875,31.85780906677246,4609400.0
2020-08-14,BK,37.119998931884766,37.779998779296875,37.119998931884766,37.529998779296875,32.07143020629883,2651700.0
2020-08-17,BK,37.56999969482422,37.63999938964844,36.90999984741211,37.09000015258789,31.695430755615234,4786500.0
2020-08-18,BK,37.0099983215332,37.09000015258789,36.68000030517578,36.790000915527344,31.43906021118164,4003100.0
2020-08-19,BK,37.02000045776367,37.709999084472656,36.810001373291016,36.9900016784668,31.6099796295166,4280000.0
2020-08-20,BK,36.54999923706055,36.63999938964844,35.72999954223633,35.869998931884766,30.652875900268555,4403100.0
2020-08-21,BK,35.93000030517578,36.08000183105469,35.599998474121094,35.72999954223633,30.533235549926758,2607200.0
2020-08-24,BK,35.72999954223633,36.5,35.560001373291016,36.400001525878906,31.10579490661621,5810000.0
2020-08-25,BK,36.7400016784668,36.95000076293945,36.470001220703125,36.66999816894531,31.336509704589844,4094600.0
2020-08-26,BK,36.66999816894531,36.86000061035156,36.290000915527344,36.619998931884766,31.29378890991211,3219600.0
2020-08-27,BK,36.619998931884766,37.7599983215332,36.61000061035156,37.54999923706055,32.08852767944336,4594300.0
2020-08-28,BK,37.720001220703125,37.720001220703125,37.220001220703125,37.560001373291016,32.097076416015625,3139000.0
2020-08-31,BK,37.560001373291016,37.560001373291016,36.779998779296875,36.97999954223633,31.601425170898438,3874600.0
2020-09-01,BK,36.79999923706055,37.36000061035156,36.540000915527344,37.209999084472656,31.797977447509766,3136000.0
2020-09-02,BK,37.13999938964844,37.790000915527344,37.060001373291016,37.66999816894531,32.191070556640625,3830400.0
2020-09-03,BK,37.90999984741211,38.45000076293945,36.4900016784668,36.849998474121094,31.490337371826172,5060900.0
2020-09-04,BK,37.63999938964844,38.220001220703125,37.33000183105469,37.5,32.04580307006836,6450500.0
2020-09-08,BK,37.060001373291016,37.20000076293945,35.9900016784668,36.040000915527344,30.79815101623535,4954500.0
2020-09-09,BK,36.2599983215332,36.369998931884766,35.84000015258789,35.88999938964844,30.669963836669922,4106800.0
2020-09-10,BK,36.040000915527344,36.16999816894531,35.5099983215332,35.56999969482422,30.396512985229492,4037800.0
2020-09-11,BK,35.58000183105469,36.22999954223633,35.52000045776367,36.0,30.763959884643555,3521300.0
2020-09-14,BK,36.33000183105469,36.709999084472656,35.86000061035156,35.959999084472656,30.729778289794922,4116400.0
2020-09-15,BK,35.70000076293945,35.880001068115234,34.47999954223633,34.869998931884766,29.798315048217773,6877500.0
2020-09-16,BK,34.869998931884766,36.15999984741211,34.84000015258789,35.56999969482422,30.396512985229492,6385200.0
2020-09-17,BK,35.09000015258789,35.61000061035156,35.04999923706055,35.560001373291016,30.387962341308594,3181900.0
2020-09-18,BK,35.45000076293945,35.869998931884766,35.349998474121094,35.400001525878906,30.251235961914062,5827000.0
2020-09-21,BK,34.470001220703125,34.81999969482422,33.369998931884766,33.970001220703125,29.02922248840332,4781100.0
2020-09-22,BK,33.86000061035156,34.16999816894531,33.04999923706055,33.47999954223633,28.61048698425293,4801700.0
2020-09-23,BK,33.61000061035156,34.20000076293945,33.22999954223633,33.25,28.413944244384766,4213800.0
2020-09-24,BK,33.310001373291016,33.43000030517578,32.66999816894531,33.13999938964844,28.319942474365234,3805800.0
2020-09-25,BK,32.81999969482422,33.47999954223633,32.650001525878906,33.400001525878906,28.542125701904297,3460900.0
2020-09-28,BK,33.970001220703125,34.61000061035156,33.86000061035156,34.290000915527344,29.30267333984375,3291600.0
2020-09-29,BK,34.08000183105469,34.15999984741211,33.630001068115234,33.869998931884766,28.94376564025879,4204900.0
2020-09-30,BK,33.869998931884766,34.52000045776367,33.869998931884766,34.34000015258789,29.34539794921875,8480000.0
2020-10-01,BK,34.459999084472656,34.709999084472656,33.90999984741211,34.16999816894531,29.200124740600586,8063900.0
2020-10-02,BK,33.880001068115234,34.95000076293945,33.810001373291016,34.7400016784668,29.687227249145508,5850600.0
2020-10-05,BK,35.040000915527344,35.63999938964844,35.0099983215332,35.380001068115234,30.23413848876953,3655500.0
2020-10-06,BK,35.79999923706055,36.20000076293945,35.15999984741211,35.22999954223633,30.105958938598633,5064200.0
2020-10-07,BK,35.41999816894531,36.66999816894531,35.41999816894531,36.459999084472656,31.15705680847168,6004700.0
2020-10-08,BK,36.61000061035156,37.209999084472656,36.470001220703125,37.18000030517578,31.7723388671875,3642000.0
2020-10-09,BK,37.29999923706055,37.97999954223633,37.150001525878906,37.70000076293945,32.21671676635742,5888400.0
2020-10-12,BK,37.619998931884766,38.0,37.54999923706055,37.810001373291016,32.31071853637695,5554000.0
2020-10-13,BK,37.84000015258789,37.84000015258789,36.66999816894531,36.880001068115234,31.515972137451172,4178200.0
2020-10-14,BK,36.880001068115234,37.15999984741211,36.58000183105469,36.59000015258789,31.26815414428711,6360700.0
2020-10-15,BK,36.27000045776367,37.22999954223633,36.220001220703125,37.22999954223633,31.815059661865234,8067800.0
2020-10-16,BK,38.18000030517578,38.75,37.47999954223633,38.02000045776367,32.49016571044922,7351400.0
2020-10-19,BK,38.06999969482422,38.20000076293945,36.880001068115234,36.959999084472656,31.584339141845703,3852800.0
2020-10-20,BK,37.380001068115234,37.709999084472656,36.97999954223633,37.099998474121094,31.703981399536133,3375700.0
2020-10-21,BK,36.93000030517578,37.52000045776367,36.849998474121094,36.90999984741211,31.54161262512207,4221400.0
2020-10-22,BK,36.810001373291016,37.63999938964844,36.54999923706055,37.560001373291016,32.097076416015625,3810600.0
2020-10-23,BK,37.869998931884766,38.16999816894531,37.59000015258789,37.66999816894531,32.191070556640625,3727000.0
2020-10-26,BK,37.16999816894531,37.369998931884766,36.349998474121094,36.72999954223633,31.38779067993164,4531100.0
2020-10-27,BK,36.310001373291016,36.4900016784668,35.5099983215332,35.560001373291016,30.646617889404297,4361700.0
2020-10-28,BK,34.880001068115234,35.09000015258789,34.0099983215332,34.08000183105469,29.371105194091797,8743800.0
2020-10-29,BK,33.95000076293945,34.599998474121094,33.189998626708984,34.31999969482422,29.577943801879883,6401300.0
2020-10-30,BK,34.15999984741211,34.380001068115234,33.63999938964844,34.36000061035156,29.612424850463867,5521500.0
2020-11-02,BK,35.02000045776367,35.279998779296875,34.52000045776367,35.099998474121094,30.250171661376953,5640000.0
2020-11-03,BK,35.83000183105469,36.33000183105469,35.61000061035156,35.9900016784668,31.017208099365234,6011500.0
2020-11-04,BK,35.130001068115234,35.650001525878906,34.38999938964844,34.70000076293945,29.905447006225586,7630300.0
2020-11-05,BK,34.88999938964844,35.93000030517578,34.86000061035156,35.599998474121094,30.681081771850586,6184300.0
2020-11-06,BK,35.75,35.849998474121094,34.91999816894531,35.06999969482422,30.224323272705078,4336500.0
2020-11-09,BK,38.439998626708984,40.060001373291016,38.40999984741211,39.15999984741211,33.74919891357422,9647200.0
2020-11-10,BK,39.16999816894531,39.52000045776367,38.43000030517578,39.220001220703125,33.80091094970703,6627700.0
2020-11-11,BK,39.70000076293945,39.70000076293945,38.22999954223633,38.599998474121094,33.26657485961914,6169500.0
2020-11-12,BK,38.130001068115234,38.38999938964844,37.33000183105469,37.72999954223633,32.516780853271484,4461000.0
2020-11-13,BK,38.20000076293945,38.959999084472656,38.040000915527344,38.709999084472656,33.36138153076172,3872500.0
2020-11-16,BK,39.77000045776367,39.939998626708984,39.220001220703125,39.709999084472656,34.22319793701172,4664800.0
2020-11-17,BK,39.029998779296875,39.689998626708984,38.84000015258789,39.439998626708984,33.99051284790039,3870900.0
2020-11-18,BK,39.650001525878906,40.209999084472656,38.720001220703125,38.7400016784668,33.387237548828125,7207400.0
2020-11-19,BK,37.86000061035156,38.599998474121094,37.7599983215332,38.4900016784668,33.171775817871094,4173100.0
2020-11-20,BK,37.72999954223633,38.099998474121094,37.52000045776367,37.880001068115234,32.646060943603516,6106300.0
2020-11-23,BK,38.33000183105469,38.83000183105469,38.119998931884766,38.54999923706055,33.223487854003906,4093500.0
2020-11-24,BK,39.20000076293945,40.84000015258789,39.150001525878906,40.689998626708984,35.06779479980469,6188900.0
2020-11-25,BK,40.45000076293945,40.650001525878906,39.83000183105469,40.369998931884766,34.79201126098633,5737400.0
2020-11-27,BK,40.79999923706055,40.79999923706055,39.86000061035156,39.95000076293945,34.43004608154297,2259200.0
2020-11-30,BK,40.02000045776367,40.060001373291016,38.939998626708984,39.119998931884766,33.7147331237793,6200700.0
2020-12-01,BK,39.79999923706055,40.099998474121094,39.34000015258789,39.459999084472656,34.00774383544922,6028400.0
2020-12-02,BK,39.45000076293945,40.150001525878906,39.290000915527344,39.9900016784668,34.464515686035156,4778800.0
2020-12-03,BK,40.02000045776367,40.279998779296875,39.61000061035156,40.119998931884766,34.576560974121094,5286700.0
2020-12-04,BK,40.2400016784668,40.79999923706055,40.2400016784668,40.650001525878906,35.033329010009766,5224300.0
2020-12-07,BK,40.279998779296875,40.56999969482422,39.869998931884766,40.34000015258789,34.766151428222656,4652300.0
2020-12-08,BK,40.029998779296875,40.849998474121094,40.0099983215332,40.779998779296875,35.145362854003906,4657900.0
2020-12-09,BK,41.04999923706055,41.5099983215332,40.70000076293945,40.790000915527344,35.15397644042969,5833300.0
2020-12-10,BK,40.36000061035156,41.5,40.279998779296875,41.36000061035156,35.645225524902344,6598400.0
2020-12-11,BK,40.72999954223633,40.900001525878906,40.13999938964844,40.2400016784668,34.67997741699219,6298400.0
2020-12-14,BK,40.83000183105469,40.97999954223633,39.79999923706055,39.83000183105469,34.32663345336914,4456200.0
2020-12-15,BK,40.369998931884766,40.5099983215332,39.720001220703125,40.189998626708984,34.636878967285156,4741400.0
2020-12-16,BK,40.290000915527344,40.66999816894531,40.099998474121094,40.45000076293945,34.860958099365234,4771000.0
2020-12-17,BK,40.59000015258789,40.689998626708984,40.15999984741211,40.40999984741211,34.82648468017578,4896500.0
2020-12-18,BK,40.33000183105469,40.90999984741211,40.22999954223633,40.790000915527344,35.15397644042969,10343600.0
2020-12-21,BK,41.529998779296875,42.13999938964844,40.400001525878906,41.41999816894531,35.69693374633789,7362300.0
2020-12-22,BK,41.349998474121094,41.36000061035156,40.25,40.279998779296875,34.71445083618164,4172700.0
2020-12-23,BK,40.540000915527344,41.31999969482422,40.43000030517578,40.97999954223633,35.31773376464844,3833900.0
2020-12-24,BK,41.150001525878906,41.20000076293945,40.619998931884766,41.040000915527344,35.36943817138672,1254800.0
2020-12-28,BK,41.34000015258789,41.88999938964844,41.06999969482422,41.439998626708984,35.71417236328125,3294400.0
2020-12-29,BK,41.58000183105469,41.68000030517578,41.209999084472656,41.439998626708984,35.71417236328125,3244700.0
2020-12-30,BK,41.47999954223633,41.869998931884766,41.38999938964844,41.689998626708984,35.92962646484375,2824900.0
2020-12-31,BK,41.689998626708984,42.4900016784668,41.58000183105469,42.439998626708984,36.57599639892578,2956600.0
2021-01-04,BK,42.5,42.63999938964844,41.22999954223633,41.689998626708984,35.92962646484375,5710200.0
2021-01-05,BK,41.689998626708984,42.43000030517578,41.34000015258789,42.15999984741211,36.334678649902344,4592400.0
2021-01-06,BK,43.52000045776367,45.41999816894531,43.43000030517578,45.0099983215332,38.7908821105957,8467200.0
2021-01-07,BK,45.59000015258789,46.040000915527344,45.2400016784668,45.279998779296875,39.02359390258789,5079000.0
2021-01-08,BK,45.349998474121094,45.459999084472656,44.43000030517578,44.79999923706055,38.60991668701172,3621000.0
2021-01-11,BK,44.43000030517578,45.56999969482422,44.099998474121094,45.560001373291016,39.26490020751953,4590200.0
2021-01-12,BK,45.90999984741211,46.66999816894531,45.849998474121094,46.560001373291016,40.126731872558594,4933700.0
2021-01-13,BK,46.52000045776367,46.84000015258789,46.189998626708984,46.31999969482422,39.919891357421875,4343300.0
2021-01-14,BK,46.36000061035156,46.84000015258789,45.810001373291016,46.529998779296875,40.10087203979492,3362300.0
2021-01-15,BK,45.959999084472656,46.130001068115234,45.31999969482422,45.56999969482422,39.27351379394531,4330800.0
2021-01-19,BK,45.75,46.33000183105469,45.22999954223633,45.81999969482422,39.488983154296875,6427800.0
2021-01-20,BK,43.720001220703125,44.0,42.2599983215332,42.4900016784668,36.61908721923828,10494500.0
2021-01-21,BK,42.529998779296875,42.790000915527344,41.70000076293945,42.2599983215332,36.42087173461914,8669700.0
2021-01-22,BK,41.810001373291016,42.279998779296875,41.470001220703125,41.93000030517578,36.13645553588867,5509000.0
2021-01-25,BK,41.5,41.70000076293945,41.11000061035156,41.29999923706055,35.5935173034668,8239300.0
2021-01-26,BK,41.47999954223633,41.66999816894531,40.880001068115234,41.34000015258789,35.62799072265625,5936700.0
2021-01-27,BK,40.7599983215332,40.84000015258789,39.58000183105469,39.81999969482422,34.3180046081543,8475500.0
2021-01-28,BK,40.08000183105469,41.060001373291016,40.040000915527344,40.689998626708984,35.06779479980469,7315500.0
2021-01-29,BK,40.209999084472656,40.599998474121094,39.459999084472656,39.83000183105469,34.59016418457031,7392700.0
2021-02-01,BK,40.130001068115234,41.06999969482422,40.02000045776367,40.470001220703125,35.14595413208008,7013600.0
2021-02-02,BK,40.75,41.630001068115234,40.529998779296875,40.849998474121094,35.475975036621094,8285500.0
2021-02-03,BK,40.720001220703125,41.31999969482422,40.560001373291016,41.060001373291016,35.6583366394043,5403200.0
2021-02-04,BK,41.290000915527344,42.29999923706055,41.16999816894531,42.22999954223633,36.67442321777344,5019600.0
2021-02-05,BK,42.529998779296875,42.58000183105469,41.88999938964844,42.029998779296875,36.500732421875,3505000.0
2021-02-08,BK,42.150001525878906,42.439998626708984,41.790000915527344,41.95000076293945,36.431251525878906,3988300.0
2021-02-09,BK,41.849998474121094,42.150001525878906,41.400001525878906,41.959999084472656,36.43994140625,4202800.0
2021-02-10,BK,42.11000061035156,42.38999938964844,41.709999084472656,41.7400016784668,36.24888229370117,4574500.0
2021-02-11,BK,43.0,43.84000015258789,42.029998779296875,42.130001068115234,36.58757400512695,10917500.0
2021-02-12,BK,41.88999938964844,42.540000915527344,41.58000183105469,41.93000030517578,36.413883209228516,8844800.0
2021-02-16,BK,42.189998626708984,43.349998474121094,42.11000061035156,42.75,37.12602233886719,8707400.0
2021-02-17,BK,42.779998779296875,43.29999923706055,42.43000030517578,42.900001525878906,37.256282806396484,4602200.0
2021-02-18,BK,42.560001373291016,42.79999923706055,41.900001525878906,42.18000030517578,36.63099670410156,3715800.0
2021-02-19,BK,42.41999816894531,42.88999938964844,42.2400016784668,42.31999969482422,36.752586364746094,5899900.0
2021-02-22,BK,42.099998474121094,43.97999954223633,42.08000183105469,43.72999954223633,37.977088928222656,9732700.0
2021-02-23,BK,43.97999954223633,44.540000915527344,43.650001525878906,43.83000183105469,38.06393814086914,8004600.0
2021-02-24,BK,43.970001220703125,44.56999969482422,43.83000183105469,44.2599983215332,38.437355041503906,7416800.0
2021-02-25,BK,44.61000061035156,44.95000076293945,43.25,43.41999816894531,37.70787048339844,7042100.0
2021-02-26,BK,43.040000915527344,43.20000076293945,41.97999954223633,42.15999984741211,36.613624572753906,6967300.0
2021-03-01,BK,42.86000061035156,43.869998931884766,42.689998626708984,43.68000030517578,37.93367004394531,6377000.0
2021-03-02,BK,43.709999084472656,44.31999969482422,43.58000183105469,43.599998474121094,37.864192962646484,4494600.0
2021-03-03,BK,43.779998779296875,45.560001373291016,43.779998779296875,44.529998779296875,38.67184066772461,7398000.0
2021-03-04,BK,44.529998779296875,45.349998474121094,44.040000915527344,44.7599983215332,38.87157440185547,6910300.0
2021-03-05,BK,45.400001525878906,45.720001220703125,44.400001525878906,45.029998779296875,39.10606384277344,5828700.0
2021-03-08,BK,45.56999969482422,46.15999984741211,45.150001525878906,45.630001068115234,39.62712860107422,4341700.0
2021-03-09,BK,45.029998779296875,45.939998626708984,44.349998474121094,44.939998626708984,39.02790069580078,6057800.0
2021-03-10,BK,45.11000061035156,46.27000045776367,44.900001525878906,45.900001525878906,39.86161422729492,5011900.0
2021-03-11,BK,45.560001373291016,46.0,45.20000076293945,45.72999954223633,39.71398162841797,3696800.0
2021-03-12,BK,46.540000915527344,46.900001525878906,46.20000076293945,46.65999984741211,40.52163314819336,4741500.0
2021-03-15,BK,46.689998626708984,46.779998779296875,46.02000045776367,46.689998626708984,40.54768371582031,3676000.0
2021-03-16,BK,46.40999984741211,46.630001068115234,45.91999816894531,46.2400016784668,40.15688705444336,3732700.0
2021-03-17,BK,46.66999816894531,46.81999969482422,45.880001068115234,46.5099983215332,40.3913688659668,4903800.0
2021-03-18,BK,47.029998779296875,47.7599983215332,46.529998779296875,46.70000076293945,40.55636978149414,6300100.0
2021-03-19,BK,46.189998626708984,46.709999084472656,45.61000061035156,46.349998474121094,40.252410888671875,14555300.0
2021-03-22,BK,45.369998931884766,45.79999923706055,44.880001068115234,45.209999084472656,39.262386322021484,6265600.0
2021-03-23,BK,44.939998626708984,45.34000015258789,44.20000076293945,44.369998931884766,38.53289794921875,3727700.0
2021-03-24,BK,45.4900016784668,46.040000915527344,45.25,45.25,39.297115325927734,5262300.0
2021-03-25,BK,45.34000015258789,46.369998931884766,44.70000076293945,46.33000183105469,40.23503875732422,6261700.0
2021-03-26,BK,46.81999969482422,47.560001373291016,46.7599983215332,47.4900016784668,41.242435455322266,7321300.0
2021-03-29,BK,46.630001068115234,47.90999984741211,46.459999084472656,47.52000045776367,41.268489837646484,4829200.0
2021-03-30,BK,47.79999923706055,48.150001525878906,47.5,47.86000061035156,41.56376647949219,4451200.0
2021-03-31,BK,47.630001068115234,47.880001068115234,47.220001220703125,47.290000915527344,41.06875228881836,4847400.0
2021-04-01,BK,47.2400016784668,47.52000045776367,46.849998474121094,47.470001220703125,41.22506332397461,4046100.0
2021-04-05,BK,47.97999954223633,48.5,47.68000030517578,48.130001068115234,41.79824447631836,3655600.0
2021-04-06,BK,48.040000915527344,48.130001068115234,47.40999984741211,47.779998779296875,41.49428939819336,3120400.0
2021-04-07,BK,48.029998779296875,48.290000915527344,47.599998474121094,47.84000015258789,41.5463981628418,3351600.0
2021-04-08,BK,47.630001068115234,48.04999923706055,47.38999938964844,48.0,41.68534469604492,3119400.0
2021-04-09,BK,48.29999923706055,48.70000076293945,48.16999816894531,48.619998931884766,42.22378158569336,3172400.0
2021-04-12,BK,48.619998931884766,49.130001068115234,48.529998779296875,49.09000015258789,42.63194274902344,2843600.0
2021-04-13,BK,48.810001373291016,48.91999816894531,48.2599983215332,48.34000015258789,41.980621337890625,3233100.0
2021-04-14,BK,48.29999923706055,48.970001220703125,48.09000015258789,48.63999938964844,42.241153717041016,4219000.0
2021-04-15,BK,48.72999954223633,48.79999923706055,47.95000076293945,48.0099983215332,41.69403076171875,7748100.0
2021-04-16,BK,47.04999923706055,47.5,45.79999923706055,46.06999969482422,40.009246826171875,9955800.0
2021-04-19,BK,46.27000045776367,46.93000030517578,46.130001068115234,46.810001373291016,40.65190124511719,6314000.0
2021-04-20,BK,46.63999938964844,47.209999084472656,46.279998779296875,46.58000183105469,40.4521598815918,7287800.0
2021-04-21,BK,46.310001373291016,47.40999984741211,46.189998626708984,47.189998626708984,40.981910705566406,4994400.0
2021-04-22,BK,46.869998931884766,47.22999954223633,46.380001068115234,46.54999923706055,40.42609786987305,5367400.0
2021-04-23,BK,46.54999923706055,47.88999938964844,46.25,47.599998474121094,41.337974548339844,4502700.0
2021-04-26,BK,47.84000015258789,48.540000915527344,47.75,48.11000061035156,41.7808723449707,5555900.0
2021-04-27,BK,47.869998931884766,48.65999984741211,47.58000183105469,48.54999923706055,42.436439514160156,5566600.0
2021-04-28,BK,48.61000061035156,49.2400016784668,48.61000061035156,49.18000030517578,42.98711013793945,5937900.0
2021-04-29,BK,49.5,50.2599983215332,49.43000030517578,50.08000183105469,43.77376937866211,6958400.0
2021-04-30,BK,49.970001220703125,50.25,49.709999084472656,49.880001068115234,43.598960876464844,6879700.0
2021-05-03,BK,50.25,50.45000076293945,49.70000076293945,50.22999954223633,43.90488052368164,3896200.0
2021-05-04,BK,50.130001068115234,50.650001525878906,49.9900016784668,50.4900016784668,44.132137298583984,6153800.0
2021-05-05,BK,50.61000061035156,51.59000015258789,50.13999938964844,51.45000076293945,44.97126007080078,4198000.0
2021-05-06,BK,51.61000061035156,51.93000030517578,51.34000015258789,51.88999938964844,45.35585403442383,4923200.0
2021-05-07,BK,51.16999816894531,51.95000076293945,50.59000015258789,51.81999969482422,45.29465866088867,4638900.0
2021-05-10,BK,52.189998626708984,52.81999969482422,52.0,52.27000045776367,45.6879997253418,4710300.0
2021-05-11,BK,51.869998931884766,52.630001068115234,51.349998474121094,51.58000183105469,45.08488845825195,6502200.0
2021-05-12,BK,52.130001068115234,52.34000015258789,50.869998931884766,51.029998779296875,44.604148864746094,4204100.0
2021-05-13,BK,50.7599983215332,52.0099983215332,50.619998931884766,51.689998626708984,45.18103790283203,4724100.0
2021-05-14,BK,51.97999954223633,52.290000915527344,51.63999938964844,51.779998779296875,45.25969696044922,4497100.0
2021-05-17,BK,51.79999923706055,52.290000915527344,51.43000030517578,52.09000015258789,45.53065872192383,3919900.0
2021-05-18,BK,52.040000915527344,52.310001373291016,50.72999954223633,50.75,44.35940170288086,5464000.0
2021-05-19,BK,50.209999084472656,50.88999938964844,49.810001373291016,50.86000061035156,44.4555549621582,4990300.0
2021-05-20,BK,50.849998474121094,50.9900016784668,50.40999984741211,50.61000061035156,44.23702621459961,2854500.0
2021-05-21,BK,50.79999923706055,51.7599983215332,50.720001220703125,51.560001373291016,45.067405700683594,3669100.0
2021-05-24,BK,51.61000061035156,51.86000061035156,51.470001220703125,51.7400016784668,45.22473907470703,2663700.0
2021-05-25,BK,51.77000045776367,52.25,51.0,51.119998931884766,44.682804107666016,3035100.0
2021-05-26,BK,51.40999984741211,51.709999084472656,50.97999954223633,51.560001373291016,45.067405700683594,3766400.0
2021-05-27,BK,52.209999084472656,52.689998626708984,51.81999969482422,52.099998474121094,45.53940963745117,6573400.0
2021-05-28,BK,52.18000030517578,52.220001220703125,51.650001525878906,52.08000183105469,45.52192687988281,3404400.0
2021-06-01,BK,52.810001373291016,52.900001525878906,52.040000915527344,52.29999923706055,45.71422576904297,3181700.0
2021-06-02,BK,52.22999954223633,52.43000030517578,51.7400016784668,52.119998931884766,45.556884765625,3302300.0
2021-06-03,BK,52.04999923706055,52.47999954223633,51.72999954223633,52.20000076293945,45.62681198120117,2788700.0
2021-06-04,BK,52.18000030517578,52.25,51.63999938964844,52.209999084472656,45.635555267333984,2204700.0
2021-06-07,BK,52.33000183105469,52.33000183105469,51.77000045776367,51.81999969482422,45.29465866088867,2285800.0
2021-06-08,BK,51.40999984741211,51.63999938964844,50.849998474121094,51.41999816894531,44.94503402709961,2803300.0
2021-06-09,BK,51.08000183105469,51.08000183105469,50.54999923706055,50.619998931884766,44.24576187133789,2910400.0
2021-06-10,BK,51.040000915527344,51.25,49.84000015258789,49.869998931884766,43.5902099609375,3189400.0
2021-06-11,BK,49.959999084472656,50.45000076293945,49.900001525878906,50.40999984741211,44.06221389770508,3569000.0
2021-06-14,BK,50.150001525878906,50.5099983215332,48.83000183105469,49.63999938964844,43.3891716003418,5997200.0
2021-06-15,BK,49.790000915527344,50.56999969482422,49.650001525878906,50.45000076293945,44.0971794128418,3687800.0
2021-06-16,BK,50.34000015258789,51.95000076293945,49.63999938964844,51.22999954223633,44.77896499633789,9781300.0
2021-06-17,BK,51.83000183105469,51.849998474121094,49.15999984741211,49.47999954223633,43.24932861328125,7323000.0
2021-06-18,BK,48.869998931884766,48.95000076293945,48.040000915527344,48.220001220703125,42.14799118041992,11516800.0
2021-06-21,BK,48.61000061035156,49.72999954223633,48.5099983215332,49.65999984741211,43.40665817260742,4172300.0
2021-06-22,BK,49.689998626708984,49.7400016784668,49.040000915527344,49.439998626708984,43.21435546875,3888600.0
2021-06-23,BK,49.56999969482422,49.869998931884766,49.349998474121094,49.369998931884766,43.15317153930664,4596400.0
2021-06-24,BK,49.61000061035156,50.45000076293945,49.380001068115234,50.25,43.922359466552734,3682000.0
2021-06-25,BK,50.40999984741211,51.13999938964844,50.279998779296875,50.9900016784668,44.569175720214844,4168300.0
2021-06-28,BK,50.79999923706055,50.90999984741211,50.15999984741211,50.86000061035156,44.4555549621582,2792100.0
2021-06-29,BK,51.25,51.68000030517578,50.869998931884766,51.02000045776367,44.59540557861328,3920500.0
2021-06-30,BK,50.720001220703125,51.380001068115234,50.54999923706055,51.22999954223633,44.77896499633789,5501600.0
2021-07-01,BK,51.560001373291016,51.7400016784668,51.15999984741211,51.43000030517578,44.953773498535156,2867300.0
2021-07-02,BK,51.400001525878906,51.529998779296875,50.9900016784668,51.2400016784668,44.787696838378906,3068000.0
2021-07-06,BK,50.9900016784668,51.099998474121094,49.209999084472656,49.4900016784668,43.2580680847168,6178800.0
2021-07-07,BK,49.209999084472656,49.689998626708984,48.90999984741211,49.47999954223633,43.24932861328125,3009200.0
2021-07-08,BK,48.72999954223633,48.970001220703125,48.029998779296875,48.34000015258789,42.25288391113281,4510800.0
2021-07-09,BK,49.31999969482422,50.09000015258789,49.09000015258789,49.93000030517578,43.642662048339844,3569400.0
2021-07-12,BK,49.560001373291016,50.540000915527344,49.25,50.279998779296875,43.94859313964844,2990000.0
2021-07-13,BK,50.29999923706055,50.47999954223633,49.650001525878906,49.959999084472656,43.66888427734375,2722300.0
2021-07-14,BK,49.88999938964844,50.38999938964844,48.9900016784668,49.279998779296875,43.07451248168945,4859200.0
2021-07-15,BK,48.290000915527344,49.66999816894531,47.56999969482422,48.68000030517578,42.550052642822266,6848400.0
2021-07-16,BK,48.959999084472656,49.59000015258789,48.5099983215332,49.380001068115234,43.161922454833984,8166300.0
2021-07-19,BK,48.349998474121094,48.560001373291016,47.31999969482422,47.58000183105469,41.58857727050781,7374600.0
2021-07-20,BK,47.58000183105469,49.959999084472656,47.33000183105469,49.439998626708984,43.21435546875,6411300.0
2021-07-21,BK,49.810001373291016,50.4900016784668,49.599998474121094,50.060001373291016,43.75628662109375,5143200.0
2021-07-22,BK,49.9900016784668,50.060001373291016,49.5099983215332,49.83000183105469,43.55524826049805,4774100.0
2021-07-23,BK,50.209999084472656,50.540000915527344,49.689998626708984,49.970001220703125,43.6776237487793,4411700.0
2021-07-26,BK,49.5,50.47999954223633,49.470001220703125,50.25,44.22325897216797,4557200.0
2021-07-27,BK,49.63999938964844,50.84000015258789,49.43000030517578,50.189998626708984,44.17046356201172,6017600.0
2021-07-28,BK,50.40999984741211,50.880001068115234,49.90999984741211,50.349998474121094,44.31127166748047,6609600.0
2021-07-29,BK,50.90999984741211,51.7599983215332,50.58000183105469,51.29999923706055,45.147342681884766,4450400.0
2021-07-30,BK,51.04999923706055,51.68000030517578,50.959999084472656,51.33000183105469,45.173736572265625,4527700.0
2021-08-02,BK,51.72999954223633,52.560001373291016,51.209999084472656,51.279998779296875,45.12972640991211,5429300.0
2021-08-03,BK,51.45000076293945,52.310001373291016,50.810001373291016,52.0,45.76337814331055,4523100.0
2021-08-04,BK,51.599998474121094,52.06999969482422,51.220001220703125,51.4900016784668,45.314544677734375,4305300.0
2021-08-05,BK,51.810001373291016,52.25,51.59000015258789,51.79999923706055,45.58736038208008,4796300.0
2021-08-06,BK,52.400001525878906,53.52000045776367,52.349998474121094,53.15999984741211,46.78425216674805,5601600.0
2021-08-09,BK,53.0,53.720001220703125,52.72999954223633,53.380001068115234,46.977867126464844,4641400.0
2021-08-10,BK,53.220001220703125,54.040000915527344,53.15999984741211,53.83000183105469,47.3739013671875,4596300.0
2021-08-11,BK,54.02000045776367,54.86000061035156,53.790000915527344,54.77000045776367,48.2011604309082,5026000.0
2021-08-12,BK,54.77000045776367,55.02000045776367,54.43000030517578,54.88999938964844,48.30677032470703,3872300.0
2021-08-13,BK,54.720001220703125,54.9900016784668,53.77000045776367,53.869998931884766,47.40909957885742,6786700.0
2021-08-16,BK,53.5099983215332,54.369998931884766,53.16999816894531,54.27000045776367,47.761131286621094,4338400.0
2021-08-17,BK,53.88999938964844,54.33000183105469,53.400001525878906,53.79999923706055,47.34749221801758,4458100.0
2021-08-18,BK,53.599998474121094,54.54999923706055,53.2599983215332,53.529998779296875,47.1098747253418,4584700.0
2021-08-19,BK,52.93000030517578,53.31999969482422,52.540000915527344,52.77000045776367,46.44103240966797,5392000.0
2021-08-20,BK,52.7599983215332,53.52000045776367,52.439998626708984,53.31999969482422,46.9250602722168,4261800.0
2021-08-23,BK,53.630001068115234,54.400001525878906,53.630001068115234,54.060001373291016,47.57630920410156,3598800.0
2021-08-24,BK,54.22999954223633,54.880001068115234,54.040000915527344,54.529998779296875,47.98994064331055,3503100.0
2021-08-25,BK,54.70000076293945,55.970001220703125,54.529998779296875,55.56999969482422,48.90521240234375,4656400.0
2021-08-26,BK,55.560001373291016,55.880001068115234,55.400001525878906,55.47999954223633,48.82600021362305,4310800.0
2021-08-27,BK,55.4900016784668,56.5,55.400001525878906,56.40999984741211,49.64446258544922,4315600.0
2021-08-30,BK,56.599998474121094,56.63999938964844,55.15999984741211,55.18000030517578,48.561988830566406,2473800.0
2021-08-31,BK,55.290000915527344,55.599998474121094,54.880001068115234,55.220001220703125,48.59718322753906,3964000.0
2021-09-01,BK,55.2400016784668,55.540000915527344,54.189998626708984,54.400001525878906,47.87553405761719,4792200.0
2021-09-02,BK,54.5,54.66999816894531,54.06999969482422,54.310001373291016,47.796329498291016,3589700.0
2021-09-03,BK,54.40999984741211,54.4900016784668,53.720001220703125,53.93000030517578,47.4619026184082,3049900.0
2021-09-07,BK,53.88999938964844,54.0,53.0,53.119998931884766,46.74905014038086,3993100.0
2021-09-08,BK,53.0099983215332,53.09000015258789,52.52000045776367,52.97999954223633,46.6258430480957,4143100.0
2021-09-09,BK,52.86000061035156,53.65999984741211,52.79999923706055,52.880001068115234,46.537837982177734,4140400.0
2021-09-10,BK,53.22999954223633,53.25,51.86000061035156,51.90999984741211,45.68416976928711,6892500.0
2021-09-13,BK,52.290000915527344,52.599998474121094,51.81999969482422,52.2400016784668,45.97459411621094,4015600.0
2021-09-14,BK,52.33000183105469,52.5,50.880001068115234,51.13999938964844,45.00652313232422,4407100.0
2021-09-15,BK,51.20000076293945,52.18000030517578,51.04999923706055,52.06999969482422,45.82498550415039,5786800.0
2021-09-16,BK,52.41999816894531,52.560001373291016,50.97999954223633,51.369998931884766,45.20893096923828,6188900.0
2021-09-17,BK,51.18000030517578,51.4900016784668,50.470001220703125,51.150001525878906,45.01531982421875,11538200.0
2021-09-20,BK,49.84000015258789,49.939998626708984,48.7400016784668,49.59000015258789,43.642417907714844,6154500.0
2021-09-21,BK,49.81999969482422,49.9900016784668,49.130001068115234,49.29999923706055,43.387203216552734,4083100.0
2021-09-22,BK,49.9900016784668,50.38999938964844,49.779998779296875,49.93000030517578,43.941646575927734,4190700.0
2021-09-23,BK,50.58000183105469,52.0,50.470001220703125,51.5,45.32334518432617,4696300.0
2021-09-24,BK,51.310001373291016,52.13999938964844,51.310001373291016,51.54999923706055,45.367347717285156,2724800.0
2021-09-27,BK,52.040000915527344,53.790000915527344,51.959999084472656,53.400001525878906,46.9954719543457,4790800.0
2021-09-28,BK,53.529998779296875,54.290000915527344,52.79999923706055,52.90999984741211,46.564231872558594,5439000.0
2021-09-29,BK,52.810001373291016,52.97999954223633,52.36000061035156,52.630001068115234,46.31781768798828,2829100.0
2021-09-30,BK,52.970001220703125,53.16999816894531,51.83000183105469,51.84000015258789,45.6225700378418,4400100.0
2021-10-01,BK,51.84000015258789,53.369998931884766,51.83000183105469,52.91999816894531,46.57303237915039,4899700.0
2021-10-04,BK,52.75,53.88999938964844,52.66999816894531,52.849998474121094,46.51143264770508,5220200.0
2021-10-05,BK,53.189998626708984,54.7400016784668,53.04999923706055,54.41999816894531,47.89313888549805,4890800.0
2021-10-06,BK,53.84000015258789,54.779998779296875,53.540000915527344,54.540000915527344,47.99874496459961,5223500.0
2021-10-07,BK,55.13999938964844,55.41999816894531,54.400001525878906,54.529998779296875,47.98994064331055,5684800.0
2021-10-08,BK,54.66999816894531,56.13999938964844,54.61000061035156,55.84000015258789,49.142826080322266,4712400.0
2021-10-11,BK,55.88999938964844,56.650001525878906,55.47999954223633,55.52000045776367,48.861202239990234,4945300.0
2021-10-12,BK,55.5099983215332,56.060001373291016,55.279998779296875,55.5099983215332,48.8524055480957,4697900.0
2021-10-13,BK,55.5,55.63999938964844,54.45000076293945,55.290000915527344,48.658790588378906,5423300.0
2021-10-14,BK,55.900001525878906,56.630001068115234,55.5,56.56999969482422,49.785274505615234,6279800.0
2021-10-15,BK,57.040000915527344,57.70000076293945,56.72999954223633,57.15999984741211,50.304508209228516,5498400.0
2021-10-18,BK,57.06999969482422,57.9900016784668,57.0,57.40999984741211,50.5245246887207,5218900.0
2021-10-19,BK,55.9900016784668,57.70000076293945,55.5,57.650001525878906,50.73574447631836,5765200.0
2021-10-20,BK,57.650001525878906,59.65999984741211,57.470001220703125,59.310001373291016,52.1966552734375,6276100.0
2021-10-21,BK,59.47999954223633,60.060001373291016,59.130001068115234,59.7400016784668,52.575077056884766,4178100.0
2021-10-22,BK,59.9900016784668,60.52000045776367,59.52000045776367,59.709999084472656,52.548675537109375,4978500.0
2021-10-25,BK,59.81999969482422,59.900001525878906,59.22999954223633,59.400001525878906,52.27585220336914,3416900.0
2021-10-26,BK,59.529998779296875,59.59000015258789,58.95000076293945,59.099998474121094,52.011837005615234,3896600.0
2021-10-27,BK,58.790000915527344,59.4900016784668,58.380001068115234,58.45000076293945,51.439796447753906,4410600.0
2021-10-28,BK,58.4900016784668,59.52000045776367,58.4900016784668,59.439998626708984,52.31106185913086,3852400.0
2021-10-29,BK,59.16999816894531,59.75,59.029998779296875,59.20000076293945,52.39958572387695,4660700.0
2021-11-01,BK,59.849998474121094,60.060001373291016,59.47999954223633,60.02000045776367,53.1253776550293,3694600.0
2021-11-02,BK,59.97999954223633,60.470001220703125,59.790000915527344,59.93000030517578,53.04571533203125,3260900.0
2021-11-03,BK,59.66999816894531,60.47999954223633,59.529998779296875,60.09000015258789,53.187347412109375,3024300.0
2021-11-04,BK,59.88999938964844,60.0099983215332,58.5099983215332,59.060001373291016,52.27566146850586,3285400.0
2021-11-05,BK,59.459999084472656,59.68000030517578,58.77000045776367,58.81999969482422,52.0632209777832,3949600.0
2021-11-08,BK,59.15999984741211,59.459999084472656,58.709999084472656,58.97999954223633,52.20484924316406,3218400.0
2021-11-09,BK,58.61000061035156,58.869998931884766,58.15999984741211,58.58000183105469,51.85079574584961,3770100.0
2021-11-10,BK,58.459999084472656,59.599998474121094,58.43000030517578,59.15999984741211,52.36417007446289,4153300.0
2021-11-11,BK,59.13999938964844,60.439998626708984,58.939998626708984,59.9900016784668,53.09883117675781,3831800.0
2021-11-12,BK,60.0,60.150001525878906,59.61000061035156,60.08000183105469,53.17848587036133,3394000.0
2021-11-15,BK,60.290000915527344,60.380001068115234,59.72999954223633,59.90999984741211,53.02802276611328,2376000.0
2021-11-16,BK,59.83000183105469,59.939998626708984,59.130001068115234,59.150001525878906,52.35531997680664,3395700.0
2021-11-17,BK,59.0099983215332,59.189998626708984,57.83000183105469,58.04999923706055,51.381675720214844,2940600.0
2021-11-18,BK,58.130001068115234,58.41999816894531,57.58000183105469,57.77000045776367,51.13384246826172,2902500.0
2021-11-19,BK,57.15999984741211,57.47999954223633,56.36000061035156,57.06999969482422,50.514251708984375,3812600.0
2021-11-22,BK,57.79999923706055,58.86000061035156,57.65999984741211,58.209999084472656,51.523292541503906,2946600.0
2021-11-23,BK,58.630001068115234,59.06999969482422,58.310001373291016,59.0099983215332,52.23140335083008,2606300.0
2021-11-24,BK,58.849998474121094,59.31999969482422,58.439998626708984,58.91999816894531,52.151737213134766,2607900.0
2021-11-26,BK,56.810001373291016,57.16999816894531,55.970001220703125,56.75,50.23101043701172,3300100.0
2021-11-29,BK,57.400001525878906,57.70000076293945,56.70000076293945,57.0099983215332,50.461143493652344,3797200.0
2021-11-30,BK,56.31999969482422,56.31999969482422,54.58000183105469,54.790000915527344,48.49616241455078,7490200.0
2021-12-01,BK,56.09000015258789,56.4900016784668,54.099998474121094,54.13999938964844,47.92082977294922,4833300.0
2021-12-02,BK,54.61000061035156,56.52000045776367,54.4900016784668,56.150001525878906,49.69993591308594,4069900.0
2021-12-03,BK,56.2599983215332,56.36000061035156,54.38999938964844,54.880001068115234,48.57582473754883,5346500.0
2021-12-06,BK,55.22999954223633,56.15999984741211,54.7400016784668,55.43000030517578,49.062644958496094,3789800.0
2021-12-07,BK,55.970001220703125,56.349998474121094,55.560001373291016,56.130001068115234,49.6822395324707,4105700.0
2021-12-08,BK,56.08000183105469,57.41999816894531,55.81999969482422,56.31999969482422,49.850406646728516,5629900.0
2021-12-09,BK,56.20000076293945,57.619998931884766,55.86000061035156,57.08000183105469,50.52309799194336,5190100.0
2021-12-10,BK,57.41999816894531,57.470001220703125,56.619998931884766,56.72999954223633,50.21331787109375,4363400.0
2021-12-13,BK,56.65999984741211,56.65999984741211,55.84000015258789,56.130001068115234,49.6822395324707,3415600.0
2021-12-14,BK,56.18000030517578,57.43000030517578,56.13999938964844,56.779998779296875,50.257564544677734,3663400.0
2021-12-15,BK,56.900001525878906,57.060001373291016,55.880001068115234,56.900001525878906,50.3637809753418,3755100.0
2021-12-16,BK,58.43000030517578,58.7599983215332,57.66999816894531,58.41999816894531,51.70917892456055,5397800.0
2021-12-17,BK,58.13999938964844,58.36000061035156,56.880001068115234,57.5,50.89484786987305,14390300.0
2021-12-20,BK,56.68000030517578,57.0,55.34000015258789,56.47999954223633,49.992027282714844,4102100.0
2021-12-21,BK,57.15999984741211,58.130001068115234,57.13999938964844,57.88999938964844,51.24005889892578,3413100.0
2021-12-22,BK,57.849998474121094,58.2599983215332,57.689998626708984,57.90999984741211,51.257755279541016,2337600.0
2021-12-23,BK,58.18000030517578,58.81999969482422,58.02000045776367,58.11000061035156,51.43478775024414,1841900.0
2021-12-27,BK,58.20000076293945,58.529998779296875,57.93000030517578,58.52000045776367,51.79768371582031,2388300.0
2021-12-28,BK,58.38999938964844,58.97999954223633,58.34000015258789,58.459999084472656,51.74458312988281,1810900.0
2021-12-29,BK,58.619998931884766,58.849998474121094,58.290000915527344,58.369998931884766,51.664920806884766,1828500.0
2021-12-30,BK,58.290000915527344,58.68000030517578,57.93000030517578,57.970001220703125,51.310874938964844,1587000.0
2021-12-31,BK,57.959999084472656,58.29999923706055,57.86000061035156,58.08000183105469,51.408241271972656,1912000.0
2022-01-03,BK,58.599998474121094,59.02000045776367,58.349998474121094,58.5099983215332,51.78883361816406,3254600.0
2022-01-04,BK,59.36000061035156,61.220001220703125,59.33000183105469,60.599998474121094,53.63875198364258,4918600.0
2022-01-05,BK,61.209999084472656,61.619998931884766,60.060001373291016,60.18000030517578,53.266998291015625,3673300.0
2022-01-06,BK,61.0,61.439998626708984,60.2400016784668,61.29999923706055,54.258338928222656,3510400.0
2022-01-07,BK,61.36000061035156,62.38999938964844,60.9900016784668,62.33000183105469,55.17002868652344,5161700.0
2022-01-10,BK,63.130001068115234,63.41999816894531,62.02000045776367,62.79999923706055,55.586029052734375,5214700.0
2022-01-11,BK,62.70000076293945,63.279998779296875,61.95000076293945,63.06999969482422,55.825016021728516,4054300.0
2022-01-12,BK,63.349998474121094,63.91999816894531,62.869998931884766,63.54999923706055,56.249874114990234,6411300.0
2022-01-13,BK,63.560001373291016,64.52999877929688,63.4900016784668,63.650001525878906,56.3383903503418,4159900.0
2022-01-14,BK,63.20000076293945,63.689998626708984,62.15999984741211,63.599998474121094,56.294132232666016,5777500.0
2022-01-18,BK,61.689998626708984,63.220001220703125,61.5,62.91999816894531,55.69225311279297,6765000.0
2022-01-19,BK,63.189998626708984,63.20000076293945,58.97999954223633,59.2400016784668,52.43498229980469,6248600.0
2022-01-20,BK,59.2599983215332,61.209999084472656,58.95000076293945,59.91999816894531,53.036865234375,6989800.0
2022-01-21,BK,59.68000030517578,59.7599983215332,56.86000061035156,57.18000030517578,50.61161804199219,5983600.0
2022-01-24,BK,56.04999923706055,59.040000915527344,55.16999816894531,58.900001525878906,52.13404083251953,7162100.0
2022-01-25,BK,58.33000183105469,59.599998474121094,57.040000915527344,59.02000045776367,52.24024963378906,5919600.0
2022-01-26,BK,59.650001525878906,60.349998474121094,58.16999816894531,58.91999816894531,52.151737213134766,5581800.0
2022-01-27,BK,59.5099983215332,60.68000030517578,57.59000015258789,58.369998931884766,51.664920806884766,4958500.0
2022-01-28,BK,57.86000061035156,58.5099983215332,57.0,58.47999954223633,52.0655632019043,4127000.0
2022-01-31,BK,58.06999969482422,59.33000183105469,57.54999923706055,59.2599983215332,52.760005950927734,6889500.0
2022-02-01,BK,59.58000183105469,60.90999984741211,59.04999923706055,60.689998626708984,54.03315353393555,4779000.0
2022-02-02,BK,60.560001373291016,61.119998931884766,60.189998626708984,61.04999923706055,54.353675842285156,4346000.0
2022-02-03,BK,61.349998474121094,61.68000030517578,60.630001068115234,60.77000045776367,54.10438919067383,2957300.0
2022-02-04,BK,60.869998931884766,62.65999984741211,60.61000061035156,61.810001373291016,55.030311584472656,4373500.0
2022-02-07,BK,61.959999084472656,62.540000915527344,61.630001068115234,62.25,55.42204284667969,2890600.0
2022-02-08,BK,63.11000061035156,63.970001220703125,62.689998626708984,63.619998931884766,56.64176940917969,4925900.0
2022-02-09,BK,63.91999816894531,63.91999816894531,63.11000061035156,63.65999984741211,56.67738723754883,3345100.0
2022-02-10,BK,62.83000183105469,64.62999725341797,62.83000183105469,63.470001220703125,56.50822067260742,6032900.0
2022-02-11,BK,63.150001525878906,64.30000305175781,61.90999984741211,62.33000183105469,55.49327087402344,6374800.0
2022-02-14,BK,62.349998474121094,62.529998779296875,60.77000045776367,61.470001220703125,54.72760009765625,5335400.0
2022-02-15,BK,62.130001068115234,62.560001373291016,61.810001373291016,62.22999954223633,55.40422821044922,4486100.0
2022-02-16,BK,61.810001373291016,62.88999938964844,61.59000015258789,62.5,55.644630432128906,3657800.0
2022-02-17,BK,61.47999954223633,61.689998626708984,57.29999923706055,57.349998474121094,51.05950927734375,9864700.0
2022-02-18,BK,57.09000015258789,57.459999084472656,56.0099983215332,56.380001068115234,50.19590377807617,7611500.0
2022-02-22,BK,56.0,56.630001068115234,55.20000076293945,55.63999938964844,49.53706359863281,6203800.0
2022-02-23,BK,56.0,56.25,53.09000015258789,53.349998474121094,47.49824523925781,6770600.0
2022-02-24,BK,51.689998626708984,52.70000076293945,50.61000061035156,52.5,46.74148941040039,8487900.0
2022-02-25,BK,52.970001220703125,54.47999954223633,52.810001373291016,54.369998931884766,48.40636444091797,6413200.0
2022-02-28,BK,52.59000015258789,53.5,52.349998474121094,53.150001525878906,47.320194244384766,9772300.0
2022-03-01,BK,52.7599983215332,52.7599983215332,49.810001373291016,50.58000183105469,45.03208923339844,8434800.0
2022-03-02,BK,51.15999984741211,52.720001220703125,51.15999984741211,52.13999938964844,46.42097091674805,4690600.0
2022-03-03,BK,52.25,52.86000061035156,51.56999969482422,52.36000061035156,46.61683654785156,4794700.0
2022-03-04,BK,50.91999816894531,51.22999954223633,50.209999084472656,50.91999816894531,45.33478927612305,6249000.0
2022-03-07,BK,50.38999938964844,50.84000015258789,49.81999969482422,50.0099983215332,44.524600982666016,8228800.0
2022-03-08,BK,50.689998626708984,51.83000183105469,49.88999938964844,50.72999954223633,45.165626525878906,8072500.0
2022-03-09,BK,52.810001373291016,53.36000061035156,52.02000045776367,52.18000030517578,46.45658874511719,6970500.0
2022-03-10,BK,50.720001220703125,51.18000030517578,48.84000015258789,50.0,44.51570129394531,9396000.0
2022-03-11,BK,50.86000061035156,51.119998931884766,49.79999923706055,50.0,44.51570129394531,5755500.0
2022-03-14,BK,50.779998779296875,51.310001373291016,50.2400016784668,50.529998779296875,44.98756790161133,6226200.0
2022-03-15,BK,50.84000015258789,50.9900016784668,49.95000076293945,50.54999923706055,45.00537109375,5743700.0
2022-03-16,BK,51.56999969482422,52.709999084472656,50.90999984741211,51.90999984741211,46.21619415283203,7218600.0
2022-03-17,BK,51.060001373291016,52.540000915527344,50.369998931884766,52.5099983215332,46.750389099121094,7149500.0
2022-03-18,BK,52.52000045776367,52.58000183105469,51.119998931884766,52.29999923706055,46.56342315673828,19554900.0
2022-03-21,BK,52.63999938964844,52.90999984741211,51.790000915527344,52.18000030517578,46.45658874511719,6884400.0
2022-03-22,BK,52.869998931884766,53.459999084472656,52.310001373291016,52.689998626708984,46.910640716552734,5306600.0
2022-03-23,BK,52.400001525878906,52.68000030517578,51.68000030517578,51.72999954223633,46.055938720703125,3659100.0
2022-03-24,BK,52.040000915527344,52.20000076293945,51.45000076293945,52.040000915527344,46.331939697265625,3879600.0
2022-03-25,BK,52.09000015258789,53.0099983215332,52.029998779296875,52.7400016784668,46.955162048339844,4283300.0
2022-03-28,BK,52.790000915527344,52.79999923706055,51.900001525878906,52.5099983215332,46.750389099121094,4195900.0
2022-03-29,BK,53.380001068115234,53.630001068115234,52.29999923706055,52.7400016784668,46.955162048339844,3567800.0
2022-03-30,BK,52.099998474121094,52.43000030517578,51.560001373291016,51.84000015258789,46.15386962890625,4156500.0
2022-03-31,BK,51.5099983215332,51.77000045776367,49.61000061035156,49.630001068115234,44.186275482177734,5804700.0
2022-04-01,BK,50.290000915527344,50.47999954223633,49.099998474121094,49.45000076293945,44.02602767944336,4259800.0
2022-04-04,BK,49.5,49.83000183105469,48.56999969482422,49.5099983215332,44.07944107055664,5495000.0
2022-04-05,BK,49.2599983215332,49.619998931884766,48.7400016784668,48.959999084472656,43.58977127075195,4317500.0
2022-04-06,BK,48.70000076293945,48.72999954223633,47.959999084472656,48.20000076293945,42.91313171386719,5110400.0
2022-04-07,BK,48.11000061035156,48.40999984741211,46.95000076293945,47.7599983215332,42.52138900756836,4522700.0
2022-04-08,BK,47.959999084472656,48.619998931884766,47.77000045776367,48.34000015258789,43.03777313232422,3155600.0
2022-04-11,BK,48.0,48.91999816894531,47.790000915527344,48.06999969482422,42.797393798828125,3728500.0
2022-04-12,BK,47.810001373291016,48.630001068115234,47.41999816894531,47.650001525878906,42.423458099365234,4187000.0
2022-04-13,BK,47.279998779296875,48.38999938964844,46.880001068115234,48.34000015258789,43.03777313232422,6034000.0
2022-04-14,BK,48.439998626708984,48.970001220703125,47.2599983215332,47.290000915527344,42.10294723510742,7289000.0
2022-04-18,BK,45.599998474121094,46.65999984741211,44.9900016784668,46.209999084472656,41.14139938354492,6036300.0
2022-04-19,BK,46.33000183105469,46.81999969482422,46.150001525878906,46.52000045776367,41.41740798950195,6382600.0
2022-04-20,BK,46.970001220703125,47.529998779296875,46.790000915527344,47.02000045776367,41.86256790161133,4966400.0
2022-04-21,BK,47.56999969482422,47.77000045776367,46.040000915527344,46.150001525878906,41.08798599243164,4681200.0
2022-04-22,BK,45.900001525878906,46.04999923706055,44.13999938964844,44.209999084472656,39.36077880859375,4750900.0
2022-04-25,BK,43.790000915527344,44.47999954223633,43.13999938964844,44.369998931884766,39.503231048583984,6538100.0
2022-04-26,BK,43.9900016784668,44.52000045776367,43.25,43.2599983215332,38.51498031616211,6224600.0
2022-04-27,BK,42.4900016784668,42.90999984741211,42.18000030517578,42.349998474121094,38.003482818603516,6646700.0
2022-04-28,BK,43.209999084472656,43.540000915527344,42.349998474121094,43.459999084472656,38.99955368041992,5682900.0
2022-04-29,BK,43.470001220703125,43.68000030517578,41.959999084472656,42.060001373291016,37.743247985839844,4450400.0
2022-05-02,BK,42.369998931884766,42.939998626708984,41.77000045776367,42.70000076293945,38.31756591796875,8096800.0
2022-05-03,BK,42.939998626708984,43.689998626708984,42.529998779296875,43.11000061035156,38.685489654541016,7146200.0
2022-05-04,BK,43.22999954223633,44.849998474121094,42.959999084472656,44.79999923706055,40.202030181884766,5974100.0
2022-05-05,BK,44.33000183105469,44.33000183105469,43.25,44.099998474121094,39.573875427246094,5736300.0
2022-05-06,BK,44.08000183105469,44.13999938964844,43.20000076293945,43.7599983215332,39.26876449584961,4788000.0
2022-05-09,BK,43.25,43.81999969482422,42.88999938964844,43.209999084472656,38.775211334228516,4976100.0
2022-05-10,BK,43.619998931884766,44.04999923706055,42.25,42.959999084472656,38.550872802734375,5286900.0
2022-05-11,BK,43.11000061035156,44.0099983215332,42.36000061035156,42.43000030517578,38.07527160644531,5479000.0
2022-05-12,BK,42.15999984741211,43.16999816894531,41.900001525878906,42.810001373291016,38.4162712097168,5360100.0
2022-05-13,BK,43.310001373291016,43.810001373291016,42.93000030517578,43.459999084472656,38.99955368041992,4247600.0
2022-05-16,BK,43.31999969482422,43.65999984741211,42.5,43.2400016784668,38.80213928222656,3554600.0
2022-05-17,BK,44.189998626708984,44.7599983215332,43.880001068115234,44.59000015258789,40.01359176635742,3985900.0
2022-05-18,BK,44.20000076293945,44.2599983215332,43.13999938964844,43.290000915527344,38.84701156616211,4077100.0
2022-05-19,BK,42.47999954223633,43.75,42.439998626708984,43.31999969482422,38.87392807006836,7210000.0
2022-05-20,BK,43.77000045776367,44.130001068115234,42.95000076293945,43.77000045776367,39.27774429321289,5013600.0
2022-05-23,BK,44.70000076293945,45.189998626708984,44.22999954223633,44.68000030517578,40.09434509277344,4231200.0
2022-05-24,BK,44.36000061035156,44.599998474121094,43.150001525878906,44.34000015258789,39.78923797607422,4504500.0
2022-05-25,BK,44.209999084472656,45.0099983215332,44.119998931884766,44.720001220703125,40.130252838134766,4350900.0
2022-05-26,BK,45.349998474121094,45.869998931884766,45.290000915527344,45.65999984741211,40.97377395629883,3251800.0
2022-05-27,BK,45.75,46.47999954223633,45.70000076293945,46.47999954223633,41.7096061706543,3354000.0
2022-05-31,BK,46.18000030517578,46.97999954223633,45.63999938964844,46.61000061035156,41.82626724243164,7085800.0
2022-06-01,BK,46.56999969482422,46.66999816894531,45.02000045776367,45.650001525878906,40.96479034423828,3910600.0
2022-06-02,BK,45.77000045776367,46.5,45.380001068115234,46.470001220703125,41.70063400268555,3506700.0
2022-06-03,BK,46.11000061035156,46.2599983215332,45.560001373291016,45.59000015258789,40.91095733642578,2453600.0
2022-06-06,BK,46.060001373291016,46.7400016784668,45.83000183105469,45.95000076293945,41.234004974365234,3018200.0
2022-06-07,BK,45.52000045776367,46.439998626708984,45.310001373291016,46.34000015258789,41.583980560302734,3108100.0
2022-06-08,BK,45.81999969482422,46.09000015258789,45.220001220703125,45.34000015258789,40.686607360839844,2943100.0
2022-06-09,BK,45.0,45.380001068115234,44.0099983215332,44.040000915527344,39.52003479003906,2716500.0
2022-06-10,BK,43.119998931884766,43.41999816894531,42.540000915527344,42.790000915527344,38.3983268737793,4777600.0
2022-06-13,BK,41.95000076293945,42.13999938964844,41.130001068115234,41.470001220703125,37.21379470825195,6128700.0
2022-06-14,BK,41.70000076293945,42.06999969482422,40.2599983215332,40.599998474121094,36.4330940246582,5924800.0
2022-06-15,BK,41.290000915527344,42.459999084472656,41.290000915527344,41.869998931884766,37.572750091552734,6116900.0
2022-06-16,BK,41.029998779296875,41.279998779296875,40.43000030517578,41.209999084472656,36.98048400878906,5415900.0
2022-06-17,BK,41.36000061035156,41.959999084472656,40.9900016784668,41.130001068115234,36.9087028503418,9578500.0
2022-06-21,BK,42.2400016784668,42.45000076293945,41.810001373291016,42.31999969482422,37.97657012939453,3540400.0
2022-06-22,BK,41.75,42.5,41.75,42.22999954223633,37.89579391479492,5059200.0
2022-06-23,BK,42.130001068115234,42.369998931884766,41.209999084472656,42.0,37.68941116333008,4429500.0
2022-06-24,BK,42.029998779296875,43.790000915527344,42.029998779296875,43.599998474121094,39.12519454956055,15201800.0
2022-06-27,BK,43.709999084472656,43.779998779296875,42.869998931884766,43.060001373291016,38.640621185302734,3135500.0
2022-06-28,BK,43.540000915527344,44.04999923706055,42.75,42.86000061035156,38.461143493652344,2969200.0
2022-06-29,BK,42.84000015258789,43.040000915527344,42.209999084472656,42.40999984741211,38.05732727050781,4320000.0
2022-06-30,BK,41.54999923706055,42.150001525878906,41.099998474121094,41.709999084472656,37.42916488647461,3223500.0
2022-07-01,BK,41.380001068115234,42.560001373291016,41.150001525878906,42.41999816894531,38.06630325317383,2891000.0
2022-07-05,BK,41.58000183105469,42.099998474121094,40.97999954223633,42.08000183105469,37.76119613647461,3026600.0
2022-07-06,BK,41.75,41.9900016784668,41.130001068115234,41.58000183105469,37.3125114440918,2567100.0
2022-07-07,BK,42.06999969482422,42.61000061035156,41.939998626708984,42.290000915527344,37.94963455200195,2585200.0
2022-07-08,BK,42.5,42.630001068115234,41.68000030517578,41.88999938964844,37.590694427490234,1945900.0
2022-07-11,BK,41.45000076293945,41.939998626708984,41.20000076293945,41.709999084472656,37.42916488647461,2285100.0
2022-07-12,BK,41.29999923706055,42.75,41.27000045776367,41.77000045776367,37.48300552368164,3144200.0
2022-07-13,BK,41.209999084472656,41.47999954223633,40.650001525878906,41.27000045776367,37.034324645996094,3873900.0
2022-07-14,BK,40.29999923706055,40.63999938964844,39.779998779296875,40.439998626708984,36.28951644897461,5075600.0
2022-07-15,BK,41.720001220703125,43.75,41.189998626708984,43.40999984741211,38.95468521118164,4984700.0
2022-07-18,BK,43.93000030517578,44.40999984741211,42.52000045776367,42.77000045776367,38.38037872314453,4314700.0
2022-07-19,BK,43.34000015258789,43.86000061035156,43.209999084472656,43.58000183105469,39.10725021362305,3638500.0
2022-07-20,BK,43.400001525878906,43.41999816894531,42.59000015258789,43.130001068115234,38.703433990478516,3966400.0
2022-07-21,BK,43.29999923706055,43.560001373291016,42.959999084472656,43.47999954223633,39.01750183105469,2907300.0
2022-07-22,BK,43.13999938964844,43.45000076293945,42.34000015258789,42.720001220703125,38.664527893066406,3039300.0
2022-07-25,BK,43.150001525878906,43.220001220703125,42.650001525878906,43.02000045776367,38.93605041503906,2296600.0
2022-07-26,BK,42.68000030517578,42.970001220703125,41.939998626708984,42.11000061035156,38.1124382019043,2699900.0
2022-07-27,BK,42.43000030517578,43.06999969482422,42.060001373291016,42.880001068115234,38.80934143066406,2965400.0
2022-07-28,BK,43.08000183105469,43.20000076293945,42.02000045776367,43.029998779296875,38.945098876953125,2131800.0
2022-07-29,BK,43.04999923706055,43.58000183105469,42.970001220703125,43.459999084472656,39.33427429199219,2385100.0
2022-08-01,BK,43.04999923706055,43.43000030517578,42.619998931884766,43.290000915527344,39.180423736572266,2375700.0
2022-08-02,BK,42.849998474121094,43.41999816894531,42.58000183105469,42.95000076293945,38.87269973754883,2453400.0
2022-08-03,BK,43.470001220703125,43.810001373291016,43.029998779296875,43.709999084472656,39.560546875,2463500.0
2022-08-04,BK,43.7400016784668,43.91999816894531,43.029998779296875,43.060001373291016,38.972259521484375,1933800.0
2022-08-05,BK,43.0,43.790000915527344,42.84000015258789,43.5,39.370479583740234,2533600.0
2022-08-08,BK,43.79999923706055,43.939998626708984,43.04999923706055,43.08000183105469,38.99036407470703,2731800.0
2022-08-09,BK,43.2400016784668,43.380001068115234,42.79999923706055,43.189998626708984,39.089908599853516,2101800.0
2022-08-10,BK,43.5,44.33000183105469,43.5,43.9900016784668,39.813968658447266,2538200.0
2022-08-11,BK,44.459999084472656,44.56999969482422,44.040000915527344,44.369998931884766,40.15789794921875,2620600.0
2022-08-12,BK,44.619998931884766,44.93000030517578,44.310001373291016,44.900001525878906,40.6375846862793,2648200.0
2022-08-15,BK,44.349998474121094,45.029998779296875,44.150001525878906,44.709999084472656,40.46561813354492,2566100.0
2022-08-16,BK,44.41999816894531,45.45000076293945,44.41999816894531,45.029998779296875,40.75523376464844,3095500.0
2022-08-17,BK,44.439998626708984,45.11000061035156,44.290000915527344,44.810001373291016,40.556121826171875,2334500.0
2022-08-18,BK,44.68000030517578,44.709999084472656,44.0099983215332,44.65999984741211,40.42036056518555,2662500.0
2022-08-19,BK,44.36000061035156,44.369998931884766,43.599998474121094,43.88999938964844,39.72345733642578,3649200.0
2022-08-22,BK,43.20000076293945,43.630001068115234,42.97999954223633,43.2400016784668,39.135169982910156,3406700.0
2022-08-23,BK,43.369998931884766,43.61000061035156,42.95000076293945,42.970001220703125,38.89079284667969,1983200.0
2022-08-24,BK,42.849998474121094,43.29999923706055,42.68000030517578,42.97999954223633,38.899845123291016,2258800.0
2022-08-25,BK,43.150001525878906,43.75,42.9900016784668,43.5,39.370479583740234,2500700.0
2022-08-26,BK,43.779998779296875,43.849998474121094,41.9900016784668,42.0,38.012882232666016,3185500.0
2022-08-29,BK,41.77000045776367,42.16999816894531,41.470001220703125,41.7599983215332,37.79566192626953,2540200.0
2022-08-30,BK,42.0,42.130001068115234,41.349998474121094,41.68000030517578,37.7232551574707,2278700.0
2022-08-31,BK,41.97999954223633,42.06999969482422,41.52000045776367,41.529998779296875,37.58749771118164,3295400.0
2022-09-01,BK,41.45000076293945,41.45000076293945,40.4900016784668,41.36000061035156,37.43363952636719,3032100.0
2022-09-02,BK,41.939998626708984,42.369998931884766,40.81999969482422,41.119998931884766,37.21642303466797,3137700.0
2022-09-06,BK,41.38999938964844,41.470001220703125,40.560001373291016,41.13999938964844,37.23453140258789,3505900.0
2022-09-07,BK,40.959999084472656,42.560001373291016,40.90999984741211,42.43000030517578,38.402061462402344,4515600.0
2022-09-08,BK,42.099998474121094,43.84000015258789,42.02000045776367,43.81999969482422,39.66011047363281,4857600.0
2022-09-09,BK,44.119998931884766,44.310001373291016,43.79999923706055,44.13999938964844,39.94972610473633,4303100.0
2022-09-12,BK,44.5,44.810001373291016,43.939998626708984,44.279998779296875,40.07644271850586,4347100.0
2022-09-13,BK,43.849998474121094,44.86000061035156,43.77000045776367,44.11000061035156,39.922576904296875,5766300.0
2022-09-14,BK,44.20000076293945,44.58000183105469,43.279998779296875,43.720001220703125,39.569602966308594,4941800.0
2022-09-15,BK,43.849998474121094,45.0099983215332,43.70000076293945,44.439998626708984,40.22124481201172,4175500.0
2022-09-16,BK,44.09000015258789,44.310001373291016,43.470001220703125,43.88999938964844,39.72345733642578,6152700.0
2022-09-19,BK,43.459999084472656,44.52000045776367,43.40999984741211,44.209999084472656,40.01308822631836,3068300.0
2022-09-20,BK,43.84000015258789,43.90999984741211,42.900001525878906,43.27000045776367,39.162322998046875,2953200.0
2022-09-21,BK,43.560001373291016,43.619998931884766,42.290000915527344,42.29999923706055,38.28440856933594,3273300.0
2022-09-22,BK,42.470001220703125,42.560001373291016,40.90999984741211,40.93000030517578,37.04446029663086,5509900.0
2022-09-23,BK,40.4900016784668,40.630001068115234,39.33000183105469,40.16999816894531,36.356605529785156,5753200.0
2022-09-26,BK,39.81999969482422,40.279998779296875,39.2400016784668,39.470001220703125,35.723052978515625,6757400.0
2022-09-27,BK,39.7599983215332,39.88999938964844,38.29999923706055,38.939998626708984,35.243370056152344,5489400.0
2022-09-28,BK,39.060001373291016,39.81999969482422,38.75,39.59000015258789,35.831668853759766,5979400.0
2022-09-29,BK,39.060001373291016,39.25,38.4900016784668,38.880001068115234,35.18906784057617,4732200.0
2022-09-30,BK,38.9900016784668,39.5099983215332,38.470001220703125,38.52000045776367,34.863243103027344,4490100.0
2022-10-03,BK,38.88999938964844,39.91999816894531,38.43000030517578,39.65999984741211,35.89501953125,7427600.0
2022-10-04,BK,40.52000045776367,41.43000030517578,40.5,41.369998931884766,37.442691802978516,6319500.0
2022-10-05,BK,40.95000076293945,41.56999969482422,40.720001220703125,41.36000061035156,37.43363952636719,4036300.0
2022-10-06,BK,41.099998474121094,41.41999816894531,40.59000015258789,40.68000030517578,36.81818771362305,3103200.0
2022-10-07,BK,40.25,40.40999984741211,39.18000030517578,39.47999954223633,35.73210906982422,3944100.0
2022-10-10,BK,39.790000915527344,39.93000030517578,39.16999816894531,39.209999084472656,35.48773956298828,4829500.0
2022-10-11,BK,38.90999984741211,39.16999816894531,38.27000045776367,38.47999954223633,34.8270378112793,4983100.0
2022-10-12,BK,38.25,38.54999923706055,37.27000045776367,37.290000915527344,33.750003814697266,8082400.0
2022-10-13,BK,36.81999969482422,39.380001068115234,36.220001220703125,39.209999084472656,35.48773956298828,7088000.0
2022-10-14,BK,39.369998931884766,39.880001068115234,38.29999923706055,38.40999984741211,34.763694763183594,6435700.0
2022-10-17,BK,39.47999954223633,40.959999084472656,39.47999954223633,40.36000061035156,36.528564453125,7340300.0
2022-10-18,BK,41.04999923706055,41.52000045776367,39.369998931884766,39.959999084472656,36.166542053222656,9040600.0
2022-10-19,BK,39.58000183105469,40.16999816894531,38.689998626708984,39.02000045776367,35.315773010253906,8774400.0
2022-10-20,BK,38.970001220703125,39.630001068115234,38.369998931884766,38.41999816894531,34.772735595703125,6931600.0
2022-10-21,BK,38.470001220703125,40.40999984741211,38.11000061035156,40.22999954223633,36.41090774536133,8365700.0
2022-10-24,BK,40.43000030517578,41.06999969482422,40.22999954223633,40.84000015258789,36.96300506591797,6918400.0
2022-10-25,BK,40.70000076293945,41.7400016784668,40.43000030517578,41.599998474121094,37.650856018066406,5950900.0
2022-10-26,BK,41.41999816894531,41.880001068115234,40.91999816894531,41.2599983215332,37.678245544433594,6690000.0
2022-10-27,BK,41.720001220703125,42.18000030517578,41.5099983215332,41.650001525878906,38.034393310546875,6395700.0
2022-10-28,BK,41.86000061035156,42.52000045776367,41.66999816894531,42.31999969482422,38.64623260498047,6189700.0
2022-10-31,BK,41.93000030517578,42.400001525878906,41.7400016784668,42.11000061035156,38.45446014404297,4365000.0
2022-11-01,BK,42.43000030517578,42.529998779296875,41.849998474121094,42.22999954223633,38.56403732299805,3911800.0
2022-11-02,BK,42.279998779296875,43.27000045776367,42.029998779296875,42.040000915527344,38.39053726196289,4617800.0
2022-11-03,BK,41.599998474121094,41.900001525878906,41.130001068115234,41.529998779296875,37.92481231689453,5055300.0
2022-11-04,BK,42.04999923706055,42.86000061035156,41.91999816894531,42.4900016784668,38.801475524902344,5520800.0
2022-11-07,BK,42.810001373291016,42.849998474121094,42.279998779296875,42.41999816894531,38.737548828125,5968700.0
2022-11-08,BK,42.4900016784668,43.0099983215332,42.2400016784668,42.70000076293945,38.99324417114258,4825800.0
2022-11-09,BK,42.5,42.709999084472656,42.040000915527344,42.099998474121094,38.44532775878906,2820500.0
2022-11-10,BK,43.630001068115234,44.54999923706055,43.380001068115234,44.06999969482422,40.24431228637695,8734200.0
2022-11-11,BK,44.25,44.70000076293945,43.959999084472656,44.52000045776367,40.65525436401367,5808700.0
2022-11-14,BK,44.33000183105469,44.61000061035156,43.54999923706055,43.58000183105469,39.796852111816406,4189300.0
2022-11-15,BK,43.83000183105469,44.189998626708984,43.25,43.83000183105469,40.025150299072266,5454500.0
2022-11-16,BK,43.83000183105469,44.11000061035156,43.52000045776367,43.810001373291016,40.006893157958984,3010300.0
2022-11-17,BK,43.16999816894531,44.0,42.970001220703125,43.880001068115234,40.07080841064453,5799300.0
2022-11-18,BK,44.529998779296875,44.970001220703125,44.18000030517578,44.560001373291016,40.691776275634766,3913500.0
2022-11-21,BK,44.41999816894531,44.720001220703125,44.209999084472656,44.650001525878906,40.77397155761719,2985400.0
2022-11-22,BK,44.939998626708984,45.81999969482422,44.77000045776367,45.2400016784668,41.312747955322266,3793300.0
2022-11-23,BK,45.13999938964844,45.75,45.02000045776367,45.4900016784668,41.54104232788086,2981600.0
2022-11-25,BK,45.52000045776367,45.849998474121094,45.400001525878906,45.66999816894531,41.705413818359375,1146700.0
2022-11-28,BK,45.25,45.45000076293945,44.689998626708984,44.79999923706055,40.91094207763672,3626700.0
2022-11-29,BK,44.790000915527344,45.0099983215332,44.529998779296875,44.84000015258789,40.94747543334961,3003200.0
2022-11-30,BK,44.880001068115234,45.959999084472656,44.2400016784668,45.900001525878906,41.91545486450195,6046000.0
2022-12-01,BK,45.900001525878906,46.0,45.0099983215332,45.7599983215332,41.787601470947266,4608100.0
2022-12-02,BK,45.27000045776367,45.599998474121094,44.869998931884766,45.220001220703125,41.29448318481445,3022100.0
2022-12-05,BK,44.97999954223633,45.099998474121094,43.77000045776367,44.040000915527344,40.2169189453125,3535000.0
2022-12-06,BK,43.20000076293945,43.66999816894531,42.56999969482422,42.84000015258789,39.121097564697266,5192800.0
2022-12-07,BK,42.59000015258789,44.900001525878906,42.2400016784668,44.61000061035156,40.73744201660156,11740600.0
2022-12-08,BK,44.79999923706055,45.0099983215332,44.33000183105469,44.59000015258789,40.719181060791016,5331200.0
2022-12-09,BK,44.529998779296875,45.220001220703125,44.470001220703125,44.709999084472656,40.828758239746094,4406200.0
2022-12-12,BK,44.709999084472656,45.0,44.5099983215332,44.849998474121094,40.956600189208984,4732800.0
2022-12-13,BK,46.0,46.33000183105469,45.20000076293945,45.720001220703125,41.75108337402344,6162900.0
2022-12-14,BK,45.650001525878906,45.7599983215332,44.61000061035156,44.939998626708984,41.03879165649414,4285200.0
2022-12-15,BK,44.130001068115234,44.56999969482422,43.84000015258789,44.2400016784668,40.399559020996094,3761000.0
2022-12-16,BK,43.630001068115234,44.209999084472656,43.54999923706055,44.09000015258789,40.26258087158203,5047600.0
2022-12-19,BK,44.040000915527344,44.58000183105469,43.90999984741211,44.16999816894531,40.335636138916016,3739100.0
2022-12-20,BK,44.34000015258789,44.81999969482422,44.189998626708984,44.290000915527344,40.445220947265625,3099100.0
2022-12-21,BK,44.79999923706055,45.06999969482422,44.630001068115234,44.779998779296875,40.89268112182617,3291800.0
2022-12-22,BK,44.45000076293945,44.790000915527344,43.66999816894531,44.47999954223633,40.61872100830078,2669800.0
2022-12-23,BK,44.439998626708984,44.709999084472656,44.20000076293945,44.650001525878906,40.77397155761719,2273400.0
2022-12-27,BK,44.810001373291016,44.91999816894531,44.5099983215332,44.81999969482422,40.92920684814453,2109600.0
2022-12-28,BK,44.81999969482422,44.93000030517578,44.560001373291016,44.630001068115234,40.75571060180664,2013100.0
2022-12-29,BK,44.90999984741211,45.72999954223633,44.79999923706055,45.65999984741211,41.6962890625,3088400.0
2022-12-30,BK,45.31999969482422,45.560001373291016,45.15999984741211,45.52000045776367,41.568443298339844,3116100.0
2023-01-03,BK,45.97999954223633,46.939998626708984,45.77000045776367,46.29999923706055,42.28072738647461,5319300.0
2023-01-04,BK,47.58000183105469,48.029998779296875,47.099998474121094,47.439998626708984,43.3217658996582,7777700.0
2023-01-05,BK,47.220001220703125,47.529998779296875,46.93000030517578,47.209999084472656,43.111732482910156,4269000.0
2023-01-06,BK,47.470001220703125,48.06999969482422,47.13999938964844,47.95000076293945,43.78750228881836,4277100.0
2023-01-09,BK,47.97999954223633,48.75,47.97999954223633,48.13999938964844,43.96099853515625,4021800.0
2023-01-10,BK,48.099998474121094,48.369998931884766,47.86000061035156,48.0099983215332,43.84228515625,3746600.0
2023-01-11,BK,48.029998779296875,48.959999084472656,47.900001525878906,48.18000030517578,43.99752426147461,6987300.0
2023-01-12,BK,48.470001220703125,48.7599983215332,47.88999938964844,48.15999984741211,43.97926330566406,8980800.0
2023-01-13,BK,47.65999984741211,49.66999816894531,47.630001068115234,49.029998779296875,44.773746490478516,13424100.0
2023-01-17,BK,48.970001220703125,50.09000015258789,48.599998474121094,49.68000030517578,45.3673095703125,11402000.0
2023-01-18,BK,49.349998474121094,49.95000076293945,49.18000030517578,49.22999954223633,44.956382751464844,10813100.0
2023-01-19,BK,48.709999084472656,49.04999923706055,48.25,48.91999816894531,44.67328643798828,7254000.0
2023-01-20,BK,48.790000915527344,49.2400016784668,48.439998626708984,49.2400016784668,45.308197021484375,6801900.0
2023-01-23,BK,49.2400016784668,49.619998931884766,49.09000015258789,49.34000015258789,45.400211334228516,5320500.0
2023-01-24,BK,49.279998779296875,49.7599983215332,48.880001068115234,49.459999084472656,45.510623931884766,4304400.0
2023-01-25,BK,49.060001373291016,50.0,49.04999923706055,49.9900016784668,45.9983024597168,3606400.0
2023-01-26,BK,50.2400016784668,50.709999084472656,49.939998626708984,50.61000061035156,46.56879806518555,4308200.0
2023-01-27,BK,50.56999969482422,50.66999816894531,50.04999923706055,50.060001373291016,46.06271743774414,7450500.0
2023-01-30,BK,49.689998626708984,50.25,49.63999938964844,49.77000045776367,45.79587173461914,4589900.0
2023-01-31,BK,49.689998626708984,50.58000183105469,49.560001373291016,50.56999969482422,46.5319938659668,6531400.0
2023-02-01,BK,49.970001220703125,51.2599983215332,49.90999984741211,50.79999923706055,46.74362564086914,6485400.0
2023-02-02,BK,51.0099983215332,51.11000061035156,49.869998931884766,50.16999816894531,46.1639289855957,7285500.0
2023-02-03,BK,49.88999938964844,50.7400016784668,49.779998779296875,50.22999954223633,46.219139099121094,7106600.0
2023-02-06,BK,49.86000061035156,50.560001373291016,49.75,50.540000915527344,46.50438690185547,4795300.0
2023-02-07,BK,50.29999923706055,51.59000015258789,50.29999923706055,51.43000030517578,47.32332229614258,6652900.0
2023-02-08,BK,51.25,51.97999954223633,51.09000015258789,51.779998779296875,47.6453742980957,4441400.0
2023-02-09,BK,52.0099983215332,52.22999954223633,51.5,51.56999969482422,47.45214080810547,6053500.0
2023-02-10,BK,51.290000915527344,51.59000015258789,51.11000061035156,51.400001525878906,47.29571533203125,3769000.0
2023-02-13,BK,51.369998931884766,52.0099983215332,51.27000045776367,51.91999816894531,47.77418518066406,3269300.0
2023-02-14,BK,51.63999938964844,52.2599983215332,51.599998474121094,51.709999084472656,47.580955505371094,3558100.0
2023-02-15,BK,51.310001373291016,51.83000183105469,51.310001373291016,51.77000045776367,47.636173248291016,3274900.0
2023-02-16,BK,51.369998931884766,51.560001373291016,51.20000076293945,51.290000915527344,47.19450378417969,3833500.0
2023-02-17,BK,51.11000061035156,51.630001068115234,50.970001220703125,51.5,47.38772964477539,3036200.0
2023-02-21,BK,51.20000076293945,51.29999923706055,50.209999084472656,50.43000030517578,46.403175354003906,4759800.0
2023-02-22,BK,50.5099983215332,50.7599983215332,49.880001068115234,50.15999984741211,46.15472412109375,3608400.0
2023-02-23,BK,50.5099983215332,50.66999816894531,50.040000915527344,50.290000915527344,46.27435302734375,4337400.0
2023-02-24,BK,49.97999954223633,50.650001525878906,49.65999984741211,50.459999084472656,46.4307746887207,4243400.0
2023-02-27,BK,50.970001220703125,51.25,50.720001220703125,50.84000015258789,46.78042984008789,3919500.0
2023-02-28,BK,50.880001068115234,51.15999984741211,50.70000076293945,50.880001068115234,46.81724166870117,5744800.0
2023-03-01,BK,50.2400016784668,50.869998931884766,50.2400016784668,50.52000045776367,46.48598861694336,4165800.0
2023-03-02,BK,50.349998474121094,50.38999938964844,49.59000015258789,50.189998626708984,46.182334899902344,3902700.0
2023-03-03,BK,50.369998931884766,51.599998474121094,50.36000061035156,51.33000183105469,47.231300354003906,5540200.0
2023-03-06,BK,51.38999938964844,51.84000015258789,51.09000015258789,51.13999938964844,47.05647659301758,4328500.0
2023-03-07,BK,51.0099983215332,51.20000076293945,49.400001525878906,49.5,45.54743194580078,6113300.0
2023-03-08,BK,49.58000183105469,50.380001068115234,49.5,49.79999923706055,45.82346725463867,4988700.0
2023-03-09,BK,49.59000015258789,49.75,47.650001525878906,48.0,44.16720962524414,7043500.0
2023-03-10,BK,47.36000061035156,48.459999084472656,46.47999954223633,47.310001373291016,43.532310485839844,8288800.0
2023-03-13,BK,45.86000061035156,46.09000015258789,44.040000915527344,44.119998931884766,40.597023010253906,14691200.0
2023-03-14,BK,45.560001373291016,46.220001220703125,45.20000076293945,45.72999954223633,42.07846450805664,9702700.0
2023-03-15,BK,44.189998626708984,44.380001068115234,43.22999954223633,44.0099983215332,40.49580383300781,10377800.0
2023-03-16,BK,43.52000045776367,44.75,43.0099983215332,44.400001525878906,40.85466384887695,7326000.0
2023-03-17,BK,43.7599983215332,43.81999969482422,42.29999923706055,42.58000183105469,39.18000030517578,11173700.0
2023-03-20,BK,43.18000030517578,43.93000030517578,42.90999984741211,43.27000045776367,39.81489562988281,7227600.0
2023-03-21,BK,44.689998626708984,45.459999084472656,44.56999969482422,45.13999938964844,41.535579681396484,6479400.0
2023-03-22,BK,45.209999084472656,45.34000015258789,43.900001525878906,43.95000076293945,40.44059371948242,4974200.0
2023-03-23,BK,43.900001525878906,44.15999984741211,42.869998931884766,43.2400016784668,39.78729248046875,5203500.0
2023-03-24,BK,42.43000030517578,42.88999938964844,41.56999969482422,42.75,39.3364143371582,5972900.0
2023-03-27,BK,43.65999984741211,43.75,42.9900016784668,43.63999938964844,40.15535354614258,5272100.0
2023-03-28,BK,43.380001068115234,43.959999084472656,43.380001068115234,43.90999984741211,40.40379333496094,3567500.0
2023-03-29,BK,44.56999969482422,45.11000061035156,44.439998626708984,45.060001373291016,41.46196746826172,6486600.0
2023-03-30,BK,45.59000015258789,45.790000915527344,44.7400016784668,44.900001525878906,41.31473922729492,5727900.0
2023-03-31,BK,45.02000045776367,45.45000076293945,44.7599983215332,45.439998626708984,41.811622619628906,5195600.0
2023-04-03,BK,45.439998626708984,45.59000015258789,44.790000915527344,45.150001525878906,41.54477310180664,4744500.0
2023-04-04,BK,45.47999954223633,45.5,44.2400016784668,44.68000030517578,41.1123046875,3070300.0
2023-04-05,BK,44.130001068115234,44.970001220703125,44.08000183105469,44.880001068115234,41.29633712768555,3473700.0
2023-04-06,BK,44.90999984741211,45.27000045776367,44.779998779296875,44.849998474121094,41.268733978271484,3207300.0
2023-04-10,BK,44.849998474121094,45.5,44.720001220703125,45.22999954223633,41.61838912963867,3621200.0
2023-04-11,BK,45.22999954223633,45.939998626708984,45.040000915527344,45.7400016784668,42.08766174316406,5603300.0
2023-04-12,BK,45.95000076293945,45.9900016784668,45.08000183105469,45.83000183105469,42.17048645019531,6261200.0
2023-04-13,BK,45.86000061035156,46.2599983215332,45.68000030517578,46.20000076293945,42.51093292236328,6259700.0
2023-04-14,BK,46.84000015258789,47.2400016784668,46.15999984741211,46.36000061035156,42.65816116333008,4597500.0
2023-04-17,BK,43.689998626708984,44.29999923706055,42.439998626708984,44.22999954223633,40.698238372802734,17075700.0
2023-04-18,BK,43.88999938964844,44.939998626708984,42.72999954223633,44.88999938964844,41.305538177490234,12528700.0
2023-04-19,BK,44.31999969482422,45.45000076293945,44.31999969482422,45.2400016784668,41.62759017944336,6742200.0
2023-04-20,BK,44.91999816894531,45.18000030517578,44.470001220703125,44.84000015258789,41.2595329284668,5452700.0
2023-04-21,BK,44.52000045776367,44.560001373291016,43.97999954223633,44.04999923706055,40.53261184692383,5165900.0
2023-04-24,BK,44.04999923706055,44.16999816894531,43.619998931884766,43.849998474121094,40.34859085083008,3839400.0
2023-04-25,BK,43.34000015258789,43.349998474121094,42.459999084472656,42.4900016784668,39.09717559814453,5385700.0
2023-04-26,BK,42.349998474121094,42.790000915527344,41.689998626708984,41.790000915527344,38.45307540893555,4174300.0
2023-04-27,BK,41.709999084472656,42.20000076293945,41.47999954223633,42.0099983215332,39.00081253051758,6731400.0
2023-04-28,BK,41.70000076293945,42.84000015258789,41.65999984741211,42.59000015258789,39.53926467895508,3668000.0
2023-05-01,BK,42.83000183105469,42.9900016784668,42.11000061035156,42.13999938964844,39.12150192260742,4199400.0
2023-05-02,BK,42.08000183105469,42.15999984741211,40.95000076293945,41.61000061035156,38.62946701049805,6363500.0
2023-05-03,BK,41.75,41.9900016784668,40.66999816894531,40.790000915527344,37.86819839477539,4715400.0
2023-05-04,BK,40.4900016784668,40.79999923706055,39.7599983215332,40.08000183105469,37.20906066894531,5724700.0
2023-05-05,BK,40.90999984741211,41.29999923706055,40.540000915527344,41.16999816894531,38.22098159790039,5034100.0
2023-05-08,BK,41.529998779296875,41.70000076293945,41.189998626708984,41.5,38.52734375,3216900.0
2023-05-09,BK,41.2599983215332,41.65999984741211,41.060001373291016,41.540000915527344,38.564476013183594,4023400.0
2023-05-10,BK,41.900001525878906,42.09000015258789,40.75,41.02000045776367,38.08172607421875,3657700.0
2023-05-11,BK,40.61000061035156,40.97999954223633,40.2400016784668,40.68000030517578,37.766075134277344,4660400.0
2023-05-12,BK,41.04999923706055,41.060001373291016,39.810001373291016,40.150001525878906,37.2740478515625,5724100.0
2023-05-15,BK,40.310001373291016,40.900001525878906,40.27000045776367,40.70000076293945,37.78464889526367,3246400.0
2023-05-16,BK,40.380001068115234,40.58000183105469,39.650001525878906,39.66999816894531,36.82843017578125,3409100.0
2023-05-17,BK,40.13999938964844,40.84000015258789,40.04999923706055,40.65999984741211,37.74751281738281,4246300.0
2023-05-18,BK,40.470001220703125,41.119998931884766,40.38999938964844,41.08000183105469,38.137428283691406,4175500.0
2023-05-19,BK,41.380001068115234,41.790000915527344,40.810001373291016,40.88999938964844,37.96104049682617,4661800.0
2023-05-22,BK,41.040000915527344,41.349998474121094,40.790000915527344,41.25,38.295249938964844,3248300.0
2023-05-23,BK,41.25,41.650001525878906,41.060001373291016,41.13999938964844,38.19313430786133,4455100.0
2023-05-24,BK,40.91999816894531,41.0099983215332,40.290000915527344,40.41999816894531,37.52470016479492,3300400.0
2023-05-25,BK,40.25,40.7400016784668,40.09000015258789,40.380001068115234,37.487571716308594,5302800.0
2023-05-26,BK,40.41999816894531,40.9900016784668,40.38999938964844,40.779998779296875,37.85891342163086,3107800.0
2023-05-30,BK,40.79999923706055,40.970001220703125,40.310001373291016,40.689998626708984,37.77536392211914,3877100.0
2023-05-31,BK,40.290000915527344,40.529998779296875,39.900001525878906,40.20000076293945,37.32046127319336,7645900.0
2023-06-01,BK,40.529998779296875,41.529998779296875,40.29999923706055,41.25,38.295249938964844,6258200.0
2023-06-02,BK,41.810001373291016,43.15999984741211,41.689998626708984,42.7400016784668,39.67852020263672,6904800.0
2023-06-05,BK,42.86000061035156,42.93000030517578,42.27000045776367,42.52000045776367,39.474281311035156,4793200.0
2023-06-06,BK,42.58000183105469,43.900001525878906,42.439998626708984,43.40999984741211,40.30052947998047,4823800.0
2023-06-07,BK,43.439998626708984,43.93000030517578,43.20000076293945,43.709999084472656,40.579036712646484,4020800.0
2023-06-08,BK,43.619998931884766,43.880001068115234,43.310001373291016,43.849998474121094,40.70901870727539,4346300.0
2023-06-09,BK,43.97999954223633,44.459999084472656,43.900001525878906,44.43000030517578,41.247459411621094,5022500.0
2023-06-12,BK,44.34000015258789,44.470001220703125,43.34000015258789,43.720001220703125,40.58832550048828,6342000.0
2023-06-13,BK,43.75,44.630001068115234,43.72999954223633,44.13999938964844,40.978240966796875,3892400.0
2023-06-14,BK,44.38999938964844,44.959999084472656,43.86000061035156,44.16999816894531,41.00608825683594,3727600.0
2023-06-15,BK,43.959999084472656,44.880001068115234,43.95000076293945,44.869998931884766,41.65595245361328,3553200.0
2023-06-16,BK,45.0,45.119998931884766,44.34000015258789,44.650001525878906,41.45170211791992,12632000.0
2023-06-20,BK,44.459999084472656,44.5099983215332,43.9900016784668,44.36000061035156,41.1824836730957,4586200.0
2023-06-21,BK,44.41999816894531,44.52000045776367,43.97999954223633,44.0,40.84827423095703,3149300.0
2023-06-22,BK,43.900001525878906,44.0099983215332,43.099998474121094,43.25,40.15198516845703,3668500.0
2023-06-23,BK,42.7400016784668,43.029998779296875,42.439998626708984,42.84000015258789,39.7713623046875,5123900.0
2023-06-26,BK,42.95000076293945,43.439998626708984,42.72999954223633,43.029998779296875,39.9477424621582,3594900.0
2023-06-27,BK,43.06999969482422,43.84000015258789,42.790000915527344,43.84000015258789,40.69972610473633,5966000.0
2023-06-28,BK,43.779998779296875,43.79999923706055,43.2400016784668,43.560001373291016,40.43978500366211,2581100.0
2023-06-29,BK,43.869998931884766,44.209999084472656,43.650001525878906,44.20000076293945,41.033939361572266,3857700.0
2023-06-30,BK,44.63999938964844,44.7400016784668,44.20000076293945,44.52000045776367,41.331024169921875,3402400.0
2023-07-03,BK,44.619998931884766,45.31999969482422,44.58000183105469,45.06999969482422,41.84162139892578,1446500.0
2023-07-05,BK,44.689998626708984,45.119998931884766,44.459999084472656,44.47999954223633,41.293888092041016,3298000.0
2023-07-06,BK,43.810001373291016,43.91999816894531,43.220001220703125,43.81999969482422,40.681156158447266,3372000.0
2023-07-07,BK,43.79999923706055,44.65999984741211,43.720001220703125,44.380001068115234,41.2010498046875,3898500.0
2023-07-10,BK,44.150001525878906,44.630001068115234,43.959999084472656,44.11000061035156,40.95039749145508,3865700.0
2023-07-11,BK,44.52000045776367,44.779998779296875,44.2400016784668,44.650001525878906,41.45170211791992,3825500.0
2023-07-12,BK,45.20000076293945,45.540000915527344,45.0099983215332,45.220001220703125,41.98088073730469,5945100.0
2023-07-13,BK,45.38999938964844,45.66999816894531,45.060001373291016,45.560001373291016,42.29652786254883,4943700.0
2023-07-14,BK,45.68000030517578,45.70000076293945,42.08000183105469,42.529998779296875,39.48356246948242,12803700.0
2023-07-17,BK,42.65999984741211,43.560001373291016,42.58000183105469,43.540000915527344,40.42122268676758,8247600.0
2023-07-18,BK,43.7599983215332,45.83000183105469,43.099998474121094,45.33000183105469,42.0830078125,10867000.0
2023-07-19,BK,45.619998931884766,46.560001373291016,45.27000045776367,45.599998474121094,42.333656311035156,8211100.0
2023-07-20,BK,45.630001068115234,45.83000183105469,45.099998474121094,45.630001068115234,42.36149978637695,6894200.0
2023-07-21,BK,45.65999984741211,45.7400016784668,44.90999984741211,45.0,41.77663803100586,4710900.0
2023-07-24,BK,45.04999923706055,46.130001068115234,45.0,45.5099983215332,42.25010299682617,4043000.0
2023-07-25,BK,45.59000015258789,45.75,44.75,44.79999923706055,41.59096145629883,3634500.0
2023-07-26,BK,45.0,45.93000030517578,44.90999984741211,45.619998931884766,42.35222625732422,4537300.0
2023-07-27,BK,45.31999969482422,45.970001220703125,45.029998779296875,45.13999938964844,42.29600524902344,3690100.0
2023-07-28,BK,45.88999938964844,45.91999816894531,44.720001220703125,44.97999954223633,42.14608383178711,2715100.0
2023-07-31,BK,45.220001220703125,45.529998779296875,45.08000183105469,45.36000061035156,42.50214385986328,2534000.0
2023-08-01,BK,45.209999084472656,45.400001525878906,44.68000030517578,45.15999984741211,42.31475067138672,3401500.0
2023-08-02,BK,44.630001068115234,45.279998779296875,44.40999984741211,45.22999954223633,42.38033676147461,4120000.0
2023-08-03,BK,45.13999938964844,45.77000045776367,44.970001220703125,45.560001373291016,42.689544677734375,5054900.0
2023-08-04,BK,45.5,46.099998474121094,45.27000045776367,45.38999938964844,42.530250549316406,3625900.0
2023-08-07,BK,45.59000015258789,46.5099983215332,45.529998779296875,46.33000183105469,43.411041259765625,4616500.0
2023-08-08,BK,45.27000045776367,45.81999969482422,44.939998626708984,45.720001220703125,42.8394660949707,3903000.0
2023-08-09,BK,45.689998626708984,46.029998779296875,45.2400016784668,45.27000045776367,42.41781997680664,3661900.0
2023-08-10,BK,45.45000076293945,46.0099983215332,45.380001068115234,45.88999938964844,42.998748779296875,3921200.0
2023-08-11,BK,45.619998931884766,46.13999938964844,45.56999969482422,46.0099983215332,43.1111946105957,3630500.0
2023-08-14,BK,45.86000061035156,45.900001525878906,45.11000061035156,45.18000030517578,42.33348083496094,3520300.0
2023-08-15,BK,44.630001068115234,44.93000030517578,44.150001525878906,44.400001525878906,41.60263442993164,3190700.0
2023-08-16,BK,44.2400016784668,44.43000030517578,44.04999923706055,44.119998931884766,41.34027099609375,2514800.0
2023-08-17,BK,44.439998626708984,44.560001373291016,43.91999816894531,44.099998474121094,41.321529388427734,2960500.0
2023-08-18,BK,43.709999084472656,44.290000915527344,43.630001068115234,44.02000045776367,41.24657440185547,2614300.0
2023-08-21,BK,44.0099983215332,44.130001068115234,43.220001220703125,43.7599983215332,41.00294876098633,2943500.0
2023-08-22,BK,43.939998626708984,43.959999084472656,42.77000045776367,42.810001373291016,40.1128044128418,2906600.0
2023-08-23,BK,42.95000076293945,43.59000015258789,42.75,43.529998779296875,40.787445068359375,3070200.0
2023-08-24,BK,43.369998931884766,44.36000061035156,43.369998931884766,43.56999969482422,40.824920654296875,3081200.0
2023-08-25,BK,43.689998626708984,44.0,43.290000915527344,43.72999954223633,40.97484588623047,2951500.0
2023-08-28,BK,43.97999954223633,44.58000183105469,43.959999084472656,44.25,41.46207809448242,1996300.0
2023-08-29,BK,44.369998931884766,44.59000015258789,44.04999923706055,44.34000015258789,41.54640197753906,2571200.0
2023-08-30,BK,44.38999938964844,44.75,44.27000045776367,44.4900016784668,41.68696212768555,2849100.0
2023-08-31,BK,44.66999816894531,44.90999984741211,44.41999816894531,44.869998931884766,42.04301834106445,5077200.0
2023-09-01,BK,45.25,45.7599983215332,45.06999969482422,45.41999816894531,42.55836486816406,5147600.0
2023-09-05,BK,45.400001525878906,45.91999816894531,45.150001525878906,45.20000076293945,42.35222625732422,4542900.0
2023-09-06,BK,45.0,45.2599983215332,44.52000045776367,44.68000030517578,41.864990234375,3895000.0
2023-09-07,BK,44.619998931884766,45.060001373291016,44.619998931884766,44.849998474121094,42.02427673339844,3860500.0
2023-09-08,BK,44.810001373291016,44.959999084472656,44.2599983215332,44.779998779296875,41.95868682861328,5480500.0
2023-09-11,BK,45.25,45.81999969482422,44.7599983215332,44.91999816894531,42.08986282348633,8145300.0
2023-09-12,BK,44.9900016784668,45.810001373291016,44.75,45.380001068115234,42.52088165283203,5926900.0
2023-09-13,BK,45.72999954223633,45.77000045776367,45.029998779296875,45.27000045776367,42.41781997680664,5613400.0
2023-09-14,BK,45.70000076293945,46.2599983215332,45.38999938964844,45.81999969482422,42.933162689208984,4336000.0
2023-09-15,BK,45.41999816894531,45.619998931884766,45.0,45.209999084472656,42.36159133911133,16217200.0
2023-09-18,BK,45.060001373291016,45.099998474121094,44.59000015258789,44.79999923706055,41.9774284362793,3872200.0
2023-09-19,BK,44.810001373291016,44.959999084472656,44.04999923706055,44.119998931884766,41.34027099609375,3372800.0
2023-09-20,BK,44.36000061035156,44.52000045776367,43.650001525878906,43.70000076293945,40.94673156738281,4151400.0
2023-09-21,BK,43.540000915527344,43.68000030517578,43.09000015258789,43.15999984741211,40.44076156616211,3411200.0
2023-09-22,BK,43.20000076293945,43.279998779296875,42.58000183105469,42.70000076293945,40.009735107421875,2981100.0
2023-09-25,BK,42.439998626708984,42.97999954223633,42.29999923706055,42.88999938964844,40.187767028808594,2196500.0
2023-09-26,BK,42.5,42.83000183105469,42.130001068115234,42.25,39.58808898925781,3160400.0
2023-09-27,BK,42.439998626708984,42.5099983215332,41.90999984741211,42.16999816894531,39.51312255859375,3108000.0
2023-09-28,BK,42.16999816894531,42.900001525878906,42.150001525878906,42.68000030517578,39.99099349975586,2793100.0
2023-09-29,BK,43.0,43.369998931884766,42.5,42.650001525878906,39.962890625,3394800.0
2023-10-02,BK,42.59000015258789,42.68000030517578,41.86000061035156,42.06999969482422,39.41942596435547,2738000.0
2023-10-03,BK,41.529998779296875,41.709999084472656,41.18000030517578,41.31999969482422,38.71668243408203,3426300.0
2023-10-04,BK,41.310001373291016,41.43000030517578,40.709999084472656,41.2400016784668,38.641727447509766,3056500.0
2023-10-05,BK,40.93000030517578,41.779998779296875,40.869998931884766,41.689998626708984,39.06336975097656,3936400.0
2023-10-06,BK,41.54999923706055,42.369998931884766,41.15999984741211,42.150001525878906,39.49439239501953,3673100.0
2023-10-09,BK,41.63999938964844,42.130001068115234,41.630001068115234,41.93000030517578,39.288246154785156,3415500.0
2023-10-10,BK,42.16999816894531,42.61000061035156,42.0099983215332,42.29999923706055,39.63493728637695,3103700.0
2023-10-11,BK,42.18000030517578,42.56999969482422,41.91999816894531,42.150001525878906,39.49439239501953,2979300.0
2023-10-12,BK,42.31999969482422,42.33000183105469,40.779998779296875,41.25,38.65108871459961,6274700.0
2023-10-13,BK,41.439998626708984,41.9900016784668,41.029998779296875,41.18000030517578,38.58549499511719,3921000.0
2023-10-16,BK,41.540000915527344,42.099998474121094,41.400001525878906,41.84000015258789,39.203922271728516,4289800.0
2023-10-17,BK,41.0,43.91999816894531,39.65999984741211,43.439998626708984,40.7031135559082,17157700.0
2023-10-18,BK,43.310001373291016,44.11000061035156,43.09000015258789,43.150001525878906,40.43138885498047,6832300.0
2023-10-19,BK,43.25,43.41999816894531,42.11000061035156,42.189998626708984,39.5318603515625,5829300.0
2023-10-20,BK,42.04999923706055,42.25,41.15999984741211,41.65999984741211,39.03525924682617,4388800.0
2023-10-23,BK,41.54999923706055,41.900001525878906,41.36000061035156,41.4900016784668,38.87596893310547,4688200.0
2023-10-24,BK,41.56999969482422,42.380001068115234,41.400001525878906,41.77000045776367,39.138328552246094,3848200.0
2023-10-25,BK,41.59000015258789,42.0,41.279998779296875,41.849998474121094,39.21328353881836,5640300.0
2023-10-26,BK,41.439998626708984,42.529998779296875,41.439998626708984,42.119998931884766,39.866371154785156,5049300.0
2023-10-27,BK,41.97999954223633,42.029998779296875,41.5,41.630001068115234,39.402591705322266,5848600.0
2023-10-30,BK,42.099998474121094,42.54999923706055,41.79999923706055,42.34000015258789,40.07460021972656,3817800.0
2023-10-31,BK,42.31999969482422,42.650001525878906,42.18000030517578,42.5,40.226036071777344,3662000.0
2023-11-01,BK,42.5,43.369998931884766,42.41999816894531,43.16999816894531,40.86018371582031,5906000.0
2023-11-02,BK,43.599998474121094,44.349998474121094,43.459999084472656,44.2400016784668,41.87294387817383,7494400.0
2023-11-03,BK,44.90999984741211,45.529998779296875,44.720001220703125,45.25,42.82889938354492,4432800.0
2023-11-06,BK,45.31999969482422,45.41999816894531,44.54999923706055,44.9900016784668,42.58281326293945,4017700.0
2023-11-07,BK,44.689998626708984,45.209999084472656,44.560001373291016,44.59000015258789,42.204219818115234,3717600.0
2023-11-08,BK,44.72999954223633,45.09000015258789,44.31999969482422,44.970001220703125,42.56388473510742,4320900.0
2023-11-09,BK,45.41999816894531,46.0099983215332,44.93000030517578,45.040000915527344,42.6301383972168,6671300.0
2023-11-10,BK,45.31999969482422,45.720001220703125,45.130001068115234,45.65999984741211,43.21696090698242,3596900.0
2023-11-13,BK,45.31999969482422,45.650001525878906,45.220001220703125,45.400001525878906,42.970882415771484,2005200.0
2023-11-14,BK,46.0,46.869998931884766,46.0,46.45000076293945,43.964698791503906,7886300.0
2023-11-15,BK,46.56999969482422,47.150001525878906,46.54999923706055,46.56999969482422,44.078277587890625,8012600.0
2023-11-16,BK,46.54999923706055,46.869998931884766,46.040000915527344,46.47999954223633,43.99309158325195,3904100.0
2023-11-17,BK,46.970001220703125,47.20000076293945,46.68000030517578,47.20000076293945,44.67456817626953,5925000.0
2023-11-20,BK,47.2400016784668,47.38999938964844,46.7599983215332,47.119998931884766,44.598846435546875,4790100.0
2023-11-21,BK,47.09000015258789,47.369998931884766,46.900001525878906,46.93000030517578,44.41901397705078,9193200.0
2023-11-22,BK,47.0099983215332,47.310001373291016,46.709999084472656,47.220001220703125,44.6934928894043,2850900.0
2023-11-24,BK,47.25,47.470001220703125,47.040000915527344,47.349998474121094,44.81654357910156,1552200.0
2023-11-27,BK,47.119998931884766,47.220001220703125,46.810001373291016,47.0,44.48527145385742,4074500.0
2023-11-28,BK,47.02000045776367,47.400001525878906,46.810001373291016,47.099998474121094,44.57991409301758,3977000.0
2023-11-29,BK,47.27000045776367,47.880001068115234,47.22999954223633,47.54999923706055,45.00584411621094,2818500.0
2023-11-30,BK,47.720001220703125,48.369998931884766,47.439998626708984,48.31999969482422,45.734642028808594,6043900.0
2023-12-01,BK,48.22999954223633,48.97999954223633,48.04999923706055,48.709999084472656,46.10377502441406,3274200.0
2023-12-04,BK,48.29999923706055,48.970001220703125,48.13999938964844,48.68000030517578,46.07537841796875,3668400.0
2023-12-05,BK,48.58000183105469,48.72999954223633,48.06999969482422,48.43000030517578,45.83876037597656,2862000.0
2023-12-06,BK,48.689998626708984,49.34000015258789,47.47999954223633,47.52000045776367,44.97744369506836,6061500.0
2023-12-07,BK,47.790000915527344,48.439998626708984,47.599998474121094,48.43000030517578,45.83876037597656,4773100.0
2023-12-08,BK,48.5,49.2400016784668,48.34000015258789,49.060001373291016,46.4350471496582,3668800.0
2023-12-11,BK,49.150001525878906,49.7400016784668,49.150001525878906,49.54999923706055,46.898826599121094,4174400.0
2023-12-12,BK,49.540000915527344,50.13999938964844,49.47999954223633,49.90999984741211,47.239566802978516,3382200.0
2023-12-13,BK,49.95000076293945,50.959999084472656,49.72999954223633,50.95000076293945,48.22392272949219,5107400.0
2023-12-14,BK,51.47999954223633,51.9900016784668,51.31999969482422,51.619998931884766,48.858070373535156,7383100.0
2023-12-15,BK,51.290000915527344,51.7400016784668,51.099998474121094,51.630001068115234,48.8675422668457,8085700.0
2023-12-18,BK,52.04999923706055,52.08000183105469,51.31999969482422,51.43000030517578,48.67824172973633,4751200.0
2023-12-19,BK,51.40999984741211,51.790000915527344,51.119998931884766,51.709999084472656,48.943260192871094,3933700.0
2023-12-20,BK,51.5099983215332,51.93000030517578,50.869998931884766,50.900001525878906,48.176597595214844,3440800.0
2023-12-21,BK,51.04999923706055,51.47999954223633,50.900001525878906,51.400001525878906,48.64984130859375,3020200.0
2023-12-22,BK,51.59000015258789,51.880001068115234,51.33000183105469,51.470001220703125,48.71610641479492,2484600.0
2023-12-26,BK,51.439998626708984,51.97999954223633,51.349998474121094,51.970001220703125,49.18934631347656,1497700.0
2023-12-27,BK,51.939998626708984,52.13999938964844,51.65999984741211,52.06999969482422,49.283992767333984,1651300.0
2023-12-28,BK,52.0099983215332,52.31999969482422,52.0099983215332,52.220001220703125,49.42597198486328,1783300.0
2023-12-29,BK,52.20000076293945,52.29999923706055,51.880001068115234,52.04999923706055,49.26506805419922,1853100.0
2024-01-02,BK,52.0,52.58000183105469,51.939998626708984,52.380001068115234,49.57740783691406,2778600.0
2024-01-03,BK,52.439998626708984,52.5,51.790000915527344,51.79999923706055,49.028446197509766,3172900.0
2024-01-04,BK,51.97999954223633,52.540000915527344,51.869998931884766,52.0099983215332,49.227210998535156,3868300.0
2024-01-05,BK,51.86000061035156,52.7599983215332,51.86000061035156,52.38999938964844,49.58687210083008,2778800.0
2024-01-08,BK,52.400001525878906,52.779998779296875,52.09000015258789,52.70000076293945,49.880287170410156,3496300.0
2024-01-09,BK,52.52000045776367,53.18000030517578,52.349998474121094,52.95000076293945,50.116912841796875,4932300.0
2024-01-10,BK,52.779998779296875,52.93000030517578,52.41999816894531,52.72999954223633,49.90869140625,4502600.0
2024-01-11,BK,52.4900016784668,52.810001373291016,52.209999084472656,52.72999954223633,49.90869140625,6656200.0
2024-01-12,BK,55.0,55.279998779296875,54.060001373291016,54.849998474121094,51.91524887084961,8419300.0
2024-01-16,BK,55.0,55.470001220703125,54.58000183105469,55.38999938964844,52.426361083984375,7344500.0
2024-01-17,BK,54.84000015258789,55.31999969482422,54.619998931884766,54.86000061035156,51.924720764160156,5553100.0
2024-01-18,BK,54.849998474121094,54.97999954223633,53.9900016784668,54.63999938964844,51.71648406982422,3682200.0
2024-01-19,BK,54.529998779296875,55.189998626708984,54.279998779296875,55.040000915527344,52.49863052368164,7173800.0
2024-01-22,BK,55.11000061035156,55.560001373291016,54.7400016784668,54.83000183105469,52.2983283996582,5682700.0
2024-01-23,BK,54.599998474121094,55.0099983215332,54.5,54.810001373291016,52.27924728393555,3234500.0
2024-01-24,BK,54.95000076293945,55.310001373291016,54.72999954223633,54.90999984741211,52.37462615966797,3884500.0
2024-01-25,BK,55.13999938964844,55.560001373291016,54.86000061035156,55.34000015258789,52.78477478027344,5024700.0
2024-01-26,BK,55.459999084472656,55.83000183105469,55.130001068115234,55.33000183105469,52.775238037109375,3115500.0
2024-01-29,BK,55.15999984741211,55.939998626708984,55.13999938964844,55.900001525878906,53.31892395019531,5418900.0
2024-01-30,BK,56.15999984741211,56.25,55.720001220703125,56.040000915527344,53.452457427978516,3817200.0
2024-01-31,BK,55.880001068115234,56.43000030517578,55.45000076293945,55.459999084472656,52.89923858642578,3993400.0
2024-02-01,BK,55.5,55.83000183105469,54.68000030517578,55.5,52.93738555908203,3594600.0
2024-02-02,BK,55.4900016784668,56.130001068115234,55.43000030517578,55.630001068115234,53.06138610839844,4148500.0
2024-02-05,BK,55.27000045776367,55.369998931884766,54.779998779296875,55.0099983215332,52.47001647949219,4354400.0
2024-02-06,BK,54.900001525878906,55.33000183105469,54.88999938964844,55.060001373291016,52.5177001953125,3844200.0
2024-02-07,BK,55.130001068115234,55.45000076293945,54.65999984741211,55.27000045776367,52.71800231933594,3391000.0
2024-02-08,BK,55.06999969482422,55.400001525878906,54.66999816894531,55.11000061035156,52.56539535522461,2901300.0
2024-02-09,BK,55.0099983215332,55.36000061035156,54.83000183105469,55.220001220703125,52.670318603515625,2625600.0
2024-02-12,BK,55.119998931884766,56.04999923706055,55.040000915527344,55.619998931884766,53.05184555053711,4404100.0
2024-02-13,BK,55.0099983215332,55.13999938964844,53.400001525878906,53.88999938964844,51.40172576904297,3888800.0
2024-02-14,BK,54.38999938964844,54.61000061035156,54.189998626708984,54.47999954223633,51.964481353759766,3624500.0
2024-02-15,BK,54.790000915527344,55.41999816894531,54.720001220703125,55.290000915527344,52.737083435058594,3641500.0
2024-02-16,BK,55.209999084472656,55.689998626708984,54.779998779296875,55.150001525878906,52.603546142578125,3057600.0
2024-02-20,BK,54.040000915527344,55.189998626708984,54.029998779296875,54.869998931884766,52.33647918701172,4865800.0
2024-02-21,BK,54.970001220703125,55.29999923706055,54.630001068115234,55.119998931884766,52.57492446899414,3154300.0
2024-02-22,BK,55.310001373291016,55.630001068115234,55.040000915527344,55.36000061035156,52.80384826660156,3041400.0
2024-02-23,BK,55.599998474121094,56.060001373291016,55.33000183105469,55.63999938964844,53.0709228515625,3745200.0
2024-02-26,BK,55.33000183105469,56.18000030517578,55.189998626708984,55.279998779296875,52.72754669189453,3677700.0
2024-02-27,BK,55.29999923706055,55.59000015258789,55.16999816894531,55.54999923706055,52.985076904296875,2530300.0
2024-02-28,BK,55.540000915527344,56.11000061035156,55.380001068115234,55.63999938964844,53.0709228515625,3186500.0
2024-02-29,BK,55.88999938964844,56.25,55.630001068115234,56.09000015258789,53.50014877319336,7158700.0
2024-03-01,BK,55.939998626708984,56.20000076293945,55.27000045776367,55.4900016784668,52.927852630615234,2833500.0
2024-03-04,BK,55.15999984741211,56.209999084472656,55.15999984741211,55.4900016784668,52.927852630615234,3890200.0
2024-03-05,BK,55.400001525878906,56.36000061035156,55.34000015258789,55.88999938964844,53.309383392333984,3945400.0
2024-03-06,BK,55.81999969482422,55.939998626708984,55.0,55.779998779296875,53.2044563293457,4466900.0
2024-03-07,BK,55.880001068115234,56.11000061035156,55.5,55.72999954223633,53.156768798828125,2745800.0
2024-03-08,BK,55.779998779296875,56.15999984741211,55.43000030517578,55.470001220703125,52.908782958984375,3290100.0
2024-03-11,BK,55.040000915527344,55.88999938964844,54.880001068115234,55.61000061035156,53.04231262207031,3013000.0
2024-03-12,BK,55.75,55.81999969482422,54.95000076293945,55.119998931884766,52.57492446899414,3223600.0
2024-03-13,BK,55.2400016784668,55.56999969482422,55.040000915527344,55.279998779296875,52.72754669189453,4519600.0
2024-03-14,BK,55.04999923706055,55.290000915527344,54.220001220703125,54.45000076293945,51.93587112426758,5194300.0
2024-03-15,BK,53.91999816894531,54.650001525878906,53.869998931884766,54.40999984741211,51.89772033691406,8966900.0
2024-03-18,BK,54.56999969482422,54.95000076293945,54.209999084472656,54.939998626708984,52.40324020385742,3178700.0
2024-03-19,BK,54.9900016784668,55.290000915527344,54.869998931884766,55.2400016784668,52.68939208984375,3589200.0
2024-03-20,BK,55.13999938964844,56.220001220703125,54.95000076293945,56.150001525878906,53.557376861572266,2352700.0
2024-03-21,BK,56.4900016784668,57.349998474121094,56.38999938964844,57.279998779296875,54.635196685791016,3447300.0
2024-03-22,BK,57.290000915527344,57.45000076293945,56.40999984741211,56.470001220703125,53.862606048583984,2769100.0
2024-03-25,BK,56.560001373291016,57.08000183105469,56.41999816894531,56.540000915527344,53.92936706542969,2862900.0
2024-03-26,BK,56.599998474121094,56.9900016784668,56.470001220703125,56.61000061035156,53.99613571166992,2607600.0
2024-03-27,BK,56.900001525878906,57.22999954223633,56.459999084472656,56.93000030517578,54.30136489868164,3021700.0
2024-03-28,BK,57.11000061035156,57.88999938964844,57.04999923706055,57.619998931884766,54.959503173828125,3116300.0
2024-04-01,BK,57.459999084472656,57.52000045776367,56.7599983215332,56.959999084472656,54.32997512817383,2450000.0
2024-04-02,BK,56.97999954223633,57.34000015258789,56.849998474121094,57.04999923706055,54.41582107543945,2766600.0
2024-04-03,BK,57.0,57.720001220703125,57.0,57.65999984741211,54.99765396118164,3289600.0
2024-04-04,BK,58.0,58.279998779296875,56.689998626708984,56.77000045776367,54.14874267578125,2465300.0
2024-04-05,BK,56.63999938964844,56.959999084472656,56.06999969482422,56.7400016784668,54.12013244628906,3671100.0
2024-04-08,BK,56.970001220703125,57.33000183105469,56.689998626708984,57.02000045776367,54.38720703125,3564700.0
2024-04-09,BK,57.2400016784668,57.41999816894531,56.36000061035156,57.20000076293945,54.55889129638672,2759800.0
2024-04-10,BK,56.5,56.72999954223633,55.52000045776367,55.68000030517578,53.10907745361328,3432000.0
2024-04-11,BK,55.59000015258789,55.720001220703125,54.68000030517578,55.369998931884766,52.81338882446289,3396500.0
2024-04-12,BK,55.209999084472656,55.97999954223633,54.65999984741211,55.04999923706055,52.5081672668457,4933900.0
2024-04-15,BK,55.810001373291016,56.06999969482422,54.56999969482422,55.09000015258789,52.54631423950195,6132700.0
2024-04-16,BK,55.369998931884766,55.689998626708984,52.63999938964844,54.0,51.50665283203125,8232800.0
2024-04-17,BK,54.13999938964844,54.97999954223633,54.09000015258789,54.459999084472656,51.945404052734375,4513900.0
2024-04-18,BK,54.880001068115234,55.540000915527344,54.7599983215332,55.25,52.69893264770508,3473900.0
2024-04-19,BK,55.41999816894531,56.40999984741211,55.41999816894531,56.290000915527344,53.69091033935547,4420700.0
2024-04-22,BK,56.720001220703125,57.470001220703125,56.31999969482422,57.15999984741211,54.5207405090332,2936300.0
2024-04-23,BK,57.13999938964844,57.84000015258789,57.09000015258789,57.439998626708984,54.787811279296875,2861400.0
2024-04-24,BK,57.029998779296875,58.0099983215332,56.9900016784668,57.95000076293945,55.274269104003906,3226000.0
2024-04-25,BK,57.29999923706055,57.689998626708984,56.7599983215332,57.18000030517578,54.93798828125,3254100.0
2024-04-26,BK,57.25,57.70000076293945,57.08000183105469,57.31999969482422,55.0724983215332,2058000.0
2024-04-29,BK,57.38999938964844,57.81999969482422,57.08000183105469,57.33000183105469,55.08211135864258,2638500.0
2024-04-30,BK,57.189998626708984,57.29999923706055,56.459999084472656,56.4900016784668,54.27504348754883,3530000.0
2024-05-01,BK,56.529998779296875,56.93000030517578,56.08000183105469,56.459999084472656,54.246219635009766,4054000.0
2024-05-02,BK,56.91999816894531,57.16999816894531,56.310001373291016,56.599998474121094,54.38072967529297,3187600.0
2024-05-03,BK,56.90999984741211,57.209999084472656,56.47999954223633,57.0,54.76504898071289,2214000.0
2024-05-06,BK,57.5,57.599998474121094,56.97999954223633,57.47999954223633,55.226226806640625,2403000.0
2024-05-07,BK,57.41999816894531,57.970001220703125,57.36000061035156,57.400001525878906,55.14936065673828,2820100.0
2024-05-08,BK,57.22999954223633,57.75,57.119998931884766,57.5099983215332,55.255043029785156,2939800.0
2024-05-09,BK,57.31999969482422,58.52000045776367,57.31999969482422,58.349998474121094,56.062110900878906,3793600.0
2024-05-10,BK,58.540000915527344,58.7400016784668,58.33000183105469,58.439998626708984,56.148582458496094,3255500.0
2024-05-13,BK,58.61000061035156,58.75,57.84000015258789,57.849998474121094,55.58171463012695,2144300.0
2024-05-14,BK,57.900001525878906,58.45000076293945,57.810001373291016,58.349998474121094,56.062110900878906,2878900.0
2024-05-15,BK,58.630001068115234,58.939998626708984,58.400001525878906,58.79999923706055,56.49446487426758,2710800.0
2024-05-16,BK,58.79999923706055,59.220001220703125,58.75,58.77000045776367,56.46564483642578,2604200.0
2024-05-17,BK,59.060001373291016,59.54999923706055,58.689998626708984,59.5,57.167015075683594,2903200.0
2024-05-20,BK,59.52000045776367,59.70000076293945,58.77000045776367,58.95000076293945,56.63859176635742,1928000.0
2024-05-21,BK,58.91999816894531,59.16999816894531,58.689998626708984,59.08000183105469,56.763484954833984,2557900.0
2024-05-22,BK,58.86000061035156,59.16999816894531,58.47999954223633,58.970001220703125,56.65780258178711,3219900.0
2024-05-23,BK,58.9900016784668,58.9900016784668,58.11000061035156,58.33000183105469,56.04290008544922,2554900.0
2024-05-24,BK,58.56999969482422,59.13999938964844,58.5099983215332,59.09000015258789,56.773094177246094,2098300.0
2024-05-28,BK,58.97999954223633,59.150001525878906,58.13999938964844,58.2400016784668,55.9564208984375,2402300.0
2024-05-29,BK,57.650001525878906,57.97999954223633,57.2599983215332,57.7599983215332,55.49524688720703,2873500.0
2024-05-30,BK,57.939998626708984,58.83000183105469,57.79999923706055,58.41999816894531,56.129364013671875,4526400.0
2024-05-31,BK,58.5,59.689998626708984,58.380001068115234,59.61000061035156,57.27271270751953,5168600.0
2024-06-03,BK,59.59000015258789,59.63999938964844,58.77000045776367,59.56999969482422,57.23427200317383,2427200.0
2024-06-04,BK,59.099998474121094,59.38999938964844,58.400001525878906,58.869998931884766,56.56172180175781,2646100.0
2024-06-05,BK,59.04999923706055,59.150001525878906,58.52000045776367,58.88999938964844,56.580936431884766,2282900.0
2024-06-06,BK,58.880001068115234,59.93000030517578,58.439998626708984,59.90999984741211,57.56094741821289,3822300.0
2024-06-07,BK,59.630001068115234,60.66999816894531,59.58000183105469,60.310001373291016,57.94525909423828,3317200.0
2024-06-10,BK,59.91999816894531,60.869998931884766,59.79999923706055,60.7400016784668,58.3583984375,3844200.0
2024-06-11,BK,60.369998931884766,60.81999969482422,58.599998474121094,58.7599983215332,56.45603561401367,3446000.0
2024-06-12,BK,59.58000183105469,59.720001220703125,58.349998474121094,58.61000061035156,56.31191635131836,3105400.0
2024-06-13,BK,58.380001068115234,58.59000015258789,57.709999084472656,58.5,56.20623016357422,2634400.0
2024-06-14,BK,58.0099983215332,58.400001525878906,57.75,58.02000045776367,55.745052337646484,2329800.0
2024-06-17,BK,57.81999969482422,58.220001220703125,57.18000030517578,58.16999816894531,55.8891716003418,3062000.0
2024-06-18,BK,58.15999984741211,58.70000076293945,57.790000915527344,58.68000030517578,56.379173278808594,3376900.0
2024-06-20,BK,58.540000915527344,59.130001068115234,58.5099983215332,58.84000015258789,56.532894134521484,2781300.0
2024-06-21,BK,58.83000183105469,58.95000076293945,58.40999984741211,58.81999969482422,56.513675689697266,12312100.0
2024-06-24,BK,58.9900016784668,59.83000183105469,58.880001068115234,59.47999954223633,57.14780044555664,2929300.0
2024-06-25,BK,59.09000015258789,59.25,58.61000061035156,58.790000915527344,56.484859466552734,2009300.0
2024-06-26,BK,58.47999954223633,58.810001373291016,58.189998626708984,58.66999816894531,56.36956024169922,4274000.0
2024-06-27,BK,59.56999969482422,59.709999084472656,59.0,59.540000915527344,57.20545196533203,3901100.0
2024-06-28,BK,59.77000045776367,60.06999969482422,59.459999084472656,59.88999938964844,57.54172897338867,5915000.0
2024-07-01,BK,60.4900016784668,60.560001373291016,59.779998779296875,60.11000061035156,57.75310134887695,2637400.0
2024-07-02,BK,59.9900016784668,60.529998779296875,59.88999938964844,60.5,58.127803802490234,3034900.0
2024-07-03,BK,60.7400016784668,60.90999984741211,60.290000915527344,60.470001220703125,58.09898376464844,1528600.0
2024-07-05,BK,60.38999938964844,60.38999938964844,59.65999984741211,59.880001068115234,57.53212356567383,2225000.0
2024-07-08,BK,60.040000915527344,60.18000030517578,59.189998626708984,59.540000915527344,57.20545196533203,3977500.0
2024-07-09,BK,59.619998931884766,60.63999938964844,59.40999984741211,60.209999084472656,57.84918212890625,3870800.0
2024-07-10,BK,60.20000076293945,60.7400016784668,60.02000045776367,60.70000076293945,58.31997299194336,3097100.0
2024-07-11,BK,60.720001220703125,61.54999923706055,60.470001220703125,61.470001220703125,59.05978012084961,4172200.0
2024-07-12,BK,63.130001068115234,64.93000030517578,62.630001068115234,64.69000244140625,62.15351867675781,9394500.0
2024-07-15,BK,64.6500015258789,65.91000366210938,64.6500015258789,65.70999908447266,63.13352966308594,6332600.0
2024-07-16,BK,65.55000305175781,65.9000015258789,64.79000091552734,65.0199966430664,62.470584869384766,5198300.0
2024-07-17,BK,65.22000122070312,65.66000366210938,63.90999984741211,64.08999633789062,61.57704544067383,7343000.0
2024-07-18,BK,64.0,64.4000015258789,62.75,63.47999954223633,60.990966796875,6165400.0
2024-07-19,BK,63.779998779296875,63.779998779296875,62.65999984741211,62.689998626708984,60.231937408447266,3569400.0
2024-07-22,BK,62.36000061035156,63.290000915527344,62.08000183105469,63.2599983215332,61.238704681396484,4426900.0
2024-07-23,BK,63.29999923706055,64.91999816894531,63.290000915527344,63.630001068115234,61.596893310546875,6740900.0
2024-07-24,BK,63.779998779296875,64.62999725341797,63.56999969482422,63.900001525878906,61.8582649230957,4727900.0
2024-07-25,BK,64.08000183105469,65.33000183105469,63.93000030517578,64.80999755859375,62.73918533325195,4124700.0
2024-07-26,BK,65.05999755859375,65.86000061035156,64.93000030517578,65.3499984741211,63.26192855834961,3898700.0
2024-07-29,BK,65.25,65.43000030517578,64.33000183105469,64.58999633789062,62.52621078491211,3089700.0
2024-07-30,BK,65.01000213623047,65.62999725341797,64.86000061035156,65.23999786376953,63.15543746948242,3208700.0
2024-07-31,BK,65.55000305175781,65.61000061035156,64.77999877929688,65.06999969482422,62.990875244140625,4972500.0
2024-08-01,BK,65.23999786376953,65.4800033569336,64.12999725341797,64.63999938964844,62.57461166381836,4958600.0
2024-08-02,BK,63.849998474121094,64.66000366210938,62.63999938964844,63.119998931884766,61.10318374633789,6162200.0
2024-08-05,BK,61.599998474121094,62.2400016784668,60.93000030517578,61.41999816894531,59.45750045776367,5604800.0
2024-08-06,BK,61.45000076293945,62.970001220703125,61.25,62.189998626708984,60.20289993286133,3628800.0
2024-08-07,BK,63.119998931884766,63.529998779296875,61.54999923706055,61.70000076293945,59.728553771972656,3704800.0
2024-08-08,BK,62.130001068115234,63.70000076293945,61.880001068115234,63.40999984741211,61.383914947509766,3698600.0
2024-08-09,BK,63.369998931884766,63.810001373291016,63.22999954223633,63.779998779296875,61.742095947265625,3460600.0
2024-08-12,BK,63.869998931884766,64.26000213623047,63.119998931884766,63.27000045776367,61.248390197753906,3803700.0
2024-08-13,BK,63.599998474121094,63.630001068115234,62.83000183105469,63.54999923706055,61.51944351196289,2355700.0
2024-08-14,BK,63.61000061035156,64.37999725341797,63.5,64.11000061035156,62.061553955078125,2791100.0
2024-08-15,BK,64.7699966430664,65.26000213623047,64.5,64.9800033569336,62.90375900268555,3811100.0
2024-08-16,BK,65.05000305175781,65.7300033569336,65.02999877929688,65.61000061035156,63.51362228393555,7017900.0
2024-08-19,BK,65.63999938964844,65.93000030517578,65.3499984741211,65.73999786376953,63.639461517333984,2309600.0
2024-08-20,BK,65.76000213623047,65.76000213623047,65.11000061035156,65.33999633789062,63.25225067138672,2478600.0
2024-08-21,BK,65.45999908447266,65.58000183105469,65.01000213623047,65.23999786376953,63.15543746948242,3026300.0
2024-08-22,BK,65.4000015258789,65.97000122070312,65.23999786376953,65.48999786376953,63.3974494934082,3126700.0
2024-08-23,BK,65.79000091552734,66.52999877929688,65.5,66.4000015258789,64.27838134765625,2747200.0
2024-08-26,BK,66.5999984741211,67.31999969482422,66.44999694824219,67.0,64.85920715332031,2440600.0
2024-08-27,BK,66.98999786376953,67.62000274658203,66.91000366210938,67.20999908447266,65.06249237060547,2541900.0
2024-08-28,BK,66.97000122070312,67.73999786376953,66.70999908447266,67.0,64.85920715332031,3393700.0
2024-08-29,BK,67.26000213623047,67.66000366210938,66.7699966430664,67.25,65.10122680664062,2485600.0
2024-08-30,BK,67.33999633789062,68.37000274658203,67.12000274658203,68.22000122070312,66.04023742675781,4352000.0
2024-09-03,BK,67.8499984741211,68.30999755859375,67.56999969482422,67.88999938964844,65.72077178955078,3259200.0
2024-09-04,BK,68.23999786376953,68.54000091552734,67.58000183105469,67.73999786376953,65.5755615234375,2942700.0
2024-09-05,BK,68.26000213623047,68.48999786376953,67.4000015258789,68.0,65.82726287841797,3850100.0
2024-09-06,BK,68.1500015258789,68.5999984741211,66.22000122070312,66.41000366210938,64.28807067871094,4114900.0
2024-09-09,BK,67.0199966430664,68.27999877929688,66.94000244140625,67.72000122070312,65.55620574951172,4495600.0
2024-09-10,BK,67.94000244140625,67.94000244140625,66.02999877929688,67.51000213623047,65.35291290283203,4946200.0
2024-09-11,BK,67.2300033569336,68.18000030517578,66.01000213623047,68.0999984741211,65.92405700683594,4167500.0
2024-09-12,BK,68.25,69.0999984741211,68.01000213623047,69.0199966430664,66.81465911865234,4084000.0
2024-09-13,BK,69.36000061035156,69.73999786376953,68.5199966430664,68.69999694824219,66.50489044189453,3617500.0
2024-09-16,BK,69.0,70.61000061035156,69.0,70.52999877929688,68.27641296386719,3409800.0
2024-09-17,BK,70.44999694824219,70.91999816894531,70.25,70.80999755859375,68.54747009277344,3263300.0
2024-09-18,BK,70.72000122070312,71.80000305175781,70.36000061035156,71.04000091552734,68.77012634277344,2974900.0
2024-09-19,BK,71.5,71.91999816894531,70.5999984741211,71.72000122070312,69.42839813232422,3701300.0
2024-09-20,BK,71.48999786376953,71.95999908447266,71.18000030517578,71.81999969482422,69.52519989013672,8684500.0
2024-09-23,BK,72.87000274658203,73.19000244140625,72.08000183105469,72.13999938964844,69.83497619628906,3635100.0
2024-09-24,BK,71.75,72.2300033569336,71.37000274658203,71.81999969482422,69.52519989013672,3583200.0
2024-09-25,BK,72.12999725341797,72.4000015258789,71.87000274658203,72.16999816894531,69.86400604248047,3725400.0
2024-09-26,BK,72.27999877929688,72.30000305175781,71.48999786376953,71.5,69.21541595458984,4790400.0
2024-09-27,BK,71.66999816894531,72.27999877929688,71.30999755859375,71.69999694824219,69.4090347290039,3311600.0
2024-09-30,BK,71.3499984741211,72.0,70.86000061035156,71.86000061035156,69.56391906738281,5564900.0
2024-10-01,BK,71.68000030517578,71.73999786376953,70.8499984741211,71.11000061035156,68.837890625,5149800.0
2024-10-02,BK,71.04000091552734,71.45999908447266,70.5199966430664,70.94999694824219,68.68299865722656,5251700.0
2024-10-03,BK,70.87999725341797,71.01000213623047,70.41000366210938,70.81999969482422,68.5571517944336,3074300.0
2024-10-04,BK,71.54000091552734,72.02999877929688,71.0999984741211,71.9800033569336,69.68008422851562,2361400.0
2024-10-07,BK,72.0,72.7300033569336,71.83999633789062,72.44000244140625,70.1253890991211,3084100.0
2024-10-08,BK,72.69000244140625,73.3499984741211,72.66000366210938,73.19999694824219,70.8611068725586,3788800.0
2024-10-09,BK,73.37999725341797,74.19999694824219,73.26000213623047,74.0199966430664,71.65489959716797,3820500.0
2024-10-10,BK,73.7699966430664,74.47000122070312,73.66000366210938,74.44999694824219,72.07115936279297,4036800.0
2024-10-11,BK,75.22000122070312,76.1500015258789,72.76000213623047,74.1500015258789,71.78074645996094,10109200.0
2024-10-14,BK,74.7699966430664,76.61000061035156,74.44999694824219,76.51000213623047,74.06535339355469,5628700.0
2024-10-15,BK,77.0,77.66999816894531,76.1500015258789,76.2300033569336,73.7942886352539,6490800.0
2024-10-16,BK,76.30999755859375,77.47000122070312,76.05000305175781,77.30000305175781,74.83010864257812,3340200.0
2024-10-17,BK,77.70999908447266,78.02999877929688,77.37999725341797,77.75,75.2657241821289,3111500.0
2024-10-18,BK,77.73999786376953,77.75,76.5,76.66999816894531,74.22022247314453,4827700.0
2024-10-21,BK,76.19999694824219,76.29000091552734,75.62999725341797,75.87999725341797,73.90853881835938,2306200.0
2024-10-22,BK,75.66000366210938,76.08000183105469,75.43000030517578,75.91000366210938,73.93777465820312,3114700.0
2024-10-23,BK,75.80000305175781,76.4000015258789,75.69000244140625,76.37000274658203,74.38582611083984,4645900.0
2024-10-24,BK,76.5,76.7300033569336,76.0999984741211,76.5,74.51243591308594,2823100.0
2024-10-25,BK,76.47000122070312,76.5999984741211,75.16000366210938,75.19999694824219,73.2462158203125,2727500.0
2024-10-28,BK,75.72000122070312,76.9800033569336,75.55000305175781,76.51000213623047,74.52217864990234,3847700.0
2024-10-29,BK,76.51000213623047,77.08999633789062,76.41000366210938,76.55999755859375,74.57086944580078,2390200.0
2024-10-30,BK,76.5,76.94999694824219,75.70999908447266,75.93000030517578,73.95724487304688,4104000.0
2024-10-31,BK,75.91999816894531,76.20999908447266,75.02999877929688,75.36000061035156,73.40206146240234,3508300.0
2024-11-01,BK,75.45999908447266,76.33999633789062,75.27999877929688,75.30999755859375,73.35334014892578,3339500.0
2024-11-04,BK,75.3499984741211,75.62000274658203,74.30000305175781,75.0,73.05140686035156,3994800.0
2024-11-05,BK,75.16000366210938,76.20999908447266,75.0999984741211,76.01000213623047,74.03516387939453,2583300.0
2024-11-06,BK,80.22000122070312,80.29000091552734,77.77999877929688,78.19999694824219,76.16826629638672,6241000.0
2024-11-07,BK,77.8499984741211,78.19000244140625,77.26000213623047,77.69000244140625,75.67152404785156,3731400.0
2024-11-08,BK,78.0,78.13999938964844,77.05999755859375,77.05999755859375,75.0578842163086,3176400.0
2024-11-11,BK,77.98999786376953,79.12999725341797,77.81999969482422,78.68000030517578,76.63579559326172,3201400.0
2024-11-12,BK,78.5199966430664,78.81999969482422,77.86000061035156,77.94999694824219,75.92475891113281,3462000.0
2024-11-13,BK,78.12000274658203,78.75,77.5,77.61000061035156,75.59359741210938,5321500.0
2024-11-14,BK,77.79000091552734,78.30999755859375,77.41999816894531,77.56999969482422,75.55462646484375,4220300.0
2024-11-15,BK,77.48999786376953,78.43000030517578,77.48999786376953,78.29000091552734,76.25592803955078,4211800.0
2024-11-18,BK,78.11000061035156,78.68000030517578,77.87000274658203,78.6500015258789,76.60658264160156,2638900.0
2024-11-19,BK,77.80999755859375,78.44000244140625,77.58999633789062,77.61000061035156,75.59359741210938,2168300.0
2024-11-20,BK,77.9000015258789,77.97000122070312,77.12999725341797,77.87000274658203,75.84684753417969,3482600.0
2024-11-21,BK,78.5,79.19999694824219,78.11000061035156,78.87999725341797,76.83060455322266,2844200.0
2024-11-22,BK,79.0199966430664,80.2300033569336,78.95999908447266,80.13999938964844,78.05786895751953,2757900.0
2024-11-25,BK,80.5,81.62000274658203,80.36000061035156,81.22000122070312,79.10980224609375,5329200.0
2024-11-26,BK,80.91000366210938,81.4000015258789,80.26000213623047,81.2699966430664,79.15850830078125,3239900.0
2024-11-27,BK,81.48999786376953,82.08000183105469,81.23999786376953,81.73999786376953,79.61629486083984,2823700.0
2024-11-29,BK,82.1500015258789,82.72000122070312,81.87000274658203,81.87000274658203,79.742919921875,2180300.0
2024-12-02,BK,82.0999984741211,82.25,80.94999694824219,81.11000061035156,79.0026626586914,2840900.0
2024-12-03,BK,81.87000274658203,82.08000183105469,80.80999755859375,80.8499984741211,78.74942016601562,2952300.0
2024-12-04,BK,80.7699966430664,80.98999786376953,79.9000015258789,80.19000244140625,78.1065673828125,2761200.0
2024-12-05,BK,80.2699966430664,82.18000030517578,80.19999694824219,81.48999786376953,79.37278747558594,3635900.0
2024-12-06,BK,81.33000183105469,81.69000244140625,80.06999969482422,80.51000213623047,78.41825103759766,2509600.0
2024-12-09,BK,81.37000274658203,81.58999633789062,80.5,80.61000061035156,78.5156478881836,5712200.0
2024-12-10,BK,80.62999725341797,81.0199966430664,79.97000122070312,80.62000274658203,78.525390625,3607300.0
2024-12-11,BK,80.97000122070312,81.1500015258789,78.58999633789062,79.66999816894531,77.60008239746094,4817000.0
2024-12-12,BK,79.5,80.0199966430664,79.0,79.56999969482422,77.5026626586914,4468800.0
2024-12-13,BK,80.08999633789062,80.08999633789062,78.55000305175781,78.83000183105469,76.78189849853516,2982500.0
2024-12-16,BK,79.05000305175781,79.55000305175781,78.6500015258789,79.08000183105469,77.0254135131836,3496100.0
2024-12-17,BK,78.66000366210938,79.27999877929688,78.27999877929688,78.44999694824219,76.4117660522461,4064900.0
2024-12-18,BK,78.23999786376953,78.52999877929688,75.77999877929688,75.81999969482422,73.85010528564453,4648100.0
2024-12-19,BK,76.5999984741211,77.4800033569336,75.87000274658203,76.41000366210938,74.42478942871094,5814200.0
2024-12-20,BK,76.9000015258789,78.0199966430664,76.08999633789062,77.62000274658203,75.60334014892578,13075300.0
2024-12-23,BK,76.94000244140625,77.6500015258789,76.81999969482422,77.56999969482422,75.55462646484375,2670000.0
2024-12-24,BK,77.58000183105469,78.30000305175781,77.33000183105469,78.05000305175781,76.02216339111328,1236500.0
2024-12-26,BK,77.75,78.48999786376953,77.56999969482422,78.3499984741211,76.31436920166016,1970200.0
2024-12-27,BK,77.91000366210938,78.45999908447266,77.08000183105469,77.56999969482422,75.55462646484375,2072300.0
2024-12-30,BK,76.73999786376953,77.30999755859375,76.22000122070312,77.11000061035156,75.1065902709961,1891000.0
2024-12-31,BK,77.33000183105469,77.48999786376953,76.62999725341797,76.83000183105469,74.8338623046875,2380700.0
2025-01-02,BK,77.23999786376953,77.93000030517578,76.91000366210938,77.41000366210938,75.39879608154297,3443300.0
2025-01-03,BK,77.01000213623047,77.36000061035156,76.13999938964844,76.93000030517578,74.93125915527344,3369200.0
2025-01-06,BK,77.77999877929688,78.69000244140625,77.5999984741211,77.91999816894531,75.89554595947266,3381300.0
2025-01-07,BK,78.12999725341797,78.48999786376953,77.05999755859375,77.95999908447266,75.93450164794922,4498800.0
2025-01-08,BK,77.9000015258789,78.01000213623047,76.77999877929688,77.94999694824219,75.92475891113281,3031600.0
2025-01-10,BK,77.4000015258789,77.8499984741211,75.38999938964844,75.41999816894531,73.46048736572266,3577400.0
2025-01-13,BK,75.1500015258789,76.13999938964844,74.91000366210938,76.11000061035156,74.13257598876953,4068700.0
2025-01-14,BK,75.97000122070312,76.73999786376953,75.72000122070312,75.94000244140625,73.96699523925781,4689900.0
2025-01-15,BK,79.0999984741211,82.13999938964844,79.0999984741211,82.04000091552734,79.90850067138672,9273900.0
2025-01-16,BK,81.72000122070312,82.4800033569336,81.04000091552734,82.25,80.11305236816406,5143100.0
2025-01-17,BK,82.33999633789062,83.66999816894531,81.36000061035156,83.29000091552734,81.12602996826172,4695600.0
2025-01-21,BK,83.33999633789062,85.0,83.33999633789062,84.93000030517578,82.7234115600586,4829900.0
2025-01-22,BK,84.79000091552734,85.80999755859375,83.87000274658203,84.33000183105469,82.13899993896484,4289000.0
2025-01-23,BK,84.38999938964844,85.55000305175781,84.12000274658203,84.7300033569336,82.52861785888672,4041600.0
2025-01-24,BK,84.45999908447266,86.33999633789062,84.41999816894531,85.79000091552734,83.56108093261719,4306000.0
2025-01-27,BK,85.19999694824219,85.93000030517578,84.72000122070312,85.9000015258789,84.12911224365234,2963800.0
2025-01-28,BK,85.41000366210938,86.69000244140625,85.38999938964844,86.33999633789062,84.5600357055664,3248200.0
2025-01-29,BK,85.83000183105469,87.69999694824219,85.83000183105469,86.04000091552734,84.26622772216797,3397900.0
2025-01-30,BK,86.7300033569336,87.52999877929688,86.05000305175781,86.5,84.71674346923828,2859300.0
2025-01-31,BK,86.44000244140625,86.87000274658203,85.77999877929688,85.93000030517578,84.15849304199219,3905700.0
2025-02-03,BK,84.61000061035156,85.6500015258789,83.75,85.19000244140625,83.43375396728516,3501300.0
2025-02-04,BK,85.02999877929688,85.27999877929688,84.41999816894531,84.86000061035156,83.11055755615234,3101600.0
2025-02-05,BK,85.38999938964844,85.97000122070312,84.88999938964844,85.73999786376953,83.97241973876953,3217000.0
2025-02-06,BK,86.30999755859375,86.5,85.83000183105469,86.4000015258789,84.61881256103516,2483500.0
2025-02-07,BK,86.5999984741211,86.9800033569336,85.91000366210938,86.1500015258789,84.37396240234375,3438100.0
2025-02-10,BK,86.1500015258789,86.38999938964844,84.69000244140625,85.02999877929688,83.27704620361328,2446800.0
2025-02-11,BK,84.8499984741211,85.58000183105469,84.44000244140625,85.5,83.73736572265625,2329300.0
2025-02-12,BK,84.75,85.72000122070312,84.33999633789062,85.31999969482422,83.56107330322266,2961200.0
2025-02-13,BK,85.7300033569336,87.20999908447266,85.51000213623047,86.87999725341797,85.08891296386719,3373200.0
2025-02-14,BK,87.4000015258789,88.25,87.27999877929688,87.83999633789062,86.02911376953125,5104200.0
2025-02-18,BK,88.87000274658203,89.44000244140625,88.11000061035156,88.9000015258789,87.0672607421875,6665100.0
2025-02-19,BK,88.41000366210938,88.93000030517578,87.58999633789062,88.30999755859375,86.48943328857422,4060400.0
2025-02-20,BK,88.5,88.52999877929688,86.0199966430664,87.16000366210938,85.36315155029297,5921900.0
2025-02-21,BK,87.48999786376953,87.88999938964844,86.83999633789062,87.25,85.45128631591797,5988900.0
2025-02-24,BK,87.4800033569336,88.38999938964844,86.55999755859375,88.01000213623047,86.19562530517578,6665600.0
2025-02-25,BK,88.37999725341797,88.43000030517578,85.86000061035156,86.75,84.96159362792969,5937100.0
2025-02-26,BK,87.19000244140625,88.16000366210938,86.19000244140625,86.33999633789062,84.5600357055664,3709800.0
2025-02-27,BK,86.69999694824219,87.98999786376953,86.44999694824219,86.88999938964844,85.09870147705078,3081500.0
2025-02-28,BK,87.19999694824219,88.94999694824219,87.05999755859375,88.94999694824219,87.1162338256836,7191000.0
2025-03-03,BK,89.58999633789062,90.33999633789062,87.69999694824219,88.3499984741211,86.52859497070312,4375700.0
2025-03-04,BK,87.44000244140625,87.87000274658203,84.30000305175781,85.54000091552734,83.77654266357422,4968000.0
2025-03-05,BK,85.66000366210938,87.18000030517578,85.18000030517578,86.55999755859375,84.7755126953125,4391000.0
2025-03-06,BK,85.52999877929688,86.05000305175781,83.97000122070312,84.69000244140625,82.94406127929688,3664900.0
2025-03-07,BK,84.30999755859375,86.13999938964844,83.88999938964844,85.83999633789062,84.07034301757812,6459200.0
2025-03-10,BK,83.8499984741211,86.58000183105469,83.36000061035156,84.23999786376953,82.50332641601562,5259600.0
2025-03-11,BK,83.87000274658203,84.11000061035156,80.79000091552734,81.05000305175781,79.37910461425781,8531200.0
2025-03-12,BK,82.0,82.06999969482422,79.23999786376953,80.76000213623047,79.09508514404297,5488700.0
2025-03-13,BK,81.08000183105469,81.08000183105469,79.25,79.66000366210938,78.01776123046875,4164300.0
2025-03-14,BK,80.36000061035156,81.94999694824219,79.91000366210938,81.75,80.06466674804688,4354100.0
2025-03-17,BK,81.69000244140625,83.2300033569336,81.44000244140625,82.41999816894531,80.72086334228516,4496600.0
2025-03-18,BK,82.38999938964844,83.0199966430664,81.94999694824219,82.63999938964844,80.93631744384766,4576700.0
2025-03-19,BK,82.80000305175781,84.44000244140625,82.19000244140625,83.9000015258789,82.17034912109375,3748400.0
2025-03-20,BK,83.26000213623047,84.37000274658203,83.16000366210938,83.93000030517578,82.19973754882812,3119800.0
2025-03-21,BK,83.62000274658203,84.13999938964844,82.66999816894531,83.55000305175781,81.82756805419922,9720700.0
2025-03-24,BK,84.5999984741211,85.41999816894531,84.26000213623047,84.69999694824219,82.95384979248047,2606900.0
2025-03-25,BK,85.1500015258789,85.94999694824219,84.58999633789062,85.25,83.49251556396484,2538800.0
2025-03-26,BK,85.62000274658203,86.06999969482422,84.62999725341797,85.08999633789062,83.33580780029297,2453000.0
2025-03-27,BK,84.94000244140625,85.22000122070312,83.87000274658203,84.4800033569336,82.73838806152344,3171200.0
2025-03-28,BK,84.23999786376953,84.8499984741211,82.4800033569336,82.70999908447266,81.00487518310547,2643600.0
2025-03-31,BK,81.80999755859375,84.30999755859375,81.33999633789062,83.87000274658203,82.14097595214844,4254500.0
2025-04-01,BK,83.7300033569336,84.1500015258789,82.58999633789062,83.7699966430664,82.04302215576172,2881900.0
2025-04-02,BK,83.01000213623047,84.55000305175781,82.55999755859375,84.22000122070312,82.48374938964844,3191100.0
2025-04-03,BK,81.23999786376953,81.94999694824219,79.77999877929688,79.91000366210938,78.26261138916016,5262500.0
2025-04-04,BK,77.04000091552734,78.7300033569336,72.93000030517578,73.30999755859375,71.79865264892578,6696700.0
2025-04-07,BK,71.33999633789062,76.30999755859375,70.45999908447266,74.08999633789062,72.56258392333984,7460700.0
2025-04-08,BK,76.95999908447266,77.66000366210938,72.12999725341797,73.5,71.98474884033203,4832700.0
2025-04-09,BK,72.11000061035156,80.16000366210938,72.11000061035156,79.3499984741211,77.71414947509766,6400900.0
2025-04-10,BK,77.62999725341797,78.5199966430664,74.62999725341797,76.61000061035156,75.0306396484375,5387200.0
2025-04-11,BK,73.61000061035156,78.66999816894531,72.5,77.66999816894531,76.06878662109375,6804400.0
2025-04-14,BK,78.0199966430664,79.05000305175781,76.93000030517578,77.5199966430664,75.921875,4435300.0
2025-04-15,BK,78.2300033569336,79.05999755859375,77.44000244140625,77.7699966430664,76.16671752929688,3813700.0
2025-04-16,BK,77.68000030517578,77.83000183105469,75.20999908447266,75.7300033569336,74.16877746582031,5147300.0
2025-04-17,BK,75.94999694824219,77.5,75.26000213623047,76.33999633789062,74.76619720458984,4318600.0
2025-04-21,BK,75.38999938964844,75.7300033569336,73.55000305175781,74.04000091552734,72.96282958984375,2627400.0
2025-04-22,BK,75.4000015258789,76.70999908447266,75.3499984741211,76.30999755859375,75.19979858398438,3789100.0
2025-04-23,BK,77.91000366210938,79.68000030517578,77.4800033569336,77.7300033569336,76.5991439819336,3764100.0
2025-04-24,BK,77.69000244140625,79.22000122070312,77.48999786376953,78.72000122070312,77.57473754882812,4897900.0
2025-04-25,BK,78.70999908447266,79.16000366210938,78.16999816894531,78.6500015258789,77.5057601928711,2508000.0
2025-04-28,BK,78.94999694824219,79.5,78.52999877929688,78.91000366210938,77.76197814941406,2995300.0
2025-04-29,BK,78.75,80.36000061035156,78.55999755859375,80.04000091552734,78.87553405761719,3142200.0
2025-04-30,BK,78.87999725341797,80.5999984741211,77.7699966430664,80.41000366210938,79.24015808105469,4856700.0
2025-05-01,BK,80.01000213623047,81.52999877929688,79.72000122070312,80.91000366210938,79.73287200927734,3275800.0
2025-05-02,BK,82.3499984741211,83.30999755859375,81.97000122070312,82.13999938964844,80.94498443603516,4335000.0
2025-05-05,BK,81.47000122070312,82.77999877929688,81.19000244140625,82.18000030517578,80.9843978881836,2710500.0
2025-05-06,BK,81.12000274658203,83.55000305175781,81.12000274658203,82.91000366210938,81.70378112792969,4368700.0
2025-05-07,BK,82.91000366210938,84.26000213623047,82.91000366210938,83.94999694824219,82.72864532470703,4827900.0
2025-05-08,BK,84.54000091552734,86.19000244140625,84.54000091552734,85.5,84.25609588623047,4467700.0
2025-05-09,BK,86.0,86.37999725341797,85.69000244140625,85.91000366210938,84.6601333618164,3855200.0
2025-05-12,BK,87.95999908447266,88.55000305175781,86.5199966430664,87.0999984741211,85.83281707763672,4648700.0
2025-05-13,BK,87.25,88.45999908447266,86.97000122070312,87.93000030517578,86.65074920654297,3073800.0
2025-05-14,BK,88.06999969482422,88.2300033569336,87.62000274658203,87.94000244140625,86.66060638427734,3006800.0
2025-05-15,BK,87.87999725341797,89.52999877929688,87.7699966430664,89.38999938964844,88.08950805664062,3692100.0
2025-05-16,BK,89.61000061035156,90.5,89.3499984741211,90.06999969482422,88.75961303710938,6290900.0
2025-05-19,BK,89.63999938964844,90.62999725341797,89.0,90.33000183105469,89.01582336425781,3429300.0
2025-05-20,BK,89.83000183105469,90.41999816894531,89.48999786376953,90.0999984741211,88.78916931152344,3286900.0
2025-05-21,BK,89.6500015258789,89.97000122070312,88.83000183105469,88.9000015258789,87.60663604736328,6474700.0
2025-05-22,BK,88.75,89.6500015258789,88.52999877929688,89.18000030517578,87.88256072998047,3695900.0
2025-05-23,BK,88.16999816894531,89.48999786376953,87.87999725341797,89.08999633789062,87.79386138916016,2974000.0
2025-05-27,BK,89.55000305175781,90.2699966430664,89.19000244140625,90.2300033569336,88.91728973388672,3793000.0
2025-05-28,BK,90.05999755859375,90.2300033569336,88.73999786376953,88.80000305175781,87.50809478759766,3223500.0
2025-05-29,BK,89.3499984741211,89.87000274658203,88.5199966430664,89.06999969482422,87.77416229248047,3767700.0
2025-05-30,BK,88.80000305175781,88.8499984741211,87.95999908447266,88.61000061035156,87.32085418701172,6337700.0
2025-06-02,BK,88.19999694824219,89.01000213623047,87.80000305175781,88.9800033569336,87.68547058105469,2449400.0
2025-06-03,BK,88.77999877929688,89.80000305175781,88.44000244140625,89.31999969482422,88.02052307128906,3199500.0
2025-06-04,BK,89.22000122070312,89.66000366210938,88.31999969482422,88.33000183105469,87.044921875,4026700.0
2025-06-05,BK,88.58999633789062,88.87999725341797,88.12999725341797,88.58000183105469,87.29129028320312,3214300.0
2025-06-06,BK,89.41000366210938,90.38999938964844,89.12000274658203,90.31999969482422,89.00597381591797,2263300.0
2025-06-09,BK,90.30999755859375,90.5,89.69999694824219,90.01000213623047,88.70048522949219,2536000.0
2025-06-10,BK,89.68000030517578,90.45999908447266,89.4800033569336,90.0,88.69063568115234,2745600.0
2025-06-11,BK,89.83999633789062,90.11000061035156,89.27999877929688,89.55999755859375,88.25703430175781,3067400.0
2025-06-12,BK,89.0999984741211,89.70999908447266,88.69000244140625,89.70999908447266,88.40484619140625,3002500.0
2025-06-13,BK,88.7300033569336,89.61000061035156,88.19000244140625,88.5999984741211,87.31098937988281,3527800.0
2025-06-16,BK,89.23999786376953,90.55999755859375,88.80000305175781,90.48999786376953,89.17350006103516,3941400.0
2025-06-17,BK,90.04000091552734,90.54000091552734,89.16999816894531,89.7699966430664,88.46397399902344,3622100.0
2025-06-18,BK,89.94999694824219,92.08000183105469,89.86000061035156,91.5999984741211,90.26734924316406,5008600.0
2025-06-20,BK,92.12000274658203,92.63999938964844,91.5199966430664,91.62000274658203,90.28707122802734,6110600.0
2025-06-23,BK,90.98999786376953,90.98999786376953,87.41000366210938,89.62999725341797,88.32601165771484,9338000.0
2025-06-24,BK,90.38999938964844,91.55999755859375,90.22000122070312,91.19999694824219,89.8731689453125,3910800.0
2025-06-25,BK,91.37999725341797,91.41999816894531,89.79000091552734,90.0,88.69063568115234,4496300.0
2025-06-26,BK,90.20999908447266,90.56999969482422,89.75,90.04000091552734,88.73004913330078,4527800.0
2025-06-27,BK,90.04000091552734,91.7699966430664,89.44999694824219,91.18000030517578,89.85346221923828,6279100.0
2025-06-30,BK,91.68000030517578,91.95999908447266,90.3499984741211,91.11000061035156,89.78448486328125,5596500.0
2025-07-01,BK,90.73999786376953,91.11000061035156,89.63999938964844,90.6500015258789,89.3311767578125,4343100.0
2025-07-02,BK,90.94000244140625,92.30000305175781,90.58000183105469,92.08999633789062,90.7502212524414,4257200.0
2025-07-03,BK,92.19000244140625,92.8499984741211,91.95999908447266,92.43000030517578,91.08528900146484,2408200.0
2025-07-07,BK,92.66999816894531,93.79000091552734,92.47000122070312,93.25,91.89334869384766,4348200.0
2025-07-08,BK,93.25,93.55000305175781,92.47000122070312,92.69000244140625,91.34149932861328,4319200.0
2025-07-09,BK,93.43000030517578,93.72000122070312,92.81999969482422,93.05000305175781,91.6962661743164,3991500.0
2025-07-10,BK,93.0,93.93000030517578,92.66000366210938,93.66000366210938,92.29739379882812,4661800.0
2025-07-11,BK,93.11000061035156,93.80000305175781,92.66999816894531,93.72000122070312,92.35651397705078,4276900.0
2025-07-14,BK,93.69000244140625,95.36000061035156,93.37999725341797,95.25,93.8642578125,7011400.0
2025-07-15,BK,93.69999694824219,96.47000122070312,93.45999908447266,95.16000366210938,93.77556610107422,8709100.0
2025-07-16,BK,96.0,96.0,93.37000274658203,95.48999786376953,94.10076141357422,5438200.0
2025-07-17,BK,95.33999633789062,98.16000366210938,95.12999725341797,97.91999816894531,96.49539947509766,5685900.0
2025-07-18,BK,98.01000213623047,99.04000091552734,97.69999694824219,98.83999633789062,97.40201568603516,5658200.0
2025-07-21,BK,98.69999694824219,99.41999816894531,98.01000213623047,98.5999984741211,97.16551208496094,3336900.0
2025-07-22,BK,98.79000091552734,99.2300033569336,98.02999877929688,98.9000015258789,97.46115112304688,3237400.0
2025-07-23,BK,99.5,99.83000183105469,98.37000274658203,99.62999725341797,98.18052673339844,3857500.0
2025-07-24,BK,99.94000244140625,101.02999877929688,99.5,99.97000122070312,98.51557922363281,4245000.0
2025-07-25,BK,99.44000244140625,101.16000366210938,98.7699966430664,100.91999816894531,99.98181915283203,4123300.0
2025-07-28,BK,100.91999816894531,100.97000122070312,100.19999694824219,100.62999725341797,99.69451904296875,2331100.0
2025-07-29,BK,101.37000274658203,102.0199966430664,100.88999938964844,101.87000274658203,100.9229965209961,3561400.0
2025-07-30,BK,101.66999816894531,103.16000366210938,101.51000213623047,102.30000305175781,101.3489990234375,3188300.0
2025-07-31,BK,102.02999877929688,102.69999694824219,101.0999984741211,101.44999694824219,100.50689697265625,4076100.0
2025-08-01,BK,100.33999633789062,100.55999755859375,98.4000015258789,99.80999755859375,98.88214111328125,3665800.0
2025-08-04,BK,100.45999908447266,101.58000183105469,100.23999786376953,101.41000366210938,100.46727752685547,2344400.0
2025-08-05,BK,101.86000061035156,102.0,100.2300033569336,100.66000366210938,99.7242431640625,3630000.0
2025-08-06,BK,101.01000213623047,102.38999938964844,100.66000366210938,102.29000091552734,101.3390884399414,3765000.0
2025-08-07,BK,102.79000091552734,103.41000366210938,101.41999816894531,102.20999908447266,101.25982666015625,4098800.0
2025-08-08,BK,102.80999755859375,103.9800033569336,102.37000274658203,103.08999633789062,102.13165283203125,3083300.0
2025-08-11,BK,103.16999816894531,103.73999786376953,102.73999786376953,103.2699966430664,102.30997467041016,2812800.0
2025-08-12,BK,103.6500015258789,104.47000122070312,103.36000061035156,103.61000061035156,102.64682006835938,2870400.0
2025-08-13,BK,103.52999877929688,104.08000183105469,100.08000183105469,101.91000366210938,100.9626235961914,4605200.0
2025-08-14,BK,103.94999694824219,103.98999786376953,102.16000366210938,103.3499984741211,102.38922882080078,2943100.0
2025-08-15,BK,103.36000061035156,103.51000213623047,100.83000183105469,101.0,100.06108093261719,3736900.0
2025-08-18,BK,100.91000366210938,101.81999969482422,100.83000183105469,101.73999786376953,100.79419708251953,2966100.0
2025-08-19,BK,101.2699966430664,102.12999725341797,100.83999633789062,101.08000183105469,100.14034271240234,3206900.0
2025-08-20,BK,100.79000091552734,101.62000274658203,99.66999816894531,101.25,100.30875396728516,2581300.0
2025-08-21,BK,101.01000213623047,101.91000366210938,100.44000244140625,101.77999877929688,100.83383178710938,2454200.0
2025-08-22,BK,102.1500015258789,103.12999725341797,101.91000366210938,102.54000091552734,101.5867691040039,3471600.0
2025-08-25,BK,102.30000305175781,103.66999816894531,101.70999908447266,103.12000274658203,102.16136932373047,2467700.0
2025-08-26,BK,102.88999938964844,104.76000213623047,102.55000305175781,104.58999633789062,103.61770629882812,3620600.0
2025-08-27,BK,104.45999908447266,105.51000213623047,104.30000305175781,105.02999877929688,104.0536117553711,2384300.0
2025-08-28,BK,105.0199966430664,106.30000305175781,104.70999908447266,106.0999984741211,105.1136703491211,2777700.0
2025-08-29,BK,106.23999786376953,106.56999969482422,104.91999816894531,105.5999984741211,104.61831665039062,2933100.0
2025-09-02,BK,104.54000091552734,105.0,103.33999633789062,104.69999694824219,103.72667694091797,3308400.0
2025-09-03,BK,104.69000244140625,105.02999877929688,103.61000061035156,104.68000030517578,103.70687103271484,2258200.0
2025-09-04,BK,105.11000061035156,105.69000244140625,104.77999877929688,105.55999755859375,104.57868957519531,2308600.0
2025-09-05,BK,105.6500015258789,106.05999755859375,102.9000015258789,103.69000244140625,102.72607421875,2780500.0
2025-09-08,BK,103.83999633789062,104.6500015258789,103.48999786376953,104.0199966430664,103.0530014038086,3055200.0
2025-09-09,BK,103.88999938964844,106.18000030517578,103.16999816894531,104.7699966430664,103.79603576660156,3918200.0
2025-09-10,BK,104.51000213623047,104.95999908447266,102.62999725341797,104.0,103.03319549560547,2737400.0
2025-09-11,BK,104.0,106.33000183105469,103.66000366210938,105.5999984741211,104.61831665039062,3697900.0
2025-09-12,BK,105.16000366210938,106.5199966430664,105.05000305175781,106.4800033569336,105.4901351928711,2609400.0
2025-09-15,BK,107.01000213623047,107.01000213623047,106.0999984741211,106.41999816894531,105.43069458007812,2523200.0
2025-09-16,BK,106.44000244140625,107.0,104.7699966430664,105.48999786376953,104.50933837890625,2369300.0
2025-09-17,BK,105.83000183105469,107.20999908447266,105.80999755859375,107.01000213623047,106.01521301269531,2935700.0
2025-09-18,BK,107.13999938964844,108.69999694824219,106.80999755859375,108.5199966430664,107.51116943359375,2784200.0
2025-09-19,BK,108.80000305175781,109.20999908447266,108.16999816894531,108.70999908447266,107.69940185546875,8770400.0
2025-09-22,BK,107.94999694824219,109.72000122070312,107.2699966430664,109.45999908447266,108.44243621826172,2905300.0
2025-09-23,BK,109.2699966430664,110.87000274658203,108.0999984741211,108.66000366210938,107.64987182617188,2282800.0
2025-09-24,BK,109.18000030517578,109.5,107.81999969482422,108.11000061035156,107.10498809814453,2292800.0
2025-09-25,BK,108.16999816894531,109.47000122070312,107.6500015258789,109.08000183105469,108.06596374511719,2961400.0
2025-09-26,BK,109.2699966430664,110.27999877929688,108.87999725341797,109.52999877929688,108.51177978515625,2095300.0
2025-09-29,BK,110.06999969482422,110.16000366210938,108.69999694824219,109.75,108.729736328125,2457700.0
2025-09-30,BK,109.33000183105469,110.75,108.06999969482422,108.95999908447266,107.94708251953125,3707000.0
2025-10-01,BK,108.58000183105469,109.08000183105469,106.77999877929688,106.83000183105469,105.83688354492188,2586200.0
2025-10-02,BK,107.06999969482422,107.31999969482422,105.77999877929688,106.37999725341797,105.39106750488281,3009100.0
2025-10-03,BK,107.16999816894531,107.55999755859375,105.72000122070312,106.5999984741211,105.60902404785156,3613700.0
2025-10-06,BK,106.80999755859375,107.5,105.37000274658203,106.43000030517578,105.44060516357422,2580600.0
2025-10-07,BK,106.61000061035156,107.19000244140625,106.0,106.93000030517578,105.93595123291016,2395300.0
2025-10-08,BK,107.5,107.52999877929688,105.43000030517578,106.01000213623047,105.02450561523438,3413300.0
2025-10-09,BK,106.44999694824219,107.38999938964844,105.79000091552734,106.81999969482422,105.82698059082031,3180000.0
2025-10-10,BK,107.16999816894531,107.41000366210938,104.37000274658203,104.54000091552734,103.56817626953125,3809800.0
2025-10-13,BK,105.55000305175781,106.70999908447266,104.54000091552734,106.30000305175781,105.31181335449219,3045400.0
2025-10-14,BK,105.77999877929688,108.19999694824219,105.51000213623047,107.11000061035156,106.1142807006836,4086800.0
2025-10-15,BK,107.97000122070312,109.23999786376953,106.7699966430664,108.93000030517578,107.9173583984375,5545500.0
2025-10-16,BK,107.69999694824219,110.19000244140625,106.02999877929688,106.72000122070312,105.72791290283203,6858700.0
2025-10-17,BK,107.0999984741211,107.0999984741211,103.11000061035156,105.9800033569336,104.99478912353516,7925200.0
2025-10-20,BK,106.5199966430664,109.05000305175781,106.5199966430664,108.5,107.49136352539062,3982200.0
2025-10-21,BK,108.33000183105469,108.66999816894531,107.0,107.0,106.00530242919922,4875300.0
2025-10-22,BK,107.13999938964844,107.4800033569336,105.36000061035156,107.02999877929688,106.03501892089844,3367900.0
2025-10-23,BK,107.37000274658203,107.37000274658203,106.23999786376953,106.68000030517578,105.68827819824219,2720200.0
2025-10-24,BK,107.25,108.58000183105469,107.25,107.98999786376953,106.98609161376953,2250600.0
2025-10-27,BK,108.16999816894531,108.44999694824219,107.5199966430664,107.58000183105469,107.1055679321289,2324300.0
2025-10-28,BK,107.9800033569336,108.91999816894531,107.4800033569336,108.44999694824219,107.97173309326172,3162300.0
2025-10-29,BK,108.12999725341797,108.45999908447266,106.62000274658203,107.05000305175781,106.57791137695312,4258400.0
2025-10-30,BK,106.7300033569336,108.76000213623047,106.4800033569336,107.91999816894531,107.4440689086914,2369700.0
2025-10-31,BK,107.31999969482422,108.27999877929688,106.70999908447266,107.93000030517578,107.45402526855469,2770600.0
2025-11-03,BK,108.0199966430664,108.54000091552734,106.87000274658203,108.05999755859375,107.58345031738281,3386800.0
2025-11-04,BK,107.06999969482422,108.56999969482422,106.26000213623047,108.0,107.52371978759766,3738500.0
2025-11-05,BK,108.18000030517578,109.05999755859375,107.29000091552734,108.69000244140625,108.21067810058594,2036500.0
2025-11-06,BK,108.52999877929688,109.04000091552734,107.73999786376953,108.41999816894531,107.94186401367188,3254500.0
2025-11-07,BK,108.05999755859375,109.66999816894531,107.36000061035156,109.63999938964844,109.15648651123047,3292800.0
2025-11-10,BK,109.55000305175781,111.45999908447266,109.44999694824219,110.95999908447266,110.47066497802734,2547000.0
2025-11-11,BK,110.9000015258789,111.94000244140625,110.87000274658203,111.25,110.75938415527344,2088600.0
2025-11-12,BK,111.81999969482422,113.73999786376953,111.61000061035156,112.63999938964844,112.14325714111328,3090500.0
2025-11-13,BK,112.25,112.86000061035156,110.75,111.04000091552734,110.55030822753906,2830400.0
2025-11-14,BK,110.62000274658203,112.01000213623047,109.5,110.4800033569336,109.99278259277344,4468100.0
2025-11-17,BK,110.45999908447266,110.7300033569336,106.69999694824219,106.7699966430664,106.29914093017578,3547600.0
2025-11-18,BK,106.5,108.12999725341797,105.8499984741211,107.5,107.02592468261719,3766500.0
2025-11-19,BK,107.27999877929688,108.13999938964844,106.86000061035156,107.51000213623047,107.03588104248047,3242900.0
2025-11-20,BK,108.79000091552734,109.62000274658203,106.22000122070312,106.45999908447266,105.99050903320312,2565900.0
2025-11-21,BK,106.94999694824219,107.62000274658203,105.41999816894531,106.43000030517578,105.96063995361328,4199000.0
2025-11-24,BK,106.5999984741211,108.19999694824219,105.48999786376953,108.06999969482422,107.5934066772461,5511400.0
2025-11-25,BK,108.44999694824219,109.30000305175781,107.41000366210938,109.12999725341797,108.64872741699219,3155600.0
2025-11-26,BK,109.5999984741211,112.0199966430664,109.2699966430664,111.38999938964844,110.89876556396484,3075100.0
2025-11-28,BK,112.05999755859375,112.7300033569336,111.44999694824219,112.0999984741211,111.60563659667969,1724000.0
2025-12-01,BK,111.7699966430664,112.63999938964844,111.43000030517578,111.80999755859375,111.31690979003906,2886900.0
2025-12-02,BK,112.2300033569336,113.02999877929688,111.80999755859375,112.08000183105469,111.58572387695312,2962700.0
2025-12-03,BK,112.0999984741211,113.7699966430664,112.0,113.08999633789062,112.59126281738281,2596200.0
2025-12-04,BK,113.20999908447266,114.43000030517578,113.20999908447266,113.94999694824219,113.44747161865234,2561100.0
2025-12-05,BK,113.41000366210938,114.95999908447266,113.4000015258789,114.0199966430664,113.51716613769531,2631600.0
2025-12-08,BK,114.38999938964844,114.98999786376953,113.77999877929688,114.44000244140625,113.93531799316406,3061700.0
2025-12-09,BK,114.55000305175781,117.29000091552734,114.5199966430664,115.93000030517578,115.41874694824219,3826300.0
2025-12-10,BK,116.16000366210938,118.87999725341797,114.69999694824219,118.37999725341797,117.85794067382812,5254900.0
2025-12-11,BK,117.8499984741211,119.4000015258789,117.58000183105469,118.68000030517578,118.1566162109375,4791200.0
2025-12-12,BK,118.97000122070312,119.18000030517578,116.75,117.02999877929688,116.5138931274414,3422500.0
2025-12-15,BK,117.55999755859375,118.0199966430664,116.5,116.95999908447266,116.44419860839844,3550600.0
2025-12-16,BK,117.02999877929688,117.05999755859375,114.08000183105469,114.3499984741211,113.84571075439453,5193800.0
2025-12-17,BK,114.3499984741211,115.44000244140625,113.44999694824219,113.55999755859375,113.05919647216797,3765900.0
2025-12-18,BK,114.3499984741211,115.30999755859375,113.91000366210938,114.44999694824219,113.94526672363281,2875100.0
2025-12-19,BK,114.58000183105469,116.08999633789062,114.58000183105469,115.83999633789062,115.32913970947266,8474300.0
2025-12-22,BK,116.38999938964844,117.58999633789062,116.04000091552734,117.26000213623047,116.74288177490234,3826600.0
2025-12-23,BK,117.19999694824219,118.12999725341797,116.95999908447266,117.22000122070312,116.70305633544922,2656800.0
2025-12-24,BK,117.33000183105469,118.43000030517578,117.0199966430664,118.22000122070312,117.69864654541016,1424000.0
2025-12-26,BK,118.0199966430664,118.36000061035156,117.27999877929688,117.47000122070312,116.95195770263672,1534200.0
2025-12-29,BK,117.61000061035156,118.0,117.04000091552734,117.47000122070312,116.95195770263672,2694200.0
2025-12-30,BK,117.69000244140625,117.69000244140625,116.58000183105469,116.87000274658203,116.35459899902344,2206500.0
