Date,Ticker,Open,High,Low,Close,Adj Close,Volume
2015-01-02,BMY,59.43000030517578,59.93000030517578,59.29999923706055,59.5099983215332,41.305816650390625,4887700.0
2015-01-05,BMY,59.36000061035156,59.400001525878906,58.040000915527344,58.58000183105469,40.660301208496094,5928800.0
2015-01-06,BMY,58.869998931884766,59.5,58.11000061035156,58.47999954223633,40.59089279174805,6039900.0
2015-01-07,BMY,59.150001525878906,59.540000915527344,58.81999969482422,59.2400016784668,41.118412017822266,6278400.0
2015-01-08,BMY,59.83000183105469,61.06999969482422,59.83000183105469,60.720001220703125,42.14566421508789,8405100.0
2015-01-09,BMY,60.869998931884766,60.91999816894531,60.09000015258789,60.31999969482422,41.868038177490234,3904900.0
2015-01-12,BMY,64.2300033569336,64.44000244140625,61.97999954223633,62.18000030517578,43.1590576171875,14173800.0
2015-01-13,BMY,62.560001373291016,63.540000915527344,62.310001373291016,63.119998931884766,43.81151580810547,12833600.0
2015-01-14,BMY,62.040000915527344,63.150001525878906,61.7400016784668,62.95000076293945,43.693511962890625,5500300.0
2015-01-15,BMY,63.0,63.29999923706055,61.47999954223633,61.630001068115234,42.77730941772461,9095600.0
2015-01-16,BMY,61.38999938964844,62.400001525878906,61.25,62.310001373291016,43.24929428100586,6846800.0
2015-01-20,BMY,62.54999923706055,63.099998474121094,62.0099983215332,62.45000076293945,43.34646987915039,7137800.0
2015-01-21,BMY,62.189998626708984,62.52000045776367,61.77000045776367,61.95000076293945,42.999412536621094,4942200.0
2015-01-22,BMY,62.189998626708984,62.4900016784668,61.369998931884766,62.09000015258789,43.096588134765625,9247500.0
2015-01-23,BMY,62.150001525878906,62.4900016784668,61.7599983215332,62.06999969482422,43.08271026611328,3741300.0
2015-01-26,BMY,61.83000183105469,62.650001525878906,61.66999816894531,62.459999084472656,43.3534049987793,4908400.0
2015-01-27,BMY,61.86000061035156,62.9900016784668,61.0,61.9900016784668,43.02718734741211,7767500.0
2015-01-28,BMY,62.41999816894531,62.849998474121094,61.16999816894531,61.33000183105469,42.56907272338867,6294900.0
2015-01-29,BMY,61.20000076293945,61.310001373291016,60.27000045776367,61.13999938964844,42.43719482421875,6394600.0
2015-01-30,BMY,60.77000045776367,61.34000015258789,60.16999816894531,60.27000045776367,41.83332824707031,8227100.0
2015-02-02,BMY,60.709999084472656,60.7400016784668,59.2400016784668,60.22999954223633,41.805564880371094,6929000.0
2015-02-03,BMY,60.599998474121094,60.77000045776367,59.189998626708984,59.86000061035156,41.54875564575195,7309100.0
2015-02-04,BMY,59.5099983215332,59.75,58.7599983215332,59.2400016784668,41.118412017822266,7261900.0
2015-02-05,BMY,59.40999984741211,60.33000183105469,59.279998779296875,60.22999954223633,41.805564880371094,3895200.0
2015-02-06,BMY,59.97999954223633,60.279998779296875,59.439998626708984,59.66999816894531,41.416866302490234,4356600.0
2015-02-09,BMY,59.31999969482422,59.75,58.650001525878906,58.849998474121094,40.847721099853516,3965600.0
2015-02-10,BMY,59.16999816894531,59.90999984741211,59.130001068115234,59.83000183105469,41.52792739868164,5403300.0
2015-02-11,BMY,59.619998931884766,59.959999084472656,58.849998474121094,59.310001373291016,41.16700744628906,4103800.0
2015-02-12,BMY,59.650001525878906,59.7599983215332,59.22999954223633,59.47999954223633,41.28499984741211,4557700.0
2015-02-13,BMY,59.709999084472656,60.04999923706055,59.459999084472656,60.040000915527344,41.6736946105957,5163200.0
2015-02-17,BMY,60.08000183105469,60.45000076293945,59.779998779296875,60.099998474121094,41.71533203125,4479400.0
2015-02-18,BMY,60.060001373291016,60.060001373291016,58.84000015258789,60.0099983215332,41.65287399291992,6787700.0
2015-02-19,BMY,59.650001525878906,59.9900016784668,58.970001220703125,59.54999923706055,41.33357238769531,4252400.0
2015-02-20,BMY,59.31999969482422,60.560001373291016,59.279998779296875,60.52000045776367,42.00685119628906,6660500.0
2015-02-23,BMY,60.47999954223633,61.4900016784668,60.34000015258789,61.290000915527344,42.54130172729492,5763200.0
2015-02-24,BMY,61.150001525878906,61.5,60.63999938964844,61.45000076293945,42.652374267578125,4622700.0
2015-02-25,BMY,61.369998931884766,61.47999954223633,60.70000076293945,61.220001220703125,42.49272155761719,4937400.0
2015-02-26,BMY,61.189998626708984,61.61000061035156,60.75,61.459999084472656,42.659305572509766,3981500.0
2015-02-27,BMY,61.2400016784668,61.54999923706055,60.869998931884766,60.91999816894531,42.28450012207031,3990300.0
2015-03-02,BMY,61.119998931884766,62.459999084472656,61.040000915527344,62.29999923706055,43.242347717285156,6553300.0
2015-03-03,BMY,62.25,62.25,61.34000015258789,61.91999816894531,42.97859573364258,4236200.0
2015-03-04,BMY,61.75,65.91999816894531,61.18000030517578,65.66999816894531,45.58146667480469,17454500.0
2015-03-05,BMY,65.98999786376953,67.18000030517578,65.69000244140625,66.05000305175781,45.84521484375,12553700.0
2015-03-06,BMY,66.20999908447266,66.20999908447266,64.87000274658203,65.12000274658203,45.19970703125,6529100.0
2015-03-09,BMY,65.25,66.55000305175781,65.06999969482422,66.36000061035156,46.06039810180664,7412200.0
2015-03-10,BMY,65.77999877929688,66.5,64.94999694824219,65.52999877929688,45.484291076660156,6378000.0
2015-03-11,BMY,66.11000061035156,66.30000305175781,65.43000030517578,65.5999984741211,45.53287124633789,4816000.0
2015-03-12,BMY,65.79000091552734,67.37999725341797,65.7300033569336,66.6500015258789,46.261680603027344,7556600.0
2015-03-13,BMY,66.43000030517578,67.45999908447266,66.37000274658203,66.87000274658203,46.41438293457031,5223600.0
2015-03-16,BMY,67.11000061035156,68.19999694824219,67.08000183105469,68.02999877929688,47.219539642333984,6416200.0
2015-03-17,BMY,67.61000061035156,67.83999633789062,67.26000213623047,67.62000274658203,46.934974670410156,5292700.0
2015-03-18,BMY,67.2699966430664,68.69000244140625,66.77999877929688,68.47000122070312,47.524932861328125,6642000.0
2015-03-19,BMY,68.37000274658203,68.68000030517578,68.08999633789062,68.31999969482422,47.42082977294922,4078400.0
2015-03-20,BMY,69.0,69.19999694824219,67.73999786376953,67.76000213623047,47.032127380371094,10018100.0
2015-03-23,BMY,67.72000122070312,68.12000274658203,67.29000091552734,67.58000183105469,46.90718460083008,4523300.0
2015-03-24,BMY,66.81999969482422,67.26000213623047,65.54000091552734,65.69000244140625,45.59535217285156,10532600.0
2015-03-25,BMY,65.69999694824219,66.4000015258789,64.6500015258789,64.69999694824219,44.90818786621094,7001000.0
2015-03-26,BMY,64.55999755859375,65.5199966430664,64.1500015258789,65.0,45.11641311645508,5799700.0
2015-03-27,BMY,65.19000244140625,66.11000061035156,65.0,65.26000213623047,45.2968864440918,4964400.0
2015-03-30,BMY,65.56999969482422,66.12000274658203,65.29000091552734,65.76000213623047,45.64392852783203,4159200.0
2015-03-31,BMY,65.4800033569336,65.73999786376953,64.5,64.5,44.76937484741211,7823600.0
2015-04-01,BMY,64.19999694824219,64.19999694824219,62.880001068115234,63.560001373291016,44.371456146240234,8836600.0
2015-04-02,BMY,63.720001220703125,63.939998626708984,63.060001373291016,63.22999954223633,44.14107131958008,5025700.0
2015-04-06,BMY,62.7400016784668,63.560001373291016,62.65999984741211,63.0,43.98051071166992,5185800.0
2015-04-07,BMY,63.400001525878906,63.900001525878906,62.97999954223633,63.0,43.98051071166992,4318000.0
2015-04-08,BMY,63.08000183105469,63.849998474121094,62.88999938964844,63.52000045776367,44.343528747558594,4179500.0
2015-04-09,BMY,63.529998779296875,64.0999984741211,62.959999084472656,63.459999084472656,44.3016471862793,4107600.0
2015-04-10,BMY,63.349998474121094,64.88999938964844,63.189998626708984,64.63999938964844,45.12540054321289,4958400.0
2015-04-13,BMY,64.2300033569336,65.5,63.939998626708984,63.95000076293945,44.64371109008789,6215000.0
2015-04-14,BMY,64.18000030517578,64.41000366210938,63.560001373291016,64.02999877929688,44.69955062866211,4484200.0
2015-04-15,BMY,64.38999938964844,64.83000183105469,63.43000030517578,63.43000030517578,44.280696868896484,7056300.0
2015-04-16,BMY,63.29999923706055,63.84000015258789,62.93000030517578,63.68000030517578,44.455223083496094,4107400.0
2015-04-17,BMY,66.08000183105469,66.26000213623047,64.81999969482422,65.3499984741211,45.62105178833008,14386000.0
2015-04-20,BMY,65.7300033569336,66.25,65.23999786376953,65.86000061035156,45.977081298828125,9362400.0
2015-04-21,BMY,67.11000061035156,67.52999877929688,66.08999633789062,66.80999755859375,46.64027786254883,6746500.0
2015-04-22,BMY,66.80999755859375,66.97000122070312,66.3499984741211,66.5999984741211,46.493682861328125,5351700.0
2015-04-23,BMY,66.29000091552734,66.4000015258789,65.69000244140625,66.0,46.07482147216797,4442000.0
2015-04-24,BMY,65.81999969482422,66.12000274658203,65.19999694824219,65.80000305175781,45.935203552246094,5393500.0
2015-04-27,BMY,66.05000305175781,66.16000366210938,64.7300033569336,65.16000366210938,45.48841857910156,7510100.0
2015-04-28,BMY,64.70999908447266,64.86000061035156,63.400001525878906,64.54000091552734,45.05559158325195,8777400.0
2015-04-29,BMY,64.38999938964844,64.9800033569336,63.58000183105469,64.29000091552734,44.88106918334961,4987100.0
2015-04-30,BMY,64.26000213623047,64.66000366210938,63.41999816894531,63.72999954223633,44.49013137817383,6815200.0
2015-05-01,BMY,64.27999877929688,64.73999786376953,64.1500015258789,64.66000366210938,45.139366149902344,4421800.0
2015-05-04,BMY,64.75,65.52999877929688,64.72000122070312,65.31999969482422,45.6001091003418,4645200.0
2015-05-05,BMY,64.69999694824219,65.33999633789062,64.69999694824219,65.02999877929688,45.39766311645508,6069700.0
2015-05-06,BMY,65.1500015258789,65.1500015258789,64.43000030517578,64.66999816894531,45.146339416503906,6448600.0
2015-05-07,BMY,64.56999969482422,65.25,64.51000213623047,65.05000305175781,45.4116325378418,4339800.0
2015-05-08,BMY,65.5999984741211,66.95999908447266,65.5999984741211,66.93000030517578,46.72404861450195,5464300.0
2015-05-11,BMY,66.98999786376953,68.43000030517578,66.94999694824219,68.11000061035156,47.54781723022461,7212700.0
2015-05-12,BMY,67.55000305175781,67.68000030517578,67.08000183105469,67.5,47.121978759765625,5027600.0
2015-05-13,BMY,67.54000091552734,68.01000213623047,67.02999877929688,67.4000015258789,47.05216598510742,4583800.0
2015-05-14,BMY,66.9000015258789,67.87999725341797,66.37000274658203,67.44999694824219,47.08707046508789,6516400.0
2015-05-15,BMY,67.61000061035156,68.12999725341797,67.06999969482422,67.63999938964844,47.2197151184082,6700600.0
2015-05-18,BMY,67.63999938964844,68.12999725341797,67.58999633789062,68.0,47.47102737426758,4286900.0
2015-05-19,BMY,68.04000091552734,68.48999786376953,67.91000366210938,68.2699966430664,47.659515380859375,3937700.0
2015-05-20,BMY,68.41000366210938,69.86000061035156,68.29000091552734,69.08000183105469,48.224979400634766,7379800.0
2015-05-21,BMY,68.94000244140625,69.01000213623047,68.45999908447266,68.88999938964844,48.09233474731445,3987100.0
2015-05-22,BMY,68.7300033569336,68.7300033569336,68.19999694824219,68.30000305175781,47.68046188354492,4419000.0
2015-05-26,BMY,68.0199966430664,68.23999786376953,67.22000122070312,67.5,47.121978759765625,5696300.0
2015-05-27,BMY,67.6500015258789,68.66000366210938,67.44000244140625,68.4000015258789,47.750267028808594,6611400.0
2015-05-28,BMY,68.27999877929688,69.2300033569336,68.19000244140625,69.1500015258789,48.27384567260742,4633700.0
2015-05-29,BMY,69.16000366210938,69.44000244140625,63.15999984741211,64.5999984741211,45.097476959228516,28412600.0
2015-06-01,BMY,66.62999725341797,67.30999755859375,66.01000213623047,66.4800033569336,46.409915924072266,17656700.0
2015-06-02,BMY,66.55000305175781,66.55000305175781,65.2699966430664,65.80000305175781,45.935203552246094,9919000.0
2015-06-03,BMY,65.6500015258789,66.2300033569336,65.41999816894531,65.69999694824219,45.86539840698242,5683400.0
2015-06-04,BMY,65.3499984741211,66.7699966430664,65.18000030517578,65.7699966430664,45.914249420166016,10707800.0
2015-06-05,BMY,65.55999755859375,66.26000213623047,65.02999877929688,66.19999694824219,46.214439392089844,7697600.0
2015-06-08,BMY,65.8499984741211,66.04000091552734,65.1500015258789,65.31999969482422,45.6001091003418,6939700.0
2015-06-09,BMY,65.26000213623047,65.41999816894531,64.9000015258789,65.08000183105469,45.43257141113281,7134300.0
2015-06-10,BMY,65.31999969482422,65.88999938964844,65.05000305175781,65.52999877929688,45.7467041015625,8057000.0
2015-06-11,BMY,65.77999877929688,66.0,65.54000091552734,65.8499984741211,45.97011184692383,6107100.0
2015-06-12,BMY,65.69000244140625,65.94999694824219,64.88999938964844,65.27999877929688,45.57218551635742,6326700.0
2015-06-15,BMY,64.9000015258789,66.18000030517578,64.26000213623047,65.41999816894531,45.66991424560547,6076400.0
2015-06-16,BMY,65.47000122070312,65.98999786376953,65.12000274658203,65.97000122070312,46.05388641357422,3350000.0
2015-06-17,BMY,65.72000122070312,66.5,65.5199966430664,66.30000305175781,46.284263610839844,6432800.0
2015-06-18,BMY,66.31999969482422,67.22000122070312,66.31999969482422,66.62000274658203,46.507633209228516,5485700.0
2015-06-19,BMY,66.48999786376953,67.44000244140625,66.48999786376953,66.80000305175781,46.633304595947266,8432600.0
2015-06-22,BMY,67.30999755859375,67.7300033569336,66.93000030517578,67.05999755859375,46.81481170654297,4327000.0
2015-06-23,BMY,67.23999786376953,68.13999938964844,67.16000366210938,67.33000183105469,47.00328826904297,5639600.0
2015-06-24,BMY,67.29000091552734,67.37999725341797,66.70999908447266,66.80999755859375,46.64027786254883,4104600.0
2015-06-25,BMY,67.0,67.58999633789062,66.73999786376953,66.83999633789062,46.6612434387207,5097500.0
2015-06-26,BMY,67.04000091552734,67.68000030517578,66.94000244140625,67.54000091552734,47.14990234375,17278000.0
2015-06-29,BMY,67.23999786376953,67.48999786376953,65.9000015258789,65.97000122070312,46.05388641357422,4710500.0
2015-06-30,BMY,66.62999725341797,66.70999908447266,65.94000244140625,66.54000091552734,46.4517936706543,6236100.0
2015-07-01,BMY,66.44999694824219,67.70999908447266,66.36000061035156,67.66999816894531,47.50480270385742,7486100.0
2015-07-02,BMY,67.87000274658203,68.08000183105469,67.33999633789062,67.4800033569336,47.371429443359375,5204300.0
2015-07-06,BMY,67.16999816894531,68.19000244140625,67.01000213623047,67.5,47.38546371459961,5896900.0
2015-07-07,BMY,67.88999938964844,68.38999938964844,67.08999633789062,68.2300033569336,47.8979377746582,4782000.0
2015-07-08,BMY,67.87999725341797,68.27999877929688,67.45999908447266,67.73999786376953,47.55396270751953,6179200.0
2015-07-09,BMY,68.44999694824219,68.66000366210938,67.88999938964844,67.88999938964844,47.65925216674805,4953800.0
2015-07-10,BMY,68.66000366210938,69.48999786376953,68.4000015258789,69.2699966430664,48.62801742553711,6123600.0
2015-07-13,BMY,69.6500015258789,69.8499984741211,69.26000213623047,69.66000366210938,48.90179443359375,4573000.0
2015-07-14,BMY,69.66000366210938,70.27999877929688,69.44999694824219,70.05999755859375,49.1826057434082,3546200.0
2015-07-15,BMY,69.94999694824219,70.41999816894531,69.08999633789062,69.27999877929688,48.635032653808594,5218000.0
2015-07-16,BMY,69.68000030517578,69.94999694824219,69.36000061035156,69.37999725341797,48.705238342285156,4139700.0
2015-07-17,BMY,69.26000213623047,69.3499984741211,68.88999938964844,69.29000091552734,48.642059326171875,3522800.0
2015-07-20,BMY,70.44000244140625,70.54000091552734,69.72000122070312,69.97000122070312,49.11943435668945,4758200.0
2015-07-21,BMY,70.11000061035156,70.19999694824219,68.86000061035156,68.87000274658203,48.34721374511719,6107100.0
2015-07-22,BMY,68.79000091552734,69.55000305175781,68.47000122070312,69.37000274658203,48.69821548461914,7786100.0
2015-07-23,BMY,69.66000366210938,69.66000366210938,67.73999786376953,68.23999786376953,47.90495300292969,8947000.0
2015-07-24,BMY,68.06999969482422,68.06999969482422,65.9800033569336,65.9800033569336,46.318424224853516,6866800.0
2015-07-27,BMY,65.69999694824219,65.69999694824219,64.29000091552734,64.30000305175781,45.1390495300293,9237500.0
2015-07-28,BMY,64.44999694824219,64.72000122070312,64.11000061035156,64.66000366210938,45.391780853271484,9173100.0
2015-07-29,BMY,64.98999786376953,65.12000274658203,64.30999755859375,64.88999938964844,45.55323028564453,4920500.0
2015-07-30,BMY,64.55000305175781,64.83000183105469,63.81999969482422,64.45999908447266,45.25136184692383,4168200.0
2015-07-31,BMY,64.80000305175781,66.77999877929688,64.63999938964844,65.63999938964844,46.079734802246094,7955200.0
2015-08-03,BMY,65.94999694824219,66.12999725341797,64.69000244140625,65.33999633789062,45.86912536621094,4611600.0
2015-08-04,BMY,65.47000122070312,65.55000305175781,64.6500015258789,64.83999633789062,45.51811981201172,3890100.0
2015-08-05,BMY,65.11000061035156,65.4800033569336,65.05000305175781,65.05999755859375,45.672569274902344,3902900.0
2015-08-06,BMY,65.12999725341797,65.2699966430664,63.34000015258789,63.540000915527344,44.60551834106445,4732600.0
2015-08-07,BMY,63.5,63.59000015258789,62.15999984741211,63.40999984741211,44.514259338378906,7424000.0
2015-08-10,BMY,63.970001220703125,64.3499984741211,63.84000015258789,63.88999938964844,44.851226806640625,5681500.0
2015-08-11,BMY,63.40999984741211,63.779998779296875,62.369998931884766,62.65999984741211,43.98774719238281,5409100.0
2015-08-12,BMY,62.310001373291016,62.599998474121094,61.27000045776367,62.38999938964844,43.7982177734375,6739200.0
2015-08-13,BMY,62.400001525878906,62.689998626708984,61.79999923706055,62.41999816894531,43.819271087646484,3686900.0
2015-08-14,BMY,62.45000076293945,63.279998779296875,62.40999984741211,63.08000183105469,44.28260040283203,6060600.0
2015-08-17,BMY,62.709999084472656,63.61000061035156,62.56999969482422,63.470001220703125,44.556373596191406,3993800.0
2015-08-18,BMY,63.5,64.62000274658203,63.459999084472656,64.27999877929688,45.12500762939453,7992200.0
2015-08-19,BMY,63.27000045776367,64.97000122070312,63.220001220703125,64.12000274658203,45.0126953125,5245800.0
2015-08-20,BMY,63.4900016784668,63.790000915527344,62.709999084472656,62.709999084472656,44.022850036621094,5334000.0
2015-08-21,BMY,62.2599983215332,62.83000183105469,61.0099983215332,61.06999969482422,42.87156677246094,7516400.0
2015-08-24,BMY,57.9900016784668,60.939998626708984,51.81999969482422,58.650001525878906,41.172706604003906,15215000.0
2015-08-25,BMY,60.189998626708984,60.540000915527344,57.880001068115234,57.880001068115234,40.63215637207031,8146200.0
2015-08-26,BMY,59.310001373291016,60.119998931884766,57.75,60.029998779296875,42.1414680480957,10246500.0
2015-08-27,BMY,60.5099983215332,60.880001068115234,59.47999954223633,60.81999969482422,42.696048736572266,7446900.0
2015-08-28,BMY,60.220001220703125,61.04999923706055,59.77000045776367,60.61000061035156,42.548641204833984,5326300.0
2015-08-31,BMY,60.63999938964844,60.9900016784668,59.279998779296875,59.470001220703125,41.74835205078125,5680000.0
2015-09-01,BMY,58.54999923706055,59.290000915527344,57.939998626708984,58.20000076293945,40.8568115234375,8879100.0
2015-09-02,BMY,58.95000076293945,59.720001220703125,58.54999923706055,59.61000061035156,41.84663391113281,7219300.0
2015-09-03,BMY,60.41999816894531,60.970001220703125,58.61000061035156,58.75,41.24290466308594,8231100.0
2015-09-04,BMY,58.08000183105469,58.47999954223633,56.900001525878906,57.29999923706055,40.22499465942383,9288700.0
2015-09-08,BMY,58.380001068115234,59.08000183105469,56.31999969482422,58.9900016784668,41.411399841308594,11438200.0
2015-09-09,BMY,59.459999084472656,59.52000045776367,57.86000061035156,58.029998779296875,40.73746109008789,7931500.0
2015-09-10,BMY,58.220001220703125,59.150001525878906,58.040000915527344,58.75,41.24290466308594,7520500.0
2015-09-11,BMY,58.5,59.279998779296875,58.4900016784668,59.220001220703125,41.572837829589844,9624000.0
2015-09-14,BMY,59.400001525878906,59.81999969482422,58.81999969482422,59.16999816894531,41.537757873535156,4960600.0
2015-09-15,BMY,59.279998779296875,60.20000076293945,58.84000015258789,60.09000015258789,42.1836051940918,7190000.0
2015-09-16,BMY,60.2400016784668,61.77000045776367,60.099998474121094,61.61000061035156,43.25065231323242,9551000.0
2015-09-17,BMY,61.40999984741211,63.119998931884766,61.279998779296875,62.189998626708984,43.65781021118164,7396400.0
2015-09-18,BMY,62.18000030517578,64.68000030517578,62.040000915527344,64.33999633789062,45.167118072509766,18650300.0
2015-09-21,BMY,64.41999816894531,64.68000030517578,62.20000076293945,62.720001220703125,44.029876708984375,10273300.0
2015-09-22,BMY,61.959999084472656,62.900001525878906,61.349998474121094,62.09000015258789,43.58760070800781,7557900.0
2015-09-23,BMY,62.349998474121094,62.709999084472656,61.470001220703125,61.7400016784668,43.3419075012207,4766700.0
2015-09-24,BMY,61.27000045776367,62.02000045776367,60.45000076293945,61.79999923706055,43.3840217590332,6380600.0
2015-09-25,BMY,62.33000183105469,62.47999954223633,59.630001068115234,60.2400016784668,42.288902282714844,9427800.0
2015-09-28,BMY,59.79999923706055,59.93000030517578,57.029998779296875,57.459999084472656,40.337318420410156,11017400.0
2015-09-29,BMY,57.93000030517578,59.91999816894531,57.41999816894531,58.95000076293945,41.3833122253418,10515100.0
2015-09-30,BMY,59.439998626708984,59.61000061035156,58.61000061035156,59.20000076293945,41.82130813598633,11274700.0
2015-10-01,BMY,59.2599983215332,60.52000045776367,58.970001220703125,60.04999923706055,42.42177963256836,11280900.0
2015-10-02,BMY,59.08000183105469,63.18000030517578,58.959999084472656,62.22999954223633,43.96181106567383,13527800.0
2015-10-05,BMY,62.65999984741211,63.220001220703125,61.33000183105469,61.970001220703125,43.77813720703125,8039900.0
2015-10-06,BMY,61.77000045776367,62.130001068115234,58.38999938964844,59.880001068115234,42.30168151855469,10075500.0
2015-10-07,BMY,59.970001220703125,61.380001068115234,59.060001373291016,60.54999923706055,42.77499771118164,8230700.0
2015-10-08,BMY,60.20000076293945,60.869998931884766,59.599998474121094,60.5099983215332,42.746726989746094,6268600.0
2015-10-09,BMY,59.880001068115234,61.529998779296875,59.81999969482422,61.439998626708984,43.40372848510742,9492100.0
2015-10-12,BMY,60.97999954223633,62.900001525878906,60.650001525878906,62.709999084472656,44.3009147644043,5888300.0
2015-10-13,BMY,62.560001373291016,63.33000183105469,62.130001068115234,62.34000015258789,44.03952407836914,7260600.0
2015-10-14,BMY,62.400001525878906,63.25,61.90999984741211,62.08000183105469,43.85585403442383,4457300.0
2015-10-15,BMY,62.04999923706055,63.720001220703125,61.65999984741211,63.619998931884766,44.94376754760742,4641700.0
2015-10-16,BMY,64.04000091552734,64.70999908447266,63.7599983215332,64.48999786376953,45.55836486816406,5919400.0
2015-10-19,BMY,64.48999786376953,65.48999786376953,64.25,65.08000183105469,45.975162506103516,6023500.0
2015-10-20,BMY,64.93000030517578,64.98999786376953,63.08000183105469,63.88999938964844,45.1345100402832,5965100.0
2015-10-21,BMY,64.23999786376953,64.2699966430664,61.5,62.5099983215332,44.15963363647461,8094400.0
2015-10-22,BMY,62.869998931884766,63.400001525878906,61.689998626708984,63.18000030517578,44.6329345703125,7908000.0
2015-10-23,BMY,63.58000183105469,65.55000305175781,63.47999954223633,65.16000366210938,46.031681060791016,8081600.0
2015-10-26,BMY,64.73999786376953,65.7699966430664,64.3499984741211,64.55000305175781,45.60076141357422,6679500.0
2015-10-27,BMY,65.5,66.9800033569336,64.94999694824219,66.80000305175781,47.19025421142578,9075700.0
2015-10-28,BMY,66.80999755859375,68.16999816894531,66.12000274658203,67.58999633789062,47.74834442138672,6446700.0
2015-10-29,BMY,67.5,68.4800033569336,66.9800033569336,67.30999755859375,47.550533294677734,4570400.0
2015-10-30,BMY,67.33999633789062,67.5999984741211,65.94999694824219,65.94999694824219,46.58977508544922,6458000.0
2015-11-02,BMY,66.55999755859375,66.9000015258789,65.56999969482422,65.75,46.448486328125,7508200.0
2015-11-03,BMY,65.7699966430664,66.2699966430664,65.0999984741211,66.08000183105469,46.68160629272461,5509100.0
2015-11-04,BMY,65.94000244140625,66.13999938964844,65.01000213623047,65.62000274658203,46.35664749145508,5241700.0
2015-11-05,BMY,65.79000091552734,66.0,65.19999694824219,65.55000305175781,46.30719757080078,3918400.0
2015-11-06,BMY,65.4800033569336,65.58000183105469,64.13999938964844,65.44999694824219,46.23656463623047,5504000.0
2015-11-09,BMY,65.08000183105469,65.44000244140625,64.54000091552734,64.98999786376953,45.911598205566406,3987400.0
2015-11-10,BMY,65.02999877929688,65.58999633789062,64.69999694824219,65.05000305175781,45.9539794921875,4024000.0
2015-11-11,BMY,65.38999938964844,65.38999938964844,64.19000244140625,64.23999786376953,45.38176345825195,3980100.0
2015-11-12,BMY,64.08999633789062,64.69000244140625,63.689998626708984,63.720001220703125,45.01441955566406,4037300.0
2015-11-13,BMY,63.7400016784668,64.52999877929688,63.56999969482422,64.1500015258789,45.31818389892578,6239100.0
2015-11-16,BMY,64.1500015258789,65.12999725341797,63.709999084472656,65.0199966430664,45.93278884887695,4660300.0
2015-11-17,BMY,64.93000030517578,66.61000061035156,64.66999816894531,65.7300033569336,46.434349060058594,4959600.0
2015-11-18,BMY,66.0,67.70999908447266,65.95999908447266,67.61000061035156,47.7624626159668,6169900.0
2015-11-19,BMY,67.41999816894531,67.87999725341797,66.73999786376953,66.94000244140625,47.28916549682617,4010200.0
2015-11-20,BMY,67.37000274658203,69.0,67.16000366210938,67.81999969482422,47.910804748535156,6052200.0
2015-11-23,BMY,67.81999969482422,68.45999908447266,67.41000366210938,67.98999786376953,48.030921936035156,5605500.0
2015-11-24,BMY,67.62999725341797,67.94999694824219,67.23999786376953,67.81999969482422,47.910804748535156,6022000.0
2015-11-25,BMY,67.81999969482422,68.44999694824219,67.58999633789062,68.08000183105469,48.09449768066406,3706900.0
2015-11-27,BMY,68.08000183105469,68.44000244140625,67.80999755859375,67.8499984741211,47.93201446533203,1385100.0
2015-11-30,BMY,67.8499984741211,67.98999786376953,66.8499984741211,67.01000213623047,47.3386116027832,6167700.0
2015-12-01,BMY,67.54000091552734,68.37000274658203,66.93000030517578,68.26000213623047,48.221656799316406,5529900.0
2015-12-02,BMY,68.62000274658203,69.70999908447266,67.66000366210938,67.77999877929688,47.8825569152832,5924500.0
2015-12-03,BMY,67.58999633789062,68.04000091552734,66.13999938964844,66.44999694824219,46.94300079345703,6804400.0
2015-12-04,BMY,66.87999725341797,69.30999755859375,66.8499984741211,69.11000061035156,48.82213592529297,6775200.0
2015-12-07,BMY,69.0,69.44999694824219,68.4800033569336,68.83999633789062,48.63139343261719,4865500.0
2015-12-08,BMY,68.37999725341797,69.8499984741211,68.3499984741211,69.4000015258789,49.02699279785156,5215200.0
2015-12-09,BMY,69.0999984741211,69.38999938964844,68.2699966430664,68.55999755859375,48.43359375,4814900.0
2015-12-10,BMY,68.55999755859375,69.41999816894531,68.16999816894531,68.94000244140625,48.702049255371094,3783300.0
2015-12-11,BMY,68.94000244140625,68.94000244140625,67.47000122070312,67.62000274658203,47.76953125,4187000.0
2015-12-14,BMY,67.88999938964844,68.69000244140625,67.33999633789062,68.63999938964844,48.49010467529297,5966900.0
2015-12-15,BMY,69.30000305175781,70.4800033569336,69.30000305175781,70.22000122070312,49.606292724609375,8250200.0
2015-12-16,BMY,70.3499984741211,70.83999633789062,69.06999969482422,70.70999908447266,49.952430725097656,6232300.0
2015-12-17,BMY,70.79000091552734,70.87000274658203,69.20999908447266,69.27999877929688,48.942222595214844,7068700.0
2015-12-18,BMY,68.80999755859375,69.18000030517578,67.62999725341797,67.63999938964844,47.783660888671875,9868500.0
2015-12-21,BMY,68.2300033569336,68.6500015258789,67.30999755859375,68.04000091552734,48.06624221801758,4124000.0
2015-12-22,BMY,68.30000305175781,68.44000244140625,67.36000061035156,68.30999755859375,48.25697326660156,3320700.0
2015-12-23,BMY,68.55000305175781,69.0999984741211,68.23999786376953,68.98999786376953,48.73735809326172,4048900.0
2015-12-24,BMY,68.77999877929688,69.25,68.44000244140625,68.97000122070312,48.723228454589844,1668200.0
2015-12-28,BMY,68.76000213623047,69.18000030517578,68.62999725341797,69.16999816894531,48.864532470703125,3004000.0
2015-12-29,BMY,69.48999786376953,70.13999938964844,69.3499984741211,69.73999786376953,49.267173767089844,4038300.0
2015-12-30,BMY,69.5,70.02999877929688,69.3499984741211,69.5199966430664,49.38084411621094,3445200.0
2015-12-31,BMY,69.12000274658203,69.7300033569336,68.79000091552734,68.79000091552734,48.8623046875,4007000.0
2016-01-04,BMY,67.44999694824219,67.91000366210938,66.37999725341797,67.02999877929688,47.61216354370117,7113700.0
2016-01-05,BMY,67.5,68.9000015258789,67.41999816894531,68.3499984741211,48.549781799316406,7836700.0
2016-01-06,BMY,67.47000122070312,68.2699966430664,66.8499984741211,67.1500015258789,47.697391510009766,6691400.0
2016-01-07,BMY,65.8499984741211,66.69000244140625,64.94999694824219,65.29000091552734,46.376216888427734,8436600.0
2016-01-08,BMY,65.5999984741211,65.79000091552734,63.5,63.630001068115234,45.197105407714844,9076400.0
2016-01-11,BMY,63.709999084472656,63.9900016784668,61.97999954223633,62.97999954223633,44.73541259765625,10337800.0
2016-01-12,BMY,63.25,63.790000915527344,62.119998931884766,63.439998626708984,45.062137603759766,7796200.0
2016-01-13,BMY,63.599998474121094,64.4800033569336,61.189998626708984,61.279998779296875,43.52786636352539,9706400.0
2016-01-14,BMY,61.31999969482422,63.90999984741211,60.88999938964844,63.5099983215332,45.11186599731445,9343600.0
2016-01-15,BMY,61.689998626708984,62.91999816894531,61.06999969482422,62.779998779296875,44.59334945678711,11230600.0
2016-01-19,BMY,63.61000061035156,64.43000030517578,62.560001373291016,63.209999084472656,44.89877700805664,8463200.0
2016-01-20,BMY,62.2400016784668,64.58000183105469,61.79999923706055,63.54999923706055,45.140281677246094,8702900.0
2016-01-21,BMY,63.939998626708984,63.970001220703125,62.5,63.130001068115234,44.841949462890625,5665200.0
2016-01-22,BMY,64.45999908447266,64.80000305175781,63.650001525878906,64.4000015258789,45.744041442871094,6644000.0
2016-01-25,BMY,64.2300033569336,64.41999816894531,62.63999938964844,62.91999816894531,44.692771911621094,7957100.0
2016-01-26,BMY,63.029998779296875,63.04999923706055,61.91999816894531,62.689998626708984,44.529415130615234,5531500.0
2016-01-27,BMY,62.939998626708984,62.95000076293945,61.15999984741211,61.709999084472656,43.83330535888672,7537400.0
2016-01-28,BMY,64.16999816894531,64.25,60.0,61.15999984741211,43.44263458251953,17001400.0
2016-01-29,BMY,61.650001525878906,62.63999938964844,61.15999984741211,62.15999984741211,44.15294647216797,10139300.0
2016-02-01,BMY,61.869998931884766,62.36000061035156,60.04999923706055,60.81999969482422,43.20112609863281,10195800.0
2016-02-02,BMY,60.029998779296875,60.29999923706055,58.459999084472656,58.869998931884766,41.816017150878906,9915400.0
2016-02-03,BMY,59.20000076293945,60.18000030517578,57.939998626708984,60.119998931884766,42.70389938354492,11153900.0
2016-02-04,BMY,59.619998931884766,60.75,59.189998626708984,59.70000076293945,42.405574798583984,7987200.0
2016-02-05,BMY,59.75,60.060001373291016,58.9900016784668,59.630001068115234,42.35587692260742,7129500.0
2016-02-08,BMY,59.040000915527344,61.16999816894531,58.77000045776367,60.720001220703125,43.130096435546875,10656000.0
2016-02-09,BMY,60.27000045776367,61.97999954223633,60.029998779296875,61.02000045776367,43.34319305419922,6391900.0
2016-02-10,BMY,61.25,62.41999816894531,60.91999816894531,61.08000183105469,43.38581085205078,5933600.0
2016-02-11,BMY,59.880001068115234,60.25,58.939998626708984,59.52000045776367,42.27772521972656,6632300.0
2016-02-12,BMY,60.20000076293945,60.40999984741211,59.15999984741211,60.20000076293945,42.76073455810547,5979600.0
2016-02-16,BMY,62.720001220703125,62.720001220703125,61.349998474121094,62.18000030517578,44.16716003417969,7808000.0
2016-02-17,BMY,62.88999938964844,64.0199966430664,61.959999084472656,63.91999816894531,45.4030876159668,6971400.0
2016-02-18,BMY,63.95000076293945,64.0199966430664,62.90999984741211,63.31999969482422,44.97690200805664,6338700.0
2016-02-19,BMY,62.91999816894531,64.54000091552734,62.90999984741211,63.79999923706055,45.31787109375,5873200.0
2016-02-22,BMY,63.900001525878906,64.41999816894531,63.33000183105469,63.70000076293945,45.24681854248047,5821700.0
2016-02-23,BMY,63.279998779296875,63.349998474121094,62.02000045776367,62.06999969482422,44.089012145996094,6293900.0
2016-02-24,BMY,61.84000015258789,62.36000061035156,60.83000183105469,62.22999954223633,44.20266342163086,4825800.0
2016-02-25,BMY,62.630001068115234,63.060001373291016,62.29999923706055,63.029998779296875,44.77091979980469,4499900.0
2016-02-26,BMY,63.349998474121094,63.58000183105469,62.2400016784668,62.25,44.21687698364258,5345100.0
2016-02-29,BMY,62.2599983215332,62.72999954223633,61.91999816894531,61.93000030517578,43.98957443237305,7416300.0
2016-03-01,BMY,62.310001373291016,64.23999786376953,61.91999816894531,64.22000122070312,45.61619567871094,5203800.0
2016-03-02,BMY,64.18000030517578,65.08999633789062,63.709999084472656,64.9000015258789,46.09920120239258,6150500.0
2016-03-03,BMY,64.48999786376953,65.23999786376953,63.63999938964844,65.0,46.170230865478516,8198200.0
2016-03-04,BMY,65.0,65.29000091552734,64.16999816894531,64.70999908447266,45.9642448425293,7112000.0
2016-03-07,BMY,64.5,66.62999725341797,64.44999694824219,66.48999786376953,47.22859573364258,6979800.0
2016-03-08,BMY,66.11000061035156,66.36000061035156,65.7300033569336,66.26000213623047,47.065216064453125,6494600.0
2016-03-09,BMY,66.66000366210938,66.68000030517578,64.94999694824219,65.54000091552734,46.55379867553711,5431200.0
2016-03-10,BMY,66.16999816894531,66.26000213623047,64.4800033569336,64.94000244140625,46.12761306762695,5992100.0
2016-03-11,BMY,65.18000030517578,65.58999633789062,64.54000091552734,64.95999908447266,46.14181137084961,7107600.0
2016-03-14,BMY,64.68000030517578,64.69999694824219,64.01000213623047,64.12000274658203,45.54515838623047,5721800.0
2016-03-15,BMY,63.970001220703125,64.27999877929688,63.31999969482422,63.68000030517578,45.23262405395508,5400300.0
2016-03-16,BMY,63.380001068115234,64.31999969482422,62.209999084472656,62.63999938964844,44.493896484375,8666400.0
2016-03-17,BMY,62.52000045776367,62.61000061035156,60.97999954223633,61.470001220703125,43.66282653808594,9640100.0
2016-03-18,BMY,61.540000915527344,62.83000183105469,61.0,62.83000183105469,44.62885665893555,17343800.0
2016-03-21,BMY,62.529998779296875,62.880001068115234,62.130001068115234,62.70000076293945,44.536529541015625,4002100.0
2016-03-22,BMY,62.58000183105469,63.25,62.380001068115234,62.79999923706055,44.60753631591797,5756300.0
2016-03-23,BMY,63.08000183105469,63.08000183105469,62.2599983215332,62.34000015258789,44.28080749511719,3651500.0
2016-03-24,BMY,62.18000030517578,62.560001373291016,61.72999954223633,62.52000045776367,44.408660888671875,5342100.0
2016-03-28,BMY,62.58000183105469,63.150001525878906,62.220001220703125,62.77000045776367,44.58623123168945,4699300.0
2016-03-29,BMY,62.45000076293945,64.44999694824219,62.33000183105469,64.19000244140625,45.59487533569336,6146300.0
2016-03-30,BMY,63.959999084472656,64.16000366210938,63.20000076293945,63.439998626708984,45.33049011230469,4489200.0
2016-03-31,BMY,63.599998474121094,64.04000091552734,63.29999923706055,63.880001068115234,45.644893646240234,5811600.0
2016-04-01,BMY,63.65999984741211,65.19000244140625,63.5,64.91000366210938,46.38087463378906,5804400.0
2016-04-04,BMY,65.01000213623047,66.33000183105469,64.7699966430664,65.97000122070312,47.13829803466797,5726500.0
2016-04-05,BMY,65.83000183105469,66.80000305175781,65.5999984741211,65.76000213623047,46.98823547363281,4340100.0
2016-04-06,BMY,65.76000213623047,67.13999938964844,65.76000213623047,66.54000091552734,47.545562744140625,5743900.0
2016-04-07,BMY,66.05000305175781,66.62999725341797,65.5999984741211,66.27999877929688,47.359798431396484,6309200.0
2016-04-08,BMY,66.83000183105469,66.93000030517578,65.63999938964844,66.06999969482422,47.20975112915039,4404500.0
2016-04-11,BMY,66.19999694824219,66.48999786376953,65.7699966430664,65.9800033569336,47.14543914794922,3545800.0
2016-04-12,BMY,65.95999908447266,67.29000091552734,65.86000061035156,66.83999633789062,47.759944915771484,4394100.0
2016-04-13,BMY,67.0,67.66000366210938,66.41999816894531,67.56999969482422,48.28155517578125,5643600.0
2016-04-14,BMY,67.66000366210938,68.30999755859375,67.5199966430664,67.87000274658203,48.49592971801758,3456900.0
2016-04-15,BMY,67.94000244140625,68.30000305175781,67.56999969482422,68.05000305175781,48.62453842163086,3247400.0
2016-04-18,BMY,68.08000183105469,68.94999694824219,67.58999633789062,68.86000061035156,49.20330810546875,3346300.0
2016-04-19,BMY,68.8499984741211,69.73999786376953,68.19000244140625,68.91000366210938,49.23905563354492,4019900.0
2016-04-20,BMY,69.18000030517578,69.55000305175781,68.41000366210938,69.2300033569336,49.46768569946289,6918800.0
2016-04-21,BMY,69.0199966430664,70.23999786376953,68.87999725341797,70.16000366210938,50.132225036621094,5420500.0
2016-04-22,BMY,70.25,71.06999969482422,70.25,70.68000030517578,50.503761291503906,5804000.0
2016-04-25,BMY,70.61000061035156,70.83000183105469,70.04000091552734,70.62999725341797,50.468048095703125,4231400.0
2016-04-26,BMY,70.63999938964844,71.06999969482422,70.12999725341797,70.86000061035156,50.63239288330078,4608400.0
2016-04-27,BMY,70.86000061035156,71.0,68.61000061035156,70.2300033569336,50.18223571777344,7572200.0
2016-04-28,BMY,71.77999877929688,73.05999755859375,69.5,72.26000213623047,51.632755279541016,13740700.0
2016-04-29,BMY,72.05999755859375,72.69000244140625,71.37000274658203,72.18000030517578,51.57559585571289,9503400.0
2016-05-02,BMY,72.19000244140625,72.33999633789062,71.48999786376953,71.95999908447266,51.41837692260742,7739100.0
2016-05-03,BMY,71.94999694824219,72.02999877929688,70.75,71.12999725341797,50.825313568115234,5758700.0
2016-05-04,BMY,70.41999816894531,70.94999694824219,70.13999938964844,70.77999877929688,50.575233459472656,6835200.0
2016-05-05,BMY,70.55999755859375,71.19000244140625,70.04000091552734,71.1500015258789,50.839622497558594,6368300.0
2016-05-06,BMY,71.0,71.5,69.87999725341797,71.22000122070312,50.8896369934082,4770100.0
2016-05-09,BMY,71.33999633789062,71.9800033569336,71.29000091552734,71.33999633789062,50.97538375854492,5283500.0
2016-05-10,BMY,71.75,71.75,70.8499984741211,71.52999877929688,51.11113357543945,5758800.0
2016-05-11,BMY,71.31999969482422,71.5199966430664,70.5999984741211,70.80999755859375,50.5966682434082,5356500.0
2016-05-12,BMY,71.04000091552734,71.38999938964844,70.58999633789062,71.27999877929688,50.932498931884766,4922600.0
2016-05-13,BMY,71.2699966430664,71.9000015258789,71.0,71.18000030517578,50.861053466796875,3935200.0
2016-05-16,BMY,71.41999816894531,73.01000213623047,71.0199966430664,72.83000183105469,52.0400505065918,5030700.0
2016-05-17,BMY,72.2300033569336,72.97000122070312,70.9000015258789,71.20999908447266,50.88248825073242,10779600.0
2016-05-18,BMY,70.91000366210938,71.80000305175781,70.63999938964844,71.08999633789062,50.7967414855957,5071000.0
2016-05-19,BMY,70.62999725341797,71.0,69.55999755859375,70.33000183105469,50.25369644165039,5425000.0
2016-05-20,BMY,70.55000305175781,71.16000366210938,70.31999969482422,70.7699966430664,50.568092346191406,5164000.0
2016-05-23,BMY,70.93000030517578,71.0,69.61000061035156,70.4000015258789,50.303707122802734,5905300.0
2016-05-24,BMY,70.94000244140625,71.44000244140625,70.83000183105469,71.2300033569336,50.89677810668945,3878800.0
2016-05-25,BMY,71.30000305175781,71.56999969482422,70.54000091552734,70.69000244140625,50.51091003417969,5810100.0
2016-05-26,BMY,70.54000091552734,70.9800033569336,70.29000091552734,70.7300033569336,50.539520263671875,3995000.0
2016-05-27,BMY,70.94000244140625,71.54000091552734,70.70999908447266,71.30999755859375,50.953941345214844,3630900.0
2016-05-31,BMY,71.36000061035156,71.87999725341797,70.94000244140625,71.69999694824219,51.23262023925781,7162500.0
2016-06-01,BMY,71.70999908447266,72.11000061035156,71.4000015258789,71.87000274658203,51.354087829589844,3726000.0
2016-06-02,BMY,71.91999816894531,73.0,71.79000091552734,73.0,52.161529541015625,4610800.0
2016-06-03,BMY,72.76000213623047,73.37000274658203,72.33000183105469,72.88999938964844,52.082923889160156,5039500.0
2016-06-06,BMY,73.41999816894531,75.12000274658203,73.41000366210938,74.29000091552734,53.08327865600586,9599500.0
2016-06-07,BMY,74.23999786376953,74.6500015258789,73.69000244140625,73.91000366210938,52.81174850463867,5037500.0
2016-06-08,BMY,73.95999908447266,73.98999786376953,73.27999877929688,73.41000366210938,52.45447540283203,5702700.0
2016-06-09,BMY,73.37000274658203,73.70999908447266,72.63999938964844,72.7300033569336,51.96859359741211,5693700.0
2016-06-10,BMY,72.5,72.9800033569336,72.18000030517578,72.6500015258789,51.911415100097656,5007100.0
2016-06-13,BMY,72.66999816894531,73.16999816894531,72.0,72.22000122070312,51.60417938232422,4726800.0
2016-06-14,BMY,72.22000122070312,73.1500015258789,72.16000366210938,73.0999984741211,52.23297119140625,4691900.0
2016-06-15,BMY,73.25,73.76000213623047,72.48999786376953,72.56999969482422,51.854270935058594,5390100.0
2016-06-16,BMY,72.3499984741211,72.5199966430664,70.7699966430664,71.7300033569336,51.25403594970703,10778200.0
2016-06-17,BMY,72.0,72.0,70.12999725341797,70.66999816894531,50.49663162231445,15007700.0
2016-06-20,BMY,71.33000183105469,71.75,70.95999908447266,70.95999908447266,50.70384216308594,5165800.0
2016-06-21,BMY,71.16000366210938,71.5,70.36000061035156,71.25,50.91107940673828,6450900.0
2016-06-22,BMY,71.25,73.44000244140625,71.22000122070312,72.30999755859375,51.668487548828125,8093800.0
2016-06-23,BMY,72.86000061035156,72.91000366210938,72.1500015258789,72.63999938964844,51.90428924560547,5624500.0
2016-06-24,BMY,70.75,71.8499984741211,70.52999877929688,70.61000061035156,50.453773498535156,7414100.0
2016-06-27,BMY,70.38999938964844,71.12999725341797,70.08999633789062,70.31999969482422,50.24653244018555,7473500.0
2016-06-28,BMY,70.94999694824219,72.08000183105469,70.66999816894531,72.01000213623047,51.4541130065918,7066400.0
2016-06-29,BMY,72.12000274658203,73.16999816894531,71.95999908447266,73.0,52.43824768066406,6539800.0
2016-06-30,BMY,73.0999984741211,73.75,72.70999908447266,73.55000305175781,52.83331298828125,5763900.0
2016-07-01,BMY,73.66000366210938,74.16000366210938,73.33000183105469,73.77999877929688,52.998531341552734,3123100.0
2016-07-05,BMY,73.75,74.19000244140625,73.29000091552734,73.77999877929688,52.998531341552734,4255900.0
2016-07-06,BMY,74.01000213623047,74.05999755859375,72.87000274658203,73.86000061035156,53.055999755859375,6517600.0
2016-07-07,BMY,73.8499984741211,74.1500015258789,73.62999725341797,74.08000183105469,53.21403503417969,4056700.0
2016-07-08,BMY,74.29000091552734,75.72000122070312,74.0,75.27999877929688,54.076026916503906,5428100.0
2016-07-11,BMY,75.30000305175781,75.83999633789062,75.02999877929688,75.38999938964844,54.155052185058594,5278000.0
2016-07-12,BMY,75.4800033569336,76.55000305175781,75.4800033569336,76.19999694824219,54.73688888549805,5934800.0
2016-07-13,BMY,76.69000244140625,76.88999938964844,76.0999984741211,76.58000183105469,55.00987243652344,4651000.0
2016-07-14,BMY,76.79000091552734,76.91999816894531,76.29000091552734,76.7699966430664,55.14633560180664,4352600.0
2016-07-15,BMY,77.11000061035156,77.12000274658203,75.08000183105469,76.0,54.59322738647461,7523600.0
2016-07-18,BMY,76.2699966430664,76.36000061035156,75.62000274658203,75.95999908447266,54.564491271972656,3793900.0
2016-07-19,BMY,75.9000015258789,76.19000244140625,75.43000030517578,75.47000122070312,54.21249771118164,3693200.0
2016-07-20,BMY,75.70999908447266,76.04000091552734,75.54000091552734,75.72000122070312,54.392093658447266,3949500.0
2016-07-21,BMY,75.61000061035156,76.08000183105469,75.1500015258789,75.5,54.23406982421875,3376600.0
2016-07-22,BMY,75.5,75.9800033569336,75.0,75.68000030517578,54.36335754394531,5276200.0
2016-07-25,BMY,75.69999694824219,75.75,75.06999969482422,75.55999755859375,54.277191162109375,3989000.0
2016-07-26,BMY,75.77999877929688,75.87000274658203,74.88999938964844,75.05999755859375,53.91800308227539,3826400.0
2016-07-27,BMY,75.19999694824219,76.80000305175781,75.01000213623047,76.47000122070312,54.93083572387695,5542600.0
2016-07-28,BMY,75.41000366210938,76.4800033569336,74.5,74.66000366210938,53.63066101074219,7412600.0
2016-07-29,BMY,74.56999969482422,75.16000366210938,74.22000122070312,74.80999755859375,53.73841857910156,4861100.0
2016-08-01,BMY,75.12999725341797,76.30000305175781,74.88999938964844,76.19000244140625,54.72971725463867,5081900.0
2016-08-02,BMY,76.0199966430664,76.06999969482422,74.70999908447266,75.05000305175781,53.91080856323242,4479000.0
2016-08-03,BMY,74.93000030517578,75.05999755859375,74.25,74.80000305175781,53.73123550415039,4349600.0
2016-08-04,BMY,74.95999908447266,75.62000274658203,74.56999969482422,75.31999969482422,54.10477828979492,3474900.0
2016-08-05,BMY,62.0,64.7699966430664,61.560001373291016,63.279998779296875,45.456050872802734,86212600.0
2016-08-08,BMY,63.5,63.650001525878906,60.0,60.29999923706055,43.3154182434082,60132800.0
2016-08-09,BMY,60.650001525878906,62.25,60.56999969482422,61.61000061035156,44.25643539428711,25005600.0
2016-08-10,BMY,61.77000045776367,61.83000183105469,60.5,60.58000183105469,43.51655960083008,14455100.0
2016-08-11,BMY,60.70000076293945,61.130001068115234,60.25,60.970001220703125,43.79670333862305,14576300.0
2016-08-12,BMY,61.22999954223633,61.29999923706055,60.61000061035156,60.630001068115234,43.55247497558594,9376500.0
2016-08-15,BMY,60.7400016784668,60.86000061035156,60.0099983215332,60.029998779296875,43.12145233154297,12142900.0
2016-08-16,BMY,60.02000045776367,60.38999938964844,59.29999923706055,59.40999984741211,42.67609405517578,13273700.0
2016-08-17,BMY,59.5,59.52000045776367,58.06999969482422,58.29999923706055,41.87874221801758,21007400.0
2016-08-18,BMY,58.27000045776367,59.47999954223633,58.2599983215332,58.68000030517578,42.1517219543457,14693300.0
2016-08-19,BMY,58.7400016784668,59.349998474121094,58.529998779296875,59.290000915527344,42.589900970458984,12134900.0
2016-08-22,BMY,59.650001525878906,59.68000030517578,59.0099983215332,59.2599983215332,42.56834030151367,11133600.0
2016-08-23,BMY,59.5099983215332,60.040000915527344,59.29999923706055,59.86000061035156,42.99935531616211,10583000.0
2016-08-24,BMY,59.79999923706055,60.0,58.400001525878906,58.59000015258789,42.08707046508789,13198700.0
2016-08-25,BMY,58.59000015258789,59.40999984741211,58.36000061035156,58.7599983215332,42.20917892456055,9116500.0
2016-08-26,BMY,58.7599983215332,59.400001525878906,58.540000915527344,58.77000045776367,42.21636962890625,7845200.0
2016-08-29,BMY,58.88999938964844,59.13999938964844,58.459999084472656,58.7599983215332,42.20917892456055,6573300.0
2016-08-30,BMY,58.970001220703125,58.970001220703125,57.15999984741211,57.2400016784668,41.11732482910156,16800500.0
2016-08-31,BMY,57.369998931884766,57.5099983215332,56.91999816894531,57.38999938964844,41.22506332397461,12533900.0
2016-09-01,BMY,57.599998474121094,57.619998931884766,56.4900016784668,56.7599983215332,40.77251434326172,12873900.0
2016-09-02,BMY,56.93000030517578,56.93000030517578,55.11000061035156,56.349998474121094,40.47800064086914,34001000.0
2016-09-06,BMY,56.689998626708984,57.130001068115234,56.119998931884766,56.959999084472656,40.91618728637695,11710600.0
2016-09-07,BMY,57.02000045776367,57.45000076293945,56.41999816894531,56.56999969482422,40.63603591918945,11719300.0
2016-09-08,BMY,56.630001068115234,57.25,56.279998779296875,56.810001373291016,40.80844497680664,11571500.0
2016-09-09,BMY,56.599998474121094,57.0099983215332,55.65999984741211,55.65999984741211,39.98235321044922,12349600.0
2016-09-12,BMY,55.29999923706055,56.439998626708984,55.02000045776367,56.31999969482422,40.45646286010742,9958900.0
2016-09-13,BMY,56.08000183105469,56.130001068115234,55.09000015258789,55.599998474121094,39.939247131347656,9473400.0
2016-09-14,BMY,55.849998474121094,56.09000015258789,55.11000061035156,55.22999954223633,39.6734733581543,9007200.0
2016-09-15,BMY,55.349998474121094,56.34000015258789,55.27000045776367,55.970001220703125,40.20503616333008,9835200.0
2016-09-16,BMY,56.220001220703125,56.40999984741211,55.529998779296875,55.599998474121094,39.939247131347656,12082900.0
2016-09-19,BMY,55.95000076293945,55.970001220703125,55.02000045776367,55.08000183105469,39.56572341918945,10517400.0
2016-09-20,BMY,55.349998474121094,56.279998779296875,55.15999984741211,55.560001373291016,39.910518646240234,9940200.0
2016-09-21,BMY,55.86000061035156,56.119998931884766,55.2599983215332,55.93000030517578,40.17629623413086,11651400.0
2016-09-22,BMY,56.029998779296875,56.650001525878906,55.869998931884766,56.41999816894531,40.52828598022461,10611000.0
2016-09-23,BMY,56.29999923706055,56.95000076293945,56.2599983215332,56.47999954223633,40.571407318115234,8569100.0
2016-09-26,BMY,56.2599983215332,56.310001373291016,55.400001525878906,55.47999954223633,39.853057861328125,8599800.0
2016-09-27,BMY,55.68000030517578,55.88999938964844,55.5,55.7400016784668,40.03982162475586,8619900.0
2016-09-28,BMY,55.810001373291016,55.810001373291016,54.93000030517578,55.09000015258789,39.57291030883789,13768400.0
2016-09-29,BMY,55.2599983215332,55.27000045776367,53.7599983215332,53.869998931884766,38.696537017822266,17228500.0
2016-09-30,BMY,53.93000030517578,54.369998931884766,53.900001525878906,53.91999816894531,38.732452392578125,13326700.0
2016-10-03,BMY,53.939998626708984,54.70000076293945,53.560001373291016,54.65999984741211,39.26401901245117,9697200.0
2016-10-04,BMY,54.900001525878906,55.81999969482422,54.79999923706055,55.209999084472656,39.65911102294922,14042700.0
2016-10-05,BMY,54.900001525878906,55.20000076293945,54.4900016784668,54.790000915527344,39.63016891479492,10964100.0
2016-10-06,BMY,54.56999969482422,55.36000061035156,54.47999954223633,55.04999923706055,39.818241119384766,10955300.0
2016-10-07,BMY,55.220001220703125,55.900001525878906,55.060001373291016,55.43000030517578,40.09309387207031,12714400.0
2016-10-10,BMY,50.790000915527344,51.29999923706055,49.540000915527344,49.810001373291016,36.028076171875,65259700.0
2016-10-11,BMY,49.66999816894531,50.22999954223633,49.5,49.54999923706055,35.840030670166016,24532500.0
2016-10-12,BMY,49.81999969482422,50.970001220703125,49.7400016784668,50.0099983215332,36.17275619506836,18137500.0
2016-10-13,BMY,49.630001068115234,50.4900016784668,49.119998931884766,50.2400016784668,36.339115142822266,15096000.0
2016-10-14,BMY,50.349998474121094,50.650001525878906,49.7599983215332,49.77000045776367,35.99915313720703,13848400.0
2016-10-17,BMY,49.689998626708984,49.790000915527344,49.099998474121094,49.34000015258789,35.68813705444336,11578000.0
2016-10-18,BMY,49.47999954223633,50.349998474121094,49.34000015258789,50.04999923706055,36.20168685913086,8773300.0
2016-10-19,BMY,49.95000076293945,50.18000030517578,49.79999923706055,49.869998931884766,36.07148742675781,7636200.0
2016-10-20,BMY,49.810001373291016,50.47999954223633,49.7599983215332,50.36000061035156,36.42591857910156,9310200.0
2016-10-21,BMY,50.11000061035156,50.45000076293945,49.880001068115234,50.02000045776367,36.17998123168945,8558700.0
2016-10-24,BMY,50.11000061035156,50.16999816894531,49.040000915527344,49.22999954223633,35.60855484008789,12107600.0
2016-10-25,BMY,49.220001220703125,50.130001068115234,49.029998779296875,49.54999923706055,35.840030670166016,10212800.0
2016-10-26,BMY,49.58000183105469,49.7599983215332,49.06999969482422,49.290000915527344,35.65196228027344,8331100.0
2016-10-27,BMY,52.41999816894531,53.16999816894531,50.65999984741211,51.959999084472656,37.58320617675781,31896700.0
2016-10-28,BMY,52.11000061035156,52.220001220703125,50.65999984741211,51.0,36.88882827758789,13798700.0
2016-10-31,BMY,51.04999923706055,51.619998931884766,50.650001525878906,50.90999984741211,36.82373046875,11326200.0
2016-11-01,BMY,50.93000030517578,51.36000061035156,50.380001068115234,50.79999923706055,36.744163513183594,8740800.0
2016-11-02,BMY,50.93000030517578,50.97999954223633,50.529998779296875,50.56999969482422,36.57780456542969,8197300.0
2016-11-03,BMY,50.5099983215332,50.880001068115234,50.099998474121094,50.209999084472656,36.317413330078125,14924800.0
2016-11-04,BMY,50.5,51.45000076293945,50.459999084472656,51.0099983215332,36.89605712890625,12818000.0
2016-11-07,BMY,51.70000076293945,53.099998474121094,51.59000015258789,52.619998931884766,38.06058883666992,12825300.0
2016-11-08,BMY,52.290000915527344,53.34000015258789,52.02000045776367,53.15999984741211,38.45117950439453,10094000.0
2016-11-09,BMY,55.25,57.29999923706055,54.900001525878906,56.29999923706055,40.722381591796875,28681000.0
2016-11-10,BMY,57.0,57.54999923706055,56.220001220703125,56.65999984741211,40.982765197753906,17744300.0
2016-11-11,BMY,56.310001373291016,56.72999954223633,55.880001068115234,56.369998931884766,40.77299880981445,12438300.0
2016-11-14,BMY,56.65999984741211,56.849998474121094,56.02000045776367,56.560001373291016,40.910438537597656,7234900.0
2016-11-15,BMY,56.72999954223633,56.790000915527344,55.7599983215332,56.689998626708984,41.004459381103516,9312800.0
2016-11-16,BMY,56.70000076293945,56.720001220703125,55.93000030517578,56.20000076293945,40.65004348754883,8935500.0
2016-11-17,BMY,56.75,57.099998474121094,56.060001373291016,56.68000030517578,40.99723434448242,6820500.0
2016-11-18,BMY,56.58000183105469,56.84000015258789,56.25,56.7599983215332,41.05508804321289,7387400.0
2016-11-21,BMY,56.709999084472656,56.849998474121094,56.400001525878906,56.72999954223633,41.03339767456055,11312300.0
2016-11-22,BMY,56.65999984741211,56.900001525878906,56.2599983215332,56.54999923706055,40.9031867980957,10350000.0
2016-11-23,BMY,56.04999923706055,56.779998779296875,55.779998779296875,56.75,41.0478630065918,10151000.0
2016-11-25,BMY,56.849998474121094,57.13999938964844,56.709999084472656,56.97999954223633,41.21421432495117,6228600.0
2016-11-28,BMY,56.91999816894531,56.959999084472656,56.25,56.5099983215332,40.874271392822266,8724200.0
2016-11-29,BMY,56.619998931884766,56.88999938964844,56.13999938964844,56.36000061035156,40.76577377319336,9818900.0
2016-11-30,BMY,56.290000915527344,56.689998626708984,56.0,56.439998626708984,40.823631286621094,16418900.0
2016-12-01,BMY,55.939998626708984,56.27000045776367,55.439998626708984,55.79999923706055,40.36072540283203,12719600.0
2016-12-02,BMY,55.689998626708984,56.11000061035156,55.29999923706055,55.959999084472656,40.47645950317383,9281500.0
2016-12-05,BMY,55.86000061035156,55.959999084472656,55.22999954223633,55.54999923706055,40.17988586425781,9904400.0
2016-12-06,BMY,55.709999084472656,56.040000915527344,55.560001373291016,56.029998779296875,40.527076721191406,5924400.0
2016-12-07,BMY,55.54999923706055,55.68000030517578,54.36000061035156,55.2400016784668,39.955665588378906,12210800.0
2016-12-08,BMY,54.93000030517578,55.41999816894531,54.779998779296875,55.22999954223633,39.94843673706055,8191200.0
2016-12-09,BMY,55.15999984741211,57.18000030517578,55.099998474121094,57.040000915527344,41.25762176513672,11782800.0
2016-12-12,BMY,56.83000183105469,56.970001220703125,56.400001525878906,56.54999923706055,40.9031867980957,8829300.0
2016-12-13,BMY,57.0,57.34000015258789,56.70000076293945,57.16999816894531,41.351646423339844,6902800.0
2016-12-14,BMY,57.29999923706055,58.52000045776367,57.27000045776367,58.5,42.31365966796875,12603900.0
2016-12-15,BMY,58.5099983215332,59.79999923706055,58.279998779296875,58.650001525878906,42.422149658203125,13210800.0
2016-12-16,BMY,58.91999816894531,59.04999923706055,58.20000076293945,58.619998931884766,42.400455474853516,12218200.0
2016-12-19,BMY,59.040000915527344,59.849998474121094,59.02000045776367,59.41999816894531,42.979095458984375,8399100.0
2016-12-20,BMY,59.29999923706055,59.529998779296875,58.939998626708984,59.119998931884766,42.76211166381836,3918800.0
2016-12-21,BMY,59.22999954223633,59.58000183105469,58.68000030517578,58.689998626708984,42.451087951660156,4471200.0
2016-12-22,BMY,58.7400016784668,58.97999954223633,58.52000045776367,58.7599983215332,42.50171661376953,4812000.0
2016-12-23,BMY,58.849998474121094,59.93000030517578,58.77000045776367,59.61000061035156,43.11652374267578,5412800.0
2016-12-27,BMY,59.61000061035156,59.75,59.290000915527344,59.33000183105469,42.91400146484375,4251900.0
2016-12-28,BMY,59.290000915527344,59.439998626708984,58.540000915527344,58.61000061035156,42.39320755004883,4249100.0
2016-12-29,BMY,58.810001373291016,59.189998626708984,58.630001068115234,58.900001525878906,42.60298156738281,3642700.0
2016-12-30,BMY,58.86000061035156,58.959999084472656,58.209999084472656,58.439998626708984,42.27025604248047,7008900.0
2017-01-03,BMY,58.779998779296875,59.68000030517578,58.58000183105469,59.45000076293945,43.00081253051758,10061700.0
2017-01-04,BMY,59.459999084472656,59.75,59.029998779296875,59.13999938964844,43.05903244018555,6703400.0
2017-01-05,BMY,59.38999938964844,60.41999816894531,59.310001373291016,60.130001068115234,43.77985382080078,8422300.0
2017-01-06,BMY,60.040000915527344,60.33000183105469,58.849998474121094,59.95000076293945,43.648799896240234,10104600.0
2017-01-09,BMY,59.75,59.91999816894531,59.650001525878906,59.72999954223633,43.488616943359375,5263000.0
2017-01-10,BMY,59.779998779296875,60.45000076293945,59.720001220703125,59.97999954223633,43.6706428527832,6103700.0
2017-01-11,BMY,58.119998931884766,58.869998931884766,56.529998779296875,56.79999923706055,41.3553352355957,20497900.0
2017-01-12,BMY,56.5,56.779998779296875,56.02000045776367,56.54999923706055,41.17330551147461,9977900.0
2017-01-13,BMY,56.560001373291016,56.72999954223633,56.04999923706055,56.220001220703125,40.93303298950195,7660200.0
2017-01-17,BMY,55.88999938964844,56.58000183105469,55.209999084472656,56.279998779296875,40.976722717285156,10416300.0
2017-01-18,BMY,56.5099983215332,56.54999923706055,55.88999938964844,56.06999969482422,40.823822021484375,6639200.0
2017-01-19,BMY,56.099998474121094,56.310001373291016,55.34000015258789,55.4900016784668,40.40154266357422,7122300.0
2017-01-20,BMY,55.4900016784668,55.4900016784668,48.91999816894531,49.22999954223633,35.843711853027344,77021200.0
2017-01-23,BMY,49.529998779296875,50.310001373291016,49.150001525878906,50.0,36.404335021972656,23886100.0
2017-01-24,BMY,50.04999923706055,50.13999938964844,48.93000030517578,48.959999084472656,35.647125244140625,17172800.0
2017-01-25,BMY,49.34000015258789,49.56999969482422,48.79999923706055,49.54999923706055,36.076690673828125,15978500.0
2017-01-26,BMY,48.59000015258789,49.5099983215332,46.0099983215332,46.81999969482422,34.089012145996094,44800800.0
2017-01-27,BMY,47.2599983215332,48.619998931884766,47.119998931884766,47.7400016784668,34.75886154174805,22918700.0
2017-01-30,BMY,48.220001220703125,49.099998474121094,47.959999084472656,48.689998626708984,35.4505500793457,15738200.0
2017-01-31,BMY,48.400001525878906,49.41999816894531,48.209999084472656,49.15999984741211,35.7927360534668,15094000.0
2017-02-01,BMY,49.130001068115234,49.31999969482422,48.31999969482422,49.290000915527344,35.88739776611328,16021900.0
2017-02-02,BMY,49.349998474121094,50.88999938964844,49.27000045776367,50.5,36.768375396728516,18610200.0
2017-02-03,BMY,50.599998474121094,50.90999984741211,50.36000061035156,50.779998779296875,36.97224807739258,10934000.0
2017-02-06,BMY,50.650001525878906,51.09000015258789,50.560001373291016,51.040000915527344,37.16154479980469,8263400.0
2017-02-07,BMY,51.4900016784668,52.31999969482422,51.2599983215332,51.65999984741211,37.61295700073242,15747800.0
2017-02-08,BMY,51.290000915527344,52.119998931884766,51.119998931884766,52.0,37.86050033569336,12236500.0
2017-02-09,BMY,52.0,52.25,51.459999084472656,51.5099983215332,37.50373840332031,5813100.0
2017-02-10,BMY,51.61000061035156,51.970001220703125,51.52000045776367,51.650001525878906,37.60568618774414,5845600.0
2017-02-13,BMY,51.83000183105469,52.09000015258789,51.619998931884766,52.029998779296875,37.88234329223633,6769700.0
2017-02-14,BMY,52.310001373291016,54.27000045776367,52.09000015258789,53.709999084472656,39.105533599853516,19785200.0
2017-02-15,BMY,53.70000076293945,55.34000015258789,53.599998474121094,55.029998779296875,40.06660079956055,11860800.0
2017-02-16,BMY,55.08000183105469,55.15999984741211,53.91999816894531,54.279998779296875,39.520545959472656,9917100.0
2017-02-17,BMY,54.29999923706055,54.720001220703125,54.08000183105469,54.59000015258789,39.746253967285156,9706100.0
2017-02-21,BMY,54.40999984741211,57.209999084472656,53.40999984741211,54.779998779296875,39.88459014892578,26919300.0
2017-02-22,BMY,55.4900016784668,56.45000076293945,55.290000915527344,55.349998474121094,40.299598693847656,21293700.0
2017-02-23,BMY,55.630001068115234,56.09000015258789,55.02000045776367,55.77000045776367,40.605403900146484,14410400.0
2017-02-24,BMY,55.91999816894531,56.470001220703125,55.880001068115234,56.439998626708984,41.09321212768555,11382500.0
2017-02-27,BMY,56.5,57.0,56.2400016784668,56.560001373291016,41.18058776855469,11285300.0
2017-02-28,BMY,56.540000915527344,56.93000030517578,56.209999084472656,56.709999084472656,41.28978729248047,9046000.0
2017-03-01,BMY,57.0,57.2400016784668,56.52000045776367,57.18000030517578,41.631996154785156,13349300.0
2017-03-02,BMY,56.88999938964844,57.4900016784668,56.59000015258789,56.86000061035156,41.399009704589844,12103700.0
2017-03-03,BMY,56.7400016784668,57.34000015258789,56.630001068115234,57.2599983215332,41.690250396728516,9645800.0
2017-03-06,BMY,57.02000045776367,57.22999954223633,56.22999954223633,56.970001220703125,41.479095458984375,7917200.0
2017-03-07,BMY,56.27000045776367,56.630001068115234,55.779998779296875,56.33000183105469,41.013126373291016,16970300.0
2017-03-08,BMY,56.33000183105469,57.5,56.220001220703125,57.119998931884766,41.588314056396484,13556400.0
2017-03-09,BMY,57.369998931884766,58.04999923706055,57.20000076293945,57.9900016784668,42.221744537353516,7535200.0
2017-03-10,BMY,58.029998779296875,58.540000915527344,57.810001373291016,58.31999969482422,42.462013244628906,8547300.0
2017-03-13,BMY,58.29999923706055,58.29999923706055,56.86000061035156,56.93000030517578,41.44997787475586,11689400.0
2017-03-14,BMY,56.95000076293945,57.599998474121094,56.58000183105469,56.689998626708984,41.27522659301758,11746400.0
2017-03-15,BMY,56.66999816894531,57.93000030517578,56.66999816894531,57.650001525878906,41.97419738769531,10337700.0
2017-03-16,BMY,57.33000183105469,57.58000183105469,57.119998931884766,57.310001373291016,41.72665023803711,9903900.0
2017-03-17,BMY,57.22999954223633,57.25,56.11000061035156,56.290000915527344,40.984004974365234,15881900.0
2017-03-20,BMY,56.33000183105469,56.709999084472656,56.2400016784668,56.40999984741211,41.07136917114258,8481400.0
2017-03-21,BMY,56.5,56.65999984741211,55.380001068115234,55.709999084472656,40.56169891357422,9394500.0
2017-03-22,BMY,55.70000076293945,56.41999816894531,55.16999816894531,56.36000061035156,41.03496170043945,9808300.0
2017-03-23,BMY,56.08000183105469,56.529998779296875,55.68000030517578,55.77000045776367,40.605403900146484,7624700.0
2017-03-24,BMY,55.869998931884766,56.25,55.68000030517578,55.88999938964844,40.6927604675293,6170600.0
2017-03-27,BMY,55.599998474121094,56.349998474121094,55.529998779296875,56.040000915527344,40.80198287963867,11139700.0
2017-03-28,BMY,56.040000915527344,56.369998931884766,55.93000030517578,56.20000076293945,40.91846466064453,8525900.0
2017-03-29,BMY,56.16999816894531,56.54999923706055,55.93000030517578,55.95000076293945,40.73644256591797,6136200.0
2017-03-30,BMY,55.959999084472656,56.0,55.25,55.36000061035156,40.30687713623047,8147500.0
2017-03-31,BMY,55.29999923706055,55.66999816894531,54.15999984741211,54.380001068115234,39.593353271484375,12390400.0
2017-04-03,BMY,54.529998779296875,55.15999984741211,53.869998931884766,54.209999084472656,39.46957778930664,16315800.0
2017-04-04,BMY,54.209999084472656,54.349998474121094,53.95000076293945,54.13999938964844,39.41861343383789,8996700.0
2017-04-05,BMY,53.9900016784668,54.130001068115234,53.0,53.08000183105469,38.92726516723633,10095800.0
2017-04-06,BMY,53.04999923706055,53.529998779296875,52.5099983215332,53.290000915527344,39.081260681152344,7404700.0
2017-04-07,BMY,53.27000045776367,53.65999984741211,52.880001068115234,53.41999816894531,39.176597595214844,7969300.0
2017-04-10,BMY,53.349998474121094,53.709999084472656,53.20000076293945,53.349998474121094,39.12525177001953,7409100.0
2017-04-11,BMY,53.290000915527344,53.439998626708984,52.939998626708984,52.97999954223633,38.853912353515625,6996500.0
2017-04-12,BMY,52.81999969482422,53.13999938964844,52.75,52.9900016784668,38.861244201660156,7193000.0
2017-04-13,BMY,53.04999923706055,53.189998626708984,52.779998779296875,52.83000183105469,38.74391555786133,7169400.0
2017-04-17,BMY,52.75,53.220001220703125,52.529998779296875,52.95000076293945,38.8319091796875,6471400.0
2017-04-18,BMY,52.68000030517578,53.150001525878906,52.59000015258789,52.93000030517578,38.8172492980957,8036700.0
2017-04-19,BMY,53.0,53.65999984741211,52.880001068115234,53.20000076293945,39.015262603759766,8140600.0
2017-04-20,BMY,53.40999984741211,53.560001373291016,53.189998626708984,53.439998626708984,39.19126510620117,6092500.0
2017-04-21,BMY,53.400001525878906,53.709999084472656,53.150001525878906,53.47999954223633,39.220611572265625,5224400.0
2017-04-24,BMY,53.849998474121094,54.0,53.5099983215332,53.54999923706055,39.27193832397461,9783300.0
2017-04-25,BMY,53.650001525878906,54.31999969482422,53.650001525878906,53.939998626708984,39.55795669555664,9321100.0
2017-04-26,BMY,54.04999923706055,54.650001525878906,53.709999084472656,53.77000045776367,39.43327713012695,9453900.0
2017-04-27,BMY,55.36000061035156,56.130001068115234,54.619998931884766,55.66999816894531,40.826683044433594,15317800.0
2017-04-28,BMY,55.70000076293945,56.33000183105469,55.369998931884766,56.04999923706055,41.105350494384766,8248700.0
2017-05-01,BMY,56.34000015258789,56.83000183105469,55.90999984741211,56.310001373291016,41.2960319519043,7420300.0
2017-05-02,BMY,56.34000015258789,56.790000915527344,55.54999923706055,55.95000076293945,41.03201675415039,17278100.0
2017-05-03,BMY,55.4900016784668,55.58000183105469,54.720001220703125,55.060001373291016,40.37932586669922,10651100.0
2017-05-04,BMY,55.06999969482422,55.54999923706055,54.95000076293945,55.189998626708984,40.47466278076172,6205100.0
2017-05-05,BMY,55.25,55.33000183105469,54.959999084472656,55.150001525878906,40.445343017578125,5938300.0
2017-05-08,BMY,54.9900016784668,55.18000030517578,54.540000915527344,54.939998626708984,40.29133224487305,4730500.0
2017-05-09,BMY,54.880001068115234,55.47999954223633,54.75,55.31999969482422,40.56999206542969,7134600.0
2017-05-10,BMY,55.18000030517578,55.310001373291016,54.880001068115234,55.13999938964844,40.43799591064453,6361400.0
2017-05-11,BMY,55.13999938964844,55.65999984741211,54.88999938964844,55.13999938964844,40.43799591064453,6810200.0
2017-05-12,BMY,55.20000076293945,55.380001068115234,54.79999923706055,55.029998779296875,40.357322692871094,5177000.0
2017-05-15,BMY,55.029998779296875,55.22999954223633,54.83000183105469,55.099998474121094,40.408668518066406,4935000.0
2017-05-16,BMY,55.0,55.279998779296875,54.20000076293945,54.38999938964844,39.887962341308594,9259500.0
2017-05-17,BMY,54.38999938964844,54.619998931884766,53.70000076293945,54.40999984741211,39.90263366699219,7724300.0
2017-05-18,BMY,54.20000076293945,54.4900016784668,53.31999969482422,53.779998779296875,39.44061279296875,12419900.0
2017-05-19,BMY,53.81999969482422,54.279998779296875,53.81999969482422,54.02000045776367,39.61662292480469,8640900.0
2017-05-22,BMY,54.02000045776367,54.34000015258789,53.880001068115234,54.099998474121094,39.6753044128418,4462800.0
2017-05-23,BMY,54.15999984741211,54.43000030517578,54.13999938964844,54.209999084472656,39.75596237182617,7187100.0
2017-05-24,BMY,54.45000076293945,54.45000076293945,53.470001220703125,53.81999969482422,39.46995162963867,6460700.0
2017-05-25,BMY,53.88999938964844,54.58000183105469,53.689998626708984,54.38999938964844,39.887962341308594,8493100.0
2017-05-26,BMY,54.369998931884766,54.81999969482422,53.900001525878906,53.970001220703125,39.579952239990234,4968200.0
2017-05-30,BMY,53.93000030517578,54.2400016784668,53.7599983215332,53.93000030517578,39.55061721801758,7137500.0
2017-05-31,BMY,54.13999938964844,54.349998474121094,53.86000061035156,53.95000076293945,39.56529998779297,8140700.0
2017-06-01,BMY,54.0,54.529998779296875,53.880001068115234,54.529998779296875,39.99064254760742,6561600.0
2017-06-02,BMY,54.709999084472656,55.16999816894531,54.5099983215332,54.970001220703125,40.31332778930664,7470900.0
2017-06-05,BMY,53.7599983215332,54.36000061035156,52.209999084472656,52.36000061035156,38.39923095703125,18743100.0
2017-06-06,BMY,52.29999923706055,52.400001525878906,51.630001068115234,51.65999984741211,37.885868072509766,11724700.0
2017-06-07,BMY,51.86000061035156,52.58000183105469,51.560001373291016,52.56999969482422,38.55323028564453,10562700.0
2017-06-08,BMY,52.56999969482422,53.36000061035156,52.54999923706055,52.849998474121094,38.758583068847656,8687200.0
2017-06-09,BMY,52.77000045776367,54.18000030517578,52.650001525878906,53.75,39.418609619140625,7553100.0
2017-06-12,BMY,53.75,54.36000061035156,53.4900016784668,54.36000061035156,39.86597442626953,8766700.0
2017-06-13,BMY,54.189998626708984,54.31999969482422,53.900001525878906,54.189998626708984,39.74128341674805,4776800.0
2017-06-14,BMY,54.2400016784668,54.810001373291016,54.130001068115234,54.52000045776367,39.98331069946289,5622400.0
2017-06-15,BMY,54.4900016784668,54.72999954223633,54.02000045776367,54.279998779296875,39.80729675292969,5679700.0
2017-06-16,BMY,54.52000045776367,54.599998474121094,53.61000061035156,54.459999084472656,39.939300537109375,12535400.0
2017-06-19,BMY,54.459999084472656,55.369998931884766,54.31999969482422,55.220001220703125,40.49666213989258,6210600.0
2017-06-20,BMY,55.27000045776367,56.40999984741211,55.099998474121094,55.65999984741211,40.81935119628906,7461100.0
2017-06-21,BMY,55.75,56.58000183105469,55.599998474121094,56.06999969482422,41.120033264160156,8783600.0
2017-06-22,BMY,56.27000045776367,57.900001525878906,56.150001525878906,57.33000183105469,42.04407501220703,8289600.0
2017-06-23,BMY,57.27000045776367,57.36000061035156,56.2400016784668,56.63999938964844,41.538063049316406,20794800.0
2017-06-26,BMY,56.720001220703125,57.27000045776367,56.349998474121094,56.91999816894531,41.74338912963867,5595900.0
2017-06-27,BMY,56.79999923706055,56.86000061035156,55.849998474121094,55.900001525878906,40.99535369873047,5477500.0
2017-06-28,BMY,56.150001525878906,56.380001068115234,55.77000045776367,55.869998931884766,40.97336196899414,5126300.0
2017-06-29,BMY,55.90999984741211,56.130001068115234,55.4900016784668,55.81999969482422,40.936676025390625,5037800.0
2017-06-30,BMY,55.9900016784668,56.06999969482422,55.68000030517578,55.720001220703125,40.86335372924805,4679700.0
2017-07-03,BMY,56.27000045776367,56.880001068115234,56.18000030517578,56.27000045776367,41.26671600341797,6257600.0
2017-07-05,BMY,56.27000045776367,56.38999938964844,55.54999923706055,56.349998474121094,41.61378860473633,5887400.0
2017-07-06,BMY,56.099998474121094,56.209999084472656,55.20000076293945,55.279998779296875,40.8236083984375,5546100.0
2017-07-07,BMY,55.5099983215332,56.0,55.08000183105469,55.90999984741211,41.28886413574219,5487500.0
2017-07-10,BMY,56.099998474121094,56.31999969482422,55.81999969482422,55.93000030517578,41.30363082885742,4050800.0
2017-07-11,BMY,55.810001373291016,56.099998474121094,55.099998474121094,55.33000183105469,40.86054229736328,4630300.0
2017-07-12,BMY,55.63999938964844,56.2400016784668,54.849998474121094,55.040000915527344,40.64636993408203,9081000.0
2017-07-13,BMY,55.060001373291016,55.18000030517578,54.220001220703125,54.66999816894531,40.373146057128906,8130900.0
2017-07-14,BMY,54.810001373291016,55.45000076293945,54.5,55.150001525878906,40.727603912353516,6042900.0
2017-07-17,BMY,55.279998779296875,55.529998779296875,54.58000183105469,54.790000915527344,40.46175003051758,3719200.0
2017-07-18,BMY,54.77000045776367,54.81999969482422,54.41999816894531,54.7400016784668,40.424835205078125,3701400.0
2017-07-19,BMY,54.77000045776367,55.20000076293945,54.61000061035156,55.06999969482422,40.668540954589844,3321700.0
2017-07-20,BMY,55.279998779296875,55.720001220703125,55.18000030517578,55.439998626708984,40.941768646240234,3862400.0
2017-07-21,BMY,55.40999984741211,55.77000045776367,55.380001068115234,55.650001525878906,41.09685134887695,5009100.0
2017-07-24,BMY,55.650001525878906,55.939998626708984,55.150001525878906,55.599998474121094,41.059932708740234,6700900.0
2017-07-25,BMY,55.86000061035156,56.18000030517578,55.77000045776367,55.95000076293945,41.31840515136719,7312900.0
2017-07-26,BMY,55.95000076293945,56.150001525878906,55.5,55.97999954223633,41.340553283691406,8049300.0
2017-07-27,BMY,53.33000183105469,54.439998626708984,52.060001373291016,54.2400016784668,40.05558776855469,21645100.0
2017-07-28,BMY,54.2400016784668,55.59000015258789,53.939998626708984,55.27000045776367,40.81623077392578,9099600.0
2017-07-31,BMY,55.59000015258789,57.20000076293945,55.5,56.900001525878906,42.019962310791016,10824300.0
2017-08-01,BMY,57.150001525878906,57.16999816894531,55.66999816894531,56.11000061035156,41.43655014038086,11075300.0
2017-08-02,BMY,56.290000915527344,56.45000076293945,55.099998474121094,55.22999954223633,40.78668975830078,6294200.0
2017-08-03,BMY,55.099998474121094,55.880001068115234,55.08000183105469,55.5,40.98607635498047,5484400.0
2017-08-04,BMY,55.560001373291016,56.220001220703125,55.52000045776367,55.95000076293945,41.31840515136719,4161500.0
2017-08-07,BMY,56.0,56.349998474121094,55.56999969482422,56.29999923706055,41.57686233520508,5126000.0
2017-08-08,BMY,56.349998474121094,57.56999969482422,56.29999923706055,56.90999984741211,42.02734375,7887200.0
2017-08-09,BMY,56.790000915527344,57.560001373291016,56.5099983215332,57.400001525878906,42.38919448852539,7675600.0
2017-08-10,BMY,57.25,57.25,56.54999923706055,56.59000015258789,41.7910270690918,5134600.0
2017-08-11,BMY,56.61000061035156,57.0099983215332,56.40999984741211,56.72999954223633,41.8944206237793,4060500.0
2017-08-14,BMY,56.959999084472656,57.7599983215332,56.70000076293945,57.619998931884766,42.551673889160156,5654300.0
2017-08-15,BMY,57.65999984741211,57.9900016784668,57.5,57.869998931884766,42.736297607421875,5843300.0
2017-08-16,BMY,57.33000183105469,57.689998626708984,56.939998626708984,57.5,42.46306228637695,7881300.0
2017-08-17,BMY,57.47999954223633,57.529998779296875,56.72999954223633,56.77000045776367,41.92396926879883,4393700.0
2017-08-18,BMY,56.68000030517578,56.939998626708984,56.40999984741211,56.41999816894531,41.66547775268555,4809900.0
2017-08-21,BMY,56.41999816894531,56.91999816894531,56.25,56.63999938964844,41.82794952392578,4879400.0
2017-08-22,BMY,56.790000915527344,57.79999923706055,56.650001525878906,57.66999816894531,42.58860397338867,4441000.0
2017-08-23,BMY,57.630001068115234,58.16999816894531,57.43000030517578,57.869998931884766,42.736297607421875,4017400.0
2017-08-24,BMY,57.97999954223633,58.34000015258789,57.79999923706055,58.16999816894531,42.95783996582031,4471000.0
2017-08-25,BMY,58.290000915527344,58.66999816894531,58.18000030517578,58.369998931884766,43.10554504394531,4070300.0
2017-08-28,BMY,58.63999938964844,58.88999938964844,58.45000076293945,58.58000183105469,43.260616302490234,3292300.0
2017-08-29,BMY,58.349998474121094,59.02000045776367,58.18000030517578,58.86000061035156,43.46739959716797,3983700.0
2017-08-30,BMY,58.869998931884766,59.70000076293945,58.81999969482422,59.380001068115234,43.85141372680664,5327800.0
2017-08-31,BMY,59.630001068115234,60.75,59.61000061035156,60.47999954223633,44.663761138916016,9716900.0
2017-09-01,BMY,60.36000061035156,60.650001525878906,59.720001220703125,59.900001525878906,44.23543167114258,6283700.0
2017-09-05,BMY,59.540000915527344,60.220001220703125,59.38999938964844,59.810001373291016,44.168975830078125,4310400.0
2017-09-06,BMY,60.0,60.290000915527344,59.77000045776367,59.869998931884766,44.21327209472656,5389300.0
2017-09-07,BMY,60.5,63.470001220703125,60.4900016784668,62.84000015258789,46.406585693359375,17301900.0
2017-09-08,BMY,62.7400016784668,63.18000030517578,62.22999954223633,62.619998931884766,46.24411392211914,6579300.0
2017-09-11,BMY,62.619998931884766,63.13999938964844,62.13999938964844,62.720001220703125,46.31796646118164,6086500.0
2017-09-12,BMY,62.439998626708984,63.09000015258789,62.41999816894531,63.02000045776367,46.53950881958008,4780700.0
2017-09-13,BMY,62.880001068115234,63.08000183105469,62.22999954223633,62.47999954223633,46.140724182128906,4357000.0
2017-09-14,BMY,62.380001068115234,63.11000061035156,62.31999969482422,62.689998626708984,46.29581069946289,5347100.0
2017-09-15,BMY,62.900001525878906,63.380001068115234,62.310001373291016,62.47999954223633,46.140724182128906,10407600.0
2017-09-18,BMY,62.4900016784668,63.209999084472656,62.27000045776367,62.70000076293945,46.30318832397461,6975900.0
2017-09-19,BMY,62.70000076293945,63.130001068115234,62.59000015258789,62.93000030517578,46.473045349121094,4844300.0
2017-09-20,BMY,62.91999816894531,63.720001220703125,62.720001220703125,63.4900016784668,46.886600494384766,5561300.0
2017-09-21,BMY,63.349998474121094,63.7400016784668,63.029998779296875,63.33000183105469,46.76845169067383,5250100.0
2017-09-22,BMY,63.33000183105469,63.54999923706055,63.040000915527344,63.36000061035156,46.79058837890625,3667700.0
2017-09-25,BMY,63.33000183105469,63.689998626708984,63.060001373291016,63.189998626708984,46.66504669189453,5959000.0
2017-09-26,BMY,63.119998931884766,63.599998474121094,62.810001373291016,62.93000030517578,46.473045349121094,3497900.0
2017-09-27,BMY,62.779998779296875,63.150001525878906,62.56999969482422,62.95000076293945,46.48781204223633,4674200.0
2017-09-28,BMY,62.790000915527344,63.459999084472656,62.59000015258789,63.0099983215332,46.5321159362793,5842500.0
2017-09-29,BMY,63.15999984741211,63.75,63.060001373291016,63.7400016784668,47.07122039794922,5404300.0
2017-10-02,BMY,63.79999923706055,64.77999877929688,63.63999938964844,64.55999755859375,47.676780700683594,5991700.0
2017-10-03,BMY,64.41000366210938,64.79000091552734,64.16999816894531,64.29000091552734,47.47739791870117,5056200.0
2017-10-04,BMY,64.47000122070312,64.79000091552734,64.37999725341797,64.73999786376953,47.809696197509766,4583800.0
2017-10-05,BMY,64.22000122070312,64.33999633789062,63.72999954223633,63.79999923706055,47.40108108520508,6091800.0
2017-10-06,BMY,63.88999938964844,65.02999877929688,63.83000183105469,64.80999755859375,48.1514778137207,6161400.0
2017-10-09,BMY,64.76000213623047,64.86000061035156,64.08000183105469,64.1500015258789,47.6611213684082,3267700.0
2017-10-10,BMY,64.23999786376953,65.26000213623047,64.16000366210938,65.12999725341797,48.38922119140625,5008500.0
2017-10-11,BMY,65.12999725341797,65.5,64.93000030517578,65.11000061035156,48.37437057495117,3875600.0
2017-10-12,BMY,65.1500015258789,65.7300033569336,64.9000015258789,65.3499984741211,48.552669525146484,5339700.0
2017-10-13,BMY,65.51000213623047,66.0999984741211,65.13999938964844,65.29000091552734,48.50809860229492,6209100.0
2017-10-16,BMY,64.54000091552734,65.04000091552734,63.310001373291016,63.650001525878906,47.28963851928711,6692600.0
2017-10-17,BMY,63.630001068115234,64.37000274658203,63.40999984741211,64.18000030517578,47.683406829833984,5030800.0
2017-10-18,BMY,64.25,64.69999694824219,63.54999923706055,63.70000076293945,47.3267822265625,5594900.0
2017-10-19,BMY,63.81999969482422,64.69000244140625,63.68000030517578,64.66999816894531,48.04745864868164,4918800.0
2017-10-20,BMY,64.79000091552734,64.98999786376953,64.20999908447266,64.41999816894531,47.86170959472656,5227400.0
2017-10-23,BMY,64.62000274658203,64.69000244140625,63.689998626708984,63.75,47.36393356323242,5990200.0
2017-10-24,BMY,63.75,64.05000305175781,63.36000061035156,63.650001525878906,47.28963851928711,6197600.0
2017-10-25,BMY,63.459999084472656,64.55999755859375,63.40999984741211,64.0,47.5496711730957,6202900.0
2017-10-26,BMY,62.5099983215332,63.25,60.400001525878906,60.95000076293945,45.28363037109375,13116300.0
2017-10-27,BMY,60.97999954223633,61.689998626708984,59.790000915527344,59.939998626708984,44.533241271972656,9539900.0
2017-10-30,BMY,61.09000015258789,61.529998779296875,60.279998779296875,60.84000015258789,45.201908111572266,8443700.0
2017-10-31,BMY,60.939998626708984,61.900001525878906,60.68000030517578,61.65999984741211,45.8111457824707,8234200.0
2017-11-01,BMY,61.86000061035156,62.349998474121094,61.4900016784668,62.15999984741211,46.182613372802734,4713300.0
2017-11-02,BMY,62.150001525878906,62.869998931884766,61.72999954223633,62.22999954223633,46.234622955322266,4058200.0
2017-11-03,BMY,62.08000183105469,62.25,61.79999923706055,62.220001220703125,46.227195739746094,3327100.0
2017-11-06,BMY,62.2400016784668,62.27000045776367,61.279998779296875,61.68000030517578,45.82598876953125,4222600.0
2017-11-07,BMY,61.58000183105469,62.43000030517578,61.45000076293945,61.90999984741211,45.99686813354492,4047200.0
2017-11-08,BMY,61.630001068115234,62.81999969482422,61.630001068115234,62.58000183105469,46.494659423828125,4535400.0
2017-11-09,BMY,62.209999084472656,62.349998474121094,61.7599983215332,61.9900016784668,46.05632019042969,3671400.0
2017-11-10,BMY,61.75,61.75,60.34000015258789,60.86000061035156,45.216773986816406,5592100.0
2017-11-13,BMY,60.70000076293945,61.209999084472656,60.5,60.9900016784668,45.31336212158203,4222600.0
2017-11-14,BMY,60.959999084472656,61.650001525878906,60.66999816894531,61.25,45.50652313232422,3986900.0
2017-11-15,BMY,61.2599983215332,61.279998779296875,60.529998779296875,61.06999969482422,45.37278747558594,3349200.0
2017-11-16,BMY,61.25,61.970001220703125,61.0099983215332,61.869998931884766,45.967159271240234,4286200.0
2017-11-17,BMY,61.560001373291016,61.900001525878906,60.9900016784668,61.31999969482422,45.558528900146484,4147900.0
2017-11-20,BMY,61.16999816894531,61.220001220703125,60.150001525878906,60.79999923706055,45.17218017578125,4902700.0
2017-11-21,BMY,61.20000076293945,61.7400016784668,60.97999954223633,61.2400016784668,45.49909210205078,3968000.0
2017-11-22,BMY,61.279998779296875,61.77000045776367,61.0,61.13999938964844,45.42479705810547,3192200.0
2017-11-24,BMY,61.150001525878906,61.61000061035156,61.029998779296875,61.43000030517578,45.6402587890625,1985700.0
2017-11-27,BMY,61.529998779296875,61.84000015258789,61.34000015258789,61.61000061035156,45.77399444580078,3032600.0
2017-11-28,BMY,61.720001220703125,62.959999084472656,61.61000061035156,62.52000045776367,46.4500846862793,8515700.0
2017-11-29,BMY,62.43000030517578,63.38999938964844,61.900001525878906,62.900001525878906,46.732425689697266,5064200.0
2017-11-30,BMY,63.09000015258789,63.79999923706055,62.529998779296875,63.189998626708984,46.94786834716797,8050700.0
2017-12-01,BMY,63.15999984741211,63.619998931884766,62.439998626708984,63.2400016784668,46.985015869140625,4186200.0
2017-12-04,BMY,63.16999816894531,63.869998931884766,62.439998626708984,62.470001220703125,46.412933349609375,4893900.0
2017-12-05,BMY,62.65999984741211,63.0,61.630001068115234,62.02000045776367,46.078609466552734,4828800.0
2017-12-06,BMY,62.09000015258789,62.290000915527344,60.83000183105469,60.970001220703125,45.298500061035156,4758700.0
2017-12-07,BMY,60.959999084472656,61.88999938964844,60.959999084472656,61.84000015258789,45.944862365722656,5140500.0
2017-12-08,BMY,61.81999969482422,62.720001220703125,61.68000030517578,62.41999816894531,46.37578201293945,5310000.0
2017-12-11,BMY,62.220001220703125,63.40999984741211,62.09000015258789,63.02000045776367,46.821571350097656,4502900.0
2017-12-12,BMY,63.189998626708984,63.650001525878906,63.189998626708984,63.279998779296875,47.014739990234375,4832400.0
2017-12-13,BMY,63.13999938964844,63.970001220703125,63.0,63.470001220703125,47.15590286254883,4352400.0
2017-12-14,BMY,63.47999954223633,63.52000045776367,61.720001220703125,62.130001068115234,46.16033172607422,5507900.0
2017-12-15,BMY,62.56999969482422,62.84000015258789,61.970001220703125,62.40999984741211,46.36835861206055,8856800.0
2017-12-18,BMY,62.58000183105469,62.75,62.18000030517578,62.400001525878906,46.36092758178711,5608900.0
2017-12-19,BMY,62.63999938964844,62.7599983215332,61.52000045776367,61.560001373291016,45.736846923828125,5546000.0
2017-12-20,BMY,61.56999969482422,61.75,60.59000015258789,61.20000076293945,45.46937942504883,6980300.0
2017-12-21,BMY,61.45000076293945,61.79999923706055,61.029998779296875,61.5,45.6922607421875,6195600.0
2017-12-22,BMY,61.47999954223633,61.709999084472656,60.599998474121094,60.959999084472656,45.29105758666992,5477200.0
2017-12-26,BMY,60.97999954223633,61.54999923706055,60.959999084472656,61.2599983215332,45.513954162597656,3673500.0
2017-12-27,BMY,61.349998474121094,62.02000045776367,61.29999923706055,61.68000030517578,45.82598876953125,3722300.0
2017-12-28,BMY,61.599998474121094,61.849998474121094,61.369998931884766,61.77000045776367,45.89286422729492,2500500.0
2017-12-29,BMY,61.970001220703125,62.2599983215332,61.2599983215332,61.279998779296875,45.52880859375,3953500.0
2018-01-02,BMY,61.400001525878906,61.5099983215332,60.84000015258789,61.310001373291016,45.55109786987305,6472700.0
2018-01-03,BMY,61.209999084472656,61.5099983215332,60.70000076293945,61.36000061035156,45.58823776245117,7433500.0
2018-01-04,BMY,61.0,61.81999969482422,60.779998779296875,61.75,46.17903518676758,6403200.0
2018-01-05,BMY,61.869998931884766,62.18000030517578,61.47999954223633,61.88999938964844,46.283729553222656,6113400.0
2018-01-08,BMY,61.779998779296875,62.20000076293945,61.209999084472656,61.90999984741211,46.29869079589844,4663700.0
2018-01-09,BMY,61.869998931884766,62.099998474121094,61.54999923706055,61.849998474121094,46.25382995605469,5156800.0
2018-01-10,BMY,61.52000045776367,62.06999969482422,61.18000030517578,62.0099983215332,46.37347412109375,5096300.0
2018-01-11,BMY,61.9900016784668,62.52000045776367,61.79999923706055,62.470001220703125,46.71748352050781,6591100.0
2018-01-12,BMY,62.75,63.220001220703125,62.52000045776367,62.810001373291016,46.97174835205078,5489200.0
2018-01-16,BMY,61.75,61.86000061035156,59.41999816894531,59.91999816894531,44.810489654541016,14471700.0
2018-01-17,BMY,60.33000183105469,62.0,60.279998779296875,61.849998474121094,46.25382995605469,10608500.0
2018-01-18,BMY,61.810001373291016,61.900001525878906,61.099998474121094,61.83000183105469,46.238861083984375,7904200.0
2018-01-19,BMY,62.099998474121094,62.41999816894531,61.560001373291016,62.279998779296875,46.57539367675781,7490300.0
2018-01-22,BMY,62.290000915527344,63.43000030517578,62.02000045776367,63.279998779296875,47.32322692871094,6748100.0
2018-01-23,BMY,62.9900016784668,63.68000030517578,62.79999923706055,63.43000030517578,47.43540573120117,6459900.0
2018-01-24,BMY,63.709999084472656,64.0,63.13999938964844,63.7599983215332,47.682193756103516,6430000.0
2018-01-25,BMY,64.0,64.26000213623047,63.20000076293945,63.52000045776367,47.50271987915039,6183200.0
2018-01-26,BMY,63.93000030517578,64.7300033569336,63.630001068115234,64.25,48.04863357543945,6727300.0
2018-01-29,BMY,64.12000274658203,64.95999908447266,64.08000183105469,64.43000030517578,48.183250427246094,6763300.0
2018-01-30,BMY,63.93000030517578,64.61000061035156,63.310001373291016,63.959999084472656,47.831756591796875,5848000.0
2018-01-31,BMY,63.959999084472656,64.02999877929688,61.939998626708984,62.599998474121094,46.814701080322266,8886900.0
2018-02-01,BMY,62.18000030517578,62.97999954223633,61.95000076293945,62.79999923706055,46.964271545410156,7133000.0
2018-02-02,BMY,62.88999938964844,64.29000091552734,62.849998474121094,63.47999954223633,47.472801208496094,11719200.0
2018-02-05,BMY,65.43000030517578,65.88999938964844,60.93000030517578,60.959999084472656,45.58824157714844,23181900.0
2018-02-06,BMY,59.83000183105469,61.209999084472656,58.439998626708984,60.900001525878906,45.54338073730469,18286300.0
2018-02-07,BMY,60.63999938964844,62.77000045776367,60.29999923706055,62.630001068115234,46.8371467590332,12176600.0
2018-02-08,BMY,62.54999923706055,64.7699966430664,62.529998779296875,62.689998626708984,46.88200378417969,14961700.0
2018-02-09,BMY,63.29999923706055,63.31999969482422,60.56999969482422,62.70000076293945,46.88948059082031,11158000.0
2018-02-12,BMY,62.95000076293945,63.59000015258789,62.29999923706055,63.15999984741211,47.23350143432617,7502900.0
2018-02-13,BMY,62.79999923706055,64.11000061035156,62.689998626708984,63.869998931884766,47.76445007324219,7519100.0
2018-02-14,BMY,63.59000015258789,65.94000244140625,63.27000045776367,65.3499984741211,48.87126159667969,10290600.0
2018-02-15,BMY,67.30999755859375,69.44000244140625,67.18000030517578,68.9800033569336,51.5859260559082,15684900.0
2018-02-16,BMY,68.86000061035156,70.05000305175781,68.5199966430664,68.95999908447266,51.57095718383789,10547400.0
2018-02-20,BMY,68.48999786376953,68.83000183105469,67.04000091552734,67.3499984741211,50.36693572998047,8703700.0
2018-02-21,BMY,67.33999633789062,67.75,66.51000213623047,66.52999877929688,49.75371170043945,7046200.0
2018-02-22,BMY,67.0,67.0,65.86000061035156,65.94000244140625,49.31248092651367,6528400.0
2018-02-23,BMY,66.16999816894531,68.02999877929688,66.16999816894531,67.94999694824219,50.815635681152344,5240800.0
2018-02-26,BMY,67.98999786376953,68.86000061035156,67.87999725341797,68.62999725341797,51.324161529541016,4229400.0
2018-02-27,BMY,68.54000091552734,68.87999725341797,67.81999969482422,67.83999633789062,50.733375549316406,4398500.0
2018-02-28,BMY,67.8499984741211,67.94000244140625,66.16999816894531,66.19999694824219,49.50692367553711,8363900.0
2018-03-01,BMY,66.0999984741211,66.5199966430664,64.83000183105469,65.69000244140625,49.12552261352539,7801300.0
2018-03-02,BMY,65.44999694824219,66.5,65.12999725341797,66.16999816894531,49.48447799682617,5391400.0
2018-03-05,BMY,65.83000183105469,67.13999938964844,65.5999984741211,66.81999969482422,49.9705810546875,6339600.0
2018-03-06,BMY,67.22000122070312,67.4000015258789,65.19000244140625,65.47000122070312,48.96101760864258,6543400.0
2018-03-07,BMY,64.9000015258789,66.26000213623047,64.69999694824219,66.0999984741211,49.43214416503906,5927600.0
2018-03-08,BMY,66.19999694824219,66.95999908447266,66.08000183105469,66.75,49.91824722290039,3728400.0
2018-03-09,BMY,66.94999694824219,68.05000305175781,66.66999816894531,67.91999816894531,50.79319763183594,6260900.0
2018-03-12,BMY,67.9000015258789,68.18000030517578,67.18000030517578,67.44999694824219,50.441715240478516,5031700.0
2018-03-13,BMY,67.80999755859375,68.22000122070312,66.2699966430664,66.68000030517578,49.86588668823242,5905800.0
2018-03-14,BMY,67.08000183105469,67.26000213623047,66.2699966430664,66.62999725341797,49.8284912109375,4859300.0
2018-03-15,BMY,66.76000213623047,66.93000030517578,66.20999908447266,66.25,49.54431915283203,3422200.0
2018-03-16,BMY,66.18000030517578,67.44000244140625,66.18000030517578,66.5999984741211,49.80605697631836,9506100.0
2018-03-19,BMY,66.62000274658203,66.9800033569336,65.18000030517578,66.06999969482422,49.409706115722656,5553700.0
2018-03-20,BMY,66.37999725341797,67.16000366210938,65.72000122070312,66.43000030517578,49.67892074584961,6307400.0
2018-03-21,BMY,66.54000091552734,66.98999786376953,66.08999633789062,66.0999984741211,49.43214416503906,4331800.0
2018-03-22,BMY,65.58000183105469,65.88999938964844,63.90999984741211,63.95000076293945,47.82428741455078,6778700.0
2018-03-23,BMY,64.05000305175781,64.05000305175781,61.939998626708984,62.060001373291016,46.41087341308594,8481500.0
2018-03-26,BMY,62.779998779296875,63.56999969482422,61.72999954223633,63.400001525878906,47.4129753112793,6676500.0
2018-03-27,BMY,63.63999938964844,63.66999816894531,61.79999923706055,62.40999984741211,46.672611236572266,6221400.0
2018-03-28,BMY,62.58000183105469,63.36000061035156,62.41999816894531,62.56999969482422,46.792259216308594,5521200.0
2018-03-29,BMY,62.869998931884766,63.75,62.380001068115234,63.25,47.30080032348633,5732300.0
2018-04-02,BMY,62.93000030517578,63.22999954223633,60.72999954223633,62.0,46.366004943847656,6319700.0
2018-04-03,BMY,62.31999969482422,62.86000061035156,61.529998779296875,62.77000045776367,46.94183349609375,6070400.0
2018-04-04,BMY,61.869998931884766,63.22999954223633,61.54999923706055,62.97999954223633,47.098876953125,5259800.0
2018-04-05,BMY,62.9900016784668,63.189998626708984,62.15999984741211,62.310001373291016,46.89567565917969,3856700.0
2018-04-06,BMY,62.06999969482422,62.130001068115234,59.97999954223633,60.880001068115234,45.819427490234375,6462000.0
2018-04-09,BMY,60.90999984741211,61.040000915527344,58.34000015258789,60.47999954223633,45.51838302612305,10349100.0
2018-04-10,BMY,61.36000061035156,61.47999954223633,60.529998779296875,61.209999084472656,46.06779479980469,6014700.0
2018-04-11,BMY,60.599998474121094,60.77000045776367,59.939998626708984,60.18000030517578,45.292598724365234,7817800.0
2018-04-12,BMY,59.29999923706055,59.310001373291016,57.849998474121094,58.84000015258789,44.284080505371094,14987200.0
2018-04-13,BMY,59.150001525878906,59.279998779296875,57.90999984741211,58.650001525878906,44.14109802246094,11551300.0
2018-04-16,BMY,58.40999984741211,58.66999816894531,52.70000076293945,54.08000183105469,40.701622009277344,34837300.0
2018-04-17,BMY,54.20000076293945,54.22999954223633,52.20000076293945,52.380001068115234,39.42216873168945,27808200.0
2018-04-18,BMY,52.349998474121094,52.849998474121094,52.040000915527344,52.29999923706055,39.36195373535156,14688400.0
2018-04-19,BMY,52.349998474121094,52.540000915527344,51.5099983215332,51.61000061035156,38.842655181884766,17146100.0
2018-04-20,BMY,51.619998931884766,51.849998474121094,51.02000045776367,51.16999816894531,38.51149368286133,11669100.0
2018-04-23,BMY,51.25,51.529998779296875,50.65999984741211,50.900001525878906,38.30830001831055,10409600.0
2018-04-24,BMY,51.02000045776367,51.97999954223633,50.720001220703125,51.58000183105469,38.8200798034668,12137800.0
2018-04-25,BMY,51.47999954223633,51.869998931884766,50.560001373291016,51.7599983215332,38.955543518066406,14309600.0
2018-04-26,BMY,51.529998779296875,52.7599983215332,50.560001373291016,52.040000915527344,39.166282653808594,14220700.0
2018-04-27,BMY,52.33000183105469,52.869998931884766,52.0099983215332,52.27000045776367,39.339378356933594,7201800.0
2018-04-30,BMY,52.66999816894531,52.68000030517578,51.83000183105469,52.130001068115234,39.2340202331543,11437500.0
2018-05-01,BMY,51.97999954223633,52.7400016784668,51.619998931884766,52.689998626708984,39.655479431152344,9821900.0
2018-05-02,BMY,52.36000061035156,52.400001525878906,51.279998779296875,51.5,38.759864807128906,8252000.0
2018-05-03,BMY,51.599998474121094,51.849998474121094,50.7599983215332,51.45000076293945,38.72222900390625,8177500.0
2018-05-04,BMY,51.15999984741211,51.5,50.66999816894531,51.33000183105469,38.631919860839844,6149500.0
2018-05-07,BMY,51.31999969482422,51.68000030517578,51.040000915527344,51.31999969482422,38.624385833740234,6800600.0
2018-05-08,BMY,51.20000076293945,51.20000076293945,49.959999084472656,50.529998779296875,38.02981948852539,12207200.0
2018-05-09,BMY,50.5099983215332,51.209999084472656,50.349998474121094,51.09000015258789,38.451290130615234,11587300.0
2018-05-10,BMY,51.33000183105469,51.709999084472656,51.0,51.150001525878906,38.49644470214844,9126100.0
2018-05-11,BMY,51.380001068115234,52.11000061035156,51.04999923706055,51.86000061035156,39.03080749511719,8987700.0
2018-05-14,BMY,51.939998626708984,52.599998474121094,51.70000076293945,52.02000045776367,39.15122985839844,8716900.0
2018-05-15,BMY,51.95000076293945,52.34000015258789,51.709999084472656,52.29999923706055,39.36195373535156,8133100.0
2018-05-16,BMY,52.45000076293945,52.619998931884766,52.119998931884766,52.209999084472656,39.294227600097656,5417400.0
2018-05-17,BMY,52.04999923706055,53.400001525878906,51.959999084472656,52.7400016784668,39.69310760498047,8097400.0
2018-05-18,BMY,52.880001068115234,53.150001525878906,52.43000030517578,52.709999084472656,39.67053985595703,6440100.0
2018-05-21,BMY,52.06999969482422,52.7599983215332,51.91999816894531,52.2400016784668,39.316802978515625,5440800.0
2018-05-22,BMY,52.279998779296875,52.81999969482422,52.20000076293945,52.34000015258789,39.39206314086914,3782800.0
2018-05-23,BMY,52.34000015258789,52.630001068115234,52.11000061035156,52.5,39.512481689453125,5962200.0
2018-05-24,BMY,52.540000915527344,52.75,52.119998931884766,52.689998626708984,39.655479431152344,4930400.0
2018-05-25,BMY,52.810001373291016,53.0,52.540000915527344,52.77000045776367,39.7156982421875,3735500.0
2018-05-29,BMY,52.369998931884766,52.619998931884766,51.77000045776367,52.27000045776367,39.339378356933594,7711400.0
2018-05-30,BMY,52.47999954223633,53.45000076293945,52.47999954223633,53.02000045776367,39.90385055541992,6455700.0
2018-05-31,BMY,53.13999938964844,53.18000030517578,52.459999084472656,52.619998931884766,39.60279083251953,8862300.0
2018-06-01,BMY,52.90999984741211,53.400001525878906,52.70000076293945,53.130001068115234,39.98664093017578,6115800.0
2018-06-04,BMY,52.33000183105469,52.400001525878906,49.970001220703125,51.45000076293945,38.72222900390625,15081900.0
2018-06-05,BMY,51.400001525878906,52.18000030517578,51.27000045776367,51.91999816894531,39.07596206665039,8081600.0
2018-06-06,BMY,52.0099983215332,52.970001220703125,51.68000030517578,52.91999816894531,39.82859420776367,7211800.0
2018-06-07,BMY,52.95000076293945,53.09000015258789,52.400001525878906,52.619998931884766,39.60279083251953,5723800.0
2018-06-08,BMY,52.619998931884766,53.220001220703125,52.59000015258789,53.15999984741211,40.009212493896484,4687500.0
2018-06-11,BMY,53.29999923706055,53.5,52.86000061035156,53.119998931884766,39.97911834716797,4927200.0
2018-06-12,BMY,53.13999938964844,53.36000061035156,52.97999954223633,53.130001068115234,39.98664093017578,8287300.0
2018-06-13,BMY,53.349998474121094,54.29999923706055,53.2400016784668,53.459999084472656,40.23499298095703,7313300.0
2018-06-14,BMY,53.47999954223633,53.86000061035156,53.11000061035156,53.630001068115234,40.36294937133789,4789100.0
2018-06-15,BMY,54.13999938964844,54.810001373291016,53.86000061035156,54.79999923706055,41.24351119995117,14496700.0
2018-06-18,BMY,54.279998779296875,54.4900016784668,53.5099983215332,53.650001525878906,40.37800598144531,8520800.0
2018-06-19,BMY,53.400001525878906,53.72999954223633,53.040000915527344,53.63999938964844,40.37046432495117,5470700.0
2018-06-20,BMY,53.599998474121094,54.310001373291016,53.560001373291016,54.25,40.82957458496094,6142000.0
2018-06-21,BMY,54.18000030517578,54.38999938964844,53.5,53.939998626708984,40.59626007080078,5844200.0
2018-06-22,BMY,54.650001525878906,55.34000015258789,54.2400016784668,55.13999938964844,41.49940872192383,10218500.0
2018-06-25,BMY,55.0,55.33000183105469,54.25,54.66999816894531,41.145668029785156,7436700.0
2018-06-26,BMY,54.599998474121094,55.2400016784668,54.58000183105469,54.90999984741211,41.3262939453125,8749700.0
2018-06-27,BMY,54.650001525878906,54.810001373291016,54.29999923706055,54.470001220703125,40.99514389038086,9406600.0
2018-06-28,BMY,54.4900016784668,55.63999938964844,54.47999954223633,55.29999923706055,41.61981201171875,10414600.0
2018-06-29,BMY,55.290000915527344,55.849998474121094,55.150001525878906,55.34000015258789,41.64992141723633,7726700.0
2018-07-02,BMY,55.16999816894531,55.2400016784668,54.47999954223633,55.189998626708984,41.537025451660156,5499300.0
2018-07-03,BMY,55.25,56.02000045776367,55.09000015258789,55.650001525878906,41.883243560791016,3933200.0
2018-07-05,BMY,55.43000030517578,56.90999984741211,54.869998931884766,55.95000076293945,42.41387939453125,5349900.0
2018-07-06,BMY,56.220001220703125,56.68000030517578,56.11000061035156,56.560001373291016,42.876304626464844,5157500.0
2018-07-09,BMY,56.63999938964844,56.75,56.29999923706055,56.45000076293945,42.79290771484375,4119300.0
2018-07-10,BMY,56.77000045776367,56.77000045776367,56.0,56.18000030517578,42.58823776245117,3717700.0
2018-07-11,BMY,56.0,56.11000061035156,55.529998779296875,55.75,42.262264251708984,3898000.0
2018-07-12,BMY,56.54999923706055,56.849998474121094,56.189998626708984,56.810001373291016,43.065818786621094,4081500.0
2018-07-13,BMY,56.619998931884766,57.06999969482422,56.529998779296875,56.86000061035156,43.103729248046875,3685100.0
2018-07-16,BMY,56.880001068115234,56.93000030517578,56.209999084472656,56.43000030517578,42.77775192260742,3777400.0
2018-07-17,BMY,56.630001068115234,56.810001373291016,56.40999984741211,56.630001068115234,42.929359436035156,3900600.0
2018-07-18,BMY,56.58000183105469,56.90999984741211,56.290000915527344,56.880001068115234,43.11888885498047,3730300.0
2018-07-19,BMY,56.84000015258789,56.93000030517578,56.08000183105469,56.540000915527344,42.861148834228516,3796900.0
2018-07-20,BMY,56.599998474121094,56.880001068115234,56.41999816894531,56.709999084472656,42.990013122558594,4768400.0
2018-07-23,BMY,56.0099983215332,56.16999816894531,55.45000076293945,55.880001068115234,42.36081314086914,7593900.0
2018-07-24,BMY,56.08000183105469,58.27000045776367,56.040000915527344,58.2599983215332,44.165016174316406,9670400.0
2018-07-25,BMY,58.08000183105469,59.209999084472656,57.95000076293945,59.040000915527344,44.75630187988281,8873700.0
2018-07-26,BMY,60.11000061035156,60.9900016784668,56.08000183105469,57.91999816894531,43.90727233886719,14646200.0
2018-07-27,BMY,58.560001373291016,58.7599983215332,56.83000183105469,56.91999816894531,43.149208068847656,6387000.0
2018-07-30,BMY,56.91999816894531,59.02000045776367,56.81999969482422,58.93000030517578,44.67292022705078,8096600.0
2018-07-31,BMY,59.13999938964844,59.41999816894531,58.40999984741211,58.75,44.53647232055664,6561000.0
2018-08-01,BMY,58.86000061035156,60.189998626708984,58.77000045776367,59.619998931884766,45.19598388671875,7722700.0
2018-08-02,BMY,59.5,59.72999954223633,58.63999938964844,59.27000045776367,44.93067169189453,5852200.0
2018-08-03,BMY,59.150001525878906,59.349998474121094,58.88999938964844,59.15999984741211,44.8472785949707,4666500.0
2018-08-06,BMY,59.029998779296875,59.630001068115234,58.720001220703125,59.38999938964844,45.02164077758789,5524800.0
2018-08-07,BMY,59.380001068115234,59.4900016784668,58.83000183105469,58.97999954223633,44.71082305908203,5123200.0
2018-08-08,BMY,59.34000015258789,60.439998626708984,58.86000061035156,60.16999816894531,45.61292266845703,7005800.0
2018-08-09,BMY,59.77000045776367,60.13999938964844,59.349998474121094,59.529998779296875,45.12775802612305,3998500.0
2018-08-10,BMY,59.619998931884766,59.83000183105469,58.97999954223633,59.310001373291016,44.96098709106445,3535500.0
2018-08-13,BMY,59.20000076293945,59.79999923706055,59.119998931884766,59.41999816894531,45.04438400268555,4797800.0
2018-08-14,BMY,59.29999923706055,60.13999938964844,59.29999923706055,59.959999084472656,45.453731536865234,5212600.0
2018-08-15,BMY,59.869998931884766,60.41999816894531,59.38999938964844,60.2599983215332,45.68115234375,5214600.0
2018-08-16,BMY,60.279998779296875,61.349998474121094,59.93000030517578,61.11000061035156,46.32551956176758,7285500.0
2018-08-17,BMY,61.29999923706055,61.59000015258789,60.79999923706055,60.88999938964844,46.15873336791992,8868300.0
2018-08-20,BMY,61.11000061035156,61.11000061035156,60.31999969482422,60.31999969482422,45.72664260864258,6186900.0
2018-08-21,BMY,60.40999984741211,60.65999984741211,60.060001373291016,60.08000183105469,45.544700622558594,5098600.0
2018-08-22,BMY,60.119998931884766,60.7400016784668,59.869998931884766,60.56999969482422,45.91615295410156,5556200.0
2018-08-23,BMY,60.540000915527344,60.72999954223633,59.91999816894531,60.09000015258789,45.552276611328125,3416500.0
2018-08-24,BMY,60.099998474121094,60.25,59.63999938964844,59.970001220703125,45.461307525634766,4575700.0
2018-08-27,BMY,60.22999954223633,60.630001068115234,59.959999084472656,60.0099983215332,45.491634368896484,4334400.0
2018-08-28,BMY,59.93000030517578,60.279998779296875,59.68000030517578,60.16999816894531,45.61292266845703,3061900.0
2018-08-29,BMY,60.099998474121094,61.25,60.060001373291016,61.119998931884766,46.33308029174805,4619600.0
2018-08-30,BMY,61.04999923706055,61.22999954223633,60.47999954223633,60.689998626708984,46.00711441040039,3930200.0
2018-08-31,BMY,60.470001220703125,60.70000076293945,60.209999084472656,60.54999923706055,45.900997161865234,3352400.0
2018-09-04,BMY,60.5,60.689998626708984,59.880001068115234,60.47999954223633,45.84792709350586,4746800.0
2018-09-05,BMY,60.599998474121094,61.310001373291016,60.40999984741211,61.20000076293945,46.393733978271484,6296600.0
2018-09-06,BMY,61.029998779296875,61.380001068115234,60.869998931884766,60.939998626708984,46.196624755859375,4979500.0
2018-09-07,BMY,60.720001220703125,61.40999984741211,60.63999938964844,61.310001373291016,46.47712326049805,3519900.0
2018-09-10,BMY,61.5,61.77000045776367,60.79999923706055,60.86000061035156,46.13599395751953,3963900.0
2018-09-11,BMY,60.849998474121094,61.0099983215332,60.439998626708984,60.4900016784668,45.855506896972656,3585800.0
2018-09-12,BMY,60.529998779296875,60.63999938964844,59.880001068115234,60.33000183105469,45.73421859741211,7025600.0
2018-09-13,BMY,60.70000076293945,60.959999084472656,59.52000045776367,60.790000915527344,46.08292007446289,6119300.0
2018-09-14,BMY,60.66999816894531,60.720001220703125,60.290000915527344,60.689998626708984,46.00711441040039,3893800.0
2018-09-17,BMY,60.849998474121094,61.5,60.65999984741211,61.29999923706055,46.46955490112305,4430900.0
2018-09-18,BMY,61.18000030517578,61.65999984741211,61.130001068115234,61.47999954223633,46.605995178222656,3703600.0
2018-09-19,BMY,61.540000915527344,62.2400016784668,60.59000015258789,60.79999923706055,46.09051513671875,4449400.0
2018-09-20,BMY,60.83000183105469,61.95000076293945,60.81999969482422,61.75,46.8106689453125,4518200.0
2018-09-21,BMY,61.869998931884766,62.619998931884766,61.75,62.25,47.189701080322266,9010600.0
2018-09-24,BMY,61.9900016784668,62.290000915527344,61.279998779296875,61.59000015258789,46.689388275146484,3938300.0
2018-09-25,BMY,61.81999969482422,62.52000045776367,61.7400016784668,61.81999969482422,46.863746643066406,5904200.0
2018-09-26,BMY,61.880001068115234,62.380001068115234,61.41999816894531,61.619998931884766,46.712120056152344,5842000.0
2018-09-27,BMY,61.65999984741211,62.09000015258789,61.470001220703125,61.95000076293945,46.962284088134766,4708200.0
2018-09-28,BMY,61.95000076293945,62.11000061035156,61.689998626708984,62.08000183105469,47.060848236083984,3691000.0
2018-10-01,BMY,62.369998931884766,62.650001525878906,62.040000915527344,62.099998474121094,47.07599639892578,4344000.0
2018-10-02,BMY,62.22999954223633,62.81999969482422,61.91999816894531,62.79999923706055,47.606651306152344,5330100.0
2018-10-03,BMY,62.9900016784668,63.209999084472656,62.31999969482422,62.650001525878906,47.492923736572266,4742500.0
2018-10-04,BMY,62.22999954223633,62.599998474121094,61.900001525878906,62.36000061035156,47.57685852050781,4369000.0
2018-10-05,BMY,62.47999954223633,62.88999938964844,62.119998931884766,62.40999984741211,47.61499786376953,3798200.0
2018-10-08,BMY,62.459999084472656,63.150001525878906,62.209999084472656,62.900001525878906,47.98883819580078,7767500.0
2018-10-09,BMY,62.709999084472656,63.689998626708984,62.470001220703125,63.22999954223633,48.24060821533203,6618700.0
2018-10-10,BMY,62.93000030517578,63.349998474121094,60.75,60.77000045776367,46.3637809753418,10428300.0
2018-10-11,BMY,60.77000045776367,60.77000045776367,57.02000045776367,57.5,43.868980407714844,12540100.0
2018-10-12,BMY,57.810001373291016,57.959999084472656,56.65999984741211,57.5099983215332,43.876609802246094,10713200.0
2018-10-15,BMY,57.70000076293945,58.20000076293945,57.349998474121094,57.61000061035156,43.95290756225586,6356600.0
2018-10-16,BMY,57.93000030517578,58.09000015258789,57.119998931884766,57.83000183105469,44.1207389831543,6445300.0
2018-10-17,BMY,57.93000030517578,59.279998779296875,57.65999984741211,58.900001525878906,44.93708419799805,6546200.0
2018-10-18,BMY,57.5,57.529998779296875,55.70000076293945,55.97999954223633,42.70931625366211,13606400.0
2018-10-19,BMY,55.849998474121094,55.849998474121094,54.290000915527344,54.29999923706055,41.42757034301758,14981800.0
2018-10-22,BMY,51.25,51.900001525878906,50.5099983215332,50.880001068115234,38.818321228027344,24632300.0
2018-10-23,BMY,50.52000045776367,51.029998779296875,49.83000183105469,50.650001525878906,38.642852783203125,15370000.0
2018-10-24,BMY,50.70000076293945,51.16999816894531,48.66999816894531,48.83000183105469,37.254302978515625,13583300.0
2018-10-25,BMY,48.83000183105469,50.369998931884766,46.939998626708984,49.209999084472656,37.5442008972168,16207100.0
2018-10-26,BMY,49.209999084472656,51.060001373291016,48.790000915527344,50.43000030517578,38.47499465942383,13671900.0
2018-10-29,BMY,51.18000030517578,51.209999084472656,49.20000076293945,49.72999954223633,37.94093704223633,10028800.0
2018-10-30,BMY,49.720001220703125,50.189998626708984,49.08000183105469,50.02000045776367,38.16218948364258,11263800.0
2018-10-31,BMY,50.400001525878906,51.15999984741211,50.11000061035156,50.540000915527344,38.55891036987305,9516500.0
2018-11-01,BMY,50.68000030517578,52.2400016784668,50.63999938964844,52.130001068115234,39.771995544433594,8305600.0
2018-11-02,BMY,52.459999084472656,52.4900016784668,50.380001068115234,50.689998626708984,38.67335510253906,9236500.0
2018-11-05,BMY,51.310001373291016,52.130001068115234,51.220001220703125,52.029998779296875,39.695701599121094,6803500.0
2018-11-06,BMY,51.970001220703125,52.119998931884766,50.5,51.349998474121094,39.176902770996094,10196700.0
2018-11-07,BMY,51.880001068115234,53.11000061035156,51.880001068115234,52.9900016784668,40.42812728881836,9499800.0
2018-11-08,BMY,53.0099983215332,53.66999816894531,52.619998931884766,52.810001373291016,40.29079818725586,6982900.0
2018-11-09,BMY,52.79999923706055,53.619998931884766,52.599998474121094,53.38999938964844,40.73331069946289,8107400.0
2018-11-12,BMY,53.36000061035156,53.529998779296875,52.70000076293945,52.849998474121094,40.32130813598633,6259800.0
2018-11-13,BMY,53.02000045776367,53.31999969482422,52.29999923706055,52.59000015258789,40.12293243408203,4586600.0
2018-11-14,BMY,52.88999938964844,52.939998626708984,52.279998779296875,52.59000015258789,40.12293243408203,6382400.0
2018-11-15,BMY,52.150001525878906,53.349998474121094,51.709999084472656,53.27000045776367,40.64175033569336,7628100.0
2018-11-16,BMY,53.59000015258789,54.810001373291016,53.43000030517578,54.06999969482422,41.25209045410156,10125900.0
2018-11-19,BMY,53.959999084472656,54.130001068115234,52.9900016784668,53.47999954223633,40.801963806152344,11082700.0
2018-11-20,BMY,53.0099983215332,53.810001373291016,52.900001525878906,53.52000045776367,40.832481384277344,12617900.0
2018-11-21,BMY,53.79999923706055,53.880001068115234,52.95000076293945,53.20000076293945,40.588340759277344,6934600.0
2018-11-23,BMY,52.97999954223633,53.439998626708984,52.68000030517578,52.93000030517578,40.38235092163086,2328100.0
2018-11-26,BMY,53.38999938964844,53.470001220703125,52.349998474121094,52.72999954223633,40.2297477722168,6750500.0
2018-11-27,BMY,50.689998626708984,51.25,49.86000061035156,51.150001525878906,39.024322509765625,16857900.0
2018-11-28,BMY,51.45000076293945,52.33000183105469,51.2599983215332,52.0,39.67280578613281,7995000.0
2018-11-29,BMY,51.9900016784668,52.369998931884766,51.380001068115234,51.81999969482422,39.535484313964844,7466300.0
2018-11-30,BMY,51.79999923706055,53.47999954223633,51.75,53.459999084472656,40.78670120239258,13932100.0
2018-12-03,BMY,53.58000183105469,53.9900016784668,52.95000076293945,53.279998779296875,40.64937973022461,9599900.0
2018-12-04,BMY,53.41999816894531,53.83000183105469,51.95000076293945,52.029998779296875,39.695701599121094,9190000.0
2018-12-06,BMY,52.15999984741211,53.25,51.65999984741211,53.25,40.626487731933594,11399100.0
2018-12-07,BMY,53.22999954223633,53.79999923706055,52.75,53.08000183105469,40.49678421020508,10462900.0
2018-12-10,BMY,53.25,53.290000915527344,51.369998931884766,52.58000183105469,40.11532211303711,8036900.0
2018-12-11,BMY,53.06999969482422,53.16999816894531,51.91999816894531,52.43000030517578,40.00087356567383,8788900.0
2018-12-12,BMY,53.0,54.25,52.959999084472656,53.439998626708984,40.77144241333008,7447200.0
2018-12-13,BMY,53.5099983215332,53.939998626708984,53.310001373291016,53.63999938964844,40.924041748046875,8455600.0
2018-12-14,BMY,53.209999084472656,53.2599983215332,51.93000030517578,52.119998931884766,39.764366149902344,10708000.0
2018-12-17,BMY,51.93000030517578,52.439998626708984,50.7599983215332,50.91999816894531,38.84883117675781,12517400.0
2018-12-18,BMY,51.36000061035156,52.04999923706055,51.060001373291016,51.560001373291016,39.337120056152344,8410200.0
2018-12-19,BMY,51.849998474121094,52.0,49.86000061035156,50.38999938964844,38.444488525390625,7811000.0
2018-12-20,BMY,50.25,50.59000015258789,49.75,50.060001373291016,38.19271469116211,10182000.0
2018-12-21,BMY,50.220001220703125,51.380001068115234,49.630001068115234,49.81999969482422,38.009605407714844,14465400.0
2018-12-24,BMY,49.459999084472656,49.689998626708984,48.75,48.7599983215332,37.20088577270508,5580800.0
2018-12-26,BMY,48.810001373291016,50.099998474121094,47.88999938964844,50.029998779296875,38.169822692871094,8389800.0
2018-12-27,BMY,49.63999938964844,50.40999984741211,48.720001220703125,50.40999984741211,38.45973587036133,7919100.0
2018-12-28,BMY,50.61000061035156,51.70000076293945,50.5,50.939998626708984,38.864097595214844,7686400.0
2018-12-31,BMY,51.06999969482422,52.0099983215332,51.029998779296875,51.97999954223633,39.65755081176758,7369800.0
2019-01-02,BMY,51.34000015258789,52.84000015258789,51.34000015258789,52.43000030517578,40.00087356567383,8441300.0
2019-01-03,BMY,46.91999816894531,47.619998931884766,44.29999923706055,45.119998931884766,34.695106506347656,80351600.0
2019-01-04,BMY,45.880001068115234,47.54999923706055,45.86000061035156,46.88999938964844,36.056156158447266,47515800.0
2019-01-07,BMY,47.040000915527344,48.7400016784668,46.36000061035156,48.40999984741211,37.224952697753906,26805000.0
2019-01-08,BMY,48.779998779296875,48.880001068115234,47.0,47.9900016784668,36.90200424194336,16415900.0
2019-01-09,BMY,48.0,48.0,46.7400016784668,47.18000030517578,36.279151916503906,19719600.0
2019-01-10,BMY,47.08000183105469,48.0099983215332,46.41999816894531,47.720001220703125,36.69438171386719,24947800.0
2019-01-11,BMY,47.5,48.02000045776367,47.099998474121094,47.9900016784668,36.90200424194336,12470900.0
2019-01-14,BMY,48.29999923706055,48.369998931884766,47.58000183105469,47.970001220703125,36.88662338256836,18295900.0
2019-01-15,BMY,48.290000915527344,49.83000183105469,48.0,49.720001220703125,38.23228454589844,23116600.0
2019-01-16,BMY,49.650001525878906,50.2599983215332,49.099998474121094,49.130001068115234,37.77861022949219,14961200.0
2019-01-17,BMY,49.15999984741211,49.88999938964844,48.470001220703125,49.599998474121094,38.13999938964844,21202400.0
2019-01-18,BMY,49.779998779296875,50.33000183105469,48.939998626708984,50.119998931884766,38.53986740112305,20409900.0
2019-01-22,BMY,49.779998779296875,49.79999923706055,49.029998779296875,49.720001220703125,38.23228454589844,17123000.0
2019-01-23,BMY,50.029998779296875,50.400001525878906,49.599998474121094,49.959999084472656,38.416839599609375,15683500.0
2019-01-24,BMY,48.75,50.5,48.29999923706055,49.02000045776367,37.69401931762695,20224500.0
2019-01-25,BMY,49.56999969482422,50.099998474121094,48.459999084472656,48.93000030517578,37.62481689453125,19652100.0
2019-01-28,BMY,48.66999816894531,48.83000183105469,48.13999938964844,48.31999969482422,37.1557502746582,9723500.0
2019-01-29,BMY,48.29999923706055,48.650001525878906,47.880001068115234,48.31999969482422,37.1557502746582,10883100.0
2019-01-30,BMY,48.779998779296875,49.209999084472656,48.18000030517578,48.86000061035156,37.57099151611328,10567500.0
2019-01-31,BMY,49.09000015258789,49.54999923706055,48.65999984741211,49.369998931884766,37.96315383911133,12945500.0
2019-02-01,BMY,49.0099983215332,50.040000915527344,48.58000183105469,49.88999938964844,38.363006591796875,18512100.0
2019-02-04,BMY,50.81999969482422,50.900001525878906,49.58000183105469,50.849998474121094,39.1012077331543,26142100.0
2019-02-05,BMY,51.02000045776367,51.06999969482422,50.09000015258789,50.150001525878906,38.56293869018555,15028000.0
2019-02-06,BMY,50.040000915527344,51.220001220703125,50.0,51.13999938964844,39.324195861816406,13101200.0
2019-02-07,BMY,50.75,50.77000045776367,49.779998779296875,50.04999923706055,38.48603820800781,10644200.0
2019-02-08,BMY,49.709999084472656,50.25,49.58000183105469,50.220001220703125,38.616756439208984,9618800.0
2019-02-11,BMY,50.220001220703125,50.31999969482422,49.58000183105469,50.099998474121094,38.52449035644531,14105600.0
2019-02-12,BMY,50.380001068115234,50.45000076293945,49.5099983215332,49.709999084472656,38.22459411621094,13815500.0
2019-02-13,BMY,49.849998474121094,51.189998626708984,49.709999084472656,50.97999954223633,39.201168060302734,14606500.0
2019-02-14,BMY,51.060001373291016,51.36000061035156,50.5099983215332,50.83000183105469,39.0858268737793,17855300.0
2019-02-15,BMY,51.41999816894531,51.869998931884766,50.91999816894531,51.66999816894531,39.73174285888672,15449600.0
2019-02-19,BMY,51.68000030517578,52.02000045776367,51.2599983215332,51.36000061035156,39.493370056152344,9732700.0
2019-02-20,BMY,51.349998474121094,51.88999938964844,50.75,51.29999923706055,39.447235107421875,21470600.0
2019-02-21,BMY,51.08000183105469,52.79999923706055,50.09000015258789,50.130001068115234,38.54756164550781,25947000.0
2019-02-22,BMY,50.439998626708984,51.040000915527344,50.130001068115234,50.97999954223633,39.201168060302734,14910200.0
2019-02-25,BMY,51.150001525878906,51.150001525878906,50.56999969482422,50.650001525878906,38.947418212890625,10551500.0
2019-02-26,BMY,50.599998474121094,50.86000061035156,50.09000015258789,50.15999984741211,38.57062911987305,12319500.0
2019-02-27,BMY,50.0,51.13999938964844,49.95000076293945,50.959999084472656,39.1857795715332,17453600.0
2019-02-28,BMY,51.86000061035156,52.619998931884766,51.08000183105469,51.65999984741211,39.724056243896484,80889800.0
2019-03-01,BMY,51.66999816894531,53.279998779296875,51.5099983215332,53.220001220703125,40.92362976074219,34760700.0
2019-03-04,BMY,53.20000076293945,53.27000045776367,52.5099983215332,53.04999923706055,40.79289245605469,20534600.0
2019-03-05,BMY,53.13999938964844,54.380001068115234,52.91999816894531,53.79999923706055,41.36960983276367,23848200.0
2019-03-06,BMY,53.810001373291016,54.0,52.650001525878906,52.88999938964844,40.66986083984375,23652800.0
2019-03-07,BMY,52.70000076293945,52.81999969482422,51.220001220703125,51.5099983215332,39.60870361328125,19096800.0
2019-03-08,BMY,51.09000015258789,51.40999984741211,50.36000061035156,51.38999938964844,39.51643753051758,18674900.0
2019-03-11,BMY,51.38999938964844,51.54999923706055,50.540000915527344,50.900001525878906,39.1396484375,13960600.0
2019-03-12,BMY,50.90999984741211,51.09000015258789,50.349998474121094,50.380001068115234,38.73979568481445,12772700.0
2019-03-13,BMY,50.52000045776367,51.029998779296875,50.310001373291016,50.970001220703125,39.1934700012207,12357700.0
2019-03-14,BMY,51.0,51.2400016784668,48.790000915527344,49.88999938964844,38.363006591796875,31496100.0
2019-03-15,BMY,49.880001068115234,50.09000015258789,48.84000015258789,49.959999084472656,38.416839599609375,27370700.0
2019-03-18,BMY,50.0,50.11000061035156,49.630001068115234,49.86000061035156,38.33993911743164,11628200.0
2019-03-19,BMY,50.0099983215332,50.11000061035156,49.470001220703125,49.599998474121094,38.13999938964844,11656500.0
2019-03-20,BMY,49.70000076293945,49.70000076293945,48.54999923706055,49.189998626708984,37.824745178222656,17438200.0
2019-03-21,BMY,49.130001068115234,49.22999954223633,48.72999954223633,48.91999816894531,37.617122650146484,13308400.0
2019-03-22,BMY,48.779998779296875,49.060001373291016,48.150001525878906,48.15999984741211,37.0327262878418,14120000.0
2019-03-25,BMY,48.150001525878906,48.20000076293945,47.38999938964844,47.4900016784668,36.51753234863281,12968600.0
2019-03-26,BMY,47.86000061035156,48.439998626708984,47.790000915527344,48.34000015258789,37.17113494873047,16679700.0
2019-03-27,BMY,48.2599983215332,49.099998474121094,47.959999084472656,47.97999954223633,36.894309997558594,19695800.0
2019-03-28,BMY,48.279998779296875,48.5099983215332,47.779998779296875,47.84000015258789,36.78666305541992,16788400.0
2019-03-29,BMY,46.7400016784668,48.29999923706055,46.52000045776367,47.709999084472656,36.68669128417969,49293100.0
2019-04-01,BMY,48.04999923706055,48.099998474121094,46.75,47.09000015258789,36.20994567871094,21242500.0
2019-04-02,BMY,47.119998931884766,47.439998626708984,46.689998626708984,46.70000076293945,35.91006088256836,15098100.0
2019-04-03,BMY,47.08000183105469,47.470001220703125,46.34000015258789,46.880001068115234,36.048465728759766,21744000.0
2019-04-04,BMY,46.63999938964844,46.7400016784668,46.16999816894531,46.66999816894531,36.20360565185547,17925900.0
2019-04-05,BMY,46.880001068115234,47.099998474121094,46.5099983215332,46.63999938964844,36.180335998535156,16044300.0
2019-04-08,BMY,46.70000076293945,46.88999938964844,46.529998779296875,46.790000915527344,36.29669952392578,15953300.0
2019-04-09,BMY,46.599998474121094,46.66999816894531,45.880001068115234,45.97999954223633,35.66835021972656,16073400.0
2019-04-10,BMY,45.97999954223633,46.31999969482422,45.709999084472656,45.88999938964844,35.59853744506836,13083700.0
2019-04-11,BMY,46.11000061035156,46.33000183105469,45.43000030517578,46.09000015258789,35.75367736816406,19846100.0
2019-04-12,BMY,46.40999984741211,46.41999816894531,45.400001525878906,45.56999969482422,35.35029983520508,25363500.0
2019-04-15,BMY,45.83000183105469,46.709999084472656,45.650001525878906,46.5,36.07173538208008,20263700.0
2019-04-16,BMY,46.84000015258789,46.88999938964844,45.97999954223633,46.02000045776367,35.69939041137695,21336600.0
2019-04-17,BMY,46.16999816894531,46.20000076293945,45.43000030517578,45.79999923706055,35.52871322631836,20085500.0
2019-04-18,BMY,46.04999923706055,46.130001068115234,45.029998779296875,45.52000045776367,35.3115119934082,23633800.0
2019-04-22,BMY,45.34000015258789,45.650001525878906,44.900001525878906,45.2400016784668,35.09429931640625,15747900.0
2019-04-23,BMY,45.34000015258789,45.540000915527344,44.95000076293945,45.31999969482422,35.156368255615234,14386000.0
2019-04-24,BMY,45.5099983215332,45.54999923706055,44.61000061035156,44.619998931884766,34.61334991455078,15062000.0
2019-04-25,BMY,45.04999923706055,45.75,44.540000915527344,45.63999938964844,35.40460205078125,17288000.0
2019-04-26,BMY,46.08000183105469,46.150001525878906,45.2599983215332,45.88999938964844,35.59853744506836,13671800.0
2019-04-29,BMY,45.779998779296875,46.779998779296875,45.77000045776367,46.31999969482422,35.93210983276367,15735800.0
2019-04-30,BMY,46.47999954223633,46.58000183105469,46.0,46.43000030517578,36.01743698120117,14162500.0
2019-05-01,BMY,46.31999969482422,49.810001373291016,45.849998474121094,46.58000183105469,36.1338005065918,18282300.0
2019-05-02,BMY,46.779998779296875,47.06999969482422,46.5099983215332,46.880001068115234,36.36651611328125,12676400.0
2019-05-03,BMY,47.369998931884766,48.79999923706055,47.27000045776367,48.619998931884766,37.71630096435547,24355100.0
2019-05-06,BMY,47.790000915527344,48.20000076293945,47.59000015258789,48.099998474121094,37.31290817260742,14481200.0
2019-05-07,BMY,47.75,47.91999816894531,46.93000030517578,47.220001220703125,36.63026809692383,13189700.0
2019-05-08,BMY,47.09000015258789,47.68000030517578,46.810001373291016,47.45000076293945,36.808692932128906,13207600.0
2019-05-09,BMY,47.16999816894531,47.380001068115234,46.7599983215332,47.22999954223633,36.638023376464844,13886300.0
2019-05-10,BMY,46.900001525878906,47.31999969482422,46.22999954223633,47.0099983215332,36.46736145019531,12019900.0
2019-05-13,BMY,46.349998474121094,46.59000015258789,45.83000183105469,45.900001525878906,35.606300354003906,15454000.0
2019-05-14,BMY,46.09000015258789,46.439998626708984,45.880001068115234,45.90999984741211,35.614044189453125,12971100.0
2019-05-15,BMY,45.619998931884766,46.75,45.529998779296875,46.630001068115234,36.17258071899414,10143300.0
2019-05-16,BMY,46.70000076293945,47.84000015258789,46.65999984741211,47.119998931884766,36.552696228027344,15378100.0
2019-05-17,BMY,46.689998626708984,47.22999954223633,46.59000015258789,46.849998474121094,36.34325408935547,10144900.0
2019-05-20,BMY,46.380001068115234,46.58000183105469,46.099998474121094,46.310001373291016,35.92434310913086,11081000.0
2019-05-21,BMY,46.54999923706055,47.459999084472656,46.47999954223633,47.43000030517578,36.793182373046875,12018800.0
2019-05-22,BMY,47.459999084472656,47.81999969482422,47.06999969482422,47.7400016784668,37.03364944458008,9222200.0
2019-05-23,BMY,47.5099983215332,47.63999938964844,46.88999938964844,47.29999923706055,36.69232177734375,10834500.0
2019-05-24,BMY,47.400001525878906,47.540000915527344,46.779998779296875,46.810001373291016,36.312217712402344,9468900.0
2019-05-28,BMY,47.060001373291016,47.22999954223633,45.86000061035156,45.86000061035156,35.575260162353516,16422900.0
2019-05-29,BMY,45.61000061035156,45.650001525878906,44.86000061035156,45.380001068115234,35.202911376953125,15910700.0
2019-05-30,BMY,45.36000061035156,45.970001220703125,45.36000061035156,45.880001068115234,35.59077835083008,8594900.0
2019-05-31,BMY,45.560001373291016,45.7599983215332,45.06999969482422,45.369998931884766,35.195159912109375,12845500.0
2019-06-03,BMY,45.2599983215332,46.5,45.06999969482422,46.119998931884766,35.776947021484375,13277000.0
2019-06-04,BMY,46.47999954223633,46.84000015258789,46.43000030517578,46.630001068115234,36.17258071899414,10883100.0
2019-06-05,BMY,46.869998931884766,47.02000045776367,46.54999923706055,46.630001068115234,36.17258071899414,10052400.0
2019-06-06,BMY,46.81999969482422,46.869998931884766,46.119998931884766,46.150001525878906,35.80022430419922,12206200.0
2019-06-07,BMY,46.52000045776367,46.95000076293945,46.47999954223633,46.75,36.26567840576172,6801600.0
2019-06-10,BMY,46.72999954223633,46.970001220703125,45.90999984741211,46.0099983215332,35.69162368774414,10445300.0
2019-06-11,BMY,46.20000076293945,47.02000045776367,46.040000915527344,46.869998931884766,36.35875701904297,11030300.0
2019-06-12,BMY,46.9900016784668,47.65999984741211,46.900001525878906,47.630001068115234,36.94831848144531,10651400.0
2019-06-13,BMY,47.529998779296875,47.7400016784668,46.970001220703125,47.33000183105469,36.71561050415039,9328000.0
2019-06-14,BMY,47.33000183105469,48.029998779296875,47.20000076293945,47.560001373291016,36.894020080566406,10186000.0
2019-06-17,BMY,47.790000915527344,48.470001220703125,47.650001525878906,48.209999084472656,37.39824295043945,9514200.0
2019-06-18,BMY,48.279998779296875,48.68000030517578,47.709999084472656,47.790000915527344,37.07244110107422,11523700.0
2019-06-19,BMY,48.08000183105469,48.66999816894531,47.709999084472656,48.61000061035156,37.708534240722656,8720800.0
2019-06-20,BMY,49.0,49.54999923706055,48.63999938964844,48.88999938964844,37.92573928833008,9441600.0
2019-06-21,BMY,48.81999969482422,49.38999938964844,48.189998626708984,49.34000015258789,38.27482986450195,14979300.0
2019-06-24,BMY,47.220001220703125,47.439998626708984,45.56999969482422,45.68000030517578,35.435630798339844,36621800.0
2019-06-25,BMY,45.810001373291016,46.560001373291016,45.650001525878906,45.77000045776367,35.50544357299805,24456700.0
2019-06-26,BMY,45.86000061035156,45.97999954223633,44.540000915527344,44.91999816894531,34.8460693359375,21924200.0
2019-06-27,BMY,44.95000076293945,45.56999969482422,44.95000076293945,45.099998474121094,34.98570251464844,10918600.0
2019-06-28,BMY,45.380001068115234,45.400001525878906,44.91999816894531,45.349998474121094,35.17964172363281,15627000.0
2019-07-01,BMY,45.709999084472656,46.290000915527344,45.41999816894531,46.18000030517578,35.823509216308594,14049600.0
2019-07-02,BMY,46.459999084472656,46.68000030517578,46.18000030517578,46.68000030517578,36.21136474609375,10957000.0
2019-07-03,BMY,46.4900016784668,46.599998474121094,46.22999954223633,46.560001373291016,36.43832015991211,6121500.0
2019-07-05,BMY,46.529998779296875,46.66999816894531,45.869998931884766,45.88999938964844,35.913978576660156,9635600.0
2019-07-08,BMY,45.720001220703125,45.83000183105469,45.29999923706055,45.77000045776367,35.82006072998047,11884000.0
2019-07-09,BMY,45.849998474121094,46.369998931884766,45.70000076293945,46.040000915527344,36.0313720703125,9456700.0
2019-07-10,BMY,46.040000915527344,46.13999938964844,45.75,45.959999084472656,35.968753814697266,8807200.0
2019-07-11,BMY,45.880001068115234,45.88999938964844,44.16999816894531,44.529998779296875,34.84961700439453,23338400.0
2019-07-12,BMY,44.56999969482422,44.650001525878906,43.810001373291016,44.27000045776367,34.64615249633789,14254900.0
2019-07-15,BMY,44.279998779296875,44.56999969482422,44.04999923706055,44.189998626708984,34.58353805541992,8885400.0
2019-07-16,BMY,44.150001525878906,44.5099983215332,44.08000183105469,44.45000076293945,34.787017822265625,11590900.0
2019-07-17,BMY,44.470001220703125,44.54999923706055,44.060001373291016,44.130001068115234,34.53658676147461,10815700.0
2019-07-18,BMY,44.189998626708984,44.20000076293945,43.529998779296875,44.04999923706055,34.473968505859375,13177600.0
2019-07-19,BMY,44.11000061035156,44.189998626708984,43.2599983215332,43.33000183105469,33.91049575805664,12023100.0
2019-07-22,BMY,43.400001525878906,43.5099983215332,42.720001220703125,42.77000045776367,33.47224044799805,12390600.0
2019-07-23,BMY,42.810001373291016,43.06999969482422,42.47999954223633,43.04999923706055,33.69135665893555,17663400.0
2019-07-24,BMY,42.959999084472656,43.310001373291016,42.68000030517578,43.22999954223633,33.83222961425781,14490600.0
2019-07-25,BMY,42.900001525878906,45.63999938964844,42.81999969482422,45.400001525878906,35.530494689941406,33799300.0
2019-07-26,BMY,45.97999954223633,46.11000061035156,44.2599983215332,45.369998931884766,35.507022857666016,20318100.0
2019-07-29,BMY,45.0,45.5099983215332,44.90999984741211,45.38999938964844,35.52267074584961,14301000.0
2019-07-30,BMY,45.04999923706055,45.33000183105469,44.47999954223633,44.560001373291016,34.873104095458984,13906500.0
2019-07-31,BMY,44.369998931884766,45.04999923706055,44.0,44.40999984741211,34.755706787109375,12863100.0
2019-08-01,BMY,44.54999923706055,45.5,44.40999984741211,45.20000076293945,35.37397384643555,16077500.0
2019-08-02,BMY,45.25,46.029998779296875,45.11000061035156,45.9900016784668,35.99223709106445,17929000.0
2019-08-05,BMY,45.2599983215332,45.900001525878906,44.900001525878906,45.380001068115234,35.51485061645508,17156700.0
2019-08-06,BMY,45.68000030517578,45.70000076293945,45.0,45.689998626708984,35.7574577331543,12146800.0
2019-08-07,BMY,45.2599983215332,46.459999084472656,45.08000183105469,46.2400016784668,36.187904357910156,16780700.0
2019-08-08,BMY,46.43000030517578,47.369998931884766,46.2599983215332,47.290000915527344,37.00962829589844,13955700.0
2019-08-09,BMY,47.290000915527344,47.84000015258789,47.099998474121094,47.31999969482422,37.033119201660156,12213600.0
2019-08-12,BMY,47.0,47.209999084472656,46.209999084472656,46.5099983215332,36.39917755126953,9441500.0
2019-08-13,BMY,46.439998626708984,46.959999084472656,46.150001525878906,46.4900016784668,36.3835563659668,8496200.0
2019-08-14,BMY,46.88999938964844,46.970001220703125,45.540000915527344,45.63999938964844,35.718326568603516,14371700.0
2019-08-15,BMY,45.83000183105469,46.06999969482422,45.31999969482422,45.75,35.80441665649414,8513700.0
2019-08-16,BMY,45.970001220703125,47.060001373291016,45.779998779296875,46.97999954223633,36.76701736450195,9630200.0
2019-08-19,BMY,47.08000183105469,47.84000015258789,47.02000045776367,47.459999084472656,37.14267349243164,7788700.0
2019-08-20,BMY,47.470001220703125,47.79999923706055,47.2400016784668,47.630001068115234,37.275718688964844,9176300.0
2019-08-21,BMY,48.0,48.0099983215332,47.439998626708984,47.77000045776367,37.385292053222656,6729200.0
2019-08-22,BMY,47.95000076293945,48.22999954223633,47.470001220703125,47.86000061035156,37.455718994140625,6378500.0
2019-08-23,BMY,47.77000045776367,48.20000076293945,46.290000915527344,46.58000183105469,36.453983306884766,16319900.0
2019-08-26,BMY,48.41999816894531,49.08000183105469,47.720001220703125,48.11000061035156,37.65137481689453,20731500.0
2019-08-27,BMY,48.33000183105469,48.470001220703125,47.7400016784668,47.93000030517578,37.51049041748047,14748000.0
2019-08-28,BMY,47.70000076293945,48.68000030517578,47.400001525878906,48.65999984741211,38.081809997558594,8521100.0
2019-08-29,BMY,48.95000076293945,49.13999938964844,47.77000045776367,48.27000045776367,37.77659225463867,10342000.0
2019-08-30,BMY,48.400001525878906,48.59000015258789,47.79999923706055,48.06999969482422,37.62006759643555,8126000.0
2019-09-03,BMY,47.88999938964844,48.15999984741211,47.2599983215332,48.040000915527344,37.596588134765625,7708200.0
2019-09-04,BMY,48.43000030517578,48.43000030517578,47.529998779296875,48.119998931884766,37.65919494628906,8140000.0
2019-09-05,BMY,48.29999923706055,48.58000183105469,47.93000030517578,48.5099983215332,37.964412689208984,7320900.0
2019-09-06,BMY,48.41999816894531,48.79999923706055,48.16999816894531,48.27000045776367,37.77659225463867,8241800.0
2019-09-09,BMY,48.400001525878906,48.45000076293945,47.4900016784668,48.09000015258789,37.63571548461914,7470800.0
2019-09-10,BMY,47.75,48.7599983215332,47.52000045776367,48.560001373291016,38.0035400390625,9807000.0
2019-09-11,BMY,48.7599983215332,49.54999923706055,48.61000061035156,49.2400016784668,38.535728454589844,8153800.0
2019-09-12,BMY,49.459999084472656,50.04999923706055,49.209999084472656,49.61000061035156,38.82528305053711,9047000.0
2019-09-13,BMY,49.95000076293945,50.349998474121094,49.290000915527344,49.43000030517578,38.684417724609375,7343500.0
2019-09-16,BMY,49.4900016784668,49.7400016784668,49.209999084472656,49.470001220703125,38.71571731567383,6481800.0
2019-09-17,BMY,49.4900016784668,50.099998474121094,49.349998474121094,49.7400016784668,38.927024841308594,10059800.0
2019-09-18,BMY,49.7400016784668,49.97999954223633,49.41999816894531,49.86000061035156,39.020938873291016,8326700.0
2019-09-19,BMY,49.88999938964844,50.529998779296875,49.65999984741211,50.06999969482422,39.185279846191406,8016200.0
2019-09-20,BMY,50.06999969482422,50.86000061035156,49.9900016784668,50.56999969482422,39.576595306396484,13449700.0
2019-09-23,BMY,50.709999084472656,51.060001373291016,50.470001220703125,50.52000045776367,39.53746032714844,9178700.0
2019-09-24,BMY,50.790000915527344,50.90999984741211,49.7599983215332,50.0099983215332,39.138328552246094,9342200.0
2019-09-25,BMY,50.0099983215332,50.22999954223633,49.689998626708984,49.84000015258789,39.005279541015625,7078700.0
2019-09-26,BMY,50.0099983215332,50.16999816894531,49.380001068115234,49.970001220703125,39.10702896118164,8194600.0
2019-09-27,BMY,50.0099983215332,50.56999969482422,49.97999954223633,50.220001220703125,39.30267333984375,11466100.0
2019-09-30,BMY,50.52000045776367,51.43000030517578,50.31999969482422,50.709999084472656,39.6861572265625,15950500.0
2019-10-01,BMY,51.09000015258789,51.439998626708984,50.349998474121094,50.650001525878906,39.63920593261719,9932400.0
2019-10-02,BMY,50.29999923706055,50.369998931884766,48.709999084472656,49.209999084472656,38.512237548828125,12596200.0
2019-10-03,BMY,48.84000015258789,49.54999923706055,48.54999923706055,49.54999923706055,39.104129791259766,9227000.0
2019-10-04,BMY,49.630001068115234,50.81999969482422,49.52000045776367,50.75,40.05115509033203,10081500.0
2019-10-07,BMY,50.650001525878906,51.4900016784668,50.560001373291016,50.880001068115234,40.153743743896484,9367100.0
2019-10-08,BMY,50.58000183105469,51.189998626708984,49.959999084472656,50.36000061035156,39.74336242675781,11120600.0
2019-10-09,BMY,50.619998931884766,51.09000015258789,50.31999969482422,50.83000183105469,40.11429214477539,7815700.0
2019-10-10,BMY,50.7599983215332,50.9900016784668,50.400001525878906,50.779998779296875,40.0748291015625,11166700.0
2019-10-11,BMY,51.34000015258789,51.97999954223633,51.220001220703125,51.61000061035156,40.729862213134766,11271800.0
2019-10-14,BMY,51.5099983215332,51.66999816894531,51.279998779296875,51.560001373291016,40.690399169921875,5653200.0
2019-10-15,BMY,51.63999938964844,52.13999938964844,51.470001220703125,51.83000183105469,40.90347671508789,7414300.0
2019-10-16,BMY,51.95000076293945,52.06999969482422,51.290000915527344,51.5099983215332,40.650936126708984,8619300.0
2019-10-17,BMY,52.099998474121094,52.75,51.90999984741211,52.41999816894531,41.36909484863281,8926000.0
2019-10-18,BMY,52.45000076293945,53.16999816894531,52.380001068115234,53.029998779296875,41.85049819946289,10859800.0
2019-10-21,BMY,53.150001525878906,53.369998931884766,52.560001373291016,53.20000076293945,41.98466110229492,13098200.0
2019-10-22,BMY,55.9900016784668,57.369998931884766,54.369998931884766,54.41999816894531,42.94746017456055,26890200.0
2019-10-23,BMY,54.40999984741211,54.81999969482422,53.869998931884766,54.77000045776367,43.22367858886719,13025500.0
2019-10-24,BMY,54.849998474121094,54.970001220703125,53.86000061035156,54.369998931884766,42.90800094604492,14594500.0
2019-10-25,BMY,54.5,55.25,54.400001525878906,54.97999954223633,43.389408111572266,12353100.0
2019-10-28,BMY,54.86000061035156,55.93000030517578,54.709999084472656,55.59000015258789,43.87080383300781,13931300.0
2019-10-29,BMY,55.619998931884766,56.119998931884766,55.33000183105469,55.77000045776367,44.01286315917969,9118900.0
2019-10-30,BMY,56.2400016784668,56.91999816894531,55.84000015258789,56.869998931884766,44.8809700012207,14159000.0
2019-10-31,BMY,56.459999084472656,58.220001220703125,56.310001373291016,57.369998931884766,45.27555847167969,25041900.0
2019-11-01,BMY,57.9900016784668,58.459999084472656,57.09000015258789,57.15999984741211,45.109840393066406,17122200.0
2019-11-04,BMY,57.099998474121094,57.2400016784668,56.529998779296875,56.63999938964844,44.6994514465332,12960100.0
2019-11-05,BMY,56.689998626708984,56.869998931884766,55.970001220703125,56.38999938964844,44.50215530395508,10503300.0
2019-11-06,BMY,56.61000061035156,57.13999938964844,56.13999938964844,56.959999084472656,44.95199966430664,13475600.0
2019-11-07,BMY,57.029998779296875,57.619998931884766,56.900001525878906,57.58000183105469,45.441287994384766,11892700.0
2019-11-08,BMY,57.61000061035156,58.060001373291016,57.290000915527344,58.02000045776367,45.788536071777344,11580000.0
2019-11-11,BMY,57.869998931884766,58.29999923706055,57.45000076293945,58.150001525878906,45.8911247253418,9096700.0
2019-11-12,BMY,58.25,59.0,58.119998931884766,58.38999938964844,46.080528259277344,9700600.0
2019-11-13,BMY,58.2400016784668,59.18000030517578,57.900001525878906,58.790000915527344,46.396209716796875,12857500.0
2019-11-14,BMY,58.61000061035156,58.849998474121094,57.91999816894531,58.5099983215332,46.175235748291016,10931900.0
2019-11-15,BMY,58.540000915527344,58.790000915527344,58.400001525878906,58.59000015258789,46.23834991455078,9723800.0
2019-11-18,BMY,58.189998626708984,58.529998779296875,57.290000915527344,57.650001525878906,45.49653625488281,28506700.0
2019-11-19,BMY,57.84000015258789,57.849998474121094,56.2599983215332,56.47999954223633,44.573177337646484,39248100.0
2019-11-20,BMY,56.15999984741211,56.5,55.29999923706055,56.40999984741211,44.517940521240234,185413200.0
2019-11-21,BMY,57.130001068115234,57.459999084472656,56.459999084472656,56.849998474121094,44.86518859863281,22932700.0
2019-11-22,BMY,56.650001525878906,57.119998931884766,55.91999816894531,56.45000076293945,44.54951858520508,21515600.0
2019-11-25,BMY,56.91999816894531,57.099998474121094,55.939998626708984,56.16999816894531,44.32853317260742,23231400.0
2019-11-26,BMY,56.33000183105469,56.900001525878906,56.08000183105469,56.72999954223633,44.77049255371094,21781800.0
2019-11-27,BMY,56.939998626708984,57.849998474121094,56.900001525878906,57.599998474121094,45.457069396972656,25908300.0
2019-11-29,BMY,57.22999954223633,57.369998931884766,56.849998474121094,56.939998626708984,44.936214447021484,11292400.0
2019-12-02,BMY,57.34000015258789,58.099998474121094,57.279998779296875,57.40999984741211,45.30712890625,24715100.0
2019-12-03,BMY,57.0,57.810001373291016,56.68000030517578,57.75,45.57545471191406,16233300.0
2019-12-04,BMY,57.83000183105469,58.97999954223633,57.54999923706055,58.900001525878906,46.483009338378906,22257200.0
2019-12-05,BMY,58.86000061035156,59.66999816894531,58.79999923706055,59.47999954223633,46.94074630737305,17149700.0
2019-12-06,BMY,59.880001068115234,60.86000061035156,59.81999969482422,59.95000076293945,47.31166076660156,17765400.0
2019-12-09,BMY,60.59000015258789,61.58000183105469,60.400001525878906,61.279998779296875,48.36127471923828,16110700.0
2019-12-10,BMY,61.029998779296875,62.369998931884766,60.93000030517578,62.09000015258789,49.00050354003906,19224800.0
2019-12-11,BMY,62.869998931884766,62.97999954223633,61.959999084472656,62.40999984741211,49.2530517578125,18262900.0
2019-12-12,BMY,62.41999816894531,64.22000122070312,62.41999816894531,63.939998626708984,50.46050262451172,17353600.0
2019-12-13,BMY,64.04000091552734,64.75,63.790000915527344,63.81999969482422,50.36580276489258,14526400.0
2019-12-16,BMY,63.099998474121094,64.2699966430664,63.0099983215332,63.5,50.11326217651367,23018200.0
2019-12-17,BMY,63.79999923706055,64.55000305175781,63.540000915527344,64.11000061035156,50.59467315673828,16207100.0
2019-12-18,BMY,63.869998931884766,64.27999877929688,62.970001220703125,63.150001525878906,49.83705139160156,14824300.0
2019-12-19,BMY,63.18000030517578,63.459999084472656,62.7400016784668,62.849998474121094,49.60029602050781,12928200.0
2019-12-20,BMY,63.58000183105469,63.59000015258789,62.91999816894531,63.5099983215332,50.121158599853516,24137000.0
2019-12-23,BMY,63.54999923706055,63.79999923706055,63.08000183105469,63.209999084472656,49.8843994140625,12914900.0
2019-12-24,BMY,63.02000045776367,63.43000030517578,63.0099983215332,63.15999984741211,49.844947814941406,2890400.0
2019-12-26,BMY,63.22999954223633,64.04000091552734,63.18000030517578,63.959999084472656,50.476287841796875,8187700.0
2019-12-27,BMY,64.16999816894531,64.30000305175781,63.83000183105469,64.13999938964844,50.618350982666016,7684400.0
2019-12-30,BMY,64.08999633789062,64.45999908447266,63.63999938964844,63.72999954223633,50.29477310180664,7862300.0
2019-12-31,BMY,63.59000015258789,64.20999908447266,63.5099983215332,64.19000244140625,50.65781021118164,9378400.0
2020-01-02,BMY,63.849998474121094,64.0,63.13999938964844,63.34000015258789,50.339908599853516,13163700.0
2020-01-03,BMY,62.61000061035156,63.33000183105469,62.54999923706055,62.779998779296875,49.89483642578125,12984600.0
2020-01-06,BMY,62.900001525878906,63.2400016784668,62.66999816894531,62.97999954223633,50.05377960205078,11311400.0
2020-01-07,BMY,62.84000015258789,64.18000030517578,62.77000045776367,63.93000030517578,50.80881118774414,15551700.0
2020-01-08,BMY,64.05000305175781,64.61000061035156,63.86000061035156,63.86000061035156,50.75318145751953,18527000.0
2020-01-09,BMY,64.13999938964844,65.77999877929688,64.12000274658203,65.44999694824219,52.01683807373047,16169300.0
2020-01-10,BMY,65.44999694824219,65.97000122070312,65.04000091552734,65.2300033569336,51.842002868652344,11698000.0
2020-01-13,BMY,65.43000030517578,66.98999786376953,65.37000274658203,66.1500015258789,52.57316589355469,19243300.0
2020-01-14,BMY,65.80999755859375,66.52999877929688,65.56999969482422,66.44000244140625,52.803646087646484,30560500.0
2020-01-15,BMY,66.43000030517578,67.08999633789062,66.43000030517578,66.58000183105469,52.914920806884766,10937400.0
2020-01-16,BMY,66.62999725341797,66.97000122070312,66.51000213623047,66.77999877929688,53.07386779785156,8435800.0
2020-01-17,BMY,66.75,67.20999908447266,66.69999694824219,66.72000122070312,53.02618408203125,14375000.0
2020-01-21,BMY,66.69999694824219,67.62000274658203,66.52999877929688,67.43000030517578,53.590450286865234,12519400.0
2020-01-22,BMY,67.91000366210938,68.33999633789062,67.22000122070312,67.43000030517578,53.590450286865234,15186700.0
2020-01-23,BMY,67.12999725341797,67.25,66.02999877929688,66.87000274658203,53.145389556884766,13183300.0
2020-01-24,BMY,66.38999938964844,66.73999786376953,63.61000061035156,64.16000366210938,50.99160385131836,22453000.0
2020-01-27,BMY,63.2599983215332,64.62999725341797,63.09000015258789,63.70000076293945,50.62601852416992,20951100.0
2020-01-28,BMY,64.12999725341797,65.36000061035156,63.900001525878906,64.80999755859375,51.50819778442383,12761900.0
2020-01-29,BMY,65.0199966430664,65.08999633789062,64.12999725341797,64.13999938964844,50.975704193115234,10763200.0
2020-01-30,BMY,63.79999923706055,64.30999755859375,63.38999938964844,63.810001373291016,50.713436126708984,10783700.0
2020-01-31,BMY,63.630001068115234,63.689998626708984,62.5099983215332,62.95000076293945,50.02994918823242,12898000.0
2020-02-03,BMY,63.099998474121094,64.23999786376953,63.04999923706055,63.58000183105469,50.5306396484375,15986500.0
2020-02-04,BMY,64.06999969482422,64.94000244140625,64.05000305175781,64.29000091552734,51.09492492675781,11740200.0
2020-02-05,BMY,64.91999816894531,65.8499984741211,64.8499984741211,65.58999633789062,52.12810134887695,14991600.0
2020-02-06,BMY,67.0,67.80000305175781,66.38999938964844,67.0999984741211,53.328189849853516,16488500.0
2020-02-07,BMY,66.68000030517578,67.01000213623047,65.83999633789062,66.25,52.652645111083984,13093400.0
2020-02-10,BMY,65.87999725341797,67.12000274658203,65.80000305175781,66.91000366210938,53.177188873291016,13218500.0
2020-02-11,BMY,67.3499984741211,67.55000305175781,66.97000122070312,66.98999786376953,53.240760803222656,7261400.0
2020-02-12,BMY,67.08999633789062,67.5,66.56999969482422,67.0,53.24870681762695,11213700.0
2020-02-13,BMY,66.72000122070312,66.94999694824219,66.04000091552734,66.08000183105469,52.51754379272461,9149500.0
2020-02-14,BMY,66.25,66.83000183105469,65.9800033569336,66.37999725341797,52.75596237182617,7530700.0
2020-02-18,BMY,66.51000213623047,66.97000122070312,65.44000244140625,66.06999969482422,52.50959014892578,13831900.0
2020-02-19,BMY,66.0,66.05000305175781,65.36000061035156,65.70999908447266,52.223472595214844,9905400.0
2020-02-20,BMY,65.62999725341797,65.9800033569336,64.88999938964844,65.16999816894531,51.794307708740234,11360500.0
2020-02-21,BMY,64.87000274658203,65.87000274658203,64.80000305175781,65.62999725341797,52.15989303588867,10134800.0
2020-02-24,BMY,64.08000183105469,65.05999755859375,63.689998626708984,63.970001220703125,50.840599060058594,12105000.0
2020-02-25,BMY,63.88999938964844,63.90999984741211,61.599998474121094,62.13999938964844,49.386199951171875,15706000.0
2020-02-26,BMY,61.75,63.38999938964844,61.61000061035156,62.040000915527344,49.306724548339844,11264600.0
2020-02-27,BMY,61.0,61.58000183105469,59.560001373291016,59.58000183105469,47.35162353515625,20624800.0
2020-02-28,BMY,57.7599983215332,59.209999084472656,56.369998931884766,59.060001373291016,46.938350677490234,28292500.0
2020-03-02,BMY,59.56999969482422,60.779998779296875,58.68000030517578,60.34000015258789,47.95563888549805,19500300.0
2020-03-03,BMY,60.86000061035156,61.849998474121094,58.34000015258789,59.20000076293945,47.04960632324219,18250100.0
2020-03-04,BMY,60.20000076293945,61.68000030517578,59.689998626708984,61.47999954223633,48.86164855957031,18228300.0
2020-03-05,BMY,60.70000076293945,61.2400016784668,59.84000015258789,60.5,48.08279037475586,15119400.0
2020-03-06,BMY,58.880001068115234,60.41999816894531,58.7599983215332,60.310001373291016,47.93178176879883,14833900.0
2020-03-09,BMY,56.0099983215332,59.13999938964844,56.0,57.65999984741211,45.82568359375,22385900.0
2020-03-10,BMY,58.81999969482422,58.95000076293945,55.90999984741211,57.93000030517578,46.0402717590332,24831000.0
2020-03-11,BMY,56.779998779296875,57.959999084472656,55.810001373291016,56.5099983215332,44.911705017089844,19768800.0
2020-03-12,BMY,52.33000183105469,54.900001525878906,50.619998931884766,52.75,41.923423767089844,22963000.0
2020-03-13,BMY,54.88999938964844,55.5,51.779998779296875,54.9900016784668,43.70368576049805,23503600.0
2020-03-16,BMY,50.130001068115234,53.7599983215332,48.0099983215332,51.11000061035156,40.62002182006836,20582800.0
2020-03-17,BMY,51.83000183105469,54.099998474121094,51.20000076293945,54.09000015258789,42.98839569091797,17519600.0
2020-03-18,BMY,51.630001068115234,52.38999938964844,48.02000045776367,50.2400016784668,39.928585052490234,27384200.0
2020-03-19,BMY,50.11000061035156,50.720001220703125,48.130001068115234,48.790000915527344,38.77619552612305,20058300.0
2020-03-20,BMY,49.04999923706055,50.63999938964844,47.25,48.400001525878906,38.46623611450195,20370800.0
2020-03-23,BMY,47.189998626708984,48.400001525878906,45.7599983215332,46.400001525878906,36.87672805786133,21237000.0
2020-03-24,BMY,48.18000030517578,49.5,47.38999938964844,49.2400016784668,39.13383865356445,16484800.0
2020-03-25,BMY,49.029998779296875,51.95000076293945,48.16999816894531,49.349998474121094,39.22125244140625,20921300.0
2020-03-26,BMY,50.459999084472656,53.31999969482422,50.310001373291016,52.25,41.52605438232422,21600200.0
2020-03-27,BMY,51.11000061035156,53.779998779296875,50.869998931884766,52.790000915527344,41.95521545410156,14498400.0
2020-03-30,BMY,53.20000076293945,55.08000183105469,53.20000076293945,54.38999938964844,43.22683334350586,18013500.0
2020-03-31,BMY,54.29999923706055,56.2400016784668,54.2400016784668,55.7400016784668,44.299747467041016,28455600.0
2020-04-01,BMY,53.619998931884766,55.70000076293945,53.52000045776367,54.81999969482422,43.56858444213867,13441300.0
2020-04-02,BMY,54.84000015258789,55.31999969482422,53.58000183105469,55.209999084472656,44.24169921875,12929400.0
2020-04-03,BMY,54.9900016784668,56.470001220703125,54.900001525878906,55.529998779296875,44.49812698364258,14654200.0
2020-04-06,BMY,57.06999969482422,58.06999969482422,56.58000183105469,57.869998931884766,46.37323760986328,22589700.0
2020-04-07,BMY,58.529998779296875,58.59000015258789,56.68000030517578,56.900001525878906,45.595951080322266,19224400.0
2020-04-08,BMY,57.04999923706055,59.130001068115234,56.36000061035156,58.25,46.6777458190918,15268700.0
2020-04-09,BMY,58.79999923706055,59.58000183105469,58.369998931884766,58.90999984741211,47.20662307739258,13256000.0
2020-04-13,BMY,58.5,59.400001525878906,58.060001373291016,58.91999816894531,47.21465301513672,13921600.0
2020-04-14,BMY,59.83000183105469,60.72999954223633,59.630001068115234,60.040000915527344,48.112144470214844,14259000.0
2020-04-15,BMY,59.29999923706055,59.88999938964844,58.900001525878906,59.459999084472656,47.64736557006836,14402100.0
2020-04-16,BMY,59.79999923706055,60.349998474121094,59.5,59.560001373291016,47.72750473022461,12984900.0
2020-04-17,BMY,60.380001068115234,60.77000045776367,59.880001068115234,60.599998474121094,48.56089782714844,16697800.0
2020-04-20,BMY,60.75,62.84000015258789,60.599998474121094,61.68000030517578,49.42633056640625,17446000.0
2020-04-21,BMY,60.86000061035156,61.31999969482422,60.2599983215332,60.59000015258789,48.552879333496094,22203000.0
2020-04-22,BMY,61.2599983215332,61.90999984741211,60.880001068115234,60.93000030517578,48.82533264160156,12081000.0
2020-04-23,BMY,61.31999969482422,61.9900016784668,60.84000015258789,60.95000076293945,48.84135818481445,11897400.0
2020-04-24,BMY,61.66999816894531,62.54999923706055,61.2599983215332,62.25,49.88309097290039,10460800.0
2020-04-27,BMY,62.63999938964844,63.02000045776367,62.40999984741211,62.560001373291016,50.13151168823242,13994600.0
2020-04-28,BMY,62.93000030517578,63.18000030517578,61.77000045776367,62.13999938964844,49.79494857788086,10858900.0
2020-04-29,BMY,62.369998931884766,62.619998931884766,61.529998779296875,61.630001068115234,49.386268615722656,11035100.0
2020-04-30,BMY,60.849998474121094,61.11000061035156,60.36000061035156,60.810001373291016,48.72917556762695,17554500.0
2020-05-01,BMY,60.849998474121094,60.869998931884766,59.68000030517578,60.2599983215332,48.288429260253906,15582800.0
2020-05-04,BMY,60.7400016784668,60.91999816894531,59.72999954223633,60.16999816894531,48.216312408447266,16989600.0
2020-05-05,BMY,60.599998474121094,61.79999923706055,60.43000030517578,61.36000061035156,49.1699104309082,13340800.0
2020-05-06,BMY,61.650001525878906,62.22999954223633,60.939998626708984,61.130001068115234,48.98560333251953,14589000.0
2020-05-07,BMY,62.52000045776367,62.599998474121094,60.619998931884766,61.040000915527344,48.91347885131836,17531500.0
2020-05-08,BMY,61.83000183105469,62.18000030517578,60.95000076293945,61.04999923706055,48.92148971557617,16960100.0
2020-05-11,BMY,60.869998931884766,62.810001373291016,60.77000045776367,62.65999984741211,50.211639404296875,14146800.0
2020-05-12,BMY,63.16999816894531,64.2699966430664,62.880001068115234,63.349998474121094,50.76455307006836,18928100.0
2020-05-13,BMY,63.16999816894531,63.93000030517578,62.58000183105469,63.27000045776367,50.70045471191406,17287900.0
2020-05-14,BMY,62.5,64.12999725341797,62.130001068115234,63.77000045776367,51.10111618041992,18221700.0
2020-05-15,BMY,64.19999694824219,65.33999633789062,63.810001373291016,64.08999633789062,51.3575439453125,35224400.0
2020-05-18,BMY,64.91999816894531,65.20999908447266,63.47999954223633,63.599998474121094,50.96489334106445,15170500.0
2020-05-19,BMY,63.43000030517578,63.81999969482422,62.4900016784668,62.709999084472656,50.251705169677734,11052100.0
2020-05-20,BMY,63.0,63.25,60.83000183105469,61.68000030517578,49.42633056640625,16658200.0
2020-05-21,BMY,61.619998931884766,61.869998931884766,60.439998626708984,61.13999938964844,48.99361801147461,16016000.0
2020-05-22,BMY,61.0099983215332,61.65999984741211,60.59000015258789,60.790000915527344,48.7131462097168,9228600.0
2020-05-26,BMY,61.5099983215332,61.5099983215332,60.18000030517578,60.31999969482422,48.33651351928711,18447800.0
2020-05-27,BMY,60.0,60.52000045776367,59.11000061035156,60.400001525878906,48.4006233215332,19071700.0
2020-05-28,BMY,60.959999084472656,60.97999954223633,59.68000030517578,59.810001373291016,47.92784118652344,14977400.0
2020-05-29,BMY,60.29999923706055,60.470001220703125,59.380001068115234,59.720001220703125,47.855712890625,27224800.0
2020-06-01,BMY,59.459999084472656,61.439998626708984,59.43000030517578,60.290000915527344,48.31248092651367,11507900.0
2020-06-02,BMY,60.290000915527344,60.68000030517578,59.27000045776367,60.650001525878906,48.600955963134766,15460100.0
2020-06-03,BMY,60.70000076293945,60.88999938964844,59.689998626708984,60.209999084472656,48.24836349487305,13497600.0
2020-06-04,BMY,59.81999969482422,61.09000015258789,59.81999969482422,60.88999938964844,48.79327392578125,13476900.0
2020-06-05,BMY,61.18000030517578,61.77000045776367,60.529998779296875,61.33000183105469,49.1458625793457,11862600.0
2020-06-08,BMY,60.599998474121094,61.43000030517578,60.400001525878906,61.43000030517578,49.22600173950195,12549100.0
2020-06-09,BMY,61.75,62.16999816894531,60.93000030517578,60.93000030517578,48.82533264160156,12159500.0
2020-06-10,BMY,61.2400016784668,61.41999816894531,59.900001525878906,60.15999984741211,48.20829772949219,13343700.0
2020-06-11,BMY,59.900001525878906,60.279998779296875,56.400001525878906,56.709999084472656,45.443687438964844,17371900.0
2020-06-12,BMY,57.59000015258789,57.650001525878906,55.59000015258789,56.16999816894531,45.01097869873047,14864200.0
2020-06-15,BMY,55.63999938964844,55.779998779296875,54.06999969482422,55.099998474121094,44.15354919433594,21617800.0
2020-06-16,BMY,55.93000030517578,57.290000915527344,55.5,57.060001373291016,45.72417068481445,16973300.0
2020-06-17,BMY,57.209999084472656,57.36000061035156,56.709999084472656,56.95000076293945,45.636016845703125,13638200.0
2020-06-18,BMY,56.56999969482422,56.619998931884766,55.58000183105469,55.970001220703125,44.8507080078125,14113300.0
2020-06-19,BMY,56.70000076293945,56.83000183105469,54.72999954223633,56.40999984741211,45.20330047607422,54134700.0
2020-06-22,BMY,56.2400016784668,57.689998626708984,55.91999816894531,57.560001373291016,46.12483215332031,18716200.0
2020-06-23,BMY,57.939998626708984,59.099998474121094,57.81999969482422,58.380001068115234,46.78194046020508,15557200.0
2020-06-24,BMY,58.11000061035156,58.209999084472656,57.11000061035156,57.7599983215332,46.28510284423828,11177200.0
2020-06-25,BMY,58.0099983215332,58.470001220703125,57.70000076293945,58.18000030517578,46.62165069580078,15267200.0
2020-06-26,BMY,57.959999084472656,58.02000045776367,56.66999816894531,57.540000915527344,46.10881042480469,26132400.0
2020-06-29,BMY,57.9900016784668,58.13999938964844,57.310001373291016,57.79999923706055,46.31715393066406,9831400.0
2020-06-30,BMY,57.86000061035156,59.20000076293945,57.5,58.79999923706055,47.11848068237305,12139700.0
2020-07-01,BMY,59.189998626708984,59.72999954223633,58.880001068115234,59.43000030517578,47.62332534790039,11738300.0
2020-07-02,BMY,59.29999923706055,59.63999938964844,58.75,59.13999938964844,47.75251770019531,11366100.0
2020-07-06,BMY,59.599998474121094,60.58000183105469,58.869998931884766,60.189998626708984,48.600341796875,8810800.0
2020-07-07,BMY,59.7599983215332,60.61000061035156,59.52000045776367,60.290000915527344,48.681095123291016,12766700.0
2020-07-08,BMY,60.31999969482422,60.68000030517578,59.279998779296875,59.560001373291016,48.091644287109375,10507000.0
2020-07-09,BMY,59.65999984741211,60.13999938964844,57.83000183105469,58.11000061035156,46.92084884643555,12780000.0
2020-07-10,BMY,58.0,58.09000015258789,57.15999984741211,57.43000030517578,46.371788024902344,8770000.0
2020-07-13,BMY,57.56999969482422,58.4900016784668,57.5,57.75,46.63017272949219,10149000.0
2020-07-14,BMY,57.83000183105469,58.099998474121094,57.290000915527344,57.88999938964844,46.74320602416992,12153900.0
2020-07-15,BMY,58.650001525878906,59.61000061035156,58.31999969482422,59.27000045776367,47.85749053955078,9459400.0
2020-07-16,BMY,59.22999954223633,59.380001068115234,58.72999954223633,59.31999969482422,47.89786148071289,6949700.0
2020-07-17,BMY,59.70000076293945,60.619998931884766,59.400001525878906,60.38999938964844,48.76182556152344,9078200.0
2020-07-20,BMY,60.290000915527344,60.63999938964844,59.220001220703125,59.459999084472656,48.010902404785156,6759900.0
2020-07-21,BMY,59.59000015258789,60.2400016784668,59.31999969482422,59.79999923706055,48.28543472290039,7802300.0
2020-07-22,BMY,59.88999938964844,60.33000183105469,59.34000015258789,59.849998474121094,48.3258056640625,8961000.0
2020-07-23,BMY,60.119998931884766,60.459999084472656,59.56999969482422,59.869998931884766,48.341957092285156,8913200.0
2020-07-24,BMY,59.66999816894531,59.7599983215332,57.54999923706055,57.849998474121094,46.71091842651367,12531900.0
2020-07-27,BMY,57.54999923706055,58.619998931884766,57.349998474121094,58.04999923706055,46.87240219116211,12372000.0
2020-07-28,BMY,58.54999923706055,59.81999969482422,58.2400016784668,59.43000030517578,47.98667907714844,9816300.0
2020-07-29,BMY,59.15999984741211,59.400001525878906,58.59000015258789,59.150001525878906,47.76060104370117,7357900.0
2020-07-30,BMY,58.79999923706055,59.150001525878906,58.34000015258789,58.869998931884766,47.534507751464844,7175200.0
2020-07-31,BMY,58.880001068115234,59.09000015258789,57.77000045776367,58.65999984741211,47.36494445800781,10443000.0
2020-08-03,BMY,59.11000061035156,59.63999938964844,58.95000076293945,59.099998474121094,47.72022247314453,10337900.0
2020-08-04,BMY,58.83000183105469,59.5099983215332,58.529998779296875,59.470001220703125,48.01898193359375,6527600.0
2020-08-05,BMY,59.95000076293945,60.380001068115234,59.40999984741211,59.689998626708984,48.196617126464844,10662800.0
2020-08-06,BMY,62.0,62.970001220703125,60.41999816894531,61.33000183105469,49.52083206176758,18961900.0
2020-08-07,BMY,61.560001373291016,61.650001525878906,60.41999816894531,61.02000045776367,49.27052307128906,9969100.0
2020-08-10,BMY,60.959999084472656,61.9900016784668,60.77000045776367,61.81999969482422,49.91648483276367,9820900.0
2020-08-11,BMY,62.970001220703125,64.25,62.689998626708984,63.130001068115234,50.974239349365234,20736000.0
2020-08-12,BMY,63.58000183105469,64.2699966430664,63.45000076293945,63.63999938964844,51.38603210449219,8616200.0
2020-08-13,BMY,63.02000045776367,63.58000183105469,62.900001525878906,63.2400016784668,51.06306457519531,7748700.0
2020-08-14,BMY,63.189998626708984,63.54999923706055,62.75,63.15999984741211,50.99846267700195,5606900.0
2020-08-17,BMY,63.40999984741211,64.08000183105469,63.16999816894531,63.619998931884766,51.3698844909668,5972400.0
2020-08-18,BMY,63.4900016784668,63.68000030517578,62.900001525878906,63.029998779296875,50.89349365234375,5745600.0
2020-08-19,BMY,63.06999969482422,63.81999969482422,62.95000076293945,63.09000015258789,50.94194793701172,6092700.0
2020-08-20,BMY,62.779998779296875,62.86000061035156,61.93000030517578,62.220001220703125,50.239463806152344,6326300.0
2020-08-21,BMY,62.220001220703125,62.349998474121094,61.7400016784668,62.189998626708984,50.215232849121094,8031400.0
2020-08-24,BMY,62.34000015258789,62.459999084472656,61.70000076293945,62.40999984741211,50.39287185668945,8721000.0
2020-08-25,BMY,62.75,63.369998931884766,62.5,62.709999084472656,50.63511657714844,6620600.0
2020-08-26,BMY,62.5,62.59000015258789,61.58000183105469,62.279998779296875,50.28790283203125,6195800.0
2020-08-27,BMY,62.5,62.959999084472656,62.2400016784668,62.5099983215332,50.47361755371094,6389500.0
2020-08-28,BMY,62.5,62.59000015258789,61.849998474121094,62.369998931884766,50.36058044433594,6380400.0
2020-08-31,BMY,62.380001068115234,62.79999923706055,61.95000076293945,62.20000076293945,50.22332000732422,14189800.0
2020-09-01,BMY,62.20000076293945,62.2599983215332,60.689998626708984,60.970001220703125,49.23015594482422,12154000.0
2020-09-02,BMY,60.790000915527344,61.81999969482422,60.459999084472656,61.599998474121094,49.73884963989258,13287300.0
2020-09-03,BMY,61.619998931884766,62.02000045776367,59.529998779296875,60.04999923706055,48.4873046875,16483900.0
2020-09-04,BMY,60.18000030517578,60.529998779296875,59.25,59.95000076293945,48.406551361083984,16405800.0
2020-09-08,BMY,59.869998931884766,60.0,58.13999938964844,58.529998779296875,47.25997543334961,11735900.0
2020-09-09,BMY,58.93000030517578,59.599998474121094,58.7599983215332,59.08000183105469,47.70407485961914,7173700.0
2020-09-10,BMY,58.9900016784668,59.29999923706055,58.18000030517578,58.290000915527344,47.066192626953125,11995300.0
2020-09-11,BMY,58.459999084472656,59.27000045776367,58.43000030517578,58.9900016784668,47.63141632080078,8573500.0
2020-09-14,BMY,59.189998626708984,60.09000015258789,59.06999969482422,59.70000076293945,48.204689025878906,6242400.0
2020-09-15,BMY,59.970001220703125,60.11000061035156,59.38999938964844,59.529998779296875,48.06742858886719,8259100.0
2020-09-16,BMY,59.66999816894531,59.970001220703125,59.2400016784668,59.45000076293945,48.002830505371094,6159800.0
2020-09-17,BMY,59.0,59.43000030517578,58.2599983215332,59.400001525878906,47.962459564208984,6624800.0
2020-09-18,BMY,59.09000015258789,59.720001220703125,58.83000183105469,59.27000045776367,47.85749053955078,13944500.0
2020-09-21,BMY,58.91999816894531,58.959999084472656,56.900001525878906,57.77000045776367,46.64632034301758,16199700.0
2020-09-22,BMY,57.77000045776367,58.849998474121094,57.630001068115234,58.7599983215332,47.445682525634766,12466800.0
2020-09-23,BMY,59.04999923706055,59.5,58.619998931884766,58.9900016784668,47.63141632080078,11436600.0
2020-09-24,BMY,58.47999954223633,58.81999969482422,57.70000076293945,58.25,47.03388595581055,10358800.0
2020-09-25,BMY,58.2599983215332,59.84000015258789,58.15999984741211,59.4900016784668,48.03512191772461,9835900.0
2020-09-28,BMY,59.369998931884766,60.209999084472656,58.959999084472656,59.709999084472656,48.2127685546875,9616600.0
2020-09-29,BMY,59.84000015258789,60.939998626708984,59.68000030517578,59.900001525878906,48.36618423461914,8084100.0
2020-09-30,BMY,60.13999938964844,60.63999938964844,59.790000915527344,60.290000915527344,48.681095123291016,10322300.0
2020-10-01,BMY,60.380001068115234,60.56999969482422,59.630001068115234,59.81999969482422,48.66481399536133,8747600.0
2020-10-02,BMY,59.38999938964844,60.0099983215332,58.68000030517578,58.720001220703125,47.76994705200195,12574300.0
2020-10-05,BMY,58.54999923706055,59.279998779296875,57.95000076293945,59.20000076293945,48.16044235229492,10992300.0
2020-10-06,BMY,59.34000015258789,59.459999084472656,57.61000061035156,57.7400016784668,46.97270202636719,13113300.0
2020-10-07,BMY,58.150001525878906,60.97999954223633,57.959999084472656,60.41999816894531,49.15292739868164,14632600.0
2020-10-08,BMY,60.849998474121094,62.09000015258789,60.459999084472656,61.619998931884766,50.12915802001953,11787300.0
2020-10-09,BMY,61.79999923706055,62.29999923706055,61.61000061035156,61.81999969482422,50.29186248779297,9408400.0
2020-10-12,BMY,61.97999954223633,62.25,61.47999954223633,61.83000183105469,50.30000305175781,11531800.0
2020-10-13,BMY,61.560001373291016,62.0099983215332,60.97999954223633,61.130001068115234,49.730533599853516,8374300.0
2020-10-14,BMY,61.11000061035156,61.630001068115234,60.720001220703125,61.0,49.62477493286133,8822600.0
2020-10-15,BMY,60.59000015258789,60.900001525878906,60.310001373291016,60.41999816894531,49.15292739868164,13104700.0
2020-10-16,BMY,60.66999816894531,61.7400016784668,60.650001525878906,61.2400016784668,49.82001495361328,9385400.0
2020-10-19,BMY,61.79999923706055,62.41999816894531,60.5099983215332,60.77000045776367,49.437660217285156,10999100.0
2020-10-20,BMY,61.09000015258789,61.27000045776367,60.529998779296875,60.63999938964844,49.3319091796875,6635100.0
2020-10-21,BMY,60.38999938964844,60.75,59.95000076293945,60.029998779296875,48.83565902709961,8004800.0
2020-10-22,BMY,59.97999954223633,61.0099983215332,59.95000076293945,60.7599983215332,49.42953109741211,7034900.0
2020-10-23,BMY,60.83000183105469,61.220001220703125,60.06999969482422,60.130001068115234,48.91701126098633,7336800.0
2020-10-26,BMY,59.81999969482422,60.13999938964844,59.040000915527344,59.66999816894531,48.54279327392578,7484100.0
2020-10-27,BMY,59.2599983215332,59.84000015258789,58.560001373291016,58.7400016784668,47.78621292114258,10008000.0
2020-10-28,BMY,58.0,58.540000915527344,57.400001525878906,57.7599983215332,46.98896789550781,11931200.0
2020-10-29,BMY,57.810001373291016,58.43000030517578,56.75,57.91999816894531,47.11912536621094,8838600.0
2020-10-30,BMY,57.709999084472656,58.47999954223633,57.59000015258789,58.45000076293945,47.55029296875,11155300.0
2020-11-02,BMY,59.189998626708984,59.63999938964844,58.84000015258789,59.4900016784668,48.39635467529297,10318500.0
2020-11-03,BMY,61.0099983215332,62.2400016784668,60.209999084472656,61.2400016784668,49.82001495361328,14236000.0
2020-11-04,BMY,63.959999084472656,66.2300033569336,63.75,65.43000030517578,53.22867202758789,24699700.0
2020-11-05,BMY,64.98999786376953,65.37999725341797,63.540000915527344,63.75,51.8619499206543,17676100.0
2020-11-06,BMY,63.61000061035156,64.91999816894531,63.380001068115234,63.79999923706055,51.90262222290039,9680100.0
2020-11-09,BMY,65.12000274658203,66.08000183105469,63.9900016784668,64.08000183105469,52.13041687011719,15533300.0
2020-11-10,BMY,64.20999908447266,64.80000305175781,63.709999084472656,64.5199966430664,52.48836135864258,11210000.0
2020-11-11,BMY,65.06999969482422,65.12000274658203,63.029998779296875,63.41999816894531,51.59349060058594,8269700.0
2020-11-12,BMY,63.13999938964844,63.13999938964844,62.20000076293945,62.75,51.04842758178711,7602900.0
2020-11-13,BMY,62.790000915527344,64.04000091552734,62.77000045776367,63.619998931884766,51.75619888305664,9433500.0
2020-11-16,BMY,64.12000274658203,64.93000030517578,63.849998474121094,64.5,52.47209167480469,7199600.0
2020-11-17,BMY,64.47000122070312,64.69999694824219,63.880001068115234,64.31999969482422,52.32566452026367,8610200.0
2020-11-18,BMY,64.66999816894531,64.69999694824219,62.0,62.0099983215332,50.44641876220703,12455300.0
2020-11-19,BMY,62.20000076293945,62.400001525878906,61.150001525878906,62.09000015258789,50.511512756347656,9025500.0
2020-11-20,BMY,61.849998474121094,62.33000183105469,61.400001525878906,61.61000061035156,50.12101745605469,8299700.0
2020-11-23,BMY,61.7400016784668,62.0099983215332,61.08000183105469,61.91999816894531,50.37321472167969,9591100.0
2020-11-24,BMY,61.95000076293945,63.5099983215332,61.880001068115234,63.220001220703125,51.43079376220703,13510100.0
2020-11-25,BMY,63.41999816894531,63.5,62.20000076293945,62.84000015258789,51.12165451049805,9520600.0
2020-11-27,BMY,63.279998779296875,63.689998626708984,62.880001068115234,63.04999923706055,51.292484283447266,4178800.0
2020-11-30,BMY,63.04999923706055,63.27000045776367,61.9900016784668,62.400001525878906,50.76369857788086,14996600.0
2020-12-01,BMY,63.150001525878906,63.7400016784668,62.34000015258789,62.40999984741211,50.7718391418457,9870500.0
2020-12-02,BMY,62.40999984741211,62.83000183105469,61.900001525878906,62.18000030517578,50.58473205566406,8077200.0
2020-12-03,BMY,62.0,62.290000915527344,61.58000183105469,61.779998779296875,50.25931930541992,10944900.0
2020-12-04,BMY,61.790000915527344,62.310001373291016,61.650001525878906,62.310001373291016,50.690486907958984,8159000.0
2020-12-07,BMY,62.189998626708984,62.59000015258789,60.970001220703125,61.20000076293945,49.787471771240234,8974000.0
2020-12-08,BMY,61.16999816894531,61.779998779296875,60.849998474121094,61.119998931884766,49.72239685058594,10830600.0
2020-12-09,BMY,61.5,61.560001373291016,60.33000183105469,60.91999816894531,49.55968475341797,10244500.0
2020-12-10,BMY,60.90999984741211,61.040000915527344,59.959999084472656,60.20000076293945,48.97394943237305,9428600.0
2020-12-11,BMY,60.33000183105469,61.470001220703125,60.20000076293945,60.720001220703125,49.39699172973633,10021600.0
2020-12-14,BMY,61.0099983215332,61.099998474121094,59.91999816894531,59.970001220703125,48.786842346191406,11400400.0
2020-12-15,BMY,61.2599983215332,62.63999938964844,60.849998474121094,62.56999969482422,50.90199279785156,14940600.0
2020-12-16,BMY,62.5,63.279998779296875,62.290000915527344,62.34000015258789,50.71488952636719,9498000.0
2020-12-17,BMY,62.56999969482422,62.81999969482422,61.9900016784668,62.540000915527344,50.87759017944336,10642400.0
2020-12-18,BMY,62.650001525878906,63.45000076293945,62.439998626708984,63.119998931884766,51.349430084228516,21177800.0
2020-12-21,BMY,62.0,62.119998931884766,61.34000015258789,62.0099983215332,50.44641876220703,13055700.0
2020-12-22,BMY,61.77000045776367,61.970001220703125,61.130001068115234,61.43000030517578,49.974578857421875,8113400.0
2020-12-23,BMY,61.369998931884766,61.630001068115234,61.0,61.0,49.62477493286133,6235000.0
2020-12-24,BMY,61.119998931884766,61.36000061035156,60.939998626708984,61.150001525878906,49.746795654296875,3099700.0
2020-12-28,BMY,61.41999816894531,61.7400016784668,60.810001373291016,61.119998931884766,49.72239685058594,6855700.0
2020-12-29,BMY,61.70000076293945,61.939998626708984,61.34000015258789,61.41999816894531,49.96644973754883,6653400.0
2020-12-30,BMY,61.619998931884766,62.15999984741211,61.47999954223633,61.91999816894531,50.37321472167969,6624100.0
2020-12-31,BMY,61.439998626708984,62.11000061035156,60.970001220703125,62.029998779296875,50.865211486816406,8649300.0
2021-01-04,BMY,61.7400016784668,62.150001525878906,60.5,61.380001068115234,50.33220672607422,12429600.0
2021-01-05,BMY,61.11000061035156,61.709999084472656,60.470001220703125,61.54999923706055,50.47161102294922,11584600.0
2021-01-06,BMY,60.54999923706055,62.04999923706055,60.52000045776367,61.70000076293945,50.594608306884766,12426200.0
2021-01-07,BMY,61.34000015258789,62.630001068115234,61.0,62.36000061035156,51.13581848144531,10931900.0
2021-01-08,BMY,62.189998626708984,63.18000030517578,62.150001525878906,62.4900016784668,51.24242401123047,10010500.0
2021-01-11,BMY,63.400001525878906,65.25,63.2400016784668,64.97000122070312,53.276039123535156,18185700.0
2021-01-12,BMY,65.36000061035156,66.30000305175781,64.91000366210938,65.43000030517578,53.65325164794922,15757500.0
2021-01-13,BMY,65.5,65.95999908447266,64.63999938964844,64.7300033569336,53.07925033569336,10292400.0
2021-01-14,BMY,64.91000366210938,66.37000274658203,64.77999877929688,66.0199966430664,54.137054443359375,12479800.0
2021-01-15,BMY,66.0199966430664,66.86000061035156,65.54000091552734,66.54000091552734,54.56345748901367,11296500.0
2021-01-19,BMY,66.8499984741211,67.16000366210938,66.33000183105469,66.73999786376953,54.72745895385742,10847800.0
2021-01-20,BMY,66.56999969482422,66.81999969482422,66.0,66.25,54.32565689086914,9609600.0
2021-01-21,BMY,65.6500015258789,66.19999694824219,63.97999954223633,64.18000030517578,52.628238677978516,14064300.0
2021-01-22,BMY,63.88999938964844,65.02999877929688,63.7599983215332,64.55999755859375,52.939842224121094,9071900.0
2021-01-25,BMY,64.63999938964844,65.13999938964844,63.959999084472656,64.83000183105469,53.1612434387207,9171000.0
2021-01-26,BMY,64.5,65.6500015258789,64.37999725341797,64.44000244140625,52.84143829345703,11284100.0
2021-01-27,BMY,63.88999938964844,63.88999938964844,61.900001525878906,62.02000045776367,50.85701370239258,13847700.0
2021-01-28,BMY,62.83000183105469,63.380001068115234,62.20000076293945,62.290000915527344,51.078407287597656,17514700.0
2021-01-29,BMY,62.29999923706055,62.79999923706055,61.029998779296875,61.43000030517578,50.373207092285156,16092000.0
2021-02-01,BMY,61.90999984741211,62.869998931884766,61.65999984741211,62.209999084472656,51.0128173828125,11240900.0
2021-02-02,BMY,63.0,64.63999938964844,62.88999938964844,62.939998626708984,51.61143112182617,16059700.0
2021-02-03,BMY,62.869998931884766,63.209999084472656,62.0099983215332,62.029998779296875,50.865211486816406,15115000.0
2021-02-04,BMY,62.0,62.88999938964844,61.2400016784668,61.560001373291016,50.47981643676758,15997000.0
2021-02-05,BMY,61.060001373291016,61.77000045776367,60.5099983215332,60.91999816894531,49.95500183105469,16249200.0
2021-02-08,BMY,61.349998474121094,61.369998931884766,59.66999816894531,60.22999954223633,49.38920211791992,18864300.0
2021-02-09,BMY,60.22999954223633,60.34000015258789,59.68000030517578,59.7599983215332,49.00379943847656,14226100.0
2021-02-10,BMY,60.099998474121094,60.529998779296875,59.61000061035156,60.0,49.200592041015625,13071000.0
2021-02-11,BMY,60.0,60.220001220703125,59.70000076293945,59.9900016784668,49.19239044189453,8256800.0
2021-02-12,BMY,59.86000061035156,60.279998779296875,59.650001525878906,59.9900016784668,49.19239044189453,9493600.0
2021-02-16,BMY,60.099998474121094,60.369998931884766,59.369998931884766,59.400001525878906,48.708587646484375,12386400.0
2021-02-17,BMY,59.4900016784668,60.93000030517578,59.41999816894531,60.59000015258789,49.68440246582031,11673500.0
2021-02-18,BMY,60.310001373291016,61.720001220703125,60.29999923706055,61.02000045776367,50.03700256347656,14076600.0
2021-02-19,BMY,61.13999938964844,61.5,60.52000045776367,60.599998474121094,49.69259262084961,16997100.0
2021-02-22,BMY,60.41999816894531,61.2400016784668,59.709999084472656,60.9900016784668,50.01240921020508,9916600.0
2021-02-23,BMY,61.20000076293945,61.380001068115234,60.029998779296875,60.720001220703125,49.7910041809082,13742000.0
2021-02-24,BMY,60.900001525878906,62.91999816894531,60.869998931884766,62.59000015258789,51.32441329956055,16517900.0
2021-02-25,BMY,62.43000030517578,63.16999816894531,61.810001373291016,62.099998474121094,50.92261505126953,17077100.0
2021-02-26,BMY,62.029998779296875,62.70000076293945,61.2599983215332,61.33000183105469,50.291202545166016,13229500.0
2021-03-01,BMY,61.900001525878906,62.06999969482422,61.52000045776367,61.630001068115234,50.53721618652344,7321400.0
2021-03-02,BMY,61.95000076293945,62.18000030517578,61.209999084472656,61.27000045776367,50.242008209228516,9584900.0
2021-03-03,BMY,61.04999923706055,61.349998474121094,59.970001220703125,60.75,49.81559753417969,13599900.0
2021-03-04,BMY,60.540000915527344,60.959999084472656,58.630001068115234,59.34000015258789,48.659393310546875,17309800.0
2021-03-05,BMY,59.5099983215332,60.59000015258789,59.33000183105469,60.43000030517578,49.553199768066406,14980100.0
2021-03-08,BMY,60.599998474121094,61.720001220703125,60.130001068115234,60.45000076293945,49.569602966308594,10617300.0
2021-03-09,BMY,60.790000915527344,61.86000061035156,60.560001373291016,60.56999969482422,49.66800308227539,12662500.0
2021-03-10,BMY,61.13999938964844,61.279998779296875,60.459999084472656,60.93000030517578,49.96320724487305,10240200.0
2021-03-11,BMY,61.0,61.189998626708984,60.349998474121094,60.349998474121094,49.487606048583984,10099500.0
2021-03-12,BMY,60.43000030517578,60.939998626708984,60.20000076293945,60.63999938964844,49.725406646728516,8030000.0
2021-03-15,BMY,60.65999984741211,61.439998626708984,60.290000915527344,61.38999938964844,50.34040451049805,10949800.0
2021-03-16,BMY,61.34000015258789,62.13999938964844,61.34000015258789,61.900001525878906,50.75862503051758,10163000.0
2021-03-17,BMY,62.09000015258789,62.540000915527344,61.45000076293945,62.18000030517578,50.988224029541016,9548100.0
2021-03-18,BMY,61.97999954223633,63.2400016784668,61.86000061035156,62.33000183105469,51.1112174987793,12145600.0
2021-03-19,BMY,62.06999969482422,62.75,61.369998931884766,62.70000076293945,51.41462326049805,32082200.0
2021-03-22,BMY,62.20000076293945,63.52000045776367,62.11000061035156,63.380001068115234,51.97222137451172,16103400.0
2021-03-23,BMY,63.380001068115234,63.529998779296875,62.59000015258789,62.619998931884766,51.34901428222656,11014500.0
2021-03-24,BMY,62.459999084472656,62.88999938964844,62.27000045776367,62.29999923706055,51.08661651611328,9626300.0
2021-03-25,BMY,63.0,63.0,61.97999954223633,62.790000915527344,51.48842239379883,11157300.0
2021-03-26,BMY,62.95000076293945,63.97999954223633,62.83000183105469,63.939998626708984,52.431427001953125,12537800.0
2021-03-29,BMY,63.86000061035156,64.41999816894531,63.65999984741211,64.06999969482422,52.53804016113281,9703200.0
2021-03-30,BMY,64.0,64.08000183105469,63.16999816894531,63.310001373291016,51.914833068847656,12232700.0
2021-03-31,BMY,62.900001525878906,63.77000045776367,62.779998779296875,63.130001068115234,52.1710205078125,12679000.0
2021-04-01,BMY,63.18000030517578,63.34000015258789,62.540000915527344,62.93000030517578,52.00574493408203,9725600.0
2021-04-05,BMY,62.900001525878906,63.599998474121094,62.880001068115234,63.15999984741211,52.195804595947266,8868100.0
2021-04-06,BMY,63.209999084472656,63.29999923706055,61.88999938964844,61.97999954223633,51.22064971923828,14002200.0
2021-04-07,BMY,62.0099983215332,62.540000915527344,61.93000030517578,62.060001373291016,51.286766052246094,11799700.0
2021-04-08,BMY,62.20000076293945,62.41999816894531,61.7599983215332,61.90999984741211,51.16279602050781,7846900.0
2021-04-09,BMY,61.79999923706055,62.63999938964844,61.68000030517578,62.61000061035156,51.74129104614258,7868000.0
2021-04-12,BMY,62.529998779296875,62.779998779296875,62.27000045776367,62.689998626708984,51.80739212036133,11163000.0
2021-04-13,BMY,62.90999984741211,63.7400016784668,62.75,63.58000183105469,52.54290008544922,9451100.0
2021-04-14,BMY,63.75,63.959999084472656,63.58000183105469,63.810001373291016,52.73297119140625,7639900.0
2021-04-15,BMY,64.0,64.7300033569336,63.91999816894531,64.44000244140625,53.25361251831055,9834000.0
2021-04-16,BMY,64.93000030517578,65.63999938964844,64.73999786376953,65.45999908447266,54.09654235839844,14589500.0
2021-04-19,BMY,65.41999816894531,65.93000030517578,65.20999908447266,65.5999984741211,54.21223449707031,11851000.0
2021-04-20,BMY,65.44999694824219,66.52999877929688,65.41999816894531,66.08000183105469,54.608909606933594,9685400.0
2021-04-21,BMY,66.5199966430664,66.88999938964844,66.08000183105469,66.31999969482422,54.8072509765625,9532100.0
2021-04-22,BMY,66.1500015258789,66.55999755859375,65.81999969482422,66.31999969482422,54.8072509765625,12914200.0
2021-04-23,BMY,66.30000305175781,66.93000030517578,65.86000061035156,66.01000213623047,54.55106735229492,14715700.0
2021-04-26,BMY,65.95999908447266,66.0,65.08000183105469,65.88999938964844,54.45189666748047,11768800.0
2021-04-27,BMY,66.0,66.27999877929688,65.5999984741211,65.95999908447266,54.50973892211914,7472400.0
2021-04-28,BMY,66.0999984741211,66.38999938964844,65.75,66.02999877929688,54.567588806152344,7645600.0
2021-04-29,BMY,65.0,65.26000213623047,62.40999984741211,62.88999938964844,51.97267532348633,21473300.0
2021-04-30,BMY,62.0,62.77000045776367,61.5099983215332,62.41999816894531,51.58427429199219,17026200.0
2021-05-03,BMY,62.70000076293945,63.59000015258789,62.650001525878906,63.47999954223633,52.46025085449219,10740400.0
2021-05-04,BMY,63.380001068115234,64.20999908447266,63.34000015258789,63.95000076293945,52.84866714477539,10563200.0
2021-05-05,BMY,63.900001525878906,64.8499984741211,63.86000061035156,64.68000030517578,53.451942443847656,12772600.0
2021-05-06,BMY,64.5999984741211,64.72000122070312,64.05000305175781,64.45999908447266,53.27013397216797,11097800.0
2021-05-07,BMY,64.69999694824219,65.38999938964844,64.19000244140625,64.44000244140625,53.25361251831055,7847000.0
2021-05-10,BMY,64.63999938964844,65.29000091552734,64.58999633789062,64.69999694824219,53.46846389770508,10312300.0
2021-05-11,BMY,64.43000030517578,64.9000015258789,64.05000305175781,64.26000213623047,53.1048583984375,9508800.0
2021-05-12,BMY,64.43000030517578,65.2300033569336,64.25,64.52999877929688,53.32798385620117,10640900.0
2021-05-13,BMY,64.44000244140625,65.33999633789062,64.44000244140625,65.04000091552734,53.74945068359375,8611400.0
2021-05-14,BMY,65.19999694824219,65.29000091552734,64.61000061035156,64.87999725341797,53.617225646972656,7555500.0
2021-05-17,BMY,64.83999633789062,65.83999633789062,64.83999633789062,65.45999908447266,54.09654235839844,9173400.0
2021-05-18,BMY,65.41999816894531,65.80000305175781,65.12999725341797,65.5999984741211,54.21223449707031,6668200.0
2021-05-19,BMY,65.31999969482422,65.58000183105469,64.58999633789062,65.55000305175781,54.17092514038086,7623000.0
2021-05-20,BMY,65.31999969482422,67.2300033569336,65.26000213623047,67.0,55.36920166015625,13165000.0
2021-05-21,BMY,67.23999786376953,67.91999816894531,66.97000122070312,67.05000305175781,55.41053009033203,9442100.0
2021-05-24,BMY,67.2699966430664,67.95999908447266,67.20999908447266,67.29000091552734,55.608856201171875,8441800.0
2021-05-25,BMY,67.33999633789062,67.55999755859375,66.66999816894531,66.76000213623047,55.17086410522461,9349700.0
2021-05-26,BMY,66.72000122070312,66.80000305175781,65.98999786376953,66.12999725341797,54.65022659301758,8503900.0
2021-05-27,BMY,66.30000305175781,66.6500015258789,65.58000183105469,65.70999908447266,54.303138732910156,12255400.0
2021-05-28,BMY,65.66000366210938,66.20999908447266,65.5999984741211,65.72000122070312,54.3114128112793,6356800.0
2021-06-01,BMY,66.4000015258789,66.4000015258789,65.02999877929688,65.0999984741211,53.79902648925781,8796600.0
2021-06-02,BMY,65.23999786376953,65.41999816894531,64.54000091552734,64.69000244140625,53.460208892822266,7517300.0
2021-06-03,BMY,64.47000122070312,65.08000183105469,64.29000091552734,64.80000305175781,53.55110549926758,7819400.0
2021-06-04,BMY,64.9800033569336,65.2300033569336,64.86000061035156,64.94000244140625,53.666812896728516,8046000.0
2021-06-07,BMY,65.02999877929688,65.41000366210938,64.7300033569336,64.7699966430664,53.52631378173828,7974100.0
2021-06-08,BMY,64.80999755859375,64.88999938964844,63.220001220703125,63.70000076293945,52.64207077026367,14421200.0
2021-06-09,BMY,64.0199966430664,65.55000305175781,63.91999816894531,65.4000015258789,54.04697036743164,13693600.0
2021-06-10,BMY,65.55000305175781,67.69999694824219,65.41999816894531,67.38999938964844,55.691497802734375,15019300.0
2021-06-11,BMY,67.88999938964844,67.94000244140625,66.77999877929688,67.33999633789062,55.65017318725586,9541600.0
2021-06-14,BMY,67.31999969482422,67.44999694824219,66.6500015258789,67.29000091552734,55.608856201171875,5426600.0
2021-06-15,BMY,67.5,67.56999969482422,66.91999816894531,67.41999816894531,55.71628952026367,6247700.0
2021-06-16,BMY,67.41999816894531,67.86000061035156,66.83999633789062,66.91999816894531,55.3030891418457,10795500.0
2021-06-17,BMY,67.02999877929688,67.16999816894531,66.2300033569336,66.7699966430664,55.17912673950195,8841500.0
2021-06-18,BMY,66.4000015258789,66.7300033569336,65.77999877929688,66.47000122070312,54.93122100830078,15038300.0
2021-06-21,BMY,66.61000061035156,67.16000366210938,66.4800033569336,66.83000183105469,55.22872543334961,10195400.0
2021-06-22,BMY,66.75,66.79000091552734,65.70999908447266,65.94000244140625,54.49320983886719,9458700.0
2021-06-23,BMY,66.1500015258789,66.22000122070312,65.23999786376953,65.26000213623047,53.93125915527344,7473100.0
2021-06-24,BMY,65.45999908447266,66.20999908447266,65.41000366210938,65.8499984741211,54.41884231567383,6742200.0
2021-06-25,BMY,65.93000030517578,67.08999633789062,65.70999908447266,66.73999786376953,55.15433883666992,22602400.0
2021-06-28,BMY,66.72000122070312,66.98999786376953,66.12000274658203,66.4000015258789,54.87336730957031,8769900.0
2021-06-29,BMY,66.4000015258789,66.61000061035156,66.08999633789062,66.2699966430664,54.76591873168945,5328300.0
2021-06-30,BMY,66.30999755859375,67.16000366210938,66.19000244140625,66.81999969482422,55.220462799072266,10119900.0
2021-07-01,BMY,66.41999816894531,66.73999786376953,66.25,66.55999755859375,55.411930084228516,8425600.0
2021-07-02,BMY,66.76000213623047,66.9800033569336,66.33000183105469,66.94999694824219,55.73659896850586,6884400.0
2021-07-06,BMY,66.68000030517578,66.80999755859375,66.05000305175781,66.6500015258789,55.48685073852539,9573200.0
2021-07-07,BMY,66.7699966430664,67.19000244140625,66.22000122070312,67.13999938964844,55.894771575927734,7936400.0
2021-07-08,BMY,66.6500015258789,66.80000305175781,66.06999969482422,66.69000244140625,55.520164489746094,11434800.0
2021-07-09,BMY,66.69999694824219,67.56999969482422,66.69999694824219,67.16000366210938,55.91144943237305,8895300.0
2021-07-12,BMY,67.05999755859375,67.86000061035156,67.0,67.5,56.19449234008789,7978900.0
2021-07-13,BMY,67.22000122070312,67.61000061035156,67.01000213623047,67.44000244140625,56.1445426940918,5535600.0
2021-07-14,BMY,67.52999877929688,67.98999786376953,67.19999694824219,67.87999725341797,56.510841369628906,7132800.0
2021-07-15,BMY,67.6500015258789,67.94000244140625,67.12000274658203,67.43000030517578,56.1362190246582,7473000.0
2021-07-16,BMY,67.44000244140625,67.58000183105469,66.81999969482422,67.30000305175781,56.02799606323242,6381400.0
2021-07-19,BMY,66.80000305175781,67.26000213623047,65.77999877929688,66.36000061035156,55.24543380737305,11138100.0
2021-07-20,BMY,66.5,67.66999816894531,66.44000244140625,66.72000122070312,55.54513931274414,8710000.0
2021-07-21,BMY,67.11000061035156,67.23999786376953,66.55999755859375,67.16000366210938,55.91144943237305,5796400.0
2021-07-22,BMY,67.13999938964844,68.0,66.93000030517578,67.95999908447266,56.57745361328125,11068400.0
2021-07-23,BMY,68.0,68.52999877929688,67.80000305175781,68.33999633789062,56.893802642822266,7092300.0
2021-07-26,BMY,68.22000122070312,68.33999633789062,67.48999786376953,67.69000244140625,56.35267639160156,8306000.0
2021-07-27,BMY,67.26000213623047,67.72000122070312,67.05000305175781,67.48999786376953,56.1861572265625,11190400.0
2021-07-28,BMY,67.5999984741211,68.98999786376953,67.01000213623047,68.7300033569336,57.21848678588867,11625900.0
2021-07-29,BMY,69.0,69.2699966430664,68.05000305175781,68.1500015258789,56.73563766479492,8963700.0
2021-07-30,BMY,68.1500015258789,68.5199966430664,67.48999786376953,67.87000274658203,56.50252151489258,10008000.0
2021-08-02,BMY,68.19999694824219,68.69999694824219,67.95999908447266,68.0199966430664,56.62739562988281,6562100.0
2021-08-03,BMY,68.30000305175781,69.33000183105469,68.0,69.30999755859375,57.70134353637695,8780200.0
2021-08-04,BMY,68.93000030517578,69.33999633789062,68.44999694824219,68.48999786376953,57.01868438720703,5857300.0
2021-08-05,BMY,68.66999816894531,68.76000213623047,67.97000122070312,68.41999816894531,56.96039962768555,5484300.0
2021-08-06,BMY,68.38999938964844,68.4000015258789,67.76000213623047,68.12000274658203,56.710655212402344,6632900.0
2021-08-09,BMY,68.19999694824219,68.33000183105469,67.22000122070312,67.37999725341797,56.09459686279297,8154100.0
2021-08-10,BMY,67.44000244140625,67.56999969482422,66.7699966430664,67.37999725341797,56.09459686279297,7415300.0
2021-08-11,BMY,67.52999877929688,67.7300033569336,66.75,66.87000274658203,55.67001724243164,5768900.0
2021-08-12,BMY,66.7699966430664,67.22000122070312,66.5999984741211,66.94999694824219,55.73659896850586,5722900.0
2021-08-13,BMY,67.01000213623047,67.83000183105469,66.9800033569336,67.51000213623047,56.20281982421875,4901100.0
2021-08-16,BMY,67.51000213623047,68.69999694824219,67.5,68.68000030517578,57.17686462402344,6753600.0
2021-08-17,BMY,68.68000030517578,69.16000366210938,68.20999908447266,68.95999908447266,57.40995407104492,7560300.0
2021-08-18,BMY,68.98999786376953,69.06999969482422,67.86000061035156,67.93000030517578,56.5524787902832,6863800.0
2021-08-19,BMY,67.6500015258789,69.11000061035156,67.55999755859375,68.51000213623047,57.03533172607422,11707400.0
2021-08-20,BMY,68.70999908447266,69.3499984741211,68.30000305175781,69.19999694824219,57.60975646972656,9053400.0
2021-08-23,BMY,69.26000213623047,69.75,68.87999725341797,68.94000244140625,57.393306732177734,7988800.0
2021-08-24,BMY,68.83999633789062,68.8499984741211,68.19000244140625,68.5199966430664,57.04364776611328,5125100.0
2021-08-25,BMY,68.26000213623047,68.30999755859375,67.30000305175781,67.5999984741211,56.277740478515625,7639700.0
2021-08-26,BMY,67.43000030517578,67.76000213623047,66.94999694824219,66.98999786376953,55.76991271972656,4697700.0
2021-08-27,BMY,67.08000183105469,67.22000122070312,66.58000183105469,66.5999984741211,55.44524002075195,6863400.0
2021-08-30,BMY,66.70999908447266,67.4800033569336,66.51000213623047,67.20999908447266,55.95307540893555,4257400.0
2021-08-31,BMY,67.05000305175781,67.6500015258789,66.7699966430664,66.86000061035156,55.66168975830078,8502700.0
2021-09-01,BMY,67.29000091552734,67.29000091552734,65.44000244140625,65.80999755859375,54.787540435791016,10320400.0
2021-09-02,BMY,65.97000122070312,66.12000274658203,65.5,66.12000274658203,55.045631408691406,7064400.0
2021-09-03,BMY,65.97000122070312,65.97000122070312,65.29000091552734,65.61000061035156,54.62104415893555,7770800.0
2021-09-07,BMY,65.44000244140625,65.55999755859375,64.6500015258789,65.19000244140625,54.271392822265625,8789000.0
2021-09-08,BMY,64.61000061035156,65.13999938964844,64.0199966430664,64.91999816894531,54.0466194152832,12231600.0
2021-09-09,BMY,64.44000244140625,64.76000213623047,63.45000076293945,63.58000183105469,52.931053161621094,11246000.0
2021-09-10,BMY,63.720001220703125,63.869998931884766,62.959999084472656,63.130001068115234,52.556427001953125,10017200.0
2021-09-13,BMY,63.470001220703125,63.5099983215332,62.560001373291016,62.84000015258789,52.31498718261719,9031500.0
2021-09-14,BMY,63.060001373291016,63.09000015258789,61.970001220703125,62.11000061035156,51.70726013183594,8009700.0
2021-09-15,BMY,61.97999954223633,62.470001220703125,61.810001373291016,62.0,51.61568069458008,7981400.0
2021-09-16,BMY,61.86000061035156,62.04999923706055,60.65999984741211,61.22999954223633,50.97465515136719,13621900.0
2021-09-17,BMY,60.5099983215332,61.41999816894531,60.36000061035156,61.310001373291016,51.04125213623047,20447900.0
2021-09-20,BMY,60.63999938964844,61.380001068115234,60.15999984741211,60.5,50.366912841796875,15426800.0
2021-09-21,BMY,60.540000915527344,61.130001068115234,60.310001373291016,60.33000183105469,50.22539138793945,10157700.0
2021-09-22,BMY,60.5,60.65999984741211,60.04999923706055,60.150001525878906,50.07554244995117,9661300.0
2021-09-23,BMY,60.400001525878906,61.34000015258789,60.220001220703125,60.630001068115234,50.47514343261719,9393700.0
2021-09-24,BMY,60.5,61.099998474121094,60.16999816894531,60.22999954223633,50.14213943481445,9541700.0
2021-09-27,BMY,60.11000061035156,60.720001220703125,59.790000915527344,59.84000015258789,49.81745910644531,8231800.0
2021-09-28,BMY,59.880001068115234,60.22999954223633,59.380001068115234,59.84000015258789,49.81745910644531,10812500.0
2021-09-29,BMY,59.900001525878906,60.939998626708984,59.900001525878906,60.619998931884766,50.46681213378906,9043300.0
2021-09-30,BMY,60.18000030517578,60.56999969482422,59.150001525878906,59.16999816894531,49.66108322143555,11995500.0
2021-10-01,BMY,59.369998931884766,59.7599983215332,58.650001525878906,59.5099983215332,49.94645309448242,11188000.0
2021-10-04,BMY,59.400001525878906,60.029998779296875,58.849998474121094,58.93000030517578,49.45965576171875,12532800.0
2021-10-05,BMY,58.86000061035156,59.68000030517578,58.83000183105469,59.150001525878906,49.64432144165039,11406200.0
2021-10-06,BMY,59.11000061035156,59.22999954223633,58.599998474121094,59.189998626708984,49.67787551879883,9283400.0
2021-10-07,BMY,58.75,59.349998474121094,58.369998931884766,59.0099983215332,49.52680969238281,13798200.0
2021-10-08,BMY,58.869998931884766,58.9900016784668,56.810001373291016,57.2599983215332,48.05804443359375,27249600.0
2021-10-11,BMY,57.31999969482422,57.77000045776367,57.0099983215332,57.41999816894531,48.192325592041016,10741400.0
2021-10-12,BMY,57.52000045776367,58.84000015258789,56.81999969482422,57.060001373291016,47.89017868041992,11736300.0
2021-10-13,BMY,57.060001373291016,57.38999938964844,56.65999984741211,57.06999969482422,47.89857482910156,9876200.0
2021-10-14,BMY,57.06999969482422,58.16999816894531,57.0099983215332,57.70000076293945,48.427330017089844,9027700.0
2021-10-15,BMY,58.11000061035156,58.689998626708984,57.90999984741211,58.36000061035156,48.98126983642578,9445300.0
2021-10-18,BMY,58.0099983215332,58.150001525878906,56.91999816894531,56.939998626708984,47.78947067260742,13320600.0
2021-10-19,BMY,57.18000030517578,57.63999938964844,57.02000045776367,57.59000015258789,48.33500289916992,9390200.0
2021-10-20,BMY,57.90999984741211,58.599998474121094,57.900001525878906,58.06999969482422,48.73786926269531,9010300.0
2021-10-21,BMY,58.09000015258789,58.099998474121094,57.369998931884766,57.810001373291016,48.5196533203125,7159000.0
2021-10-22,BMY,57.810001373291016,59.0,57.43000030517578,57.599998474121094,48.34339904785156,6884500.0
2021-10-25,BMY,57.720001220703125,58.15999984741211,57.52000045776367,57.810001373291016,48.5196533203125,9716100.0
2021-10-26,BMY,57.900001525878906,58.349998474121094,57.619998931884766,58.2400016784668,48.880558013916016,9984600.0
2021-10-27,BMY,58.349998474121094,58.41999816894531,56.11000061035156,56.4900016784668,47.41179275512695,18773700.0
2021-10-28,BMY,56.529998779296875,57.75,56.349998474121094,57.130001068115234,47.94892883300781,16380800.0
2021-10-29,BMY,57.25,58.56999969482422,57.13999938964844,58.400001525878906,49.01483917236328,17067000.0
2021-11-01,BMY,58.29999923706055,59.220001220703125,58.290000915527344,58.68000030517578,49.24984359741211,13216600.0
2021-11-02,BMY,58.779998779296875,59.630001068115234,58.290000915527344,58.630001068115234,49.20787811279297,13462700.0
2021-11-03,BMY,58.54999923706055,59.470001220703125,58.40999984741211,59.36000061035156,49.820560455322266,12305800.0
2021-11-04,BMY,59.439998626708984,59.689998626708984,58.61000061035156,59.25,49.728233337402344,9831000.0
2021-11-05,BMY,59.08000183105469,59.86000061035156,58.77000045776367,59.45000076293945,49.896095275878906,10625200.0
2021-11-08,BMY,59.79999923706055,60.20000076293945,59.060001373291016,59.40999984741211,49.86252975463867,10294200.0
2021-11-09,BMY,59.40999984741211,59.650001525878906,59.20000076293945,59.459999084472656,49.90448760986328,9128800.0
2021-11-10,BMY,59.29999923706055,59.95000076293945,59.29999923706055,59.38999938964844,49.845741271972656,11005200.0
2021-11-11,BMY,59.400001525878906,59.689998626708984,59.13999938964844,59.189998626708984,49.67787551879883,8148700.0
2021-11-12,BMY,58.81999969482422,59.70000076293945,58.7599983215332,59.43000030517578,49.87931442260742,9278300.0
2021-11-15,BMY,59.79999923706055,60.060001373291016,59.4900016784668,59.619998931884766,50.03877258300781,10543300.0
2021-11-16,BMY,59.5,59.939998626708984,58.849998474121094,59.099998474121094,49.60234832763672,9320300.0
2021-11-17,BMY,59.0,59.75,58.349998474121094,59.439998626708984,49.88770294189453,12324500.0
2021-11-18,BMY,59.45000076293945,59.70000076293945,58.7400016784668,59.040000915527344,49.55198669433594,9815900.0
2021-11-19,BMY,59.130001068115234,59.41999816894531,57.79999923706055,57.83000183105469,48.536441802978516,13880200.0
2021-11-22,BMY,57.810001373291016,58.31999969482422,57.02000045776367,57.040000915527344,47.87339782714844,14185500.0
2021-11-23,BMY,57.290000915527344,57.959999084472656,57.20000076293945,57.45000076293945,48.21750259399414,14464200.0
2021-11-24,BMY,57.41999816894531,57.720001220703125,56.560001373291016,56.810001373291016,47.68036651611328,17685200.0
2021-11-26,BMY,56.310001373291016,56.72999954223633,55.81999969482422,56.529998779296875,47.44535827636719,15832300.0
2021-11-29,BMY,55.84000015258789,56.29999923706055,54.599998474121094,54.63999938964844,45.85908508300781,22025000.0
2021-11-30,BMY,54.15999984741211,54.349998474121094,53.220001220703125,53.630001068115234,45.01139450073242,25407200.0
2021-12-01,BMY,53.939998626708984,55.959999084472656,53.90999984741211,54.95000076293945,46.11927032470703,20198400.0
2021-12-02,BMY,54.9900016784668,55.880001068115234,54.66999816894531,55.40999984741211,46.505340576171875,17193700.0
2021-12-03,BMY,55.7599983215332,56.689998626708984,55.7599983215332,56.31999969482422,47.269100189208984,18445600.0
2021-12-06,BMY,56.52000045776367,57.540000915527344,56.45000076293945,56.83000183105469,47.697139739990234,18988000.0
2021-12-07,BMY,57.04999923706055,57.7599983215332,56.939998626708984,57.130001068115234,47.94892883300781,13037800.0
2021-12-08,BMY,57.38999938964844,57.880001068115234,57.150001525878906,57.599998474121094,48.34339904785156,11391700.0
2021-12-09,BMY,57.2400016784668,57.79999923706055,56.90999984741211,57.540000915527344,48.29304122924805,13622700.0
2021-12-10,BMY,57.61000061035156,57.79999923706055,56.11000061035156,56.36000061035156,47.30267333984375,14467200.0
2021-12-13,BMY,57.2599983215332,59.369998931884766,57.11000061035156,59.04999923706055,49.560386657714844,18908400.0
2021-12-14,BMY,58.79999923706055,60.43000030517578,58.599998474121094,59.5099983215332,49.94645309448242,21215300.0
2021-12-15,BMY,59.619998931884766,60.880001068115234,59.599998474121094,60.61000061035156,50.86968231201172,18498200.0
2021-12-16,BMY,61.0,62.66999816894531,60.790000915527344,62.16999816894531,52.178977966308594,17947200.0
2021-12-17,BMY,62.29999923706055,62.56999969482422,61.36000061035156,61.560001373291016,51.66701126098633,24453700.0
2021-12-20,BMY,61.439998626708984,62.040000915527344,60.880001068115234,61.720001220703125,51.801292419433594,10894300.0
2021-12-21,BMY,62.0,62.2400016784668,61.25,61.45000076293945,51.57468795776367,8669700.0
2021-12-22,BMY,61.36000061035156,62.279998779296875,60.93000030517578,62.099998474121094,52.12022399902344,15119700.0
2021-12-23,BMY,62.40999984741211,62.560001373291016,61.849998474121094,62.04999923706055,52.0782585144043,8077000.0
2021-12-27,BMY,62.09000015258789,62.349998474121094,61.77000045776367,62.290000915527344,52.27969741821289,9542600.0
2021-12-28,BMY,62.31999969482422,62.63999938964844,62.11000061035156,62.349998474121094,52.33005905151367,6002200.0
2021-12-29,BMY,62.189998626708984,62.4900016784668,62.029998779296875,62.290000915527344,52.27969741821289,4875400.0
2021-12-30,BMY,62.5,63.16999816894531,62.36000061035156,62.52000045776367,52.47273635864258,6248000.0
2021-12-31,BMY,62.61000061035156,62.9900016784668,62.349998474121094,62.349998474121094,52.33005905151367,6446200.0
2022-01-03,BMY,62.06999969482422,62.2400016784668,61.34000015258789,61.880001068115234,51.93558883666992,12359400.0
2022-01-04,BMY,61.5,62.310001373291016,61.06999969482422,62.130001068115234,52.14540481567383,11415200.0
2022-01-05,BMY,62.439998626708984,63.27000045776367,62.119998931884766,62.15999984741211,52.170589447021484,11074100.0
2022-01-06,BMY,61.720001220703125,61.790000915527344,60.86000061035156,61.47999954223633,52.05206298828125,8048900.0
2022-01-07,BMY,61.4900016784668,63.0099983215332,61.209999084472656,62.83000183105469,53.195037841796875,16670000.0
2022-01-10,BMY,62.79999923706055,65.31999969482422,62.7599983215332,65.0999984741211,55.11692810058594,27534100.0
2022-01-11,BMY,64.70999908447266,65.8499984741211,64.30999755859375,65.4800033569336,55.43864822387695,12999500.0
2022-01-12,BMY,64.86000061035156,65.36000061035156,64.37999725341797,64.81999969482422,54.87987518310547,10148200.0
2022-01-13,BMY,64.6500015258789,64.95999908447266,63.86000061035156,64.5999984741211,54.693607330322266,8201800.0
2022-01-14,BMY,64.27999877929688,64.98999786376953,64.25,64.93000030517578,54.972991943359375,10302000.0
2022-01-18,BMY,64.68000030517578,65.02999877929688,63.810001373291016,64.88999938964844,54.93913650512695,13301400.0
2022-01-19,BMY,64.86000061035156,65.33000183105469,64.41999816894531,64.72000122070312,54.79521179199219,12569200.0
2022-01-20,BMY,64.5199966430664,65.3499984741211,64.12999725341797,64.58000183105469,54.676673889160156,8523100.0
2022-01-21,BMY,64.73999786376953,64.91999816894531,63.290000915527344,63.540000915527344,53.79616165161133,13273200.0
2022-01-24,BMY,63.18000030517578,63.41999816894531,61.189998626708984,62.61000061035156,53.00878143310547,17667200.0
2022-01-25,BMY,62.2400016784668,62.810001373291016,61.45000076293945,62.459999084472656,52.881778717041016,16752800.0
2022-01-26,BMY,62.15999984741211,63.40999984741211,61.86000061035156,62.2400016784668,52.69551086425781,13664200.0
2022-01-27,BMY,62.5099983215332,64.5199966430664,62.349998474121094,63.86000061035156,54.06707763671875,16567900.0
2022-01-28,BMY,63.68000030517578,64.91999816894531,63.2400016784668,64.91000366210938,54.95606994628906,10848400.0
2022-01-31,BMY,64.58000183105469,65.0,64.38999938964844,64.88999938964844,54.93913650512695,12036600.0
2022-02-01,BMY,65.01000213623047,65.26000213623047,64.68000030517578,65.19000244140625,55.19313430786133,12055500.0
2022-02-02,BMY,64.8499984741211,64.9800033569336,64.02999877929688,64.80000305175781,54.86293411254883,12312300.0
2022-02-03,BMY,64.80000305175781,65.08000183105469,63.599998474121094,64.06999969482422,54.24488830566406,13946700.0
2022-02-04,BMY,63.150001525878906,65.44999694824219,62.900001525878906,64.98999786376953,55.023799896240234,13193700.0
2022-02-07,BMY,65.37999725341797,66.44999694824219,65.0,66.19000244140625,56.03977584838867,17538000.0
2022-02-08,BMY,66.25,66.29000091552734,65.5999984741211,65.88999938964844,55.78578186035156,13613900.0
2022-02-09,BMY,65.73999786376953,67.2699966430664,65.62000274658203,67.13999938964844,56.844093322753906,17159900.0
2022-02-10,BMY,66.87000274658203,67.0999984741211,66.16999816894531,66.51000213623047,56.31071472167969,21184400.0
2022-02-11,BMY,66.41999816894531,67.36000061035156,66.38999938964844,66.87999725341797,56.623966217041016,15613400.0
2022-02-14,BMY,66.87000274658203,67.0199966430664,65.81999969482422,66.80999755859375,56.564697265625,14939400.0
2022-02-15,BMY,66.7300033569336,68.05999755859375,66.7300033569336,67.7699966430664,57.37749099731445,24972100.0
2022-02-16,BMY,67.7699966430664,68.38999938964844,67.44999694824219,67.5999984741211,57.233551025390625,14253300.0
2022-02-17,BMY,67.5,67.77999877929688,66.79000091552734,67.38999938964844,57.05575180053711,13456500.0
2022-02-18,BMY,67.37999725341797,67.91999816894531,67.18000030517578,67.55000305175781,57.19122314453125,12278900.0
2022-02-22,BMY,67.66999816894531,68.2699966430664,67.05000305175781,67.44999694824219,57.10655212402344,15771200.0
2022-02-23,BMY,67.9000015258789,68.29000091552734,67.45999908447266,67.93000030517578,57.51295852661133,15957700.0
2022-02-24,BMY,66.48999786376953,67.16999816894531,66.19000244140625,67.0999984741211,56.810218811035156,18055400.0
2022-02-25,BMY,67.69000244140625,69.31999969482422,67.62999725341797,68.80000305175781,58.249542236328125,15719800.0
2022-02-28,BMY,67.69000244140625,68.69999694824219,67.29000091552734,68.66999816894531,58.139469146728516,22480200.0
2022-03-01,BMY,68.12000274658203,69.01000213623047,68.0199966430664,68.62999725341797,58.10559844970703,12418300.0
2022-03-02,BMY,68.76000213623047,69.25,68.51000213623047,68.8499984741211,58.291866302490234,13004700.0
2022-03-03,BMY,68.8499984741211,69.6500015258789,68.61000061035156,69.11000061035156,58.51200485229492,15730900.0
2022-03-04,BMY,68.26000213623047,69.54000091552734,68.23999786376953,69.36000061035156,58.72367858886719,13076200.0
2022-03-07,BMY,69.20999908447266,69.2300033569336,68.16999816894531,68.7699966430664,58.22414016723633,15714900.0
2022-03-08,BMY,67.93000030517578,68.41000366210938,67.33000183105469,67.73999786376953,57.35209655761719,19223500.0
2022-03-09,BMY,68.37999725341797,68.62000274658203,67.95999908447266,68.12999725341797,57.682273864746094,12430800.0
2022-03-10,BMY,67.7699966430664,68.7300033569336,67.70999908447266,68.41999816894531,57.927799224853516,12817400.0
2022-03-11,BMY,68.08999633789062,69.48999786376953,67.94000244140625,68.87000274658203,58.308799743652344,14023800.0
2022-03-14,BMY,68.93000030517578,69.94000244140625,68.75,69.23999786376953,58.62205505371094,17475600.0
2022-03-15,BMY,69.66999816894531,70.19000244140625,69.27999877929688,69.75,59.05384063720703,15977200.0
2022-03-16,BMY,69.93000030517578,70.1500015258789,69.0199966430664,69.66000366210938,58.977657318115234,15734300.0
2022-03-17,BMY,69.69000244140625,70.70999908447266,69.27999877929688,70.5199966430664,59.70576477050781,17191500.0
2022-03-18,BMY,70.38999938964844,71.0199966430664,69.91999816894531,71.0199966430664,60.12910461425781,33020100.0
2022-03-21,BMY,71.4800033569336,72.05999755859375,70.5999984741211,71.05000305175781,60.154502868652344,18289000.0
2022-03-22,BMY,71.20999908447266,71.4000015258789,70.2699966430664,70.81999969482422,59.959754943847656,14242400.0
2022-03-23,BMY,70.98999786376953,71.51000213623047,70.63999938964844,71.37999725341797,60.43388748168945,13438700.0
2022-03-24,BMY,71.62000274658203,72.5999984741211,71.48999786376953,72.41000366210938,61.30594253540039,12981700.0
2022-03-25,BMY,72.5,73.45999908447266,72.44999694824219,73.27999877929688,62.04253005981445,12153100.0
2022-03-28,BMY,73.19999694824219,73.73999786376953,72.70999908447266,73.11000061035156,61.89860153198242,10629100.0
2022-03-29,BMY,72.95999908447266,73.33999633789062,72.66000366210938,73.2300033569336,62.000213623046875,14833300.0
2022-03-30,BMY,73.5199966430664,74.06999969482422,73.22000122070312,73.72000122070312,62.4150505065918,12146600.0
2022-03-31,BMY,73.45999908447266,73.61000061035156,72.9800033569336,73.02999877929688,62.2871208190918,17143100.0
2022-04-01,BMY,73.19000244140625,73.93000030517578,73.0,73.81999969482422,62.96090316772461,12528600.0
2022-04-04,BMY,74.0,74.88999938964844,73.54000091552734,73.79000091552734,62.93532180786133,13542100.0
2022-04-05,BMY,73.76000213623047,74.98999786376953,73.55999755859375,74.43000030517578,63.48116683959961,12224900.0
2022-04-06,BMY,74.18000030517578,75.4800033569336,73.97000122070312,75.33999633789062,64.25730895996094,15420100.0
2022-04-07,BMY,75.37999725341797,77.27999877929688,75.30000305175781,77.26000213623047,65.89486694335938,20655600.0
2022-04-08,BMY,76.81999969482422,78.05999755859375,76.76000213623047,77.7699966430664,66.32984924316406,22333100.0
2022-04-11,BMY,77.69999694824219,78.12999725341797,76.47000122070312,76.5,65.24667358398438,15560700.0
2022-04-12,BMY,76.22000122070312,77.0199966430664,75.56999969482422,76.55000305175781,65.2893295288086,12596400.0
2022-04-13,BMY,76.7300033569336,77.13999938964844,76.44999694824219,76.87000274658203,65.56226348876953,9961000.0
2022-04-14,BMY,77.04000091552734,78.12000274658203,76.79000091552734,77.51000213623047,66.10810089111328,16730400.0
2022-04-18,BMY,77.1500015258789,77.2300033569336,76.36000061035156,76.75,65.45989990234375,13841900.0
2022-04-19,BMY,76.87999725341797,76.88999938964844,75.9800033569336,76.4000015258789,65.16139221191406,12875700.0
2022-04-20,BMY,76.20999908447266,77.69000244140625,76.04000091552734,77.27999877929688,65.91194152832031,9721100.0
2022-04-21,BMY,77.27999877929688,78.16999816894531,76.61000061035156,77.55999755859375,66.1507568359375,11110200.0
2022-04-22,BMY,76.91000366210938,77.29000091552734,75.68000030517578,75.75,64.60700225830078,15110700.0
2022-04-25,BMY,75.73999786376953,76.23999786376953,74.70999908447266,76.05000305175781,64.86286926269531,14944800.0
2022-04-26,BMY,75.9800033569336,76.94000244140625,75.55999755859375,75.58999633789062,64.47052764892578,11525600.0
2022-04-27,BMY,75.80000305175781,76.30000305175781,75.08999633789062,75.80999755859375,64.65817260742188,12603600.0
2022-04-28,BMY,76.7699966430664,77.75,76.22000122070312,77.19999694824219,65.84369659423828,21438800.0
2022-04-29,BMY,73.77999877929688,76.01000213623047,73.3499984741211,75.2699966430664,64.19760131835938,26446500.0
2022-05-02,BMY,75.37000274658203,75.97000122070312,74.33000183105469,75.08000183105469,64.03555297851562,20533700.0
2022-05-03,BMY,75.77999877929688,75.98999786376953,74.20999908447266,75.05000305175781,64.00997924804688,14951500.0
2022-05-04,BMY,75.01000213623047,76.63999938964844,74.80000305175781,76.30999755859375,65.08462524414062,17112500.0
2022-05-05,BMY,76.38999938964844,77.02999877929688,75.52999877929688,76.25,65.03345489501953,14788100.0
2022-05-06,BMY,76.12000274658203,76.8499984741211,75.76000213623047,76.66999816894531,65.39166259765625,15177800.0
2022-05-09,BMY,75.69000244140625,77.25,74.86000061035156,76.2699966430664,65.05049896240234,19130700.0
2022-05-10,BMY,76.81999969482422,77.0,75.62999725341797,76.29000091552734,65.06755828857422,15343400.0
2022-05-11,BMY,76.26000213623047,77.33000183105469,76.06999969482422,76.1500015258789,64.94816589355469,13678100.0
2022-05-12,BMY,76.08000183105469,76.33999633789062,74.86000061035156,76.30000305175781,65.07609558105469,16224500.0
2022-05-13,BMY,76.44000244140625,76.58999633789062,75.5199966430664,75.80000305175781,64.64964294433594,13773100.0
2022-05-16,BMY,76.29000091552734,77.25,76.08000183105469,76.91000366210938,65.59637451171875,13441100.0
2022-05-17,BMY,76.94000244140625,78.43000030517578,76.80000305175781,78.22000122070312,66.71366882324219,14509400.0
2022-05-18,BMY,78.2699966430664,78.47000122070312,76.83999633789062,77.0199966430664,65.69017791748047,15026200.0
2022-05-19,BMY,76.08999633789062,76.79000091552734,75.69000244140625,75.95999908447266,64.7861099243164,14858600.0
2022-05-20,BMY,76.5,77.1500015258789,75.33999633789062,76.19000244140625,64.98228454589844,17329700.0
2022-05-23,BMY,76.51000213623047,77.4800033569336,76.45999908447266,76.69999694824219,65.4172592163086,13539200.0
2022-05-24,BMY,76.69999694824219,77.72000122070312,76.41000366210938,77.12999725341797,65.78401184082031,13242500.0
2022-05-25,BMY,77.12999725341797,77.87000274658203,76.66000366210938,77.23999786376953,65.87782287597656,12508400.0
2022-05-26,BMY,78.11000061035156,78.61000061035156,77.31999969482422,77.58999633789062,66.17632293701172,12028800.0
2022-05-27,BMY,77.30999755859375,77.44999694824219,75.47000122070312,76.13999938964844,64.93962097167969,16315700.0
2022-05-31,BMY,75.08000183105469,75.9800033569336,73.66999816894531,75.44999694824219,64.35112762451172,28617100.0
2022-06-01,BMY,75.33999633789062,75.51000213623047,74.33999633789062,74.95999908447266,63.933223724365234,12280200.0
2022-06-02,BMY,75.5,75.5999984741211,73.62000274658203,75.06999969482422,64.02703857421875,12805100.0
2022-06-03,BMY,74.3499984741211,75.31999969482422,74.30000305175781,75.16999816894531,64.11231994628906,12188400.0
2022-06-06,BMY,75.44999694824219,75.62999725341797,74.69000244140625,75.25,64.18055725097656,11551100.0
2022-06-07,BMY,75.2699966430664,76.72000122070312,75.18000030517578,76.58999633789062,65.32343292236328,13994500.0
2022-06-08,BMY,76.5199966430664,76.81999969482422,75.91999816894531,76.18000030517578,64.9737548828125,7617300.0
2022-06-09,BMY,76.08999633789062,76.9800033569336,75.81999969482422,75.9800033569336,64.80316162109375,11760600.0
2022-06-10,BMY,75.4000015258789,75.72000122070312,74.87999725341797,75.08999633789062,64.0440902709961,10964700.0
2022-06-13,BMY,73.86000061035156,74.33000183105469,73.30000305175781,73.58000183105469,62.7562255859375,13636300.0
2022-06-14,BMY,73.54000091552734,73.79000091552734,72.38999938964844,72.87000274658203,62.15066146850586,14104200.0
2022-06-15,BMY,73.16000366210938,73.5999984741211,72.45999908447266,73.0199966430664,62.27859878540039,14264600.0
2022-06-16,BMY,72.47000122070312,72.80999755859375,71.70999908447266,72.62000274658203,61.93743133544922,14035300.0
2022-06-17,BMY,72.70999908447266,74.37000274658203,72.66999816894531,73.7699966430664,62.91825866699219,34761500.0
2022-06-21,BMY,75.0,77.02999877929688,74.5199966430664,76.47000122070312,65.22108459472656,15534300.0
2022-06-22,BMY,76.47000122070312,77.41999816894531,76.19999694824219,76.55000305175781,65.2893295288086,11129800.0
2022-06-23,BMY,76.55999755859375,77.76000213623047,76.55999755859375,77.69000244140625,66.26162719726562,12241200.0
2022-06-24,BMY,78.62000274658203,79.0,78.12000274658203,78.95999908447266,67.34478759765625,12372300.0
2022-06-27,BMY,79.2300033569336,80.58999633789062,79.0999984741211,79.9800033569336,68.21475982666016,10586900.0
2022-06-28,BMY,79.83999633789062,80.4000015258789,78.48999786376953,78.69999694824219,67.12305450439453,8869700.0
2022-06-29,BMY,78.69999694824219,79.16999816894531,77.98999786376953,78.27999877929688,66.76483154296875,8723600.0
2022-06-30,BMY,77.02999877929688,77.6500015258789,76.29000091552734,77.0,66.12930297851562,14219700.0
2022-07-01,BMY,76.9800033569336,76.9800033569336,75.7699966430664,76.83999633789062,65.99191284179688,10882700.0
2022-07-05,BMY,76.37000274658203,76.63999938964844,74.62999725341797,75.95999908447266,65.23612213134766,12588500.0
2022-07-06,BMY,76.25,77.0999984741211,75.97000122070312,76.22000122070312,65.45944213867188,8618900.0
2022-07-07,BMY,75.87999725341797,76.2300033569336,75.01000213623047,75.13999938964844,64.53189086914062,14455400.0
2022-07-08,BMY,74.77999877929688,76.04000091552734,74.66999816894531,75.37999725341797,64.7380142211914,6589800.0
2022-07-11,BMY,75.5,75.98999786376953,75.25,75.55999755859375,64.8926010131836,6990200.0
2022-07-12,BMY,75.43000030517578,75.95999908447266,74.86000061035156,75.01000213623047,64.42024230957031,9285700.0
2022-07-13,BMY,74.63999938964844,75.22000122070312,74.41000366210938,74.52999877929688,64.00801086425781,8562100.0
2022-07-14,BMY,73.63999938964844,74.12999725341797,73.23999786376953,74.01000213623047,63.561431884765625,9675600.0
2022-07-15,BMY,74.81999969482422,75.66999816894531,74.29000091552734,75.6500015258789,64.96989440917969,10933900.0
2022-07-18,BMY,75.80000305175781,75.80000305175781,73.48999786376953,73.73999786376953,63.32954406738281,8996000.0
2022-07-19,BMY,74.12000274658203,74.29000091552734,72.91999816894531,73.13999938964844,62.81426239013672,11398900.0
2022-07-20,BMY,73.27999877929688,73.69999694824219,72.37999725341797,72.81999969482422,62.53942108154297,12149900.0
2022-07-21,BMY,72.70999908447266,73.33000183105469,72.47000122070312,73.04000091552734,62.72837448120117,7238800.0
2022-07-22,BMY,73.25,73.61000061035156,72.4800033569336,72.94999694824219,62.65108108520508,6514300.0
2022-07-25,BMY,72.79000091552734,73.26000213623047,72.4800033569336,72.83999633789062,62.556602478027344,6259000.0
2022-07-26,BMY,73.47000122070312,74.2300033569336,72.95999908447266,73.62999725341797,63.235076904296875,8957300.0
2022-07-27,BMY,72.38999938964844,74.9800033569336,72.26000213623047,74.80999755859375,64.24848175048828,9760100.0
2022-07-28,BMY,74.93000030517578,75.16000366210938,73.22000122070312,74.69999694824219,64.15402221679688,9262700.0
2022-07-29,BMY,74.44999694824219,74.6500015258789,73.16999816894531,73.77999877929688,63.3638916015625,13459500.0
2022-08-01,BMY,73.76000213623047,74.26000213623047,73.30000305175781,73.62000274658203,63.22647476196289,6782900.0
2022-08-02,BMY,74.18000030517578,74.7300033569336,73.23999786376953,73.27999877929688,62.934478759765625,7039700.0
2022-08-03,BMY,73.30000305175781,73.51000213623047,72.5999984741211,72.98999786376953,62.68543243408203,8672100.0
2022-08-04,BMY,72.79000091552734,72.94999694824219,71.97000122070312,72.12000274658203,61.938255310058594,8601800.0
2022-08-05,BMY,71.9800033569336,72.36000061035156,71.70999908447266,72.12000274658203,61.938255310058594,8972700.0
2022-08-08,BMY,72.06999969482422,73.83000183105469,71.9000015258789,73.80000305175781,63.3810920715332,9842100.0
2022-08-09,BMY,74.0999984741211,75.5199966430664,74.05999755859375,74.95999908447266,64.3773193359375,8978600.0
2022-08-10,BMY,75.19999694824219,75.31999969482422,73.94999694824219,74.86000061035156,64.29142761230469,8319100.0
2022-08-11,BMY,74.38999938964844,75.5199966430664,74.27999877929688,74.45999908447266,63.947898864746094,6143000.0
2022-08-12,BMY,74.58000183105469,75.72000122070312,74.56999969482422,75.56999969482422,64.90120697021484,6163900.0
2022-08-15,BMY,75.44999694824219,75.5,73.79000091552734,74.52999877929688,64.00801086425781,11125600.0
2022-08-16,BMY,74.36000061035156,75.0999984741211,73.8499984741211,74.12999725341797,63.66447448730469,9026800.0
2022-08-17,BMY,73.91000366210938,74.9800033569336,73.80999755859375,74.55999755859375,64.03378295898438,5347200.0
2022-08-18,BMY,74.7699966430664,74.97000122070312,73.62000274658203,74.1500015258789,63.681671142578125,5303300.0
2022-08-19,BMY,74.16000366210938,75.70999908447266,74.16000366210938,75.33000183105469,64.695068359375,7938300.0
2022-08-22,BMY,75.33000183105469,75.86000061035156,74.3499984741211,74.55000305175781,64.02519989013672,5813600.0
2022-08-23,BMY,74.30999755859375,74.48999786376953,72.5999984741211,72.7699966430664,62.49649429321289,9200200.0
2022-08-24,BMY,73.01000213623047,73.12999725341797,72.36000061035156,72.41999816894531,62.195899963378906,6142700.0
2022-08-25,BMY,72.66000366210938,72.66000366210938,71.02999877929688,71.5,61.40578842163086,11036900.0
2022-08-26,BMY,71.91999816894531,72.04000091552734,71.12999725341797,71.19000244140625,61.13955307006836,7373200.0
2022-08-29,BMY,69.9000015258789,69.91000366210938,66.4000015258789,66.75,57.32637405395508,18479000.0
2022-08-30,BMY,66.75,67.25,65.94999694824219,67.19999694824219,57.71284103393555,10260400.0
2022-08-31,BMY,67.33000183105469,67.62999725341797,66.83000183105469,67.41000366210938,57.893211364746094,13940100.0
2022-09-01,BMY,67.38999938964844,69.0999984741211,67.20999908447266,69.08999633789062,59.336021423339844,9633300.0
2022-09-02,BMY,69.37000274658203,69.77999877929688,68.33999633789062,68.61000061035156,58.92378616333008,8657700.0
2022-09-06,BMY,68.94000244140625,69.06999969482422,68.12000274658203,68.6500015258789,58.95814895629883,8428900.0
2022-09-07,BMY,68.66999816894531,69.4800033569336,68.13999938964844,68.76000213623047,59.052608489990234,7183000.0
2022-09-08,BMY,68.94999694824219,69.58000183105469,68.18000030517578,69.37999725341797,59.58507537841797,9147900.0
2022-09-09,BMY,69.27999877929688,70.55000305175781,69.22000122070312,70.16000366210938,60.254966735839844,6557400.0
2022-09-12,BMY,75.61000061035156,75.98999786376953,72.25,72.36000061035156,62.14438247680664,23830100.0
2022-09-13,BMY,71.55999755859375,72.0999984741211,70.7699966430664,71.04000091552734,61.01073455810547,9884700.0
2022-09-14,BMY,70.54000091552734,71.2300033569336,70.02999877929688,70.47000122070312,60.52120590209961,15528900.0
2022-09-15,BMY,70.63999938964844,72.13999938964844,70.55999755859375,71.77999877929688,61.64625930786133,9499400.0
2022-09-16,BMY,71.75,72.25,70.9000015258789,71.5199966430664,61.42296600341797,16364800.0
2022-09-19,BMY,71.05000305175781,71.54000091552734,69.52999877929688,70.19000244140625,60.28072738647461,9922000.0
2022-09-20,BMY,69.80000305175781,70.05999755859375,69.23999786376953,69.7300033569336,59.88568115234375,7454700.0
2022-09-21,BMY,69.73999786376953,70.37000274658203,69.44000244140625,69.45999908447266,59.65378189086914,11857000.0
2022-09-22,BMY,69.19999694824219,71.87999725341797,69.19999694824219,71.29000091552734,61.22542190551758,10009800.0
2022-09-23,BMY,71.02999877929688,71.37000274658203,70.12999725341797,70.70999908447266,60.72731399536133,8190100.0
2022-09-26,BMY,70.13999938964844,70.8499984741211,69.69000244140625,70.1500015258789,60.246368408203125,10244000.0
2022-09-27,BMY,70.73999786376953,71.5,70.19000244140625,70.36000061035156,60.42673110961914,12013200.0
2022-09-28,BMY,71.06999969482422,72.08000183105469,71.0199966430664,72.05999755859375,61.88672637939453,12412700.0
2022-09-29,BMY,72.13999938964844,72.61000061035156,71.16000366210938,71.70999908447266,61.586143493652344,9587800.0
2022-09-30,BMY,71.77999877929688,72.11000061035156,70.9800033569336,71.08999633789062,61.05366134643555,11347100.0
2022-10-03,BMY,71.36000061035156,71.51000213623047,69.38999938964844,70.52999877929688,60.572715759277344,12068200.0
2022-10-04,BMY,70.62999725341797,71.91000366210938,70.0999984741211,71.20999908447266,61.156734466552734,10510700.0
2022-10-05,BMY,70.94000244140625,71.80000305175781,70.66999816894531,71.44999694824219,61.36283874511719,6787400.0
2022-10-06,BMY,70.79000091552734,70.83000183105469,69.9000015258789,70.23999786376953,60.78303909301758,7545500.0
2022-10-07,BMY,70.33999633789062,70.45999908447266,69.26000213623047,69.69999694824219,60.31576156616211,7934600.0
2022-10-10,BMY,69.18000030517578,69.41000366210938,68.33000183105469,68.4800033569336,59.2600212097168,8879400.0
2022-10-11,BMY,68.55999755859375,70.36000061035156,68.3499984741211,69.6500015258789,60.272491455078125,8941400.0
2022-10-12,BMY,69.69000244140625,70.48999786376953,69.25,69.27999877929688,59.95230484008789,6683900.0
2022-10-13,BMY,68.55999755859375,71.02999877929688,68.51000213623047,70.7699966430664,61.24169158935547,9592400.0
2022-10-14,BMY,70.91999816894531,71.73999786376953,70.4800033569336,70.62000274658203,61.11190414428711,9992400.0
2022-10-17,BMY,70.75,71.61000061035156,70.6500015258789,71.37999725341797,61.76955795288086,6618100.0
2022-10-18,BMY,72.08999633789062,72.47000122070312,71.51000213623047,71.73999786376953,62.081092834472656,7938100.0
2022-10-19,BMY,71.52999877929688,71.7300033569336,70.70999908447266,71.13999938964844,61.561885833740234,6481800.0
2022-10-20,BMY,71.05000305175781,71.19999694824219,70.02999877929688,70.3499984741211,60.878231048583984,9193100.0
2022-10-21,BMY,70.3499984741211,72.5199966430664,69.94000244140625,72.20999908447266,62.48781204223633,8217400.0
2022-10-24,BMY,72.66000366210938,73.55999755859375,72.55000305175781,72.98999786376953,63.16278839111328,7382500.0
2022-10-25,BMY,72.63999938964844,73.20999908447266,72.25,72.7699966430664,62.97240447998047,7874700.0
2022-10-26,BMY,73.08999633789062,75.20999908447266,72.4800033569336,74.44999694824219,64.42621612548828,10417400.0
2022-10-27,BMY,74.27999877929688,75.27999877929688,73.87000274658203,74.5999984741211,64.55603790283203,9298600.0
2022-10-28,BMY,75.25,76.98999786376953,75.08000183105469,76.83000183105469,66.48579406738281,10301400.0
2022-10-31,BMY,76.58999633789062,78.66000366210938,76.36000061035156,77.47000122070312,67.03962707519531,12380800.0
2022-11-01,BMY,77.0,77.79000091552734,76.62999725341797,77.69999694824219,67.23865509033203,8870700.0
2022-11-02,BMY,77.66000366210938,78.91000366210938,77.2300033569336,77.44999694824219,67.0223159790039,8570700.0
2022-11-03,BMY,77.25,78.69000244140625,77.16000366210938,78.4800033569336,67.91364288330078,9062500.0
2022-11-04,BMY,78.80999755859375,79.27999877929688,77.91000366210938,78.77999877929688,68.1732406616211,8188000.0
2022-11-07,BMY,78.70999908447266,79.68000030517578,78.41999816894531,79.19000244140625,68.5280532836914,7683400.0
2022-11-08,BMY,79.19000244140625,80.44000244140625,78.86000061035156,79.9800033569336,69.21168518066406,8514600.0
2022-11-09,BMY,79.58999633789062,81.16999816894531,79.58999633789062,79.77999877929688,69.03860473632812,9586300.0
2022-11-10,BMY,80.75,80.76000213623047,78.62999725341797,79.37999725341797,68.69244384765625,9884500.0
2022-11-11,BMY,78.0999984741211,78.45999908447266,74.55000305175781,75.95999908447266,65.73292541503906,18317600.0
2022-11-14,BMY,76.58999633789062,77.83999633789062,76.16000366210938,76.38999938964844,66.10503387451172,14169500.0
2022-11-15,BMY,76.41000366210938,76.7699966430664,75.2699966430664,76.27999877929688,66.00984954833984,11212300.0
2022-11-16,BMY,76.55999755859375,77.75,76.0199966430664,76.1500015258789,65.89735412597656,10132600.0
2022-11-17,BMY,75.63999938964844,77.56999969482422,75.63999938964844,77.16000366210938,66.7713623046875,7457700.0
2022-11-18,BMY,77.52999877929688,78.13999938964844,76.9800033569336,77.44999694824219,67.0223159790039,9229700.0
2022-11-21,BMY,77.6500015258789,79.06999969482422,77.62000274658203,78.95999908447266,68.3290023803711,8972400.0
2022-11-22,BMY,79.01000213623047,79.55999755859375,78.77999877929688,78.86000061035156,68.24247741699219,7075000.0
2022-11-23,BMY,78.5999984741211,79.22000122070312,78.52999877929688,79.13999938964844,68.48478698730469,5700200.0
2022-11-25,BMY,79.30999755859375,79.77999877929688,79.13999938964844,79.23999786376953,68.57130432128906,4735000.0
2022-11-28,BMY,79.27999877929688,79.69999694824219,78.81999969482422,79.13999938964844,68.48478698730469,6270000.0
2022-11-29,BMY,78.80999755859375,79.11000061035156,78.30000305175781,79.02999877929688,68.38956451416016,6439700.0
2022-11-30,BMY,79.75,80.30000305175781,78.63999938964844,80.27999877929688,69.47128295898438,19261800.0
2022-12-01,BMY,80.4800033569336,81.44000244140625,80.05000305175781,80.87999725341797,69.9905014038086,10308500.0
2022-12-02,BMY,80.37000274658203,81.16000366210938,80.37000274658203,81.12999725341797,70.20685577392578,6366700.0
2022-12-05,BMY,80.93000030517578,81.41999816894531,80.4000015258789,80.69999694824219,69.8347396850586,6791300.0
2022-12-06,BMY,80.69999694824219,81.23999786376953,79.47000122070312,79.91999816894531,69.1597671508789,7728800.0
2022-12-07,BMY,78.76000213623047,80.2300033569336,78.6500015258789,79.93000030517578,69.16840362548828,7799000.0
2022-12-08,BMY,79.9800033569336,80.08000183105469,79.47000122070312,79.87999725341797,69.12513732910156,6810100.0
2022-12-09,BMY,80.12999725341797,80.66999816894531,78.7300033569336,78.83000183105469,68.21651458740234,8857100.0
2022-12-12,BMY,78.94000244140625,79.13999938964844,78.29000091552734,78.88999938964844,68.26844787597656,7055200.0
2022-12-13,BMY,79.36000061035156,79.36000061035156,77.2699966430664,77.3499984741211,66.93578338623047,15614400.0
2022-12-14,BMY,77.80999755859375,77.9000015258789,76.7699966430664,77.13999938964844,66.75405883789062,9197900.0
2022-12-15,BMY,76.91999816894531,77.20999908447266,74.70999908447266,75.0,64.90216064453125,10646000.0
2022-12-16,BMY,74.4800033569336,74.94000244140625,73.37000274658203,73.48999786376953,63.5954704284668,27045600.0
2022-12-19,BMY,73.66000366210938,74.2300033569336,72.6500015258789,73.16000366210938,63.30990982055664,8157500.0
2022-12-20,BMY,73.31999969482422,73.66000366210938,72.44000244140625,72.6500015258789,62.86858367919922,9231600.0
2022-12-21,BMY,72.75,73.55000305175781,72.30999755859375,73.33000183105469,63.45701599121094,8469700.0
2022-12-22,BMY,73.08999633789062,73.86000061035156,72.83999633789062,73.83000183105469,63.88969802856445,7600600.0
2022-12-23,BMY,73.75,73.88999938964844,72.51000213623047,72.88999938964844,63.076263427734375,7029800.0
2022-12-27,BMY,73.18000030517578,73.29000091552734,72.12000274658203,72.61000061035156,62.83396530151367,5971700.0
2022-12-28,BMY,72.87000274658203,72.95999908447266,71.91999816894531,71.98999786376953,62.29743957519531,5192000.0
2022-12-29,BMY,72.30000305175781,72.63999938964844,71.86000061035156,72.0999984741211,62.39262390136719,4288300.0
2022-12-30,BMY,72.12999725341797,72.27999877929688,70.87000274658203,71.94999694824219,62.26283264160156,7029200.0
2023-01-03,BMY,71.76000213623047,72.97000122070312,71.68000030517578,72.26000213623047,62.531089782714844,7792300.0
2023-01-04,BMY,72.25,73.26000213623047,71.7300033569336,72.62000274658203,62.842613220214844,9948700.0
2023-01-05,BMY,71.73999786376953,72.37999725341797,71.52999877929688,71.91999816894531,62.72923278808594,8112000.0
2023-01-06,BMY,72.3499984741211,73.4000015258789,72.0999984741211,73.0,63.67121505737305,7311100.0
2023-01-09,BMY,73.12000274658203,73.16000366210938,70.75,71.01000213623047,61.935523986816406,13005100.0
2023-01-10,BMY,71.27999877929688,71.69999694824219,70.79000091552734,71.6500015258789,62.49373245239258,6673400.0
2023-01-11,BMY,71.51000213623047,71.9800033569336,71.0199966430664,71.94000244140625,62.746681213378906,7268700.0
2023-01-12,BMY,71.68000030517578,71.94000244140625,71.05999755859375,71.5999984741211,62.45011901855469,6779600.0
2023-01-13,BMY,71.62999725341797,72.5199966430664,71.43000030517578,72.51000213623047,63.243831634521484,9117300.0
2023-01-17,BMY,73.11000061035156,73.48999786376953,72.01000213623047,72.30999755859375,63.069393157958984,8964900.0
2023-01-18,BMY,72.33999633789062,72.66999816894531,72.08000183105469,72.13999938964844,62.921119689941406,8371100.0
2023-01-19,BMY,72.3499984741211,73.87000274658203,72.16000366210938,73.75,64.32537841796875,9387500.0
2023-01-20,BMY,73.9000015258789,74.1500015258789,73.3499984741211,74.1500015258789,64.67425537109375,10518200.0
2023-01-23,BMY,74.08999633789062,74.19999694824219,72.8499984741211,73.26000213623047,63.897979736328125,7426500.0
2023-01-24,BMY,73.0,75.0,72.12000274658203,72.33999633789062,63.095558166503906,7300200.0
2023-01-25,BMY,72.55999755859375,73.23999786376953,72.01000213623047,73.16999816894531,63.81949234008789,6638200.0
2023-01-26,BMY,73.11000061035156,73.19999694824219,71.9800033569336,72.98999786376953,63.66248321533203,6528300.0
2023-01-27,BMY,72.98999786376953,73.44999694824219,72.33999633789062,72.44999694824219,63.19150161743164,5426600.0
2023-01-30,BMY,72.58999633789062,72.91000366210938,71.87999725341797,72.02999877929688,62.82516860961914,8900400.0
2023-01-31,BMY,72.11000061035156,72.66000366210938,71.6500015258789,72.6500015258789,63.36594772338867,9375200.0
2023-02-01,BMY,72.94000244140625,72.94000244140625,70.80999755859375,71.2300033569336,62.12740707397461,10727700.0
2023-02-02,BMY,70.31999969482422,72.87999725341797,69.80000305175781,72.7699966430664,63.4705924987793,13015300.0
2023-02-03,BMY,73.20999908447266,74.47000122070312,72.61000061035156,74.44999694824219,64.93590545654297,10211900.0
2023-02-06,BMY,74.44999694824219,75.18000030517578,74.2300033569336,74.52999877929688,65.00569915771484,7112700.0
2023-02-07,BMY,74.55000305175781,74.69000244140625,73.9800033569336,74.5199966430664,64.99696350097656,8726300.0
2023-02-08,BMY,74.30999755859375,74.41999816894531,72.94000244140625,73.6500015258789,64.23814392089844,10149800.0
2023-02-09,BMY,73.48999786376953,73.83999633789062,71.43000030517578,71.48999786376953,62.35417175292969,12828800.0
2023-02-10,BMY,71.70999908447266,72.36000061035156,71.23999786376953,72.19999694824219,62.97344207763672,8621500.0
2023-02-13,BMY,72.22000122070312,73.44000244140625,71.9800033569336,73.16999816894531,63.81949234008789,8628000.0
2023-02-14,BMY,73.30999755859375,73.47000122070312,72.19999694824219,72.25,63.01705551147461,5606100.0
2023-02-15,BMY,72.30000305175781,72.47000122070312,71.33999633789062,71.47000122070312,62.336727142333984,5890500.0
2023-02-16,BMY,70.80000305175781,71.22000122070312,70.18000030517578,70.8499984741211,61.795963287353516,5593700.0
2023-02-17,BMY,70.62000274658203,71.73999786376953,70.5199966430664,71.11000061035156,62.02274703979492,11131800.0
2023-02-21,BMY,71.2699966430664,71.66999816894531,70.81999969482422,71.22000122070312,62.118682861328125,6189600.0
2023-02-22,BMY,71.30000305175781,71.70999908447266,70.58000183105469,71.30999755859375,62.197174072265625,5718900.0
2023-02-23,BMY,71.37999725341797,71.9800033569336,70.88999938964844,71.4000015258789,62.27568054199219,5459800.0
2023-02-24,BMY,71.11000061035156,71.22000122070312,69.81999969482422,70.18000030517578,61.21159744262695,6403400.0
2023-02-27,BMY,70.29000091552734,70.41000366210938,69.7300033569336,69.98999786376953,61.04586410522461,4990700.0
2023-02-28,BMY,69.80000305175781,69.94000244140625,68.81999969482422,68.95999908447266,60.147483825683594,8697900.0
2023-03-01,BMY,68.69999694824219,69.79000091552734,68.61000061035156,69.36000061035156,60.496376037597656,5883400.0
2023-03-02,BMY,69.2300033569336,69.72000122070312,68.98999786376953,69.19000244140625,60.34810256958008,6068900.0
2023-03-03,BMY,69.36000061035156,69.41999816894531,68.80999755859375,69.30000305175781,60.44403839111328,6540100.0
2023-03-06,BMY,69.37000274658203,69.66000366210938,68.7300033569336,68.9000015258789,60.09516143798828,7000100.0
2023-03-07,BMY,69.18000030517578,69.20999908447266,67.44000244140625,68.0,59.31016540527344,8135800.0
2023-03-08,BMY,67.91000366210938,68.05000305175781,66.94000244140625,67.29000091552734,58.69089126586914,5962900.0
2023-03-09,BMY,67.5999984741211,67.72000122070312,66.33000183105469,66.51000213623047,58.01057815551758,7553600.0
2023-03-10,BMY,66.31999969482422,67.41000366210938,65.43000030517578,65.70999908447266,57.31281280517578,10282400.0
2023-03-13,BMY,65.41000366210938,67.08999633789062,65.27999877929688,66.0,57.565757751464844,9598000.0
2023-03-14,BMY,66.30000305175781,66.55999755859375,65.76000213623047,66.47000122070312,57.9756965637207,9408400.0
2023-03-15,BMY,66.12000274658203,67.72000122070312,66.05999755859375,67.4800033569336,58.856632232666016,10701900.0
2023-03-16,BMY,67.02999877929688,67.61000061035156,65.86000061035156,67.0999984741211,58.52518081665039,10541100.0
2023-03-17,BMY,67.33000183105469,67.33000183105469,66.20999908447266,66.52999877929688,58.02802276611328,21616900.0
2023-03-20,BMY,66.7300033569336,67.37999725341797,66.23999786376953,67.23999786376953,58.64728546142578,9731700.0
2023-03-21,BMY,67.4800033569336,67.80999755859375,66.87000274658203,67.51000213623047,58.882781982421875,8039600.0
2023-03-22,BMY,67.48999786376953,68.0,67.22000122070312,67.23999786376953,58.64728546142578,6657600.0
2023-03-23,BMY,67.58999633789062,67.9000015258789,66.63999938964844,66.9800033569336,58.4205207824707,6723600.0
2023-03-24,BMY,67.19999694824219,67.77999877929688,66.69000244140625,67.68000030517578,59.031063079833984,6274900.0
2023-03-27,BMY,68.08999633789062,68.81999969482422,68.01000213623047,68.06999969482422,59.37122344970703,6711300.0
2023-03-28,BMY,68.08000183105469,68.58999633789062,67.95999908447266,68.19999694824219,59.48461151123047,4715100.0
2023-03-29,BMY,68.22000122070312,68.45999908447266,67.86000061035156,68.18000030517578,59.4671745300293,5369900.0
2023-03-30,BMY,68.37999725341797,68.52999877929688,67.98999786376953,68.19999694824219,59.48461151123047,4400100.0
2023-03-31,BMY,68.66000366210938,69.37999725341797,68.37000274658203,69.30999755859375,60.452762603759766,8953200.0
2023-04-03,BMY,69.02999877929688,70.01000213623047,68.66999816894531,69.69000244140625,60.78420639038086,7333900.0
2023-04-04,BMY,69.77999877929688,69.77999877929688,68.62999725341797,68.91000366210938,60.10387420654297,8626700.0
2023-04-05,BMY,69.45999908447266,70.20999908447266,69.04000091552734,69.81999969482422,60.897586822509766,7739000.0
2023-04-06,BMY,69.69000244140625,71.06999969482422,69.5999984741211,70.73999786376953,62.207881927490234,9669500.0
2023-04-10,BMY,70.76000213623047,70.83999633789062,69.98999786376953,70.27999877929688,61.80336380004883,5646400.0
2023-04-11,BMY,70.47000122070312,70.5,69.97000122070312,70.02999877929688,61.58351516723633,4762500.0
2023-04-12,BMY,70.05000305175781,70.66999816894531,69.80000305175781,70.20999908447266,61.74179458618164,5364300.0
2023-04-13,BMY,70.44000244140625,70.81999969482422,69.93000030517578,70.69000244140625,62.16391372680664,5981600.0
2023-04-14,BMY,70.5999984741211,70.79000091552734,69.94999694824219,70.44999694824219,61.95285415649414,6260300.0
2023-04-17,BMY,70.5999984741211,70.77999877929688,70.22000122070312,70.5999984741211,62.08477020263672,4435100.0
2023-04-18,BMY,70.55000305175781,70.75,69.87999725341797,70.2300033569336,61.75940704345703,5722900.0
2023-04-19,BMY,70.2699966430664,70.41999816894531,69.55000305175781,69.86000061035156,61.434017181396484,8179200.0
2023-04-20,BMY,69.69999694824219,69.80999755859375,68.8499984741211,69.52999877929688,61.14381408691406,5977700.0
2023-04-21,BMY,70.08000183105469,70.55000305175781,69.94999694824219,70.48999786376953,61.988033294677734,6543600.0
2023-04-24,BMY,70.33999633789062,70.62000274658203,70.05999755859375,70.54000091552734,62.03200149536133,5384500.0
2023-04-25,BMY,70.68000030517578,70.94000244140625,70.0999984741211,70.23999786376953,61.76817321777344,5337300.0
2023-04-26,BMY,69.5999984741211,69.73999786376953,67.63999938964844,68.0199966430664,59.81593704223633,10206200.0
2023-04-27,BMY,68.0199966430664,68.0199966430664,66.5,67.61000061035156,59.45540237426758,10521800.0
2023-04-28,BMY,67.13999938964844,67.22000122070312,66.0199966430664,66.7699966430664,58.71670150756836,10695000.0
2023-05-01,BMY,67.27999877929688,68.73999786376953,67.26000213623047,68.4000015258789,60.150108337402344,10034000.0
2023-05-02,BMY,68.25,68.98999786376953,67.4000015258789,68.0999984741211,59.886287689208984,7793400.0
2023-05-03,BMY,68.33000183105469,68.73999786376953,66.31999969482422,66.63999938964844,58.60239028930664,12717700.0
2023-05-04,BMY,66.44999694824219,67.23999786376953,66.4000015258789,66.81999969482422,58.760677337646484,8801900.0
2023-05-05,BMY,67.13999938964844,68.44000244140625,67.12000274658203,68.13999938964844,59.92146682739258,8562000.0
2023-05-08,BMY,68.08000183105469,68.7699966430664,67.86000061035156,68.41000366210938,60.15891647338867,6142300.0
2023-05-09,BMY,68.0,68.37000274658203,67.83000183105469,68.0,59.7983512878418,6408500.0
2023-05-10,BMY,68.16999816894531,68.94000244140625,67.55999755859375,68.48999786376953,60.229251861572266,8841700.0
2023-05-11,BMY,68.56999969482422,69.0999984741211,67.95999908447266,69.08000183105469,60.74810028076172,8416100.0
2023-05-12,BMY,68.61000061035156,68.77999877929688,67.61000061035156,68.05999755859375,59.85111618041992,11964000.0
2023-05-15,BMY,68.19999694824219,68.45999908447266,67.7699966430664,68.16999816894531,59.94784927368164,5908000.0
2023-05-16,BMY,68.05999755859375,68.13999938964844,66.93000030517578,67.0199966430664,58.936553955078125,7870500.0
2023-05-17,BMY,67.05999755859375,67.3499984741211,66.06999969482422,66.52999877929688,58.50565719604492,9338400.0
2023-05-18,BMY,66.30999755859375,66.3499984741211,65.18000030517578,65.69999694824219,57.775760650634766,10080500.0
2023-05-19,BMY,65.7699966430664,66.3499984741211,65.66000366210938,65.83999633789062,57.898868560791016,9196200.0
2023-05-22,BMY,65.83999633789062,66.30000305175781,65.13999938964844,65.80999755859375,57.87249755859375,7356000.0
2023-05-23,BMY,66.08000183105469,67.16000366210938,65.86000061035156,66.52999877929688,58.50565719604492,10162500.0
2023-05-24,BMY,66.5999984741211,66.69000244140625,65.25,65.47000122070312,57.573509216308594,7285400.0
2023-05-25,BMY,64.94000244140625,65.1500015258789,63.97999954223633,64.55999755859375,56.77326583862305,7811800.0
2023-05-26,BMY,64.51000213623047,64.97000122070312,63.70000076293945,63.81999969482422,56.12251663208008,8459000.0
2023-05-30,BMY,63.369998931884766,64.08999633789062,63.06999969482422,63.709999084472656,56.025779724121094,8443200.0
2023-05-31,BMY,63.689998626708984,64.5999984741211,63.150001525878906,64.44000244140625,56.66774368286133,14934100.0
2023-06-01,BMY,64.45999908447266,64.7300033569336,63.779998779296875,64.68000030517578,56.878787994384766,8697200.0
2023-06-02,BMY,64.91999816894531,65.79000091552734,64.48999786376953,65.66000366210938,57.740604400634766,6768800.0
2023-06-05,BMY,65.9000015258789,66.45999908447266,65.69000244140625,65.9800033569336,58.02199935913086,6914400.0
2023-06-06,BMY,66.2699966430664,66.37999725341797,65.12000274658203,65.4800033569336,57.582298278808594,5618600.0
2023-06-07,BMY,65.16000366210938,65.33000183105469,64.75,65.16000366210938,57.300899505615234,6643800.0
2023-06-08,BMY,65.33999633789062,65.61000061035156,65.06999969482422,65.30999755859375,57.432804107666016,4995400.0
2023-06-09,BMY,65.37000274658203,65.45999908447266,64.5999984741211,64.80000305175781,56.984317779541016,7068500.0
2023-06-12,BMY,64.79000091552734,64.9800033569336,64.19999694824219,64.76000213623047,56.94914627075195,7141900.0
2023-06-13,BMY,64.19000244140625,64.80000305175781,63.959999084472656,64.76000213623047,56.94914627075195,7968100.0
2023-06-14,BMY,64.95999908447266,65.0,64.05000305175781,64.16000366210938,56.4215087890625,6379300.0
2023-06-15,BMY,64.23999786376953,64.94000244140625,63.869998931884766,64.66999816894531,56.869998931884766,8525200.0
2023-06-16,BMY,64.87999725341797,66.23999786376953,64.61000061035156,66.16000366210938,58.1802864074707,19394400.0
2023-06-20,BMY,65.83000183105469,66.37000274658203,65.25,66.02999877929688,58.06596374511719,10798800.0
2023-06-21,BMY,65.91000366210938,66.37999725341797,65.44000244140625,65.5,57.599891662597656,8493800.0
2023-06-22,BMY,65.75,65.8499984741211,65.12000274658203,65.30000305175781,57.42401885986328,5784000.0
2023-06-23,BMY,65.37999725341797,65.41999816894531,64.88999938964844,65.04000091552734,57.195369720458984,11133300.0
2023-06-26,BMY,65.04000091552734,65.0999984741211,64.01000213623047,64.79000091552734,56.97553253173828,7916000.0
2023-06-27,BMY,64.75,65.05000305175781,64.22000122070312,64.75,56.94034957885742,6531700.0
2023-06-28,BMY,64.69999694824219,64.69999694824219,62.880001068115234,64.08999633789062,56.359947204589844,9466000.0
2023-06-29,BMY,63.77000045776367,64.44000244140625,63.630001068115234,64.0,56.28080749511719,7023100.0
2023-06-30,BMY,64.27999877929688,64.41000366210938,63.939998626708984,63.95000076293945,56.23683547973633,8397600.0
2023-07-03,BMY,63.939998626708984,64.91000366210938,63.439998626708984,64.43000030517578,56.658939361572266,4832500.0
2023-07-05,BMY,64.30999755859375,65.0,63.91999816894531,64.7300033569336,56.922760009765625,8803300.0
2023-07-06,BMY,63.65999984741211,63.90999984741211,63.29999923706055,63.439998626708984,56.28398513793945,6638700.0
2023-07-07,BMY,63.2400016784668,63.45000076293945,62.630001068115234,62.650001525878906,55.58308792114258,8665600.0
2023-07-10,BMY,62.630001068115234,62.959999084472656,62.29999923706055,62.47999954223633,55.4322624206543,7493100.0
2023-07-11,BMY,62.31999969482422,62.91999816894531,62.119998931884766,62.790000915527344,55.707298278808594,9340100.0
2023-07-12,BMY,62.880001068115234,63.27000045776367,62.119998931884766,62.279998779296875,55.254825592041016,7340300.0
2023-07-13,BMY,62.400001525878906,62.75,62.209999084472656,62.279998779296875,55.254825592041016,9029500.0
2023-07-14,BMY,62.02000045776367,62.34000015258789,61.56999969482422,61.939998626708984,54.95316696166992,9234500.0
2023-07-17,BMY,61.9900016784668,62.02000045776367,61.40999984741211,61.849998474121094,54.873329162597656,7486400.0
2023-07-18,BMY,61.939998626708984,62.7599983215332,61.79999923706055,62.0,55.006412506103516,6451100.0
2023-07-19,BMY,62.119998931884766,62.86000061035156,62.0,62.060001373291016,55.05964279174805,8695100.0
2023-07-20,BMY,62.45000076293945,64.04000091552734,62.369998931884766,63.77000045776367,56.57674789428711,9257500.0
2023-07-21,BMY,63.88999938964844,64.79000091552734,63.7599983215332,64.68000030517578,57.38410568237305,9898100.0
2023-07-24,BMY,64.69999694824219,65.37999725341797,64.69999694824219,64.7300033569336,57.42847442626953,6886700.0
2023-07-25,BMY,64.5,64.6500015258789,63.75,63.77000045776367,56.57674789428711,6966700.0
2023-07-26,BMY,63.13999938964844,63.88999938964844,62.93000030517578,63.40999984741211,56.25735855102539,11032200.0
2023-07-27,BMY,61.0,62.529998779296875,60.380001068115234,60.72999954223633,53.879661560058594,22625400.0
2023-07-28,BMY,60.79999923706055,61.5,60.04999923706055,61.40999984741211,54.48295974731445,11593100.0
2023-07-31,BMY,61.349998474121094,62.31999969482422,61.11000061035156,62.189998626708984,55.17497634887695,11700600.0
2023-08-01,BMY,62.31999969482422,62.56999969482422,61.18000030517578,61.529998779296875,54.58942413330078,9227600.0
2023-08-02,BMY,61.16999816894531,62.33000183105469,61.02000045776367,61.75,54.78460693359375,11937800.0
2023-08-03,BMY,61.459999084472656,61.470001220703125,60.45000076293945,61.22999954223633,54.323265075683594,6878800.0
2023-08-04,BMY,61.08000183105469,61.45000076293945,60.369998931884766,60.4900016784668,53.66674041748047,7624800.0
2023-08-07,BMY,60.5099983215332,60.7599983215332,60.099998474121094,60.470001220703125,53.64899444580078,9774000.0
2023-08-08,BMY,60.689998626708984,60.81999969482422,59.709999084472656,60.15999984741211,53.373958587646484,12497800.0
2023-08-09,BMY,59.79999923706055,60.95000076293945,59.75,60.619998931884766,53.782073974609375,7705300.0
2023-08-10,BMY,61.09000015258789,61.95000076293945,60.95000076293945,61.290000915527344,54.37649154663086,23791600.0
2023-08-11,BMY,61.529998779296875,61.72999954223633,61.06999969482422,61.22999954223633,54.323265075683594,16836200.0
2023-08-14,BMY,61.349998474121094,61.88999938964844,61.209999084472656,61.619998931884766,54.66926956176758,19536700.0
2023-08-15,BMY,61.529998779296875,62.150001525878906,61.20000076293945,61.75,54.78460693359375,14442300.0
2023-08-16,BMY,61.34000015258789,61.619998931884766,60.88999938964844,60.93000030517578,54.05710220336914,9611100.0
2023-08-17,BMY,61.02000045776367,62.720001220703125,61.0,62.150001525878906,55.139495849609375,17886200.0
2023-08-18,BMY,62.220001220703125,62.58000183105469,61.869998931884766,62.060001373291016,55.05964279174805,8200700.0
2023-08-21,BMY,62.130001068115234,62.4900016784668,61.900001525878906,61.90999984741211,54.92655563354492,9898000.0
2023-08-22,BMY,61.810001373291016,62.130001068115234,61.599998474121094,61.86000061035156,54.8822021484375,8716700.0
2023-08-23,BMY,62.2599983215332,62.400001525878906,61.40999984741211,61.560001373291016,54.61604309082031,7859500.0
2023-08-24,BMY,61.36000061035156,62.0099983215332,61.22999954223633,61.279998779296875,54.36762237548828,8277500.0
2023-08-25,BMY,61.41999816894531,62.29999923706055,61.25,62.08000183105469,55.0773811340332,7953400.0
2023-08-28,BMY,62.060001373291016,62.40999984741211,61.380001068115234,61.63999938964844,54.687007904052734,6848900.0
2023-08-29,BMY,61.97999954223633,63.40999984741211,61.97999954223633,62.849998474121094,55.760528564453125,11979000.0
2023-08-30,BMY,62.93000030517578,63.029998779296875,62.20000076293945,62.380001068115234,55.343544006347656,9052800.0
2023-08-31,BMY,62.45000076293945,62.529998779296875,61.650001525878906,61.650001525878906,54.695884704589844,11464700.0
2023-09-01,BMY,61.83000183105469,62.400001525878906,61.83000183105469,62.02000045776367,55.02415084838867,6838800.0
2023-09-05,BMY,61.88999938964844,62.0,60.59000015258789,60.63999938964844,53.7998161315918,10887700.0
2023-09-06,BMY,60.29999923706055,60.400001525878906,59.45000076293945,59.66999816894531,52.93922424316406,12247200.0
2023-09-07,BMY,59.869998931884766,60.5,59.86000061035156,59.970001220703125,53.20539855957031,9697600.0
2023-09-08,BMY,60.15999984741211,60.88999938964844,60.0099983215332,60.81999969482422,53.95950698852539,9526700.0
2023-09-11,BMY,60.75,61.43000030517578,60.68000030517578,60.810001373291016,53.95063781738281,14363500.0
2023-09-12,BMY,61.0099983215332,61.02000045776367,59.84000015258789,60.2400016784668,53.44493865966797,9949000.0
2023-09-13,BMY,60.25,60.58000183105469,59.650001525878906,59.650001525878906,52.921485900878906,19392200.0
2023-09-14,BMY,60.13999938964844,60.54999923706055,59.279998779296875,59.4900016784668,52.7795295715332,18147800.0
2023-09-15,BMY,59.439998626708984,59.83000183105469,58.86000061035156,59.029998779296875,52.37142562866211,22379200.0
2023-09-18,BMY,59.040000915527344,59.150001525878906,58.33000183105469,58.58000183105469,51.972190856933594,16914900.0
2023-09-19,BMY,58.560001373291016,58.91999816894531,58.34000015258789,58.630001068115234,52.016544342041016,10455600.0
2023-09-20,BMY,58.79999923706055,59.310001373291016,58.709999084472656,58.779998779296875,52.14962387084961,8699600.0
2023-09-21,BMY,58.560001373291016,59.459999084472656,58.529998779296875,59.08000183105469,52.4157829284668,9597300.0
2023-09-22,BMY,59.33000183105469,59.459999084472656,58.77000045776367,58.900001525878906,52.2560920715332,8190700.0
2023-09-25,BMY,58.84000015258789,59.279998779296875,58.54999923706055,59.15999984741211,52.486759185791016,7006000.0
2023-09-26,BMY,58.869998931884766,59.25,58.52000045776367,58.540000915527344,51.93669128417969,9380600.0
2023-09-27,BMY,58.58000183105469,58.75,57.61000061035156,57.88999938964844,51.36001205444336,11365900.0
2023-09-28,BMY,58.0099983215332,58.41999816894531,57.810001373291016,58.13999938964844,51.581817626953125,8265100.0
2023-09-29,BMY,58.18000030517578,58.459999084472656,57.869998931884766,58.040000915527344,51.493099212646484,10902500.0
2023-10-02,BMY,58.0099983215332,58.060001373291016,57.150001525878906,57.849998474121094,51.32453155517578,8865300.0
2023-10-03,BMY,57.65999984741211,58.04999923706055,57.119998931884766,57.220001220703125,50.76559066772461,10991900.0
2023-10-04,BMY,57.099998474121094,57.34000015258789,56.310001373291016,56.72999954223633,50.33086395263672,11684400.0
2023-10-05,BMY,56.040000915527344,56.61000061035156,55.83000183105469,56.41999816894531,50.563873291015625,8015400.0
2023-10-06,BMY,56.25,56.880001068115234,56.16999816894531,56.65999984741211,50.778968811035156,8901000.0
2023-10-09,BMY,56.099998474121094,57.130001068115234,55.70000076293945,56.61000061035156,50.734161376953125,8481500.0
2023-10-10,BMY,56.709999084472656,56.77000045776367,56.22999954223633,56.38999938964844,50.536991119384766,13217400.0
2023-10-11,BMY,56.47999954223633,56.88999938964844,56.34000015258789,56.650001525878906,50.77000045776367,8470700.0
2023-10-12,BMY,56.630001068115234,56.66999816894531,55.79999923706055,56.2599983215332,50.42048645019531,10728800.0
2023-10-13,BMY,56.369998931884766,56.66999816894531,55.900001525878906,56.470001220703125,50.60868835449219,12824800.0
2023-10-16,BMY,56.790000915527344,57.4900016784668,56.689998626708984,57.16999816894531,51.23603439331055,12328400.0
2023-10-17,BMY,57.150001525878906,57.650001525878906,56.97999954223633,57.369998931884766,51.4152717590332,13223400.0
2023-10-18,BMY,57.400001525878906,57.59000015258789,56.77000045776367,56.849998474121094,50.949241638183594,11816100.0
2023-10-19,BMY,56.63999938964844,56.959999084472656,55.720001220703125,56.47999954223633,50.617645263671875,13169000.0
2023-10-20,BMY,56.2400016784668,57.09000015258789,56.2400016784668,56.459999084472656,50.59972381591797,11638300.0
2023-10-23,BMY,56.349998474121094,56.720001220703125,55.97999954223633,56.0,50.187469482421875,10028300.0
2023-10-24,BMY,56.13999938964844,56.68000030517578,55.880001068115234,56.119998931884766,50.295013427734375,9442800.0
2023-10-25,BMY,56.02000045776367,56.77000045776367,55.959999084472656,56.61000061035156,50.734161376953125,11766100.0
2023-10-26,BMY,53.959999084472656,55.290000915527344,52.91999816894531,52.970001220703125,47.47196578979492,25054000.0
2023-10-27,BMY,52.04999923706055,52.220001220703125,49.4900016784668,51.02000045776367,45.72437286376953,17895400.0
2023-10-30,BMY,51.72999954223633,51.900001525878906,50.2599983215332,51.25,45.93049621582031,29683000.0
2023-10-31,BMY,51.380001068115234,51.65999984741211,50.66999816894531,51.529998779296875,46.181434631347656,14670400.0
2023-11-01,BMY,51.86000061035156,51.90999984741211,51.16999816894531,51.279998779296875,45.9573860168457,11280800.0
2023-11-02,BMY,50.81999969482422,51.369998931884766,50.689998626708984,51.130001068115234,45.82295227050781,13436100.0
2023-11-03,BMY,51.38999938964844,53.13999938964844,51.38999938964844,52.81999969482422,47.33753967285156,14479300.0
2023-11-06,BMY,53.13999938964844,53.54999923706055,52.63999938964844,52.790000915527344,47.31064987182617,17627100.0
2023-11-07,BMY,52.810001373291016,53.04999923706055,52.130001068115234,52.290000915527344,46.862552642822266,20836100.0
2023-11-08,BMY,52.52000045776367,52.58000183105469,51.84000015258789,52.41999816894531,46.97905731201172,11252800.0
2023-11-09,BMY,52.54999923706055,52.56999969482422,50.369998931884766,50.40999984741211,45.17768859863281,12175400.0
2023-11-10,BMY,50.61000061035156,50.70000076293945,49.58000183105469,50.61000061035156,45.356929779052734,12697600.0
2023-11-13,BMY,50.45000076293945,50.66999816894531,50.060001373291016,50.150001525878906,44.944671630859375,12047100.0
2023-11-14,BMY,50.45000076293945,51.18000030517578,50.2599983215332,50.52000045776367,45.27627182006836,12025300.0
2023-11-15,BMY,50.27000045776367,51.630001068115234,50.150001525878906,51.56999969482422,46.21728515625,13407600.0
2023-11-16,BMY,51.459999084472656,51.7400016784668,50.25,50.84000015258789,45.563053131103516,14458500.0
2023-11-17,BMY,51.189998626708984,51.220001220703125,50.599998474121094,50.84000015258789,45.563053131103516,10229500.0
2023-11-20,BMY,48.779998779296875,50.16999816894531,48.41999816894531,48.900001525878906,43.82441711425781,27943500.0
2023-11-21,BMY,48.83000183105469,49.040000915527344,48.45000076293945,48.47999954223633,43.44800567626953,14669600.0
2023-11-22,BMY,48.75,49.5,48.560001373291016,49.41999816894531,44.29043960571289,14734800.0
2023-11-24,BMY,49.75,49.90999984741211,49.470001220703125,49.7599983215332,44.595149993896484,5085700.0
2023-11-27,BMY,49.61000061035156,49.720001220703125,48.81999969482422,49.02000045776367,43.93195724487305,17681600.0
2023-11-28,BMY,49.04999923706055,49.31999969482422,48.81999969482422,48.91999816894531,43.84233856201172,11372800.0
2023-11-29,BMY,49.060001373291016,49.349998474121094,48.66999816894531,48.720001220703125,43.6630973815918,12653100.0
2023-11-30,BMY,48.779998779296875,49.400001525878906,48.25,49.380001068115234,44.25460433959961,17044300.0
2023-12-01,BMY,49.400001525878906,50.18000030517578,48.93000030517578,50.099998474121094,44.89985656738281,12806400.0
2023-12-04,BMY,49.959999084472656,50.7599983215332,49.77000045776367,49.97999954223633,44.792320251464844,14238600.0
2023-12-05,BMY,49.79999923706055,50.400001525878906,49.560001373291016,50.22999954223633,45.01637268066406,12659500.0
2023-12-06,BMY,50.31999969482422,50.43000030517578,49.779998779296875,49.880001068115234,44.702693939208984,13839800.0
2023-12-07,BMY,50.29999923706055,51.0,49.9900016784668,50.15999984741211,44.95363235473633,14710600.0
2023-12-08,BMY,50.2599983215332,50.540000915527344,50.09000015258789,50.310001373291016,45.08806610107422,10123100.0
2023-12-11,BMY,50.52000045776367,51.13999938964844,50.27000045776367,51.09000015258789,45.787109375,18432900.0
2023-12-12,BMY,50.79999923706055,50.939998626708984,49.79999923706055,50.5099983215332,45.267303466796875,14215500.0
2023-12-13,BMY,50.06999969482422,51.86000061035156,49.939998626708984,51.86000061035156,46.47718811035156,15557000.0
2023-12-14,BMY,52.459999084472656,52.540000915527344,51.0,51.470001220703125,46.127662658691406,20212600.0
2023-12-15,BMY,51.15999984741211,51.45000076293945,50.689998626708984,50.88999938964844,45.60786819458008,44147600.0
2023-12-18,BMY,51.150001525878906,51.4900016784668,50.93000030517578,51.34000015258789,46.01115417480469,14361100.0
2023-12-19,BMY,51.61000061035156,52.18000030517578,51.459999084472656,52.11000061035156,46.701229095458984,14293000.0
2023-12-20,BMY,52.029998779296875,52.2400016784668,50.93000030517578,50.959999084472656,45.67060089111328,14179800.0
2023-12-21,BMY,51.34000015258789,51.7400016784668,50.849998474121094,51.2599983215332,45.93946075439453,14232900.0
2023-12-22,BMY,50.86000061035156,53.47999954223633,50.86000061035156,52.290000915527344,46.862552642822266,19998100.0
2023-12-26,BMY,52.40999984741211,52.77000045776367,51.04999923706055,51.45000076293945,46.109745025634766,12237700.0
2023-12-27,BMY,51.40999984741211,51.5,50.7400016784668,51.209999084472656,45.894649505615234,13219000.0
2023-12-28,BMY,51.04999923706055,51.45000076293945,51.0,51.220001220703125,45.90361785888672,10652900.0
2023-12-29,BMY,51.130001068115234,51.4900016784668,50.9900016784668,51.310001373291016,45.98426818847656,11305800.0
2024-01-02,BMY,51.45000076293945,53.45000076293945,51.400001525878906,52.7599983215332,47.28376770019531,17757500.0
2024-01-03,BMY,52.70000076293945,52.900001525878906,51.470001220703125,52.29999923706055,46.87150955200195,15662600.0
2024-01-04,BMY,51.90999984741211,52.189998626708984,51.459999084472656,52.040000915527344,47.17975997924805,16930500.0
2024-01-05,BMY,51.90999984741211,52.56999969482422,51.650001525878906,52.22999954223633,47.35201644897461,12272200.0
2024-01-08,BMY,51.88999938964844,51.900001525878906,51.290000915527344,51.790000915527344,46.9531135559082,18745900.0
2024-01-09,BMY,52.04999923706055,52.099998474121094,51.22999954223633,51.279998779296875,46.49074172973633,13385100.0
2024-01-10,BMY,51.20000076293945,51.25,50.41999816894531,50.65999984741211,45.92864227294922,18095300.0
2024-01-11,BMY,50.650001525878906,50.7400016784668,50.0099983215332,50.220001220703125,45.52973556518555,16567900.0
2024-01-12,BMY,50.38999938964844,50.709999084472656,50.06999969482422,50.310001373291016,45.611331939697266,11461700.0
2024-01-16,BMY,50.29999923706055,50.59000015258789,49.81999969482422,50.0,45.330284118652344,13824700.0
2024-01-17,BMY,49.54999923706055,50.06999969482422,48.95000076293945,49.97999954223633,45.31215286254883,16425400.0
2024-01-18,BMY,49.619998931884766,50.16999816894531,48.630001068115234,50.09000015258789,45.41188049316406,18463800.0
2024-01-19,BMY,50.11000061035156,50.209999084472656,49.43000030517578,50.11000061035156,45.43001174926758,23285800.0
2024-01-22,BMY,50.2599983215332,50.31999969482422,49.5,49.56999969482422,44.9404411315918,13818600.0
2024-01-23,BMY,49.68000030517578,50.41999816894531,49.4900016784668,50.119998931884766,45.43907928466797,12555700.0
2024-01-24,BMY,50.20000076293945,50.619998931884766,50.06999969482422,50.2400016784668,45.547874450683594,11838300.0
2024-01-25,BMY,50.2599983215332,50.34000015258789,49.439998626708984,49.61000061035156,44.976715087890625,17639600.0
2024-01-26,BMY,49.959999084472656,50.20000076293945,49.650001525878906,49.70000076293945,45.05830001831055,10855500.0
2024-01-29,BMY,49.619998931884766,49.880001068115234,49.45000076293945,49.869998931884766,45.212425231933594,11746600.0
2024-01-30,BMY,50.04999923706055,50.18000030517578,49.25,49.38999938964844,44.77725601196289,11605600.0
2024-01-31,BMY,49.709999084472656,50.02000045776367,48.84000015258789,48.869998931884766,44.30582046508789,18997600.0
2024-02-01,BMY,48.849998474121094,48.849998474121094,48.130001068115234,48.66999816894531,44.12449645996094,20416300.0
2024-02-02,BMY,49.27000045776367,50.0099983215332,48.08000183105469,48.709999084472656,44.160762786865234,27991600.0
2024-02-05,BMY,48.52000045776367,48.560001373291016,47.68000030517578,47.97999954223633,43.498939514160156,15535600.0
2024-02-06,BMY,47.95000076293945,49.97999954223633,47.58000183105469,49.2599983215332,44.659393310546875,22693800.0
2024-02-07,BMY,49.189998626708984,49.36000061035156,48.02000045776367,48.63999938964844,44.09729766845703,17973100.0
2024-02-08,BMY,48.439998626708984,48.77000045776367,48.11000061035156,48.709999084472656,44.160762786865234,13577900.0
2024-02-09,BMY,48.70000076293945,49.83000183105469,48.4900016784668,49.810001373291016,45.15802764892578,15413400.0
2024-02-12,BMY,49.81999969482422,50.04999923706055,49.209999084472656,49.75,45.103633880615234,14973600.0
2024-02-13,BMY,49.65999984741211,49.900001525878906,48.310001373291016,48.709999084472656,44.160762786865234,15828100.0
2024-02-14,BMY,48.81999969482422,49.040000915527344,48.45000076293945,48.88999938964844,44.32394790649414,10866900.0
2024-02-15,BMY,49.0099983215332,50.279998779296875,48.83000183105469,49.439998626708984,44.82258605957031,13425800.0
2024-02-16,BMY,49.310001373291016,49.869998931884766,48.93000030517578,49.86000061035156,45.2033576965332,13176500.0
2024-02-20,BMY,49.88999938964844,50.45000076293945,49.66999816894531,49.86000061035156,45.2033576965332,13778800.0
2024-02-21,BMY,49.93000030517578,50.93000030517578,49.540000915527344,50.90999984741211,46.15529251098633,12283500.0
2024-02-22,BMY,50.58000183105469,51.40999984741211,50.33000183105469,51.33000183105469,46.536067962646484,12862900.0
2024-02-23,BMY,51.400001525878906,51.91999816894531,50.72999954223633,51.65999984741211,46.83525085449219,11052500.0
2024-02-26,BMY,51.560001373291016,51.68000030517578,50.470001220703125,50.52000045776367,45.80172348022461,9690400.0
2024-02-27,BMY,50.56999969482422,50.720001220703125,50.150001525878906,50.5099983215332,45.79264831542969,8145100.0
2024-02-28,BMY,50.5099983215332,50.970001220703125,50.369998931884766,50.91999816894531,46.16436767578125,7974500.0
2024-02-29,BMY,50.959999084472656,51.16999816894531,50.279998779296875,50.75,46.0102424621582,14655700.0
2024-03-01,BMY,50.939998626708984,51.08000183105469,50.439998626708984,50.88999938964844,46.13716506958008,10892300.0
2024-03-04,BMY,51.279998779296875,52.20000076293945,50.720001220703125,50.91999816894531,46.16436767578125,19033400.0
2024-03-05,BMY,51.0099983215332,52.11000061035156,50.9900016784668,51.81999969482422,46.98030090332031,15110700.0
2024-03-06,BMY,52.34000015258789,53.810001373291016,52.25,53.380001068115234,48.39460754394531,21692300.0
2024-03-07,BMY,53.56999969482422,53.75,52.97999954223633,53.279998779296875,48.303955078125,17233100.0
2024-03-08,BMY,53.47999954223633,54.2599983215332,53.33000183105469,53.790000915527344,48.766319274902344,17479600.0
2024-03-11,BMY,53.900001525878906,54.560001373291016,53.7400016784668,54.36000061035156,49.283084869384766,15646400.0
2024-03-12,BMY,54.33000183105469,54.599998474121094,53.81999969482422,54.400001525878906,49.31935119628906,14269100.0
2024-03-13,BMY,54.33000183105469,55.040000915527344,52.599998474121094,52.650001525878906,47.732791900634766,26855200.0
2024-03-14,BMY,52.56999969482422,52.68000030517578,51.810001373291016,52.4900016784668,47.587738037109375,14430200.0
2024-03-15,BMY,52.31999969482422,53.20000076293945,51.95000076293945,52.34000015258789,47.45174026489258,123585300.0
2024-03-18,BMY,52.58000183105469,52.70000076293945,51.529998779296875,51.59000015258789,46.771785736083984,19738700.0
2024-03-19,BMY,51.7599983215332,51.93000030517578,51.38999938964844,51.79999923706055,46.9621696472168,14593200.0
2024-03-20,BMY,51.630001068115234,52.15999984741211,51.27000045776367,51.880001068115234,47.03470230102539,10436300.0
2024-03-21,BMY,51.90999984741211,52.650001525878906,51.560001373291016,51.59000015258789,46.771785736083984,12625100.0
2024-03-22,BMY,51.650001525878906,52.45000076293945,51.52000045776367,51.93000030517578,47.08002853393555,11727500.0
2024-03-25,BMY,52.08000183105469,52.7400016784668,51.90999984741211,52.25,47.370147705078125,12348100.0
2024-03-26,BMY,52.38999938964844,52.650001525878906,52.040000915527344,52.54999923706055,47.64213180541992,9952000.0
2024-03-27,BMY,53.0,53.689998626708984,52.849998474121094,53.25,48.276756286621094,13077600.0
2024-03-28,BMY,53.38999938964844,54.47999954223633,53.38999938964844,54.22999954223633,49.165225982666016,14348200.0
2024-04-01,BMY,54.16999816894531,54.22999954223633,52.959999084472656,52.9900016784668,48.04104232788086,9520400.0
2024-04-02,BMY,53.099998474121094,53.349998474121094,52.529998779296875,52.7400016784668,47.81438446044922,10234300.0
2024-04-03,BMY,52.75,52.869998931884766,52.099998474121094,52.18000030517578,47.30668640136719,10434600.0
2024-04-04,BMY,51.939998626708984,52.09000015258789,51.20000076293945,51.400001525878906,47.141597747802734,10993700.0
2024-04-05,BMY,51.189998626708984,51.45000076293945,50.77000045776367,51.31999969482422,47.0682258605957,9095500.0
2024-04-08,BMY,51.279998779296875,51.29999923706055,50.86000061035156,51.099998474121094,46.866455078125,12258500.0
2024-04-09,BMY,51.130001068115234,51.68000030517578,51.06999969482422,51.599998474121094,47.32501983642578,9487300.0
2024-04-10,BMY,51.040000915527344,51.290000915527344,50.279998779296875,50.290000915527344,46.123558044433594,11492800.0
2024-04-11,BMY,50.459999084472656,50.58000183105469,49.11000061035156,49.119998931884766,45.05049133300781,11781000.0
2024-04-12,BMY,49.040000915527344,49.09000015258789,48.2599983215332,48.279998779296875,44.280086517333984,12459200.0
2024-04-15,BMY,48.36000061035156,49.099998474121094,48.119998931884766,48.5099983215332,44.49102783203125,11943600.0
2024-04-16,BMY,48.45000076293945,48.599998474121094,48.2400016784668,48.2599983215332,44.26173782348633,11931300.0
2024-04-17,BMY,48.439998626708984,48.54999923706055,47.70000076293945,47.84000015258789,43.87653732299805,11763100.0
2024-04-18,BMY,47.93000030517578,48.40999984741211,47.619998931884766,48.29999923706055,44.29842758178711,10917600.0
2024-04-19,BMY,48.209999084472656,49.04999923706055,48.119998931884766,48.93000030517578,44.8762321472168,10303900.0
2024-04-22,BMY,49.0,49.560001373291016,48.869998931884766,49.13999938964844,45.0688362121582,7929500.0
2024-04-23,BMY,49.15999984741211,49.470001220703125,48.959999084472656,48.9900016784668,44.9312629699707,9153300.0
2024-04-24,BMY,49.0,49.04999923706055,48.54999923706055,48.86000061035156,44.812034606933594,16057100.0
2024-04-25,BMY,47.38999938964844,47.5,44.369998931884766,44.70000076293945,40.996681213378906,45069000.0
2024-04-26,BMY,44.68000030517578,45.369998931884766,44.34000015258789,44.849998474121094,41.134254455566406,21281900.0
2024-04-29,BMY,45.09000015258789,45.380001068115234,44.529998779296875,44.63999938964844,40.941646575927734,16416300.0
2024-04-30,BMY,44.400001525878906,44.7599983215332,43.93000030517578,43.939998626708984,40.299644470214844,17716000.0
2024-05-01,BMY,43.970001220703125,44.470001220703125,43.72999954223633,44.209999084472656,40.547271728515625,13246100.0
2024-05-02,BMY,44.36000061035156,44.41999816894531,43.33000183105469,43.70000076293945,40.07952880859375,15962600.0
2024-05-03,BMY,43.900001525878906,44.33000183105469,43.689998626708984,43.9900016784668,40.34550476074219,12104500.0
2024-05-06,BMY,44.15999984741211,44.619998931884766,43.779998779296875,43.900001525878906,40.26295852661133,9127700.0
2024-05-07,BMY,43.97999954223633,44.2599983215332,43.84000015258789,44.040000915527344,40.391357421875,11026900.0
2024-05-08,BMY,44.0,44.220001220703125,43.560001373291016,43.66999816894531,40.052005767822266,11928300.0
2024-05-09,BMY,43.560001373291016,44.810001373291016,43.5,44.7400016784668,41.03336715698242,10776300.0
2024-05-10,BMY,44.75,44.970001220703125,44.29999923706055,44.939998626708984,41.216793060302734,8699600.0
2024-05-13,BMY,44.880001068115234,45.31999969482422,44.83000183105469,45.060001373291016,41.32685470581055,12642400.0
2024-05-14,BMY,45.380001068115234,45.720001220703125,44.529998779296875,44.709999084472656,41.0058479309082,14536500.0
2024-05-15,BMY,45.0,45.16999816894531,44.47999954223633,44.54999923706055,40.85910415649414,14179400.0
2024-05-16,BMY,44.470001220703125,44.529998779296875,43.68000030517578,44.11000061035156,40.45555877685547,15765700.0
2024-05-17,BMY,44.29999923706055,44.29999923706055,43.72999954223633,44.029998779296875,40.38218688964844,15788000.0
2024-05-20,BMY,44.0,44.04999923706055,43.310001373291016,43.36000061035156,39.7677001953125,10376900.0
2024-05-21,BMY,43.13999938964844,43.43000030517578,42.25,42.27000045776367,38.76800537109375,17576800.0
2024-05-22,BMY,42.220001220703125,42.9900016784668,41.90999984741211,42.34000015258789,38.83220291137695,16786000.0
2024-05-23,BMY,41.91999816894531,42.27000045776367,41.459999084472656,41.540000915527344,38.09847640991211,12438000.0
2024-05-24,BMY,41.40999984741211,41.68000030517578,41.06999969482422,41.2400016784668,37.823333740234375,17425600.0
2024-05-28,BMY,41.220001220703125,41.33000183105469,40.380001068115234,40.4900016784668,37.13547134399414,14674500.0
2024-05-29,BMY,40.279998779296875,40.70000076293945,39.939998626708984,40.25,36.91535949707031,16492500.0
2024-05-30,BMY,40.13999938964844,40.599998474121094,39.90999984741211,40.25,36.91535949707031,16111400.0
2024-05-31,BMY,40.25,41.15999984741211,40.130001068115234,41.09000015258789,37.68576431274414,29396300.0
2024-06-03,BMY,41.15999984741211,42.38999938964844,41.130001068115234,41.77000045776367,38.30942916870117,13678700.0
2024-06-04,BMY,41.75,42.08000183105469,41.38999938964844,41.75,38.29108428955078,12230000.0
2024-06-05,BMY,41.68000030517578,41.68000030517578,40.91999816894531,41.2400016784668,37.823333740234375,12401200.0
2024-06-06,BMY,40.86000061035156,41.290000915527344,40.70000076293945,40.880001068115234,37.4931640625,10282800.0
2024-06-07,BMY,40.849998474121094,41.58000183105469,40.77000045776367,41.47999954223633,38.04345703125,13665500.0
2024-06-10,BMY,41.400001525878906,42.720001220703125,41.36000061035156,42.56999969482422,39.04314422607422,13459200.0
2024-06-11,BMY,42.529998779296875,43.04999923706055,41.880001068115234,43.02000045776367,39.45586395263672,12637100.0
2024-06-12,BMY,43.09000015258789,43.189998626708984,42.220001220703125,42.40999984741211,38.89639663696289,9433200.0
2024-06-13,BMY,42.459999084472656,42.63999938964844,41.06999969482422,41.47999954223633,38.04345703125,17023700.0
2024-06-14,BMY,41.40999984741211,41.86000061035156,40.75,41.20000076293945,37.78664779663086,14271100.0
2024-06-17,BMY,41.06999969482422,41.34000015258789,40.439998626708984,40.970001220703125,37.575706481933594,18782500.0
2024-06-18,BMY,41.02000045776367,41.2400016784668,40.09000015258789,40.810001373291016,37.42896270751953,18747200.0
2024-06-20,BMY,40.54999923706055,41.189998626708984,39.630001068115234,41.040000915527344,37.6399040222168,18639600.0
2024-06-21,BMY,41.2599983215332,41.95000076293945,41.06999969482422,41.93000030517578,38.45616912841797,35828400.0
2024-06-24,BMY,42.0,42.349998474121094,41.810001373291016,42.22999954223633,38.73130798339844,14845100.0
2024-06-25,BMY,42.02000045776367,42.369998931884766,41.58000183105469,42.189998626708984,38.69462585449219,16082600.0
2024-06-26,BMY,42.11000061035156,43.040000915527344,41.709999084472656,42.5,38.97894287109375,19824600.0
2024-06-27,BMY,42.43000030517578,42.5,41.47999954223633,41.5099983215332,38.07096862792969,17435000.0
2024-06-28,BMY,41.709999084472656,42.47999954223633,41.40999984741211,41.529998779296875,38.08930587768555,20542700.0
2024-07-01,BMY,41.650001525878906,42.27000045776367,41.13999938964844,41.29999923706055,37.87836456298828,18268400.0
2024-07-02,BMY,41.2599983215332,41.349998474121094,40.40999984741211,40.45000076293945,37.098785400390625,18280200.0
2024-07-03,BMY,40.41999816894531,40.65999984741211,40.029998779296875,40.060001373291016,36.74109649658203,9131500.0
2024-07-05,BMY,39.7400016784668,39.75,39.349998474121094,39.65999984741211,36.92731857299805,12824400.0
2024-07-08,BMY,39.63999938964844,40.11000061035156,39.5,39.9900016784668,37.234580993652344,13372700.0
2024-07-09,BMY,39.810001373291016,40.900001525878906,39.709999084472656,40.86000061035156,38.04463577270508,16368900.0
2024-07-10,BMY,40.869998931884766,41.16999816894531,40.439998626708984,41.119998931884766,38.28671646118164,9672700.0
2024-07-11,BMY,41.25,41.65999984741211,40.689998626708984,40.75,37.94221115112305,17883000.0
2024-07-12,BMY,41.06999969482422,41.13999938964844,40.349998474121094,40.459999084472656,37.67219161987305,16677500.0
2024-07-15,BMY,40.630001068115234,40.650001525878906,39.91999816894531,40.150001525878906,37.3835563659668,17858100.0
2024-07-16,BMY,40.150001525878906,41.27000045776367,40.09000015258789,41.20000076293945,38.3612060546875,13739600.0
2024-07-17,BMY,41.20000076293945,43.52000045776367,41.20000076293945,43.150001525878906,40.17684555053711,18639200.0
2024-07-18,BMY,42.439998626708984,44.2400016784668,42.369998931884766,42.38999938964844,39.469207763671875,19434500.0
2024-07-19,BMY,42.630001068115234,42.83000183105469,41.61000061035156,42.63999938964844,39.70198440551758,12839900.0
2024-07-22,BMY,42.43000030517578,42.97999954223633,42.369998931884766,42.66999816894531,39.729915618896484,10115500.0
2024-07-23,BMY,42.439998626708984,43.08000183105469,41.900001525878906,42.97999954223633,40.0185546875,17688600.0
2024-07-24,BMY,43.25,44.779998779296875,43.25,44.65999984741211,41.58279800415039,20392800.0
2024-07-25,BMY,44.790000915527344,45.970001220703125,44.4900016784668,45.27000045776367,42.15077209472656,22050100.0
2024-07-26,BMY,48.27000045776367,50.61000061035156,47.72999954223633,50.45000076293945,46.973854064941406,36636400.0
2024-07-29,BMY,49.91999816894531,51.189998626708984,48.970001220703125,48.97999954223633,45.60513687133789,22280200.0
2024-07-30,BMY,49.060001373291016,49.310001373291016,47.849998474121094,49.04999923706055,45.670310974121094,19296500.0
2024-07-31,BMY,48.75,49.11000061035156,47.369998931884766,47.560001373291016,44.282981872558594,17727600.0
2024-08-01,BMY,47.79999923706055,48.5099983215332,47.220001220703125,48.16999816894531,44.8509521484375,12064400.0
2024-08-02,BMY,49.119998931884766,49.540000915527344,48.310001373291016,48.77000045776367,45.40960693359375,15601500.0
2024-08-05,BMY,47.880001068115234,48.7400016784668,47.209999084472656,47.59000015258789,44.3109130859375,17895000.0
2024-08-06,BMY,47.88999938964844,48.06999969482422,47.119998931884766,47.310001373291016,44.05021286010742,15663000.0
2024-08-07,BMY,47.43000030517578,48.4900016784668,46.400001525878906,46.5,43.296024322509766,16891900.0
2024-08-08,BMY,46.56999969482422,47.150001525878906,46.220001220703125,46.849998474121094,43.62190628051758,15216900.0
2024-08-09,BMY,46.84000015258789,47.68000030517578,46.5,46.720001220703125,43.5008659362793,14083500.0
2024-08-12,BMY,46.77000045776367,47.470001220703125,46.47999954223633,47.060001373291016,43.81743240356445,11942000.0
2024-08-13,BMY,47.47999954223633,49.15999984741211,47.47999954223633,49.060001373291016,45.679630279541016,19858200.0
2024-08-14,BMY,49.060001373291016,49.290000915527344,48.11000061035156,48.40999984741211,45.07441711425781,10667200.0
2024-08-15,BMY,49.29999923706055,49.529998779296875,48.470001220703125,49.11000061035156,45.7261848449707,13140600.0
2024-08-16,BMY,49.11000061035156,50.04999923706055,49.0099983215332,49.36000061035156,45.95895767211914,14161800.0
2024-08-19,BMY,49.380001068115234,49.9900016784668,49.20000076293945,49.29999923706055,45.9030876159668,9067400.0
2024-08-20,BMY,49.27000045776367,49.61000061035156,48.93000030517578,48.97999954223633,45.60513687133789,8780200.0
2024-08-21,BMY,48.779998779296875,49.16999816894531,48.15999984741211,48.439998626708984,45.10234832763672,7780500.0
2024-08-22,BMY,48.56999969482422,48.61000061035156,46.88999938964844,47.619998931884766,44.33884811401367,9946800.0
2024-08-23,BMY,47.66999816894531,48.2400016784668,47.380001068115234,48.11000061035156,44.795082092285156,8328400.0
2024-08-26,BMY,48.16999816894531,48.4900016784668,47.97999954223633,48.2400016784668,44.9161262512207,4949600.0
2024-08-27,BMY,48.36000061035156,48.790000915527344,47.810001373291016,48.119998931884766,44.80440139770508,6918500.0
2024-08-28,BMY,48.119998931884766,49.91999816894531,48.029998779296875,49.060001373291016,45.679630279541016,8399700.0
2024-08-29,BMY,49.27000045776367,49.77000045776367,48.7599983215332,49.720001220703125,46.294158935546875,7536000.0
2024-08-30,BMY,49.720001220703125,50.2400016784668,49.68000030517578,49.95000076293945,46.508304595947266,9594800.0
2024-09-03,BMY,49.709999084472656,50.7400016784668,49.650001525878906,50.52000045776367,47.03902816772461,10942500.0
2024-09-04,BMY,50.720001220703125,50.75,49.54999923706055,49.959999084472656,46.51761245727539,7036200.0
2024-09-05,BMY,50.08000183105469,50.2400016784668,49.22999954223633,49.79999923706055,46.3686408996582,9947800.0
2024-09-06,BMY,49.790000915527344,50.029998779296875,48.529998779296875,48.70000076293945,45.34443283081055,11146400.0
2024-09-09,BMY,48.720001220703125,49.130001068115234,47.54999923706055,48.5,45.15821075439453,9433300.0
2024-09-10,BMY,48.5,49.31999969482422,47.970001220703125,49.279998779296875,45.88447189331055,8624500.0
2024-09-11,BMY,49.11000061035156,49.189998626708984,48.25,48.59000015258789,45.24201202392578,8425400.0
2024-09-12,BMY,48.380001068115234,48.56999969482422,47.7599983215332,48.2400016784668,44.9161262512207,5575300.0
2024-09-13,BMY,48.25,49.150001525878906,48.20000076293945,49.130001068115234,45.74480438232422,9412800.0
2024-09-16,BMY,49.5,50.25,49.2599983215332,49.9900016784668,46.5455436706543,11823400.0
2024-09-17,BMY,50.09000015258789,50.40999984741211,48.849998474121094,49.4900016784668,46.08000183105469,7549200.0
2024-09-18,BMY,49.40999984741211,50.18000030517578,48.779998779296875,49.7400016784668,46.31277847290039,7771500.0
2024-09-19,BMY,49.88999938964844,50.040000915527344,48.95000076293945,49.02000045776367,45.64238357543945,8841400.0
2024-09-20,BMY,49.290000915527344,49.529998779296875,49.0,49.40999984741211,46.00551223754883,27106500.0
2024-09-23,BMY,49.560001373291016,50.22999954223633,49.47999954223633,50.0099983215332,46.56417465209961,12226500.0
2024-09-24,BMY,50.0099983215332,51.09000015258789,49.810001373291016,50.939998626708984,47.430084228515625,16463200.0
2024-09-25,BMY,51.25,51.369998931884766,49.11000061035156,49.95000076293945,46.508304595947266,15321900.0
2024-09-26,BMY,49.81999969482422,50.54999923706055,49.720001220703125,50.119998931884766,46.66659164428711,8622900.0
2024-09-27,BMY,51.540000915527344,52.15999984741211,50.709999084472656,50.90999984741211,47.40215301513672,23035300.0
2024-09-30,BMY,51.5099983215332,51.939998626708984,51.040000915527344,51.7400016784668,48.17496871948242,14085200.0
2024-10-01,BMY,51.95000076293945,52.970001220703125,51.61000061035156,52.900001525878906,49.255043029785156,17436200.0
2024-10-02,BMY,52.83000183105469,54.540000915527344,52.40999984741211,53.7599983215332,50.05577850341797,22198300.0
2024-10-03,BMY,53.849998474121094,54.290000915527344,53.40999984741211,54.20000076293945,50.4654655456543,15398400.0
2024-10-04,BMY,53.400001525878906,54.0099983215332,53.29999923706055,53.959999084472656,50.804412841796875,12826500.0
2024-10-07,BMY,54.0,54.41999816894531,53.40999984741211,53.439998626708984,50.314823150634766,11150600.0
2024-10-08,BMY,53.5,53.83000183105469,52.459999084472656,52.47999954223633,49.41096496582031,9900300.0
2024-10-09,BMY,52.25,53.150001525878906,51.5099983215332,52.79999923706055,49.71225357055664,10408200.0
2024-10-10,BMY,53.029998779296875,53.41999816894531,52.33000183105469,52.400001525878906,49.33564758300781,6799500.0
2024-10-11,BMY,52.58000183105469,52.65999984741211,52.0,52.20000076293945,49.147342681884766,6041700.0
2024-10-14,BMY,52.13999938964844,52.709999084472656,51.939998626708984,52.66999816894531,49.5898551940918,6890800.0
2024-10-15,BMY,51.310001373291016,53.38999938964844,51.310001373291016,52.7599983215332,49.674591064453125,10579100.0
2024-10-16,BMY,52.630001068115234,53.58000183105469,52.5099983215332,53.369998931884766,50.24891662597656,7624300.0
2024-10-17,BMY,53.189998626708984,53.58000183105469,52.83000183105469,53.18000030517578,50.07003402709961,7948500.0
2024-10-18,BMY,53.2599983215332,53.33000183105469,52.34000015258789,53.220001220703125,50.10769271850586,7184500.0
2024-10-21,BMY,53.279998779296875,53.29999923706055,52.099998474121094,52.119998931884766,49.072021484375,5353100.0
2024-10-22,BMY,52.029998779296875,53.060001373291016,52.029998779296875,52.7599983215332,49.674591064453125,7122800.0
2024-10-23,BMY,52.79999923706055,53.11000061035156,52.540000915527344,53.060001373291016,49.957054138183594,5833000.0
2024-10-24,BMY,52.900001525878906,53.400001525878906,52.41999816894531,52.91999816894531,49.82523727416992,7103100.0
2024-10-25,BMY,52.68000030517578,52.900001525878906,51.81999969482422,51.91999816894531,48.88371276855469,7127400.0
2024-10-28,BMY,51.95000076293945,52.7599983215332,51.810001373291016,52.63999938964844,49.56161117553711,8528500.0
2024-10-29,BMY,52.34000015258789,52.7400016784668,52.13999938964844,52.5,49.42979431152344,8371500.0
2024-10-30,BMY,52.5,53.150001525878906,52.290000915527344,52.65999984741211,49.580440521240234,9654100.0
2024-10-31,BMY,53.79999923706055,56.20000076293945,53.560001373291016,55.77000045776367,52.50856399536133,18744000.0
2024-11-01,BMY,55.880001068115234,55.900001525878906,54.20000076293945,54.31999969482422,51.14336013793945,12894800.0
2024-11-04,BMY,54.33000183105469,55.77000045776367,54.31999969482422,55.45000076293945,52.207279205322266,10808200.0
2024-11-05,BMY,55.13999938964844,56.279998779296875,54.720001220703125,55.95000076293945,52.678035736083984,9278000.0
2024-11-06,BMY,56.34000015258789,56.79999923706055,55.13999938964844,55.279998779296875,52.04722213745117,11776000.0
2024-11-07,BMY,55.189998626708984,55.52000045776367,54.4900016784668,54.709999084472656,51.510555267333984,12042200.0
2024-11-08,BMY,54.70000076293945,54.790000915527344,53.970001220703125,54.13999938964844,50.9738883972168,9218600.0
2024-11-11,BMY,60.720001220703125,61.08000183105469,59.529998779296875,59.81999969482422,56.32172393798828,27898400.0
2024-11-12,BMY,59.81999969482422,60.619998931884766,58.810001373291016,59.02000045776367,55.56850814819336,15141300.0
2024-11-13,BMY,59.209999084472656,59.4900016784668,57.84000015258789,58.40999984741211,54.994178771972656,11215000.0
2024-11-14,BMY,58.90999984741211,59.72999954223633,58.2599983215332,58.5,55.07891845703125,11494200.0
2024-11-15,BMY,58.15999984741211,58.36000061035156,55.81999969482422,56.220001220703125,52.9322509765625,21259200.0
2024-11-18,BMY,56.18000030517578,56.84000015258789,55.84000015258789,56.79999923706055,53.478336334228516,10679100.0
2024-11-19,BMY,56.5,58.650001525878906,56.099998474121094,58.22999954223633,54.82470703125,13129900.0
2024-11-20,BMY,58.61000061035156,58.83000183105469,57.66999816894531,57.880001068115234,54.495174407958984,11239700.0
2024-11-21,BMY,58.15999984741211,58.47999954223633,57.470001220703125,58.22999954223633,54.82470703125,7441000.0
2024-11-22,BMY,58.349998474121094,58.91999816894531,57.619998931884766,58.869998931884766,55.427276611328125,7412500.0
2024-11-25,BMY,59.97999954223633,60.68000030517578,58.630001068115234,58.779998779296875,55.3425407409668,14119700.0
2024-11-26,BMY,58.84000015258789,59.08000183105469,58.060001373291016,58.7400016784668,55.30488586425781,7432800.0
2024-11-27,BMY,58.81999969482422,59.5099983215332,58.779998779296875,59.27000045776367,55.803890228271484,7064900.0
2024-11-29,BMY,59.33000183105469,59.540000915527344,58.959999084472656,59.220001220703125,55.75680923461914,4581600.0
2024-12-02,BMY,59.400001525878906,60.06999969482422,58.91999816894531,59.939998626708984,56.43470764160156,9032100.0
2024-12-03,BMY,59.880001068115234,60.09000015258789,58.630001068115234,58.689998626708984,55.25780487060547,8763400.0
2024-12-04,BMY,58.56999969482422,58.790000915527344,57.59000015258789,58.369998931884766,54.95651626586914,9533700.0
2024-12-05,BMY,58.29999923706055,59.22999954223633,58.22999954223633,58.84000015258789,55.3990364074707,8116500.0
2024-12-06,BMY,58.84000015258789,59.529998779296875,58.689998626708984,59.380001068115234,55.90745544433594,7276800.0
2024-12-09,BMY,59.25,59.7599983215332,58.70000076293945,58.709999084472656,55.27663803100586,8653500.0
2024-12-10,BMY,58.779998779296875,58.849998474121094,57.810001373291016,58.119998931884766,54.72113800048828,6896500.0
2024-12-11,BMY,58.0,58.04999923706055,56.619998931884766,56.650001525878906,53.33710861206055,10578700.0
2024-12-12,BMY,57.029998779296875,57.31999969482422,55.939998626708984,56.279998779296875,52.98874282836914,12121400.0
2024-12-13,BMY,56.380001068115234,56.380001068115234,55.040000915527344,55.779998779296875,52.517982482910156,9406100.0
2024-12-16,BMY,56.77000045776367,56.970001220703125,55.68000030517578,55.869998931884766,52.602718353271484,16470500.0
2024-12-17,BMY,56.09000015258789,57.77000045776367,56.04999923706055,57.650001525878906,54.278629302978516,14984500.0
2024-12-18,BMY,57.349998474121094,58.54999923706055,56.77000045776367,56.84000015258789,53.515995025634766,14111900.0
2024-12-19,BMY,56.849998474121094,57.189998626708984,56.11000061035156,56.29999923706055,53.007572174072266,11487900.0
2024-12-20,BMY,56.220001220703125,57.33000183105469,56.08000183105469,57.33000183105469,53.97734069824219,48212100.0
2024-12-23,BMY,57.25,57.65999984741211,56.79999923706055,57.58000183105469,54.21271896362305,9431500.0
2024-12-24,BMY,57.40999984741211,57.77000045776367,57.0099983215332,57.7599983215332,54.38218688964844,3668200.0
2024-12-26,BMY,57.65999984741211,58.06999969482422,57.5099983215332,58.0,54.608154296875,4688800.0
2024-12-27,BMY,57.650001525878906,58.380001068115234,57.52000045776367,57.68000030517578,54.30686950683594,6607700.0
2024-12-30,BMY,57.529998779296875,57.599998474121094,56.04999923706055,56.060001373291016,52.78160858154297,6593700.0
2024-12-31,BMY,56.06999969482422,56.959999084472656,55.93000030517578,56.560001373291016,53.25237274169922,7345200.0
2025-01-02,BMY,56.93000030517578,57.380001068115234,56.52000045776367,56.790000915527344,53.46891403198242,9092000.0
2025-01-03,BMY,56.34000015258789,56.79999923706055,56.310001373291016,56.56999969482422,53.84968185424805,9533500.0
2025-01-06,BMY,56.310001373291016,57.029998779296875,55.939998626708984,56.68000030517578,53.95439529418945,9459600.0
2025-01-07,BMY,56.68000030517578,57.66999816894531,56.52000045776367,57.13999938964844,54.392276763916016,10814600.0
2025-01-08,BMY,56.97999954223633,57.04999923706055,56.04999923706055,56.810001373291016,54.07814407348633,11995900.0
2025-01-10,BMY,56.36000061035156,56.52000045776367,55.630001068115234,55.83000183105469,53.145267486572266,9681300.0
2025-01-13,BMY,55.68000030517578,55.790000915527344,54.810001373291016,55.36000061035156,52.697872161865234,7120700.0
2025-01-14,BMY,55.5,55.97999954223633,55.459999084472656,55.7400016784668,53.059593200683594,7409900.0
2025-01-15,BMY,56.130001068115234,56.7400016784668,55.65999984741211,55.90999984741211,53.2214241027832,8458400.0
2025-01-16,BMY,55.84000015258789,56.41999816894531,55.08000183105469,56.380001068115234,53.6688232421875,9061000.0
2025-01-17,BMY,56.0,56.619998931884766,55.54999923706055,56.290000915527344,53.58314895629883,10911600.0
2025-01-21,BMY,56.630001068115234,57.68000030517578,56.54999923706055,57.040000915527344,54.297080993652344,9113200.0
2025-01-22,BMY,56.4900016784668,57.38999938964844,55.95000076293945,57.09000015258789,54.34467697143555,8439800.0
2025-01-23,BMY,57.13999938964844,59.25,57.02000045776367,59.13999938964844,56.29609680175781,14504300.0
2025-01-24,BMY,59.11000061035156,60.0,59.099998474121094,59.66999816894531,56.80061340332031,12677500.0
2025-01-27,BMY,60.61000061035156,61.099998474121094,59.869998931884766,60.599998474121094,57.68588638305664,10882600.0
2025-01-28,BMY,60.279998779296875,60.59000015258789,58.7400016784668,58.7599983215332,55.93436813354492,9232600.0
2025-01-29,BMY,59.08000183105469,59.7400016784668,58.810001373291016,59.04999923706055,56.21042251586914,6780900.0
2025-01-30,BMY,59.290000915527344,59.349998474121094,58.58000183105469,59.13999938964844,56.29609680175781,8128600.0
2025-01-31,BMY,59.18000030517578,60.22999954223633,58.66999816894531,58.95000076293945,56.115238189697266,11342000.0
2025-02-03,BMY,58.790000915527344,60.310001373291016,58.54999923706055,59.95000076293945,57.06714630126953,13978200.0
2025-02-04,BMY,58.869998931884766,59.849998474121094,58.72999954223633,59.119998931884766,56.27705383300781,11718500.0
2025-02-05,BMY,59.63999938964844,60.36000061035156,59.22999954223633,59.709999084472656,56.838687896728516,12600800.0
2025-02-06,BMY,57.369998931884766,59.380001068115234,56.90999984741211,57.41999816894531,54.65880584716797,25072300.0
2025-02-07,BMY,57.459999084472656,57.709999084472656,56.189998626708984,56.849998474121094,54.11621856689453,14340200.0
2025-02-10,BMY,56.79999923706055,56.869998931884766,54.599998474121094,55.529998779296875,52.85969161987305,16656800.0
2025-02-11,BMY,55.400001525878906,56.310001373291016,55.099998474121094,55.939998626708984,53.249977111816406,8724200.0
2025-02-12,BMY,55.66999816894531,56.540000915527344,55.45000076293945,56.150001525878906,53.44988250732422,8502900.0
2025-02-13,BMY,56.25,56.2599983215332,55.630001068115234,55.970001220703125,53.27853775024414,8917200.0
2025-02-14,BMY,56.029998779296875,56.029998779296875,53.65999984741211,53.900001525878906,51.30807876586914,13227200.0
2025-02-18,BMY,53.720001220703125,54.59000015258789,53.540000915527344,54.43000030517578,51.812591552734375,10918500.0
2025-02-19,BMY,54.40999984741211,54.97999954223633,54.119998931884766,54.97999954223633,52.33613967895508,10770900.0
2025-02-20,BMY,55.02000045776367,55.81999969482422,54.79999923706055,55.790000915527344,53.10719299316406,8953500.0
2025-02-21,BMY,55.43000030517578,56.060001373291016,54.849998474121094,55.83000183105469,53.145267486572266,11105500.0
2025-02-24,BMY,55.970001220703125,58.0,55.95000076293945,57.880001068115234,55.09668731689453,13215800.0
2025-02-25,BMY,58.29999923706055,59.939998626708984,58.16999816894531,58.209999084472656,55.41082000732422,15344100.0
2025-02-26,BMY,58.15999984741211,58.41999816894531,57.220001220703125,57.380001068115234,54.620731353759766,7273100.0
2025-02-27,BMY,57.34000015258789,58.81999969482422,56.959999084472656,58.79999923706055,55.972450256347656,9812100.0
2025-02-28,BMY,58.970001220703125,59.7400016784668,57.91999816894531,59.619998931884766,56.753013610839844,20219700.0
2025-03-03,BMY,59.75,59.91999816894531,59.0099983215332,59.869998931884766,56.99099349975586,11214100.0
2025-03-04,BMY,59.959999084472656,60.689998626708984,59.290000915527344,59.439998626708984,56.58167266845703,16502200.0
2025-03-05,BMY,59.43000030517578,60.2599983215332,59.380001068115234,59.81999969482422,56.94340133666992,9707000.0
2025-03-06,BMY,59.939998626708984,60.70000076293945,59.029998779296875,60.18000030517578,57.28608703613281,10682400.0
2025-03-07,BMY,60.45000076293945,63.11000061035156,60.27000045776367,61.09000015258789,58.1523323059082,18538200.0
2025-03-10,BMY,60.95000076293945,63.15999984741211,60.720001220703125,63.11000061035156,60.075191497802734,20295700.0
2025-03-11,BMY,62.79999923706055,63.33000183105469,61.22999954223633,61.5099983215332,58.55213165283203,14637900.0
2025-03-12,BMY,60.720001220703125,60.81999969482422,59.52000045776367,59.810001373291016,56.93387985229492,10812400.0
2025-03-13,BMY,59.9900016784668,60.7599983215332,59.790000915527344,60.279998779296875,57.38127899169922,8990400.0
2025-03-14,BMY,59.84000015258789,59.9900016784668,58.720001220703125,59.0099983215332,56.17234802246094,11905700.0
2025-03-17,BMY,59.15999984741211,60.130001068115234,58.36000061035156,59.9900016784668,57.105224609375,9666800.0
2025-03-18,BMY,59.880001068115234,60.2599983215332,59.540000915527344,59.900001525878906,57.01955032348633,9967900.0
2025-03-19,BMY,59.86000061035156,60.54999923706055,59.459999084472656,60.08000183105469,57.19089889526367,8304200.0
2025-03-20,BMY,59.86000061035156,61.06999969482422,59.779998779296875,60.41999816894531,57.51454162597656,12197400.0
2025-03-21,BMY,60.22999954223633,61.34000015258789,59.84000015258789,61.06999969482422,58.1332893371582,25865100.0
2025-03-24,BMY,60.790000915527344,61.25,59.970001220703125,61.04999923706055,58.11425018310547,11976800.0
2025-03-25,BMY,61.209999084472656,61.4900016784668,59.18000030517578,59.189998626708984,56.343692779541016,10969100.0
2025-03-26,BMY,59.31999969482422,59.689998626708984,58.529998779296875,59.209999084472656,56.36273193359375,11579500.0
2025-03-27,BMY,59.18000030517578,59.560001373291016,58.77000045776367,58.900001525878906,56.0676383972168,8751200.0
2025-03-28,BMY,59.400001525878906,60.11000061035156,58.22999954223633,60.02000045776367,57.13378143310547,10791600.0
2025-03-31,BMY,59.79999923706055,61.63999938964844,59.369998931884766,60.9900016784668,58.05713653564453,11615900.0
2025-04-01,BMY,60.77000045776367,61.099998474121094,59.2400016784668,59.54999923706055,56.68638229370117,9623800.0
2025-04-02,BMY,59.810001373291016,60.2400016784668,59.15999984741211,59.599998474121094,56.733978271484375,8310000.0
2025-04-03,BMY,60.599998474121094,60.79999923706055,57.65999984741211,57.81999969482422,55.039573669433594,13246900.0
2025-04-04,BMY,56.81999969482422,57.16999816894531,54.720001220703125,55.29999923706055,53.211334228515625,14657900.0
2025-04-07,BMY,53.900001525878906,55.29999923706055,52.689998626708984,55.189998626708984,53.10548782348633,16820500.0
2025-04-08,BMY,55.16999816894531,55.77000045776367,52.15999984741211,53.06999969482422,51.0655632019043,16335100.0
2025-04-09,BMY,51.20000076293945,54.04999923706055,49.91999816894531,53.7400016784668,51.71025848388672,24323900.0
2025-04-10,BMY,53.33000183105469,53.41999816894531,48.81999969482422,50.459999084472656,48.55413818359375,23973300.0
2025-04-11,BMY,50.470001220703125,51.0099983215332,49.290000915527344,50.709999084472656,48.794700622558594,13411300.0
2025-04-14,BMY,51.529998779296875,51.599998474121094,50.54999923706055,51.34000015258789,49.40090560913086,14310300.0
2025-04-15,BMY,51.220001220703125,51.5,49.66999816894531,50.0,48.11151123046875,15684400.0
2025-04-16,BMY,50.099998474121094,50.400001525878906,48.84000015258789,49.36000061035156,47.495689392089844,14991000.0
2025-04-17,BMY,49.18000030517578,50.09000015258789,49.060001373291016,49.22999954223633,47.37059783935547,14244100.0
2025-04-21,BMY,49.349998474121094,49.66999816894531,48.15999984741211,48.939998626708984,47.091548919677734,10338700.0
2025-04-22,BMY,49.310001373291016,50.060001373291016,48.880001068115234,49.81999969482422,47.93831253051758,13376000.0
2025-04-23,BMY,47.630001068115234,49.33000183105469,47.540000915527344,48.529998779296875,46.69703674316406,24036600.0
2025-04-24,BMY,47.939998626708984,48.84000015258789,46.93000030517578,48.689998626708984,46.850990295410156,20579300.0
2025-04-25,BMY,48.869998931884766,48.95000076293945,46.959999084472656,47.900001525878906,46.09083557128906,16298800.0
2025-04-28,BMY,48.310001373291016,48.86000061035156,47.91999816894531,48.459999084472656,46.62968063354492,18574700.0
2025-04-29,BMY,48.33000183105469,49.47999954223633,48.150001525878906,49.220001220703125,47.36097717285156,19932800.0
2025-04-30,BMY,50.189998626708984,50.349998474121094,49.150001525878906,50.20000076293945,48.30396270751953,15951600.0
2025-05-01,BMY,49.56999969482422,50.18000030517578,48.689998626708984,49.61000061035156,47.73624801635742,17163100.0
2025-05-02,BMY,50.11000061035156,50.650001525878906,49.68000030517578,50.56999969482422,48.65998458862305,14167200.0
2025-05-05,BMY,50.470001220703125,50.599998474121094,49.34000015258789,50.060001373291016,48.16925048828125,12394600.0
2025-05-06,BMY,49.7400016784668,49.79999923706055,47.400001525878906,47.56999969482422,45.77329635620117,18517500.0
2025-05-07,BMY,47.779998779296875,48.189998626708984,47.279998779296875,47.619998931884766,45.82140350341797,15921800.0
2025-05-08,BMY,47.0,47.400001525878906,46.52000045776367,46.880001068115234,45.10935592651367,23404000.0
2025-05-09,BMY,46.900001525878906,47.119998931884766,46.31999969482422,46.45000076293945,44.69560241699219,14915400.0
2025-05-12,BMY,46.20000076293945,48.41999816894531,45.5,48.18000030517578,46.36025619506836,25598900.0
2025-05-13,BMY,47.29999923706055,47.630001068115234,46.5099983215332,46.59000015258789,44.83030700683594,16888200.0
2025-05-14,BMY,46.709999084472656,46.86000061035156,44.0,44.119998931884766,42.45359802246094,21973700.0
2025-05-15,BMY,44.70000076293945,45.849998474121094,44.41999816894531,45.810001373291016,44.079769134521484,27844400.0
2025-05-16,BMY,45.9900016784668,46.79999923706055,45.79999923706055,46.75,44.98426818847656,12116100.0
2025-05-19,BMY,46.599998474121094,47.27000045776367,46.38999938964844,47.220001220703125,45.43651580810547,10079100.0
2025-05-20,BMY,47.4900016784668,48.2599983215332,47.470001220703125,47.869998931884766,46.06196594238281,12595000.0
2025-05-21,BMY,47.70000076293945,47.880001068115234,46.93000030517578,47.0,45.22482681274414,11963200.0
2025-05-22,BMY,46.900001525878906,47.27000045776367,46.470001220703125,47.029998779296875,45.253692626953125,11036200.0
2025-05-23,BMY,46.93000030517578,47.15999984741211,46.4900016784668,46.849998474121094,45.08049011230469,8401400.0
2025-05-27,BMY,47.22999954223633,47.36000061035156,46.790000915527344,46.88999938964844,45.118980407714844,12954500.0
2025-05-28,BMY,46.900001525878906,47.20000076293945,46.099998474121094,46.970001220703125,45.195960998535156,12427700.0
2025-05-29,BMY,47.0,47.849998474121094,46.88999938964844,47.849998474121094,46.04271697998047,10490600.0
2025-05-30,BMY,47.869998931884766,48.349998474121094,47.29999923706055,48.279998779296875,46.456478118896484,20759300.0
2025-06-02,BMY,48.5,48.869998931884766,47.81999969482422,48.790000915527344,46.94721603393555,13505600.0
2025-06-03,BMY,48.4900016784668,48.93000030517578,47.650001525878906,48.09000015258789,46.27365493774414,12432700.0
2025-06-04,BMY,48.16999816894531,48.849998474121094,47.95000076293945,47.95000076293945,46.13894271850586,11203100.0
2025-06-05,BMY,48.04999923706055,48.599998474121094,47.72999954223633,47.84000015258789,46.03310012817383,12786000.0
2025-06-06,BMY,48.099998474121094,48.68000030517578,48.09000015258789,48.40999984741211,46.581573486328125,9319900.0
2025-06-09,BMY,48.560001373291016,49.369998931884766,48.54999923706055,49.0,47.14928436279297,9863500.0
2025-06-10,BMY,49.209999084472656,50.630001068115234,49.119998931884766,49.970001220703125,48.08264923095703,11365600.0
2025-06-11,BMY,50.04999923706055,50.7599983215332,49.86000061035156,50.15999984741211,48.26547622680664,11024600.0
2025-06-12,BMY,50.15999984741211,50.7400016784668,49.95000076293945,50.689998626708984,48.77545166015625,9620400.0
2025-06-13,BMY,50.2400016784668,50.459999084472656,49.650001525878906,49.75,47.87095642089844,9499400.0
2025-06-16,BMY,49.33000183105469,49.439998626708984,48.25,48.65999984741211,46.82212448120117,14974400.0
2025-06-17,BMY,48.400001525878906,48.560001373291016,47.15999984741211,47.22999954223633,45.446136474609375,12453800.0
2025-06-18,BMY,47.310001373291016,47.369998931884766,46.38999938964844,46.84000015258789,45.07086944580078,15864200.0
2025-06-20,BMY,46.91999816894531,47.400001525878906,46.720001220703125,46.86000061035156,45.090110778808594,47287200.0
2025-06-23,BMY,46.88999938964844,47.18000030517578,46.31999969482422,46.91999816894531,45.14784622192383,9508300.0
2025-06-24,BMY,47.08000183105469,47.400001525878906,46.709999084472656,47.029998779296875,45.253692626953125,14585000.0
2025-06-25,BMY,47.0,47.0,46.470001220703125,46.68000030517578,44.91691207885742,9013100.0
2025-06-26,BMY,46.900001525878906,47.06999969482422,46.470001220703125,46.650001525878906,44.88804244995117,7325600.0
2025-06-27,BMY,46.83000183105469,46.95000076293945,46.18000030517578,46.349998474121094,44.59937286376953,21865000.0
2025-06-30,BMY,46.40999984741211,46.72999954223633,46.16999816894531,46.290000915527344,44.54164123535156,17511800.0
2025-07-01,BMY,46.2599983215332,48.2599983215332,46.16999816894531,47.5099983215332,45.71556091308594,21112400.0
2025-07-02,BMY,47.59000015258789,48.220001220703125,47.36000061035156,47.630001068115234,45.831031799316406,12299100.0
2025-07-03,BMY,47.209999084472656,47.27000045776367,46.70000076293945,46.91999816894531,45.7432861328125,7024100.0
2025-07-07,BMY,46.86000061035156,46.91999816894531,46.33000183105469,46.4900016784668,45.32406997680664,10687100.0
2025-07-08,BMY,46.650001525878906,47.81999969482422,46.47999954223633,47.040000915527344,45.86027526855469,9837200.0
2025-07-09,BMY,47.20000076293945,47.779998779296875,47.099998474121094,47.65999984741211,46.46472930908203,11949000.0
2025-07-10,BMY,47.45000076293945,48.61000061035156,46.97999954223633,48.52000045776367,47.30316162109375,14727300.0
2025-07-11,BMY,47.75,47.79999923706055,46.720001220703125,46.86000061035156,45.684791564941406,13716400.0
2025-07-14,BMY,46.880001068115234,47.970001220703125,46.880001068115234,47.34000015258789,46.15275573730469,10867500.0
2025-07-15,BMY,47.150001525878906,47.4900016784668,46.18000030517578,46.43000030517578,45.26557540893555,14878700.0
2025-07-16,BMY,46.77000045776367,47.41999816894531,46.650001525878906,47.16999816894531,45.98701477050781,13250500.0
2025-07-17,BMY,46.810001373291016,48.36000061035156,46.810001373291016,48.060001373291016,46.854698181152344,16472000.0
2025-07-18,BMY,48.13999938964844,48.2400016784668,47.2599983215332,47.36000061035156,46.1722526550293,10717000.0
2025-07-21,BMY,47.38999938964844,47.38999938964844,46.56999969482422,46.689998626708984,45.5190544128418,9999300.0
2025-07-22,BMY,46.90999984741211,48.13999938964844,46.849998474121094,48.02000045776367,46.81570053100586,9605500.0
2025-07-23,BMY,48.86000061035156,49.119998931884766,48.36000061035156,48.97999954223633,47.75162124633789,10834300.0
2025-07-24,BMY,49.02000045776367,49.279998779296875,48.709999084472656,48.939998626708984,47.712623596191406,6860600.0
2025-07-25,BMY,49.08000183105469,49.2400016784668,47.290000915527344,48.43000030517578,47.215415954589844,11922000.0
2025-07-28,BMY,48.439998626708984,48.459999084472656,47.34000015258789,47.5099983215332,46.318485260009766,7445600.0
2025-07-29,BMY,47.16999816894531,47.18000030517578,46.369998931884766,46.86000061035156,45.684791564941406,11423400.0
2025-07-30,BMY,47.0,47.2599983215332,45.810001373291016,45.97999954223633,44.82686233520508,14148800.0
2025-07-31,BMY,44.16999816894531,45.5099983215332,42.959999084472656,43.310001373291016,42.22382354736328,44531300.0
2025-08-01,BMY,43.61000061035156,44.459999084472656,43.56999969482422,44.22999954223633,43.120750427246094,18629500.0
2025-08-04,BMY,44.06999969482422,45.5099983215332,43.880001068115234,45.400001525878906,44.261409759521484,14662800.0
2025-08-05,BMY,45.619998931884766,45.900001525878906,45.04999923706055,45.849998474121094,44.70011901855469,11936900.0
2025-08-06,BMY,45.709999084472656,45.90999984741211,44.7400016784668,44.81999969482422,43.69594955444336,11324200.0
2025-08-07,BMY,44.97999954223633,45.95000076293945,44.75,45.36000061035156,44.222412109375,11841800.0
2025-08-08,BMY,45.41999816894531,46.09000015258789,45.290000915527344,45.95000076293945,44.79761505126953,9988000.0
2025-08-11,BMY,46.040000915527344,46.369998931884766,45.70000076293945,45.93000030517578,44.778114318847656,8664200.0
2025-08-12,BMY,46.09000015258789,46.79999923706055,45.9900016784668,46.54999923706055,45.382568359375,10290800.0
2025-08-13,BMY,46.7400016784668,47.869998931884766,46.349998474121094,47.849998474121094,46.649959564208984,10114400.0
2025-08-14,BMY,47.43000030517578,47.97999954223633,47.0099983215332,47.810001373291016,46.61096954345703,9410200.0
2025-08-15,BMY,48.29999923706055,48.630001068115234,47.93000030517578,48.439998626708984,47.22516632080078,11208000.0
2025-08-18,BMY,48.38999938964844,48.709999084472656,48.08000183105469,48.189998626708984,46.9814338684082,7866300.0
2025-08-19,BMY,48.400001525878906,48.849998474121094,48.16999816894531,48.34000015258789,47.1276741027832,9083800.0
2025-08-20,BMY,48.5,49.58000183105469,48.2400016784668,48.2599983215332,47.049678802490234,9803200.0
2025-08-21,BMY,48.2599983215332,48.91999816894531,48.06999969482422,48.43000030517578,47.215415954589844,8782200.0
2025-08-22,BMY,48.84000015258789,49.11000061035156,47.720001220703125,47.91999816894531,46.718204498291016,11609100.0
2025-08-25,BMY,47.970001220703125,48.150001525878906,46.939998626708984,47.13999938964844,45.957767486572266,10859700.0
2025-08-26,BMY,47.20000076293945,47.400001525878906,46.9900016784668,47.209999084472656,46.0260124206543,12198300.0
2025-08-27,BMY,47.29999923706055,47.84000015258789,47.189998626708984,47.630001068115234,46.435482025146484,8562300.0
2025-08-28,BMY,47.630001068115234,47.650001525878906,46.650001525878906,46.880001068115234,45.704288482666016,7872000.0
2025-08-29,BMY,46.9900016784668,47.36000061035156,46.81999969482422,47.18000030517578,45.996768951416016,10687000.0
2025-09-02,BMY,47.29999923706055,47.86000061035156,47.040000915527344,47.40999984741211,46.22099685668945,9510300.0
2025-09-03,BMY,47.31999969482422,48.5099983215332,47.29999923706055,47.5,46.30874252319336,8379900.0
2025-09-04,BMY,47.599998474121094,47.689998626708984,46.310001373291016,46.689998626708984,45.5190544128418,10633100.0
2025-09-05,BMY,46.720001220703125,47.16999816894531,46.5,47.13999938964844,45.957767486572266,8227300.0
2025-09-08,BMY,46.650001525878906,46.810001373291016,45.849998474121094,46.720001220703125,45.548301696777344,10005600.0
2025-09-09,BMY,46.7400016784668,47.52000045776367,46.72999954223633,47.22999954223633,46.04551315307617,7891000.0
2025-09-10,BMY,47.0,47.439998626708984,46.779998779296875,47.150001525878906,45.9675178527832,8513400.0
2025-09-11,BMY,47.380001068115234,48.189998626708984,47.220001220703125,47.540000915527344,46.34773635864258,9875800.0
2025-09-12,BMY,47.41999816894531,47.900001525878906,46.189998626708984,46.20000076293945,45.041343688964844,11896400.0
2025-09-15,BMY,46.31999969482422,46.72999954223633,46.0,46.349998474121094,45.18758010864258,9669100.0
2025-09-16,BMY,46.04999923706055,46.84000015258789,46.040000915527344,46.34000015258789,45.177833557128906,9050600.0
2025-09-17,BMY,46.2400016784668,46.79999923706055,46.0099983215332,46.150001525878906,44.99259948730469,14352600.0
2025-09-18,BMY,46.099998474121094,46.31999969482422,45.52000045776367,45.599998474121094,44.456390380859375,18963900.0
2025-09-19,BMY,45.68000030517578,45.93000030517578,45.0,45.02000045776367,43.89093780517578,28356200.0
2025-09-22,BMY,45.029998779296875,45.540000915527344,44.959999084472656,44.97999954223633,43.85193634033203,11546000.0
2025-09-23,BMY,44.91999816894531,45.59000015258789,44.709999084472656,44.90999984741211,43.783695220947266,16358100.0
2025-09-24,BMY,44.75,44.86000061035156,44.04999923706055,44.15999984741211,43.05250549316406,19374200.0
2025-09-25,BMY,44.18000030517578,44.459999084472656,43.189998626708984,43.40999984741211,42.321311950683594,21345600.0
2025-09-26,BMY,43.959999084472656,44.13999938964844,43.25,44.119998931884766,43.01350784301758,14999600.0
2025-09-29,BMY,44.0,44.68000030517578,43.790000915527344,44.150001525878906,43.04275894165039,20722400.0
2025-09-30,BMY,44.18000030517578,45.529998779296875,44.119998931884766,45.099998474121094,43.968929290771484,35920400.0
2025-10-01,BMY,46.0,48.58000183105469,45.63999938964844,47.43000030517578,46.24049377441406,36615400.0
2025-10-02,BMY,47.09000015258789,47.40999984741211,45.65999984741211,45.72999954223633,44.5831298828125,27612200.0
2025-10-03,BMY,45.20000076293945,46.18000030517578,44.65999984741211,45.45000076293945,44.919158935546875,17894000.0
2025-10-06,BMY,45.349998474121094,45.90999984741211,44.869998931884766,45.13999938964844,44.6127815246582,19162500.0
2025-10-07,BMY,45.029998779296875,45.16999816894531,44.25,44.65999984741211,44.13838577270508,13018100.0
2025-10-08,BMY,44.7400016784668,44.900001525878906,44.459999084472656,44.540000915527344,44.01979064941406,10822900.0
2025-10-09,BMY,44.81999969482422,45.189998626708984,44.529998779296875,44.68000030517578,44.15815353393555,13379400.0
2025-10-10,BMY,44.779998779296875,44.779998779296875,43.77000045776367,43.959999084472656,43.44655990600586,14024900.0
2025-10-13,BMY,43.68000030517578,44.22999954223633,43.290000915527344,43.540000915527344,43.03146743774414,15509100.0
2025-10-14,BMY,43.43000030517578,43.900001525878906,43.27000045776367,43.79999923706055,43.288429260253906,16805600.0
2025-10-15,BMY,43.779998779296875,44.2400016784668,43.400001525878906,43.61000061035156,43.100650787353516,11941500.0
2025-10-16,BMY,43.72999954223633,43.93000030517578,43.220001220703125,43.38999938964844,42.88322067260742,12922100.0
2025-10-17,BMY,43.279998779296875,43.65999984741211,43.11000061035156,43.630001068115234,43.120418548583984,13966200.0
2025-10-20,BMY,43.65999984741211,43.97999954223633,43.5099983215332,43.59000015258789,43.08088302612305,11511500.0
2025-10-21,BMY,43.599998474121094,44.58000183105469,43.34000015258789,44.540000915527344,44.01979064941406,16468500.0
2025-10-22,BMY,44.59000015258789,45.22999954223633,44.33000183105469,44.38999938964844,43.87154006958008,14316500.0
2025-10-23,BMY,44.349998474121094,44.349998474121094,43.52000045776367,43.83000183105469,43.31808090209961,15379100.0
2025-10-24,BMY,43.93000030517578,43.939998626708984,43.58000183105469,43.83000183105469,43.31808090209961,10105900.0
2025-10-27,BMY,43.81999969482422,43.81999969482422,43.209999084472656,43.38999938964844,42.88322067260742,21380700.0
2025-10-28,BMY,43.38999938964844,43.38999938964844,42.75,42.81999969482422,42.31987762451172,17960600.0
2025-10-29,BMY,42.81999969482422,43.150001525878906,42.52000045776367,42.599998474121094,42.10244369506836,16147100.0
2025-10-30,BMY,43.27000045776367,45.81999969482422,43.20000076293945,45.619998931884766,45.08717346191406,41931600.0
2025-10-31,BMY,45.470001220703125,46.5,45.20000076293945,46.06999969482422,45.531917572021484,21482900.0
2025-11-03,BMY,46.20000076293945,46.65999984741211,45.5099983215332,46.02000045776367,45.48250198364258,20374700.0
2025-11-04,BMY,45.4900016784668,46.599998474121094,45.380001068115234,45.59000015258789,45.057525634765625,16316800.0
2025-11-05,BMY,45.54999923706055,46.630001068115234,45.43000030517578,46.470001220703125,45.92724609375,11730700.0
2025-11-06,BMY,46.40999984741211,47.0,45.959999084472656,46.630001068115234,46.08538055419922,11591200.0
2025-11-07,BMY,46.720001220703125,46.9900016784668,46.31999969482422,46.689998626708984,46.144676208496094,9007500.0
2025-11-10,BMY,46.66999816894531,47.400001525878906,46.66999816894531,47.2599983215332,46.7080192565918,10739300.0
2025-11-11,BMY,47.47999954223633,48.7400016784668,47.45000076293945,48.720001220703125,48.150970458984375,14446000.0
2025-11-12,BMY,49.0,49.72999954223633,48.720001220703125,49.08000183105469,48.50676345825195,12717200.0
2025-11-13,BMY,49.02000045776367,49.9900016784668,48.47999954223633,48.630001068115234,48.06201934814453,14502600.0
2025-11-14,BMY,48.27000045776367,48.369998931884766,46.119998931884766,46.650001525878906,46.10514450073242,19779300.0
2025-11-17,BMY,46.52000045776367,47.72999954223633,46.52000045776367,46.810001373291016,46.263275146484375,12851600.0
2025-11-18,BMY,46.810001373291016,47.63999938964844,46.7599983215332,47.060001373291016,46.51035690307617,14588800.0
2025-11-19,BMY,47.0,47.0,45.7400016784668,45.790000915527344,45.25518798828125,14825000.0
2025-11-20,BMY,45.900001525878906,46.20000076293945,45.27000045776367,45.939998626708984,45.40343475341797,12137600.0
2025-11-21,BMY,46.16999816894531,46.9900016784668,45.52000045776367,46.25,45.709815979003906,14183500.0
2025-11-24,BMY,48.189998626708984,48.630001068115234,47.58000183105469,47.7599983215332,47.202178955078125,27383800.0
2025-11-25,BMY,48.209999084472656,49.400001525878906,48.099998474121094,49.04999923706055,48.47711181640625,15000000.0
2025-11-26,BMY,49.02000045776367,49.5,48.79999923706055,49.25,48.67477798461914,11373500.0
2025-11-28,BMY,49.22999954223633,49.369998931884766,49.0099983215332,49.20000076293945,48.625362396240234,6187100.0
2025-12-01,BMY,49.22999954223633,49.86000061035156,48.7599983215332,49.18000030517578,48.605594635009766,11772900.0
2025-12-02,BMY,48.95000076293945,49.18000030517578,48.220001220703125,48.25,47.686458587646484,14475700.0
2025-12-03,BMY,49.939998626708984,51.34000015258789,49.43000030517578,50.959999084472656,50.364803314208984,27120100.0
2025-12-04,BMY,50.79999923706055,52.08000183105469,50.22999954223633,51.95000076293945,51.34324264526367,20473100.0
2025-12-05,BMY,51.9900016784668,52.5099983215332,51.689998626708984,52.150001525878906,51.54090881347656,15667700.0
2025-12-08,BMY,52.20000076293945,52.40999984741211,51.65999984741211,51.66999816894531,51.06650924682617,15278700.0
2025-12-09,BMY,51.790000915527344,52.0099983215332,50.41999816894531,50.650001525878906,50.05842590332031,12715400.0
2025-12-10,BMY,50.790000915527344,51.61000061035156,50.33000183105469,51.209999084472656,50.61188507080078,12132400.0
2025-12-11,BMY,51.11000061035156,51.47999954223633,50.439998626708984,51.20000076293945,50.60200119018555,9684200.0
2025-12-12,BMY,52.27000045776367,52.9900016784668,52.0099983215332,52.40999984741211,51.79787063598633,19046700.0
2025-12-15,BMY,53.5,54.79999923706055,53.0099983215332,54.290000915527344,53.655914306640625,21936600.0
2025-12-16,BMY,54.25,54.720001220703125,53.400001525878906,54.22999954223633,53.59661102294922,18038400.0
2025-12-17,BMY,54.06999969482422,54.4900016784668,53.5,53.54999923706055,52.92455291748047,14990500.0
2025-12-18,BMY,53.31999969482422,53.79999923706055,53.09000015258789,53.33000183105469,52.70712661743164,17296500.0
2025-12-19,BMY,53.40999984741211,54.86000061035156,53.290000915527344,54.189998626708984,53.55707931518555,40404100.0
2025-12-22,BMY,54.13999938964844,54.81999969482422,54.040000915527344,54.65999984741211,54.02159118652344,25146300.0
2025-12-23,BMY,54.65999984741211,54.779998779296875,54.0099983215332,54.279998779296875,53.646026611328125,16579400.0
2025-12-24,BMY,54.40999984741211,54.75,54.20000076293945,54.709999084472656,54.071006774902344,10038100.0
2025-12-26,BMY,54.7599983215332,55.040000915527344,54.380001068115234,54.63999938964844,54.00182342529297,9573000.0
2025-12-29,BMY,54.63999938964844,54.72999954223633,54.0,54.11000061035156,53.4780158996582,9162800.0
2025-12-30,BMY,54.20000076293945,54.349998474121094,53.91999816894531,54.209999084472656,53.576847076416016,7914000.0
