Date,Ticker,Open,High,Low,Close,Adj Close,Volume
2015-01-02,COP,68.5,69.4800033569336,68.2300033569336,68.91999816894531,48.2901496887207,5701800.0
2015-01-05,COP,67.70999908447266,67.9800033569336,65.43000030517578,65.63999938964844,45.991943359375,10938900.0
2015-01-06,COP,65.29000091552734,66.5999984741211,62.880001068115234,62.93000030517578,44.09313201904297,18054700.0
2015-01-07,COP,64.01000213623047,64.2300033569336,62.849998474121094,63.349998474121094,44.387420654296875,12350500.0
2015-01-08,COP,64.8499984741211,65.48999786376953,63.900001525878906,64.93000030517578,45.49447250366211,10348300.0
2015-01-09,COP,64.94000244140625,65.33999633789062,64.01000213623047,64.91999816894531,45.487464904785156,7984100.0
2015-01-12,COP,64.1500015258789,64.2699966430664,62.61000061035156,63.06999969482422,44.19123458862305,8317100.0
2015-01-13,COP,63.189998626708984,63.83000183105469,61.5099983215332,62.439998626708984,43.749813079833984,10240900.0
2015-01-14,COP,61.81999969482422,62.779998779296875,60.849998474121094,62.619998931884766,43.87593078613281,10005400.0
2015-01-15,COP,63.61000061035156,63.869998931884766,61.380001068115234,61.40999984741211,43.02811813354492,9994000.0
2015-01-16,COP,61.75,63.47999954223633,61.47999954223633,63.08000183105469,44.198238372802734,10031400.0
2015-01-20,COP,62.810001373291016,63.279998779296875,61.7599983215332,63.189998626708984,44.275299072265625,6890500.0
2015-01-21,COP,63.88999938964844,64.77999877929688,63.22999954223633,64.54000091552734,45.22121047973633,7979700.0
2015-01-22,COP,65.0999984741211,65.58000183105469,64.0,65.30000305175781,45.75373458862305,8759500.0
2015-01-23,COP,65.3499984741211,65.70999908447266,64.63999938964844,64.6500015258789,45.29827880859375,6392900.0
2015-01-26,COP,64.88999938964844,66.0,63.88999938964844,65.81999969482422,46.11806106567383,5861100.0
2015-01-27,COP,65.29000091552734,66.1500015258789,65.05999755859375,65.54000091552734,45.92189025878906,5939900.0
2015-01-28,COP,65.26000213623047,65.44999694824219,62.5,62.58000183105469,43.847900390625,8679300.0
2015-01-29,COP,63.18000030517578,63.58000183105469,60.63999938964844,62.81999969482422,44.01606750488281,11360100.0
2015-01-30,COP,62.22999954223633,63.810001373291016,61.150001525878906,62.97999954223633,44.12816619873047,10524300.0
2015-02-02,COP,64.47000122070312,65.77999877929688,63.40999984741211,65.7699966430664,46.08303451538086,10075800.0
2015-02-03,COP,66.93000030517578,67.95999908447266,66.51000213623047,67.73999786376953,47.46335983276367,15631700.0
2015-02-04,COP,66.62000274658203,66.66000366210938,65.23999786376953,65.87000274658203,46.15309143066406,12243300.0
2015-02-05,COP,67.0199966430664,67.58999633789062,66.29000091552734,67.56999969482422,47.34423828125,8707900.0
2015-02-06,COP,68.23999786376953,68.37999725341797,67.18000030517578,67.48999786376953,47.28817367553711,7653100.0
2015-02-09,COP,67.97000122070312,68.61000061035156,67.63999938964844,67.8499984741211,47.5404167175293,8070600.0
2015-02-10,COP,67.86000061035156,68.11000061035156,66.5,67.98999786376953,47.63850784301758,7876600.0
2015-02-11,COP,67.2300033569336,68.47000122070312,66.80000305175781,67.87999725341797,47.56144714355469,8365400.0
2015-02-12,COP,68.23999786376953,68.8499984741211,67.62000274658203,68.04000091552734,48.19182205200195,8642800.0
2015-02-13,COP,68.83000183105469,70.11000061035156,68.69999694824219,69.87999725341797,49.49508285522461,8419200.0
2015-02-17,COP,69.1500015258789,69.97000122070312,68.5199966430664,69.47000122070312,49.20467758178711,7652700.0
2015-02-18,COP,68.02999877929688,69.05999755859375,67.61000061035156,67.7300033569336,47.972251892089844,8932600.0
2015-02-19,COP,66.05999755859375,67.8499984741211,65.41999816894531,67.41999816894531,47.752681732177734,9022600.0
2015-02-20,COP,67.19000244140625,67.41999816894531,66.33000183105469,67.37999725341797,47.72434997558594,8781600.0
2015-02-23,COP,66.68000030517578,67.54000091552734,66.51000213623047,66.91999816894531,47.39854049682617,6072800.0
2015-02-24,COP,67.47000122070312,67.4800033569336,66.76000213623047,67.08999633789062,47.51894760131836,4867500.0
2015-02-25,COP,67.47000122070312,67.83999633789062,66.95999908447266,67.52999877929688,47.83060836791992,6151800.0
2015-02-26,COP,66.88999938964844,66.88999938964844,65.58999633789062,65.8499984741211,46.64067840576172,7837000.0
2015-02-27,COP,66.0,66.0999984741211,65.12999725341797,65.19999694824219,46.18028259277344,6963500.0
2015-03-02,COP,65.19999694824219,65.36000061035156,63.83000183105469,64.4000015258789,45.61366271972656,8059200.0
2015-03-03,COP,64.36000061035156,65.2699966430664,64.2699966430664,64.77999877929688,45.882816314697266,5424700.0
2015-03-04,COP,64.79000091552734,64.79000091552734,63.66999816894531,64.25,45.50743103027344,5487100.0
2015-03-05,COP,64.01000213623047,64.08000183105469,63.33000183105469,63.33000183105469,44.855804443359375,5987600.0
2015-03-06,COP,63.0,63.68000030517578,62.66999816894531,62.790000915527344,44.47332000732422,6732800.0
2015-03-09,COP,62.77000045776367,63.34000015258789,61.970001220703125,61.970001220703125,43.89253616333008,6492800.0
2015-03-10,COP,60.9900016784668,61.720001220703125,60.689998626708984,60.869998931884766,43.113407135009766,8922400.0
2015-03-11,COP,60.95000076293945,61.869998931884766,60.810001373291016,61.29999923706055,43.41797637939453,6341200.0
2015-03-12,COP,61.58000183105469,61.90999984741211,61.31999969482422,61.36000061035156,43.460472106933594,5520900.0
2015-03-13,COP,60.7599983215332,61.79999923706055,60.56999969482422,61.63999938964844,43.658790588378906,8255800.0
2015-03-16,COP,61.209999084472656,62.459999084472656,60.83000183105469,62.400001525878906,44.19709014892578,6318000.0
2015-03-17,COP,62.0099983215332,62.4900016784668,61.380001068115234,62.0099983215332,43.920860290527344,6488900.0
2015-03-18,COP,61.540000915527344,64.30999755859375,61.5099983215332,63.63999938964844,45.07535934448242,9536300.0
2015-03-19,COP,62.779998779296875,63.310001373291016,62.45000076293945,62.7599983215332,44.45206832885742,7907100.0
2015-03-20,COP,63.150001525878906,64.12000274658203,63.0,63.84000015258789,45.21702575683594,10059900.0
2015-03-23,COP,64.0,64.18000030517578,63.209999084472656,63.22999954223633,44.784969329833984,7428600.0
2015-03-24,COP,63.45000076293945,63.619998931884766,62.529998779296875,62.54999923706055,44.30332946777344,6377400.0
2015-03-25,COP,63.220001220703125,63.5,62.65999984741211,63.04999923706055,44.65747833251953,7662300.0
2015-03-26,COP,63.95000076293945,64.13999938964844,62.91999816894531,63.2400016784668,44.79205322265625,6889900.0
2015-03-27,COP,62.959999084472656,63.09000015258789,62.459999084472656,62.93000030517578,44.572479248046875,5199100.0
2015-03-30,COP,63.47999954223633,64.1500015258789,63.400001525878906,64.0,45.330345153808594,6027400.0
2015-03-31,COP,63.25,63.470001220703125,62.2400016784668,62.2599983215332,44.097930908203125,9169700.0
2015-04-01,COP,62.709999084472656,63.4900016784668,62.63999938964844,63.02000045776367,44.636226654052734,8939300.0
2015-04-02,COP,62.709999084472656,63.40999984741211,62.56999969482422,63.18000030517578,44.749549865722656,5908200.0
2015-04-06,COP,63.41999816894531,65.87999725341797,63.400001525878906,65.38999938964844,46.31487274169922,10170000.0
2015-04-07,COP,65.26000213623047,66.04000091552734,65.06999969482422,65.79000091552734,46.59817123413086,7177200.0
2015-04-08,COP,66.06999969482422,66.2300033569336,64.80000305175781,64.80999755859375,45.90406036376953,8571600.0
2015-04-09,COP,65.0199966430664,67.45999908447266,64.86000061035156,67.0,47.455223083496094,10984100.0
2015-04-10,COP,67.36000061035156,67.4000015258789,66.38999938964844,66.52999877929688,47.12232971191406,6015900.0
2015-04-13,COP,66.9000015258789,67.41999816894531,66.33000183105469,66.33999633789062,46.987735748291016,5737100.0
2015-04-14,COP,66.81999969482422,68.55000305175781,66.73999786376953,68.36000061035156,48.418487548828125,8917600.0
2015-04-15,COP,68.91000366210938,69.66000366210938,68.5,69.4000015258789,49.155086517333984,7773700.0
2015-04-16,COP,68.98999786376953,69.72000122070312,68.20999908447266,69.01000213623047,48.87886428833008,8395000.0
2015-04-17,COP,68.58999633789062,68.58999633789062,67.18000030517578,67.69000244140625,47.943939208984375,9616700.0
2015-04-20,COP,68.08999633789062,69.25,68.05000305175781,68.61000061035156,48.59552764892578,7846100.0
2015-04-21,COP,68.61000061035156,68.98999786376953,67.6500015258789,68.0199966430664,48.17767333984375,5563400.0
2015-04-22,COP,67.94999694824219,68.13999938964844,67.12999725341797,67.87999725341797,48.07850646972656,4480200.0
2015-04-23,COP,68.26000213623047,68.87999725341797,68.01000213623047,68.26000213623047,48.34764862060547,4627500.0
2015-04-24,COP,67.8499984741211,67.87000274658203,67.02999877929688,67.51000213623047,47.81644058227539,6275700.0
2015-04-27,COP,67.77999877929688,67.97000122070312,67.0,67.05999755859375,47.497711181640625,4427900.0
2015-04-28,COP,67.19999694824219,67.76000213623047,67.01000213623047,67.73999786376953,47.97934341430664,4265700.0
2015-04-29,COP,67.41999816894531,68.30999755859375,67.22000122070312,68.05999755859375,48.20599365234375,6038400.0
2015-04-30,COP,69.0199966430664,69.02999877929688,67.66000366210938,67.91999816894531,48.1068229675293,7365700.0
2015-05-01,COP,67.73999786376953,67.9800033569336,66.97000122070312,67.44000244140625,47.766868591308594,5974400.0
2015-05-04,COP,67.41000366210938,67.62000274658203,66.69999694824219,67.0199966430664,47.46938705444336,6638100.0
2015-05-05,COP,67.44000244140625,68.36000061035156,66.9800033569336,67.19999694824219,47.59686279296875,9142900.0
2015-05-06,COP,67.95999908447266,68.16999816894531,66.79000091552734,67.2300033569336,47.61812210083008,7089600.0
2015-05-07,COP,67.52999877929688,67.52999877929688,66.0999984741211,66.62000274658203,47.18606185913086,6298900.0
2015-05-08,COP,67.13999938964844,67.37000274658203,66.36000061035156,67.16999816894531,47.57561492919922,5961200.0
2015-05-11,COP,67.12000274658203,67.19999694824219,65.11000061035156,65.27999877929688,46.23695373535156,7261800.0
2015-05-12,COP,65.29000091552734,65.6500015258789,65.05000305175781,65.4000015258789,46.32194137573242,4719700.0
2015-05-13,COP,65.80000305175781,66.02999877929688,65.1500015258789,65.38999938964844,46.31487274169922,5424500.0
2015-05-14,COP,65.54000091552734,66.11000061035156,65.33000183105469,65.41999816894531,46.33610153198242,4345300.0
2015-05-15,COP,65.25,66.05999755859375,65.05999755859375,65.76000213623047,46.576927185058594,4728800.0
2015-05-18,COP,65.75,66.22000122070312,65.18000030517578,66.04000091552734,46.77526092529297,5158600.0
2015-05-19,COP,65.75,65.75,65.11000061035156,65.12000274658203,46.12363052368164,7946000.0
2015-05-20,COP,64.75,64.94999694824219,64.12000274658203,64.77999877929688,46.40298843383789,4837600.0
2015-05-21,COP,65.12999725341797,65.75,64.87000274658203,65.58000183105469,46.97605895996094,6049900.0
2015-05-22,COP,65.04000091552734,65.66000366210938,64.9000015258789,65.11000061035156,46.639373779296875,3804900.0
2015-05-26,COP,64.56999969482422,64.81999969482422,63.5,63.84000015258789,45.72966384887695,6128800.0
2015-05-27,COP,63.939998626708984,64.98999786376953,63.70000076293945,63.81999969482422,45.71531677246094,6754900.0
2015-05-28,COP,63.529998779296875,63.95000076293945,63.11000061035156,63.86000061035156,45.74397277832031,5192500.0
2015-05-29,COP,63.70000076293945,64.08000183105469,63.439998626708984,63.68000030517578,45.615055084228516,5701600.0
2015-06-01,COP,64.45999908447266,64.47000122070312,63.2400016784668,63.61000061035156,45.56489562988281,4140400.0
2015-06-02,COP,63.70000076293945,64.31999969482422,63.40999984741211,64.06999969482422,45.8944091796875,5076800.0
2015-06-03,COP,63.810001373291016,64.29000091552734,63.619998931884766,63.79999923706055,45.700992584228516,5380800.0
2015-06-04,COP,63.40999984741211,63.7400016784668,62.93000030517578,63.0,45.12794876098633,5361700.0
2015-06-05,COP,62.7599983215332,64.22000122070312,62.709999084472656,63.040000915527344,45.15659713745117,5809900.0
2015-06-08,COP,62.91999816894531,63.470001220703125,62.779998779296875,63.43000030517578,45.43597412109375,6630600.0
2015-06-09,COP,63.779998779296875,64.33000183105469,63.060001373291016,63.060001373291016,45.170921325683594,6316900.0
2015-06-10,COP,63.90999984741211,64.23999786376953,63.4900016784668,64.0199966430664,45.85859298706055,4776300.0
2015-06-11,COP,63.970001220703125,64.23999786376953,63.849998474121094,64.02999877929688,45.865760803222656,3890700.0
2015-06-12,COP,63.7599983215332,63.849998474121094,63.130001068115234,63.5099983215332,45.4932746887207,4996900.0
2015-06-15,COP,63.08000183105469,63.63999938964844,62.79999923706055,63.27000045776367,45.321346282958984,4710200.0
2015-06-16,COP,63.439998626708984,63.54999923706055,62.689998626708984,63.43000030517578,45.43597412109375,5310200.0
2015-06-17,COP,63.880001068115234,64.12999725341797,62.709999084472656,63.09000015258789,45.192420959472656,4741000.0
2015-06-18,COP,63.150001525878906,63.5,62.79999923706055,62.93000030517578,45.07780456542969,5413300.0
2015-06-19,COP,62.54999923706055,63.279998779296875,62.130001068115234,62.349998474121094,44.662349700927734,13125900.0
2015-06-22,COP,62.47999954223633,62.970001220703125,62.189998626708984,62.58000183105469,44.82710266113281,4356600.0
2015-06-23,COP,62.68000030517578,63.349998474121094,62.5099983215332,63.16999816894531,45.2497444152832,3643700.0
2015-06-24,COP,63.130001068115234,63.54999923706055,62.83000183105469,62.83000183105469,45.00617599487305,3974800.0
2015-06-25,COP,63.16999816894531,63.16999816894531,62.130001068115234,62.220001220703125,44.569217681884766,4706500.0
2015-06-26,COP,62.150001525878906,62.279998779296875,61.720001220703125,62.18000030517578,44.54056930541992,6684200.0
2015-06-29,COP,61.41999816894531,61.7400016784668,61.0,61.0099983215332,43.70248031616211,5256900.0
2015-06-30,COP,61.529998779296875,61.61000061035156,60.86000061035156,61.40999984741211,43.989009857177734,5356200.0
2015-07-01,COP,61.5099983215332,61.5099983215332,59.689998626708984,60.029998779296875,43.00050354003906,7394100.0
2015-07-02,COP,60.18000030517578,60.77000045776367,60.18000030517578,60.52000045776367,43.35148239135742,6777200.0
2015-07-06,COP,59.52000045776367,59.7599983215332,58.720001220703125,59.060001373291016,42.305660247802734,7553700.0
2015-07-07,COP,58.900001525878906,59.900001525878906,58.2400016784668,59.650001525878906,42.7282829284668,7129800.0
2015-07-08,COP,59.13999938964844,59.720001220703125,58.08000183105469,58.36000061035156,41.80424118041992,5629100.0
2015-07-09,COP,59.650001525878906,59.7599983215332,58.65999984741211,58.66999816894531,42.02629470825195,5436600.0
2015-07-10,COP,59.310001373291016,59.540000915527344,58.66999816894531,59.130001068115234,42.355804443359375,5056900.0
2015-07-13,COP,59.11000061035156,59.20000076293945,58.63999938964844,58.93000030517578,42.212547302246094,4905900.0
2015-07-14,COP,58.75,59.7400016784668,58.689998626708984,59.529998779296875,42.642330169677734,5481000.0
2015-07-15,COP,59.11000061035156,59.54999923706055,58.130001068115234,58.41999816894531,41.84721755981445,5229800.0
2015-07-16,COP,58.61000061035156,58.779998779296875,57.68000030517578,57.95000076293945,41.51055145263672,5322900.0
2015-07-17,COP,57.599998474121094,57.88999938964844,56.650001525878906,57.20000076293945,40.97331619262695,7363800.0
2015-07-20,COP,57.18000030517578,57.20000076293945,56.15999984741211,56.56999969482422,40.52204513549805,8086900.0
2015-07-21,COP,56.7599983215332,57.15999984741211,56.16999816894531,56.4900016784668,40.464717864990234,8424500.0
2015-07-22,COP,56.290000915527344,56.38999938964844,55.66999816894531,55.83000183105469,39.99197006225586,10373300.0
2015-07-23,COP,55.099998474121094,55.310001373291016,53.29999923706055,54.040000915527344,39.22972869873047,12065300.0
2015-07-24,COP,53.95000076293945,53.95000076293945,51.97999954223633,52.09000015258789,37.81412124633789,13241700.0
2015-07-27,COP,51.34000015258789,52.02000045776367,50.540000915527344,50.650001525878906,36.768798828125,14268100.0
2015-07-28,COP,50.939998626708984,52.959999084472656,50.869998931884766,52.2400016784668,37.92303466796875,13384600.0
2015-07-29,COP,52.04999923706055,53.439998626708984,52.0,52.900001525878906,38.402164459228516,11816700.0
2015-07-30,COP,52.9900016784668,53.290000915527344,51.880001068115234,52.06999969482422,37.799625396728516,10081600.0
2015-07-31,COP,51.43000030517578,51.45000076293945,50.25,50.34000015258789,36.543766021728516,12202300.0
2015-08-03,COP,49.79999923706055,50.470001220703125,49.33000183105469,49.709999084472656,36.086421966552734,11241100.0
2015-08-04,COP,49.59000015258789,50.34000015258789,49.59000015258789,49.869998931884766,36.20256423950195,7690600.0
2015-08-05,COP,50.29999923706055,50.849998474121094,49.029998779296875,49.119998931884766,35.658119201660156,8047200.0
2015-08-06,COP,48.88999938964844,50.36000061035156,48.33000183105469,50.279998779296875,36.50019454956055,11641100.0
2015-08-07,COP,50.25,50.650001525878906,48.61000061035156,48.84000015258789,35.45484161376953,10286300.0
2015-08-10,COP,48.88999938964844,50.209999084472656,48.54999923706055,50.20000076293945,36.44211196899414,10574000.0
2015-08-11,COP,49.279998779296875,50.52000045776367,49.060001373291016,50.400001525878906,36.5872917175293,10713600.0
2015-08-12,COP,50.209999084472656,51.880001068115234,50.150001525878906,51.540000915527344,37.414878845214844,13986500.0
2015-08-13,COP,51.0,51.04999923706055,49.86000061035156,50.099998474121094,36.36952590942383,10045500.0
2015-08-14,COP,49.9900016784668,50.290000915527344,49.689998626708984,49.77000045776367,36.12996292114258,7850100.0
2015-08-17,COP,49.47999954223633,49.810001373291016,49.2599983215332,49.560001373291016,35.977508544921875,5807400.0
2015-08-18,COP,49.619998931884766,49.790000915527344,49.130001068115234,49.5099983215332,35.94122314453125,7310200.0
2015-08-19,COP,49.279998779296875,49.279998779296875,47.04999923706055,47.68000030517578,34.61274337768555,14528500.0
2015-08-20,COP,47.45000076293945,48.099998474121094,47.0,47.0,34.11911392211914,10554700.0
2015-08-21,COP,46.65999984741211,47.380001068115234,45.380001068115234,45.38999938964844,32.95036315917969,13905700.0
2015-08-24,COP,41.97999954223633,44.93000030517578,41.099998474121094,42.93000030517578,31.164548873901367,21256700.0
2015-08-25,COP,45.02000045776367,45.02000045776367,42.13999938964844,42.189998626708984,30.627344131469727,15891800.0
2015-08-26,COP,42.93000030517578,43.56999969482422,42.25,43.40999984741211,31.513010025024414,18991000.0
2015-08-27,COP,44.619998931884766,46.529998779296875,44.45000076293945,45.869998931884766,33.298797607421875,19431600.0
2015-08-28,COP,45.560001373291016,48.0,45.560001373291016,46.81999969482422,33.98844528198242,14902000.0
2015-08-31,COP,46.29999923706055,49.31999969482422,45.70000076293945,49.150001525878906,35.67988204956055,17775100.0
2015-09-01,COP,48.16999816894531,48.16999816894531,46.790000915527344,47.75,34.66356658935547,17192400.0
2015-09-02,COP,48.29999923706055,48.65999984741211,47.0,48.189998626708984,34.98298263549805,11265800.0
2015-09-03,COP,48.5,49.869998931884766,47.77000045776367,48.18000030517578,34.97572326660156,9703800.0
2015-09-04,COP,47.209999084472656,47.599998474121094,46.86000061035156,47.20000076293945,34.264305114746094,10520200.0
2015-09-08,COP,48.27000045776367,48.68000030517578,47.150001525878906,48.459999084472656,35.178977966308594,13561500.0
2015-09-09,COP,49.04999923706055,49.70000076293945,47.59000015258789,47.849998474121094,34.736148834228516,16203100.0
2015-09-10,COP,48.0,48.75,47.33000183105469,48.43000030517578,35.15719985961914,8874700.0
2015-09-11,COP,47.7400016784668,47.7599983215332,46.95000076293945,47.36000061035156,34.38045883178711,9270700.0
2015-09-14,COP,47.119998931884766,47.150001525878906,46.34000015258789,46.77000045776367,33.952152252197266,8768800.0
2015-09-15,COP,47.150001525878906,47.790000915527344,47.11000061035156,47.279998779296875,34.32238006591797,6678200.0
2015-09-16,COP,47.709999084472656,49.540000915527344,47.63999938964844,49.470001220703125,35.91217803955078,11354000.0
2015-09-17,COP,49.40999984741211,50.90999984741211,49.060001373291016,50.130001068115234,36.39129638671875,14823600.0
2015-09-18,COP,49.150001525878906,49.52000045776367,47.93000030517578,48.36000061035156,35.10639190673828,12763300.0
2015-09-21,COP,48.849998474121094,49.0,48.13999938964844,48.75,35.38951110839844,7728200.0
2015-09-22,COP,47.72999954223633,49.0,47.61000061035156,48.619998931884766,35.29513168334961,10223400.0
2015-09-23,COP,48.720001220703125,48.97999954223633,47.810001373291016,47.86000061035156,34.74342727661133,6323000.0
2015-09-24,COP,47.5099983215332,48.22999954223633,47.33000183105469,47.7599983215332,34.67082595825195,8185800.0
2015-09-25,COP,48.540000915527344,48.540000915527344,46.91999816894531,47.189998626708984,34.25704574584961,8631400.0
2015-09-28,COP,46.439998626708984,47.04999923706055,45.84000015258789,45.849998474121094,33.28428649902344,8003400.0
2015-09-29,COP,46.279998779296875,46.689998626708984,45.720001220703125,46.56999969482422,33.806949615478516,7978000.0
2015-09-30,COP,46.91999816894531,48.0,46.900001525878906,47.959999084472656,34.816017150878906,8814400.0
2015-10-01,COP,48.689998626708984,49.400001525878906,47.540000915527344,48.15999984741211,34.96119689941406,10430300.0
2015-10-02,COP,47.58000183105469,51.189998626708984,47.560001373291016,51.189998626708984,37.16079330444336,12573500.0
2015-10-05,COP,51.939998626708984,53.130001068115234,51.5099983215332,52.97999954223633,38.46022033691406,12806600.0
2015-10-06,COP,53.18000030517578,55.529998779296875,53.060001373291016,55.13999938964844,40.028255462646484,15414000.0
2015-10-07,COP,55.939998626708984,56.380001068115234,53.84000015258789,55.27000045776367,40.12263488769531,13745300.0
2015-10-08,COP,55.0,56.54999923706055,54.59000015258789,56.279998779296875,40.855831146240234,9496900.0
2015-10-09,COP,56.59000015258789,56.689998626708984,55.209999084472656,56.099998474121094,40.725154876708984,9118800.0
2015-10-12,COP,56.06999969482422,56.099998474121094,54.459999084472656,55.27000045776367,40.12263488769531,7484500.0
2015-10-13,COP,54.779998779296875,55.900001525878906,54.36000061035156,55.040000915527344,39.95566177368164,6214700.0
2015-10-14,COP,55.04999923706055,55.70000076293945,54.88999938964844,55.459999084472656,40.260555267333984,6410200.0
2015-10-15,COP,54.36000061035156,55.279998779296875,53.79999923706055,55.22999954223633,40.63579177856445,7832400.0
2015-10-16,COP,55.689998626708984,55.95000076293945,54.5099983215332,55.22999954223633,40.63579177856445,7317000.0
2015-10-19,COP,54.4900016784668,54.779998779296875,53.47999954223633,53.689998626708984,39.502716064453125,7980700.0
2015-10-20,COP,53.900001525878906,54.25,53.189998626708984,53.540000915527344,39.39236831665039,8553600.0
2015-10-21,COP,53.40999984741211,53.81999969482422,52.900001525878906,52.970001220703125,38.97300720214844,6331400.0
2015-10-22,COP,53.33000183105469,54.7599983215332,53.189998626708984,54.58000183105469,40.15753173828125,7372600.0
2015-10-23,COP,54.29999923706055,54.810001373291016,53.650001525878906,54.61000061035156,40.179622650146484,5907200.0
2015-10-26,COP,54.560001373291016,54.56999969482422,52.939998626708984,52.95000076293945,38.958282470703125,5565200.0
2015-10-27,COP,52.0099983215332,52.130001068115234,50.7400016784668,51.689998626708984,38.031211853027344,7990200.0
2015-10-28,COP,51.75,53.66999816894531,51.58000183105469,53.34000015258789,39.24520492553711,9326000.0
2015-10-29,COP,52.189998626708984,54.54999923706055,51.13999938964844,53.619998931884766,39.451236724853516,9326300.0
2015-10-30,COP,53.93000030517578,54.16999816894531,52.59000015258789,53.349998474121094,39.2525749206543,7544600.0
2015-11-02,COP,53.0,55.25,52.869998931884766,54.939998626708984,40.42241668701172,8140600.0
2015-11-03,COP,55.29999923706055,57.150001525878906,55.15999984741211,56.72999954223633,41.73942565917969,9126400.0
2015-11-04,COP,56.72999954223633,56.79999923706055,55.470001220703125,56.34000015258789,41.452484130859375,8720200.0
2015-11-05,COP,55.880001068115234,57.2400016784668,55.77000045776367,56.279998779296875,41.40834426879883,7232800.0
2015-11-06,COP,55.77000045776367,56.439998626708984,55.0,55.77000045776367,41.03309631347656,6562200.0
2015-11-09,COP,55.630001068115234,56.13999938964844,54.38999938964844,54.63999938964844,40.20168685913086,5615200.0
2015-11-10,COP,54.47999954223633,55.150001525878906,54.0,54.650001525878906,40.20905685424805,5186800.0
2015-11-11,COP,54.52000045776367,54.7400016784668,53.33000183105469,53.439998626708984,39.318790435791016,6977700.0
2015-11-12,COP,52.45000076293945,53.08000183105469,51.79999923706055,51.970001220703125,38.23722839355469,7391100.0
2015-11-13,COP,51.88999938964844,52.11000061035156,51.029998779296875,51.83000183105469,38.13423156738281,6390900.0
2015-11-16,COP,51.900001525878906,54.439998626708984,51.59000015258789,54.369998931884766,40.00304412841797,8294200.0
2015-11-17,COP,54.150001525878906,54.689998626708984,53.45000076293945,53.900001525878906,39.65724563598633,6222900.0
2015-11-18,COP,54.439998626708984,55.06999969482422,53.439998626708984,54.47999954223633,40.08397674560547,4918700.0
2015-11-19,COP,54.189998626708984,54.470001220703125,53.18000030517578,53.560001373291016,39.40709686279297,6315700.0
2015-11-20,COP,53.619998931884766,54.04999923706055,52.63999938964844,52.93000030517578,38.94356155395508,5729300.0
2015-11-23,COP,52.790000915527344,53.77000045776367,52.470001220703125,53.279998779296875,39.201072692871094,5609900.0
2015-11-24,COP,53.459999084472656,55.61000061035156,53.380001068115234,55.31999969482422,40.70201873779297,8209400.0
2015-11-25,COP,54.9900016784668,55.08000183105469,54.31999969482422,54.380001068115234,40.010406494140625,5144100.0
2015-11-27,COP,53.83000183105469,54.09000015258789,53.25,53.47999954223633,39.34821319580078,2786000.0
2015-11-30,COP,53.5099983215332,54.4900016784668,53.349998474121094,54.04999923706055,39.7675895690918,8738300.0
2015-12-01,COP,54.459999084472656,54.75,53.900001525878906,54.61000061035156,40.179622650146484,7704100.0
2015-12-02,COP,54.209999084472656,54.56999969482422,52.18000030517578,52.54999923706055,38.66396713256836,10649300.0
2015-12-03,COP,52.810001373291016,52.97999954223633,51.47999954223633,51.61000061035156,37.972354888916016,10673000.0
2015-12-04,COP,50.84000015258789,51.4900016784668,50.15999984741211,51.189998626708984,37.663333892822266,9393900.0
2015-12-07,COP,49.72999954223633,50.290000915527344,48.15999984741211,48.9900016784668,36.044681549072266,11541400.0
2015-12-08,COP,47.650001525878906,49.150001525878906,46.880001068115234,48.29999923706055,35.537010192871094,8723000.0
2015-12-09,COP,48.349998474121094,49.7400016784668,47.75,48.470001220703125,35.662086486816406,9891000.0
2015-12-10,COP,48.22999954223633,49.95000076293945,48.0099983215332,49.220001220703125,36.21389389038086,11059900.0
2015-12-11,COP,48.25,48.45000076293945,46.810001373291016,48.130001068115234,35.411930084228516,14658400.0
2015-12-14,COP,47.58000183105469,50.13999938964844,47.400001525878906,49.529998779296875,36.44198226928711,14173900.0
2015-12-15,COP,50.349998474121094,51.060001373291016,50.13999938964844,50.560001373291016,37.1998176574707,10759900.0
2015-12-16,COP,50.29999923706055,50.84000015258789,49.119998931884766,49.349998474121094,36.3095588684082,11438900.0
2015-12-17,COP,49.369998931884766,49.459999084472656,46.91999816894531,47.279998779296875,34.78654098510742,12951100.0
2015-12-18,COP,47.04999923706055,47.58000183105469,45.7599983215332,45.93000030517578,33.793270111083984,16525400.0
2015-12-21,COP,46.029998779296875,46.150001525878906,44.560001373291016,45.099998474121094,33.182579040527344,10873300.0
2015-12-22,COP,45.18000030517578,46.560001373291016,44.90999984741211,46.279998779296875,34.05078125,10361500.0
2015-12-23,COP,47.290000915527344,49.06999969482422,47.27000045776367,49.029998779296875,36.07410430908203,9806900.0
2015-12-24,COP,49.040000915527344,49.209999084472656,48.060001373291016,48.59000015258789,35.7503776550293,3262100.0
2015-12-28,COP,47.61000061035156,47.790000915527344,46.939998626708984,47.189998626708984,34.72031021118164,8786600.0
2015-12-29,COP,48.22999954223633,48.369998931884766,47.20000076293945,47.77000045776367,35.14706039428711,6285300.0
2015-12-30,COP,46.939998626708984,47.7400016784668,46.540000915527344,46.599998474121094,34.286216735839844,6605100.0
2015-12-31,COP,46.060001373291016,47.20000076293945,45.880001068115234,46.689998626708984,34.352439880371094,6681700.0
2016-01-04,COP,46.40999984741211,47.77000045776367,46.08000183105469,46.880001068115234,34.49222946166992,8918000.0
2016-01-05,COP,46.66999816894531,47.52000045776367,45.9900016784668,47.400001525878906,34.87483596801758,7012400.0
2016-01-06,COP,46.099998474121094,46.31999969482422,45.040000915527344,45.349998474121094,33.36653518676758,10995600.0
2016-01-07,COP,44.7400016784668,45.619998931884766,43.91999816894531,44.060001373291016,32.417388916015625,10844000.0
2016-01-08,COP,44.18000030517578,44.59000015258789,42.869998931884766,43.290000915527344,31.850868225097656,9118800.0
2016-01-11,COP,43.31999969482422,43.619998931884766,40.599998474121094,41.119998931884766,30.254274368286133,17258800.0
2016-01-12,COP,41.869998931884766,42.040000915527344,39.130001068115234,40.25,29.614171981811523,16782900.0
2016-01-13,COP,40.75,41.790000915527344,38.869998931884766,39.0,28.694480895996094,19016500.0
2016-01-14,COP,39.209999084472656,41.83000183105469,38.65999984741211,41.25,30.349925994873047,18244800.0
2016-01-15,COP,39.34000015258789,40.45000076293945,38.36000061035156,39.36000061035156,28.959352493286133,19118600.0
2016-01-19,COP,39.7400016784668,39.88999938964844,35.599998474121094,36.400001525878906,26.78150749206543,20838200.0
2016-01-20,COP,35.540000915527344,35.61000061035156,32.709999084472656,34.75,25.567514419555664,31382700.0
2016-01-21,COP,34.869998931884766,37.34000015258789,34.63999938964844,36.90999984741211,27.156742095947266,19576200.0
2016-01-22,COP,38.209999084472656,39.56999969482422,36.7400016784668,37.66999816894531,27.715927124023438,18558700.0
2016-01-25,COP,36.79999923706055,37.47999954223633,34.189998626708984,34.20000076293945,25.16284942626953,19646800.0
2016-01-26,COP,35.06999969482422,35.90999984741211,33.439998626708984,35.349998474121094,26.008974075317383,28696200.0
2016-01-27,COP,34.91999816894531,37.72999954223633,34.18000030517578,36.209999084472656,26.6417179107666,22071800.0
2016-01-28,COP,37.91999816894531,39.43000030517578,37.08000183105469,38.02000045776367,27.973430633544922,16876200.0
2016-01-29,COP,38.09000015258789,39.27000045776367,37.52000045776367,39.08000183105469,28.753339767456055,18712600.0
2016-02-01,COP,38.2400016784668,38.97999954223633,37.61000061035156,38.599998474121094,28.400178909301758,12782800.0
2016-02-02,COP,37.61000061035156,38.18000030517578,36.439998626708984,36.59000015258789,26.92130470275879,15918800.0
2016-02-03,COP,37.59000015258789,38.72999954223633,35.59000015258789,38.630001068115234,28.422250747680664,19847700.0
2016-02-04,COP,38.5,39.0,35.02000045776367,35.31999969482422,25.98690414428711,49188200.0
2016-02-05,COP,34.02000045776367,34.40999984741211,31.59000015258789,32.900001525878906,24.206371307373047,46173200.0
2016-02-08,COP,31.950000762939453,34.5,31.68000030517578,34.43000030517578,25.332069396972656,21946200.0
2016-02-09,COP,33.220001220703125,34.15999984741211,32.70000076293945,33.58000183105469,24.706676483154297,20405400.0
2016-02-10,COP,33.290000915527344,34.380001068115234,32.060001373291016,32.34000015258789,23.794347763061523,16643400.0
2016-02-11,COP,31.229999542236328,32.380001068115234,31.049999237060547,31.8799991607666,23.638626098632812,20843100.0
2016-02-12,COP,32.290000915527344,33.349998474121094,31.899999618530273,32.900001525878906,24.39494514465332,14965400.0
2016-02-16,COP,33.4900016784668,33.70000076293945,32.54999923706055,32.7599983215332,24.2911434173584,12851700.0
2016-02-17,COP,33.29999923706055,34.38999938964844,33.029998779296875,33.90999984741211,25.14385223388672,18316600.0
2016-02-18,COP,34.47999954223633,34.5099983215332,33.439998626708984,33.70000076293945,24.988142013549805,16898700.0
2016-02-19,COP,33.150001525878906,33.279998779296875,32.09000015258789,32.869998931884766,24.37270736694336,14644000.0
2016-02-22,COP,32.869998931884766,34.70000076293945,32.869998931884766,34.45000076293945,25.544261932373047,11544000.0
2016-02-23,COP,33.91999816894531,34.61000061035156,32.90999984741211,32.91999816894531,24.409774780273438,9719600.0
2016-02-24,COP,32.099998474121094,33.040000915527344,31.81999969482422,32.959999084472656,24.439437866210938,10965300.0
2016-02-25,COP,33.06999969482422,33.349998474121094,31.969999313354492,33.060001373291016,24.51358985900879,10323200.0
2016-02-26,COP,33.86000061035156,34.810001373291016,33.81999969482422,34.119998931884766,25.299560546875,11003000.0
2016-02-29,COP,34.56999969482422,34.59000015258789,33.58000183105469,33.83000183105469,25.08452796936035,10521700.0
2016-03-01,COP,34.06999969482422,34.75,33.34000015258789,34.459999084472656,25.55167007446289,11581000.0
2016-03-02,COP,34.279998779296875,36.5099983215332,34.099998474121094,36.4900016784668,27.056900024414062,16943700.0
2016-03-03,COP,36.5,38.810001373291016,36.31999969482422,38.560001373291016,28.59175682067871,20248700.0
2016-03-04,COP,38.91999816894531,41.68000030517578,38.79999923706055,41.119998931884766,30.489965438842773,24819100.0
2016-03-07,COP,41.25,42.45000076293945,40.900001525878906,41.400001525878906,30.697601318359375,17548300.0
2016-03-08,COP,41.20000076293945,41.25,38.560001373291016,38.619998931884766,28.636259078979492,14129300.0
2016-03-09,COP,39.349998474121094,39.720001220703125,38.380001068115234,39.04999923706055,28.955106735229492,13347800.0
2016-03-10,COP,38.869998931884766,39.13999938964844,38.36000061035156,39.029998779296875,28.940269470214844,10860100.0
2016-03-11,COP,39.79999923706055,40.65999984741211,39.72999954223633,40.52000045776367,30.045085906982422,13656300.0
2016-03-14,COP,39.70000076293945,40.459999084472656,39.38999938964844,40.0099983215332,29.66691780090332,9316700.0
2016-03-15,COP,39.209999084472656,39.849998474121094,38.81999969482422,39.83000183105469,29.53345489501953,7838800.0
2016-03-16,COP,40.2400016784668,41.970001220703125,40.18000030517578,41.869998931884766,31.046098709106445,10151400.0
2016-03-17,COP,42.400001525878906,43.779998779296875,42.189998626708984,43.0099983215332,31.891387939453125,12435000.0
2016-03-18,COP,43.59000015258789,44.400001525878906,42.45000076293945,43.02000045776367,31.898794174194336,20946200.0
2016-03-21,COP,42.72999954223633,43.40999984741211,42.15999984741211,42.58000183105469,31.572555541992188,8409600.0
2016-03-22,COP,42.25,42.779998779296875,41.90999984741211,41.91999816894531,31.08316993713379,8245300.0
2016-03-23,COP,41.290000915527344,41.68000030517578,39.810001373291016,39.849998474121094,29.548282623291016,11232700.0
2016-03-24,COP,38.93000030517578,40.099998474121094,38.529998779296875,40.040000915527344,29.689167022705078,9218300.0
2016-03-28,COP,40.099998474121094,40.150001525878906,39.02000045776367,39.68000030517578,29.422245025634766,6647600.0
2016-03-29,COP,39.02000045776367,39.72999954223633,38.560001373291016,39.619998931884766,29.377742767333984,8115800.0
2016-03-30,COP,40.47999954223633,40.7599983215332,39.56999969482422,40.08000183105469,29.718833923339844,7777000.0
2016-03-31,COP,39.959999084472656,40.540000915527344,39.70000076293945,40.27000045776367,29.85971450805664,9353100.0
2016-04-01,COP,39.38999938964844,39.91999816894531,38.790000915527344,39.779998779296875,29.496374130249023,9090500.0
2016-04-04,COP,39.790000915527344,40.34000015258789,38.97999954223633,39.099998474121094,28.99216079711914,8663000.0
2016-04-05,COP,38.75,39.290000915527344,38.189998626708984,39.040000915527344,28.947690963745117,7838100.0
2016-04-06,COP,39.400001525878906,40.97999954223633,39.16999816894531,40.75,30.21562957763672,9816800.0
2016-04-07,COP,40.43000030517578,41.029998779296875,39.7400016784668,40.310001373291016,29.889368057250977,7117600.0
2016-04-08,COP,41.619998931884766,41.88999938964844,40.93000030517578,41.22999954223633,30.571535110473633,8081300.0
2016-04-11,COP,41.43000030517578,41.97999954223633,41.150001525878906,41.189998626708984,30.54188346862793,7177800.0
2016-04-12,COP,41.56999969482422,43.83000183105469,41.36000061035156,43.470001220703125,32.232479095458984,10651800.0
2016-04-13,COP,43.630001068115234,43.959999084472656,43.0099983215332,43.58000183105469,32.31403732299805,9397600.0
2016-04-14,COP,43.83000183105469,44.29999923706055,43.459999084472656,44.220001220703125,32.788578033447266,8241200.0
2016-04-15,COP,43.75,44.16999816894531,43.52000045776367,43.70000076293945,32.40302276611328,8164500.0
2016-04-18,COP,42.09000015258789,45.0,42.040000915527344,45.0,33.36695098876953,9362700.0
2016-04-19,COP,45.209999084472656,47.099998474121094,44.970001220703125,47.060001373291016,34.894412994384766,12874100.0
2016-04-20,COP,46.72999954223633,47.65999984741211,46.09000015258789,47.08000183105469,34.909244537353516,8500400.0
2016-04-21,COP,46.9900016784668,47.31999969482422,46.119998931884766,46.22999954223633,34.27897262573242,10010700.0
2016-04-22,COP,46.34000015258789,47.7400016784668,46.2599983215332,47.619998931884766,35.30965042114258,9399900.0
2016-04-25,COP,47.15999984741211,47.22999954223633,45.84000015258789,46.27000045776367,34.30864334106445,11597100.0
2016-04-26,COP,46.599998474121094,48.16999816894531,46.34000015258789,48.08000183105469,35.650726318359375,10715400.0
2016-04-27,COP,48.54999923706055,48.90999984741211,47.81999969482422,48.11000061035156,35.672977447509766,11556500.0
2016-04-28,COP,48.130001068115234,49.349998474121094,47.5,47.66999816894531,35.34673309326172,12327600.0
2016-04-29,COP,47.900001525878906,48.83000183105469,46.95000076293945,47.790000915527344,35.43570327758789,9024000.0
2016-05-02,COP,47.560001373291016,47.689998626708984,46.119998931884766,46.849998474121094,34.73870849609375,8278800.0
2016-05-03,COP,46.099998474121094,46.2599983215332,44.709999084472656,45.08000183105469,33.4262809753418,8770100.0
2016-05-04,COP,45.16999816894531,45.650001525878906,43.189998626708984,43.40999984741211,32.18798828125,9267000.0
2016-05-05,COP,44.540000915527344,44.97999954223633,42.7599983215332,43.209999084472656,32.03968811035156,8384600.0
2016-05-06,COP,42.72999954223633,43.58000183105469,42.27000045776367,42.7599983215332,31.706012725830078,8148100.0
2016-05-09,COP,42.310001373291016,42.4900016784668,41.119998931884766,41.650001525878906,30.882978439331055,7049800.0
2016-05-10,COP,41.619998931884766,42.88999938964844,41.58000183105469,42.869998931884766,31.787582397460938,7969500.0
2016-05-11,COP,42.869998931884766,44.43000030517578,42.310001373291016,43.68000030517578,32.388179779052734,8913000.0
2016-05-12,COP,44.04999923706055,44.689998626708984,43.04999923706055,43.72999954223633,32.42525100708008,8380800.0
2016-05-13,COP,43.369998931884766,43.91999816894531,42.84000015258789,43.02000045776367,31.898794174194336,6203300.0
2016-05-16,COP,43.790000915527344,44.5099983215332,43.790000915527344,44.08000183105469,32.68478775024414,7837900.0
2016-05-17,COP,43.880001068115234,44.45000076293945,43.459999084472656,43.779998779296875,32.46232604980469,11746900.0
2016-05-18,COP,43.380001068115234,44.119998931884766,43.04999923706055,43.34000015258789,32.32064437866211,8155000.0
2016-05-19,COP,42.75,43.619998931884766,42.06999969482422,43.36000061035156,32.335567474365234,6284300.0
2016-05-20,COP,43.52000045776367,43.9900016784668,43.040000915527344,43.58000183105469,32.4996223449707,6397700.0
2016-05-23,COP,43.20000076293945,43.91999816894531,43.0,43.59000015258789,32.507080078125,6753800.0
2016-05-24,COP,43.91999816894531,43.97999954223633,43.290000915527344,43.459999084472656,32.41012954711914,5989300.0
2016-05-25,COP,43.900001525878906,45.060001373291016,43.849998474121094,44.900001525878906,33.48401641845703,6456200.0
2016-05-26,COP,45.41999816894531,45.779998779296875,44.689998626708984,44.72999954223633,33.35722351074219,7813700.0
2016-05-27,COP,44.27000045776367,44.43000030517578,43.849998474121094,44.33000183105469,33.058937072753906,6068600.0
2016-05-31,COP,44.59000015258789,45.27000045776367,43.68000030517578,43.790000915527344,32.65623474121094,9511600.0
2016-06-01,COP,43.369998931884766,44.08000183105469,43.209999084472656,44.060001373291016,32.85757827758789,7262100.0
2016-06-02,COP,43.75,44.630001068115234,43.45000076293945,44.380001068115234,33.09622573852539,7016600.0
2016-06-03,COP,44.38999938964844,44.720001220703125,43.70000076293945,44.18000030517578,32.94707107543945,6086800.0
2016-06-06,COP,44.79999923706055,45.630001068115234,44.470001220703125,45.52000045776367,33.94636917114258,7813100.0
2016-06-07,COP,45.970001220703125,47.56999969482422,45.79999923706055,47.540000915527344,35.452796936035156,11227800.0
2016-06-08,COP,47.95000076293945,48.45000076293945,47.439998626708984,47.4900016784668,35.41548538208008,9641000.0
2016-06-09,COP,46.720001220703125,47.13999938964844,46.54999923706055,46.56999969482422,34.729400634765625,5425100.0
2016-06-10,COP,45.900001525878906,46.119998931884766,44.2599983215332,44.5099983215332,33.19316101074219,9008300.0
2016-06-13,COP,43.959999084472656,44.959999084472656,43.79999923706055,43.880001068115234,32.723350524902344,7394900.0
2016-06-14,COP,43.84000015258789,44.599998474121094,43.349998474121094,44.31999969482422,33.05147171020508,7324500.0
2016-06-15,COP,43.90999984741211,44.5099983215332,43.40999984741211,43.709999084472656,32.5965690612793,6898000.0
2016-06-16,COP,43.20000076293945,43.31999969482422,42.220001220703125,43.15999984741211,32.18640899658203,7010100.0
2016-06-17,COP,43.599998474121094,44.7400016784668,43.5099983215332,44.150001525878906,32.92469787597656,9672800.0
2016-06-20,COP,45.0,45.36000061035156,44.56999969482422,44.689998626708984,33.32740020751953,8374600.0
2016-06-21,COP,44.58000183105469,45.08000183105469,44.25,44.79999923706055,33.409427642822266,6783300.0
2016-06-22,COP,45.119998931884766,45.18000030517578,43.90999984741211,43.9900016784668,32.80537796020508,8649100.0
2016-06-23,COP,44.599998474121094,45.63999938964844,44.27000045776367,45.630001068115234,34.02840805053711,7714800.0
2016-06-24,COP,43.31999969482422,44.41999816894531,42.91999816894531,43.16999816894531,32.19387435913086,13630200.0
2016-06-27,COP,42.5099983215332,42.65999984741211,40.52000045776367,40.779998779296875,30.411531448364258,11940900.0
2016-06-28,COP,41.970001220703125,42.13999938964844,41.439998626708984,41.95000076293945,31.284069061279297,8996500.0
2016-06-29,COP,42.5,44.220001220703125,42.189998626708984,43.90999984741211,32.745731353759766,10234900.0
2016-06-30,COP,43.720001220703125,44.119998931884766,43.209999084472656,43.599998474121094,32.51454162597656,9342200.0
2016-07-01,COP,43.849998474121094,44.41999816894531,43.5,43.5099983215332,32.44742965698242,9611800.0
2016-07-05,COP,42.720001220703125,42.77000045776367,41.369998931884766,41.70000076293945,31.097627639770508,10189600.0
2016-07-06,COP,41.54999923706055,42.029998779296875,41.16999816894531,41.900001525878906,31.246784210205078,7023900.0
2016-07-07,COP,42.29999923706055,42.790000915527344,41.189998626708984,41.5099983215332,30.95591926574707,8827900.0
2016-07-08,COP,42.349998474121094,42.43000030517578,41.619998931884766,42.29999923706055,31.54507064819336,10801900.0
2016-07-11,COP,42.7400016784668,42.959999084472656,42.400001525878906,42.45000076293945,31.65694808959961,6345700.0
2016-07-12,COP,43.15999984741211,44.290000915527344,43.11000061035156,43.79999923706055,32.6636848449707,10303100.0
2016-07-13,COP,43.79999923706055,44.04999923706055,42.11000061035156,42.869998931884766,31.970144271850586,9203700.0
2016-07-14,COP,43.5099983215332,43.52000045776367,42.68000030517578,43.02000045776367,32.08200454711914,6580800.0
2016-07-15,COP,43.27000045776367,43.4900016784668,42.68000030517578,42.939998626708984,32.02234649658203,5898400.0
2016-07-18,COP,42.72999954223633,42.939998626708984,42.209999084472656,42.709999084472656,31.850830078125,5261500.0
2016-07-19,COP,42.45000076293945,42.650001525878906,41.70000076293945,41.90999984741211,31.25423240661621,7262300.0
2016-07-20,COP,41.720001220703125,42.33000183105469,41.279998779296875,42.029998779296875,31.343725204467773,6695900.0
2016-07-21,COP,41.79999923706055,42.209999084472656,40.880001068115234,41.040000915527344,30.788558959960938,8733800.0
2016-07-22,COP,41.11000061035156,41.290000915527344,40.619998931884766,40.7599983215332,30.5784969329834,7306100.0
2016-07-25,COP,40.43000030517578,40.66999816894531,39.810001373291016,40.2400016784668,30.188392639160156,7482400.0
2016-07-26,COP,40.04999923706055,40.86000061035156,39.95000076293945,40.790000915527344,30.601003646850586,5896000.0
2016-07-27,COP,40.939998626708984,41.439998626708984,40.0,40.06999969482422,30.060853958129883,10159400.0
2016-07-28,COP,40.25,40.77000045776367,39.66999816894531,40.2599983215332,30.20339012145996,11526700.0
2016-07-29,COP,39.77000045776367,40.90999984741211,39.66999816894531,40.81999969482422,30.62350845336914,8138900.0
2016-08-01,COP,40.40999984741211,40.41999816894531,39.41999816894531,39.61000061035156,29.715761184692383,9592300.0
2016-08-02,COP,39.810001373291016,40.04999923706055,38.79999923706055,39.790000915527344,29.85079574584961,7145800.0
2016-08-03,COP,39.81999969482422,40.34000015258789,39.5,40.310001373291016,30.240917205810547,8586700.0
2016-08-04,COP,40.16999816894531,40.459999084472656,39.65999984741211,40.099998474121094,30.0833683013916,6914900.0
2016-08-05,COP,40.290000915527344,40.63999938964844,39.91999816894531,40.599998474121094,30.45846176147461,8736100.0
2016-08-08,COP,40.97999954223633,41.79999923706055,40.90999984741211,41.560001373291016,31.178682327270508,9679500.0
2016-08-09,COP,41.7400016784668,41.93000030517578,41.040000915527344,41.2400016784668,30.938602447509766,7076600.0
2016-08-10,COP,41.45000076293945,41.540000915527344,40.5,40.599998474121094,30.45846176147461,6375500.0
2016-08-11,COP,40.790000915527344,41.709999084472656,40.31999969482422,41.38999938964844,31.05112648010254,8784800.0
2016-08-12,COP,41.54999923706055,41.650001525878906,41.18000030517578,41.369998931884766,31.03614616394043,4948800.0
2016-08-15,COP,41.65999984741211,42.2400016784668,41.56999969482422,42.18000030517578,31.643802642822266,5896200.0
2016-08-16,COP,42.18000030517578,43.060001373291016,41.7599983215332,42.86000061035156,32.15394973754883,10973800.0
2016-08-17,COP,42.689998626708984,43.25,42.400001525878906,43.20000076293945,32.40901565551758,8857700.0
2016-08-18,COP,43.34000015258789,43.689998626708984,43.13999938964844,43.59000015258789,32.70158386230469,6991500.0
2016-08-19,COP,43.279998779296875,43.47999954223633,43.02000045776367,43.31999969482422,32.49903106689453,6190100.0
2016-08-22,COP,42.7400016784668,42.93000030517578,42.310001373291016,42.630001068115234,31.98138427734375,6179600.0
2016-08-23,COP,42.599998474121094,43.33000183105469,42.459999084472656,43.220001220703125,32.42401123046875,6179700.0
2016-08-24,COP,42.959999084472656,43.369998931884766,42.849998474121094,42.959999084472656,32.22896194458008,5511400.0
2016-08-25,COP,42.900001525878906,43.029998779296875,42.41999816894531,42.779998779296875,32.09391784667969,4504900.0
2016-08-26,COP,42.900001525878906,43.290000915527344,42.13999938964844,42.29999923706055,31.733827590942383,5654600.0
2016-08-29,COP,42.18000030517578,42.470001220703125,42.02000045776367,42.349998474121094,31.771329879760742,4461000.0
2016-08-30,COP,42.59000015258789,42.869998931884766,42.099998474121094,42.22999954223633,31.681303024291992,5425200.0
2016-08-31,COP,42.060001373291016,42.130001068115234,40.77000045776367,41.04999923706055,30.796064376831055,8770600.0
2016-09-01,COP,40.900001525878906,41.099998474121094,40.130001068115234,40.599998474121094,30.45846176147461,7536600.0
2016-09-02,COP,41.150001525878906,41.310001373291016,40.81999969482422,40.91999816894531,30.69853973388672,5606700.0
2016-09-06,COP,41.040000915527344,41.22999954223633,40.61000061035156,41.0,30.75855255126953,6654500.0
2016-09-07,COP,41.220001220703125,41.5,41.02000045776367,41.47999954223633,31.118654251098633,6368800.0
2016-09-08,COP,41.91999816894531,43.34000015258789,41.66999816894531,43.279998779296875,32.469032287597656,10714900.0
2016-09-09,COP,42.83000183105469,43.43000030517578,42.220001220703125,42.25,31.696304321289062,12586100.0
2016-09-12,COP,41.970001220703125,43.130001068115234,41.560001373291016,42.66999816894531,32.01139450073242,10222600.0
2016-09-13,COP,41.91999816894531,42.02000045776367,40.66999816894531,41.0099983215332,30.766050338745117,11732300.0
2016-09-14,COP,40.86000061035156,41.45000076293945,39.880001068115234,39.9900016784668,30.000839233398438,10031800.0
2016-09-15,COP,40.0099983215332,40.4900016784668,39.77000045776367,40.029998779296875,30.030851364135742,7802700.0
2016-09-16,COP,39.619998931884766,39.97999954223633,39.5,39.869998931884766,29.910816192626953,9604200.0
2016-09-19,COP,40.119998931884766,40.2400016784668,39.279998779296875,39.279998779296875,29.468202590942383,5424200.0
2016-09-20,COP,39.33000183105469,39.83000183105469,39.0,39.0099983215332,29.2656307220459,5877200.0
2016-09-21,COP,39.47999954223633,40.130001068115234,39.34000015258789,40.060001373291016,30.05335807800293,6385800.0
2016-09-22,COP,40.75,41.33000183105469,40.75,41.02000045776367,30.773569107055664,7920200.0
2016-09-23,COP,40.36000061035156,41.209999084472656,39.599998474121094,39.939998626708984,29.96334457397461,8530000.0
2016-09-26,COP,40.08000183105469,40.77000045776367,39.9900016784668,40.02000045776367,30.023353576660156,4985900.0
2016-09-27,COP,39.540000915527344,39.599998474121094,39.0,39.43000030517578,29.580720901489258,7796400.0
2016-09-28,COP,39.599998474121094,42.27000045776367,39.119998931884766,42.18000030517578,31.643802642822266,13568400.0
2016-09-29,COP,41.970001220703125,44.15999984741211,41.970001220703125,43.65999984741211,32.75410842895508,16585900.0
2016-09-30,COP,43.81999969482422,44.119998931884766,43.22999954223633,43.470001220703125,32.61156463623047,8814000.0
2016-10-03,COP,43.68000030517578,43.810001373291016,42.79999923706055,43.43000030517578,32.581565856933594,5244200.0
2016-10-04,COP,43.43000030517578,43.540000915527344,42.59000015258789,42.869998931884766,32.161434173583984,6263800.0
2016-10-05,COP,43.5,44.119998931884766,43.310001373291016,43.90999984741211,32.94165802001953,6424100.0
2016-10-06,COP,44.06999969482422,44.560001373291016,43.529998779296875,44.52000045776367,33.399295806884766,8231600.0
2016-10-07,COP,44.5,44.689998626708984,44.02000045776367,44.220001220703125,33.17422103881836,8281700.0
2016-10-10,COP,44.630001068115234,45.040000915527344,44.36000061035156,44.38999938964844,33.3017692565918,9102100.0
2016-10-11,COP,44.31999969482422,44.59000015258789,43.18000030517578,43.33000183105469,32.50653839111328,6899400.0
2016-10-12,COP,43.16999816894531,43.540000915527344,42.56999969482422,43.470001220703125,32.61156463623047,5759100.0
2016-10-13,COP,42.650001525878906,42.689998626708984,41.869998931884766,42.150001525878906,31.804208755493164,7443500.0
2016-10-14,COP,42.349998474121094,42.7400016784668,41.63999938964844,41.66999816894531,31.442020416259766,6571300.0
2016-10-17,COP,41.58000183105469,41.81999969482422,40.81999969482422,41.099998474121094,31.011920928955078,5645300.0
2016-10-18,COP,41.59000015258789,41.619998931884766,40.369998931884766,40.650001525878906,30.672378540039062,6896900.0
2016-10-19,COP,40.959999084472656,42.099998474121094,40.880001068115234,41.720001220703125,31.479736328125,9634100.0
2016-10-20,COP,41.380001068115234,42.06999969482422,41.09000015258789,41.4900016784668,31.306188583374023,6446100.0
2016-10-21,COP,41.16999816894531,41.599998474121094,40.959999084472656,41.540000915527344,31.34392738342285,5553200.0
2016-10-24,COP,41.869998931884766,42.560001373291016,41.63999938964844,42.2400016784668,31.87210464477539,9333800.0
2016-10-25,COP,42.130001068115234,42.650001525878906,41.77000045776367,41.810001373291016,31.54764747619629,6268300.0
2016-10-26,COP,41.25,42.290000915527344,41.130001068115234,41.79999923706055,31.540102005004883,8420200.0
2016-10-27,COP,42.189998626708984,44.849998474121094,42.150001525878906,44.0,33.20012283325195,16604200.0
2016-10-28,COP,44.70000076293945,45.84000015258789,44.290000915527344,44.970001220703125,33.9320182800293,18410500.0
2016-10-31,COP,44.7599983215332,44.79999923706055,43.25,43.45000076293945,32.78511047363281,11284000.0
2016-11-01,COP,43.970001220703125,44.06999969482422,42.540000915527344,43.540000915527344,32.853023529052734,8954800.0
2016-11-02,COP,42.91999816894531,43.560001373291016,42.349998474121094,43.22999954223633,32.61911392211914,7498400.0
2016-11-03,COP,43.459999084472656,44.0099983215332,43.09000015258789,43.599998474121094,32.89829635620117,6653900.0
2016-11-04,COP,43.34000015258789,43.79999923706055,42.68000030517578,42.7599983215332,32.26447677612305,7323000.0
2016-11-07,COP,43.5,44.0,43.18000030517578,43.91999816894531,33.13974380493164,5780400.0
2016-11-08,COP,43.630001068115234,44.849998474121094,43.5,44.33000183105469,33.44911575317383,6343200.0
2016-11-09,COP,43.470001220703125,46.209999084472656,43.38999938964844,45.72999954223633,34.50547790527344,10856700.0
2016-11-10,COP,45.66999816894531,45.7400016784668,44.349998474121094,44.779998779296875,33.78866195678711,11182100.0
2016-11-11,COP,44.310001373291016,44.68000030517578,43.41999816894531,43.939998626708984,33.154850006103516,8155500.0
2016-11-14,COP,43.58000183105469,44.2599983215332,43.41999816894531,44.130001068115234,33.29821014404297,10020100.0
2016-11-15,COP,44.25,45.59000015258789,44.25,45.279998779296875,34.16592788696289,11199700.0
2016-11-16,COP,45.15999984741211,45.650001525878906,44.18000030517578,44.380001068115234,33.48684310913086,6800600.0
2016-11-17,COP,44.79999923706055,45.08000183105469,43.5,43.61000061035156,32.905845642089844,6757600.0
2016-11-18,COP,43.709999084472656,44.959999084472656,43.66999816894531,44.7599983215332,33.7735595703125,8429400.0
2016-11-21,COP,45.63999938964844,46.5,45.540000915527344,46.36000061035156,34.980838775634766,9890700.0
2016-11-22,COP,46.290000915527344,46.689998626708984,45.279998779296875,46.06999969482422,34.76202392578125,7255500.0
2016-11-23,COP,45.720001220703125,46.45000076293945,45.529998779296875,46.29999923706055,34.93556594848633,4870600.0
2016-11-25,COP,45.79999923706055,46.040000915527344,45.16999816894531,45.75,34.52058029174805,3494400.0
2016-11-28,COP,46.720001220703125,46.849998474121094,45.38999938964844,45.5,34.33193588256836,9429500.0
2016-11-29,COP,44.470001220703125,44.54999923706055,43.83000183105469,44.22999954223633,33.3736457824707,9376700.0
2016-11-30,COP,46.29999923706055,49.31999969482422,46.22999954223633,48.52000045776367,36.610660552978516,20897800.0
2016-12-01,COP,50.13999938964844,50.150001525878906,48.040000915527344,48.220001220703125,36.38431167602539,11105900.0
2016-12-02,COP,48.04999923706055,48.47999954223633,47.72999954223633,48.119998931884766,36.30885696411133,5805000.0
2016-12-05,COP,48.83000183105469,50.099998474121094,48.630001068115234,48.880001068115234,36.88230895996094,8860700.0
2016-12-06,COP,48.470001220703125,50.04999923706055,48.130001068115234,49.900001525878906,37.651954650878906,7168300.0
2016-12-07,COP,49.459999084472656,50.040000915527344,49.25,49.900001525878906,37.651954650878906,9074300.0
2016-12-08,COP,50.09000015258789,50.18000030517578,48.91999816894531,49.779998779296875,37.561397552490234,5904600.0
2016-12-09,COP,49.970001220703125,50.81999969482422,49.81999969482422,50.77000045776367,38.30839538574219,6126100.0
2016-12-12,COP,52.15999984741211,53.099998474121094,51.27000045776367,51.380001068115234,38.768672943115234,10748300.0
2016-12-13,COP,52.2599983215332,53.16999816894531,51.630001068115234,52.63999938964844,39.71940612792969,7962200.0
2016-12-14,COP,52.2400016784668,52.619998931884766,51.380001068115234,51.4900016784668,38.8516845703125,8596500.0
2016-12-15,COP,51.119998931884766,52.130001068115234,50.58000183105469,51.7400016784668,39.040321350097656,7934900.0
2016-12-16,COP,51.97999954223633,52.13999938964844,51.56999969482422,51.939998626708984,39.191226959228516,10313100.0
2016-12-19,COP,52.0,52.09000015258789,51.560001373291016,51.97999954223633,39.22140884399414,4748000.0
2016-12-20,COP,52.220001220703125,52.58000183105469,51.36000061035156,51.54999923706055,38.89695358276367,4659500.0
2016-12-21,COP,51.84000015258789,52.15999984741211,51.439998626708984,51.47999954223633,38.84413146972656,4187200.0
2016-12-22,COP,51.54999923706055,51.779998779296875,51.380001068115234,51.540000915527344,38.889400482177734,4594800.0
2016-12-23,COP,51.34000015258789,51.650001525878906,51.220001220703125,51.369998931884766,38.76112365722656,2860000.0
2016-12-27,COP,51.45000076293945,51.939998626708984,51.349998474121094,51.599998474121094,38.93467712402344,2995400.0
2016-12-28,COP,51.470001220703125,51.7400016784668,50.630001068115234,50.77000045776367,38.30839538574219,4275500.0
2016-12-29,COP,50.65999984741211,50.81999969482422,50.2400016784668,50.540000915527344,38.13487243652344,3634500.0
2016-12-30,COP,50.40999984741211,50.84000015258789,49.93000030517578,50.13999938964844,37.83303451538086,4806300.0
2017-01-03,COP,50.81999969482422,51.61000061035156,49.91999816894531,50.61000061035156,38.18767166137695,7032600.0
2017-01-04,COP,50.70000076293945,51.099998474121094,50.31999969482422,51.08000183105469,38.54233169555664,4990000.0
2017-01-05,COP,51.209999084472656,51.68000030517578,50.720001220703125,50.93000030517578,38.42913818359375,4727100.0
2017-01-06,COP,51.02000045776367,51.08000183105469,50.290000915527344,50.7400016784668,38.28575897216797,3472500.0
2017-01-09,COP,50.27000045776367,50.529998779296875,49.630001068115234,49.65999984741211,37.47086715698242,5765600.0
2017-01-10,COP,49.880001068115234,50.040000915527344,49.369998931884766,49.65999984741211,37.47086715698242,5447900.0
2017-01-11,COP,49.959999084472656,51.4900016784668,49.459999084472656,51.220001220703125,38.64796447753906,8689400.0
2017-01-12,COP,51.5,51.529998779296875,50.09000015258789,50.150001525878906,37.84059524536133,6963300.0
2017-01-13,COP,49.900001525878906,50.869998931884766,49.84000015258789,50.59000015258789,38.17257308959961,4413300.0
2017-01-17,COP,50.560001373291016,50.709999084472656,50.0,50.150001525878906,37.84059524536133,4995100.0
2017-01-18,COP,49.79999923706055,50.59000015258789,49.790000915527344,50.27000045776367,37.931129455566406,4970000.0
2017-01-19,COP,50.20000076293945,50.45000076293945,49.779998779296875,49.86000061035156,37.621768951416016,4915300.0
2017-01-20,COP,50.38999938964844,51.09000015258789,50.31999969482422,50.72999954223633,38.27821731567383,5888500.0
2017-01-23,COP,50.2599983215332,50.56999969482422,49.58000183105469,49.939998626708984,37.68212890625,5969500.0
2017-01-24,COP,50.13999938964844,51.400001525878906,50.0099983215332,50.27000045776367,37.931129455566406,5919200.0
2017-01-25,COP,50.40999984741211,51.22999954223633,50.31999969482422,50.689998626708984,38.24802780151367,5991200.0
2017-01-26,COP,50.630001068115234,51.02000045776367,50.34000015258789,50.630001068115234,38.20277404785156,4164100.0
2017-01-27,COP,50.33000183105469,50.459999084472656,49.20000076293945,49.43000030517578,37.29732131958008,5408100.0
2017-01-30,COP,49.0099983215332,49.18000030517578,47.189998626708984,47.47999954223633,35.82594680786133,10483200.0
2017-01-31,COP,47.810001373291016,48.790000915527344,47.369998931884766,48.7599983215332,36.79176712036133,7464500.0
2017-02-01,COP,49.0,49.150001525878906,47.439998626708984,48.5,36.5955810546875,10040900.0
2017-02-02,COP,48.75,49.34000015258789,47.279998779296875,48.689998626708984,36.738948822021484,8625100.0
2017-02-03,COP,48.849998474121094,50.4900016784668,48.81999969482422,50.43000030517578,38.0518684387207,8414400.0
2017-02-06,COP,50.5,50.97999954223633,49.349998474121094,50.09000015258789,37.79531478881836,8127500.0
2017-02-07,COP,49.54999923706055,50.22999954223633,49.08000183105469,49.41999816894531,37.289756774902344,7591600.0
2017-02-08,COP,49.04999923706055,50.15999984741211,48.5099983215332,49.599998474121094,37.42558288574219,8588600.0
2017-02-09,COP,50.040000915527344,50.33000183105469,49.47999954223633,49.810001373291016,37.58404541015625,6357000.0
2017-02-10,COP,50.029998779296875,50.540000915527344,49.81999969482422,50.13999938964844,38.0353889465332,5996000.0
2017-02-13,COP,50.040000915527344,50.040000915527344,49.220001220703125,49.70000076293945,37.70161437988281,6163400.0
2017-02-14,COP,50.0,50.18000030517578,49.33000183105469,50.13999938964844,38.0353889465332,6063400.0
2017-02-15,COP,49.83000183105469,50.290000915527344,49.310001373291016,49.36000061035156,37.44369888305664,7461800.0
2017-02-16,COP,49.59000015258789,49.650001525878906,48.27000045776367,48.34000015258789,36.669952392578125,9689100.0
2017-02-17,COP,48.220001220703125,48.2400016784668,47.099998474121094,47.5099983215332,36.04032516479492,10694000.0
2017-02-21,COP,48.130001068115234,48.52000045776367,47.81999969482422,48.130001068115234,36.510643005371094,9577200.0
2017-02-22,COP,47.79999923706055,47.939998626708984,47.029998779296875,47.099998474121094,35.72929000854492,8007700.0
2017-02-23,COP,47.790000915527344,47.86000061035156,47.029998779296875,47.29999923706055,35.881019592285156,7846400.0
2017-02-24,COP,47.0099983215332,47.4900016784668,46.709999084472656,47.040000915527344,35.68378448486328,6749500.0
2017-02-27,COP,47.22999954223633,47.63999938964844,46.970001220703125,47.36000061035156,35.9265251159668,6208300.0
2017-02-28,COP,47.16999816894531,47.66999816894531,47.0,47.56999969482422,36.0858268737793,6710600.0
2017-03-01,COP,48.0,49.22999954223633,47.86000061035156,49.04999923706055,37.20854187011719,9194500.0
2017-03-02,COP,48.619998931884766,48.81999969482422,47.90999984741211,48.209999084472656,36.57131576538086,5955300.0
2017-03-03,COP,48.189998626708984,48.439998626708984,47.63999938964844,47.81999969482422,36.27547836303711,5290100.0
2017-03-06,COP,47.779998779296875,48.470001220703125,47.34000015258789,48.31999969482422,36.65477752685547,6078500.0
2017-03-07,COP,48.45000076293945,48.5099983215332,47.599998474121094,47.720001220703125,36.19963455200195,5652800.0
2017-03-08,COP,47.40999984741211,47.65999984741211,45.810001373291016,45.90999984741211,34.82658386230469,9435500.0
2017-03-09,COP,45.61000061035156,46.630001068115234,45.47999954223633,46.47999954223633,35.258975982666016,7235900.0
2017-03-10,COP,46.880001068115234,46.880001068115234,45.47999954223633,45.66999816894531,34.6445198059082,8455400.0
2017-03-13,COP,45.68000030517578,46.16999816894531,45.540000915527344,45.84000015258789,34.773475646972656,6333800.0
2017-03-14,COP,45.150001525878906,45.20000076293945,44.189998626708984,44.939998626708984,34.09074401855469,10538300.0
2017-03-15,COP,45.470001220703125,46.119998931884766,44.849998474121094,45.84000015258789,34.773475646972656,7573400.0
2017-03-16,COP,45.95000076293945,46.130001068115234,45.5099983215332,45.84000015258789,34.773475646972656,6393700.0
2017-03-17,COP,45.970001220703125,46.36000061035156,45.63999938964844,45.689998626708984,34.659690856933594,8359700.0
2017-03-20,COP,45.400001525878906,45.97999954223633,45.04999923706055,45.86000061035156,34.78866195678711,5754200.0
2017-03-21,COP,46.040000915527344,46.16999816894531,44.880001068115234,45.18000030517578,34.27281951904297,6504200.0
2017-03-22,COP,45.029998779296875,45.31999969482422,44.630001068115234,44.650001525878906,33.87077331542969,7852200.0
2017-03-23,COP,44.650001525878906,45.0,44.349998474121094,44.47999954223633,33.74180603027344,9149400.0
2017-03-24,COP,44.63999938964844,44.880001068115234,43.970001220703125,44.099998474121094,33.453556060791016,8797100.0
2017-03-27,COP,43.4900016784668,44.439998626708984,43.2599983215332,44.290000915527344,33.59767150878906,6231900.0
2017-03-28,COP,44.40999984741211,45.4900016784668,44.20000076293945,45.380001068115234,34.424530029296875,7034800.0
2017-03-29,COP,45.33000183105469,46.060001373291016,45.0099983215332,45.95000076293945,34.856929779052734,6040800.0
2017-03-30,COP,49.33000183105469,50.40999984741211,48.61000061035156,50.0,37.9291877746582,40059800.0
2017-03-31,COP,49.63999938964844,50.04999923706055,49.02000045776367,49.869998931884766,37.8305778503418,13410500.0
2017-04-03,COP,49.900001525878906,49.93000030517578,48.79999923706055,49.45000076293945,37.51197052001953,7711800.0
2017-04-04,COP,49.43000030517578,49.790000915527344,49.04999923706055,49.72999954223633,37.72438430786133,6175900.0
2017-04-05,COP,50.0099983215332,50.40999984741211,48.95000076293945,49.11000061035156,37.25405502319336,7490900.0
2017-04-06,COP,49.38999938964844,49.970001220703125,49.15999984741211,49.810001373291016,37.785064697265625,6823800.0
2017-04-07,COP,49.849998474121094,50.0,49.380001068115234,49.540000915527344,37.58024597167969,5857400.0
2017-04-10,COP,49.790000915527344,50.470001220703125,49.72999954223633,50.150001525878906,38.04298400878906,6737400.0
2017-04-11,COP,50.150001525878906,50.2400016784668,49.56999969482422,50.150001525878906,38.04298400878906,7395200.0
2017-04-12,COP,50.13999938964844,50.619998931884766,49.29999923706055,49.439998626708984,37.50437545776367,7623000.0
2017-04-13,COP,49.599998474121094,49.790000915527344,48.540000915527344,48.619998931884766,36.882354736328125,8807100.0
2017-04-17,COP,48.59000015258789,49.02000045776367,48.459999084472656,48.95000076293945,37.132686614990234,5286600.0
2017-04-18,COP,48.61000061035156,49.27000045776367,48.43000030517578,48.689998626708984,36.935447692871094,6046600.0
2017-04-19,COP,48.7599983215332,49.06999969482422,47.81999969482422,48.0,36.412025451660156,6165200.0
2017-04-20,COP,48.02000045776367,48.68000030517578,47.88999938964844,47.95000076293945,36.374107360839844,6278800.0
2017-04-21,COP,47.86000061035156,48.130001068115234,47.29999923706055,47.7400016784668,36.21479034423828,6056300.0
2017-04-24,COP,48.0,48.189998626708984,47.709999084472656,47.90999984741211,36.34375,5750700.0
2017-04-25,COP,47.970001220703125,48.900001525878906,47.79999923706055,48.790000915527344,37.01129913330078,7023200.0
2017-04-26,COP,48.27000045776367,49.529998779296875,48.2400016784668,48.34000015258789,36.669952392578125,6536900.0
2017-04-27,COP,47.83000183105469,48.13999938964844,46.86000061035156,47.86000061035156,36.305824279785156,7302700.0
2017-04-28,COP,48.150001525878906,48.31999969482422,47.7400016784668,47.90999984741211,36.34375,6429000.0
2017-05-01,COP,47.900001525878906,48.029998779296875,47.459999084472656,47.47999954223633,36.01755905151367,5795400.0
2017-05-02,COP,47.560001373291016,47.619998931884766,46.27000045776367,46.70000076293945,35.42586135864258,10390500.0
2017-05-03,COP,46.25,47.439998626708984,46.25,47.08000183105469,35.71413040161133,5757200.0
2017-05-04,COP,46.779998779296875,46.849998474121094,45.689998626708984,45.91999816894531,34.83417892456055,9999300.0
2017-05-05,COP,45.95000076293945,46.849998474121094,45.88999938964844,46.77000045776367,35.478973388671875,7894400.0
2017-05-08,COP,46.79999923706055,47.22999954223633,46.52000045776367,47.130001068115234,35.7520637512207,5861200.0
2017-05-09,COP,47.18000030517578,47.209999084472656,46.060001373291016,46.27000045776367,35.09967803955078,6157400.0
2017-05-10,COP,46.709999084472656,47.86000061035156,46.529998779296875,47.61000061035156,36.116172790527344,7950300.0
2017-05-11,COP,47.0099983215332,47.810001373291016,47.0099983215332,47.41999816894531,36.17338180541992,8569900.0
2017-05-12,COP,47.400001525878906,47.66999816894531,46.59000015258789,46.970001220703125,35.83011245727539,9151900.0
2017-05-15,COP,48.09000015258789,48.33000183105469,47.2599983215332,47.439998626708984,36.18865203857422,7675600.0
2017-05-16,COP,47.66999816894531,47.720001220703125,46.68000030517578,47.130001068115234,35.95218276977539,5288200.0
2017-05-17,COP,47.130001068115234,47.400001525878906,46.33000183105469,46.40999984741211,35.40292739868164,7512800.0
2017-05-18,COP,46.0,46.959999084472656,45.81999969482422,46.41999816894531,35.410560607910156,6543500.0
2017-05-19,COP,46.88999938964844,47.689998626708984,46.619998931884766,47.47999954223633,36.21915817260742,7206200.0
2017-05-22,COP,47.83000183105469,47.900001525878906,46.869998931884766,46.93000030517578,35.79960632324219,7967900.0
2017-05-23,COP,46.86000061035156,47.33000183105469,46.66999816894531,46.7599983215332,35.669921875,7436700.0
2017-05-24,COP,46.63999938964844,46.75,46.13999938964844,46.66999816894531,35.60126495361328,7765700.0
2017-05-25,COP,46.470001220703125,46.970001220703125,44.68000030517578,45.04999923706055,34.36548614501953,12772200.0
2017-05-26,COP,45.33000183105469,45.400001525878906,44.68000030517578,45.349998474121094,34.59433364868164,10758900.0
2017-05-30,COP,44.93000030517578,45.09000015258789,44.529998779296875,44.790000915527344,34.167144775390625,9280900.0
2017-05-31,COP,44.31999969482422,44.86000061035156,44.09000015258789,44.689998626708984,34.09086608886719,8770800.0
2017-06-01,COP,44.79999923706055,45.31999969482422,44.38999938964844,44.86000061035156,34.220542907714844,7946800.0
2017-06-02,COP,44.58000183105469,44.619998931884766,44.02000045776367,44.2599983215332,33.76285934448242,8000900.0
2017-06-05,COP,44.060001373291016,44.529998779296875,44.0,44.02000045776367,33.57975769042969,5731300.0
2017-06-06,COP,43.95000076293945,44.5099983215332,43.79999923706055,44.47999954223633,33.930667877197266,8584000.0
2017-06-07,COP,44.20000076293945,44.43000030517578,43.2400016784668,43.560001373291016,33.22887420654297,13140900.0
2017-06-08,COP,43.560001373291016,43.849998474121094,43.02000045776367,43.06999969482422,32.855079650878906,9179500.0
2017-06-09,COP,43.099998474121094,44.939998626708984,43.06999969482422,44.81999969482422,34.19002914428711,10412900.0
2017-06-12,COP,45.25,46.040000915527344,45.25,45.720001220703125,34.876583099365234,13550400.0
2017-06-13,COP,45.720001220703125,46.65999984741211,45.61000061035156,46.43000030517578,35.41819763183594,8601000.0
2017-06-14,COP,46.060001373291016,46.11000061035156,45.189998626708984,45.41999816894531,34.64773178100586,7069600.0
2017-06-15,COP,45.36000061035156,45.849998474121094,44.900001525878906,45.38999938964844,34.62484359741211,9672500.0
2017-06-16,COP,45.81999969482422,46.66999816894531,45.61000061035156,46.529998779296875,35.494468688964844,11639600.0
2017-06-19,COP,46.540000915527344,46.720001220703125,46.220001220703125,46.36000061035156,35.364784240722656,6029900.0
2017-06-20,COP,45.40999984741211,46.040000915527344,45.29999923706055,45.81999969482422,34.952857971191406,7739600.0
2017-06-21,COP,45.81999969482422,46.220001220703125,44.65999984741211,44.95000076293945,34.28919219970703,10790300.0
2017-06-22,COP,44.9900016784668,45.38999938964844,44.59000015258789,44.810001373291016,34.18240737915039,8881300.0
2017-06-23,COP,44.790000915527344,45.310001373291016,44.470001220703125,44.83000183105469,34.197654724121094,8483100.0
2017-06-26,COP,44.93000030517578,44.959999084472656,44.060001373291016,44.22999954223633,33.73994827270508,9047500.0
2017-06-27,COP,44.52000045776367,44.630001068115234,43.959999084472656,43.970001220703125,33.54164123535156,8697100.0
2017-06-28,COP,44.04999923706055,44.34000015258789,43.720001220703125,43.959999084472656,33.53401184082031,6983500.0
2017-06-29,COP,44.060001373291016,44.65999984741211,43.97999954223633,44.08000183105469,33.62554168701172,8252400.0
2017-06-30,COP,44.38999938964844,44.58000183105469,43.70000076293945,43.959999084472656,33.53401184082031,9126700.0
2017-07-03,COP,44.209999084472656,45.83000183105469,44.189998626708984,45.65999984741211,34.830806732177734,5742900.0
2017-07-05,COP,45.27000045776367,45.45000076293945,43.7599983215332,44.15999984741211,33.68656539916992,7725500.0
2017-07-06,COP,44.150001525878906,44.310001373291016,43.220001220703125,43.310001373291016,33.03815841674805,7155500.0
2017-07-07,COP,43.119998931884766,43.279998779296875,42.5,43.0,32.80168914794922,8494200.0
2017-07-10,COP,42.83000183105469,43.47999954223633,42.77000045776367,43.2400016784668,32.98475646972656,5631900.0
2017-07-11,COP,43.25,43.65999984741211,42.91999816894531,43.349998474121094,33.06867218017578,5782600.0
2017-07-12,COP,43.81999969482422,44.0,42.93000030517578,43.2400016784668,32.98475646972656,7907900.0
2017-07-13,COP,43.220001220703125,43.470001220703125,42.900001525878906,43.25,32.99238967895508,7014100.0
2017-07-14,COP,43.31999969482422,43.779998779296875,43.27000045776367,43.45000076293945,33.14495086669922,5467300.0
2017-07-17,COP,43.310001373291016,43.52000045776367,43.09000015258789,43.189998626708984,32.946624755859375,7014700.0
2017-07-18,COP,43.45000076293945,43.45000076293945,42.79999923706055,43.06999969482422,32.855079650878906,6834800.0
2017-07-19,COP,42.95000076293945,43.75,42.939998626708984,43.65999984741211,33.30514907836914,8823000.0
2017-07-20,COP,43.779998779296875,43.83000183105469,43.099998474121094,43.22999954223633,33.17851257324219,7663000.0
2017-07-21,COP,42.959999084472656,43.15999984741211,42.56999969482422,42.650001525878906,32.733367919921875,6480600.0
2017-07-24,COP,42.72999954223633,42.959999084472656,42.540000915527344,42.61000061035156,32.70267105102539,6094100.0
2017-07-25,COP,43.349998474121094,43.959999084472656,43.22999954223633,43.650001525878906,33.5008544921875,8641100.0
2017-07-26,COP,43.90999984741211,44.380001068115234,43.58000183105469,43.70000076293945,33.539241790771484,7124500.0
2017-07-27,COP,44.34000015258789,44.65999984741211,43.81999969482422,44.65999984741211,34.27602005004883,9803100.0
2017-07-28,COP,44.72999954223633,45.939998626708984,44.619998931884766,45.2599983215332,34.73651885986328,10794900.0
2017-07-31,COP,45.33000183105469,45.869998931884766,45.20000076293945,45.369998931884766,34.820953369140625,8368400.0
2017-08-01,COP,45.33000183105469,45.33000183105469,44.619998931884766,44.75,34.3450927734375,6685100.0
2017-08-02,COP,44.38999938964844,45.630001068115234,44.27000045776367,45.61000061035156,35.00513458251953,9562300.0
2017-08-03,COP,45.63999938964844,45.95000076293945,44.68000030517578,44.90999984741211,34.467899322509766,9204100.0
2017-08-04,COP,44.939998626708984,45.59000015258789,44.86000061035156,45.560001373291016,34.96676254272461,6105600.0
2017-08-07,COP,45.27000045776367,45.47999954223633,44.83000183105469,45.16999816894531,34.66743850708008,6370200.0
2017-08-08,COP,45.150001525878906,46.11000061035156,45.0,45.630001068115234,35.02049255371094,8032000.0
2017-08-09,COP,45.790000915527344,46.0,45.369998931884766,45.650001525878906,35.03582763671875,7451100.0
2017-08-10,COP,45.68000030517578,45.95000076293945,44.93000030517578,44.970001220703125,34.51393508911133,6441400.0
2017-08-11,COP,44.959999084472656,45.380001068115234,44.66999816894531,44.790000915527344,34.375789642333984,4206900.0
2017-08-14,COP,44.79999923706055,45.09000015258789,44.400001525878906,44.540000915527344,34.18391799926758,5063100.0
2017-08-15,COP,44.439998626708984,44.70000076293945,44.04999923706055,44.5,34.15322494506836,8179300.0
2017-08-16,COP,44.59000015258789,44.65999984741211,43.5099983215332,43.689998626708984,33.53156661987305,5795800.0
2017-08-17,COP,43.5,43.86000061035156,42.959999084472656,43.0,33.001991271972656,6422500.0
2017-08-18,COP,42.959999084472656,43.560001373291016,42.5099983215332,43.11000061035156,33.086402893066406,7310400.0
2017-08-21,COP,42.900001525878906,42.939998626708984,42.27000045776367,42.5,32.61823654174805,5709600.0
2017-08-22,COP,42.63999938964844,43.36000061035156,42.619998931884766,43.189998626708984,33.14781951904297,5850200.0
2017-08-23,COP,42.95000076293945,43.95000076293945,42.83000183105469,43.689998626708984,33.53156661987305,5240900.0
2017-08-24,COP,43.52000045776367,43.560001373291016,43.08000183105469,43.29999923706055,33.23223876953125,4370000.0
2017-08-25,COP,43.4900016784668,44.11000061035156,43.36000061035156,43.58000183105469,33.44713592529297,5393800.0
2017-08-28,COP,43.599998474121094,43.630001068115234,42.70000076293945,43.04999923706055,33.04035949707031,4593400.0
2017-08-29,COP,42.720001220703125,42.9900016784668,42.43000030517578,42.849998474121094,32.886871337890625,4592900.0
2017-08-30,COP,42.630001068115234,43.5,42.41999816894531,43.40999984741211,33.31666564941406,6846900.0
2017-08-31,COP,43.779998779296875,44.150001525878906,43.52000045776367,43.65999984741211,33.50852966308594,7660100.0
2017-09-01,COP,43.7599983215332,44.38999938964844,43.47999954223633,44.2400016784668,33.953670501708984,4808800.0
2017-09-05,COP,44.4900016784668,44.709999084472656,44.11000061035156,44.38999938964844,34.06880187988281,5438800.0
2017-09-06,COP,44.75,45.349998474121094,44.72999954223633,45.060001373291016,34.58301544189453,5939300.0
2017-09-07,COP,44.900001525878906,45.189998626708984,44.470001220703125,45.11000061035156,34.62138366699219,5184700.0
2017-09-08,COP,45.0,45.0,44.099998474121094,44.470001220703125,34.130210876464844,4147400.0
2017-09-11,COP,44.65999984741211,45.290000915527344,44.5,44.93000030517578,34.483253479003906,4809400.0
2017-09-12,COP,45.029998779296875,45.290000915527344,44.790000915527344,44.93000030517578,34.483253479003906,5189000.0
2017-09-13,COP,45.040000915527344,45.790000915527344,45.0,45.560001373291016,34.96676254272461,6178600.0
2017-09-14,COP,45.7400016784668,46.36000061035156,45.650001525878906,45.83000183105469,35.17398452758789,6573400.0
2017-09-15,COP,45.83000183105469,46.5099983215332,45.779998779296875,46.5099983215332,35.69587707519531,11895000.0
2017-09-18,COP,46.20000076293945,47.22999954223633,46.16999816894531,47.09000015258789,36.141014099121094,6988900.0
2017-09-19,COP,47.11000061035156,47.779998779296875,47.09000015258789,47.54999923706055,36.49406433105469,6216100.0
2017-09-20,COP,47.86000061035156,48.79999923706055,47.79999923706055,48.33000183105469,37.092708587646484,8843300.0
2017-09-21,COP,48.189998626708984,48.779998779296875,47.88999938964844,48.689998626708984,37.36899948120117,5790700.0
2017-09-22,COP,48.70000076293945,49.650001525878906,48.630001068115234,49.08000183105469,37.66831970214844,7388200.0
2017-09-25,COP,49.40999984741211,50.189998626708984,49.38999938964844,49.97999954223633,38.35906219482422,6800100.0
2017-09-26,COP,49.72999954223633,50.029998779296875,49.220001220703125,49.66999816894531,38.12112808227539,5434200.0
2017-09-27,COP,49.66999816894531,50.220001220703125,49.58000183105469,50.220001220703125,38.54325485229492,5369500.0
2017-09-28,COP,50.45000076293945,50.83000183105469,49.810001373291016,50.0,38.37440872192383,5490600.0
2017-09-29,COP,49.779998779296875,50.099998474121094,49.61000061035156,50.04999923706055,38.41278076171875,4175700.0
2017-10-02,COP,49.54999923706055,50.33000183105469,49.29999923706055,50.310001373291016,38.61233901977539,4832100.0
2017-10-03,COP,50.16999816894531,50.22999954223633,49.22999954223633,49.2400016784668,37.791114807128906,6742100.0
2017-10-04,COP,49.36000061035156,49.59000015258789,48.90999984741211,49.310001373291016,37.8448486328125,5432400.0
2017-10-05,COP,49.459999084472656,49.790000915527344,49.40999984741211,49.70000076293945,38.14415740966797,5295400.0
2017-10-06,COP,49.150001525878906,49.439998626708984,48.70000076293945,48.86000061035156,37.499473571777344,3902900.0
2017-10-09,COP,49.099998474121094,49.20000076293945,48.83000183105469,48.90999984741211,37.53784942626953,4765500.0
2017-10-10,COP,49.369998931884766,49.68000030517578,49.11000061035156,49.189998626708984,37.75273513793945,5252800.0
2017-10-11,COP,49.20000076293945,49.72999954223633,48.88999938964844,49.599998474121094,38.06740951538086,4534800.0
2017-10-12,COP,49.09000015258789,49.869998931884766,49.0099983215332,49.810001373291016,38.22858810424805,4443100.0
2017-10-13,COP,49.9900016784668,50.15999984741211,49.36000061035156,49.400001525878906,38.116703033447266,4629900.0
2017-10-16,COP,49.709999084472656,50.130001068115234,49.650001525878906,49.720001220703125,38.363616943359375,4301600.0
2017-10-17,COP,49.70000076293945,49.939998626708984,49.31999969482422,49.720001220703125,38.363616943359375,3579000.0
2017-10-18,COP,49.75,50.18000030517578,49.560001373291016,49.709999084472656,38.35590362548828,6481700.0
2017-10-19,COP,49.38999938964844,50.040000915527344,49.29999923706055,49.709999084472656,38.35590362548828,4015400.0
2017-10-20,COP,49.900001525878906,50.400001525878906,49.560001373291016,50.25,38.772552490234375,5993200.0
2017-10-23,COP,50.279998779296875,50.75,49.93000030517578,50.2599983215332,38.7802734375,5589000.0
2017-10-24,COP,50.47999954223633,51.31999969482422,50.41999816894531,50.9900016784668,39.34354782104492,7609400.0
2017-10-25,COP,51.060001373291016,51.130001068115234,49.75,49.959999084472656,38.548797607421875,6989700.0
2017-10-26,COP,50.38999938964844,51.77000045776367,49.790000915527344,51.459999084472656,39.70619201660156,7564600.0
2017-10-27,COP,51.15999984741211,52.22999954223633,50.20000076293945,51.209999084472656,39.51329040527344,7835700.0
2017-10-30,COP,51.38999938964844,51.79999923706055,50.88999938964844,51.38999938964844,39.65216827392578,6647600.0
2017-10-31,COP,51.31999969482422,51.61000061035156,51.02000045776367,51.150001525878906,39.46699523925781,6171500.0
2017-11-01,COP,51.810001373291016,52.279998779296875,51.43000030517578,52.099998474121094,40.20000076293945,6455500.0
2017-11-02,COP,52.060001373291016,52.59000015258789,51.689998626708984,52.47999954223633,40.49320983886719,6177100.0
2017-11-03,COP,52.369998931884766,53.27000045776367,51.9900016784668,52.959999084472656,40.86357498168945,8030100.0
2017-11-06,COP,53.0099983215332,53.939998626708984,52.79999923706055,53.66999816894531,41.41140365600586,8438900.0
2017-11-07,COP,53.93000030517578,54.06999969482422,52.93000030517578,53.47999954223633,41.26479721069336,8577500.0
2017-11-08,COP,54.099998474121094,54.220001220703125,53.15999984741211,53.52000045776367,41.2956657409668,7513000.0
2017-11-09,COP,53.27000045776367,53.650001525878906,52.83000183105469,53.529998779296875,41.303382873535156,6709400.0
2017-11-10,COP,53.400001525878906,53.4900016784668,52.5,52.9900016784668,40.8867301940918,5504600.0
2017-11-13,COP,52.65999984741211,52.959999084472656,52.5099983215332,52.56999969482422,40.562652587890625,6728300.0
2017-11-14,COP,52.189998626708984,52.43000030517578,51.08000183105469,51.22999954223633,39.52872085571289,6945000.0
2017-11-15,COP,50.7400016784668,51.16999816894531,49.95000076293945,50.4900016784668,38.95774841308594,7262700.0
2017-11-16,COP,50.400001525878906,50.650001525878906,50.08000183105469,50.220001220703125,38.74940490722656,5694900.0
2017-11-17,COP,50.2400016784668,50.52000045776367,50.0,50.130001068115234,38.67997741699219,4191800.0
2017-11-20,COP,50.0,50.25,49.58000183105469,50.08000183105469,38.64138412475586,4429600.0
2017-11-21,COP,50.27000045776367,50.7400016784668,49.66999816894531,50.0099983215332,38.58737564086914,6331500.0
2017-11-22,COP,50.52000045776367,50.59000015258789,50.02000045776367,50.220001220703125,38.74940490722656,4818700.0
2017-11-24,COP,50.45000076293945,50.869998931884766,50.439998626708984,50.470001220703125,38.94231033325195,2288900.0
2017-11-27,COP,50.220001220703125,50.25,49.08000183105469,49.15999984741211,37.931522369384766,6369000.0
2017-11-28,COP,49.36000061035156,50.15999984741211,48.970001220703125,50.130001068115234,38.67997741699219,6524700.0
2017-11-29,COP,49.91999816894531,50.83000183105469,49.720001220703125,50.72999954223633,39.14291763305664,6897800.0
2017-11-30,COP,50.91999816894531,51.779998779296875,50.650001525878906,50.880001068115234,39.2586555480957,11184300.0
2017-12-01,COP,51.5099983215332,52.470001220703125,51.22999954223633,51.7400016784668,39.9222412109375,6683900.0
2017-12-04,COP,51.869998931884766,52.36000061035156,51.25,51.290000915527344,39.57502746582031,6168500.0
2017-12-05,COP,51.22999954223633,51.70000076293945,51.11000061035156,51.22999954223633,39.52872085571289,4531700.0
2017-12-06,COP,51.06999969482422,51.2400016784668,50.31999969482422,50.380001068115234,38.87286376953125,4437300.0
2017-12-07,COP,50.31999969482422,50.83000183105469,50.08000183105469,50.540000915527344,38.99631881713867,4037800.0
2017-12-08,COP,50.869998931884766,51.709999084472656,50.7400016784668,51.56999969482422,39.79105758666992,5316200.0
2017-12-11,COP,51.540000915527344,52.310001373291016,51.40999984741211,51.689998626708984,39.883644104003906,4040400.0
2017-12-12,COP,51.880001068115234,52.060001373291016,51.209999084472656,51.959999084472656,40.091983795166016,6200200.0
2017-12-13,COP,51.91999816894531,52.09000015258789,51.58000183105469,51.68000030517578,39.875938415527344,4906800.0
2017-12-14,COP,51.900001525878906,52.7599983215332,51.849998474121094,52.310001373291016,40.36204147338867,6436200.0
2017-12-15,COP,52.779998779296875,53.04999923706055,52.060001373291016,52.16999816894531,40.254024505615234,11363400.0
2017-12-18,COP,52.11000061035156,52.65999984741211,52.11000061035156,52.34000015258789,40.38517761230469,5565300.0
2017-12-19,COP,52.459999084472656,52.93000030517578,52.13999938964844,52.68000030517578,40.64753341674805,4795800.0
2017-12-20,COP,52.900001525878906,54.5099983215332,52.459999084472656,54.25,41.85893249511719,8064600.0
2017-12-21,COP,54.150001525878906,56.06999969482422,54.029998779296875,55.95000076293945,43.1706428527832,7824700.0
2017-12-22,COP,56.04999923706055,56.209999084472656,55.459999084472656,55.5,42.823429107666016,3911900.0
2017-12-26,COP,55.779998779296875,56.369998931884766,55.540000915527344,56.22999954223633,43.386688232421875,3194900.0
2017-12-27,COP,56.060001373291016,56.06999969482422,55.13999938964844,55.59000015258789,42.89286422729492,4369600.0
2017-12-28,COP,55.4900016784668,55.59000015258789,55.099998474121094,55.18000030517578,42.576515197753906,4240600.0
2017-12-29,COP,55.439998626708984,55.5,54.869998931884766,54.88999938964844,42.35274887084961,3668500.0
2018-01-02,COP,55.09000015258789,55.5099983215332,54.81999969482422,55.31999969482422,42.68452835083008,3985200.0
2018-01-03,COP,55.380001068115234,56.38999938964844,55.33000183105469,56.34000015258789,43.47154998779297,4105800.0
2018-01-04,COP,56.40999984741211,57.189998626708984,56.09000015258789,56.9900016784668,43.973106384277344,4897200.0
2018-01-05,COP,56.68000030517578,56.90999984741211,56.18000030517578,56.880001068115234,43.88821792602539,3771900.0
2018-01-08,COP,56.7599983215332,57.459999084472656,56.59000015258789,57.459999084472656,44.33574676513672,4522900.0
2018-01-09,COP,57.470001220703125,58.31999969482422,57.40999984741211,57.93000030517578,44.698394775390625,5519700.0
2018-01-10,COP,58.13999938964844,58.279998779296875,57.560001373291016,57.650001525878906,44.48234939575195,4627900.0
2018-01-11,COP,58.16999816894531,59.47999954223633,57.540000915527344,59.18000030517578,45.66288375854492,7341800.0
2018-01-12,COP,59.38999938964844,60.2400016784668,59.119998931884766,60.04999923706055,46.33417510986328,6742100.0
2018-01-16,COP,60.0,60.220001220703125,58.79999923706055,58.84000015258789,45.400543212890625,5458600.0
2018-01-17,COP,58.970001220703125,60.189998626708984,58.779998779296875,59.86000061035156,46.18756103515625,5798400.0
2018-01-18,COP,59.619998931884766,60.060001373291016,59.150001525878906,59.7599983215332,46.110416412353516,4554800.0
2018-01-19,COP,59.68000030517578,59.810001373291016,59.27000045776367,59.75,46.102691650390625,5037500.0
2018-01-22,COP,59.86000061035156,60.68000030517578,59.790000915527344,60.66999816894531,46.812564849853516,5748800.0
2018-01-23,COP,60.61000061035156,60.70000076293945,60.029998779296875,60.470001220703125,46.65825271606445,5478800.0
2018-01-24,COP,60.540000915527344,61.31999969482422,60.45000076293945,60.4900016784668,46.67367172241211,4992000.0
2018-01-25,COP,60.75,60.900001525878906,59.400001525878906,59.47999954223633,45.89435958862305,5473400.0
2018-01-26,COP,59.70000076293945,60.52000045776367,59.61000061035156,60.38999938964844,46.59651565551758,5277700.0
2018-01-29,COP,59.91999816894531,60.529998779296875,59.560001373291016,59.65999984741211,46.03324890136719,4167600.0
2018-01-30,COP,58.939998626708984,59.31999969482422,58.08000183105469,58.459999084472656,45.107330322265625,6381000.0
2018-01-31,COP,58.529998779296875,59.2400016784668,58.279998779296875,58.810001373291016,45.377403259277344,7073700.0
2018-02-01,COP,59.0,59.970001220703125,58.150001525878906,59.349998474121094,45.79405212402344,7011000.0
2018-02-02,COP,59.16999816894531,59.439998626708984,57.61000061035156,57.720001220703125,44.53636169433594,8433300.0
2018-02-05,COP,57.13999938964844,58.470001220703125,55.40999984741211,55.939998626708984,43.16291809082031,11060300.0
2018-02-06,COP,54.75,56.540000915527344,54.41999816894531,55.939998626708984,43.16291809082031,11013500.0
2018-02-07,COP,56.060001373291016,56.970001220703125,55.630001068115234,55.630001068115234,42.92372512817383,7721700.0
2018-02-08,COP,55.619998931884766,55.83000183105469,53.22999954223633,53.2400016784668,41.07963180541992,8618400.0
2018-02-09,COP,53.2400016784668,53.599998474121094,50.18000030517578,52.02000045776367,40.35429382324219,9685600.0
2018-02-12,COP,52.630001068115234,53.959999084472656,52.54999923706055,53.40999984741211,41.432594299316406,7035400.0
2018-02-13,COP,52.93000030517578,53.939998626708984,52.61000061035156,53.31999969482422,41.36275863647461,5438300.0
2018-02-14,COP,52.70000076293945,55.86000061035156,52.540000915527344,55.5099983215332,43.06166076660156,6612400.0
2018-02-15,COP,55.63999938964844,55.709999084472656,53.7599983215332,54.540000915527344,42.30916976928711,6190800.0
2018-02-16,COP,54.38999938964844,55.060001373291016,54.22999954223633,54.650001525878906,42.39451217651367,5070900.0
2018-02-20,COP,54.599998474121094,55.29999923706055,54.34000015258789,54.84000015258789,42.541900634765625,4262900.0
2018-02-21,COP,54.59000015258789,55.439998626708984,53.72999954223633,53.75,41.69634246826172,5287000.0
2018-02-22,COP,54.2599983215332,55.5,54.189998626708984,54.90999984741211,42.5962028503418,5565900.0
2018-02-23,COP,55.349998474121094,57.13999938964844,55.06999969482422,57.04999923706055,44.25630569458008,6513900.0
2018-02-26,COP,57.2599983215332,57.540000915527344,56.52000045776367,56.59000015258789,43.89945602416992,5986300.0
2018-02-27,COP,56.5,57.619998931884766,55.81999969482422,55.83000183105469,43.30988693237305,5378300.0
2018-02-28,COP,56.02000045776367,56.58000183105469,54.29999923706055,54.310001373291016,42.1307487487793,5889900.0
2018-03-01,COP,54.5,55.0099983215332,53.52000045776367,53.880001068115234,41.79718017578125,5135400.0
2018-03-02,COP,53.540000915527344,54.209999084472656,52.779998779296875,54.060001373291016,41.93682098388672,4574400.0
2018-03-05,COP,53.4900016784668,54.22999954223633,53.310001373291016,53.9900016784668,41.88252639770508,5266000.0
2018-03-06,COP,54.279998779296875,54.38999938964844,53.5,54.060001373291016,41.93682098388672,4931900.0
2018-03-07,COP,53.310001373291016,54.459999084472656,53.2400016784668,54.06999969482422,41.944580078125,7245800.0
2018-03-08,COP,54.130001068115234,54.380001068115234,52.91999816894531,53.56999969482422,41.556697845458984,4726000.0
2018-03-09,COP,54.06999969482422,55.06999969482422,54.0099983215332,55.060001373291016,42.71257019042969,5310000.0
2018-03-12,COP,55.0099983215332,55.40999984741211,54.59000015258789,54.7400016784668,42.46433639526367,5074400.0
2018-03-13,COP,54.939998626708984,55.209999084472656,53.58000183105469,53.959999084472656,41.859230041503906,5528100.0
2018-03-14,COP,54.34000015258789,54.72999954223633,53.869998931884766,53.959999084472656,41.859230041503906,4101600.0
2018-03-15,COP,54.310001373291016,54.5099983215332,53.380001068115234,54.029998779296875,41.913543701171875,4934600.0
2018-03-16,COP,54.11000061035156,55.189998626708984,53.63999938964844,54.93000030517578,42.611724853515625,13000800.0
2018-03-19,COP,54.7599983215332,54.90999984741211,53.380001068115234,53.56999969482422,41.556697845458984,4822000.0
2018-03-20,COP,54.099998474121094,55.470001220703125,53.90999984741211,54.70000076293945,42.433311462402344,5140600.0
2018-03-21,COP,55.099998474121094,57.59000015258789,55.040000915527344,57.040000915527344,44.248538970947266,7720100.0
2018-03-22,COP,56.40999984741211,57.279998779296875,56.04999923706055,56.5,43.82963943481445,11053200.0
2018-03-23,COP,57.040000915527344,58.380001068115234,56.970001220703125,57.7400016784668,44.79156494140625,9442000.0
2018-03-26,COP,58.369998931884766,59.099998474121094,58.209999084472656,59.08000183105469,45.83106231689453,8795700.0
2018-03-27,COP,59.150001525878906,59.81999969482422,58.689998626708984,59.13999938964844,45.87760543823242,9089600.0
2018-03-28,COP,59.15999984741211,59.7400016784668,58.43000030517578,58.72999954223633,45.55955505371094,13327600.0
2018-03-29,COP,58.7400016784668,59.59000015258789,58.7400016784668,59.290000915527344,45.993961334228516,8469200.0
2018-04-02,COP,59.27000045776367,59.29999923706055,56.56999969482422,58.09000015258789,45.06307601928711,7403800.0
2018-04-03,COP,58.540000915527344,60.08000183105469,57.86000061035156,60.029998779296875,46.568023681640625,8257300.0
2018-04-04,COP,58.81999969482422,59.7400016784668,58.45000076293945,59.560001373291016,46.20341491699219,8174200.0
2018-04-05,COP,59.83000183105469,61.16999816894531,59.72999954223633,60.459999084472656,46.9015998840332,6822600.0
2018-04-06,COP,60.209999084472656,60.650001525878906,58.540000915527344,59.2599983215332,45.9706916809082,8837500.0
2018-04-09,COP,59.86000061035156,61.150001525878906,59.5099983215332,60.619998931884766,47.025699615478516,10832100.0
2018-04-10,COP,61.439998626708984,63.0,61.380001068115234,62.34000015258789,48.359989166259766,11069900.0
2018-04-11,COP,62.29999923706055,63.279998779296875,61.599998474121094,63.22999954223633,49.050418853759766,10014100.0
2018-04-12,COP,63.290000915527344,63.880001068115234,62.84000015258789,63.2400016784668,49.058170318603516,10336200.0
2018-04-13,COP,63.95000076293945,65.0,63.7400016784668,64.9000015258789,50.345909118652344,9672900.0
2018-04-16,COP,64.97000122070312,65.98999786376953,64.37999725341797,65.7300033569336,50.989784240722656,8534900.0
2018-04-17,COP,65.91999816894531,66.91000366210938,65.45999908447266,66.51000213623047,51.5948600769043,8312600.0
2018-04-18,COP,67.0,67.30000305175781,66.37999725341797,66.41999816894531,51.52503204345703,11015600.0
2018-04-19,COP,65.88999938964844,66.5999984741211,65.55000305175781,66.30999755859375,51.439697265625,8366300.0
2018-04-20,COP,65.8499984741211,66.11000061035156,65.33999633789062,65.79000091552734,51.03632354736328,7008400.0
2018-04-23,COP,65.58000183105469,65.62999725341797,64.47000122070312,65.4800033569336,50.795841217041016,9209700.0
2018-04-24,COP,66.0,66.62000274658203,64.8499984741211,65.30999755859375,50.663963317871094,8731600.0
2018-04-25,COP,64.95999908447266,65.55999755859375,63.91999816894531,65.05999755859375,50.47001266479492,9869100.0
2018-04-26,COP,65.75,67.12999725341797,65.0999984741211,66.97000122070312,51.95170593261719,10574600.0
2018-04-27,COP,66.43000030517578,66.76000213623047,64.94999694824219,64.94999694824219,50.38469314575195,6398800.0
2018-04-30,COP,64.87999725341797,66.1500015258789,64.76000213623047,65.5,50.81135940551758,6381300.0
2018-05-01,COP,65.05000305175781,65.77999877929688,64.55000305175781,65.70999908447266,50.97426223754883,7433800.0
2018-05-02,COP,65.18000030517578,66.0,65.13999938964844,65.44999694824219,50.77256774902344,6810000.0
2018-05-03,COP,64.9000015258789,66.16000366210938,64.31999969482422,65.98999786376953,51.191471099853516,7088800.0
2018-05-04,COP,66.0,67.08999633789062,65.5999984741211,66.86000061035156,51.86635208129883,6302200.0
2018-05-07,COP,67.2699966430664,68.63999938964844,66.69000244140625,66.7699966430664,51.79654312133789,9121500.0
2018-05-08,COP,66.80000305175781,67.73999786376953,65.44999694824219,67.73999786376953,52.54901885986328,8988400.0
2018-05-09,COP,68.61000061035156,70.1500015258789,68.5,68.69999694824219,53.29372024536133,9271200.0
2018-05-10,COP,69.45999908447266,69.70999908447266,68.6500015258789,69.33999633789062,53.790218353271484,6512300.0
2018-05-11,COP,69.12000274658203,69.88999938964844,68.87000274658203,69.44000244140625,54.09010696411133,6382200.0
2018-05-14,COP,69.5,70.20999908447266,69.3499984741211,69.58999633789062,54.206939697265625,8805200.0
2018-05-15,COP,69.55000305175781,70.58999633789062,69.23999786376953,70.08999633789062,54.596431732177734,5962700.0
2018-05-16,COP,70.0,70.19999694824219,69.0999984741211,69.8499984741211,54.40947723388672,4363400.0
2018-05-17,COP,70.19999694824219,71.0,70.08999633789062,70.66000366210938,55.04043197631836,5592700.0
2018-05-18,COP,70.5,70.83000183105469,69.52999877929688,69.55000305175781,54.175804138183594,5094700.0
2018-05-21,COP,70.0,70.77999877929688,69.56999969482422,70.66000366210938,55.04043197631836,5440000.0
2018-05-22,COP,70.7699966430664,71.70999908447266,69.94000244140625,70.12999725341797,54.62758255004883,6079500.0
2018-05-23,COP,69.62000274658203,69.87000274658203,68.27999877929688,69.12000274658203,53.840850830078125,6407500.0
2018-05-24,COP,68.0,68.81999969482422,67.41000366210938,68.44999694824219,53.31895065307617,6404900.0
2018-05-25,COP,66.80000305175781,66.86000061035156,64.44000244140625,65.47000122070312,50.99768829345703,8315800.0
2018-05-29,COP,64.80000305175781,65.81999969482422,64.33999633789062,65.70999908447266,51.18463897705078,6310100.0
2018-05-30,COP,66.33999633789062,68.73999786376953,66.16999816894531,68.05000305175781,53.00737380981445,10273400.0
2018-05-31,COP,67.58000183105469,68.33999633789062,66.94000244140625,67.38999938964844,52.49326705932617,8508800.0
2018-06-01,COP,67.76000213623047,68.97000122070312,67.33999633789062,68.29000091552734,53.1943244934082,7116200.0
2018-06-04,COP,68.94999694824219,69.4000015258789,67.5999984741211,67.9000015258789,52.890541076660156,5599200.0
2018-06-05,COP,67.72000122070312,68.55999755859375,67.5199966430664,67.55999755859375,52.62569046020508,6333100.0
2018-06-06,COP,67.70999908447266,68.41999816894531,67.30999755859375,67.87999725341797,52.87495422363281,6412200.0
2018-06-07,COP,68.5,69.68000030517578,68.26000213623047,69.4800033569336,54.12126159667969,7693500.0
2018-06-08,COP,69.9800033569336,70.37000274658203,68.93000030517578,69.43000030517578,54.08232116699219,6656100.0
2018-06-11,COP,69.95999908447266,70.98999786376953,69.5199966430664,70.48999786376953,54.90802001953125,6237300.0
2018-06-12,COP,70.06999969482422,70.31999969482422,69.12999725341797,69.43000030517578,54.08232116699219,8329000.0
2018-06-13,COP,69.3499984741211,69.93000030517578,68.66999816894531,69.62000274658203,54.230323791503906,6741100.0
2018-06-14,COP,69.98999786376953,70.0199966430664,67.83999633789062,68.12999725341797,53.06968688964844,5694600.0
2018-06-15,COP,67.44999694824219,67.80000305175781,65.20999908447266,65.36000061035156,50.912010192871094,15982700.0
2018-06-18,COP,65.56999969482422,67.76000213623047,65.38999938964844,66.5999984741211,51.877899169921875,7680100.0
2018-06-19,COP,65.72000122070312,67.04000091552734,65.43000030517578,66.26000213623047,51.61305618286133,5211500.0
2018-06-20,COP,67.16000366210938,67.62999725341797,66.79000091552734,67.47000122070312,52.55558776855469,6323400.0
2018-06-21,COP,66.86000061035156,66.95999908447266,64.79000091552734,65.11000061035156,50.717262268066406,7439700.0
2018-06-22,COP,67.47000122070312,68.41000366210938,67.25,67.77999877929688,52.797054290771484,10945200.0
2018-06-25,COP,67.79000091552734,68.12999725341797,65.37000274658203,66.13999938964844,51.51957702636719,5274300.0
2018-06-26,COP,66.41000366210938,67.63999938964844,66.16999816894531,67.33999633789062,52.45431137084961,4956700.0
2018-06-27,COP,68.2300033569336,69.5199966430664,68.08999633789062,68.73999786376953,53.54484939575195,7625000.0
2018-06-28,COP,69.30000305175781,69.5,67.94000244140625,68.41000366210938,53.28779602050781,3958100.0
2018-06-29,COP,68.94000244140625,70.62999725341797,68.70999908447266,69.62000274658203,54.230323791503906,7132000.0
2018-07-02,COP,68.91000366210938,69.33000183105469,68.19999694824219,68.58999633789062,53.42799377441406,4952800.0
2018-07-03,COP,69.36000061035156,71.44000244140625,69.36000061035156,69.55999755859375,54.183589935302734,5338400.0
2018-07-05,COP,70.05000305175781,70.56999969482422,68.63999938964844,68.93000030517578,53.692840576171875,5719800.0
2018-07-06,COP,68.69000244140625,69.80999755859375,68.47000122070312,69.6500015258789,54.25368881225586,4429600.0
2018-07-09,COP,70.1500015258789,71.0,69.87999725341797,71.0,55.30527877807617,5271400.0
2018-07-10,COP,71.48999786376953,72.0,71.36000061035156,71.73999786376953,55.881683349609375,5246400.0
2018-07-11,COP,70.91999816894531,71.76000213623047,69.43000030517578,70.05000305175781,54.56525802612305,5636400.0
2018-07-12,COP,70.86000061035156,71.69999694824219,70.41000366210938,71.44999694824219,55.65580368041992,6386700.0
2018-07-13,COP,71.37000274658203,72.56999969482422,71.3499984741211,72.0,56.0842170715332,6313300.0
2018-07-16,COP,70.87999725341797,71.58999633789062,69.54000091552734,70.58000183105469,54.978092193603516,6216200.0
2018-07-17,COP,70.22000122070312,70.69000244140625,69.0999984741211,70.27999877929688,54.74443054199219,5724000.0
2018-07-18,COP,69.4800033569336,70.5,68.80999755859375,70.3499984741211,54.79894256591797,5667700.0
2018-07-19,COP,70.12999725341797,70.44000244140625,69.48999786376953,69.69000244140625,54.284847259521484,5959200.0
2018-07-20,COP,69.75,70.13999938964844,69.69000244140625,70.01000213623047,54.75804901123047,5617200.0
2018-07-23,COP,70.5,70.62000274658203,69.88999938964844,69.9800033569336,54.734580993652344,7936900.0
2018-07-24,COP,70.69999694824219,71.55000305175781,70.37000274658203,70.8499984741211,55.41505432128906,4709100.0
2018-07-25,COP,70.91999816894531,71.5999984741211,70.48999786376953,71.51000213623047,55.93126678466797,5148300.0
2018-07-26,COP,71.22000122070312,71.94000244140625,70.61000061035156,71.80000305175781,56.15808868408203,7360100.0
2018-07-27,COP,71.4800033569336,72.2699966430664,71.19000244140625,71.44999694824219,55.88434600830078,5587200.0
2018-07-30,COP,72.30000305175781,72.94000244140625,72.13999938964844,72.2699966430664,56.525672912597656,4934100.0
2018-07-31,COP,72.54000091552734,72.77999877929688,71.87999725341797,72.16999816894531,56.447486877441406,5422200.0
2018-08-01,COP,71.5199966430664,72.05000305175781,70.91000366210938,71.80999755859375,56.165897369384766,5313200.0
2018-08-02,COP,71.36000061035156,71.68000030517578,70.9800033569336,71.55999755859375,55.970367431640625,4669400.0
2018-08-03,COP,71.25,71.4800033569336,70.61000061035156,71.29000091552734,55.759193420410156,4028500.0
2018-08-06,COP,71.44000244140625,72.1500015258789,71.06999969482422,71.7300033569336,56.10334014892578,7177600.0
2018-08-07,COP,72.55000305175781,73.76000213623047,72.38999938964844,72.9000015258789,57.01844024658203,5631400.0
2018-08-08,COP,72.2300033569336,72.54000091552734,70.7300033569336,71.38999938964844,55.8374137878418,5784400.0
2018-08-09,COP,72.19999694824219,72.63999938964844,71.5199966430664,71.75,56.11898422241211,5975600.0
2018-08-10,COP,71.5999984741211,72.02999877929688,71.23999786376953,71.94000244140625,56.267578125,4855500.0
2018-08-13,COP,71.91000366210938,72.5199966430664,71.01000213623047,71.06999969482422,55.58713150024414,4322200.0
2018-08-14,COP,71.93000030517578,72.69000244140625,71.70999908447266,72.1500015258789,56.43183135986328,5223300.0
2018-08-15,COP,71.27999877929688,71.37000274658203,67.70999908447266,67.81999969482422,53.04514694213867,7944500.0
2018-08-16,COP,68.2699966430664,69.66000366210938,68.22000122070312,69.41000366210938,54.288761138916016,5453000.0
2018-08-17,COP,69.87000274658203,70.11000061035156,69.31999969482422,69.7699966430664,54.570335388183594,4435200.0
2018-08-20,COP,69.68000030517578,71.06999969482422,69.68000030517578,70.5199966430664,55.15693283081055,4659000.0
2018-08-21,COP,71.04000091552734,71.55999755859375,70.79000091552734,70.88999938964844,55.446327209472656,3717600.0
2018-08-22,COP,71.45999908447266,72.51000213623047,71.37999725341797,72.0,56.31450653076172,5019300.0
2018-08-23,COP,71.55000305175781,72.11000061035156,71.22000122070312,72.05000305175781,56.3536262512207,3995500.0
2018-08-24,COP,72.73999786376953,73.55999755859375,72.33999633789062,72.61000061035156,56.7916259765625,4934000.0
2018-08-27,COP,72.61000061035156,73.18000030517578,72.61000061035156,72.83999633789062,56.97151565551758,3389300.0
2018-08-28,COP,72.83999633789062,73.08999633789062,71.91999816894531,72.05000305175781,56.3536262512207,4072200.0
2018-08-29,COP,72.7699966430664,73.73999786376953,72.4800033569336,73.54000091552734,57.519004821777344,4887000.0
2018-08-30,COP,73.68000030517578,74.43000030517578,73.26000213623047,73.55999755859375,57.53462600708008,5141200.0
2018-08-31,COP,73.08000183105469,73.54000091552734,72.97000122070312,73.43000030517578,57.4329833984375,4152300.0
2018-09-04,COP,73.93000030517578,74.13999938964844,72.83000183105469,73.11000061035156,57.182708740234375,3447600.0
2018-09-05,COP,72.83999633789062,73.11000061035156,72.04000091552734,73.0,57.09666442871094,5080200.0
2018-09-06,COP,72.16999816894531,72.47000122070312,70.51000213623047,70.54000091552734,55.17258071899414,5443700.0
2018-09-07,COP,69.93000030517578,70.62000274658203,69.41999816894531,70.22000122070312,54.92230224609375,4370600.0
2018-09-10,COP,70.55999755859375,71.6500015258789,70.5199966430664,71.1500015258789,55.64970016479492,5188600.0
2018-09-11,COP,70.98999786376953,72.08000183105469,70.5999984741211,71.47000122070312,55.89998245239258,4172200.0
2018-09-12,COP,72.1500015258789,72.52999877929688,71.69000244140625,71.97000122070312,56.29105758666992,6137200.0
2018-09-13,COP,71.98999786376953,72.58000183105469,71.12000274658203,72.55000305175781,56.74469757080078,4038600.0
2018-09-14,COP,72.41000366210938,73.93000030517578,72.41000366210938,73.5,57.48774719238281,4618500.0
2018-09-17,COP,73.70999908447266,74.9000015258789,73.62000274658203,74.23999786376953,58.0665168762207,6010100.0
2018-09-18,COP,74.75,75.7300033569336,74.62999725341797,75.04000091552734,58.692230224609375,5989500.0
2018-09-19,COP,75.0,75.86000061035156,74.6500015258789,75.52999877929688,59.07551574707031,3952800.0
2018-09-20,COP,75.0999984741211,76.1500015258789,74.80999755859375,75.36000061035156,58.94252014160156,5220300.0
2018-09-21,COP,75.7699966430664,76.66000366210938,75.36000061035156,76.27999877929688,59.662105560302734,15114300.0
2018-09-24,COP,77.0,77.9000015258789,76.79000091552734,77.05999755859375,60.272159576416016,6377300.0
2018-09-25,COP,77.94999694824219,78.61000061035156,77.63999938964844,78.11000061035156,61.093421936035156,6145100.0
2018-09-26,COP,77.73999786376953,78.38999938964844,77.19999694824219,77.27999877929688,60.44424819946289,6148000.0
2018-09-27,COP,77.72000122070312,77.98999786376953,77.30999755859375,77.5199966430664,60.631961822509766,4367000.0
2018-09-28,COP,77.31999969482422,78.68000030517578,77.31999969482422,77.4000015258789,60.53810119628906,6190100.0
2018-10-01,COP,77.7699966430664,80.23999786376953,77.73999786376953,79.88999938964844,62.48563766479492,6407200.0
2018-10-02,COP,79.29000091552734,79.47000122070312,78.22000122070312,78.27999877929688,61.22637939453125,4534600.0
2018-10-03,COP,78.62999725341797,78.91000366210938,77.88999938964844,78.56999969482422,61.453224182128906,6825500.0
2018-10-04,COP,78.41000366210938,78.87999725341797,77.58999633789062,78.27999877929688,61.22637939453125,4457100.0
2018-10-05,COP,78.0,78.56999969482422,77.58999633789062,78.38999938964844,61.31243133544922,6535600.0
2018-10-08,COP,77.7300033569336,78.7699966430664,77.2699966430664,78.27999877929688,61.22637939453125,4034400.0
2018-10-09,COP,78.58999633789062,79.95999908447266,78.13999938964844,79.4000015258789,62.10240173339844,4869600.0
2018-10-10,COP,79.56999969482422,79.6500015258789,75.01000213623047,75.08999633789062,58.73134994506836,8332100.0
2018-10-11,COP,74.16000366210938,74.7699966430664,71.93000030517578,72.79000091552734,56.93241882324219,9326500.0
2018-10-12,COP,73.72000122070312,74.25,72.58999633789062,73.83000183105469,57.988826751708984,6296100.0
2018-10-15,COP,73.83000183105469,74.19000244140625,73.01000213623047,73.2699966430664,57.548988342285156,6125000.0
2018-10-16,COP,73.76000213623047,74.18000030517578,73.2300033569336,73.80000305175781,57.96525955200195,5726200.0
2018-10-17,COP,74.06999969482422,74.06999969482422,72.22000122070312,72.4800033569336,56.92849349975586,7302700.0
2018-10-18,COP,71.62000274658203,73.18000030517578,71.51000213623047,72.58999633789062,57.01488494873047,7800900.0
2018-10-19,COP,72.66999816894531,73.9000015258789,72.26000213623047,72.48999786376953,56.93632507324219,5658000.0
2018-10-22,COP,72.61000061035156,72.7699966430664,71.26000213623047,72.05000305175781,56.59074783325195,5385700.0
2018-10-23,COP,70.54000091552734,70.58999633789062,68.20999908447266,69.22000122070312,54.36796188354492,7502000.0
2018-10-24,COP,69.69999694824219,70.0199966430664,65.0,65.69000244140625,51.59537124633789,9260000.0
2018-10-25,COP,67.87999725341797,68.69000244140625,66.54000091552734,68.0199966430664,53.42543411254883,8727300.0
2018-10-26,COP,66.95999908447266,69.06999969482422,66.66999816894531,68.4800033569336,53.78673553466797,8193800.0
2018-10-29,COP,69.18000030517578,69.70999908447266,66.22000122070312,67.3499984741211,52.89918518066406,6853100.0
2018-10-30,COP,67.18000030517578,69.70999908447266,66.86000061035156,69.5199966430664,54.60358428955078,6506900.0
2018-10-31,COP,70.38999938964844,71.81999969482422,69.75,69.9000015258789,54.90206527709961,6591400.0
2018-11-01,COP,70.19999694824219,70.94999694824219,68.48999786376953,69.58000183105469,54.65070343017578,7826500.0
2018-11-02,COP,69.69000244140625,70.25,67.37999725341797,67.83999633789062,53.284053802490234,5725200.0
2018-11-05,COP,68.69000244140625,69.5,68.25,69.02999877929688,54.218727111816406,4955500.0
2018-11-06,COP,69.3499984741211,69.56999969482422,68.25,69.5,54.5878791809082,6150200.0
2018-11-07,COP,70.73999786376953,71.26000213623047,69.25,70.02999877929688,55.00416946411133,6585500.0
2018-11-08,COP,69.76000213623047,70.30999755859375,66.66999816894531,66.91000366210938,52.5535888671875,9826900.0
2018-11-09,COP,65.7300033569336,67.20999908447266,64.79000091552734,66.7300033569336,52.41221618652344,9190700.0
2018-11-12,COP,67.58999633789062,68.06999969482422,65.13999938964844,65.13999938964844,51.16337203979492,6766600.0
2018-11-13,COP,64.77999877929688,65.58000183105469,62.599998474121094,63.720001220703125,50.04804992675781,11213800.0
2018-11-14,COP,64.81999969482422,66.01000213623047,63.52000045776367,64.12000274658203,50.36223220825195,9708500.0
2018-11-15,COP,63.58000183105469,65.29000091552734,63.25,65.20999908447266,51.218360900878906,7782600.0
2018-11-16,COP,65.58999633789062,66.44000244140625,65.37999725341797,66.12000274658203,51.933101654052734,7993600.0
2018-11-19,COP,65.37000274658203,66.7300033569336,65.02999877929688,66.44000244140625,52.184444427490234,7793900.0
2018-11-20,COP,65.55999755859375,65.55999755859375,63.220001220703125,63.9900016784668,50.26012420654297,7453900.0
2018-11-21,COP,64.41000366210938,66.1500015258789,64.22000122070312,65.4800033569336,51.430423736572266,6392600.0
2018-11-23,COP,62.880001068115234,63.93000030517578,62.40999984741211,63.79999923706055,50.11088943481445,5361000.0
2018-11-26,COP,64.69999694824219,65.5999984741211,64.52999877929688,64.69999694824219,50.817771911621094,6355100.0
2018-11-27,COP,64.7300033569336,65.5999984741211,64.1500015258789,65.27999877929688,51.27333450317383,6116400.0
2018-11-28,COP,65.11000061035156,66.62999725341797,65.08999633789062,66.3499984741211,52.113746643066406,5602100.0
2018-11-29,COP,66.45999908447266,67.51000213623047,66.20999908447266,66.87000274658203,52.52217483520508,4606000.0
2018-11-30,COP,66.02999877929688,66.94000244140625,65.43000030517578,66.18000030517578,51.980224609375,7175400.0
2018-12-03,COP,68.0999984741211,69.26000213623047,67.55999755859375,69.11000061035156,54.28154373168945,7497100.0
2018-12-04,COP,69.43000030517578,69.72000122070312,66.79000091552734,66.91999816894531,52.56146240234375,7532200.0
2018-12-06,COP,64.91999816894531,66.61000061035156,64.30999755859375,66.61000061035156,52.317962646484375,8412000.0
2018-12-07,COP,68.23999786376953,69.12000274658203,65.80999755859375,65.91000366210938,51.76816177368164,8095500.0
2018-12-10,COP,65.08999633789062,65.79000091552734,63.29999923706055,65.19999694824219,51.21049880981445,8750900.0
2018-12-11,COP,66.13999938964844,66.75,64.7300033569336,65.44000244140625,51.39900588989258,5569200.0
2018-12-12,COP,66.05000305175781,67.05999755859375,65.22000122070312,65.2699966430664,51.265480041503906,5544900.0
2018-12-13,COP,65.12000274658203,67.08000183105469,64.88999938964844,66.12999725341797,51.940956115722656,6417200.0
2018-12-14,COP,66.12000274658203,66.29000091552734,64.30999755859375,64.55000305175781,50.69997024536133,6445900.0
2018-12-17,COP,64.56999969482422,64.83999633789062,62.689998626708984,63.119998931884766,49.57679748535156,7018300.0
2018-12-18,COP,63.029998779296875,63.619998931884766,61.470001220703125,61.90999984741211,48.62641525268555,6806200.0
2018-12-19,COP,62.560001373291016,63.7599983215332,60.81999969482422,61.279998779296875,48.131587982177734,7699800.0
2018-12-20,COP,60.27000045776367,61.720001220703125,59.66999816894531,60.0,47.12622833251953,8372900.0
2018-12-21,COP,59.209999084472656,60.970001220703125,58.810001373291016,59.79999923706055,46.96914291381836,15043600.0
2018-12-24,COP,58.83000183105469,59.68000030517578,57.0099983215332,57.0099983215332,44.77777099609375,3842800.0
2018-12-26,COP,57.68000030517578,61.529998779296875,56.75,61.5,48.30439376831055,7263900.0
2018-12-27,COP,60.630001068115234,62.2400016784668,59.45000076293945,62.22999954223633,48.87775421142578,6131000.0
2018-12-28,COP,62.75,62.869998931884766,61.150001525878906,61.66999816894531,48.43791198730469,5053700.0
2018-12-31,COP,62.130001068115234,62.72999954223633,61.689998626708984,62.349998474121094,48.972007751464844,5290800.0
2019-01-02,COP,60.689998626708984,63.849998474121094,60.43000030517578,63.380001068115234,49.781002044677734,5735400.0
2019-01-03,COP,63.540000915527344,63.709999084472656,61.65999984741211,62.18000030517578,48.838478088378906,4727300.0
2019-01-04,COP,63.08000183105469,63.90999984741211,62.65999984741211,63.75,50.071617126464844,7700100.0
2019-01-07,COP,63.90999984741211,64.2699966430664,62.689998626708984,63.470001220703125,49.85169982910156,6272200.0
2019-01-08,COP,64.20999908447266,64.58000183105469,63.459999084472656,64.31999969482422,50.51932144165039,5774900.0
2019-01-09,COP,65.06999969482422,66.75,64.5999984741211,66.44999694824219,52.192298889160156,8350300.0
2019-01-10,COP,65.87000274658203,68.01000213623047,65.43000030517578,67.94000244140625,53.36259078979492,8811100.0
2019-01-11,COP,67.27999877929688,67.33999633789062,65.79000091552734,66.38999938964844,52.145172119140625,6018300.0
2019-01-14,COP,65.62000274658203,66.31999969482422,65.33000183105469,65.61000061035156,51.532527923583984,4972000.0
2019-01-15,COP,66.04000091552734,66.77999877929688,65.76000213623047,66.02999877929688,51.86240768432617,4504100.0
2019-01-16,COP,65.73999786376953,66.2699966430664,65.48999786376953,65.66000366210938,51.571800231933594,5402300.0
2019-01-17,COP,65.05999755859375,67.16999816894531,65.01000213623047,67.05999755859375,52.671417236328125,5997400.0
2019-01-18,COP,67.63999938964844,68.30999755859375,67.16999816894531,67.9000015258789,53.3311882019043,6073800.0
2019-01-22,COP,67.0,67.23999786376953,65.58000183105469,65.75,51.64248275756836,6915500.0
2019-01-23,COP,66.22000122070312,66.45999908447266,65.1500015258789,65.86000061035156,51.72888946533203,5938700.0
2019-01-24,COP,65.97000122070312,66.7300033569336,65.44999694824219,66.12000274658203,51.933101654052734,5789900.0
2019-01-25,COP,66.6500015258789,67.61000061035156,66.5199966430664,66.98999786376953,52.61642837524414,4504500.0
2019-01-28,COP,65.87000274658203,65.87000274658203,64.87999725341797,65.3499984741211,51.328304290771484,5942800.0
2019-01-29,COP,66.20999908447266,66.29000091552734,65.25,65.30000305175781,51.28904342651367,5308800.0
2019-01-30,COP,65.80000305175781,66.0999984741211,65.11000061035156,65.69000244140625,51.59537124633789,8087400.0
2019-01-31,COP,66.54000091552734,68.30999755859375,65.9000015258789,67.69000244140625,53.16624450683594,9927700.0
2019-02-01,COP,68.33999633789062,69.44999694824219,68.0999984741211,68.68000030517578,53.94381332397461,7486400.0
2019-02-04,COP,68.19000244140625,70.01000213623047,68.19000244140625,69.93000030517578,54.925628662109375,5593100.0
2019-02-05,COP,69.6500015258789,69.95999908447266,69.11000061035156,69.26000213623047,54.39938735961914,4483900.0
2019-02-06,COP,68.66000366210938,69.55000305175781,68.51000213623047,69.11000061035156,54.28154373168945,4071300.0
2019-02-07,COP,68.37000274658203,68.83000183105469,67.25,67.4800033569336,53.00128936767578,6230300.0
2019-02-08,COP,66.80000305175781,67.08000183105469,65.26000213623047,66.26000213623047,52.279354095458984,6554900.0
2019-02-11,COP,65.58000183105469,67.06999969482422,65.58000183105469,66.73999786376953,52.6580810546875,5200400.0
2019-02-12,COP,68.01000213623047,68.30000305175781,67.23999786376953,67.44999694824219,53.21826934814453,3958000.0
2019-02-13,COP,67.70999908447266,68.83000183105469,67.63999938964844,67.77999877929688,53.478660583496094,5839800.0
2019-02-14,COP,67.5,69.69000244140625,67.5,69.0999984741211,54.52011489868164,5442800.0
2019-02-15,COP,69.94000244140625,70.31999969482422,69.4800033569336,70.18000030517578,55.372257232666016,5173500.0
2019-02-19,COP,69.5199966430664,70.01000213623047,69.18000030517578,69.48999786376953,54.827842712402344,5189600.0
2019-02-20,COP,69.45999908447266,70.75,69.44999694824219,70.6500015258789,55.743099212646484,5837100.0
2019-02-21,COP,70.23999786376953,70.83999633789062,69.93000030517578,70.23999786376953,55.41958236694336,5984300.0
2019-02-22,COP,70.8499984741211,71.01000213623047,69.87000274658203,69.97000122070312,55.2065544128418,5225500.0
2019-02-25,COP,69.66000366210938,70.01000213623047,69.2300033569336,69.25,54.638484954833984,5160900.0
2019-02-26,COP,69.0999984741211,69.52999877929688,68.73999786376953,68.91999816894531,54.378116607666016,4689900.0
2019-02-27,COP,69.29000091552734,70.33999633789062,68.76000213623047,69.22000122070312,54.614810943603516,5355700.0
2019-02-28,COP,69.1500015258789,69.19000244140625,67.66000366210938,67.8499984741211,53.533878326416016,8154300.0
2019-03-01,COP,68.08999633789062,69.11000061035156,68.08999633789062,68.93000030517578,54.386009216308594,7372600.0
2019-03-04,COP,69.5999984741211,70.05999755859375,68.7300033569336,69.9000015258789,55.151336669921875,6625800.0
2019-03-05,COP,70.0,70.05999755859375,68.5199966430664,69.01000213623047,54.44912338256836,7635500.0
2019-03-06,COP,68.61000061035156,68.63999938964844,67.94000244140625,68.29000091552734,53.88103485107422,7296300.0
2019-03-07,COP,68.36000061035156,68.4000015258789,67.55000305175781,67.94999694824219,53.61277389526367,6964300.0
2019-03-08,COP,66.69999694824219,66.69999694824219,64.91000366210938,65.43000030517578,51.624488830566406,8068800.0
2019-03-11,COP,66.19999694824219,66.33999633789062,65.33999633789062,65.87000274658203,51.97165298461914,8703500.0
2019-03-12,COP,66.16999816894531,66.41999816894531,65.1500015258789,65.62999725341797,51.782291412353516,11790200.0
2019-03-13,COP,66.08999633789062,67.36000061035156,66.02999877929688,67.3499984741211,53.13936996459961,8324800.0
2019-03-14,COP,67.27999877929688,67.86000061035156,66.97000122070312,67.0199966430664,52.87899398803711,7315500.0
2019-03-15,COP,66.55999755859375,67.93000030517578,66.52999877929688,67.58999633789062,53.328731536865234,16733200.0
2019-03-18,COP,67.87999725341797,68.30000305175781,67.30000305175781,67.61000061035156,53.34451675415039,7712200.0
2019-03-19,COP,68.13999938964844,68.5,67.0999984741211,67.3499984741211,53.13936996459961,6456400.0
2019-03-20,COP,67.38999938964844,68.16000366210938,66.66999816894531,67.54000091552734,53.289283752441406,7117300.0
2019-03-21,COP,67.7300033569336,68.27999877929688,67.26000213623047,68.13999938964844,53.762691497802734,5580900.0
2019-03-22,COP,67.45999908447266,67.75,65.38999938964844,66.06999969482422,52.129459381103516,5182100.0
2019-03-25,COP,66.04000091552734,67.48999786376953,65.5199966430664,67.06999969482422,52.918460845947266,8070000.0
2019-03-26,COP,67.97000122070312,69.5999984741211,67.91000366210938,68.55999755859375,54.09406661987305,7245200.0
2019-03-27,COP,68.30000305175781,69.08000183105469,67.58000183105469,67.91000366210938,53.58122253417969,5015600.0
2019-03-28,COP,67.4000015258789,67.61000061035156,66.76000213623047,67.37999725341797,53.16304397583008,5122100.0
2019-03-29,COP,68.27999877929688,68.54000091552734,66.58000183105469,66.73999786376953,52.6580810546875,6810900.0
2019-04-01,COP,67.48999786376953,68.12000274658203,67.30999755859375,67.69000244140625,53.40764617919922,5309000.0
2019-04-02,COP,67.58999633789062,67.83000183105469,66.08999633789062,66.3499984741211,52.350372314453125,5833000.0
2019-04-03,COP,66.80999755859375,66.95999908447266,65.16999816894531,65.51000213623047,51.68760681152344,5490800.0
2019-04-04,COP,65.56999969482422,65.7699966430664,64.97000122070312,65.16000366210938,51.41146469116211,6397900.0
2019-04-05,COP,65.51000213623047,66.19000244140625,65.26000213623047,66.12000274658203,52.16890335083008,8337800.0
2019-04-08,COP,66.51000213623047,67.5199966430664,66.19000244140625,66.55000305175781,52.508182525634766,5705200.0
2019-04-09,COP,66.20999908447266,66.27999877929688,65.44999694824219,65.69999694824219,51.8375129699707,4707300.0
2019-04-10,COP,66.08000183105469,67.18000030517578,66.02999877929688,66.97000122070312,52.83955001831055,6629000.0
2019-04-11,COP,66.63999938964844,67.5999984741211,65.72000122070312,66.37000274658203,52.366146087646484,9486900.0
2019-04-12,COP,67.55999755859375,68.22000122070312,67.25,67.37000274658203,53.15514373779297,9913100.0
2019-04-15,COP,67.05999755859375,67.2300033569336,66.20999908447266,66.33999633789062,52.342472076416016,7284800.0
2019-04-16,COP,66.76000213623047,66.91000366210938,65.83999633789062,65.83999633789062,51.947967529296875,7790500.0
2019-04-17,COP,66.48999786376953,67.0,65.77999877929688,65.77999877929688,51.900638580322266,7907100.0
2019-04-18,COP,65.94000244140625,66.38999938964844,65.5199966430664,65.9000015258789,51.99532699584961,6033400.0
2019-04-22,COP,66.69999694824219,67.30000305175781,66.33000183105469,66.95999908447266,52.831661224365234,9061600.0
2019-04-23,COP,66.98999786376953,67.41999816894531,66.43000030517578,66.44999694824219,52.42926025390625,8133500.0
2019-04-24,COP,67.0,67.0,64.69000244140625,64.69999694824219,51.048500061035156,7624600.0
2019-04-25,COP,64.62999725341797,64.6500015258789,63.93000030517578,63.970001220703125,50.4725341796875,7305000.0
2019-04-26,COP,63.58000183105469,63.650001525878906,62.08000183105469,62.779998779296875,49.53362274169922,9216800.0
2019-04-29,COP,62.77000045776367,63.119998931884766,62.36000061035156,62.650001525878906,49.431053161621094,6769300.0
2019-04-30,COP,63.54999923706055,63.970001220703125,62.54999923706055,63.119998931884766,49.80189514160156,9358300.0
2019-05-01,COP,63.72999954223633,64.52999877929688,62.66999816894531,62.66999816894531,49.446834564208984,12032000.0
2019-05-02,COP,62.20000076293945,63.310001373291016,61.279998779296875,61.290000915527344,48.3580207824707,12614200.0
2019-05-03,COP,61.900001525878906,62.880001068115234,61.52000045776367,62.0099983215332,48.926090240478516,6883800.0
2019-05-06,COP,61.25,62.349998474121094,60.97999954223633,61.880001068115234,48.823524475097656,7402400.0
2019-05-07,COP,61.15999984741211,61.34000015258789,60.29999923706055,61.0,48.129207611083984,6452200.0
2019-05-08,COP,61.040000915527344,62.13999938964844,60.959999084472656,61.43000030517578,48.46847915649414,4809000.0
2019-05-09,COP,60.83000183105469,61.83000183105469,60.650001525878906,61.540000915527344,48.555267333984375,7799800.0
2019-05-10,COP,61.27000045776367,62.279998779296875,60.470001220703125,61.91999816894531,49.098426818847656,6411500.0
2019-05-13,COP,61.4900016784668,61.90999984741211,60.81999969482422,61.189998626708984,48.51958465576172,6280300.0
2019-05-14,COP,61.4900016784668,62.88999938964844,61.439998626708984,62.31999969482422,49.41560363769531,5259000.0
2019-05-15,COP,62.0,62.31999969482422,61.29999923706055,62.040000915527344,49.193580627441406,6316300.0
2019-05-16,COP,62.599998474121094,63.130001068115234,62.5,62.56999969482422,49.61383819580078,5312500.0
2019-05-17,COP,61.970001220703125,62.56999969482422,61.81999969482422,62.099998474121094,49.24116134643555,4906100.0
2019-05-20,COP,62.029998779296875,62.560001373291016,61.880001068115234,62.45000076293945,49.518680572509766,4794800.0
2019-05-21,COP,62.70000076293945,63.959999084472656,62.689998626708984,63.619998931884766,50.446407318115234,5855300.0
2019-05-22,COP,63.06999969482422,63.709999084472656,62.7400016784668,63.04999923706055,49.99443817138672,5156300.0
2019-05-23,COP,61.84000015258789,61.970001220703125,59.220001220703125,59.5,47.17951202392578,8896800.0
2019-05-24,COP,60.02000045776367,60.40999984741211,58.93000030517578,59.880001068115234,47.480838775634766,6070700.0
2019-05-28,COP,60.029998779296875,60.63999938964844,59.779998779296875,60.04999923706055,47.61562728881836,5685800.0
2019-05-29,COP,59.290000915527344,60.349998474121094,58.939998626708984,60.13999938964844,47.687007904052734,6828300.0
2019-05-30,COP,60.06999969482422,60.310001373291016,58.599998474121094,58.95000076293945,46.74342346191406,5817900.0
2019-05-31,COP,58.04999923706055,59.400001525878906,57.81999969482422,58.959999084472656,46.751346588134766,6939500.0
2019-06-03,COP,59.06999969482422,60.20000076293945,59.02000045776367,59.41999816894531,47.1160888671875,6541500.0
2019-06-04,COP,59.869998931884766,60.0,58.959999084472656,59.099998474121094,46.86235427856445,7260500.0
2019-06-05,COP,59.209999084472656,59.29999923706055,56.97999954223633,57.08000183105469,45.2606201171875,11839200.0
2019-06-06,COP,57.380001068115234,58.529998779296875,57.290000915527344,58.20000076293945,46.14872360229492,7370600.0
2019-06-07,COP,58.310001373291016,59.310001373291016,58.150001525878906,58.959999084472656,46.751346588134766,5893000.0
2019-06-10,COP,59.33000183105469,59.689998626708984,58.790000915527344,59.2599983215332,46.98922348022461,5268400.0
2019-06-11,COP,59.689998626708984,59.869998931884766,58.65999984741211,58.72999954223633,46.568973541259766,5280300.0
2019-06-12,COP,58.16999816894531,58.61000061035156,57.880001068115234,58.54999923706055,46.42623519897461,5677400.0
2019-06-13,COP,59.349998474121094,59.619998931884766,58.86000061035156,59.060001373291016,46.83062744140625,5174200.0
2019-06-14,COP,59.060001373291016,59.38999938964844,58.689998626708984,58.81999969482422,46.640323638916016,3590500.0
2019-06-17,COP,58.349998474121094,59.11000061035156,58.279998779296875,59.0099983215332,46.79097366333008,4575000.0
2019-06-18,COP,59.43000030517578,60.220001220703125,59.209999084472656,59.83000183105469,47.441200256347656,4980000.0
2019-06-19,COP,59.75,60.290000915527344,59.38999938964844,59.650001525878906,47.29846954345703,4469100.0
2019-06-20,COP,60.72999954223633,61.20000076293945,60.400001525878906,60.70000076293945,48.13104248046875,9437900.0
2019-06-21,COP,60.70000076293945,60.9900016784668,60.27000045776367,60.33000183105469,47.837669372558594,9147100.0
2019-06-24,COP,60.31999969482422,60.779998779296875,60.27000045776367,60.52000045776367,47.98832702636719,3701800.0
2019-06-25,COP,60.29999923706055,60.880001068115234,59.7599983215332,59.77000045776367,47.39361572265625,5024000.0
2019-06-26,COP,60.83000183105469,63.29999923706055,60.81999969482422,62.75,49.75656509399414,9509900.0
2019-06-27,COP,62.58000183105469,62.86000061035156,60.880001068115234,61.27000045776367,48.58302307128906,6004700.0
2019-06-28,COP,61.27000045776367,61.689998626708984,60.68000030517578,61.0,48.36894226074219,6108800.0
2019-07-01,COP,62.0,62.810001373291016,61.709999084472656,62.25,49.36009216308594,6272200.0
2019-07-02,COP,62.22999954223633,62.33000183105469,59.90999984741211,60.099998474121094,47.65529251098633,8132300.0
2019-07-03,COP,60.52000045776367,60.7599983215332,59.9900016784668,60.5,47.97245407104492,4881900.0
2019-07-05,COP,60.189998626708984,60.58000183105469,59.59000015258789,59.900001525878906,47.49669647216797,4584300.0
2019-07-08,COP,59.79999923706055,60.54999923706055,59.75,59.88999938964844,47.488773345947266,7176000.0
2019-07-09,COP,59.97999954223633,60.18000030517578,59.0,59.88999938964844,47.488773345947266,6057000.0
2019-07-10,COP,60.47999954223633,61.27000045776367,60.25,61.209999084472656,48.53543472290039,5983900.0
2019-07-11,COP,61.04999923706055,61.470001220703125,60.7599983215332,61.459999084472656,48.73367691040039,4194600.0
2019-07-12,COP,61.45000076293945,61.959999084472656,61.279998779296875,61.7599983215332,48.971561431884766,4806300.0
2019-07-15,COP,61.849998474121094,61.90999984741211,60.58000183105469,60.650001525878906,48.091400146484375,5051000.0
2019-07-16,COP,60.650001525878906,60.83000183105469,59.56999969482422,59.75,47.37775802612305,6011300.0
2019-07-17,COP,60.11000061035156,60.540000915527344,59.77000045776367,59.779998779296875,47.40154266357422,7055900.0
2019-07-18,COP,60.060001373291016,60.439998626708984,59.790000915527344,60.31999969482422,47.82972717285156,5711600.0
2019-07-19,COP,59.93000030517578,60.58000183105469,59.36000061035156,60.33000183105469,48.08077621459961,5136000.0
2019-07-22,COP,60.459999084472656,60.95000076293945,59.970001220703125,60.439998626708984,48.16843795776367,3320500.0
2019-07-23,COP,60.34000015258789,60.459999084472656,59.84000015258789,60.279998779296875,48.040924072265625,4431900.0
2019-07-24,COP,60.130001068115234,60.720001220703125,59.88999938964844,60.08000183105469,47.88152313232422,4405000.0
2019-07-25,COP,60.59000015258789,60.599998474121094,58.900001525878906,59.040000915527344,47.052696228027344,5019300.0
2019-07-26,COP,58.900001525878906,59.36000061035156,58.439998626708984,58.75,46.821563720703125,6704100.0
2019-07-29,COP,58.689998626708984,58.810001373291016,57.47999954223633,58.189998626708984,46.375282287597656,6597500.0
2019-07-30,COP,57.099998474121094,59.86000061035156,57.02000045776367,59.5099983215332,47.4272575378418,5927800.0
2019-07-31,COP,59.47999954223633,59.7400016784668,58.380001068115234,59.08000183105469,47.084571838378906,8268500.0
2019-08-01,COP,58.08000183105469,60.279998779296875,57.88999938964844,58.79999923706055,46.861419677734375,7924200.0
2019-08-02,COP,58.939998626708984,59.310001373291016,56.31999969482422,56.470001220703125,45.00449752807617,7697700.0
2019-08-05,COP,55.54999923706055,55.709999084472656,54.22999954223633,54.68000030517578,43.57793426513672,7474600.0
2019-08-06,COP,55.02000045776367,55.029998779296875,53.91999816894531,54.22999954223633,43.21928787231445,6166900.0
2019-08-07,COP,53.279998779296875,53.720001220703125,52.29999923706055,53.31999969482422,42.49406433105469,9289600.0
2019-08-08,COP,53.779998779296875,55.09000015258789,53.29999923706055,55.06999969482422,43.88874435424805,7444800.0
2019-08-09,COP,54.959999084472656,55.470001220703125,53.97999954223633,54.0099983215332,43.043968200683594,5391700.0
2019-08-12,COP,53.790000915527344,53.93000030517578,52.849998474121094,53.119998931884766,42.33467483520508,4726100.0
2019-08-13,COP,52.84000015258789,54.83000183105469,52.439998626708984,53.869998931884766,42.93238830566406,6461800.0
2019-08-14,COP,52.459999084472656,52.86000061035156,51.5099983215332,51.779998779296875,41.26675033569336,7851800.0
2019-08-15,COP,51.400001525878906,52.0099983215332,50.59000015258789,50.90999984741211,40.57339096069336,6069800.0
2019-08-16,COP,51.04999923706055,51.79999923706055,50.79999923706055,51.470001220703125,41.019683837890625,5273200.0
2019-08-19,COP,52.56999969482422,54.29999923706055,52.459999084472656,53.939998626708984,42.98817825317383,9315400.0
2019-08-20,COP,53.5099983215332,53.599998474121094,52.650001525878906,52.709999084472656,42.00791549682617,5297700.0
2019-08-21,COP,53.33000183105469,53.66999816894531,52.38999938964844,52.630001068115234,41.94416046142578,6044600.0
2019-08-22,COP,52.90999984741211,53.349998474121094,52.22999954223633,52.2599983215332,41.64928436279297,4316200.0
2019-08-23,COP,51.650001525878906,52.189998626708984,50.130001068115234,50.41999816894531,40.18287658691406,7133400.0
2019-08-26,COP,51.04999923706055,51.709999084472656,50.689998626708984,51.369998931884766,40.939979553222656,4989100.0
2019-08-27,COP,51.72999954223633,51.849998474121094,50.52000045776367,50.97999954223633,40.62915802001953,5342100.0
2019-08-28,COP,51.40999984741211,52.2400016784668,51.25,51.95000076293945,41.402225494384766,4880300.0
2019-08-29,COP,52.310001373291016,52.95000076293945,52.209999084472656,52.290000915527344,41.67319107055664,6401900.0
2019-08-30,COP,52.36000061035156,52.939998626708984,51.619998931884766,52.18000030517578,41.58551788330078,5131500.0
2019-09-03,COP,51.04999923706055,52.119998931884766,50.7400016784668,52.040000915527344,41.47394943237305,5142300.0
2019-09-04,COP,52.790000915527344,53.47999954223633,52.599998474121094,53.29999923706055,42.47812271118164,5803100.0
2019-09-05,COP,53.59000015258789,54.2400016784668,53.290000915527344,53.439998626708984,42.58970642089844,6014500.0
2019-09-06,COP,53.08000183105469,53.790000915527344,52.68000030517578,53.630001068115234,42.74112319946289,4635000.0
2019-09-09,COP,54.20000076293945,55.04999923706055,53.869998931884766,54.970001220703125,43.80905532836914,6176800.0
2019-09-10,COP,55.540000915527344,57.4900016784668,55.38999938964844,56.31999969482422,44.88495635986328,8567700.0
2019-09-11,COP,56.72999954223633,57.47999954223633,56.290000915527344,57.20000076293945,45.586280822753906,7940300.0
2019-09-12,COP,55.9900016784668,56.970001220703125,55.58000183105469,56.349998474121094,44.908851623535156,5712300.0
2019-09-13,COP,56.97999954223633,57.70000076293945,56.869998931884766,57.34000015258789,45.69784927368164,7885300.0
2019-09-16,COP,61.45000076293945,63.150001525878906,60.5099983215332,62.529998779296875,49.83409118652344,17898000.0
2019-09-17,COP,62.470001220703125,63.220001220703125,60.20000076293945,61.220001220703125,48.79006576538086,13487100.0
2019-09-18,COP,60.0,60.369998931884766,59.27000045776367,60.0099983215332,47.82575225830078,7412500.0
2019-09-19,COP,60.47999954223633,60.689998626708984,59.75,59.970001220703125,47.79387664794922,6270700.0
2019-09-20,COP,60.25,61.220001220703125,60.130001068115234,60.81999969482422,48.47127914428711,18124800.0
2019-09-23,COP,60.0,60.66999816894531,59.86000061035156,60.18000030517578,47.96123123168945,6729300.0
2019-09-24,COP,59.9900016784668,60.060001373291016,58.349998474121094,59.29999923706055,47.2598991394043,9370200.0
2019-09-25,COP,58.459999084472656,59.5,58.29999923706055,59.47999954223633,47.403358459472656,5788200.0
2019-09-26,COP,59.060001373291016,59.130001068115234,57.290000915527344,57.68000030517578,45.96882247924805,6655400.0
2019-09-27,COP,57.060001373291016,58.34000015258789,56.959999084472656,57.900001525878906,46.14415740966797,4329300.0
2019-09-30,COP,57.56999969482422,57.90999984741211,56.689998626708984,56.97999954223633,45.41095733642578,5923700.0
2019-10-01,COP,57.5,57.70000076293945,55.029998779296875,55.150001525878906,43.952510833740234,6329000.0
2019-10-02,COP,54.790000915527344,55.040000915527344,53.0,53.06999969482422,42.29482650756836,6135600.0
2019-10-03,COP,52.790000915527344,53.810001373291016,52.29999923706055,53.65999984741211,42.76504135131836,4238200.0
2019-10-04,COP,53.529998779296875,53.9900016784668,52.70000076293945,53.5,42.63751983642578,5148300.0
2019-10-07,COP,54.150001525878906,55.630001068115234,53.79999923706055,54.599998474121094,43.51417541503906,8158600.0
2019-10-08,COP,53.900001525878906,55.380001068115234,53.72999954223633,53.900001525878906,42.9563102722168,6968700.0
2019-10-09,COP,54.59000015258789,55.349998474121094,54.290000915527344,54.939998626708984,43.78514862060547,5632100.0
2019-10-10,COP,55.0,56.0099983215332,55.0,55.880001068115234,44.53428649902344,5426500.0
2019-10-11,COP,56.47999954223633,56.9900016784668,56.20000076293945,56.43000030517578,44.972625732421875,6810600.0
2019-10-14,COP,55.83000183105469,56.45000076293945,55.63999938964844,56.130001068115234,44.73353958129883,4402900.0
2019-10-15,COP,55.790000915527344,56.4900016784668,55.40999984741211,55.95000076293945,44.59008026123047,6226000.0
2019-10-16,COP,55.43000030517578,55.7400016784668,54.560001373291016,54.61000061035156,43.851318359375,5190700.0
2019-10-17,COP,54.7599983215332,54.86000061035156,53.97999954223633,54.529998779296875,43.78708267211914,4364300.0
2019-10-18,COP,54.65999984741211,54.880001068115234,53.95000076293945,53.95000076293945,43.32135772705078,5160400.0
2019-10-21,COP,54.25,56.11000061035156,54.08000183105469,55.959999084472656,44.935359954833984,6734100.0
2019-10-22,COP,55.939998626708984,57.650001525878906,55.93000030517578,56.540000915527344,45.401092529296875,6187300.0
2019-10-23,COP,56.619998931884766,56.81999969482422,55.56999969482422,56.25,45.168235778808594,5252400.0
2019-10-24,COP,56.56999969482422,56.900001525878906,55.72999954223633,56.15999984741211,45.09595489501953,4552100.0
2019-10-25,COP,56.09000015258789,56.70000076293945,55.59000015258789,56.349998474121094,45.248531341552734,3046000.0
2019-10-28,COP,56.47999954223633,56.95000076293945,54.86000061035156,55.68000030517578,44.71052551269531,7574600.0
2019-10-29,COP,55.79999923706055,57.970001220703125,54.38999938964844,57.09000015258789,45.84274673461914,8699200.0
2019-10-30,COP,57.439998626708984,57.459999084472656,54.95000076293945,55.040000915527344,44.19660949707031,7907800.0
2019-10-31,COP,54.869998931884766,55.20000076293945,54.130001068115234,55.20000076293945,44.32509994506836,6346400.0
2019-11-01,COP,55.650001525878906,57.4900016784668,55.470001220703125,57.150001525878906,45.89093017578125,6483600.0
2019-11-04,COP,57.7599983215332,58.56999969482422,57.209999084472656,58.0,46.573463439941406,5667900.0
2019-11-05,COP,58.619998931884766,59.33000183105469,58.36000061035156,58.5099983215332,46.98299026489258,7545200.0
2019-11-06,COP,58.25,59.08000183105469,57.349998474121094,57.630001068115234,46.2763557434082,5464900.0
2019-11-07,COP,58.29999923706055,59.630001068115234,58.29999923706055,59.540000915527344,47.8100700378418,9492200.0
2019-11-08,COP,58.88999938964844,59.29999923706055,57.91999816894531,59.15999984741211,47.50493240356445,4769000.0
2019-11-11,COP,58.65999984741211,59.2400016784668,58.29999923706055,58.90999984741211,47.30418395996094,3716200.0
2019-11-12,COP,58.97999954223633,59.45000076293945,57.939998626708984,58.22999954223633,46.758155822753906,4939900.0
2019-11-13,COP,57.84000015258789,58.02000045776367,57.220001220703125,57.560001373291016,46.220149993896484,4644200.0
2019-11-14,COP,57.7599983215332,58.04999923706055,56.959999084472656,57.25,45.971221923828125,3971200.0
2019-11-15,COP,57.560001373291016,58.290000915527344,57.54999923706055,58.25,46.77422332763672,4261900.0
2019-11-18,COP,57.70000076293945,57.779998779296875,56.38999938964844,56.70000076293945,45.52958297729492,5793300.0
2019-11-19,COP,56.83000183105469,57.529998779296875,56.29999923706055,57.16999816894531,45.90699768066406,6588000.0
2019-11-20,COP,57.099998474121094,59.54999923706055,56.91999816894531,59.36000061035156,47.66553497314453,10097500.0
2019-11-21,COP,59.54999923706055,60.54999923706055,59.400001525878906,60.209999084472656,48.34807205200195,10527300.0
2019-11-22,COP,60.4900016784668,61.38999938964844,59.63999938964844,59.900001525878906,48.09914779663086,6575300.0
2019-11-25,COP,60.0,61.15999984741211,59.209999084472656,61.04999923706055,49.022586822509766,7721200.0
2019-11-26,COP,60.79999923706055,61.36000061035156,60.06999969482422,60.11000061035156,48.26777648925781,8151100.0
2019-11-27,COP,60.349998474121094,60.47999954223633,59.27000045776367,60.34000015258789,48.45247268676758,5998400.0
2019-11-29,COP,59.61000061035156,60.29999923706055,59.43000030517578,59.939998626708984,48.13126754760742,2707100.0
2019-12-02,COP,60.2400016784668,61.29999923706055,60.02000045776367,60.369998931884766,48.476558685302734,7171500.0
2019-12-03,COP,59.7400016784668,59.90999984741211,58.61000061035156,58.88999938964844,47.288124084472656,6110000.0
2019-12-04,COP,59.36000061035156,61.04999923706055,59.18000030517578,60.630001068115234,48.685325622558594,8036700.0
2019-12-05,COP,61.0,61.27000045776367,59.439998626708984,59.84000015258789,48.05096435546875,5047000.0
2019-12-06,COP,60.310001373291016,62.130001068115234,60.130001068115234,61.970001220703125,49.76133728027344,8311100.0
2019-12-09,COP,61.58000183105469,62.220001220703125,61.380001068115234,61.83000183105469,49.648921966552734,5256500.0
2019-12-10,COP,61.84000015258789,62.0099983215332,61.33000183105469,61.7599983215332,49.592708587646484,4630200.0
2019-12-11,COP,61.369998931884766,61.84000015258789,61.029998779296875,61.68000030517578,49.528480529785156,3959200.0
2019-12-12,COP,61.4900016784668,62.95000076293945,61.369998931884766,62.59000015258789,50.25919723510742,5162700.0
2019-12-13,COP,63.45000076293945,64.06999969482422,62.4900016784668,62.70000076293945,50.3475227355957,6965000.0
2019-12-16,COP,63.04999923706055,63.56999969482422,62.529998779296875,62.81999969482422,50.443878173828125,5590000.0
2019-12-17,COP,62.900001525878906,63.779998779296875,62.900001525878906,63.52000045776367,51.0059814453125,6211100.0
2019-12-18,COP,63.470001220703125,63.959999084472656,63.150001525878906,63.20000076293945,50.7490234375,5598400.0
2019-12-19,COP,62.97999954223633,63.369998931884766,62.90999984741211,63.189998626708984,50.74099349975586,5197100.0
2019-12-20,COP,63.93000030517578,64.0199966430664,63.22999954223633,63.720001220703125,51.166568756103516,11008000.0
2019-12-23,COP,63.66999816894531,64.83000183105469,63.459999084472656,64.5999984741211,51.873199462890625,7019800.0
2019-12-24,COP,64.76000213623047,65.51000213623047,64.61000061035156,64.66999816894531,51.929405212402344,3188400.0
2019-12-26,COP,65.08999633789062,65.73999786376953,64.8499984741211,65.0,52.194393157958984,4835200.0
2019-12-27,COP,65.19999694824219,65.62999725341797,64.61000061035156,64.9800033569336,52.1783447265625,5414300.0
2019-12-30,COP,65.06999969482422,65.25,64.52999877929688,64.61000061035156,51.88123321533203,3665200.0
2019-12-31,COP,64.1500015258789,65.16999816894531,63.900001525878906,65.02999877929688,52.21849060058594,3639800.0
2020-01-02,COP,65.27999877929688,65.68000030517578,64.8499984741211,65.45999908447266,52.56377410888672,4122800.0
2020-01-03,COP,67.04000091552734,67.12999725341797,65.06999969482422,65.69999694824219,52.75648880004883,6333200.0
2020-01-06,COP,66.27999877929688,66.94000244140625,65.87999725341797,66.4800033569336,53.3828239440918,8823800.0
2020-01-07,COP,66.44000244140625,66.48999786376953,65.73999786376953,66.4800033569336,53.3828239440918,5974800.0
2020-01-08,COP,66.44999694824219,66.62999725341797,64.5199966430664,64.94000244140625,52.14622116088867,6470100.0
2020-01-09,COP,64.56999969482422,66.1500015258789,64.29000091552734,66.06999969482422,53.05360794067383,6005100.0
2020-01-10,COP,65.86000061035156,66.19999694824219,65.33000183105469,65.41999816894531,52.531654357910156,7233100.0
2020-01-13,COP,65.36000061035156,65.51000213623047,64.87999725341797,65.12999725341797,52.29877471923828,3675300.0
2020-01-14,COP,65.22000122070312,65.33000183105469,64.66000366210938,65.13999938964844,52.306827545166016,6119400.0
2020-01-15,COP,65.0,65.33000183105469,64.44000244140625,65.0,52.194393157958984,3933300.0
2020-01-16,COP,65.38999938964844,65.61000061035156,64.76000213623047,65.06999969482422,52.2506103515625,4315200.0
2020-01-17,COP,65.27999877929688,65.43000030517578,64.83999633789062,65.06999969482422,52.2506103515625,4765500.0
2020-01-21,COP,64.56999969482422,64.8499984741211,63.939998626708984,64.02999877929688,51.41550827026367,6974000.0
2020-01-22,COP,63.79999923706055,63.79999923706055,62.83000183105469,63.0099983215332,50.5964469909668,6755800.0
2020-01-23,COP,62.0099983215332,63.36000061035156,61.619998931884766,63.13999938964844,50.70083999633789,6199900.0
2020-01-24,COP,62.70000076293945,62.70000076293945,62.04999923706055,62.619998931884766,50.28327941894531,5689500.0
2020-01-27,COP,61.369998931884766,61.83000183105469,60.84000015258789,61.040000915527344,49.014564514160156,7321100.0
2020-01-28,COP,61.61000061035156,61.68000030517578,60.900001525878906,61.18000030517578,49.12697982788086,4824700.0
2020-01-29,COP,61.59000015258789,61.68000030517578,60.27000045776367,60.4900016784668,48.57292175292969,4102500.0
2020-01-30,COP,59.75,60.9900016784668,59.59000015258789,60.88999938964844,48.894107818603516,6931500.0
2020-01-31,COP,60.0,60.40999984741211,59.119998931884766,59.43000030517578,47.721736907958984,7673000.0
2020-02-03,COP,59.40999984741211,60.34000015258789,58.86000061035156,59.18000030517578,47.52099609375,7015300.0
2020-02-04,COP,58.93000030517578,59.81999969482422,56.43000030517578,56.4900016784668,45.360958099365234,13403000.0
2020-02-05,COP,57.279998779296875,58.95000076293945,56.81999969482422,58.779998779296875,47.199798583984375,12891800.0
2020-02-06,COP,59.06999969482422,59.06999969482422,57.93000030517578,58.40999984741211,46.90269088745117,5901700.0
2020-02-07,COP,57.810001373291016,58.369998931884766,57.560001373291016,57.9900016784668,46.5654411315918,5081800.0
2020-02-10,COP,57.459999084472656,58.13999938964844,57.209999084472656,57.869998931884766,46.46907043457031,6756300.0
2020-02-11,COP,58.849998474121094,59.0099983215332,58.209999084472656,58.709999084472656,47.14358901977539,6143000.0
2020-02-12,COP,59.900001525878906,61.150001525878906,59.540000915527344,59.7599983215332,47.986717224121094,5906800.0
2020-02-13,COP,59.09000015258789,59.45000076293945,58.599998474121094,58.81999969482422,47.56621170043945,5995600.0
2020-02-14,COP,58.869998931884766,59.099998474121094,58.18000030517578,58.619998931884766,47.40447235107422,4204500.0
2020-02-18,COP,58.40999984741211,58.56999969482422,57.709999084472656,58.29999923706055,47.14570236206055,3937800.0
2020-02-19,COP,58.75,59.36000061035156,58.68000030517578,59.2599983215332,47.92203140258789,5267400.0
2020-02-20,COP,59.25,59.54999923706055,58.58000183105469,58.880001068115234,47.61473846435547,5755000.0
2020-02-21,COP,58.31999969482422,58.61000061035156,57.77000045776367,58.439998626708984,47.2589225769043,5216300.0
2020-02-24,COP,56.150001525878906,56.939998626708984,55.9900016784668,56.380001068115234,45.59305953979492,10350200.0
2020-02-25,COP,56.52000045776367,56.689998626708984,53.540000915527344,53.83000183105469,43.53093338012695,10447900.0
2020-02-26,COP,54.02000045776367,54.25,51.11000061035156,51.16999816894531,41.37984848022461,11646700.0
2020-02-27,COP,49.599998474121094,49.61000061035156,47.130001068115234,47.130001068115234,38.11281967163086,14676100.0
2020-02-28,COP,45.41999816894531,48.439998626708984,45.119998931884766,48.41999816894531,39.156002044677734,16558800.0
2020-03-02,COP,49.31999969482422,49.380001068115234,46.880001068115234,49.22999954223633,39.8110237121582,10672800.0
2020-03-03,COP,49.529998779296875,51.4900016784668,47.45000076293945,48.119998931884766,38.91340255737305,11785400.0
2020-03-04,COP,48.75,49.54999923706055,47.7400016784668,49.43000030517578,39.97278594970703,8924200.0
2020-03-05,COP,47.97999954223633,48.63999938964844,46.779998779296875,47.70000076293945,38.573768615722656,9603800.0
2020-03-06,COP,45.97999954223633,46.4900016784668,44.68000030517578,45.33000183105469,36.657203674316406,14504800.0
2020-03-09,COP,33.95000076293945,36.20000076293945,32.0,34.06999969482422,27.551532745361328,29828600.0
2020-03-10,COP,36.63999938964844,37.41999816894531,33.0,34.880001068115234,28.206565856933594,20337700.0
2020-03-11,COP,33.59000015258789,33.95000076293945,31.510000228881836,32.560001373291016,26.33043670654297,18460700.0
2020-03-12,COP,30.34000015258789,31.40999984741211,27.81999969482422,28.200000762939453,22.804615020751953,16581700.0
2020-03-13,COP,30.600000381469727,31.739999771118164,27.59000015258789,31.3799991607666,25.376201629638672,17506900.0
2020-03-16,COP,27.489999771118164,31.149999618530273,25.90999984741211,26.079999923706055,21.090225219726562,13774100.0
2020-03-17,COP,26.360000610351562,26.850000381469727,24.389999389648438,26.25,21.227703094482422,18692900.0
2020-03-18,COP,24.25,25.600000381469727,20.84000015258789,22.670000076293945,18.3326473236084,17039700.0
2020-03-19,COP,23.1299991607666,25.989999771118164,21.0,25.59000015258789,20.693973541259766,15655100.0
2020-03-20,COP,27.059999465942383,28.389999389648438,25.889999389648438,26.84000015258789,21.704818725585938,23790200.0
2020-03-23,COP,26.75,26.969999313354492,23.350000381469727,24.549999237060547,19.852949142456055,16239400.0
2020-03-24,COP,26.450000762939453,30.8700008392334,26.450000762939453,30.739999771118164,24.8586483001709,16724400.0
2020-03-25,COP,31.229999542236328,32.560001373291016,29.489999771118164,30.940000534057617,25.020381927490234,14295900.0
2020-03-26,COP,31.1200008392334,32.459999084472656,30.399999618530273,32.09000015258789,25.950359344482422,13576900.0
2020-03-27,COP,30.1200008392334,30.270000457763672,28.799999237060547,29.25,23.653722763061523,10647200.0
2020-03-30,COP,28.510000228881836,30.139999389648438,27.520000457763672,29.290000915527344,23.686067581176758,11089600.0
2020-03-31,COP,30.030000686645508,31.920000076293945,29.709999084472656,30.799999237060547,24.907161712646484,13481100.0
2020-04-01,COP,29.31999969482422,30.530000686645508,28.829999923706055,29.6200008392334,23.95293617248535,11101400.0
2020-04-02,COP,31.25,35.41999816894531,30.709999084472656,33.86000061035156,27.38170623779297,14693200.0
2020-04-03,COP,34.61000061035156,34.97999954223633,31.610000610351562,32.90999984741211,26.613468170166016,11505000.0
2020-04-06,COP,33.47999954223633,33.79999923706055,31.790000915527344,32.79999923706055,26.52450942993164,13532900.0
2020-04-07,COP,34.880001068115234,35.939998626708984,33.02000045776367,33.27000045776367,26.90459632873535,11704200.0
2020-04-08,COP,34.04999923706055,35.88999938964844,33.869998931884766,35.68000030517578,28.85349464416504,8171100.0
2020-04-09,COP,37.93000030517578,37.97999954223633,33.290000915527344,34.72999954223633,28.08525848388672,14176800.0
2020-04-13,COP,35.939998626708984,35.97999954223633,33.77000045776367,34.29999923706055,27.73752212524414,10222000.0
2020-04-14,COP,34.369998931884766,34.470001220703125,33.66999816894531,34.08000183105469,27.559621810913086,11082200.0
2020-04-15,COP,32.16999816894531,33.0,30.729999542236328,32.20000076293945,26.039308547973633,11354700.0
2020-04-16,COP,31.84000015258789,32.22999954223633,30.520000457763672,31.06999969482422,25.12550926208496,13220600.0
2020-04-17,COP,31.979999542236328,35.369998931884766,31.850000381469727,35.2599983215332,28.513851165771484,13162600.0
2020-04-20,COP,32.470001220703125,35.66999816894531,32.400001525878906,34.56999969482422,27.955875396728516,13226400.0
2020-04-21,COP,32.95000076293945,34.130001068115234,32.61000061035156,33.189998626708984,26.839902877807617,13639500.0
2020-04-22,COP,35.20000076293945,35.529998779296875,34.540000915527344,34.97999954223633,28.287424087524414,12048400.0
2020-04-23,COP,36.61000061035156,37.20000076293945,35.369998931884766,36.18000030517578,29.257829666137695,9849600.0
2020-04-24,COP,36.970001220703125,37.29999923706055,35.779998779296875,36.09000015258789,29.185054779052734,8683900.0
2020-04-27,COP,35.869998931884766,37.40999984741211,34.68000030517578,37.150001525878906,30.042245864868164,8302500.0
2020-04-28,COP,37.88999938964844,38.9900016784668,37.560001373291016,38.47999954223633,31.117788314819336,9445700.0
2020-04-29,COP,40.06999969482422,42.54999923706055,39.63999938964844,42.209999084472656,34.1341438293457,12958100.0
2020-04-30,COP,42.58000183105469,43.58000183105469,40.84000015258789,42.099998474121094,34.0451774597168,11760700.0
2020-05-01,COP,40.540000915527344,41.29999923706055,38.709999084472656,39.13999938964844,31.651508331298828,9256700.0
2020-05-04,COP,38.619998931884766,40.400001525878906,38.150001525878906,40.36000061035156,32.638084411621094,12515600.0
2020-05-05,COP,43.099998474121094,43.56999969482422,40.65999984741211,40.91999816894531,33.0909423828125,10096700.0
2020-05-06,COP,41.09000015258789,41.83000183105469,39.81999969482422,40.4900016784668,32.74322509765625,8213000.0
2020-05-07,COP,42.0,43.349998474121094,41.90999984741211,42.41999816894531,34.30396270751953,9520700.0
2020-05-08,COP,43.119998931884766,43.349998474121094,42.060001373291016,43.08000183105469,35.18606185913086,6974200.0
2020-05-11,COP,42.22999954223633,43.279998779296875,42.08000183105469,42.27000045776367,34.52449035644531,7076800.0
2020-05-12,COP,42.619998931884766,43.150001525878906,41.529998779296875,41.58000183105469,33.96091842651367,7375900.0
2020-05-13,COP,41.02000045776367,41.18000030517578,39.540000915527344,39.88999938964844,32.58059310913086,7666400.0
2020-05-14,COP,38.93000030517578,40.459999084472656,37.779998779296875,39.93000030517578,32.61326599121094,6718700.0
2020-05-15,COP,39.869998931884766,41.54999923706055,39.720001220703125,40.869998931884766,33.38102722167969,7242300.0
2020-05-18,COP,43.45000076293945,44.61000061035156,43.16999816894531,43.599998474121094,35.61077117919922,9047300.0
2020-05-19,COP,43.70000076293945,43.880001068115234,42.61000061035156,42.66999816894531,34.85118103027344,6126300.0
2020-05-20,COP,43.59000015258789,44.79999923706055,43.29999923706055,44.150001525878906,36.060001373291016,7203000.0
2020-05-21,COP,44.38999938964844,44.869998931884766,43.619998931884766,43.720001220703125,35.70878219604492,6646000.0
2020-05-22,COP,42.90999984741211,43.36000061035156,42.29999923706055,43.279998779296875,35.34941864013672,4674000.0
2020-05-26,COP,44.810001373291016,45.119998931884766,43.5,43.66999816894531,35.667945861816406,7702600.0
2020-05-27,COP,44.34000015258789,44.68000030517578,42.959999084472656,44.66999816894531,36.48469543457031,5768100.0
2020-05-28,COP,44.720001220703125,44.720001220703125,42.779998779296875,43.0099983215332,35.12888717651367,5871500.0
2020-05-29,COP,42.61000061035156,42.779998779296875,41.66999816894531,42.18000030517578,34.45098114013672,10172200.0
2020-06-01,COP,42.2599983215332,43.70000076293945,41.63999938964844,43.38999938964844,35.43925476074219,6344300.0
2020-06-02,COP,44.02000045776367,44.689998626708984,43.70000076293945,44.20000076293945,36.10083770751953,5858300.0
2020-06-03,COP,45.11000061035156,45.22999954223633,44.02000045776367,45.119998931884766,36.852256774902344,8024200.0
2020-06-04,COP,44.68000030517578,45.130001068115234,44.18000030517578,44.709999084472656,36.51737594604492,5577000.0
2020-06-05,COP,47.38999938964844,48.779998779296875,47.029998779296875,48.59000015258789,39.68642807006836,11578800.0
2020-06-08,COP,50.209999084472656,50.790000915527344,48.810001373291016,50.310001373291016,41.091243743896484,10242200.0
2020-06-09,COP,48.25,49.189998626708984,47.880001068115234,48.630001068115234,39.71908187866211,8203600.0
2020-06-10,COP,48.040000915527344,48.290000915527344,45.869998931884766,45.90999984741211,37.49748992919922,7882300.0
2020-06-11,COP,42.08000183105469,44.25,41.79999923706055,42.119998931884766,34.40196990966797,8435200.0
2020-06-12,COP,45.310001373291016,45.40999984741211,42.11000061035156,43.72999954223633,35.716957092285156,8928400.0
2020-06-15,COP,41.06999969482422,43.90999984741211,40.849998474121094,43.349998474121094,35.40658950805664,7992100.0
2020-06-16,COP,45.29999923706055,45.68000030517578,43.599998474121094,45.11000061035156,36.844085693359375,6932400.0
2020-06-17,COP,44.9900016784668,45.099998474121094,43.90999984741211,44.02000045776367,35.95382308959961,5967200.0
2020-06-18,COP,43.529998779296875,44.84000015258789,43.18000030517578,44.45000076293945,36.305023193359375,7293700.0
2020-06-19,COP,45.900001525878906,45.900001525878906,43.380001068115234,43.70000076293945,35.69245529174805,13702800.0
2020-06-22,COP,43.2400016784668,43.97999954223633,42.65999984741211,43.560001373291016,35.5781135559082,5009100.0
2020-06-23,COP,44.119998931884766,44.529998779296875,43.59000015258789,43.810001373291016,35.78230667114258,4962200.0
2020-06-24,COP,43.0,43.16999816894531,40.93000030517578,40.9900016784668,33.47903060913086,7137200.0
2020-06-25,COP,40.65999984741211,42.119998931884766,40.5099983215332,42.060001373291016,34.35295486450195,5981000.0
2020-06-26,COP,41.56999969482422,41.619998931884766,40.15999984741211,40.349998474121094,32.9563102722168,8399400.0
2020-06-29,COP,40.400001525878906,41.349998474121094,39.91999816894531,41.29999923706055,33.73222732543945,5764800.0
2020-06-30,COP,40.869998931884766,42.34000015258789,40.279998779296875,42.02000045776367,34.32029342651367,6313900.0
2020-07-01,COP,42.349998474121094,42.83000183105469,40.68000030517578,40.7400016784668,33.274837493896484,5600000.0
2020-07-02,COP,41.81999969482422,42.5099983215332,41.58000183105469,41.779998779296875,34.124271392822266,4775000.0
2020-07-06,COP,42.630001068115234,42.869998931884766,41.36000061035156,41.630001068115234,34.00175476074219,5825100.0
2020-07-07,COP,41.150001525878906,41.630001068115234,40.56999969482422,40.63999938964844,33.19316482543945,5995100.0
2020-07-08,COP,40.58000183105469,41.56999969482422,40.29999923706055,41.040000915527344,33.51986312866211,4896800.0
2020-07-09,COP,40.65999984741211,40.88999938964844,38.290000915527344,38.349998474121094,31.322778701782227,9189500.0
2020-07-10,COP,38.36000061035156,39.81999969482422,38.220001220703125,39.689998626708984,32.417236328125,9218300.0
2020-07-13,COP,40.130001068115234,40.5099983215332,39.0,39.65999984741211,32.39274978637695,5887000.0
2020-07-14,COP,39.439998626708984,41.34000015258789,39.27000045776367,41.310001373291016,33.74039840698242,4953500.0
2020-07-15,COP,42.189998626708984,42.41999816894531,41.04999923706055,41.619998931884766,33.993587493896484,5777100.0
2020-07-16,COP,41.290000915527344,42.060001373291016,40.65999984741211,41.59000015258789,33.969085693359375,4655700.0
2020-07-17,COP,41.349998474121094,41.66999816894531,39.779998779296875,39.959999084472656,32.970726013183594,6699300.0
2020-07-20,COP,39.959999084472656,40.34000015258789,39.2400016784668,39.33000183105469,32.450931549072266,6407600.0
2020-07-21,COP,40.099998474121094,42.08000183105469,40.0,41.65999984741211,34.37337875366211,7950900.0
2020-07-22,COP,41.06999969482422,41.25,40.31999969482422,40.88999938964844,33.73805618286133,5158400.0
2020-07-23,COP,40.529998779296875,41.130001068115234,40.22999954223633,40.459999084472656,33.383270263671875,5953500.0
2020-07-24,COP,40.7400016784668,41.36000061035156,40.15999984741211,40.279998779296875,33.23476028442383,5202600.0
2020-07-27,COP,39.91999816894531,40.47999954223633,39.439998626708984,39.77000045776367,32.81396484375,5312400.0
2020-07-28,COP,39.56999969482422,39.959999084472656,38.79999923706055,38.959999084472656,32.145626068115234,6188300.0
2020-07-29,COP,38.970001220703125,39.939998626708984,38.599998474121094,39.939998626708984,32.9542236328125,6305200.0
2020-07-30,COP,38.119998931884766,38.470001220703125,35.900001525878906,37.63999938964844,31.05650520324707,13421000.0
2020-07-31,COP,37.04999923706055,37.599998474121094,36.709999084472656,37.38999938964844,30.8502254486084,7719900.0
2020-08-03,COP,37.27000045776367,37.38999938964844,36.689998626708984,36.709999084472656,30.289175033569336,8064700.0
2020-08-04,COP,36.65999984741211,38.06999969482422,36.470001220703125,37.63999938964844,31.05650520324707,5808100.0
2020-08-05,COP,38.5,38.689998626708984,37.709999084472656,38.02000045776367,31.370044708251953,7315000.0
2020-08-06,COP,37.63999938964844,38.43000030517578,37.61000061035156,38.04999923706055,31.394800186157227,6588700.0
2020-08-07,COP,37.869998931884766,38.38999938964844,37.349998474121094,38.29999923706055,31.601078033447266,4445300.0
2020-08-10,COP,38.5099983215332,39.66999816894531,38.45000076293945,39.63999938964844,32.706695556640625,5612600.0
2020-08-11,COP,40.56999969482422,41.150001525878906,39.58000183105469,39.709999084472656,32.76445007324219,7975900.0
2020-08-12,COP,40.369998931884766,41.68000030517578,40.25,41.65999984741211,34.37337875366211,11822500.0
2020-08-13,COP,41.150001525878906,41.83000183105469,40.619998931884766,40.630001068115234,33.523536682128906,8286400.0
2020-08-14,COP,40.220001220703125,41.0,39.959999084472656,40.81999969482422,33.6802978515625,3349800.0
2020-08-17,COP,40.75,40.97999954223633,39.90999984741211,40.70000076293945,33.581295013427734,6089300.0
2020-08-18,COP,40.619998931884766,41.33000183105469,40.130001068115234,40.33000183105469,33.27601623535156,5711500.0
2020-08-19,COP,40.11000061035156,40.31999969482422,39.52000045776367,39.650001525878906,32.71494674682617,4526200.0
2020-08-20,COP,39.060001373291016,39.310001373291016,38.72999954223633,38.77000045776367,31.98885726928711,3943200.0
2020-08-21,COP,38.63999938964844,38.810001373291016,37.95000076293945,38.15999984741211,31.48556137084961,5034200.0
2020-08-24,COP,38.34000015258789,39.560001373291016,38.09000015258789,38.869998931884766,32.07137680053711,5357400.0
2020-08-25,COP,39.40999984741211,39.45000076293945,38.45000076293945,38.849998474121094,32.054874420166016,4160600.0
2020-08-26,COP,38.83000183105469,38.959999084472656,37.52000045776367,37.560001373291016,30.99050521850586,6753300.0
2020-08-27,COP,37.77000045776367,38.279998779296875,37.5,38.150001525878906,31.4773006439209,6231600.0
2020-08-28,COP,38.33000183105469,38.459999084472656,37.880001068115234,38.380001068115234,31.66709327697754,5058100.0
2020-08-31,COP,38.349998474121094,38.45000076293945,37.56999969482422,37.88999938964844,31.262773513793945,6165700.0
2020-09-01,COP,37.41999816894531,37.599998474121094,36.619998931884766,37.15999984741211,30.66046714782715,6267700.0
2020-09-02,COP,37.0,37.16999816894531,36.380001068115234,36.380001068115234,30.016887664794922,7441600.0
2020-09-03,COP,36.029998779296875,36.869998931884766,35.84000015258789,35.9900016784668,29.695106506347656,8733400.0
2020-09-04,COP,36.36000061035156,36.689998626708984,35.66999816894531,35.86000061035156,29.587839126586914,8285300.0
2020-09-08,COP,35.29999923706055,35.29999923706055,33.7400016784668,34.060001373291016,28.102676391601562,9338600.0
2020-09-09,COP,34.849998474121094,34.849998474121094,34.220001220703125,34.459999084472656,28.432706832885742,6440000.0
2020-09-10,COP,34.43000030517578,34.52000045776367,32.86000061035156,32.91999816894531,27.162065505981445,8582800.0
2020-09-11,COP,32.880001068115234,33.439998626708984,32.63999938964844,33.11000061035156,27.31883430480957,6769100.0
2020-09-14,COP,33.2400016784668,33.869998931884766,33.0099983215332,33.52000045776367,27.657123565673828,5436000.0
2020-09-15,COP,33.72999954223633,34.220001220703125,33.61000061035156,33.79999923706055,27.88814926147461,8333400.0
2020-09-16,COP,34.119998931884766,35.529998779296875,33.650001525878906,35.08000183105469,28.944272994995117,9240700.0
2020-09-17,COP,34.400001525878906,36.11000061035156,34.15999984741211,36.09000015258789,29.77762222290039,13147700.0
2020-09-18,COP,35.79999923706055,36.45000076293945,35.400001525878906,35.869998931884766,29.596097946166992,12409800.0
2020-09-21,COP,34.810001373291016,35.08000183105469,34.09000015258789,34.36000061035156,28.350202560424805,11316000.0
2020-09-22,COP,34.34000015258789,34.810001373291016,34.0099983215332,34.29999923706055,28.300689697265625,7963000.0
2020-09-23,COP,34.36000061035156,34.59000015258789,32.880001068115234,32.91999816894531,27.162065505981445,7714500.0
2020-09-24,COP,32.810001373291016,34.2599983215332,32.459999084472656,33.599998474121094,27.72313690185547,7084000.0
2020-09-25,COP,33.09000015258789,33.9900016784668,32.97999954223633,33.70000076293945,27.805646896362305,5240900.0
2020-09-28,COP,34.34000015258789,34.7400016784668,33.619998931884766,33.709999084472656,27.81389045715332,8958400.0
2020-09-29,COP,33.720001220703125,33.779998779296875,32.16999816894531,32.459999084472656,26.78252601623535,6662600.0
2020-09-30,COP,32.72999954223633,33.290000915527344,32.54999923706055,32.84000015258789,27.09606170654297,8111700.0
2020-10-01,COP,32.22999954223633,32.7400016784668,31.690000534057617,32.43000030517578,26.75777244567871,7929600.0
2020-10-02,COP,31.579999923706055,33.290000915527344,31.450000762939453,33.06999969482422,27.285829544067383,7069100.0
2020-10-05,COP,33.560001373291016,34.310001373291016,33.22999954223633,34.279998779296875,28.284194946289062,5652500.0
2020-10-06,COP,34.880001068115234,35.08000183105469,33.119998931884766,33.29999923706055,27.47560691833496,6645600.0
2020-10-07,COP,33.470001220703125,34.529998779296875,33.31999969482422,34.33000183105469,28.32544708251953,6633200.0
2020-10-08,COP,34.5,35.619998931884766,34.29999923706055,35.529998779296875,29.3155574798584,6758800.0
2020-10-09,COP,35.939998626708984,35.970001220703125,34.84000015258789,35.130001068115234,28.985532760620117,6382000.0
2020-10-12,COP,35.06999969482422,35.84000015258789,34.72999954223633,35.59000015258789,29.36506462097168,7214600.0
2020-10-13,COP,35.529998779296875,36.0,34.70000076293945,34.880001068115234,28.77924919128418,8121000.0
2020-10-14,COP,34.040000915527344,35.529998779296875,34.040000915527344,34.529998779296875,28.4904727935791,9817400.0
2020-10-15,COP,33.869998931884766,35.470001220703125,33.66999816894531,35.400001525878906,29.208295822143555,8633700.0
2020-10-16,COP,34.810001373291016,34.970001220703125,33.75,33.77000045776367,28.206012725830078,8312900.0
2020-10-19,COP,34.119998931884766,34.20000076293945,32.68000030517578,32.70000076293945,27.31230926513672,21684100.0
2020-10-20,COP,32.90999984741211,33.04999923706055,32.06999969482422,32.58000183105469,27.212080001831055,19243000.0
2020-10-21,COP,32.16999816894531,32.40999984741211,30.579999923706055,30.639999389648438,25.591716766357422,19210200.0
2020-10-22,COP,30.6200008392334,31.969999313354492,30.469999313354492,31.90999984741211,26.6524658203125,15029400.0
2020-10-23,COP,32.27000045776367,33.189998626708984,31.920000076293945,32.540000915527344,27.178667068481445,15335200.0
2020-10-26,COP,31.760000228881836,31.93000030517578,30.079999923706055,30.31999969482422,25.324440002441406,11522800.0
2020-10-27,COP,30.15999984741211,30.690000534057617,29.959999084472656,30.260000228881836,25.274328231811523,13017800.0
2020-10-28,COP,29.360000610351562,29.809999465942383,28.549999237060547,28.790000915527344,24.046525955200195,15274500.0
2020-10-29,COP,28.1200008392334,29.190000534057617,27.530000686645508,29.15999984741211,24.355562210083008,15560100.0
2020-10-30,COP,28.93000030517578,28.969999313354492,27.6299991607666,28.6200008392334,23.904537200927734,15681700.0
2020-11-02,COP,29.420000076293945,30.549999237060547,28.510000228881836,30.229999542236328,25.249269485473633,13762900.0
2020-11-03,COP,30.719999313354492,30.739999771118164,29.139999389648438,29.309999465942383,24.480852127075195,12131300.0
2020-11-04,COP,29.59000015258789,30.6200008392334,29.209999084472656,30.3799991607666,25.374555587768555,15178400.0
2020-11-05,COP,30.100000381469727,30.90999984741211,30.040000915527344,30.1200008392334,25.157392501831055,10316600.0
2020-11-06,COP,30.1299991607666,30.649999618530273,28.780000686645508,29.190000534057617,24.3806209564209,10484500.0
2020-11-09,COP,33.15999984741211,34.83000183105469,32.869998931884766,33.380001068115234,27.88027572631836,17614500.0
2020-11-10,COP,34.349998474121094,35.540000915527344,33.59000015258789,35.529998779296875,29.67603302001953,20650600.0
2020-11-11,COP,35.959999084472656,36.20000076293945,35.060001373291016,35.279998779296875,29.46721649169922,17225000.0
2020-11-12,COP,34.599998474121094,35.209999084472656,33.599998474121094,34.0099983215332,28.406471252441406,10944500.0
2020-11-13,COP,34.349998474121094,35.560001373291016,34.25,35.36000061035156,29.534048080444336,11997500.0
2020-11-16,COP,36.95000076293945,38.130001068115234,36.400001525878906,38.08000183105469,31.80588722229004,18701200.0
2020-11-17,COP,37.52000045776367,39.130001068115234,37.2400016784668,38.849998474121094,32.449031829833984,14466800.0
2020-11-18,COP,38.959999084472656,40.869998931884766,38.650001525878906,39.18000030517578,32.72465896606445,23319600.0
2020-11-19,COP,38.709999084472656,39.61000061035156,38.380001068115234,39.470001220703125,32.96687316894531,12504100.0
2020-11-20,COP,39.310001373291016,39.93000030517578,39.13999938964844,39.650001525878906,33.11722946166992,12037800.0
2020-11-23,COP,40.36000061035156,42.84000015258789,40.27000045776367,42.709999084472656,35.67304229736328,14643900.0
2020-11-24,COP,44.08000183105469,45.36000061035156,43.779998779296875,44.40999984741211,37.092960357666016,15439200.0
2020-11-25,COP,44.0,44.439998626708984,43.36000061035156,43.630001068115234,36.441471099853516,15644800.0
2020-11-27,COP,43.400001525878906,43.90999984741211,42.400001525878906,42.779998779296875,35.731510162353516,4694000.0
2020-11-30,COP,41.93000030517578,42.040000915527344,39.540000915527344,39.560001373291016,33.04204559326172,20248600.0
2020-12-01,COP,40.900001525878906,40.95000076293945,39.220001220703125,39.27000045776367,32.79982376098633,12424900.0
2020-12-02,COP,39.18000030517578,40.970001220703125,38.83000183105469,39.970001220703125,33.38450241088867,12460200.0
2020-12-03,COP,40.04999923706055,42.150001525878906,39.630001068115234,41.20000076293945,34.41183853149414,16215400.0
2020-12-04,COP,42.290000915527344,44.349998474121094,42.11000061035156,44.27000045776367,36.97602844238281,12730500.0
2020-12-07,COP,43.349998474121094,43.439998626708984,42.52000045776367,42.81999969482422,35.76492691040039,10586100.0
2020-12-08,COP,42.0,43.439998626708984,41.70000076293945,42.68000030517578,35.64799118041992,10575500.0
2020-12-09,COP,43.279998779296875,43.5,41.720001220703125,42.70000076293945,35.66468811035156,10773100.0
2020-12-10,COP,42.61000061035156,44.220001220703125,42.45000076293945,44.0,36.75050354003906,14997800.0
2020-12-11,COP,43.5099983215332,43.81999969482422,43.16999816894531,43.47999954223633,36.31617736816406,14242300.0
2020-12-14,COP,44.08000183105469,44.25,42.2599983215332,42.31999969482422,35.3473014831543,17094500.0
2020-12-15,COP,42.65999984741211,42.97999954223633,41.709999084472656,42.79999923706055,35.74821853637695,9853600.0
2020-12-16,COP,42.849998474121094,42.939998626708984,42.130001068115234,42.31999969482422,35.3473014831543,9311000.0
2020-12-17,COP,42.77000045776367,42.77000045776367,41.619998931884766,41.970001220703125,35.05496597290039,9294200.0
2020-12-18,COP,41.9900016784668,42.20000076293945,40.72999954223633,40.97999954223633,34.228084564208984,20819300.0
2020-12-21,COP,39.40999984741211,40.91999816894531,38.93000030517578,40.2400016784668,33.61001205444336,10998100.0
2020-12-22,COP,40.20000076293945,40.279998779296875,38.880001068115234,39.029998779296875,32.599365234375,9189600.0
2020-12-23,COP,39.40999984741211,40.709999084472656,39.33000183105469,40.08000183105469,33.47637176513672,6137600.0
2020-12-24,COP,40.0099983215332,40.0099983215332,38.959999084472656,39.4900016784668,32.98358154296875,3530300.0
2020-12-28,COP,39.560001373291016,40.470001220703125,39.099998474121094,39.29999923706055,32.824886322021484,6178200.0
2020-12-29,COP,39.36000061035156,39.939998626708984,38.77000045776367,39.06999969482422,32.632774353027344,7003100.0
2020-12-30,COP,38.9900016784668,40.040000915527344,38.810001373291016,40.0099983215332,33.417903900146484,6268900.0
2020-12-31,COP,39.90999984741211,40.290000915527344,39.61000061035156,39.9900016784668,33.40119552612305,7612500.0
2021-01-04,COP,40.5,40.650001525878906,39.18000030517578,39.56999969482422,33.05039596557617,8597600.0
2021-01-05,COP,40.2400016784668,42.869998931884766,40.0,41.84000015258789,34.94639205932617,12393600.0
2021-01-06,COP,42.529998779296875,43.95000076293945,41.91999816894531,43.5099983215332,36.34123611450195,11035300.0
2021-01-07,COP,44.04999923706055,44.9900016784668,43.599998474121094,44.70000076293945,37.33517837524414,9648200.0
2021-01-08,COP,45.0,45.47999954223633,44.189998626708984,44.70000076293945,37.33517837524414,9448700.0
2021-01-11,COP,44.099998474121094,45.709999084472656,43.310001373291016,45.36000061035156,37.88644027709961,10839600.0
2021-01-12,COP,46.02000045776367,47.66999816894531,45.720001220703125,47.41999816894531,39.60701370239258,13013700.0
2021-01-13,COP,47.349998474121094,47.470001220703125,46.599998474121094,47.029998779296875,39.281272888183594,11839900.0
2021-01-14,COP,47.41999816894531,48.290000915527344,46.77000045776367,47.869998931884766,39.98288345336914,12857900.0
2021-01-15,COP,47.279998779296875,47.279998779296875,44.529998779296875,45.119998931884766,37.685977935791016,30004600.0
2021-01-19,COP,45.150001525878906,46.150001525878906,44.86000061035156,46.0,38.42099380493164,14498800.0
2021-01-20,COP,46.369998931884766,46.4900016784668,45.29999923706055,45.36000061035156,37.88644027709961,21178000.0
2021-01-21,COP,45.40999984741211,45.70000076293945,42.70000076293945,43.189998626708984,36.073951721191406,16897000.0
2021-01-22,COP,42.060001373291016,42.97999954223633,41.75,42.689998626708984,35.656349182128906,9535400.0
2021-01-25,COP,42.130001068115234,42.630001068115234,41.2400016784668,42.58000183105469,35.56447219848633,10739700.0
2021-01-26,COP,43.06999969482422,43.70000076293945,41.61000061035156,41.68000030517578,34.81275177001953,7616300.0
2021-01-27,COP,40.97999954223633,42.09000015258789,40.209999084472656,40.650001525878906,33.952457427978516,8841600.0
2021-01-28,COP,41.11000061035156,41.63999938964844,40.380001068115234,41.11000061035156,34.336669921875,10283300.0
2021-01-29,COP,40.61000061035156,41.459999084472656,39.97999954223633,40.029998779296875,33.43461227416992,11660400.0
2021-02-01,COP,40.43000030517578,40.97999954223633,39.70000076293945,40.709999084472656,34.002567291259766,9229400.0
2021-02-02,COP,41.54999923706055,42.29999923706055,40.900001525878906,40.970001220703125,34.21974563598633,8834000.0
2021-02-03,COP,41.25,43.630001068115234,41.0099983215332,43.209999084472656,36.090667724609375,11133600.0
2021-02-04,COP,43.61000061035156,44.02000045776367,42.59000015258789,44.0099983215332,36.75886154174805,11372300.0
2021-02-05,COP,44.88999938964844,44.91999816894531,44.09000015258789,44.41999816894531,37.10130310058594,9543400.0
2021-02-08,COP,45.25,47.22999954223633,45.099998474121094,46.779998779296875,39.072471618652344,12181600.0
2021-02-09,COP,46.220001220703125,47.439998626708984,45.86000061035156,46.880001068115234,39.1559944152832,8990300.0
2021-02-10,COP,47.189998626708984,48.0,46.40999984741211,47.25,39.46502685546875,10853200.0
2021-02-11,COP,46.5,46.52000045776367,45.209999084472656,46.439998626708984,39.14473342895508,8939100.0
2021-02-12,COP,46.11000061035156,47.220001220703125,45.95000076293945,47.15999984741211,39.75161361694336,8805400.0
2021-02-16,COP,48.0,49.22999954223633,47.81999969482422,48.849998474121094,41.1761474609375,11066700.0
2021-02-17,COP,49.189998626708984,49.47999954223633,48.2599983215332,49.36000061035156,41.60602951049805,9055700.0
2021-02-18,COP,49.0,49.130001068115234,47.630001068115234,47.689998626708984,40.198360443115234,8382200.0
2021-02-19,COP,47.650001525878906,48.56999969482422,47.5099983215332,48.41999816894531,40.81367492675781,8502500.0
2021-02-22,COP,49.16999816894531,51.68000030517578,48.810001373291016,50.880001068115234,42.887245178222656,12331000.0
2021-02-23,COP,52.0,52.5,49.65999984741211,52.099998474121094,43.91559982299805,10796500.0
2021-02-24,COP,52.0,54.88999938964844,51.459999084472656,54.66999816894531,46.08186721801758,12286600.0
2021-02-25,COP,54.970001220703125,55.5099983215332,52.02000045776367,53.029998779296875,44.69949722290039,12864500.0
2021-02-26,COP,52.599998474121094,52.86000061035156,50.86000061035156,52.0099983215332,43.8397331237793,13234100.0
2021-03-01,COP,53.470001220703125,53.959999084472656,52.16999816894531,52.61000061035156,44.34547424316406,7182500.0
2021-03-02,COP,52.5099983215332,53.290000915527344,52.2400016784668,52.279998779296875,44.06732177734375,7741100.0
2021-03-03,COP,52.65999984741211,54.7599983215332,52.54999923706055,53.65999984741211,45.230533599853516,8007500.0
2021-03-04,COP,53.959999084472656,56.9900016784668,53.68000030517578,55.619998931884766,46.88263702392578,15181000.0
2021-03-05,COP,58.0,59.4900016784668,57.11000061035156,58.34000015258789,49.17536163330078,18699600.0
2021-03-08,COP,58.77000045776367,59.939998626708984,57.689998626708984,58.779998779296875,49.54623031616211,11283400.0
2021-03-09,COP,58.630001068115234,59.599998474121094,57.45000076293945,57.900001525878906,48.80448913574219,10193200.0
2021-03-10,COP,57.86000061035156,59.77000045776367,57.380001068115234,59.41999816894531,50.08568572998047,12002400.0
2021-03-11,COP,59.5099983215332,61.13999938964844,59.400001525878906,59.83000183105469,50.431297302246094,9328100.0
2021-03-12,COP,60.2400016784668,60.470001220703125,58.97999954223633,59.189998626708984,49.89181900024414,6758400.0
2021-03-15,COP,57.88999938964844,58.56999969482422,56.970001220703125,58.15999984741211,49.02363586425781,9825200.0
2021-03-16,COP,57.08000183105469,57.400001525878906,55.970001220703125,56.58000183105469,47.691837310791016,9399900.0
2021-03-17,COP,56.31999969482422,57.130001068115234,55.52000045776367,56.83000183105469,47.90256118774414,9461700.0
2021-03-18,COP,56.40999984741211,56.58000183105469,53.11000061035156,53.380001068115234,44.9945182800293,12297200.0
2021-03-19,COP,53.290000915527344,54.119998931884766,52.349998474121094,52.599998474121094,44.33705139160156,26925500.0
2021-03-22,COP,52.86000061035156,53.0099983215332,52.040000915527344,52.2400016784668,44.03361129760742,11003000.0
2021-03-23,COP,51.119998931884766,52.779998779296875,50.529998779296875,51.709999084472656,43.58686828613281,11853800.0
2021-03-24,COP,52.7599983215332,53.95000076293945,52.68000030517578,53.209999084472656,44.85123062133789,9671100.0
2021-03-25,COP,52.060001373291016,53.79999923706055,51.56999969482422,53.56999969482422,45.15467071533203,9275200.0
2021-03-26,COP,54.65999984741211,55.119998931884766,54.029998779296875,55.040000915527344,46.393741607666016,8723100.0
2021-03-29,COP,54.5,54.52000045776367,53.119998931884766,53.84000015258789,45.38227081298828,7901000.0
2021-03-30,COP,53.20000076293945,54.15999984741211,53.040000915527344,53.43000030517578,45.03666687011719,7910200.0
2021-03-31,COP,53.310001373291016,53.689998626708984,52.650001525878906,52.970001220703125,44.648929595947266,9293100.0
2021-04-01,COP,53.119998931884766,54.040000915527344,52.529998779296875,54.02000045776367,45.53398513793945,10165000.0
2021-04-05,COP,53.90999984741211,53.90999984741211,51.95000076293945,52.209999084472656,44.00831604003906,10460000.0
2021-04-06,COP,52.619998931884766,53.65999984741211,52.40999984741211,52.58000183105469,44.3201904296875,6253600.0
2021-04-07,COP,52.790000915527344,53.15999984741211,52.13999938964844,52.380001068115234,44.15161895751953,12408400.0
2021-04-08,COP,51.619998931884766,51.81999969482422,51.040000915527344,51.2400016784668,43.190696716308594,10040800.0
2021-04-09,COP,51.369998931884766,51.9900016784668,50.91999816894531,51.22999954223633,43.18226623535156,6665300.0
2021-04-12,COP,51.75,52.2400016784668,50.81999969482422,50.86000061035156,42.870399475097656,8564000.0
2021-04-13,COP,50.47999954223633,51.33000183105469,50.38999938964844,50.790000915527344,42.81138610839844,6980000.0
2021-04-14,COP,51.380001068115234,53.560001373291016,51.380001068115234,52.689998626708984,44.412899017333984,8342200.0
2021-04-15,COP,52.70000076293945,52.810001373291016,51.77000045776367,51.900001525878906,43.74702453613281,6763700.0
2021-04-16,COP,52.2400016784668,52.29999923706055,51.040000915527344,51.09000015258789,43.06425476074219,7665500.0
2021-04-19,COP,51.290000915527344,51.72999954223633,50.58000183105469,50.88999938964844,42.89567565917969,6587700.0
2021-04-20,COP,50.5,50.63999938964844,48.41999816894531,48.650001525878906,41.0075569152832,11928600.0
2021-04-21,COP,48.029998779296875,50.130001068115234,47.849998474121094,50.040000915527344,42.17919158935547,7718900.0
2021-04-22,COP,50.040000915527344,50.08000183105469,49.189998626708984,49.459999084472656,41.69031524658203,6582700.0
2021-04-23,COP,49.43000030517578,50.0,49.15999984741211,49.720001220703125,41.90946960449219,5670100.0
2021-04-26,COP,49.63999938964844,50.91999816894531,49.599998474121094,50.25,42.35620880126953,6642400.0
2021-04-27,COP,50.439998626708984,51.689998626708984,50.2599983215332,51.29999923706055,43.24127197265625,8309600.0
2021-04-28,COP,51.70000076293945,53.349998474121094,51.66999816894531,53.040000915527344,44.70793151855469,8897100.0
2021-04-29,COP,54.0,54.5,52.849998474121094,53.130001068115234,44.7838020324707,9446900.0
2021-04-30,COP,52.18000030517578,53.0099983215332,50.970001220703125,51.13999938964844,43.10639953613281,9448200.0
2021-05-03,COP,51.91999816894531,52.93000030517578,51.560001373291016,52.7400016784668,44.45506286621094,9325100.0
2021-05-04,COP,51.72999954223633,53.029998779296875,51.63999938964844,52.56999969482422,44.311767578125,12834300.0
2021-05-05,COP,54.349998474121094,55.66999816894531,53.220001220703125,55.439998626708984,46.73091125488281,12715300.0
2021-05-06,COP,55.5,55.720001220703125,53.689998626708984,55.70000076293945,46.9500732421875,9648200.0
2021-05-07,COP,55.06999969482422,57.34000015258789,54.81999969482422,57.099998474121094,48.1301383972168,9645500.0
2021-05-10,COP,58.209999084472656,59.34000015258789,56.959999084472656,57.0,48.04585647583008,8801700.0
2021-05-11,COP,55.790000915527344,56.720001220703125,55.150001525878906,55.720001220703125,46.96693420410156,9741400.0
2021-05-12,COP,56.11000061035156,57.709999084472656,55.459999084472656,55.689998626708984,46.94164276123047,7925100.0
2021-05-13,COP,54.61000061035156,55.43000030517578,53.56999969482422,54.2400016784668,46.07518005371094,7581500.0
2021-05-14,COP,55.040000915527344,56.650001525878906,55.029998779296875,56.52000045776367,48.0119743347168,6419900.0
2021-05-17,COP,56.06999969482422,58.33000183105469,56.06999969482422,58.29999923706055,49.5240364074707,11441900.0
2021-05-18,COP,58.27000045776367,58.63999938964844,56.959999084472656,57.290000915527344,48.66606140136719,10322000.0
2021-05-19,COP,55.939998626708984,56.529998779296875,54.81999969482422,55.58000183105469,47.21347427368164,9406200.0
2021-05-20,COP,55.650001525878906,55.65999984741211,54.630001068115234,55.38999938964844,47.05207061767578,8798800.0
2021-05-21,COP,56.060001373291016,56.43000030517578,55.56999969482422,55.650001525878906,47.27293395996094,6032300.0
2021-05-24,COP,56.119998931884766,56.2599983215332,55.2599983215332,56.099998474121094,47.65520095825195,6372800.0
2021-05-25,COP,56.0,56.380001068115234,54.77000045776367,54.880001068115234,46.61884307861328,8090600.0
2021-05-26,COP,55.06999969482422,55.560001373291016,54.66999816894531,55.41999816894531,47.07756042480469,6716000.0
2021-05-27,COP,55.72999954223633,56.31999969482422,55.119998931884766,55.529998779296875,47.170997619628906,7484100.0
2021-05-28,COP,55.79999923706055,55.95000076293945,55.31999969482422,55.7400016784668,47.34937286376953,5745400.0
2021-06-01,COP,57.08000183105469,58.47999954223633,57.04999923706055,58.27000045776367,49.49855041503906,9943600.0
2021-06-02,COP,58.65999984741211,59.40999984741211,57.7400016784668,58.9900016784668,50.11016845703125,6103300.0
2021-06-03,COP,58.720001220703125,60.0,58.560001373291016,59.470001220703125,50.51791000366211,8280800.0
2021-06-04,COP,59.81999969482422,60.130001068115234,58.900001525878906,59.849998474121094,50.8406982421875,6504800.0
2021-06-07,COP,59.810001373291016,60.529998779296875,59.59000015258789,59.810001373291016,50.806724548339844,5405100.0
2021-06-08,COP,59.43000030517578,60.619998931884766,58.630001068115234,60.470001220703125,51.36737823486328,7345200.0
2021-06-09,COP,60.630001068115234,60.880001068115234,59.58000183105469,59.68000030517578,50.6963005065918,7026300.0
2021-06-10,COP,61.0099983215332,61.279998779296875,59.279998779296875,60.16999816894531,51.1125373840332,9396000.0
2021-06-11,COP,60.5,60.93000030517578,59.79999923706055,59.970001220703125,50.9426383972168,8117000.0
2021-06-14,COP,60.650001525878906,61.06999969482422,59.849998474121094,60.310001373291016,51.23146438598633,7744300.0
2021-06-15,COP,60.70000076293945,61.560001373291016,60.470001220703125,61.16999816894531,51.961997985839844,7835700.0
2021-06-16,COP,61.09000015258789,61.779998779296875,60.560001373291016,61.130001068115234,51.92802429199219,9745800.0
2021-06-17,COP,60.900001525878906,61.56999969482422,58.54999923706055,59.0099983215332,50.12714385986328,13667200.0
2021-06-18,COP,57.880001068115234,59.209999084472656,57.47999954223633,57.529998779296875,48.86993408203125,18583800.0
2021-06-21,COP,58.22999954223633,60.529998779296875,58.209999084472656,60.45000076293945,51.35038757324219,8234300.0
2021-06-22,COP,60.150001525878906,61.119998931884766,59.63999938964844,60.790000915527344,51.63920974731445,6745100.0
2021-06-23,COP,61.099998474121094,62.349998474121094,60.75,60.7599983215332,51.61372375488281,8184000.0
2021-06-24,COP,60.970001220703125,61.5099983215332,60.31999969482422,61.38999938964844,52.14889144897461,6424400.0
2021-06-25,COP,61.70000076293945,61.75,61.02000045776367,61.310001373291016,52.0809326171875,8099200.0
2021-06-28,COP,61.119998931884766,61.16999816894531,59.369998931884766,59.59000015258789,50.619842529296875,7647300.0
2021-06-29,COP,60.099998474121094,60.20000076293945,58.84000015258789,59.04999923706055,50.1611213684082,6437000.0
2021-06-30,COP,60.47999954223633,60.95000076293945,59.810001373291016,60.900001525878906,51.732643127441406,9309600.0
2021-07-01,COP,62.689998626708984,63.56999969482422,62.349998474121094,62.880001068115234,53.41459655761719,11637200.0
2021-07-02,COP,62.459999084472656,63.16999816894531,61.59000015258789,62.75,53.30417251586914,7635000.0
2021-07-06,COP,62.779998779296875,62.88999938964844,60.209999084472656,60.279998779296875,51.20597839355469,11699400.0
2021-07-07,COP,60.0,60.779998779296875,58.630001068115234,59.0099983215332,50.12714385986328,8239600.0
2021-07-08,COP,58.25,59.63999938964844,57.9900016784668,59.209999084472656,50.29705047607422,10551500.0
2021-07-09,COP,59.75,60.459999084472656,59.34000015258789,60.130001068115234,51.07856369018555,6973700.0
2021-07-12,COP,58.90999984741211,60.439998626708984,58.72999954223633,59.79999923706055,50.79822540283203,6063100.0
2021-07-13,COP,59.4900016784668,59.9900016784668,58.79999923706055,59.459999084472656,50.5094108581543,6510400.0
2021-07-14,COP,59.88999938964844,60.61000061035156,57.34000015258789,57.66999816894531,48.98885726928711,8489600.0
2021-07-15,COP,57.0,58.220001220703125,56.790000915527344,57.08000183105469,48.487674713134766,8723300.0
2021-07-16,COP,57.70000076293945,57.900001525878906,55.310001373291016,55.5,47.14551544189453,8805300.0
2021-07-19,COP,53.43000030517578,54.29999923706055,52.81999969482422,53.70000076293945,45.616477966308594,13342100.0
2021-07-20,COP,53.5,55.25,53.279998779296875,54.470001220703125,46.27056121826172,9358200.0
2021-07-21,COP,55.72999954223633,57.41999816894531,55.61000061035156,57.02000045776367,48.43670654296875,9378000.0
2021-07-22,COP,57.02000045776367,57.209999084472656,56.18000030517578,56.66999816894531,48.13939666748047,6765500.0
2021-07-23,COP,56.0,56.279998779296875,54.7400016784668,55.34000015258789,47.36902618408203,10623800.0
2021-07-26,COP,55.709999084472656,57.349998474121094,55.56999969482422,56.869998931884766,48.67864227294922,8756300.0
2021-07-27,COP,56.15999984741211,56.619998931884766,55.34000015258789,56.33000183105469,48.21643829345703,7363600.0
2021-07-28,COP,56.47999954223633,57.150001525878906,55.810001373291016,56.720001220703125,48.550270080566406,6167200.0
2021-07-29,COP,57.41999816894531,57.84000015258789,56.86000061035156,57.08000183105469,48.8583984375,6306400.0
2021-07-30,COP,56.7599983215332,56.900001525878906,55.720001220703125,56.060001373291016,47.985321044921875,8660100.0
2021-08-02,COP,56.529998779296875,57.7599983215332,55.33000183105469,55.380001068115234,47.40326690673828,8469500.0
2021-08-03,COP,55.09000015258789,56.77000045776367,54.5099983215332,56.63999938964844,48.48178482055664,9888200.0
2021-08-04,COP,55.33000183105469,56.5,54.90999984741211,54.93000030517578,47.01808166503906,7629600.0
2021-08-05,COP,55.459999084472656,56.619998931884766,55.04999923706055,55.95000076293945,47.89115905761719,6573100.0
2021-08-06,COP,56.59000015258789,57.16999816894531,56.099998474121094,56.5,48.3619499206543,5038900.0
2021-08-09,COP,55.66999816894531,56.16999816894531,55.22999954223633,55.45000076293945,47.46317672729492,5410600.0
2021-08-10,COP,55.849998474121094,56.779998779296875,55.7599983215332,56.47999954223633,48.34482192993164,6781800.0
2021-08-11,COP,56.380001068115234,57.36000061035156,55.95000076293945,57.189998626708984,48.95255661010742,6071800.0
2021-08-12,COP,57.13999938964844,57.58000183105469,56.529998779296875,57.040000915527344,48.82416534423828,4729200.0
2021-08-13,COP,56.95000076293945,57.22999954223633,55.849998474121094,55.970001220703125,47.90828323364258,7399800.0
2021-08-16,COP,55.220001220703125,55.58000183105469,54.599998474121094,54.810001373291016,46.91536331176758,7464600.0
2021-08-17,COP,54.40999984741211,55.439998626708984,54.25,54.52000045776367,46.66713333129883,6497900.0
2021-08-18,COP,54.380001068115234,55.060001373291016,53.459999084472656,53.529998779296875,45.819732666015625,6647700.0
2021-08-19,COP,52.66999816894531,52.97999954223633,51.40999984741211,52.439998626708984,44.8867301940918,11306400.0
2021-08-20,COP,51.869998931884766,52.9900016784668,51.59000015258789,52.77000045776367,45.1692008972168,7068200.0
2021-08-23,COP,54.150001525878906,55.130001068115234,54.02000045776367,54.790000915527344,46.898250579833984,8022200.0
2021-08-24,COP,55.18000030517578,55.689998626708984,54.63999938964844,55.40999984741211,47.428951263427734,6245500.0
2021-08-25,COP,55.45000076293945,56.38999938964844,55.04999923706055,56.02000045776367,47.95108413696289,6125200.0
2021-08-26,COP,55.75,56.09000015258789,54.959999084472656,55.130001068115234,47.18928146362305,5209000.0
2021-08-27,COP,55.790000915527344,57.119998931884766,55.52000045776367,56.7400016784668,48.5673828125,6549100.0
2021-08-30,COP,56.97999954223633,57.13999938964844,56.18000030517578,56.20000076293945,48.10515213012695,4838600.0
2021-08-31,COP,55.75,56.33000183105469,55.29999923706055,55.529998779296875,47.531654357910156,10500500.0
2021-09-01,COP,55.560001373291016,55.91999816894531,54.41999816894531,54.650001525878906,46.778411865234375,9319800.0
2021-09-02,COP,55.2599983215332,56.97999954223633,55.209999084472656,56.599998474121094,48.44753646850586,6696600.0
2021-09-03,COP,56.34000015258789,56.95000076293945,55.939998626708984,56.2400016784668,48.13939666748047,7954200.0
2021-09-07,COP,55.88999938964844,56.47999954223633,55.31999969482422,55.97999954223633,47.91684341430664,6632600.0
2021-09-08,COP,56.31999969482422,56.61000061035156,55.189998626708984,55.279998779296875,47.31766128540039,5228900.0
2021-09-09,COP,55.150001525878906,56.540000915527344,54.83000183105469,55.58000183105469,47.574462890625,6285800.0
2021-09-10,COP,56.61000061035156,56.7400016784668,55.459999084472656,55.72999954223633,47.70285415649414,5055200.0
2021-09-13,COP,56.56999969482422,58.08000183105469,56.56999969482422,57.59000015258789,49.29494094848633,8456500.0
2021-09-14,COP,58.220001220703125,58.290000915527344,56.61000061035156,56.939998626708984,48.73857498168945,7880700.0
2021-09-15,COP,58.09000015258789,59.459999084472656,58.060001373291016,59.31999969482422,50.775760650634766,10766000.0
2021-09-16,COP,59.279998779296875,59.65999984741211,58.7599983215332,59.22999954223633,50.6987190246582,8773100.0
2021-09-17,COP,59.06999969482422,59.90999984741211,58.779998779296875,58.91999816894531,50.433380126953125,13741300.0
2021-09-20,COP,57.4900016784668,58.0099983215332,56.29999923706055,57.06999969482422,48.84983444213867,10001800.0
2021-09-21,COP,58.470001220703125,59.83000183105469,57.720001220703125,59.33000183105469,50.78432083129883,13923100.0
2021-09-22,COP,60.209999084472656,62.88999938964844,60.209999084472656,62.2599983215332,53.29228973388672,15753000.0
2021-09-23,COP,62.25,64.12000274658203,62.25,63.709999084472656,54.533443450927734,11886800.0
2021-09-24,COP,63.790000915527344,65.69000244140625,63.540000915527344,65.0199966430664,55.65473937988281,11128300.0
2021-09-27,COP,66.69999694824219,66.94999694824219,65.80000305175781,66.70999908447266,57.1013298034668,13508700.0
2021-09-28,COP,67.55000305175781,68.63999938964844,67.16999816894531,67.80000305175781,58.034324645996094,14995200.0
2021-09-29,COP,67.62999725341797,68.4800033569336,66.61000061035156,68.04000091552734,58.239776611328125,10563700.0
2021-09-30,COP,68.22000122070312,68.88999938964844,67.72000122070312,67.7699966430664,58.008644104003906,15845900.0
2021-10-01,COP,68.37999725341797,70.33000183105469,68.30999755859375,70.0999984741211,60.003047943115234,13482300.0
2021-10-04,COP,70.8499984741211,72.61000061035156,70.62999725341797,71.48999786376953,61.192848205566406,12423500.0
2021-10-05,COP,72.0999984741211,72.86000061035156,70.70999908447266,71.7300033569336,61.398258209228516,11270100.0
2021-10-06,COP,70.4000015258789,72.11000061035156,69.79000091552734,71.80999755859375,61.46674346923828,10613500.0
2021-10-07,COP,72.01000213623047,72.12999725341797,70.61000061035156,71.51000213623047,61.2099723815918,11521300.0
2021-10-08,COP,72.19000244140625,75.0999984741211,72.19000244140625,74.91999816894531,64.1287841796875,12310500.0
2021-10-11,COP,75.12999725341797,75.5199966430664,73.75,73.97000122070312,63.315635681152344,9585200.0
2021-10-12,COP,74.13999938964844,74.61000061035156,73.0199966430664,73.41000366210938,62.83628463745117,7635600.0
2021-10-13,COP,72.44999694824219,73.76000213623047,71.45999908447266,73.2300033569336,62.68220901489258,8517500.0
2021-10-14,COP,74.29000091552734,74.61000061035156,72.83999633789062,73.8499984741211,63.21290588378906,8152600.0
2021-10-15,COP,74.62999725341797,74.93000030517578,74.12999725341797,74.13999938964844,63.461158752441406,6945100.0
2021-10-18,COP,74.7699966430664,75.75,74.12999725341797,74.5,63.76929473876953,9917700.0
2021-10-19,COP,74.83999633789062,75.8499984741211,74.37999725341797,75.31999969482422,64.47117614746094,6589400.0
2021-10-20,COP,74.72000122070312,76.0999984741211,74.54000091552734,76.0199966430664,65.07035064697266,5506000.0
2021-10-21,COP,75.6500015258789,75.6500015258789,74.11000061035156,74.58999633789062,63.846309661865234,5836300.0
2021-10-22,COP,75.12000274658203,76.08000183105469,74.98999786376953,75.72000122070312,64.8135757446289,7170200.0
2021-10-25,COP,76.55999755859375,77.9800033569336,76.19999694824219,76.5199966430664,65.49832916259766,7471200.0
2021-10-26,COP,76.69000244140625,77.62999725341797,76.47000122070312,77.02999877929688,65.93487548828125,5898200.0
2021-10-27,COP,75.55999755859375,76.66000366210938,74.25,74.43000030517578,64.09209442138672,9025600.0
2021-10-28,COP,74.37000274658203,75.33999633789062,74.12000274658203,75.1500015258789,64.71210479736328,5195900.0
2021-10-29,COP,74.43000030517578,75.30000305175781,73.97000122070312,74.48999786376953,64.1437759399414,8079300.0
2021-11-01,COP,74.94999694824219,75.41000366210938,74.41999816894531,74.58999633789062,64.22988891601562,11944600.0
2021-11-02,COP,74.54000091552734,75.25,72.80999755859375,73.02999877929688,62.886566162109375,10891900.0
2021-11-03,COP,72.6500015258789,73.69000244140625,72.25,72.73999786376953,62.63683319091797,9311800.0
2021-11-04,COP,74.0,74.77999877929688,72.87000274658203,73.30999755859375,63.12766647338867,8573500.0
2021-11-05,COP,74.55999755859375,75.80999755859375,73.91999816894531,75.44999694824219,64.9704360961914,6987600.0
2021-11-08,COP,75.66999816894531,77.1500015258789,75.45999908447266,75.93000030517578,65.38375854492188,6957700.0
2021-11-09,COP,75.80999755859375,75.98999786376953,74.72000122070312,75.75,65.22876739501953,6049800.0
2021-11-10,COP,74.5,74.97000122070312,72.93000030517578,73.0,62.86073303222656,7484700.0
2021-11-11,COP,73.30000305175781,73.66000366210938,71.98999786376953,72.13999938964844,62.12016296386719,7784500.0
2021-11-12,COP,71.58999633789062,72.54000091552734,71.5,72.36000061035156,62.30961990356445,5329600.0
2021-11-15,COP,72.2300033569336,73.38999938964844,71.73999786376953,72.72000122070312,62.619625091552734,6181400.0
2021-11-16,COP,73.0,73.80999755859375,72.56999969482422,72.63999938964844,62.550724029541016,7451100.0
2021-11-17,COP,72.12000274658203,73.93000030517578,71.7300033569336,71.97000122070312,61.97378921508789,7628600.0
2021-11-18,COP,72.12000274658203,73.20999908447266,71.61000061035156,72.72000122070312,62.619625091552734,6548800.0
2021-11-19,COP,70.91999816894531,71.30000305175781,69.41000366210938,69.61000061035156,59.941593170166016,8817100.0
2021-11-22,COP,69.63999938964844,72.83000183105469,69.61000061035156,71.88999938964844,61.9049072265625,7445600.0
2021-11-23,COP,72.91000366210938,74.72000122070312,72.83999633789062,73.77999877929688,63.53239059448242,9107200.0
2021-11-24,COP,73.2300033569336,75.48999786376953,73.19999694824219,74.83000183105469,64.43656158447266,7215800.0
2021-11-26,COP,70.52999877929688,71.62000274658203,69.33999633789062,71.4800033569336,61.55183792114258,10258700.0
2021-11-29,COP,73.4800033569336,74.69999694824219,71.94999694824219,72.1500015258789,62.12876892089844,9191600.0
2021-11-30,COP,70.69000244140625,72.23999786376953,70.01000213623047,70.12999725341797,60.38935089111328,15723700.0
2021-12-01,COP,72.01000213623047,72.18000030517578,69.1500015258789,69.19999694824219,59.588523864746094,10070500.0
2021-12-02,COP,69.19000244140625,71.6500015258789,68.23999786376953,71.26000213623047,61.36240768432617,8410900.0
2021-12-03,COP,72.16999816894531,72.94000244140625,70.18000030517578,71.11000061035156,61.233238220214844,6995700.0
2021-12-06,COP,72.5,73.51000213623047,71.62999725341797,72.80999755859375,62.69712829589844,6200100.0
2021-12-07,COP,74.16000366210938,75.95999908447266,74.0999984741211,74.56999969482422,64.21266174316406,8136600.0
2021-12-08,COP,74.62000274658203,75.37000274658203,73.58999633789062,74.11000061035156,63.816558837890625,6313200.0
2021-12-09,COP,73.95999908447266,73.95999908447266,72.45999908447266,72.55000305175781,62.47323989868164,6511600.0
2021-12-10,COP,73.38999938964844,73.6500015258789,71.58999633789062,73.48999786376953,63.282676696777344,6065000.0
2021-12-13,COP,72.87000274658203,73.12999725341797,70.5199966430664,71.0199966430664,61.15573501586914,5719100.0
2021-12-14,COP,70.55999755859375,71.73999786376953,70.02999877929688,70.68000030517578,60.86296081542969,6669300.0
2021-12-15,COP,70.61000061035156,71.22000122070312,68.66999816894531,70.70999908447266,60.88880157470703,6805600.0
2021-12-16,COP,71.7300033569336,73.05999755859375,71.31999969482422,71.69999694824219,61.74128723144531,7068200.0
2021-12-17,COP,70.9000015258789,71.0999984741211,68.5,68.61000061035156,59.080474853515625,22913100.0
2021-12-20,COP,67.05000305175781,68.63999938964844,66.05999755859375,68.5999984741211,59.07186508178711,11485000.0
2021-12-21,COP,69.43000030517578,70.83999633789062,69.30000305175781,70.68000030517578,60.86296081542969,6324800.0
2021-12-22,COP,70.5,71.62000274658203,69.86000061035156,71.08000183105469,61.2074089050293,3775100.0
2021-12-23,COP,71.29000091552734,72.13999938964844,71.04000091552734,71.19000244140625,61.30213165283203,3902700.0
2021-12-27,COP,71.19000244140625,73.25,70.45999908447266,73.20999908447266,63.041568756103516,3967800.0
2021-12-28,COP,73.41000366210938,73.91999816894531,72.88999938964844,73.12000274658203,62.96407699584961,3383700.0
2021-12-29,COP,73.26000213623047,73.77999877929688,72.44000244140625,72.91999816894531,62.791839599609375,3947300.0
2021-12-30,COP,73.08000183105469,73.69999694824219,72.19999694824219,72.27999877929688,62.240726470947266,3340200.0
2021-12-31,COP,71.80999755859375,72.66999816894531,71.68000030517578,72.18000030517578,62.32708740234375,3453900.0
2022-01-03,COP,72.02999877929688,73.95999908447266,72.0199966430664,73.7699966430664,63.700035095214844,5769900.0
2022-01-04,COP,74.55999755859375,77.37999725341797,74.27999877929688,76.97000122070312,66.46321868896484,9189300.0
2022-01-05,COP,77.9800033569336,78.2699966430664,75.5199966430664,75.6500015258789,65.32341003417969,9034500.0
2022-01-06,COP,77.81999969482422,78.79000091552734,76.9000015258789,78.48999786376953,67.77574920654297,8679000.0
2022-01-07,COP,78.87000274658203,80.93000030517578,78.37999725341797,80.63999938964844,69.63225555419922,10838800.0
2022-01-10,COP,80.6500015258789,81.16000366210938,79.20999908447266,81.02999877929688,69.9690170288086,9125400.0
2022-01-11,COP,81.61000061035156,83.7699966430664,80.62999725341797,83.58999633789062,72.1795654296875,8510600.0
2022-01-12,COP,84.0,84.54000091552734,83.0999984741211,84.4000015258789,72.87901306152344,7740100.0
2022-01-13,COP,83.94000244140625,84.86000061035156,83.19000244140625,83.62000274658203,72.20547485351562,6814000.0
2022-01-14,COP,84.22000122070312,86.87000274658203,83.87000274658203,86.73999786376953,74.89957427978516,7946600.0
2022-01-18,COP,88.0,89.11000061035156,85.81999969482422,87.51000213623047,75.56446838378906,10782900.0
2022-01-19,COP,87.88999938964844,88.44000244140625,85.72000122070312,87.27999877929688,75.3658447265625,7370100.0
2022-01-20,COP,86.05000305175781,88.47000122070312,85.4000015258789,85.62999725341797,73.94107818603516,7707700.0
2022-01-21,COP,84.91000366210938,85.11000061035156,82.1500015258789,82.72000122070312,71.42831420898438,10625600.0
2022-01-24,COP,80.69999694824219,83.44999694824219,78.77999877929688,83.0199966430664,71.68736267089844,9505400.0
2022-01-25,COP,83.12000274658203,87.26000213623047,81.31999969482422,87.11000061035156,75.21906280517578,8514800.0
2022-01-26,COP,88.72000122070312,89.19000244140625,86.36000061035156,87.05999755859375,75.17588806152344,9416400.0
2022-01-27,COP,88.94999694824219,89.73999786376953,87.80999755859375,89.66000366210938,77.42098236083984,9624600.0
2022-01-28,COP,87.9800033569336,89.72000122070312,87.69999694824219,89.22000122070312,77.04103088378906,11561400.0
2022-01-31,COP,88.77999877929688,89.43000030517578,86.91999816894531,88.62000274658203,76.52294921875,7539800.0
2022-02-01,COP,87.4000015258789,91.88999938964844,87.22000122070312,91.54000091552734,79.04434967041016,9424900.0
2022-02-02,COP,90.44999694824219,92.61000061035156,88.9800033569336,92.20999908447266,79.62288665771484,8803400.0
2022-02-03,COP,92.77999877929688,92.94999694824219,89.47000122070312,90.87000274658203,78.4657974243164,13258500.0
2022-02-04,COP,92.0,94.93000030517578,91.75,91.87000274658203,79.32929992675781,12035300.0
2022-02-07,COP,90.41999816894531,94.2300033569336,89.68000030517578,92.94000244140625,80.25326538085938,8420600.0
2022-02-08,COP,91.94999694824219,93.1500015258789,90.0,91.33000183105469,78.8630142211914,7481500.0
2022-02-09,COP,91.52999877929688,94.04000091552734,91.25,92.94999694824219,80.26187133789062,6973200.0
2022-02-10,COP,92.23999786376953,94.33000183105469,91.29000091552734,91.91000366210938,79.36384582519531,7149900.0
2022-02-11,COP,91.83999633789062,93.69000244140625,91.3499984741211,93.5199966430664,81.16026306152344,9580800.0
2022-02-14,COP,92.5,92.72000122070312,90.20999908447266,91.55000305175781,79.45062255859375,7274400.0
2022-02-15,COP,88.68000030517578,89.91999816894531,87.7300033569336,89.68000030517578,77.82776641845703,8379300.0
2022-02-16,COP,89.7699966430664,91.9000015258789,89.63999938964844,90.20999908447266,78.28772735595703,6854400.0
2022-02-17,COP,90.16000366210938,91.8499984741211,90.16000366210938,91.16000366210938,79.11215209960938,6842800.0
2022-02-18,COP,89.61000061035156,90.63999938964844,88.69999694824219,89.62999725341797,77.78437805175781,6574800.0
2022-02-22,COP,92.7300033569336,92.8499984741211,86.41999816894531,87.83000183105469,76.22228240966797,9267500.0
2022-02-23,COP,88.0,89.4800033569336,87.3499984741211,88.2300033569336,76.56941223144531,7355000.0
2022-02-24,COP,90.0,90.25,85.29000091552734,87.7300033569336,76.13548278808594,11509300.0
2022-02-25,COP,88.37999725341797,91.5199966430664,87.81999969482422,91.2699966430664,79.2076416015625,10563000.0
2022-02-28,COP,90.66999816894531,95.06999969482422,89.8499984741211,94.86000061035156,82.32316589355469,15096000.0
2022-03-01,COP,95.8499984741211,98.45999908447266,94.80000305175781,96.95999908447266,84.14564514160156,14453500.0
2022-03-02,COP,98.37000274658203,99.97000122070312,97.19000244140625,98.04000091552734,85.08289337158203,16168000.0
2022-03-03,COP,97.19999694824219,98.19000244140625,95.62999725341797,97.41000366210938,84.53616333007812,8704900.0
2022-03-04,COP,97.61000061035156,100.33999633789062,97.44000244140625,100.2699966430664,87.01817321777344,10977300.0
2022-03-07,COP,101.48999786376953,103.7699966430664,99.12000274658203,101.2699966430664,87.8860092163086,13788800.0
2022-03-08,COP,101.51000213623047,104.44000244140625,95.86000061035156,98.80000305175781,85.7424545288086,17231400.0
2022-03-09,COP,95.36000061035156,98.72000122070312,92.76000213623047,96.20999908447266,83.4947509765625,12656200.0
2022-03-10,COP,97.27999877929688,99.83000183105469,96.44000244140625,99.72000122070312,86.54086303710938,9481000.0
2022-03-11,COP,98.83000183105469,101.05999755859375,98.16000366210938,98.41000366210938,85.40400695800781,7666500.0
2022-03-14,COP,97.37999725341797,97.55000305175781,94.20999908447266,96.55000305175781,83.7898178100586,10532200.0
2022-03-15,COP,92.86000061035156,95.81999969482422,92.31999969482422,95.05000305175781,82.48805236816406,8863600.0
2022-03-16,COP,95.19999694824219,95.76000213623047,94.0999984741211,94.81999969482422,82.28844451904297,9314200.0
2022-03-17,COP,96.6500015258789,99.06999969482422,96.51000213623047,98.83000183105469,85.76848602294922,8868300.0
2022-03-18,COP,99.11000061035156,100.1500015258789,98.47000122070312,99.5999984741211,86.43671417236328,16146900.0
2022-03-21,COP,101.16999816894531,103.97000122070312,100.87000274658203,102.76000213623047,89.17910766601562,8107400.0
2022-03-22,COP,102.66999816894531,102.87000274658203,100.31999969482422,101.7699966430664,88.3199462890625,6377500.0
2022-03-23,COP,103.22000122070312,105.0199966430664,103.19000244140625,104.37000274658203,90.57630920410156,7681500.0
2022-03-24,COP,104.97000122070312,105.8499984741211,103.75,104.54000091552734,90.72383880615234,6192500.0
2022-03-25,COP,104.16999816894531,107.5199966430664,103.81999969482422,107.5,93.29265594482422,7833800.0
2022-03-28,COP,105.05999755859375,105.13999938964844,103.01000213623047,103.5,89.82128143310547,6091100.0
2022-03-29,COP,99.98999786376953,100.94000244140625,97.83999633789062,100.69000244140625,87.38267517089844,10977600.0
2022-03-30,COP,101.33999633789062,102.76000213623047,100.5999984741211,101.0999984741211,88.00066375732422,6069200.0
2022-03-31,COP,100.0,102.44999694824219,99.4000015258789,100.0,87.04320526123047,9777900.0
2022-04-01,COP,100.1500015258789,101.66000366210938,99.27999877929688,100.58000183105469,87.54805755615234,6934100.0
2022-04-04,COP,101.41000366210938,101.91000366210938,99.62000274658203,100.55000305175781,87.52194213867188,4946500.0
2022-04-05,COP,100.8499984741211,101.66000366210938,97.9000015258789,98.05000305175781,85.34586334228516,5708100.0
2022-04-06,COP,99.75,100.16999816894531,96.81999969482422,97.54000091552734,84.90193939208984,5680000.0
2022-04-07,COP,98.7300033569336,100.19999694824219,96.91000366210938,99.95999908447266,87.00838470458984,6285300.0
2022-04-08,COP,100.69000244140625,103.30999755859375,100.52999877929688,103.05000305175781,89.69802856445312,6175200.0
2022-04-11,COP,101.9000015258789,102.0,97.79000091552734,97.9800033569336,85.28492736816406,7002200.0
2022-04-12,COP,100.05000305175781,101.87999725341797,99.41000366210938,100.0,87.04320526123047,7412100.0
2022-04-13,COP,101.08000183105469,101.7300033569336,98.91999816894531,100.2300033569336,87.24340057373047,7365100.0
2022-04-14,COP,100.19000244140625,102.37999725341797,99.83999633789062,101.37000274658203,88.23570251464844,6337800.0
2022-04-18,COP,102.70999908447266,104.11000061035156,101.69999694824219,103.47000122070312,90.0635986328125,4867000.0
2022-04-19,COP,102.83000183105469,103.58000183105469,101.0199966430664,101.55999755859375,88.40107727050781,5331700.0
2022-04-20,COP,102.0999984741211,103.47000122070312,101.37999725341797,102.66999816894531,89.36724090576172,6059200.0
2022-04-21,COP,103.12000274658203,103.76000213623047,98.30999755859375,98.66999816894531,85.88552856445312,6290600.0
2022-04-22,COP,97.87000274658203,99.44999694824219,95.7699966430664,96.01000213623047,83.5701904296875,6483900.0
2022-04-25,COP,93.0,93.41999816894531,88.80000305175781,91.66000366210938,79.78380584716797,11913400.0
2022-04-26,COP,92.51000213623047,94.29000091552734,91.30000305175781,91.31999969482422,79.48786163330078,5970100.0
2022-04-27,COP,91.72000122070312,93.93000030517578,88.7699966430664,93.05999755859375,81.00238800048828,6765800.0
2022-04-28,COP,93.04000091552734,98.45999908447266,91.19999694824219,97.55000305175781,84.91064453125,9520600.0
2022-04-29,COP,97.75,98.80999755859375,94.91999816894531,95.5199966430664,83.1436538696289,8777700.0
2022-05-02,COP,94.2699966430664,96.05000305175781,92.58000183105469,95.91999816894531,83.4918441772461,6980500.0
2022-05-03,COP,96.68000030517578,99.52999877929688,96.13999938964844,98.93000030517578,86.11181640625,5748000.0
2022-05-04,COP,101.0,104.19000244140625,99.11000061035156,103.86000061035156,90.40306854248047,7989800.0
2022-05-05,COP,104.58999633789062,106.58999633789062,100.52999877929688,102.86000061035156,89.53264617919922,10593000.0
2022-05-06,COP,104.16999816894531,107.70999908447266,102.80000305175781,107.69000244140625,93.73683166503906,9213100.0
2022-05-09,COP,105.16999816894531,105.5,96.4800033569336,97.19999694824219,84.6059799194336,9750900.0
2022-05-10,COP,98.87999725341797,101.5199966430664,95.97000122070312,98.0,85.30233001708984,7845900.0
2022-05-11,COP,99.70999908447266,102.88999938964844,98.80000305175781,99.04000091552734,86.20758819580078,6651600.0
2022-05-12,COP,98.44999694824219,99.66000366210938,95.47000122070312,99.5999984741211,86.69502258300781,7244400.0
2022-05-13,COP,100.83000183105469,103.80999755859375,100.69999694824219,102.91000366210938,89.57616424560547,6549900.0
2022-05-16,COP,103.08000183105469,107.08999633789062,102.63999938964844,105.5,92.24290466308594,7990600.0
2022-05-17,COP,107.08000183105469,108.30000305175781,105.70999908447266,107.0199966430664,93.57188415527344,6577500.0
2022-05-18,COP,107.72000122070312,108.0999984741211,102.76000213623047,104.4800033569336,91.35106658935547,8957000.0
2022-05-19,COP,101.83000183105469,106.70999908447266,101.83000183105469,104.61000061035156,91.4647216796875,6784100.0
2022-05-20,COP,105.12999725341797,107.55000305175781,102.19000244140625,105.0199966430664,91.82321166992188,6717700.0
2022-05-23,COP,106.04000091552734,109.43000030517578,105.7699966430664,109.0199966430664,95.32057189941406,8646900.0
2022-05-24,COP,107.94999694824219,109.9800033569336,106.30000305175781,109.4800033569336,95.72277069091797,6859100.0
2022-05-25,COP,109.94999694824219,111.52999877929688,109.55000305175781,111.19999694824219,97.22664642333984,6707000.0
2022-05-26,COP,112.62999725341797,114.5999984741211,112.18000030517578,113.1500015258789,98.93161010742188,6159000.0
2022-05-27,COP,112.1500015258789,114.5999984741211,111.87000274658203,114.5999984741211,100.19940185546875,6788700.0
2022-05-31,COP,116.2300033569336,117.98999786376953,111.31999969482422,112.36000061035156,98.2408676147461,17278500.0
2022-06-01,COP,114.36000061035156,117.30000305175781,114.18000030517578,115.75,101.20488739013672,7246600.0
2022-06-02,COP,114.26000213623047,115.94999694824219,113.11000061035156,114.95999908447266,100.51415252685547,5042700.0
2022-06-03,COP,115.44999694824219,118.41999816894531,115.12000274658203,118.12000274658203,103.2770767211914,5387100.0
2022-06-06,COP,118.19000244140625,118.80999755859375,116.62000274658203,117.37999725341797,102.63005828857422,5608400.0
2022-06-07,COP,117.18000030517578,122.70999908447266,117.12999725341797,122.70999908447266,107.290283203125,8559000.0
2022-06-08,COP,122.72000122070312,124.08000183105469,121.5,121.86000061035156,106.5470962524414,7010900.0
2022-06-09,COP,120.62000274658203,121.77999877929688,118.43000030517578,118.55999755859375,103.66178894042969,6643000.0
2022-06-10,COP,117.0,119.63999938964844,115.30000305175781,116.83000183105469,102.14917755126953,7298800.0
2022-06-13,COP,112.44999694824219,114.0199966430664,108.37000274658203,111.76000213623047,97.71627044677734,9516900.0
2022-06-14,COP,114.0199966430664,116.16000366210938,110.04000091552734,111.48999786376953,97.48019409179688,7737700.0
2022-06-15,COP,111.48999786376953,112.05999755859375,107.58999633789062,109.33000183105469,95.59162139892578,7681400.0
2022-06-16,COP,105.01000213623047,106.20999908447266,101.12999725341797,102.41999816894531,89.54993438720703,11848400.0
2022-06-17,COP,101.48999786376953,102.33999633789062,92.80999755859375,93.73999786376953,81.96064758300781,24455100.0
2022-06-21,COP,96.0199966430664,100.0999984741211,95.9800033569336,99.27999877929688,86.80450439453125,10454900.0
2022-06-22,COP,92.8499984741211,95.05000305175781,91.45999908447266,93.05999755859375,81.36609649658203,11284200.0
2022-06-23,COP,93.75,94.19999694824219,87.26000213623047,87.88999938964844,76.84577941894531,13554900.0
2022-06-24,COP,90.0,92.05000305175781,88.36000061035156,90.91000366210938,79.48625946044922,12282400.0
2022-06-27,COP,91.58000183105469,93.79000091552734,90.94999694824219,92.2300033569336,81.26616668701172,8986100.0
2022-06-28,COP,94.9800033569336,97.06999969482422,93.55000305175781,95.22000122070312,83.90071105957031,8903000.0
2022-06-29,COP,96.88999938964844,97.44999694824219,91.27999877929688,91.45999908447266,80.58769226074219,7990100.0
2022-06-30,COP,88.55999755859375,91.70999908447266,87.83000183105469,89.80999755859375,79.13381958007812,12748900.0
2022-07-01,COP,91.93000030517578,92.30999755859375,88.30999755859375,90.9800033569336,80.16473388671875,6005000.0
2022-07-05,COP,89.3499984741211,89.3499984741211,83.05999755859375,84.63999938964844,74.57842254638672,13483600.0
2022-07-06,COP,83.70999908447266,85.69000244140625,80.44000244140625,83.33999633789062,73.43292999267578,12130900.0
2022-07-07,COP,86.19000244140625,87.20999908447266,85.68000030517578,86.3499984741211,76.08513641357422,8072400.0
2022-07-08,COP,87.52999877929688,87.86000061035156,84.66999816894531,86.45999908447266,76.18205261230469,5615500.0
2022-07-11,COP,85.58999633789062,86.5999984741211,84.19000244140625,85.55000305175781,75.38023376464844,4685700.0
2022-07-12,COP,82.55999755859375,84.04000091552734,81.61000061035156,83.44999694824219,73.52986145019531,5573100.0
2022-07-13,COP,82.36000061035156,85.19000244140625,82.36000061035156,83.11000061035156,73.23030090332031,5535300.0
2022-07-14,COP,79.83000183105469,81.7699966430664,78.30000305175781,81.61000061035156,71.9085922241211,8890200.0
2022-07-15,COP,83.87000274658203,83.94000244140625,81.81999969482422,82.88999938964844,73.03645324707031,5899000.0
2022-07-18,COP,84.73999786376953,86.38999938964844,84.6500015258789,85.06999969482422,74.9572982788086,7057600.0
2022-07-19,COP,85.41000366210938,88.70999908447266,84.87999725341797,88.4800033569336,77.9619369506836,6674800.0
2022-07-20,COP,87.75,91.22000122070312,87.22000122070312,90.70999908447266,79.92683410644531,7720500.0
2022-07-21,COP,87.3499984741211,89.05999755859375,86.87000274658203,88.93000030517578,78.35845947265625,8016700.0
2022-07-22,COP,89.20999908447266,90.19000244140625,87.54000091552734,88.12999725341797,77.65353393554688,6243500.0
2022-07-25,COP,89.45999908447266,92.13999938964844,87.79000091552734,92.05000305175781,81.1075439453125,5815100.0
2022-07-26,COP,93.44000244140625,94.18000030517578,89.97000122070312,91.08999633789062,80.26165771484375,7127000.0
2022-07-27,COP,92.04000091552734,93.66000366210938,91.29000091552734,93.2699966430664,82.18251037597656,6237800.0
2022-07-28,COP,94.22000122070312,95.26000213623047,92.5999984741211,94.05999755859375,82.87859344482422,4656100.0
2022-07-29,COP,96.18000030517578,97.91999816894531,95.4000015258789,97.43000030517578,85.8479995727539,7394800.0
2022-08-01,COP,95.30999755859375,96.05999755859375,93.68000030517578,95.0999984741211,83.79497528076172,5598900.0
2022-08-02,COP,95.0999984741211,95.8499984741211,93.93000030517578,94.70999908447266,83.45132446289062,4653000.0
2022-08-03,COP,95.3499984741211,95.68000030517578,90.43000030517578,91.31999969482422,80.46432495117188,6783300.0
2022-08-04,COP,92.73999786376953,93.0,89.27999877929688,89.87999725341797,79.19548797607422,7810500.0
2022-08-05,COP,88.22000122070312,93.41999816894531,88.0,92.8499984741211,81.81244659423828,5848000.0
2022-08-08,COP,93.0199966430664,94.69000244140625,92.8499984741211,93.62999725341797,82.49972534179688,4788100.0
2022-08-09,COP,95.30000305175781,97.27999877929688,94.86000061035156,95.51000213623047,84.1562271118164,7477700.0
2022-08-10,COP,95.38999938964844,96.30999755859375,93.16000366210938,95.9800033569336,84.57036590576172,5625500.0
2022-08-11,COP,98.12000274658203,101.31999969482422,97.5199966430664,100.36000061035156,88.4296875,6481600.0
2022-08-12,COP,99.75,102.95999908447266,99.3499984741211,102.75,90.53556060791016,6683800.0
2022-08-15,COP,98.38999938964844,101.45999908447266,97.55000305175781,100.7699966430664,89.19023132324219,6585900.0
2022-08-16,COP,101.20999908447266,102.05000305175781,98.93000030517578,100.0999984741211,88.59722137451172,6924400.0
2022-08-17,COP,100.0999984741211,102.69000244140625,99.7699966430664,101.36000061035156,89.71244812011719,5346500.0
2022-08-18,COP,102.6500015258789,105.11000061035156,102.22000122070312,104.87999725341797,92.82794952392578,5966500.0
2022-08-19,COP,104.58999633789062,105.69000244140625,103.52999877929688,105.13999938964844,93.05807495117188,7067100.0
2022-08-22,COP,103.66999816894531,105.69999694824219,102.54000091552734,105.23999786376953,93.1465835571289,6701700.0
2022-08-23,COP,107.2300033569336,110.68000030517578,106.73999786376953,108.44999694824219,95.98771667480469,8253000.0
2022-08-24,COP,108.11000061035156,110.76000213623047,107.83999633789062,110.5199966430664,97.81983184814453,6286100.0
2022-08-25,COP,111.44999694824219,112.13999938964844,110.6500015258789,112.08000183105469,99.20059204101562,5241000.0
2022-08-26,COP,112.62000274658203,114.25,111.48999786376953,112.12000274658203,99.23599243164062,6508800.0
2022-08-29,COP,112.08999633789062,115.47000122070312,111.88999938964844,113.41999816894531,100.38658905029297,6479700.0
2022-08-30,COP,111.16999816894531,111.51000213623047,108.9000015258789,110.5,97.8021469116211,7746900.0
2022-08-31,COP,107.8499984741211,111.86000061035156,107.05000305175781,109.44999694824219,96.87278747558594,6775700.0
2022-09-01,COP,107.77999877929688,108.94000244140625,105.75,107.52999877929688,95.17342376708984,6717300.0
2022-09-02,COP,109.63999938964844,112.0,109.0,110.26000213623047,97.58972930908203,6096400.0
2022-09-06,COP,111.0,111.68000030517578,108.08000183105469,108.62999725341797,96.14702606201172,7270900.0
2022-09-07,COP,105.81999969482422,107.51000213623047,104.76000213623047,106.76000213623047,94.4919204711914,6890900.0
2022-09-08,COP,107.33999633789062,109.19000244140625,106.5999984741211,108.31999969482422,95.8726577758789,7147200.0
2022-09-09,COP,110.05000305175781,112.41999816894531,109.87000274658203,111.97000122070312,99.10322570800781,6085000.0
2022-09-12,COP,112.94999694824219,115.41000366210938,112.81999969482422,114.38999938964844,101.24514770507812,6208600.0
2022-09-13,COP,112.9000015258789,114.38999938964844,111.81999969482422,112.33000183105469,99.4218521118164,6977400.0
2022-09-14,COP,113.69000244140625,118.38999938964844,113.45999908447266,117.70999908447266,104.18364715576172,9457900.0
2022-09-15,COP,115.13999938964844,117.22000122070312,114.62999725341797,115.55999755859375,102.28068542480469,9997500.0
2022-09-16,COP,115.56999969482422,115.63999938964844,111.19999694824219,113.12999725341797,100.12992095947266,14608000.0
2022-09-19,COP,109.80000305175781,113.4800033569336,109.44000244140625,112.87000274658203,99.89981079101562,6600600.0
2022-09-20,COP,112.55000305175781,112.83999633789062,110.55000305175781,112.06999969482422,99.19172668457031,5655400.0
2022-09-21,COP,114.16999816894531,114.88999938964844,111.05999755859375,111.08999633789062,98.3243637084961,5818000.0
2022-09-22,COP,113.19999694824219,113.8499984741211,109.93000030517578,110.05999755859375,97.41271209716797,4971600.0
2022-09-23,COP,105.08999633789062,105.2699966430664,99.5999984741211,100.58999633789062,89.03091430664062,10157300.0
2022-09-26,COP,100.08999633789062,102.72000122070312,99.12000274658203,99.19999694824219,87.80066680908203,8719000.0
2022-09-27,COP,101.37000274658203,102.58000183105469,98.5199966430664,98.76000213623047,87.41121673583984,8779000.0
2022-09-28,COP,98.83000183105469,103.44000244140625,98.45999908447266,103.0,92.47489929199219,9207500.0
2022-09-29,COP,101.58999633789062,104.08999633789062,99.88999938964844,103.66000366210938,93.06745910644531,5929800.0
2022-09-30,COP,102.43000030517578,103.93000030517578,101.0,102.33999633789062,91.88232421875,7172000.0
2022-10-03,COP,106.93000030517578,110.83999633789062,106.52999877929688,109.97000122070312,98.73265075683594,7701900.0
2022-10-04,COP,112.47000122070312,115.8499984741211,111.72000122070312,115.62000274658203,103.8053207397461,7582900.0
2022-10-05,COP,116.25,117.26000213623047,113.76000213623047,115.93000030517578,104.08362579345703,10073000.0
2022-10-06,COP,114.79000091552734,118.36000061035156,114.68000030517578,117.6500015258789,105.62786865234375,6388900.0
2022-10-07,COP,118.13999938964844,121.36000061035156,117.31999969482422,118.51000213623047,106.39999389648438,9373500.0
2022-10-10,COP,118.61000061035156,120.44000244140625,115.44999694824219,116.80000305175781,104.86473846435547,5883200.0
2022-10-11,COP,114.11000061035156,118.11000061035156,113.20999908447266,115.58000183105469,103.76941680908203,7602400.0
2022-10-12,COP,114.76000213623047,117.33999633789062,113.98999786376953,116.30000305175781,104.41582489013672,6221600.0
2022-10-13,COP,114.5,123.41000366210938,114.43000030517578,122.73999786376953,110.19776916503906,7999100.0
2022-10-14,COP,121.08999633789062,122.9800033569336,117.04000091552734,117.95999908447266,105.90620422363281,7646000.0
2022-10-17,COP,119.77999877929688,121.44000244140625,118.0199966430664,118.36000061035156,106.26532745361328,6667000.0
2022-10-18,COP,119.58000183105469,120.04000091552734,115.69999694824219,117.88999938964844,105.84334564208984,6826200.0
2022-10-19,COP,118.41999816894531,121.5999984741211,118.08999633789062,121.11000061035156,108.73431396484375,5500400.0
2022-10-20,COP,122.5,124.91000366210938,121.77999877929688,121.80999755859375,109.36278533935547,6456100.0
2022-10-21,COP,122.66999816894531,124.76000213623047,121.56999969482422,124.48999786376953,111.7689208984375,5886200.0
2022-10-24,COP,124.52999877929688,126.4000015258789,124.19999694824219,125.13999938964844,112.3525161743164,5734900.0
2022-10-25,COP,124.33000183105469,125.48999786376953,122.87999725341797,123.94000244140625,111.27513122558594,7000800.0
2022-10-26,COP,124.72000122070312,128.17999267578125,124.58000183105469,126.56999969482422,113.63638305664062,8139100.0
2022-10-27,COP,127.69999694824219,129.4499969482422,126.23999786376953,126.63999938964844,113.69922637939453,8948500.0
2022-10-28,COP,128.5,128.99000549316406,124.01000213623047,127.16999816894531,114.1750717163086,7293200.0
2022-10-31,COP,125.58000183105469,129.99000549316406,125.56999969482422,126.08999633789062,113.20543670654297,7121000.0
2022-11-01,COP,128.74000549316406,129.32000732421875,126.88999938964844,127.77999877929688,114.72272491455078,5875600.0
2022-11-02,COP,127.08000183105469,129.8000030517578,125.79000091552734,126.51000213623047,113.58251953125,7680400.0
2022-11-03,COP,129.6199951171875,136.1199951171875,128.2899932861328,133.82000732421875,120.14555358886719,13209100.0
2022-11-04,COP,137.0,138.49000549316406,129.64999389648438,132.32000732421875,118.79882049560547,10663700.0
2022-11-07,COP,132.75,136.4199981689453,132.61000061035156,134.94000244140625,121.15108489990234,6882400.0
2022-11-08,COP,134.3000030517578,135.27999877929688,132.22999572753906,134.44000244140625,120.70217895507812,5039800.0
2022-11-09,COP,132.4600067138672,132.57000732421875,124.88999938964844,125.26000213623047,112.46025085449219,7069500.0
2022-11-10,COP,128.10000610351562,129.77000427246094,125.56999969482422,129.4600067138672,116.2310791015625,7543900.0
2022-11-11,COP,131.1999969482422,134.85000610351562,130.55999755859375,133.9600067138672,120.27125549316406,8662000.0
2022-11-14,COP,132.3800048828125,135.67999267578125,132.27999877929688,133.02999877929688,119.8927230834961,6163400.0
2022-11-15,COP,133.58999633789062,134.83999633789062,131.91000366210938,134.08999633789062,120.84803771972656,8300600.0
2022-11-16,COP,132.5800018310547,133.5,129.08999633789062,129.24000549316406,116.47698211669922,7365600.0
2022-11-17,COP,127.58999633789062,131.3699951171875,127.02999877929688,131.19000244140625,118.23442840576172,5735800.0
2022-11-18,COP,128.41000366210938,129.1999969482422,126.5,128.58999633789062,115.89118194580078,5727200.0
2022-11-21,COP,125.04000091552734,127.11000061035156,121.80999755859375,125.48999786376953,113.09733581542969,6573200.0
2022-11-22,COP,128.0,130.5500030517578,126.45999908447266,129.97999572753906,117.1438980102539,5604200.0
2022-11-23,COP,127.58999633789062,129.22000122070312,125.80000305175781,126.73999786376953,114.22388458251953,7482600.0
2022-11-25,COP,126.88999938964844,127.7699966430664,126.5,126.80999755859375,114.28697967529297,2547800.0
2022-11-28,COP,122.69999694824219,125.05999755859375,121.23999786376953,123.83999633789062,111.61026763916016,5648600.0
2022-11-29,COP,125.81999969482422,126.83000183105469,123.91999816894531,124.25,111.97978210449219,4909700.0
2022-11-30,COP,126.6500015258789,126.68000030517578,122.44000244140625,123.51000213623047,111.31285095214844,8484500.0
2022-12-01,COP,124.66999816894531,125.37000274658203,122.88999938964844,123.05999755859375,110.90729522705078,5285100.0
2022-12-02,COP,122.12000274658203,123.87000274658203,121.33999633789062,122.18000030517578,110.11418914794922,4879700.0
2022-12-05,COP,124.26000213623047,124.69000244140625,118.70999908447266,119.37000274658203,107.58171081542969,5478700.0
2022-12-06,COP,118.44000244140625,119.73999786376953,114.54000091552734,115.61000061035156,104.19302368164062,6498400.0
2022-12-07,COP,116.29000091552734,117.5999984741211,114.08999633789062,114.87999725341797,103.53511047363281,6099100.0
2022-12-08,COP,117.79000091552734,117.88999938964844,111.87999725341797,112.5999984741211,101.4802474975586,7720400.0
2022-12-09,COP,112.41000366210938,113.94999694824219,109.7300033569336,110.0199966430664,99.15504455566406,6385700.0
2022-12-12,COP,110.9000015258789,112.30000305175781,110.06999969482422,111.77999877929688,100.74124145507812,5636500.0
2022-12-13,COP,114.44999694824219,115.58999633789062,113.37000274658203,113.41000366210938,102.21028137207031,6285200.0
2022-12-14,COP,114.75,115.6500015258789,112.04000091552734,112.87000274658203,101.72360229492188,5927000.0
2022-12-15,COP,111.63999938964844,112.91999816894531,110.47000122070312,112.55000305175781,101.43519592285156,6400900.0
2022-12-16,COP,110.44999694824219,111.22000122070312,109.01000213623047,110.44000244140625,99.53356170654297,17422600.0
2022-12-19,COP,112.16000366210938,112.76000213623047,109.63999938964844,110.44000244140625,99.53356170654297,4991400.0
2022-12-20,COP,110.44999694824219,113.80999755859375,110.0,112.6500015258789,101.52532196044922,5538700.0
2022-12-21,COP,114.94000244140625,116.66999816894531,113.55000305175781,116.27999877929688,104.79685974121094,5433000.0
2022-12-22,COP,116.05000305175781,116.77999877929688,109.83999633789062,112.9000015258789,101.7506332397461,5295400.0
2022-12-23,COP,113.6500015258789,117.0999984741211,113.6500015258789,117.05000305175781,106.14896392822266,5001500.0
2022-12-27,COP,117.91999816894531,119.05999755859375,117.05999755859375,118.47000122070312,107.43670654296875,3849400.0
2022-12-28,COP,118.20999908447266,118.2699966430664,114.73999786376953,115.30999755859375,104.57097625732422,3856400.0
2022-12-29,COP,114.7300033569336,117.0,114.62000274658203,116.38999938964844,105.5504150390625,2921600.0
2022-12-30,COP,116.06999969482422,118.20999908447266,116.01000213623047,118.0,107.01045989990234,4220500.0
2023-01-03,COP,116.55999755859375,117.9800033569336,111.91999816894531,113.12000274658203,102.58496856689453,5424400.0
2023-01-04,COP,111.22000122070312,114.30999755859375,110.45999908447266,113.33999633789062,102.78446197509766,4837600.0
2023-01-05,COP,113.52999877929688,117.80000305175781,113.52999877929688,116.7699966430664,105.89501953125,5177700.0
2023-01-06,COP,118.5,120.19000244140625,117.54000091552734,118.2300033569336,107.21906280517578,4442300.0
2023-01-09,COP,120.31999969482422,120.66000366210938,116.86000061035156,117.36000061035156,106.4300765991211,5403200.0
2023-01-10,COP,118.2300033569336,118.62000274658203,116.68000030517578,118.08000183105469,107.0830307006836,4042700.0
2023-01-11,COP,119.19000244140625,119.55000305175781,116.91000366210938,118.23999786376953,107.22813415527344,4569900.0
2023-01-12,COP,118.38999938964844,121.0999984741211,117.8499984741211,120.16000366210938,108.96931457519531,5072500.0
2023-01-13,COP,120.58000183105469,121.8499984741211,118.51000213623047,121.47000122070312,110.15731811523438,4360200.0
2023-01-17,COP,121.05999755859375,122.54000091552734,119.55999755859375,120.23999786376953,109.0418472290039,5228500.0
2023-01-18,COP,121.19999694824219,123.70999908447266,118.36000061035156,118.55000305175781,107.50926208496094,5138700.0
2023-01-19,COP,117.55000305175781,120.26000213623047,116.26000213623047,119.63999938964844,108.49774932861328,5049100.0
2023-01-20,COP,120.16000366210938,121.91000366210938,119.25,121.80000305175781,110.45658111572266,5101400.0
2023-01-23,COP,122.45999908447266,123.16999816894531,119.97000122070312,120.12999725341797,108.94210815429688,3963200.0
2023-01-24,COP,121.0,121.0,117.63999938964844,118.80999755859375,107.74502563476562,4216900.0
2023-01-25,COP,118.19999694824219,120.37999725341797,116.63999938964844,120.37000274658203,109.15975189208984,3984700.0
2023-01-26,COP,122.29000091552734,124.7300033569336,120.80000305175781,124.6500015258789,113.04115295410156,5807400.0
2023-01-27,COP,124.69000244140625,126.38999938964844,123.5199966430664,123.61000061035156,112.09800720214844,4857500.0
2023-01-30,COP,122.08999633789062,122.5999984741211,120.33000183105469,120.52999877929688,109.30484771728516,5246300.0
2023-01-31,COP,120.22000122070312,122.08999633789062,119.0999984741211,121.87000274658203,110.5200424194336,5200100.0
2023-02-01,COP,120.70999908447266,120.97000122070312,115.19999694824219,117.69999694824219,106.73841094970703,7282300.0
2023-02-02,COP,113.48999786376953,115.38999938964844,109.76000213623047,111.30000305175781,100.93446350097656,11531300.0
2023-02-03,COP,111.30999755859375,112.38999938964844,107.76000213623047,108.11000061035156,98.04154205322266,13504200.0
2023-02-06,COP,108.56999969482422,109.94999694824219,106.7300033569336,107.48999786376953,97.47928619384766,11516300.0
2023-02-07,COP,108.41000366210938,112.1500015258789,107.41000366210938,112.0199966430664,101.58740234375,7370600.0
2023-02-08,COP,112.2300033569336,113.0,109.83999633789062,110.79000091552734,100.47195434570312,6713200.0
2023-02-09,COP,110.61000061035156,111.73999786376953,109.8499984741211,109.93000030517578,99.69205474853516,5768300.0
2023-02-10,COP,111.9800033569336,115.37000274658203,111.83000183105469,115.05999755859375,104.34427642822266,10779200.0
2023-02-13,COP,113.94999694824219,114.0999984741211,112.12000274658203,112.30999755859375,102.30386352539062,6018200.0
2023-02-14,COP,111.0,114.44999694824219,110.55000305175781,113.55000305175781,103.43338775634766,7308100.0
2023-02-15,COP,111.81999969482422,112.16999816894531,109.9800033569336,111.6500015258789,101.7026596069336,7203700.0
2023-02-16,COP,110.87999725341797,111.70999908447266,108.08999633789062,108.36000061035156,98.70577239990234,6531900.0
2023-02-17,COP,106.13999938964844,106.66999816894531,103.16999816894531,104.12000274658203,94.84355163574219,11294500.0
2023-02-21,COP,104.01000213623047,106.12000274658203,103.51000213623047,105.30999755859375,95.92750549316406,7200600.0
2023-02-22,COP,105.4800033569336,105.4800033569336,102.95999908447266,104.08000183105469,94.80711364746094,7929500.0
2023-02-23,COP,106.0,106.4000015258789,104.06999969482422,105.43000030517578,96.03680419921875,6095800.0
2023-02-24,COP,104.16999816894531,105.55000305175781,103.36000061035156,105.25,95.87285614013672,5617900.0
2023-02-27,COP,105.16999816894531,106.18000030517578,103.44000244140625,105.86000061035156,96.42852020263672,7429300.0
2023-02-28,COP,106.66000366210938,107.30999755859375,103.30999755859375,103.3499984741211,94.14214324951172,8771800.0
2023-03-01,COP,103.7300033569336,107.68000030517578,103.2300033569336,106.25,96.78377532958984,6064700.0
2023-03-02,COP,106.06999969482422,108.95999908447266,105.77999877929688,108.33000183105469,98.67845916748047,5458600.0
2023-03-03,COP,106.2699966430664,109.08000183105469,105.81999969482422,108.63999938964844,98.96083068847656,7075100.0
2023-03-06,COP,107.58000183105469,109.5999984741211,107.0999984741211,109.55999755859375,99.7988510131836,6200900.0
2023-03-07,COP,108.58999633789062,108.91999816894531,106.66999816894531,107.6500015258789,98.05904388427734,4973200.0
2023-03-08,COP,107.0,108.52999877929688,105.76000213623047,107.2300033569336,97.67645263671875,4576800.0
2023-03-09,COP,107.91999816894531,109.25,105.36000061035156,105.80999755859375,96.3829574584961,5191600.0
2023-03-10,COP,105.7300033569336,107.33000183105469,103.5999984741211,104.22000122070312,94.93461608886719,5313100.0
2023-03-13,COP,102.0,103.58000183105469,99.56999969482422,100.68000030517578,91.71002197265625,8789700.0
2023-03-14,COP,101.05000305175781,104.41999816894531,99.62000274658203,101.36000061035156,92.3294448852539,7090800.0
2023-03-15,COP,97.41999816894531,98.70999908447266,93.58999633789062,95.23999786376953,86.75468444824219,10661200.0
2023-03-16,COP,92.01000213623047,96.5,91.52999877929688,96.4000015258789,87.81134796142578,10111500.0
2023-03-17,COP,96.3499984741211,96.94999694824219,93.5,94.38999938964844,85.98043060302734,17056000.0
2023-03-20,COP,94.83999633789062,96.88999938964844,94.70999908447266,96.16000366210938,87.59272766113281,7932900.0
2023-03-21,COP,98.08999633789062,100.08999633789062,98.0,99.70999908447266,90.82642364501953,6770200.0
2023-03-22,COP,100.0,101.08999633789062,98.29000091552734,98.37000274658203,89.6058349609375,5635500.0
2023-03-23,COP,98.51000213623047,99.76000213623047,95.5,96.41999816894531,87.82955932617188,5866400.0
2023-03-24,COP,94.55999755859375,95.9000015258789,93.26000213623047,95.43000030517578,86.92777252197266,8385900.0
2023-03-27,COP,96.30999755859375,98.5,95.5999984741211,97.4800033569336,88.79512023925781,6049700.0
2023-03-28,COP,96.61000061035156,98.69000244140625,96.43000030517578,97.93000030517578,89.75749206542969,3792000.0
2023-03-29,COP,99.63999938964844,100.30000305175781,98.66999816894531,99.75,91.42561340332031,7596300.0
2023-03-30,COP,100.61000061035156,100.86000061035156,98.87000274658203,99.25,90.96734619140625,5461100.0
2023-03-31,COP,99.80999755859375,99.9000015258789,98.94000244140625,99.20999908447266,90.93067169189453,7708800.0
2023-04-03,COP,105.12999725341797,109.13999938964844,105.01000213623047,108.41999816894531,99.37207794189453,12394300.0
2023-04-04,COP,108.33000183105469,108.7699966430664,105.11000061035156,106.30000305175781,97.42901611328125,5425500.0
2023-04-05,COP,106.91000366210938,107.87999725341797,105.91999816894531,107.75,98.75799560546875,5806800.0
2023-04-06,COP,106.9000015258789,107.73999786376953,105.88999938964844,106.26000213623047,97.39234161376953,5087800.0
2023-04-10,COP,107.04000091552734,108.01000213623047,105.61000061035156,105.94999694824219,97.10821533203125,4374700.0
2023-04-11,COP,106.0999984741211,107.19999694824219,105.48999786376953,106.75,97.84144592285156,4812200.0
2023-04-12,COP,108.4800033569336,109.08999633789062,107.41000366210938,107.52999877929688,98.55635070800781,8108200.0
2023-04-13,COP,107.94000244140625,109.9000015258789,107.12000274658203,109.04000091552734,99.94034576416016,7160100.0
2023-04-14,COP,109.4800033569336,110.0199966430664,108.12000274658203,108.5,99.44540405273438,5052100.0
2023-04-17,COP,106.80000305175781,107.69000244140625,105.5199966430664,105.61000061035156,96.79658508300781,6278800.0
2023-04-18,COP,104.98999786376953,105.69999694824219,104.0999984741211,104.94999694824219,96.191650390625,7745300.0
2023-04-19,COP,103.8499984741211,105.80999755859375,103.5,105.26000213623047,96.47579193115234,4717500.0
2023-04-20,COP,103.44999694824219,103.9000015258789,102.12000274658203,103.77999877929688,95.1192855834961,5351600.0
2023-04-21,COP,104.0999984741211,104.19999694824219,101.62999725341797,102.26000213623047,93.72614288330078,5279000.0
2023-04-24,COP,101.94999694824219,103.94999694824219,101.7699966430664,103.6500015258789,95.0001449584961,5215800.0
2023-04-25,COP,101.5999984741211,102.41000366210938,100.4800033569336,102.08999633789062,93.5703353881836,5355800.0
2023-04-26,COP,101.33000183105469,102.12999725341797,99.6500015258789,100.47000122070312,92.08553314208984,4295000.0
2023-04-27,COP,100.44999694824219,101.93000030517578,99.80999755859375,101.2300033569336,92.78209686279297,4196700.0
2023-04-28,COP,100.56999969482422,103.7300033569336,100.31999969482422,102.88999938964844,94.30355072021484,6638200.0
2023-05-01,COP,101.58000183105469,103.01000213623047,101.12999725341797,102.52999877929688,93.97360229492188,3644900.0
2023-05-02,COP,100.87999725341797,101.38999938964844,97.4800033569336,98.63999938964844,90.40824127197266,8100100.0
2023-05-03,COP,96.83000183105469,97.58000183105469,95.69999694824219,96.08999633789062,88.0710220336914,9085100.0
2023-05-04,COP,96.19999694824219,98.5199966430664,95.80999755859375,97.36000061035156,89.23506164550781,6840000.0
2023-05-05,COP,101.12000274658203,101.5999984741211,98.94000244140625,100.37000274658203,91.9938735961914,5566700.0
2023-05-08,COP,102.08999633789062,102.75,100.5999984741211,100.9000015258789,92.47964477539062,5058900.0
2023-05-09,COP,100.01000213623047,102.62000274658203,99.94999694824219,101.52999877929688,93.05706024169922,4896100.0
2023-05-10,COP,101.98999786376953,102.26000213623047,99.55000305175781,100.47000122070312,92.08553314208984,5285900.0
2023-05-11,COP,98.87999725341797,100.12000274658203,98.55000305175781,99.88999938964844,91.55392456054688,5671700.0
2023-05-12,COP,100.63999938964844,100.94999694824219,98.70999908447266,99.43000030517578,91.13230895996094,5004400.0
2023-05-15,COP,99.33000183105469,100.44999694824219,98.45999908447266,100.29000091552734,92.39445495605469,5838100.0
2023-05-16,COP,99.87000274658203,100.55999755859375,97.41999816894531,98.06999969482422,90.34923553466797,4822200.0
2023-05-17,COP,99.54000091552734,101.45999908447266,98.55999755859375,100.70999908447266,92.78138732910156,5013700.0
2023-05-18,COP,100.19999694824219,100.8499984741211,99.25,100.73999786376953,92.80902862548828,5503400.0
2023-05-19,COP,102.33000183105469,103.58999633789062,101.83000183105469,102.5999984741211,94.52259063720703,6068200.0
2023-05-22,COP,102.7300033569336,104.91999816894531,102.41999816894531,103.7300033569336,95.56365203857422,5561900.0
2023-05-23,COP,104.45999908447266,105.56999969482422,103.98999786376953,104.38999938964844,96.17166900634766,5415700.0
2023-05-24,COP,105.48999786376953,105.68000030517578,103.47000122070312,103.9800033569336,95.7939453125,5141900.0
2023-05-25,COP,101.94000244140625,102.4000015258789,100.5,101.69000244140625,93.68424987792969,4951900.0
2023-05-26,COP,102.66999816894531,102.8499984741211,100.87999725341797,101.8499984741211,93.8316421508789,5709500.0
2023-05-30,COP,100.69999694824219,101.58999633789062,100.02999877929688,101.19999694824219,93.2328109741211,6721800.0
2023-05-31,COP,99.43000030517578,100.98999786376953,99.2300033569336,99.30000305175781,91.48241424560547,22757300.0
2023-06-01,COP,99.56999969482422,100.9800033569336,98.37999725341797,99.52999877929688,91.69428253173828,5857800.0
2023-06-02,COP,101.36000061035156,102.93000030517578,100.4800033569336,102.3499984741211,94.29226684570312,4958500.0
2023-06-05,COP,104.25,104.25,100.97000122070312,102.06999969482422,94.03431701660156,5153900.0
2023-06-06,COP,101.05000305175781,102.73999786376953,100.3499984741211,101.94000244140625,93.91456604003906,3622400.0
2023-06-07,COP,102.31999969482422,105.4800033569336,102.31999969482422,104.80999755859375,96.55860900878906,4827700.0
2023-06-08,COP,104.8499984741211,105.56999969482422,102.58999633789062,104.54000091552734,96.30986785888672,5231300.0
2023-06-09,COP,104.83999633789062,105.44999694824219,103.62999725341797,103.88999938964844,95.71102142333984,4085100.0
2023-06-12,COP,102.20999908447266,104.1500015258789,101.43000030517578,102.81999969482422,94.72528076171875,6049600.0
2023-06-13,COP,103.8499984741211,105.47000122070312,103.22000122070312,103.41000366210938,95.26882934570312,4904300.0
2023-06-14,COP,104.43000030517578,104.94999694824219,102.04000091552734,102.66999816894531,94.58708953857422,4915300.0
2023-06-15,COP,102.88999938964844,105.30999755859375,102.83000183105469,104.1500015258789,95.95057678222656,4614600.0
2023-06-16,COP,104.86000061035156,105.4800033569336,104.22000122070312,104.91999816894531,96.65994262695312,9928200.0
2023-06-20,COP,104.12999725341797,104.75,101.0199966430664,102.02999877929688,93.99747467041016,8590000.0
2023-06-21,COP,101.80000305175781,104.43000030517578,101.80000305175781,103.69999694824219,95.53600311279297,6477500.0
2023-06-22,COP,102.63999938964844,102.87999725341797,101.0999984741211,101.43000030517578,93.44471740722656,4967700.0
2023-06-23,COP,100.02999877929688,100.91999816894531,99.62999725341797,100.45999908447266,92.55107879638672,7149000.0
2023-06-26,COP,100.16000366210938,101.87000274658203,100.0,101.30999755859375,93.89494323730469,4361000.0
2023-06-27,COP,101.01000213623047,101.62000274658203,100.33000183105469,100.79000091552734,93.41300964355469,3816900.0
2023-06-28,COP,100.81999969482422,102.72000122070312,99.95999908447266,102.51000213623047,95.00711822509766,5463000.0
2023-06-29,COP,102.51000213623047,103.30999755859375,101.80999755859375,103.05999755859375,95.51686096191406,4260300.0
2023-06-30,COP,103.75,104.4000015258789,102.54000091552734,103.61000061035156,96.02660369873047,7000000.0
2023-07-03,COP,103.94999694824219,104.98999786376953,103.62999725341797,104.2300033569336,96.60123443603516,2234000.0
2023-07-05,COP,105.0,105.0,103.13999938964844,104.0199966430664,96.40658569335938,4154900.0
2023-07-06,COP,102.80000305175781,103.62999725341797,99.3499984741211,100.33999633789062,92.99593353271484,6004500.0
2023-07-07,COP,100.55000305175781,104.61000061035156,100.12000274658203,103.2300033569336,95.67442321777344,7393100.0
2023-07-10,COP,102.8499984741211,104.45999908447266,102.75,104.3499984741211,96.71244812011719,6405900.0
2023-07-11,COP,105.0,107.61000061035156,104.8499984741211,107.44000244140625,99.57627868652344,5648500.0
2023-07-12,COP,108.63999938964844,109.56999969482422,108.44999694824219,109.30999755859375,101.30940246582031,6229200.0
2023-07-13,COP,109.88999938964844,111.76000213623047,109.58000183105469,110.55000305175781,102.45865631103516,6054900.0
2023-07-14,COP,110.06999969482422,110.2300033569336,106.44999694824219,107.08999633789062,99.25189208984375,4738200.0
2023-07-17,COP,106.69000244140625,107.66000366210938,106.13999938964844,106.44000244140625,98.64947509765625,4081400.0
2023-07-18,COP,106.44999694824219,109.5,106.4000015258789,108.75,100.79039001464844,4396800.0
2023-07-19,COP,108.7699966430664,110.69000244140625,108.7699966430664,109.4800033569336,101.46697235107422,5408200.0
2023-07-20,COP,110.5,111.77999877929688,110.19999694824219,111.69000244140625,103.51522064208984,6702300.0
2023-07-21,COP,112.16999816894531,113.19999694824219,111.8499984741211,112.88999938964844,104.62738037109375,4957000.0
2023-07-24,COP,113.4000015258789,115.69999694824219,113.4000015258789,114.72000122070312,106.32344818115234,3999600.0
2023-07-25,COP,114.37000274658203,116.5199966430664,113.9000015258789,116.18000030517578,107.67658996582031,3664700.0
2023-07-26,COP,115.31999969482422,117.13999938964844,115.16000366210938,116.83000183105469,108.27900695800781,4006300.0
2023-07-27,COP,117.33999633789062,117.88999938964844,115.33000183105469,115.77999877929688,107.30585479736328,4568500.0
2023-07-28,COP,115.73999786376953,116.30000305175781,114.66999816894531,115.93000030517578,107.44489288330078,3138800.0
2023-07-31,COP,117.22000122070312,118.25,116.76000213623047,117.72000122070312,109.1038818359375,4126100.0
2023-08-01,COP,117.26000213623047,117.83000183105469,116.19000244140625,117.37999725341797,108.78875732421875,3308200.0
2023-08-02,COP,116.69000244140625,117.54000091552734,114.91000366210938,115.58999633789062,107.12976837158203,4577800.0
2023-08-03,COP,114.91000366210938,117.29000091552734,113.01000213623047,114.98999786376953,106.57368469238281,7285300.0
2023-08-04,COP,115.87000274658203,116.69000244140625,113.58000183105469,113.70999908447266,105.3873519897461,6928700.0
2023-08-07,COP,114.48999786376953,114.5999984741211,113.25,114.4800033569336,106.10102081298828,3635100.0
2023-08-08,COP,112.6500015258789,115.79000091552734,111.30000305175781,115.58999633789062,107.12976837158203,4281300.0
2023-08-09,COP,116.7300033569336,118.83999633789062,116.30000305175781,116.44000244140625,107.91756439208984,4818800.0
2023-08-10,COP,116.29000091552734,117.58999633789062,115.16000366210938,115.83000183105469,107.35220336914062,3589300.0
2023-08-11,COP,115.9800033569336,118.05000305175781,115.47000122070312,117.80999755859375,109.18728637695312,3771600.0
2023-08-14,COP,117.16999816894531,117.77999877929688,116.30000305175781,117.69000244140625,109.0760726928711,4252400.0
2023-08-15,COP,116.5,116.8499984741211,114.97000122070312,115.51000213623047,107.52156829833984,4214900.0
2023-08-16,COP,115.75,116.91000366210938,114.55999755859375,114.63999938964844,106.71172332763672,3767200.0
2023-08-17,COP,116.5,117.87999725341797,116.22000122070312,116.7300033569336,108.6572036743164,4044700.0
2023-08-18,COP,115.83999633789062,118.02999877929688,115.6500015258789,117.29000091552734,109.17845916748047,4267600.0
2023-08-21,COP,118.13999938964844,119.11000061035156,116.54000091552734,117.20999908447266,109.10399627685547,3271600.0
2023-08-22,COP,117.58999633789062,117.73999786376953,116.08000183105469,116.1500015258789,108.1173095703125,3194300.0
2023-08-23,COP,115.01000213623047,116.33999633789062,113.86000061035156,115.80999755859375,107.80081939697266,3136700.0
2023-08-24,COP,115.19000244140625,116.37999725341797,114.73999786376953,114.80000305175781,106.86066436767578,3538500.0
2023-08-25,COP,115.69000244140625,117.12999725341797,114.76000213623047,116.5199966430664,108.46170806884766,3710300.0
2023-08-28,COP,116.4800033569336,118.4000015258789,116.41999816894531,117.5199966430664,109.39254760742188,2821600.0
2023-08-29,COP,117.86000061035156,118.0999984741211,116.58000183105469,117.66000366210938,109.52288055419922,3213700.0
2023-08-30,COP,118.2699966430664,118.94000244140625,118.01000213623047,118.69999694824219,110.4909439086914,2847500.0
2023-08-31,COP,119.16999816894531,119.55999755859375,118.0999984741211,119.02999877929688,110.79813385009766,4395700.0
2023-09-01,COP,120.0,122.5,119.97000122070312,122.13999938964844,113.69304656982422,6398300.0
2023-09-05,COP,122.7699966430664,124.98999786376953,122.55999755859375,122.83000183105469,114.33531951904297,5785700.0
2023-09-06,COP,122.47000122070312,123.44000244140625,121.91999816894531,123.06999969482422,114.55872344970703,4664000.0
2023-09-07,COP,122.98999786376953,123.68000030517578,121.61000061035156,121.70999908447266,113.29277038574219,3503900.0
2023-09-08,COP,122.76000213623047,124.01000213623047,122.44999694824219,122.72000122070312,114.2329330444336,4368400.0
2023-09-11,COP,123.44000244140625,123.9000015258789,119.81999969482422,120.44000244140625,112.1106185913086,4294500.0
2023-09-12,COP,121.25,123.44000244140625,121.19999694824219,123.08000183105469,114.56803131103516,4486600.0
2023-09-13,COP,123.4800033569336,123.69999694824219,121.47000122070312,122.30999755859375,113.85128021240234,3879700.0
2023-09-14,COP,123.5,124.88999938964844,123.44000244140625,124.5,115.88983154296875,4686200.0
2023-09-15,COP,124.05000305175781,125.98999786376953,123.19000244140625,123.56999969482422,115.02415466308594,12441000.0
2023-09-18,COP,125.18000030517578,125.7300033569336,124.06999969482422,124.4800033569336,115.87120819091797,4945300.0
2023-09-19,COP,125.83999633789062,126.02999877929688,122.18000030517578,123.16000366210938,114.64250946044922,4190700.0
2023-09-20,COP,122.62999725341797,123.80999755859375,121.05999755859375,121.16999816894531,112.79012298583984,3444600.0
2023-09-21,COP,122.02999877929688,122.16000366210938,118.75,119.06999969482422,110.83535766601562,4470700.0
2023-09-22,COP,119.91999816894531,121.18000030517578,119.04000091552734,119.16000366210938,110.91912841796875,3641100.0
2023-09-25,COP,119.29000091552734,121.2699966430664,118.88999938964844,121.06999969482422,112.6970443725586,3291300.0
2023-09-26,COP,119.80000305175781,121.44000244140625,119.33999633789062,120.13999938964844,111.83135986328125,5204500.0
2023-09-27,COP,121.72000122070312,123.91999816894531,120.80000305175781,123.08999633789062,115.15243530273438,5364100.0
2023-09-28,COP,122.86000061035156,124.30999755859375,122.18000030517578,122.72000122070312,114.80628967285156,3964600.0
2023-09-29,COP,122.4800033569336,122.61000061035156,119.63999938964844,119.80000305175781,112.0746078491211,5308900.0
2023-10-02,COP,120.23999786376953,120.30999755859375,115.95999908447266,117.0999984741211,109.5487060546875,4769500.0
2023-10-03,COP,116.76000213623047,117.66999816894531,116.06999969482422,117.5999984741211,110.01647186279297,4162600.0
2023-10-04,COP,115.31999969482422,115.62999725341797,111.66999816894531,113.33000183105469,106.02181243896484,7287600.0
2023-10-05,COP,112.51000213623047,114.58000183105469,112.19000244140625,113.41999816894531,106.10600280761719,4070100.0
2023-10-06,COP,114.37999725341797,116.58999633789062,113.16000366210938,115.33000183105469,107.89283752441406,4209700.0
2023-10-09,COP,118.95999908447266,121.87000274658203,118.75,121.81999969482422,113.96431732177734,6532800.0
2023-10-10,COP,121.25,122.23999786376953,120.19000244140625,120.38999938964844,112.62653350830078,5705500.0
2023-10-11,COP,119.5,120.19000244140625,118.02999877929688,120.04000091552734,112.29911804199219,7300700.0
2023-10-12,COP,121.08000183105469,121.7300033569336,120.45999908447266,121.11000061035156,113.30010986328125,3859500.0
2023-10-13,COP,124.05999755859375,125.97000122070312,123.43000030517578,124.86000061035156,116.80828857421875,5589100.0
2023-10-16,COP,125.58000183105469,126.12000274658203,124.18000030517578,125.30999755859375,117.22927856445312,3769500.0
2023-10-17,COP,125.19999694824219,126.43000030517578,124.94000244140625,125.45999908447266,117.3696060180664,4213800.0
2023-10-18,COP,126.20999908447266,127.23999786376953,125.44999694824219,126.58999633789062,118.42672729492188,4781900.0
2023-10-19,COP,125.69000244140625,127.3499984741211,124.87000274658203,126.37999725341797,118.23026275634766,4491300.0
2023-10-20,COP,126.19000244140625,126.66999816894531,123.86000061035156,124.05999755859375,116.05987548828125,5289400.0
2023-10-23,COP,123.05999755859375,123.16000366210938,120.63999938964844,121.33999633789062,113.51527404785156,5969400.0
2023-10-24,COP,121.56999969482422,121.98999786376953,119.9000015258789,119.94999694824219,112.21492004394531,4664400.0
2023-10-25,COP,119.52999877929688,120.93000030517578,118.7699966430664,120.41000366210938,112.64527893066406,5010600.0
2023-10-26,COP,118.7300033569336,119.16000366210938,117.25,118.30999755859375,110.68067169189453,6066500.0
2023-10-27,COP,117.69999694824219,118.33999633789062,116.44000244140625,117.80000305175781,110.20357513427734,5312500.0
2023-10-30,COP,117.77999877929688,118.5,116.51000213623047,118.13999938964844,110.52163696289062,5830500.0
2023-10-31,COP,117.9000015258789,118.98999786376953,116.48999786376953,118.80000305175781,111.13907623291016,4505000.0
2023-11-01,COP,119.4800033569336,119.7699966430664,116.48999786376953,116.66999816894531,109.14643096923828,8350900.0
2023-11-02,COP,117.87000274658203,123.25,117.37000274658203,122.0199966430664,114.15142822265625,9068700.0
2023-11-03,COP,121.5,121.88999938964844,119.3499984741211,119.75,112.0278091430664,5935600.0
2023-11-06,COP,120.23999786376953,120.55999755859375,118.19000244140625,118.47000122070312,110.83036804199219,4610800.0
2023-11-07,COP,116.41999816894531,116.5,114.33000183105469,115.25,107.81800842285156,5491000.0
2023-11-08,COP,115.19999694824219,115.62000274658203,113.97000122070312,114.44999694824219,107.06958770751953,5884300.0
2023-11-09,COP,115.6500015258789,116.06999969482422,114.05000305175781,114.1500015258789,106.78893280029297,4306200.0
2023-11-10,COP,115.23999786376953,116.20999908447266,114.5999984741211,115.61000061035156,108.15478515625,4602300.0
2023-11-13,COP,114.98999786376953,115.91000366210938,114.98999786376953,115.36000061035156,108.46505737304688,3225700.0
2023-11-14,COP,116.0,116.80999755859375,115.33999633789062,115.54000091552734,108.63432312011719,5421700.0
2023-11-15,COP,115.0,116.66999816894531,114.87999725341797,115.02999877929688,108.15479278564453,4733300.0
2023-11-16,COP,113.51000213623047,113.76000213623047,109.9800033569336,111.98999786376953,105.2964859008789,6733200.0
2023-11-17,COP,112.80000305175781,115.52999877929688,112.2300033569336,114.58999633789062,107.74108123779297,5799100.0
2023-11-20,COP,114.98999786376953,116.58000183105469,114.58999633789062,115.38999938964844,108.4932632446289,4046400.0
2023-11-21,COP,115.18000030517578,115.62999725341797,114.55999755859375,115.16999816894531,108.28641510009766,3720200.0
2023-11-22,COP,112.0199966430664,115.12999725341797,111.16000366210938,114.8499984741211,107.98554229736328,4559000.0
2023-11-24,COP,114.88999938964844,116.56999969482422,114.86000061035156,115.48999786376953,108.58728790283203,2159200.0
2023-11-27,COP,114.9800033569336,115.12999725341797,113.36000061035156,114.80000305175781,107.93853759765625,5289500.0
2023-11-28,COP,115.26000213623047,115.9800033569336,114.4800033569336,114.9800033569336,108.10778045654297,3469100.0
2023-11-29,COP,115.36000061035156,115.55999755859375,113.31999969482422,113.97000122070312,107.15815734863281,6065300.0
2023-11-30,COP,115.16999816894531,116.69999694824219,113.63999938964844,115.56999969482422,108.66251373291016,10242700.0
2023-12-01,COP,115.02999877929688,117.04000091552734,114.8499984741211,115.2300033569336,108.34284210205078,4675800.0
2023-12-04,COP,114.08000183105469,115.91999816894531,113.87999725341797,114.52999877929688,107.68466186523438,4824800.0
2023-12-05,COP,114.7300033569336,114.9000015258789,113.04000091552734,113.13999938964844,106.37775421142578,5821400.0
2023-12-06,COP,112.33000183105469,112.33000183105469,109.73999786376953,110.5199966430664,103.91433715820312,7489500.0
2023-12-07,COP,111.31999969482422,111.91000366210938,110.6500015258789,110.8499984741211,104.22462463378906,5816800.0
2023-12-08,COP,111.73999786376953,112.19000244140625,111.05999755859375,112.06999969482422,105.3717041015625,5713900.0
2023-12-11,COP,112.12000274658203,112.62999725341797,111.54000091552734,112.16000366210938,105.4563217163086,7250100.0
2023-12-12,COP,110.7699966430664,111.4800033569336,109.69999694824219,111.05999755859375,104.42206573486328,6888800.0
2023-12-13,COP,111.5,112.26000213623047,110.87000274658203,111.8499984741211,105.16484832763672,8570100.0
2023-12-14,COP,112.94999694824219,116.3499984741211,112.75,114.94999694824219,108.07955932617188,11490400.0
2023-12-15,COP,114.3499984741211,115.73999786376953,113.62000274658203,114.54000091552734,107.6940689086914,30860400.0
2023-12-18,COP,115.83000183105469,117.2699966430664,114.6500015258789,114.9000015258789,108.03256225585938,7000500.0
2023-12-19,COP,114.94999694824219,116.63999938964844,114.25,116.48999786376953,109.52753448486328,6379200.0
2023-12-20,COP,116.87000274658203,118.94000244140625,116.37999725341797,116.69000244140625,109.71556854248047,7767200.0
2023-12-21,COP,116.5,116.87999725341797,115.27999877929688,116.83000183105469,109.84719848632812,4149300.0
2023-12-22,COP,118.0,118.62999725341797,117.29000091552734,117.66000366210938,110.62759399414062,4299400.0
2023-12-26,COP,118.69999694824219,119.43000030517578,118.37999725341797,119.0199966430664,111.90629577636719,2893600.0
2023-12-27,COP,118.51000213623047,119.63999938964844,118.08000183105469,118.48999786376953,111.40797424316406,3441400.0
2023-12-28,COP,117.66000366210938,118.19999694824219,116.44000244140625,116.5,109.53693389892578,3711400.0
2023-12-29,COP,117.20999908447266,117.55000305175781,115.80999755859375,116.06999969482422,109.13263702392578,3643600.0
2024-01-02,COP,117.16999816894531,118.80000305175781,116.8499984741211,117.58999633789062,110.56177520751953,4688400.0
2024-01-03,COP,117.94999694824219,120.18000030517578,117.41000366210938,119.93000030517578,112.76191711425781,4881900.0
2024-01-04,COP,120.61000061035156,121.23999786376953,116.2699966430664,116.4800033569336,109.51812744140625,5891500.0
2024-01-05,COP,117.5,117.7699966430664,116.0,116.52999877929688,109.56513214111328,3984600.0
2024-01-08,COP,114.95999908447266,115.05000305175781,112.4800033569336,114.5,107.6564712524414,6769600.0
2024-01-09,COP,114.5,114.5,112.25,112.76000213623047,106.02046966552734,5935600.0
2024-01-10,COP,112.7300033569336,112.7300033569336,110.83000183105469,111.18000030517578,104.53490447998047,4445200.0
2024-01-11,COP,111.61000061035156,112.23999786376953,110.94000244140625,111.0,104.36565399169922,4212600.0
2024-01-12,COP,113.0,113.37000274658203,111.05000305175781,111.69999694824219,105.02381134033203,5549800.0
2024-01-16,COP,111.5,111.73999786376953,108.33999633789062,108.63999938964844,102.14671325683594,6677500.0
2024-01-17,COP,106.91999816894531,108.54000091552734,106.58000183105469,107.56999969482422,101.14066314697266,4864100.0
2024-01-18,COP,107.33999633789062,107.33999633789062,105.7699966430664,106.93000030517578,100.5389175415039,6150900.0
2024-01-19,COP,106.05000305175781,107.91999816894531,105.91999816894531,107.87000274658203,101.42273712158203,5702200.0
2024-01-22,COP,107.5,108.38999938964844,107.0,108.05999755859375,101.60137176513672,5740200.0
2024-01-23,COP,107.81999969482422,109.41999816894531,107.6500015258789,107.98999786376953,101.53556823730469,3969500.0
2024-01-24,COP,108.91999816894531,110.0199966430664,108.41999816894531,109.66999816894531,103.11514282226562,5332000.0
2024-01-25,COP,109.80000305175781,112.08000183105469,109.26000213623047,112.05000305175781,105.3529052734375,5958700.0
2024-01-26,COP,112.04000091552734,112.44999694824219,110.44000244140625,112.2300033569336,105.52214050292969,4156000.0
2024-01-29,COP,112.04000091552734,112.0999984741211,110.48999786376953,111.5999984741211,104.92979431152344,4705700.0
2024-01-30,COP,111.20999908447266,114.33000183105469,110.76000213623047,114.05000305175781,107.23336029052734,6206500.0
2024-01-31,COP,113.97000122070312,114.0999984741211,111.79000091552734,111.87000274658203,105.18366241455078,5501400.0
2024-02-01,COP,112.33999633789062,113.22000122070312,110.80000305175781,111.37999725341797,104.72293853759766,5255200.0
2024-02-02,COP,111.66000366210938,111.94999694824219,109.69000244140625,110.62999725341797,104.01776885986328,4610200.0
2024-02-05,COP,110.25,110.86000061035156,109.29000091552734,109.97000122070312,103.397216796875,4520400.0
2024-02-06,COP,110.87999725341797,112.44999694824219,110.19999694824219,111.5199966430664,104.85456848144531,4777100.0
2024-02-07,COP,111.72000122070312,112.97000122070312,111.44999694824219,112.31999969482422,105.60675811767578,6100700.0
2024-02-08,COP,113.11000061035156,115.29000091552734,112.58999633789062,113.9000015258789,107.09233093261719,7715500.0
2024-02-09,COP,113.98999786376953,114.30000305175781,111.0199966430664,111.16000366210938,104.51609802246094,5974000.0
2024-02-12,COP,111.2699966430664,112.13999938964844,110.52999877929688,111.0999984741211,104.45967864990234,5802000.0
2024-02-13,COP,111.0999984741211,111.93000030517578,108.83999633789062,109.7699966430664,103.20917510986328,6321100.0
2024-02-14,COP,110.19999694824219,111.04000091552734,109.5199966430664,110.12000274658203,103.53826141357422,7248400.0
2024-02-15,COP,109.04000091552734,111.69999694824219,108.83999633789062,111.0,105.11016845703125,9421900.0
2024-02-16,COP,111.4800033569336,111.80000305175781,110.4000015258789,110.56999969482422,104.70298767089844,6967800.0
2024-02-20,COP,110.55000305175781,111.62999725341797,109.36000061035156,109.54000091552734,103.72764587402344,6458300.0
2024-02-21,COP,110.0,113.66999816894531,109.69999694824219,112.87000274658203,106.88094329833984,6925500.0
2024-02-22,COP,112.05999755859375,112.91000366210938,111.30999755859375,112.22000122070312,106.26543426513672,5104900.0
2024-02-23,COP,111.08999633789062,112.26000213623047,110.0999984741211,111.51000213623047,105.59310913085938,5206200.0
2024-02-26,COP,111.19999694824219,112.5199966430664,110.61000061035156,112.41999816894531,106.45482635498047,5751200.0
2024-02-27,COP,113.02999877929688,113.33000183105469,111.05999755859375,111.61000061035156,105.68779754638672,5060000.0
2024-02-28,COP,111.9000015258789,113.31999969482422,111.1500015258789,112.04000091552734,106.09497833251953,4578900.0
2024-02-29,COP,112.51000213623047,113.16000366210938,111.8499984741211,112.54000091552734,106.56845092773438,6624000.0
2024-03-01,COP,113.80000305175781,115.52999877929688,113.62999725341797,114.23999786376953,108.1782455444336,5094300.0
2024-03-04,COP,114.04000091552734,114.38999938964844,111.58000183105469,111.63999938964844,105.71621704101562,5877200.0
2024-03-05,COP,111.20999908447266,112.80000305175781,110.8499984741211,111.22000122070312,105.31848907470703,6247000.0
2024-03-06,COP,112.30000305175781,112.9000015258789,111.4800033569336,111.98999786376953,106.04762268066406,4888700.0
2024-03-07,COP,111.7300033569336,113.43000030517578,111.69000244140625,112.73999786376953,106.75784301757812,5097300.0
2024-03-08,COP,112.20999908447266,113.20999908447266,111.86000061035156,113.0,107.00404357910156,5227600.0
2024-03-11,COP,113.37000274658203,115.36000061035156,112.6500015258789,115.25,109.1346664428711,5899300.0
2024-03-12,COP,115.08000183105469,115.7300033569336,114.36000061035156,115.0199966430664,108.91685485839844,5653000.0
2024-03-13,COP,116.80000305175781,118.61000061035156,116.16999816894531,117.55000305175781,111.31261444091797,7685400.0
2024-03-14,COP,119.16999816894531,119.98999786376953,118.73999786376953,119.77999877929688,113.4242935180664,7800800.0
2024-03-15,COP,119.12999725341797,120.80000305175781,119.12999725341797,120.04000091552734,113.67049407958984,17549000.0
2024-03-18,COP,120.9000015258789,121.06999969482422,119.16000366210938,120.26000213623047,113.87882232666016,4827900.0
2024-03-19,COP,120.36000061035156,122.16000366210938,120.30000305175781,122.0199966430664,115.54544067382812,4457800.0
2024-03-20,COP,121.22000122070312,122.36000061035156,121.02999877929688,121.91000366210938,115.44126892089844,3597000.0
2024-03-21,COP,122.06999969482422,123.58999633789062,121.68000030517578,123.51000213623047,116.95635986328125,4925600.0
2024-03-22,COP,123.55000305175781,124.05000305175781,122.70999908447266,123.02999877929688,116.50183868408203,4976100.0
2024-03-25,COP,123.72000122070312,126.6500015258789,123.1500015258789,126.2300033569336,119.53205871582031,7054400.0
2024-03-26,COP,126.5,126.9000015258789,125.19999694824219,125.98999786376953,119.30477905273438,5203400.0
2024-03-27,COP,125.6500015258789,127.0199966430664,125.31999969482422,126.83999633789062,120.10966491699219,3847800.0
2024-03-28,COP,128.0,128.63999938964844,126.70999908447266,127.27999877929688,120.52632904052734,4657800.0
2024-04-01,COP,128.0,128.94000244140625,126.75,128.67999267578125,121.8520278930664,3036000.0
2024-04-02,COP,129.52000427246094,130.83999633789062,128.6300048828125,130.6699981689453,123.73643493652344,4969700.0
2024-04-03,COP,130.91000366210938,132.0,130.52000427246094,131.6300048828125,124.64551544189453,3707300.0
2024-04-04,COP,132.1300048828125,132.42999267578125,131.0500030517578,131.75,124.75912475585938,3908400.0
2024-04-05,COP,131.9600067138672,133.83999633789062,131.19000244140625,133.52000427246094,126.43521881103516,3595500.0
2024-04-08,COP,133.75,134.02000427246094,132.17999267578125,132.4199981689453,125.39359283447266,4481900.0
2024-04-09,COP,132.7899932861328,133.1999969482422,131.00999450683594,132.25,125.23261260986328,3756000.0
2024-04-10,COP,132.47999572753906,133.67999267578125,131.75999450683594,132.82000732421875,125.77236938476562,4402400.0
2024-04-11,COP,132.5399932861328,133.19000244140625,130.64999389648438,132.9199981689453,125.86705017089844,4328800.0
2024-04-12,COP,134.27999877929688,135.17999267578125,130.38999938964844,131.1999969482422,124.23831176757812,4955300.0
2024-04-15,COP,132.1300048828125,132.61000061035156,130.02999877929688,130.25,123.33873748779297,4219300.0
2024-04-16,COP,130.0,130.8000030517578,128.5,129.52999877929688,122.65694427490234,3878600.0
2024-04-17,COP,129.1199951171875,130.13999938964844,127.55000305175781,128.3300018310547,121.52059936523438,3869700.0
2024-04-18,COP,128.72999572753906,129.22000122070312,127.25,127.80999755859375,121.0281982421875,3588200.0
2024-04-19,COP,128.13999938964844,130.50999450683594,127.80999755859375,129.3800048828125,122.514892578125,3984800.0
2024-04-22,COP,128.61000061035156,130.39999389648438,126.94000244140625,129.3300018310547,122.46754455566406,4194900.0
2024-04-23,COP,128.6300048828125,130.19000244140625,127.7300033569336,129.83999633789062,122.95048522949219,3773600.0
2024-04-24,COP,129.3699951171875,129.69000244140625,128.2899932861328,129.27999877929688,122.42021942138672,3846600.0
2024-04-25,COP,129.6999969482422,130.63999938964844,128.3000030517578,130.11000061035156,123.20616149902344,3666400.0
2024-04-26,COP,129.4600067138672,130.77000427246094,128.86000061035156,130.24000549316406,123.32926940917969,4823100.0
2024-04-29,COP,129.75,130.44000244140625,128.8000030517578,130.22000122070312,123.31031036376953,3609400.0
2024-04-30,COP,129.80999755859375,129.85000610351562,125.43000030517578,125.62000274658203,118.95440673828125,6296800.0
2024-05-01,COP,125.08000183105469,125.7300033569336,123.41999816894531,124.33999633789062,117.74232482910156,5423500.0
2024-05-02,COP,124.72000122070312,125.19999694824219,121.66000366210938,122.25,115.76322937011719,7685900.0
2024-05-03,COP,122.51000213623047,122.68000030517578,120.87999725341797,122.2300033569336,115.7442855834961,5020700.0
2024-05-06,COP,123.08000183105469,125.22000122070312,123.0199966430664,123.55000305175781,116.99424743652344,4848600.0
2024-05-07,COP,123.66000366210938,124.94000244140625,123.06999969482422,123.54000091552734,116.98477935791016,5902000.0
2024-05-08,COP,122.83000183105469,123.97000122070312,122.69999694824219,123.05999755859375,116.5302505493164,4200200.0
2024-05-09,COP,122.98999786376953,124.2300033569336,122.6500015258789,123.38999938964844,116.84273529052734,5430500.0
2024-05-10,COP,123.04000091552734,123.9800033569336,121.56999969482422,121.91000366210938,116.17566680908203,4515900.0
2024-05-13,COP,121.87000274658203,122.55999755859375,121.2699966430664,121.58999633789062,115.87071228027344,6421200.0
2024-05-14,COP,121.52999877929688,122.16999816894531,120.43000030517578,121.04000091552734,115.34659576416016,6144700.0
2024-05-15,COP,120.66999816894531,121.91000366210938,118.66000366210938,120.69999694824219,115.0225830078125,6138600.0
2024-05-16,COP,120.3499984741211,121.38999938964844,119.5999984741211,119.83000183105469,114.19351196289062,5002900.0
2024-05-17,COP,120.9000015258789,121.98999786376953,120.05999755859375,121.70999908447266,115.98506927490234,4450300.0
2024-05-20,COP,121.75,122.11000061035156,120.48999786376953,120.88999938964844,115.20364379882812,2814700.0
2024-05-21,COP,120.69000244140625,121.7300033569336,120.29000091552734,120.41000366210938,114.74623107910156,2756700.0
2024-05-22,COP,119.5199966430664,119.72000122070312,117.38999938964844,118.19000244140625,112.63064575195312,4468100.0
2024-05-23,COP,118.83000183105469,119.43000030517578,117.19999694824219,117.6500015258789,112.11605834960938,3757200.0
2024-05-24,COP,118.38999938964844,118.58999633789062,116.86000061035156,117.25,111.73486328125,2851100.0
2024-05-28,COP,117.83000183105469,119.2300033569336,117.7300033569336,118.95999908447266,113.36441802978516,3830700.0
2024-05-29,COP,117.5999984741211,117.66000366210938,113.80999755859375,115.25,109.82894134521484,14290900.0
2024-05-30,COP,115.69999694824219,116.37999725341797,112.93000030517578,113.58000183105469,108.23749542236328,9914300.0
2024-05-31,COP,113.86000061035156,116.54000091552734,113.7699966430664,116.4800033569336,111.0010757446289,13830200.0
2024-06-03,COP,116.26000213623047,116.43000030517578,112.95999908447266,113.87000274658203,108.51385498046875,7129500.0
2024-06-04,COP,112.80000305175781,113.0,111.30000305175781,112.2699966430664,106.98910522460938,7683600.0
2024-06-05,COP,112.05999755859375,112.44999694824219,111.30000305175781,112.2300033569336,106.95098876953125,5119100.0
2024-06-06,COP,111.7699966430664,112.4000015258789,111.54000091552734,112.19999694824219,106.92240905761719,5355200.0
2024-06-07,COP,111.97000122070312,112.79000091552734,111.1500015258789,112.0,106.73180389404297,4375700.0
2024-06-10,COP,112.37999725341797,114.0,111.97000122070312,113.30000305175781,107.97066497802734,5307300.0
2024-06-11,COP,113.19000244140625,113.6500015258789,112.6500015258789,113.62999725341797,108.28512573242188,4181900.0
2024-06-12,COP,114.5,114.97000122070312,111.55999755859375,112.19000244140625,106.91287231445312,8650100.0
2024-06-13,COP,112.0,112.16999816894531,110.08999633789062,110.88999938964844,105.67401123046875,5939300.0
2024-06-14,COP,111.18000030517578,111.18000030517578,109.12000274658203,109.38999938964844,104.24456787109375,5690400.0
2024-06-17,COP,108.9000015258789,109.9000015258789,108.4800033569336,109.54000091552734,104.38752746582031,5754200.0
2024-06-18,COP,110.06999969482422,111.19999694824219,109.01000213623047,109.41000366210938,104.26363372802734,5690200.0
2024-06-20,COP,109.5999984741211,111.8499984741211,109.26000213623047,111.33000183105469,106.09333038330078,5442400.0
2024-06-21,COP,111.83000183105469,112.26000213623047,110.7300033569336,111.33999633789062,106.10285186767578,27096700.0
2024-06-24,COP,112.25,115.98999786376953,111.91000366210938,115.16999816894531,109.752685546875,8802700.0
2024-06-25,COP,114.70999908447266,115.05999755859375,113.66000366210938,114.98999786376953,109.58116149902344,4956400.0
2024-06-26,COP,115.19999694824219,115.19999694824219,112.76000213623047,113.61000061035156,108.26607513427734,5366500.0
2024-06-27,COP,114.0,114.33000183105469,113.11000061035156,113.97000122070312,108.6091537475586,3846500.0
2024-06-28,COP,115.4000015258789,115.56999969482422,113.63999938964844,114.37999725341797,108.99986267089844,7191800.0
2024-07-01,COP,115.04000091552734,115.45999908447266,113.6500015258789,114.36000061035156,108.98080444335938,3925100.0
2024-07-02,COP,115.37999725341797,115.61000061035156,113.33000183105469,114.12000274658203,108.75209045410156,3836700.0
2024-07-03,COP,114.05000305175781,115.66000366210938,113.69999694824219,114.7699966430664,109.37150573730469,2326200.0
2024-07-05,COP,114.52999877929688,114.72000122070312,112.13999938964844,112.55000305175781,107.25592803955078,4188300.0
2024-07-08,COP,111.97000122070312,112.63999938964844,111.31999969482422,112.2300033569336,106.95098876953125,4199600.0
2024-07-09,COP,110.91000366210938,112.63999938964844,110.66000366210938,111.19000244140625,105.95990753173828,3460400.0
2024-07-10,COP,110.79000091552734,112.62999725341797,110.4800033569336,112.52999877929688,107.23686981201172,3867700.0
2024-07-11,COP,112.52999877929688,114.37999725341797,111.95999908447266,113.98999786376953,108.6281967163086,5839100.0
2024-07-12,COP,114.4000015258789,114.5999984741211,112.8499984741211,113.13999938964844,107.81818389892578,4505900.0
2024-07-15,COP,114.01000213623047,115.19999694824219,113.0199966430664,114.56999969482422,109.18091583251953,5118100.0
2024-07-16,COP,113.72000122070312,115.41999816894531,113.1500015258789,115.19000244140625,109.77175903320312,4633700.0
2024-07-17,COP,115.75,117.4000015258789,115.52999877929688,116.08000183105469,110.6198959350586,6484000.0
2024-07-18,COP,116.30000305175781,118.4000015258789,115.3499984741211,116.61000061035156,111.12496185302734,5957100.0
2024-07-19,COP,117.16000366210938,117.31999969482422,114.2300033569336,114.3499984741211,108.97126007080078,7559100.0
2024-07-22,COP,113.5999984741211,113.66999816894531,112.0999984741211,112.31999969482422,107.03675079345703,5172800.0
2024-07-23,COP,111.8499984741211,112.05000305175781,110.06999969482422,110.83000183105469,105.61683654785156,5714300.0
2024-07-24,COP,111.72000122070312,112.41999816894531,110.51000213623047,111.0999984741211,105.87413787841797,4808000.0
2024-07-25,COP,111.0,112.04000091552734,110.44999694824219,111.02999877929688,105.80741882324219,5492100.0
2024-07-26,COP,111.1500015258789,111.54000091552734,109.93000030517578,110.86000061035156,105.64542388916016,5198800.0
2024-07-29,COP,111.23999786376953,111.29000091552734,108.37999725341797,109.12000274658203,103.98726654052734,4629500.0
2024-07-30,COP,109.16999816894531,110.2699966430664,108.94000244140625,109.91000366210938,104.7401123046875,9794200.0
2024-07-31,COP,111.61000061035156,112.4000015258789,111.0999984741211,111.19999694824219,105.96943664550781,7554600.0
2024-08-01,COP,112.44999694824219,112.68000030517578,107.91999816894531,108.38999938964844,103.29161071777344,9704600.0
2024-08-02,COP,107.72000122070312,108.08000183105469,103.9800033569336,105.7699966430664,100.79484558105469,7445100.0
2024-08-05,COP,104.0,105.30999755859375,102.2699966430664,104.56999969482422,99.65129089355469,8475000.0
2024-08-06,COP,104.56999969482422,106.44999694824219,104.11000061035156,105.80000305175781,100.82344055175781,8424900.0
2024-08-07,COP,107.25,108.44000244140625,106.44000244140625,106.93000030517578,101.90027618408203,7735400.0
2024-08-08,COP,107.23999786376953,108.63999938964844,106.91999816894531,108.2699966430664,103.17725372314453,5392900.0
2024-08-09,COP,108.2699966430664,109.0999984741211,107.08999633789062,108.61000061035156,103.50126647949219,5776200.0
2024-08-12,COP,108.44999694824219,110.2300033569336,108.27999877929688,110.02999877929688,105.61295318603516,5906900.0
2024-08-13,COP,108.98999786376953,109.37999725341797,107.86000061035156,108.33999633789062,103.99079132080078,5866800.0
2024-08-14,COP,108.51000213623047,109.83999633789062,108.2300033569336,109.33000183105469,104.94105529785156,6388000.0
2024-08-15,COP,109.68000030517578,111.37000274658203,109.68000030517578,111.2300033569336,106.76477813720703,6307000.0
2024-08-16,COP,110.31999969482422,111.37999725341797,109.86000061035156,111.18000030517578,106.7167739868164,3819100.0
2024-08-19,COP,111.22000122070312,112.75,111.12000274658203,111.73999786376953,107.2542953491211,4335600.0
2024-08-20,COP,111.56999969482422,111.80999755859375,108.8499984741211,109.8499984741211,105.44017028808594,6783300.0
2024-08-21,COP,110.80999755859375,111.19000244140625,108.9000015258789,109.62000274658203,105.21939849853516,4011900.0
2024-08-22,COP,109.5999984741211,110.5199966430664,109.41000366210938,109.97000122070312,105.55535888671875,3644500.0
2024-08-23,COP,110.83000183105469,111.48999786376953,110.2699966430664,111.4000015258789,106.9279556274414,4024200.0
2024-08-26,COP,113.0199966430664,115.02999877929688,112.94000244140625,113.55999755859375,109.00123596191406,6253900.0
2024-08-27,COP,113.66000366210938,113.66000366210938,112.05999755859375,112.43000030517578,107.9166030883789,3521700.0
2024-08-28,COP,112.04000091552734,112.19999694824219,110.63999938964844,112.1500015258789,107.6478500366211,4506400.0
2024-08-29,COP,112.9800033569336,115.13999938964844,112.06999969482422,114.37000274658203,109.77872467041016,5270200.0
2024-08-30,COP,113.12000274658203,114.04000091552734,112.41000366210938,113.79000091552734,109.22200775146484,5559500.0
2024-09-03,COP,111.9000015258789,111.91000366210938,109.20999908447266,109.8499984741211,105.44017028808594,6369900.0
2024-09-04,COP,110.33000183105469,111.19000244140625,108.44000244140625,108.55999755859375,104.20195007324219,6251500.0
2024-09-05,COP,109.22000122070312,109.38999938964844,107.29000091552734,107.44999694824219,103.13651275634766,5582400.0
2024-09-06,COP,107.7300033569336,108.62000274658203,105.72000122070312,106.0199966430664,101.763916015625,5229900.0
2024-09-09,COP,106.05000305175781,106.66999816894531,105.54000091552734,105.5999984741211,101.36078643798828,6477000.0
2024-09-10,COP,105.55000305175781,105.73999786376953,103.23999786376953,104.0,99.82500457763672,5611500.0
2024-09-11,COP,103.80000305175781,104.04000091552734,101.30000305175781,102.56999969482422,98.4524154663086,6803100.0
2024-09-12,COP,102.72000122070312,103.68000030517578,102.1500015258789,102.9000015258789,98.76917266845703,6775900.0
2024-09-13,COP,103.31999969482422,104.37000274658203,103.05000305175781,103.5,99.34508514404297,5441600.0
2024-09-16,COP,104.95999908447266,105.69000244140625,104.44999694824219,105.55000305175781,101.31278228759766,9325300.0
2024-09-17,COP,105.51000213623047,108.5,105.30000305175781,108.29000091552734,103.94279479980469,8661300.0
2024-09-18,COP,107.5199966430664,109.93000030517578,107.51000213623047,108.62000274658203,104.2595443725586,7424100.0
2024-09-19,COP,110.5,111.3499984741211,109.37000274658203,110.55000305175781,106.11206817626953,7990700.0
2024-09-20,COP,111.16000366210938,111.73999786376953,109.7300033569336,109.87000274658203,105.4593734741211,33515100.0
2024-09-23,COP,110.0999984741211,110.94000244140625,107.48999786376953,109.69000244140625,105.2865982055664,8197600.0
2024-09-24,COP,111.33999633789062,111.47000122070312,108.77999877929688,108.91000366210938,104.53791046142578,7787400.0
2024-09-25,COP,108.5,108.81999969482422,105.69000244140625,105.7300033569336,101.48556518554688,6561400.0
2024-09-26,COP,103.0,104.22000122070312,102.16999816894531,102.30999755859375,98.20286560058594,9524000.0
2024-09-27,COP,102.62999725341797,104.83999633789062,102.5999984741211,104.72000122070312,100.51611328125,5489500.0
2024-09-30,COP,104.4000015258789,105.58000183105469,103.87000274658203,105.27999877929688,101.05361938476562,6584000.0
2024-10-01,COP,104.54000091552734,109.68000030517578,104.0999984741211,109.37000274658203,104.97944641113281,8067600.0
2024-10-02,COP,111.27999877929688,111.63999938964844,108.58999633789062,110.36000061035156,105.9296875,7559900.0
2024-10-03,COP,110.69999694824219,112.51000213623047,109.98999786376953,112.41999816894531,107.90699768066406,7397400.0
2024-10-04,COP,113.56999969482422,114.62999725341797,112.05000305175781,114.54000091552734,109.94190216064453,7585100.0
2024-10-07,COP,114.94000244140625,116.08000183105469,114.44000244140625,114.72000122070312,110.11466979980469,4899800.0
2024-10-08,COP,112.73999786376953,112.91999816894531,110.16000366210938,110.80000305175781,106.35203552246094,5579800.0
2024-10-09,COP,109.91000366210938,111.5199966430664,109.55000305175781,110.97000122070312,106.51520538330078,4217200.0
2024-10-10,COP,111.63999938964844,112.83000183105469,110.76000213623047,111.86000061035156,107.36947631835938,3946400.0
2024-10-11,COP,110.75,111.69999694824219,110.2699966430664,110.48999786376953,106.05447387695312,6820300.0
2024-10-14,COP,109.69999694824219,110.43000030517578,108.9000015258789,109.47000122070312,105.07542419433594,5174000.0
2024-10-15,COP,106.0,107.12999725341797,105.12000274658203,105.20999908447266,100.98643493652344,6395700.0
2024-10-16,COP,105.63999938964844,106.0,105.04000091552734,105.16000366210938,100.93844604492188,4602900.0
2024-10-17,COP,105.31999969482422,106.23999786376953,104.94000244140625,106.1500015258789,101.88870239257812,5093400.0
2024-10-18,COP,105.93000030517578,106.13999938964844,104.69999694824219,105.66999816894531,101.42797088623047,4326600.0
2024-10-21,COP,106.6500015258789,106.83999633789062,104.69000244140625,104.98999786376953,100.77526092529297,4387000.0
2024-10-22,COP,105.77999877929688,105.80999755859375,104.76000213623047,105.0,100.78487396240234,4710800.0
2024-10-23,COP,104.58999633789062,105.05999755859375,103.66000366210938,104.51000213623047,100.31454467773438,4541300.0
2024-10-24,COP,105.0,105.16999816894531,103.44999694824219,104.37000274658203,100.18016052246094,3504600.0
2024-10-25,COP,105.05999755859375,105.43000030517578,104.25,104.55999755859375,100.36253356933594,3823100.0
2024-10-28,COP,101.80000305175781,103.3499984741211,101.5,103.26000213623047,99.11473083496094,4438900.0
2024-10-29,COP,102.95999908447266,103.76000213623047,102.16000366210938,102.31999969482422,98.21245574951172,3809400.0
2024-10-30,COP,102.86000061035156,103.43000030517578,102.37000274658203,102.9800033569336,98.84596252441406,6413100.0
2024-10-31,COP,106.97000122070312,110.6500015258789,106.0,109.54000091552734,105.14260864257812,11969400.0
2024-11-01,COP,109.51000213623047,110.01000213623047,106.68000030517578,107.83999633789062,103.51084899902344,7428000.0
2024-11-04,COP,109.0,110.06999969482422,108.72000122070312,108.86000061035156,104.48992156982422,5441700.0
2024-11-05,COP,109.19000244140625,110.0199966430664,108.58000183105469,109.20999908447266,104.82586669921875,6003100.0
2024-11-06,COP,112.0,114.87000274658203,111.38999938964844,113.62999725341797,109.06842041015625,7733600.0
2024-11-07,COP,113.91000366210938,113.98999786376953,111.86000061035156,112.4000015258789,107.88780212402344,5442000.0
2024-11-08,COP,111.0999984741211,112.0,110.55999755859375,111.58999633789062,107.85881042480469,5314000.0
2024-11-11,COP,111.5199966430664,112.75,110.94999694824219,112.05000305175781,108.30342864990234,3820200.0
2024-11-12,COP,112.45999908447266,112.83000183105469,110.47000122070312,110.63999938964844,106.9405746459961,5175700.0
2024-11-13,COP,110.41999816894531,112.45999908447266,109.5,111.81999969482422,108.08112335205078,5961600.0
2024-11-14,COP,112.58999633789062,113.0199966430664,111.3499984741211,112.91999816894531,109.14434051513672,4389900.0
2024-11-15,COP,112.68000030517578,114.06999969482422,111.87999725341797,112.31999969482422,108.56439971923828,4124000.0
2024-11-18,COP,113.38999938964844,114.45999908447266,112.75,113.76000213623047,109.95625305175781,5089000.0
2024-11-19,COP,112.62000274658203,114.13999938964844,112.25,113.08999633789062,109.30864715576172,5100000.0
2024-11-20,COP,112.9000015258789,113.98999786376953,112.63999938964844,113.43000030517578,109.63728332519531,4092700.0
2024-11-21,COP,114.2699966430664,115.37999725341797,111.5,111.9000015258789,108.15843963623047,12535500.0
2024-11-22,COP,112.16999816894531,112.7300033569336,111.12999725341797,111.75,108.01345825195312,7516200.0
2024-11-25,COP,111.9000015258789,111.95999908447266,105.54000091552734,106.0999984741211,102.5523681640625,23447400.0
2024-11-26,COP,106.62000274658203,107.3499984741211,104.9000015258789,106.77999877929688,103.20963287353516,12073700.0
2024-11-27,COP,107.36000061035156,108.98999786376953,107.11000061035156,107.38999938964844,103.79924774169922,6237600.0
2024-11-29,COP,107.75,108.5199966430664,107.36000061035156,108.33999633789062,104.71747589111328,3918700.0
2024-12-02,COP,108.33999633789062,108.73999786376953,105.54000091552734,106.13999938964844,102.59103393554688,5939700.0
2024-12-03,COP,107.02999877929688,107.66999816894531,105.70999908447266,106.05000305175781,102.5040512084961,5862600.0
2024-12-04,COP,105.94000244140625,106.11000061035156,102.83000183105469,103.51000213623047,100.04898071289062,7291000.0
2024-12-05,COP,105.08000183105469,105.87000274658203,104.01000213623047,104.44000244140625,100.94789123535156,7074700.0
2024-12-06,COP,104.44999694824219,104.58999633789062,102.4000015258789,103.22000122070312,99.76866912841797,5365600.0
2024-12-09,COP,104.22000122070312,105.05000305175781,102.87999725341797,103.16000366210938,99.71068572998047,6526500.0
2024-12-10,COP,103.62999725341797,104.13999938964844,102.0999984741211,102.36000061035156,98.93743133544922,5860800.0
2024-12-11,COP,102.36000061035156,102.72000122070312,101.69000244140625,102.19000244140625,98.77310943603516,8195500.0
2024-12-12,COP,102.37999725341797,102.62000274658203,100.87000274658203,100.91000366210938,97.5359115600586,5908600.0
2024-12-13,COP,101.05000305175781,102.26000213623047,100.58000183105469,101.0199966430664,97.64222717285156,6887800.0
2024-12-16,COP,101.12999725341797,101.48999786376953,99.43000030517578,99.56999969482422,96.24071502685547,7441800.0
2024-12-17,COP,98.7699966430664,99.26000213623047,96.75,98.26000213623047,94.97452545166016,8737800.0
2024-12-18,COP,98.0,98.51000213623047,95.75,95.8499984741211,92.64510345458984,8466500.0
2024-12-19,COP,96.98999786376953,96.98999786376953,95.0999984741211,95.18000030517578,91.99750518798828,9951200.0
2024-12-20,COP,94.76000213623047,96.37999725341797,94.2300033569336,95.12000274658203,91.93949890136719,29542200.0
2024-12-23,COP,95.43000030517578,96.87999725341797,94.58000183105469,96.37999725341797,93.15737915039062,7892300.0
2024-12-24,COP,96.5,97.19000244140625,95.8499984741211,97.11000061035156,93.86297607421875,2677400.0
2024-12-26,COP,97.12999725341797,97.1500015258789,96.23999786376953,96.88999938964844,93.65033721923828,4325600.0
2024-12-27,COP,97.0,97.9800033569336,96.47000122070312,96.91999816894531,93.6793212890625,5889700.0
2024-12-30,COP,97.25,97.5999984741211,96.13999938964844,97.08999633789062,93.84363555908203,5238800.0
2024-12-31,COP,97.30000305175781,99.30000305175781,97.0999984741211,99.16999816894531,95.85408782958984,5556400.0
2025-01-02,COP,100.0,101.27999877929688,99.5199966430664,100.08000183105469,96.7336654663086,5080600.0
2025-01-03,COP,100.62000274658203,101.4000015258789,100.29000091552734,101.08999633789062,97.70988464355469,5758200.0
2025-01-06,COP,101.55000305175781,102.1500015258789,99.63999938964844,99.98999786376953,96.64667510986328,5935500.0
2025-01-07,COP,100.5,102.48999786376953,99.91000366210938,101.66999816894531,98.27049255371094,5074700.0
2025-01-08,COP,101.0,102.44999694824219,100.75,101.62000274658203,98.22217559814453,5119900.0
2025-01-10,COP,103.5,104.44000244140625,101.19000244140625,101.91999816894531,98.51214599609375,7013200.0
2025-01-13,COP,102.0199966430664,105.0999984741211,102.0199966430664,104.2300033569336,100.74490356445312,7342100.0
2025-01-14,COP,103.37999725341797,104.94999694824219,103.1500015258789,104.87999725341797,101.3731689453125,4808100.0
2025-01-15,COP,105.0199966430664,105.87000274658203,104.44000244140625,105.4800033569336,101.95310974121094,4566900.0
2025-01-16,COP,105.19000244140625,106.16999816894531,105.08999633789062,105.61000061035156,102.0787582397461,5273500.0
2025-01-17,COP,105.80000305175781,106.1500015258789,105.16999816894531,105.8499984741211,102.31072998046875,8559300.0
2025-01-21,COP,105.0,105.7300033569336,104.04000091552734,104.27999877929688,100.7932357788086,7144700.0
2025-01-22,COP,104.27999877929688,104.98999786376953,102.91999816894531,103.05999755859375,99.614013671875,4839100.0
2025-01-23,COP,104.11000061035156,105.4800033569336,103.62999725341797,103.98999786376953,100.5129165649414,5734200.0
2025-01-24,COP,104.51000213623047,104.75,101.7300033569336,101.83000183105469,98.4251480102539,5962100.0
2025-01-27,COP,102.45999908447266,103.70999908447266,101.4000015258789,102.69000244140625,99.25640106201172,6831000.0
2025-01-28,COP,102.88999938964844,103.33000183105469,100.73999786376953,101.37999725341797,97.99019622802734,4742100.0
2025-01-29,COP,101.1500015258789,101.9000015258789,100.3499984741211,101.55999755859375,98.16417694091797,4130600.0
2025-01-30,COP,102.0,102.2699966430664,100.94000244140625,101.45999908447266,98.06752014160156,4046900.0
2025-01-31,COP,101.33000183105469,101.33999633789062,98.55999755859375,98.83000183105469,95.52546691894531,6264900.0
2025-02-03,COP,98.75,98.94000244140625,97.04000091552734,98.4800033569336,95.18717193603516,5948600.0
2025-02-04,COP,97.69999694824219,100.80000305175781,97.52999877929688,100.58000183105469,97.21694946289062,5310900.0
2025-02-05,COP,100.52999877929688,100.87999725341797,99.4000015258789,100.20999908447266,96.85931396484375,6961100.0
2025-02-06,COP,98.88999938964844,101.0999984741211,98.5999984741211,99.94000244140625,96.59834289550781,8543400.0
2025-02-07,COP,100.05999755859375,100.44999694824219,98.2699966430664,98.36000061035156,95.07117462158203,12121700.0
2025-02-10,COP,99.61000061035156,99.61000061035156,97.81999969482422,99.4800033569336,96.15373229980469,10338500.0
2025-02-11,COP,99.52999877929688,102.61000061035156,99.19999694824219,101.70999908447266,98.30916595458984,8063700.0
2025-02-12,COP,101.0,101.70999908447266,98.33000183105469,98.4000015258789,95.10983276367188,7585800.0
2025-02-13,COP,97.81999969482422,98.01000213623047,96.41000366210938,96.9000015258789,93.65999603271484,9329100.0
2025-02-14,COP,96.91000366210938,98.45999908447266,96.23999786376953,96.26000213623047,93.7964096069336,7960800.0
2025-02-18,COP,96.23999786376953,97.62999725341797,95.29000091552734,97.44999694824219,94.95594787597656,11777700.0
2025-02-19,COP,98.3499984741211,100.29000091552734,98.16000366210938,99.56999969482422,97.02169036865234,7515100.0
2025-02-20,COP,99.75,102.08999633789062,99.19999694824219,102.0,99.3895034790039,6309200.0
2025-02-21,COP,101.05000305175781,101.56999969482422,97.79000091552734,97.94000244140625,95.43341827392578,8562200.0
2025-02-24,COP,98.05999755859375,99.3499984741211,97.88999938964844,98.81999969482422,96.2908935546875,6277700.0
2025-02-25,COP,99.27999877929688,99.76000213623047,96.87999725341797,97.08000183105469,94.59542846679688,5822000.0
2025-02-26,COP,97.30000305175781,97.4000015258789,95.2300033569336,96.12999725341797,93.66973876953125,6292400.0
2025-02-27,COP,97.19999694824219,98.98999786376953,96.30999755859375,97.37000274658203,94.87800598144531,6306300.0
2025-02-28,COP,97.12999725341797,99.19000244140625,96.08999633789062,99.1500015258789,96.6124496459961,9002600.0
2025-03-03,COP,99.75,99.76000213623047,91.55999755859375,92.62999725341797,90.25931549072266,12640200.0
2025-03-04,COP,91.05999755859375,92.11000061035156,88.47000122070312,90.63999938964844,88.32024383544922,14000500.0
2025-03-05,COP,88.83000183105469,89.4000015258789,86.80999755859375,88.87999725341797,86.60527801513672,12081100.0
2025-03-06,COP,88.80000305175781,89.63999938964844,87.91999816894531,88.5999984741211,86.33245086669922,8679000.0
2025-03-07,COP,89.38999938964844,91.06999969482422,89.38999938964844,90.62999725341797,88.31050109863281,8603700.0
2025-03-10,COP,91.44999694824219,94.02999877929688,90.6500015258789,92.9000015258789,90.52240753173828,12086700.0
2025-03-11,COP,92.9000015258789,96.13999938964844,92.9000015258789,95.41000366210938,92.96817016601562,14544100.0
2025-03-12,COP,95.18000030517578,97.79000091552734,95.01000213623047,97.75,95.24827575683594,10147300.0
2025-03-13,COP,97.0,99.37000274658203,96.13999938964844,96.19000244140625,93.72820281982422,11354700.0
2025-03-14,COP,96.94000244140625,99.63999938964844,96.22000122070312,98.94999694824219,96.41755676269531,7625800.0
2025-03-17,COP,99.25,100.5199966430664,99.0199966430664,99.36000061035156,96.81707000732422,8031100.0
2025-03-18,COP,100.45999908447266,100.93000030517578,98.7300033569336,100.52999877929688,97.95712280273438,7861500.0
2025-03-19,COP,100.5,102.66000366210938,100.2699966430664,101.33000183105469,98.73666381835938,8784600.0
2025-03-20,COP,101.1500015258789,102.62999725341797,100.83999633789062,102.30999755859375,99.69157409667969,11577800.0
2025-03-21,COP,102.41000366210938,102.95999908447266,101.33999633789062,101.91999816894531,99.31155395507812,55090400.0
2025-03-24,COP,102.02999877929688,102.93000030517578,101.56999969482422,102.19000244140625,99.57464599609375,6768300.0
2025-03-25,COP,102.58000183105469,103.3499984741211,101.41999816894531,102.55000305175781,99.92543029785156,6556500.0
2025-03-26,COP,103.6500015258789,104.87000274658203,102.61000061035156,103.19999694824219,100.55879211425781,7168400.0
2025-03-27,COP,102.9000015258789,103.83999633789062,102.2300033569336,102.81999969482422,100.18851470947266,4712000.0
2025-03-28,COP,102.44000244140625,103.26000213623047,101.61000061035156,102.37000274658203,99.75003814697266,3745400.0
2025-03-31,COP,102.22000122070312,105.45999908447266,102.01000213623047,105.0199966430664,102.33221435546875,7905800.0
2025-04-01,COP,104.91000366210938,105.70999908447266,104.0199966430664,105.38999938964844,102.6927490234375,6809500.0
2025-04-02,COP,104.4000015258789,106.19999694824219,104.23999786376953,106.0999984741211,103.38456726074219,6527500.0
2025-04-03,COP,100.33000183105469,101.44000244140625,95.12000274658203,95.25,92.81226348876953,13870900.0
2025-04-04,COP,92.0999984741211,92.6500015258789,85.55000305175781,86.29000091552734,84.08157348632812,15158400.0
2025-04-07,COP,84.01000213623047,89.41999816894531,81.72000122070312,85.66999816894531,83.47743225097656,12870200.0
2025-04-08,COP,87.1500015258789,88.27999877929688,81.2699966430664,82.66000366210938,80.54447937011719,11509800.0
2025-04-09,COP,81.11000061035156,92.47000122070312,79.87999725341797,91.51000213623047,89.16797637939453,17841900.0
2025-04-10,COP,88.5,88.6500015258789,80.80000305175781,83.29000091552734,81.1583480834961,15621900.0
2025-04-11,COP,83.30000305175781,86.9800033569336,82.45999908447266,86.38999938964844,84.17901611328125,9233400.0
2025-04-14,COP,88.5999984741211,88.62000274658203,85.58999633789062,86.44999694824219,84.23748016357422,6537200.0
2025-04-15,COP,86.5999984741211,87.70999908447266,85.47000122070312,85.72000122070312,83.52616882324219,5739600.0
2025-04-16,COP,86.37999725341797,88.36000061035156,86.01000213623047,86.36000061035156,84.1497802734375,6093300.0
2025-04-17,COP,87.80999755859375,90.4800033569336,87.69000244140625,88.9800033569336,86.7027359008789,7804400.0
2025-04-21,COP,87.26000213623047,87.86000061035156,86.33000183105469,87.55000305175781,85.309326171875,6213500.0
2025-04-22,COP,88.88999938964844,90.47000122070312,87.81999969482422,89.76000213623047,87.4627685546875,5556800.0
2025-04-23,COP,90.77999877929688,91.66999816894531,89.08000183105469,89.93000030517578,87.62841796875,7699600.0
2025-04-24,COP,90.75,92.20999908447266,90.13999938964844,91.80000305175781,89.4505615234375,6520300.0
2025-04-25,COP,90.6500015258789,92.01000213623047,90.61000061035156,91.72000122070312,89.37260437011719,4736600.0
2025-04-28,COP,91.62000274658203,93.33999633789062,91.62000274658203,92.93000030517578,90.5516357421875,4667600.0
2025-04-29,COP,91.0,92.61000061035156,90.38999938964844,91.87999725341797,89.52850341796875,4828800.0
2025-04-30,COP,90.7300033569336,90.75,88.06999969482422,89.12000274658203,86.83914184570312,8415300.0
2025-05-01,COP,88.43000030517578,91.37999725341797,88.25,90.6500015258789,88.32998657226562,8027600.0
2025-05-02,COP,91.76000213623047,92.44000244140625,89.69999694824219,91.41000366210938,89.07054138183594,6895400.0
2025-05-05,COP,89.80999755859375,89.80999755859375,87.55000305175781,87.61000061035156,85.36779022216797,9275000.0
2025-05-06,COP,88.5199966430664,89.56999969482422,87.58000183105469,87.62999725341797,85.38727569580078,8902400.0
2025-05-07,COP,88.19999694824219,88.31999969482422,86.87999725341797,87.70999908447266,85.4652328491211,9200900.0
2025-05-08,COP,89.36000061035156,92.26000213623047,88.69000244140625,88.81999969482422,86.54682922363281,15884200.0
2025-05-09,COP,90.88999938964844,91.06999969482422,88.30000305175781,88.58999633789062,86.32270812988281,7569300.0
2025-05-12,COP,93.38999938964844,94.22000122070312,92.08999633789062,92.2699966430664,89.90853118896484,8799600.0
2025-05-13,COP,92.7300033569336,95.08000183105469,92.29000091552734,94.16999816894531,91.75989532470703,8293600.0
2025-05-14,COP,93.01000213623047,93.81999969482422,92.37000274658203,92.56999969482422,90.20084381103516,7605200.0
2025-05-15,COP,90.91000366210938,93.08000183105469,90.7300033569336,92.95999908447266,90.58087158203125,6696200.0
2025-05-16,COP,93.56999969482422,93.62000274658203,91.51000213623047,92.43000030517578,90.0644302368164,6696200.0
2025-05-19,COP,91.75,91.9000015258789,90.0,90.41000366210938,88.84589385986328,7190100.0
2025-05-20,COP,90.16000366210938,90.43000030517578,89.22000122070312,89.69000244140625,88.13834381103516,5313200.0
2025-05-21,COP,89.55999755859375,89.55999755859375,87.04000091552734,87.1500015258789,85.64228820800781,8639100.0
2025-05-22,COP,86.37999725341797,86.56999969482422,84.86000061035156,86.12999725341797,84.63992309570312,6587200.0
2025-05-23,COP,85.04000091552734,85.72000122070312,84.7699966430664,85.19000244140625,83.71619415283203,6789600.0
2025-05-27,COP,85.6500015258789,85.79000091552734,84.55999755859375,85.55000305175781,84.0699691772461,7227100.0
2025-05-28,COP,86.5199966430664,86.61000061035156,84.27999877929688,84.58000183105469,83.11674499511719,6793000.0
2025-05-29,COP,84.80000305175781,85.61000061035156,84.33999633789062,85.5999984741211,84.11910247802734,6999800.0
2025-05-30,COP,84.94999694824219,86.05000305175781,84.54000091552734,85.3499984741211,83.87342071533203,20170600.0
2025-06-02,COP,87.05000305175781,87.55999755859375,85.86000061035156,86.72000122070312,85.2197265625,8634400.0
2025-06-03,COP,86.66000366210938,88.5999984741211,85.37999725341797,87.91000366210938,86.3891372680664,5642900.0
2025-06-04,COP,87.94999694824219,88.87000274658203,85.80000305175781,85.94999694824219,84.46304321289062,7268000.0
2025-06-05,COP,86.83999633789062,86.83999633789062,85.2300033569336,85.3499984741211,83.87342071533203,5110200.0
2025-06-06,COP,86.75,87.79000091552734,86.7300033569336,87.22000122070312,85.71107482910156,6042100.0
2025-06-09,COP,87.80000305175781,88.80999755859375,87.0199966430664,88.04000091552734,86.51688385009766,6212600.0
2025-06-10,COP,89.33000183105469,91.69000244140625,89.08000183105469,91.18000030517578,89.6025619506836,9687600.0
2025-06-11,COP,91.81999969482422,93.81999969482422,91.13999938964844,93.3499984741211,91.73502349853516,8738500.0
2025-06-12,COP,92.69999694824219,94.76000213623047,92.12999725341797,94.69000244140625,93.05184173583984,7862300.0
2025-06-13,COP,96.52999877929688,98.25,95.45999908447266,96.95999908447266,95.2825698852539,16849700.0
2025-06-16,COP,96.12000274658203,96.91999816894531,94.01000213623047,95.0,93.35647583007812,10330400.0
2025-06-17,COP,95.93000030517578,96.75,94.83000183105469,95.5,93.84782409667969,9468100.0
2025-06-18,COP,95.5199966430664,96.1500015258789,93.30999755859375,93.80000305175781,92.17723846435547,9116000.0
2025-06-20,COP,94.3499984741211,95.18000030517578,93.69000244140625,94.69000244140625,93.05184173583984,16026400.0
2025-06-23,COP,96.25,96.30999755859375,91.1500015258789,91.70999908447266,90.1233901977539,9749700.0
2025-06-24,COP,90.23999786376953,91.6500015258789,89.04000091552734,89.38999938964844,87.8435287475586,11016200.0
2025-06-25,COP,89.30999755859375,90.0199966430664,88.80000305175781,89.0,87.46028137207031,8380800.0
2025-06-26,COP,89.27999877929688,90.91000366210938,89.20999908447266,90.88999938964844,89.31758117675781,6545000.0
2025-06-27,COP,90.9000015258789,90.94999694824219,89.80000305175781,90.16999816894531,88.61003875732422,7555700.0
2025-06-30,COP,89.51000213623047,90.19000244140625,89.0999984741211,89.73999786376953,88.1874771118164,6518900.0
2025-07-01,COP,89.86000061035156,92.33000183105469,89.19999694824219,91.98999786376953,90.39855194091797,11895200.0
2025-07-02,COP,93.12000274658203,94.4800033569336,91.91000366210938,94.44000244140625,92.80616760253906,9436000.0
2025-07-03,COP,93.94999694824219,94.7699966430664,93.55000305175781,93.68000030517578,92.05931091308594,4331500.0
2025-07-07,COP,93.3499984741211,93.72000122070312,91.23999786376953,92.55000305175781,90.94886779785156,6287100.0
2025-07-08,COP,92.55000305175781,96.91999816894531,92.5199966430664,95.79000091552734,94.1328125,12934700.0
2025-07-09,COP,95.22000122070312,95.79000091552734,94.4000015258789,94.52999877929688,92.89460754394531,5351500.0
2025-07-10,COP,94.0999984741211,95.54000091552734,93.19999694824219,95.37000274658203,93.72007751464844,4065100.0
2025-07-11,COP,94.69999694824219,96.19000244140625,94.66000366210938,95.61000061035156,93.95592498779297,4903400.0
2025-07-14,COP,94.95999908447266,95.66000366210938,93.80999755859375,94.16999816894531,92.54083251953125,5504200.0
2025-07-15,COP,94.2699966430664,94.55999755859375,92.47000122070312,92.55000305175781,90.94886779785156,4152400.0
2025-07-16,COP,92.41000366210938,93.0,91.0999984741211,91.51000213623047,89.9268569946289,3773700.0
2025-07-17,COP,91.0999984741211,92.97000122070312,90.7699966430664,92.80999755859375,91.20436096191406,4899400.0
2025-07-18,COP,93.37000274658203,93.75,90.91999816894531,91.63999938964844,90.05461120605469,7968000.0
2025-07-21,COP,91.73999786376953,92.1500015258789,90.9000015258789,91.0,89.4256820678711,4436500.0
2025-07-22,COP,91.25,93.30000305175781,91.1500015258789,92.9800033569336,91.37142944335938,5545500.0
2025-07-23,COP,93.54000091552734,95.27999877929688,93.1500015258789,95.04000091552734,93.39579010009766,6921500.0
2025-07-24,COP,94.4000015258789,95.79000091552734,94.30000305175781,95.62000274658203,93.96575927734375,5047900.0
2025-07-25,COP,95.69999694824219,96.01000213623047,94.73999786376953,94.94999694824219,93.30733489990234,4501800.0
2025-07-28,COP,95.69000244140625,97.31999969482422,95.69000244140625,97.0199966430664,95.3415298461914,4632400.0
2025-07-29,COP,97.30999755859375,98.06999969482422,96.6500015258789,97.98999786376953,96.29474639892578,5157700.0
2025-07-30,COP,97.38999938964844,97.44999694824219,95.87000274658203,96.66999816894531,94.9975814819336,6607600.0
2025-07-31,COP,95.26000213623047,96.94999694824219,95.0999984741211,95.33999633789062,93.69058990478516,5648100.0
2025-08-01,COP,94.94000244140625,95.48999786376953,92.37999725341797,92.76000213623047,91.15523529052734,6349200.0
2025-08-04,COP,92.25,93.87000274658203,92.0999984741211,92.8499984741211,91.24366760253906,9384500.0
2025-08-05,COP,93.1500015258789,93.51000213623047,91.95999908447266,93.19999694824219,91.58761596679688,7716200.0
2025-08-06,COP,94.58999633789062,95.69999694824219,92.58000183105469,93.11000061035156,91.49917602539062,7078500.0
2025-08-07,COP,92.04000091552734,95.13999938964844,91.18000030517578,92.5999984741211,90.99800109863281,10307300.0
2025-08-08,COP,93.55999755859375,94.93000030517578,91.69999694824219,93.91000366210938,92.28533935546875,8765300.0
2025-08-11,COP,94.61000061035156,95.5,92.87000274658203,93.52999877929688,91.91190338134766,6491400.0
2025-08-12,COP,94.38999938964844,96.77999877929688,93.52999877929688,94.58999633789062,92.95356750488281,7524800.0
2025-08-13,COP,94.4000015258789,95.87999725341797,94.26000213623047,95.87999725341797,94.22124481201172,7263300.0
2025-08-14,COP,95.5999984741211,95.77999877929688,94.29000091552734,95.6500015258789,93.99523162841797,10057700.0
2025-08-15,COP,95.44999694824219,96.43000030517578,94.7300033569336,95.33000183105469,93.68077087402344,6564700.0
2025-08-18,COP,94.45999908447266,94.5999984741211,93.33999633789062,94.0,93.13582611083984,4849500.0
2025-08-19,COP,93.54000091552734,94.55999755859375,93.19000244140625,93.76000213623047,92.89803314208984,5412100.0
2025-08-20,COP,94.0,95.19999694824219,93.94999694824219,94.88999938964844,94.01763916015625,6133300.0
2025-08-21,COP,94.76000213623047,95.37000274658203,93.80999755859375,94.77999877929688,93.90865325927734,5342100.0
2025-08-22,COP,95.2300033569336,97.4000015258789,95.18000030517578,96.77999877929688,95.89026641845703,6338400.0
2025-08-25,COP,96.79000091552734,98.22000122070312,96.19999694824219,98.18000030517578,97.27739715576172,6850800.0
2025-08-26,COP,97.58999633789062,98.0,96.37999725341797,97.05000305175781,96.15779113769531,7052100.0
2025-08-27,COP,97.0999984741211,98.62999725341797,96.7699966430664,97.9000015258789,96.99996948242188,5759500.0
2025-08-28,COP,98.06999969482422,98.66000366210938,96.83000183105469,98.44999694824219,97.54491424560547,4241000.0
2025-08-29,COP,98.29000091552734,99.31999969482422,98.05999755859375,98.97000122070312,98.06013488769531,4594300.0
2025-09-02,COP,99.0999984741211,99.6500015258789,97.79000091552734,98.98999786376953,98.07994842529297,5192300.0
2025-09-03,COP,97.62999725341797,98.27999877929688,94.33999633789062,94.6500015258789,93.77984619140625,9793500.0
2025-09-04,COP,94.55000305175781,96.16999816894531,93.9800033569336,95.7699966430664,94.8895492553711,5612700.0
2025-09-05,COP,94.12999725341797,94.87000274658203,92.12999725341797,92.94999694824219,92.09547424316406,8510300.0
2025-09-08,COP,93.02999877929688,93.2300033569336,90.51000213623047,91.4000015258789,90.55973052978516,9750600.0
2025-09-09,COP,92.30999755859375,93.66000366210938,91.44999694824219,91.86000061035156,91.01549530029297,5838300.0
2025-09-10,COP,91.86000061035156,94.33000183105469,91.69000244140625,94.31999969482422,93.452880859375,4353800.0
2025-09-11,COP,92.83000183105469,94.16000366210938,92.68000030517578,94.12999725341797,93.2646255493164,4721000.0
2025-09-12,COP,94.76000213623047,95.06999969482422,92.41999816894531,92.43000030517578,91.58026123046875,5170400.0
2025-09-15,COP,92.69999694824219,93.05000305175781,91.69000244140625,92.33000183105469,91.4811782836914,4932100.0
2025-09-16,COP,93.08000183105469,95.0999984741211,92.6500015258789,94.54000091552734,93.67086029052734,7860400.0
2025-09-17,COP,94.0199966430664,95.19999694824219,93.13999938964844,93.81999969482422,92.95748138427734,7072700.0
2025-09-18,COP,93.5999984741211,94.4000015258789,92.91000366210938,93.4800033569336,92.62060546875,4416600.0
2025-09-19,COP,93.79000091552734,93.83000183105469,91.37000274658203,91.91999816894531,91.07494354248047,15284100.0
2025-09-22,COP,91.5,92.83000183105469,91.08000183105469,92.01000213623047,91.16412353515625,5798800.0
2025-09-23,COP,92.5999984741211,95.52999877929688,92.5999984741211,93.47000122070312,92.6106948852539,8241900.0
2025-09-24,COP,94.48999786376953,96.6500015258789,94.0,95.62999725341797,94.75083923339844,7935600.0
2025-09-25,COP,95.19999694824219,97.06999969482422,95.19999694824219,96.80999755859375,95.91999053955078,8076300.0
2025-09-26,COP,97.05999755859375,99.6500015258789,96.86000061035156,98.4800033569336,97.57463836669922,6812900.0
2025-09-29,COP,97.19999694824219,97.38999938964844,94.66000366210938,95.8499984741211,94.96881866455078,8700500.0
2025-09-30,COP,94.61000061035156,95.06999969482422,93.55000305175781,94.58999633789062,93.72039794921875,7318300.0
2025-10-01,COP,94.2699966430664,95.94000244140625,93.83000183105469,95.45999908447266,94.5823974609375,4794600.0
2025-10-02,COP,95.0,96.13999938964844,93.12999725341797,93.37999725341797,92.52152252197266,5428600.0
2025-10-03,COP,93.66000366210938,94.70999908447266,93.4800033569336,94.16000366210938,93.29435729980469,4321600.0
2025-10-06,COP,94.77999877929688,95.41999816894531,94.33999633789062,94.91000366210938,94.03746032714844,3454100.0
2025-10-07,COP,94.44999694824219,95.27999877929688,92.62999725341797,95.2300033569336,94.35452270507812,4071900.0
2025-10-08,COP,95.19000244140625,95.20999908447266,93.29000091552734,93.75,92.88812255859375,5289400.0
2025-10-09,COP,94.30999755859375,95.0199966430664,91.81999969482422,91.94999694824219,91.10466766357422,6940000.0
2025-10-10,COP,90.91999816894531,91.0,87.63999938964844,87.63999938964844,86.83428955078125,7892400.0
2025-10-13,COP,88.36000061035156,88.9800033569336,87.58000183105469,88.77999877929688,87.96381378173828,5887300.0
2025-10-14,COP,86.9000015258789,88.88999938964844,86.75,88.16999816894531,87.35942077636719,6003900.0
2025-10-15,COP,88.93000030517578,88.98999786376953,86.58999633789062,87.73999786376953,86.9333724975586,6036100.0
2025-10-16,COP,87.62000274658203,88.43000030517578,85.5999984741211,86.91000366210938,86.11100769042969,7816600.0
2025-10-17,COP,86.93000030517578,87.48999786376953,86.12999725341797,86.4800033569336,85.6849594116211,5774600.0
2025-10-20,COP,86.69999694824219,87.25,86.19999694824219,87.05999755859375,86.2596206665039,4636400.0
2025-10-21,COP,87.25,87.68000030517578,86.23999786376953,86.41000366210938,85.61560821533203,5895500.0
2025-10-22,COP,87.2699966430664,87.76000213623047,86.5199966430664,87.41000366210938,86.60641479492188,8307800.0
2025-10-23,COP,89.70999908447266,90.98999786376953,89.1500015258789,90.08000183105469,89.25186157226562,7866300.0
2025-10-24,COP,90.48999786376953,90.5999984741211,87.93000030517578,88.02999877929688,87.22071075439453,7886600.0
2025-10-27,COP,88.69999694824219,89.38999938964844,88.30999755859375,88.69000244140625,87.87464141845703,5716000.0
2025-10-28,COP,88.30000305175781,88.36000061035156,86.69000244140625,86.79000091552734,85.99211120605469,5234800.0
2025-10-29,COP,86.8499984741211,88.41000366210938,86.73999786376953,88.08000183105469,87.27024841308594,5476300.0
2025-10-30,COP,87.93000030517578,89.25,87.29000091552734,88.13999938964844,87.32969665527344,6114200.0
2025-10-31,COP,87.91000366210938,89.61000061035156,87.52999877929688,88.86000061035156,88.04307556152344,5635800.0
2025-11-03,COP,88.69999694824219,88.83000183105469,87.38999938964844,88.56999969482422,87.75574493408203,5310100.0
2025-11-04,COP,87.37000274658203,88.06999969482422,87.01000213623047,87.91000366210938,87.10181427001953,5740400.0
2025-11-05,COP,87.61000061035156,88.70999908447266,87.55999755859375,87.69999694824219,86.89373779296875,6384600.0
2025-11-06,COP,87.0,88.36000061035156,85.56999969482422,85.66000366210938,84.87249755859375,13101800.0
2025-11-07,COP,86.0999984741211,87.37999725341797,85.58999633789062,86.83000183105469,86.03174591064453,7567400.0
2025-11-10,COP,87.33000183105469,88.55000305175781,86.4000015258789,88.2300033569336,87.41887664794922,6071400.0
2025-11-11,COP,89.12000274658203,91.38999938964844,88.80000305175781,90.69000244140625,89.85625457763672,6561600.0
2025-11-12,COP,89.33000183105469,90.26000213623047,88.94000244140625,89.06999969482422,88.25114440917969,6941500.0
2025-11-13,COP,89.54000091552734,90.66000366210938,88.63999938964844,89.41999816894531,88.59793090820312,8207700.0
2025-11-14,COP,90.23999786376953,91.81999969482422,88.66999816894531,91.37000274658203,90.5300064086914,7628400.0
2025-11-17,COP,90.52999877929688,90.72000122070312,88.0999984741211,88.72000122070312,88.72000122070312,8610800.0
2025-11-18,COP,88.4000015258789,90.3499984741211,88.0999984741211,89.68000030517578,89.68000030517578,6876800.0
2025-11-19,COP,88.0,88.5,87.04000091552734,87.9800033569336,87.9800033569336,5092900.0
2025-11-20,COP,88.48999786376953,90.58999633789062,87.44000244140625,87.47000122070312,87.47000122070312,4911200.0
2025-11-21,COP,87.4000015258789,88.48999786376953,86.54000091552734,87.37000274658203,87.37000274658203,7046600.0
2025-11-24,COP,87.0999984741211,88.12999725341797,86.31999969482422,87.55999755859375,87.55999755859375,7143900.0
2025-11-25,COP,86.66000366210938,86.9800033569336,85.69999694824219,86.62000274658203,86.62000274658203,6926400.0
2025-11-26,COP,86.44999694824219,87.63999938964844,86.4000015258789,87.08999633789062,87.08999633789062,5066000.0
2025-11-28,COP,87.08999633789062,89.38999938964844,86.87999725341797,88.69000244140625,88.69000244140625,3304700.0
2025-12-01,COP,89.12999725341797,91.18000030517578,88.77999877929688,90.26000213623047,90.26000213623047,8525400.0
2025-12-02,COP,90.08000183105469,90.4000015258789,88.58000183105469,89.29000091552734,89.29000091552734,5135000.0
2025-12-03,COP,90.0199966430664,91.83999633789062,89.97000122070312,91.80999755859375,91.80999755859375,5647600.0
2025-12-04,COP,91.63999938964844,93.19999694824219,91.63999938964844,93.12000274658203,93.12000274658203,7312400.0
2025-12-05,COP,92.2699966430664,95.06999969482422,92.08000183105469,93.69000244140625,93.69000244140625,9873600.0
2025-12-08,COP,92.52999877929688,94.23999786376953,92.26000213623047,92.87999725341797,92.87999725341797,7974900.0
2025-12-09,COP,92.62999725341797,93.62999725341797,92.18000030517578,93.43000030517578,93.43000030517578,6177200.0
2025-12-10,COP,93.7300033569336,97.41000366210938,93.55999755859375,96.80000305175781,96.80000305175781,10640100.0
2025-12-11,COP,96.16000366210938,97.70999908447266,95.91000366210938,96.70999908447266,96.70999908447266,8225500.0
2025-12-12,COP,97.44000244140625,97.66000366210938,95.23999786376953,95.54000091552734,95.54000091552734,5731300.0
2025-12-15,COP,95.54000091552734,95.5999984741211,93.30999755859375,94.36000061035156,94.36000061035156,8942100.0
2025-12-16,COP,93.33000183105469,93.41000366210938,90.76000213623047,90.7699966430664,90.7699966430664,9060400.0
2025-12-17,COP,91.93000030517578,95.12000274658203,91.80999755859375,94.95999908447266,94.95999908447266,9661000.0
2025-12-18,COP,94.25,94.48999786376953,92.16000366210938,92.2300033569336,92.2300033569336,7336900.0
2025-12-19,COP,92.44999694824219,93.4000015258789,91.5999984741211,91.94000244140625,91.94000244140625,14612600.0
2025-12-22,COP,93.11000061035156,94.52999877929688,92.56999969482422,93.30999755859375,93.30999755859375,4850700.0
2025-12-23,COP,93.3499984741211,93.77999877929688,92.44000244140625,92.7300033569336,92.7300033569336,5671100.0
2025-12-24,COP,92.75,93.16000366210938,91.69000244140625,91.80000305175781,91.80000305175781,3079200.0
2025-12-26,COP,91.91000366210938,92.4800033569336,90.75,91.54000091552734,91.54000091552734,4575600.0
2025-12-29,COP,92.0,92.7300033569336,91.69999694824219,92.62999725341797,92.62999725341797,5256400.0
2025-12-30,COP,93.3499984741211,94.30999755859375,93.11000061035156,94.0999984741211,94.0999984741211,4553600.0
