Date,Ticker,Open,High,Low,Close,Adj Close,Volume
2015-01-02,DIS,94.91000366210938,95.27999877929688,92.8499984741211,93.75,85.36593627929688,5865400.0
2015-01-05,DIS,93.27999877929688,93.3499984741211,91.77999877929688,92.37999725341797,84.11846923828125,7789400.0
2015-01-06,DIS,92.56999969482422,93.19000244140625,91.16000366210938,91.88999938964844,83.67227935791016,6793100.0
2015-01-07,DIS,92.72000122070312,93.1500015258789,92.0999984741211,92.83000183105469,84.52820587158203,6589500.0
2015-01-08,DIS,93.87000274658203,94.30000305175781,93.55999755859375,93.79000091552734,85.4023666381836,7579400.0
2015-01-09,DIS,94.05000305175781,95.2699966430664,93.98999786376953,94.25,85.82122802734375,8621300.0
2015-01-12,DIS,94.69000244140625,94.76000213623047,93.7699966430664,94.45999908447266,86.01244354248047,6586200.0
2015-01-13,DIS,95.27999877929688,96.43000030517578,94.69999694824219,95.19000244140625,86.67716979980469,9364300.0
2015-01-14,DIS,94.0,94.80000305175781,93.29000091552734,94.2300033569336,85.80301666259766,6509300.0
2015-01-15,DIS,94.61000061035156,94.95999908447266,94.04000091552734,94.3499984741211,85.91227722167969,5662200.0
2015-01-16,DIS,94.0,95.2300033569336,93.9800033569336,95.18000030517578,86.66806030273438,6117000.0
2015-01-20,DIS,95.22000122070312,95.38999938964844,93.75,94.73999786376953,86.26739501953125,7940600.0
2015-01-21,DIS,94.37000274658203,94.73999786376953,93.81999969482422,94.16999816894531,85.74837493896484,7474700.0
2015-01-22,DIS,94.58000183105469,95.38999938964844,94.01000213623047,95.1500015258789,86.64075469970703,7014200.0
2015-01-23,DIS,94.91999816894531,95.52999877929688,94.43000030517578,94.72000122070312,86.24919891357422,4664700.0
2015-01-26,DIS,94.44999694824219,95.0,93.93000030517578,94.97000122070312,86.47685241699219,5446900.0
2015-01-27,DIS,93.94000244140625,94.73999786376953,93.36000061035156,93.97000122070312,85.56625366210938,5390000.0
2015-01-28,DIS,94.13999938964844,94.47000122070312,92.61000061035156,92.66999816894531,84.38252258300781,6198400.0
2015-01-29,DIS,93.11000061035156,93.5,91.5199966430664,93.22000122070312,84.88335418701172,7681700.0
2015-01-30,DIS,92.5,92.94000244140625,90.83000183105469,90.95999908447266,82.8254623413086,10212300.0
2015-02-02,DIS,91.30000305175781,92.05000305175781,90.05999755859375,91.93000030517578,83.70869445800781,9392000.0
2015-02-03,DIS,92.43000030517578,94.11000061035156,92.19000244140625,94.0999984741211,85.68464660644531,12329100.0
2015-02-04,DIS,99.38999938964844,101.94000244140625,98.81999969482422,101.27999877929688,92.22254180908203,32640500.0
2015-02-05,DIS,100.76000213623047,102.83999633789062,100.51000213623047,102.63999938964844,93.46090698242188,14089500.0
2015-02-06,DIS,102.66999816894531,102.98999786376953,101.6500015258789,102.0199966430664,92.89634704589844,8535200.0
2015-02-09,DIS,101.80000305175781,102.5,101.44999694824219,101.7300033569336,92.63228607177734,5461800.0
2015-02-10,DIS,101.95999908447266,102.19000244140625,101.18000030517578,101.91999816894531,92.80530548095703,5726300.0
2015-02-11,DIS,102.01000213623047,102.0199966430664,101.06999969482422,101.87000274658203,92.7597885131836,5868200.0
2015-02-12,DIS,102.16000366210938,103.8499984741211,101.69999694824219,103.58000183105469,94.31684875488281,6816800.0
2015-02-13,DIS,103.7300033569336,104.41000366210938,103.43000030517578,104.16999816894531,94.85408782958984,5175600.0
2015-02-17,DIS,104.2300033569336,104.44999694824219,103.56999969482422,104.12000274658203,94.80854797363281,4759300.0
2015-02-18,DIS,103.4000015258789,104.33000183105469,103.4000015258789,103.86000061035156,94.57180786132812,3760200.0
2015-02-19,DIS,104.0,104.08000183105469,103.55000305175781,103.88999938964844,94.59912109375,5094100.0
2015-02-20,DIS,103.86000061035156,104.69000244140625,102.7300033569336,104.55000305175781,95.20010375976562,5197000.0
2015-02-23,DIS,104.76000213623047,105.2300033569336,104.44000244140625,104.98999786376953,95.60075378417969,5587100.0
2015-02-24,DIS,104.54000091552734,105.05000305175781,104.3499984741211,104.66999816894531,95.30937194824219,4098800.0
2015-02-25,DIS,104.68000030517578,105.9800033569336,104.66999816894531,105.56999969482422,96.1288833618164,6547200.0
2015-02-26,DIS,105.5,105.70999908447266,104.13999938964844,104.55999755859375,95.20919799804688,5049000.0
2015-02-27,DIS,104.66999816894531,105.13999938964844,103.95999908447266,104.08000183105469,94.77213287353516,4161600.0
2015-03-02,DIS,104.3499984741211,105.9800033569336,104.3499984741211,105.88999938964844,96.42025756835938,5635500.0
2015-03-03,DIS,105.77999877929688,106.63999938964844,105.20999908447266,106.3499984741211,96.83910369873047,4671900.0
2015-03-04,DIS,105.86000061035156,106.0,104.77999877929688,105.56999969482422,96.1288833618164,4972300.0
2015-03-05,DIS,105.54000091552734,105.80999755859375,104.87000274658203,105.02999877929688,95.6371841430664,3954700.0
2015-03-06,DIS,104.66999816894531,105.0,103.48999786376953,103.81999969482422,94.5353775024414,5704200.0
2015-03-09,DIS,103.94000244140625,105.41999816894531,103.81999969482422,105.26000213623047,95.84659576416016,4868900.0
2015-03-10,DIS,104.2699966430664,104.3499984741211,103.08999633789062,103.08999633789062,93.87065887451172,6472600.0
2015-03-11,DIS,103.51000213623047,104.0,102.87000274658203,102.88999938964844,93.68854522705078,4831900.0
2015-03-12,DIS,103.8499984741211,107.33000183105469,103.80999755859375,107.16999816894531,97.58578491210938,10730400.0
2015-03-13,DIS,107.27999877929688,107.27999877929688,105.5199966430664,106.44000244140625,96.92106628417969,8024200.0
2015-03-16,DIS,106.83999633789062,107.7300033569336,106.05000305175781,107.37000274658203,97.76791381835938,6407300.0
2015-03-17,DIS,107.0,107.20999908447266,106.1500015258789,106.95999908447266,97.39456939697266,4489400.0
2015-03-18,DIS,106.9000015258789,108.41999816894531,105.7300033569336,107.97000122070312,98.31426239013672,5520600.0
2015-03-19,DIS,107.83999633789062,108.4800033569336,107.13999938964844,107.37000274658203,97.76791381835938,4885600.0
2015-03-20,DIS,107.83000183105469,108.94000244140625,107.5,108.43000030517578,98.73311614990234,8710100.0
2015-03-23,DIS,108.5999984741211,108.8499984741211,108.04000091552734,108.22000122070312,98.54188537597656,5667000.0
2015-03-24,DIS,107.72000122070312,108.05000305175781,107.08000183105469,107.11000061035156,97.53115844726562,4493500.0
2015-03-25,DIS,107.44999694824219,107.45999908447266,105.0,105.0,95.60984802246094,6964700.0
2015-03-26,DIS,104.47000122070312,105.81999969482422,104.0999984741211,105.23999786376953,95.8283920288086,5915800.0
2015-03-27,DIS,105.19999694824219,106.44999694824219,104.87999725341797,105.4800033569336,96.04692840576172,5330400.0
2015-03-30,DIS,106.05999755859375,106.94999694824219,106.05000305175781,106.12000274658203,96.62969970703125,3831900.0
2015-03-31,DIS,105.5999984741211,106.31999969482422,104.88999938964844,104.88999938964844,95.50968933105469,5701600.0
2015-04-01,DIS,105.43000030517578,106.0,104.25,105.44000244140625,96.01051330566406,6117200.0
2015-04-02,DIS,105.48999786376953,106.23999786376953,104.86000061035156,106.0,96.52042388916016,3651600.0
2015-04-06,DIS,105.30999755859375,106.56999969482422,105.04000091552734,105.62999725341797,96.18351745605469,4153500.0
2015-04-07,DIS,105.80000305175781,106.41000366210938,105.4000015258789,105.43000030517578,96.00138092041016,4694600.0
2015-04-08,DIS,105.2300033569336,106.69000244140625,105.16000366210938,106.36000061035156,96.84823608398438,4277400.0
2015-04-09,DIS,106.51000213623047,107.0,105.87999725341797,106.7699966430664,97.22156524658203,3924400.0
2015-04-10,DIS,106.7300033569336,107.0999984741211,106.41000366210938,106.94999694824219,97.38546752929688,3251500.0
2015-04-13,DIS,107.06999969482422,107.9000015258789,106.47000122070312,106.51000213623047,96.98480987548828,4201500.0
2015-04-14,DIS,106.41000366210938,107.30000305175781,106.11000061035156,106.66000366210938,97.12140655517578,5389300.0
2015-04-15,DIS,106.91999816894531,107.43000030517578,106.86000061035156,106.9800033569336,97.41279602050781,4307300.0
2015-04-16,DIS,107.1500015258789,108.30000305175781,106.9000015258789,108.0999984741211,98.43263244628906,6379100.0
2015-04-17,DIS,107.80000305175781,107.80000305175781,106.04000091552734,106.69000244140625,97.14871215820312,9663500.0
2015-04-20,DIS,107.83000183105469,108.5,107.31999969482422,108.22000122070312,98.54188537597656,8094200.0
2015-04-21,DIS,108.93000030517578,108.98999786376953,107.58000183105469,107.68000030517578,98.0501708984375,4579400.0
2015-04-22,DIS,108.0199966430664,108.25,106.97000122070312,107.94000244140625,98.28693389892578,4060500.0
2015-04-23,DIS,107.95999908447266,109.9000015258789,107.61000061035156,109.0,99.25214385986328,5983800.0
2015-04-24,DIS,109.52999877929688,110.4800033569336,109.19000244140625,109.52999877929688,99.73474884033203,6355600.0
2015-04-27,DIS,111.5,111.66000366210938,110.06999969482422,110.16000366210938,100.30838775634766,8479100.0
2015-04-28,DIS,110.75,111.1500015258789,108.88999938964844,109.91999816894531,100.08985900878906,7324500.0
2015-04-29,DIS,109.66000366210938,110.37999725341797,109.26000213623047,109.80999755859375,99.98970794677734,6024700.0
2015-04-30,DIS,109.68000030517578,110.19000244140625,107.68000030517578,108.72000122070312,98.9971694946289,7770300.0
2015-05-01,DIS,109.94999694824219,110.66999816894531,109.2699966430664,110.5199966430664,100.63619995117188,6205100.0
2015-05-04,DIS,111.4800033569336,111.52999877929688,110.5,111.02999877929688,101.10060119628906,7566200.0
2015-05-05,DIS,113.2699966430664,113.30000305175781,110.55999755859375,110.80999755859375,100.9002685546875,14619300.0
2015-05-06,DIS,111.55999755859375,111.95999908447266,109.22000122070312,109.72000122070312,99.90775299072266,8975300.0
2015-05-07,DIS,109.5999984741211,109.77999877929688,108.72000122070312,109.26000213623047,99.4888916015625,8291200.0
2015-05-08,DIS,110.26000213623047,110.69999694824219,109.56999969482422,110.11000061035156,100.26286315917969,6260600.0
2015-05-11,DIS,110.13999938964844,110.13999938964844,108.48999786376953,108.5999984741211,98.88790893554688,6728500.0
2015-05-12,DIS,108.5999984741211,109.66000366210938,107.66999816894531,109.23999786376953,99.47064971923828,6345000.0
2015-05-13,DIS,109.69999694824219,109.87000274658203,108.77999877929688,109.19000244140625,99.42514038085938,4141400.0
2015-05-14,DIS,109.69000244140625,110.0,109.01000213623047,109.93000030517578,100.09896087646484,4662000.0
2015-05-15,DIS,110.0999984741211,110.69000244140625,109.68000030517578,110.30000305175781,100.43588256835938,5852200.0
2015-05-18,DIS,110.47000122070312,110.73999786376953,110.01000213623047,110.33000183105469,100.46319580078125,4868900.0
2015-05-19,DIS,110.69000244140625,110.98999786376953,110.47000122070312,110.55999755859375,100.67261505126953,4549600.0
2015-05-20,DIS,110.77999877929688,110.80999755859375,110.0199966430664,110.19999694824219,100.34481048583984,4393500.0
2015-05-21,DIS,110.04000091552734,110.63999938964844,109.9000015258789,110.38999938964844,100.51781463623047,4880600.0
2015-05-22,DIS,110.30000305175781,110.9000015258789,110.12000274658203,110.26000213623047,100.3994369506836,4267700.0
2015-05-26,DIS,110.16999816894531,110.8499984741211,108.76000213623047,109.44000244140625,99.65278625488281,5970800.0
2015-05-27,DIS,109.51000213623047,110.61000061035156,109.30000305175781,110.37000274658203,100.4996109008789,3984200.0
2015-05-28,DIS,110.11000061035156,110.54000091552734,109.5999984741211,110.52999877929688,100.64530181884766,3392000.0
2015-05-29,DIS,110.33000183105469,110.5199966430664,109.41000366210938,110.37000274658203,100.4996109008789,5264900.0
2015-06-01,DIS,111.4800033569336,111.7699966430664,110.55000305175781,110.95999908447266,101.0368423461914,6778900.0
2015-06-02,DIS,110.91999816894531,111.25,110.0199966430664,110.75,100.84563446044922,4425900.0
2015-06-03,DIS,110.75,111.81999969482422,110.5,111.16999816894531,101.22808074951172,4510300.0
2015-06-04,DIS,110.94999694824219,111.25,109.98999786376953,110.30000305175781,100.43588256835938,5748200.0
2015-06-05,DIS,110.30000305175781,110.7699966430664,109.80000305175781,110.30000305175781,100.43588256835938,4323500.0
2015-06-08,DIS,110.02999877929688,110.23999786376953,109.20999908447266,109.29000091552734,99.51618957519531,6068100.0
2015-06-09,DIS,109.3499984741211,109.41000366210938,107.6500015258789,108.5199966430664,98.81505584716797,7711800.0
2015-06-10,DIS,108.9000015258789,110.25,108.7300033569336,110.0,100.16270446777344,5128700.0
2015-06-11,DIS,110.01000213623047,110.95999908447266,110.01000213623047,110.62000274658203,100.72725677490234,5036300.0
2015-06-12,DIS,110.33000183105469,110.52999877929688,109.54000091552734,109.94999694824219,100.1171646118164,4009900.0
2015-06-15,DIS,109.2699966430664,110.41000366210938,108.93000030517578,110.18000030517578,100.32660675048828,5742200.0
2015-06-16,DIS,110.3499984741211,111.29000091552734,109.9000015258789,111.05999755859375,101.1279067993164,3848300.0
2015-06-17,DIS,111.19999694824219,111.94000244140625,110.87999725341797,111.48999786376953,101.51946258544922,4732300.0
2015-06-18,DIS,111.83000183105469,113.55000305175781,111.58000183105469,113.22000122070312,103.0947265625,6929900.0
2015-06-19,DIS,112.83000183105469,113.4800033569336,112.4000015258789,112.62000274658203,102.54840850830078,9587700.0
2015-06-22,DIS,113.4000015258789,114.47000122070312,113.2699966430664,113.52999877929688,103.37700653076172,5906200.0
2015-06-23,DIS,113.93000030517578,114.5199966430664,113.72000122070312,114.41000366210938,104.17831420898438,6003100.0
2015-06-24,DIS,114.30000305175781,114.55999755859375,113.70999908447266,113.7699966430664,103.59555053710938,5636200.0
2015-06-25,DIS,114.62000274658203,115.27999877929688,114.38999938964844,114.44999694824219,104.21473693847656,6213500.0
2015-06-26,DIS,114.97000122070312,115.18000030517578,114.41000366210938,114.98999786376953,104.70643615722656,9509600.0
2015-06-29,DIS,114.16000366210938,115.19000244140625,113.0,113.05000305175781,102.93994140625,7618200.0
2015-06-30,DIS,113.93000030517578,114.86000061035156,113.55000305175781,114.13999938964844,103.93246459960938,6946700.0
2015-07-01,DIS,114.94999694824219,115.25,114.33999633789062,115.12999725341797,105.44364166259766,5435400.0
2015-07-02,DIS,115.37999725341797,115.66999816894531,114.44999694824219,114.97000122070312,105.2970962524414,5549500.0
2015-07-06,DIS,114.47000122070312,115.86000061035156,114.2699966430664,115.69999694824219,105.9656753540039,5880500.0
2015-07-07,DIS,116.41999816894531,117.19000244140625,114.86000061035156,117.0999984741211,107.2479019165039,8359900.0
2015-07-08,DIS,116.5,116.68000030517578,115.11000061035156,115.19000244140625,105.49858856201172,8445200.0
2015-07-09,DIS,116.83000183105469,117.20999908447266,115.51000213623047,115.5999984741211,105.87411499023438,7016800.0
2015-07-10,DIS,117.05000305175781,117.43000030517578,115.66999816894531,116.44000244140625,106.6434326171875,7020700.0
2015-07-13,DIS,117.75,118.30999755859375,117.25,118.05000305175781,108.11798095703125,7595200.0
2015-07-14,DIS,118.02999877929688,118.13999938964844,117.69999694824219,117.8499984741211,107.93480682373047,5061700.0
2015-07-15,DIS,118.04000091552734,118.9000015258789,117.8499984741211,118.30000305175781,108.34693145751953,4845200.0
2015-07-16,DIS,119.0,119.1500015258789,118.54000091552734,119.06999969482422,109.05215454101562,6303000.0
2015-07-17,DIS,118.69000244140625,118.9000015258789,118.02999877929688,118.86000061035156,108.85981750488281,5109900.0
2015-07-20,DIS,119.29000091552734,119.9000015258789,118.88999938964844,119.58000183105469,109.51924896240234,6951000.0
2015-07-21,DIS,119.76000213623047,119.80000305175781,118.83000183105469,119.30999755859375,109.2719497680664,4785200.0
2015-07-22,DIS,119.27999877929688,119.69999694824219,118.93000030517578,119.33000183105469,109.29027557373047,4714100.0
2015-07-23,DIS,119.30000305175781,119.66999816894531,118.56999969482422,118.80000305175781,108.80487060546875,3347200.0
2015-07-24,DIS,119.3499984741211,119.80000305175781,118.58000183105469,118.91000366210938,108.9056167602539,4320900.0
2015-07-27,DIS,118.62999725341797,118.80000305175781,117.77999877929688,118.25,108.30113983154297,5179300.0
2015-07-28,DIS,118.68000030517578,118.9000015258789,117.87000274658203,118.45999908447266,108.49347686767578,6447300.0
2015-07-29,DIS,118.8499984741211,119.86000061035156,118.41000366210938,119.83999633789062,109.75736236572266,6083500.0
2015-07-30,DIS,119.70999908447266,120.3499984741211,119.01000213623047,120.02999877929688,109.93136596679688,4430100.0
2015-07-31,DIS,120.12000274658203,120.72000122070312,119.5999984741211,120.0,109.90390014648438,5767300.0
2015-08-03,DIS,120.87999725341797,121.7300033569336,120.16999816894531,121.12000274658203,110.92969512939453,8426900.0
2015-08-04,DIS,121.5,122.08000183105469,120.61000061035156,121.69000244140625,111.45172882080078,12624400.0
2015-08-05,DIS,110.83000183105469,113.94999694824219,109.5,110.52999877929688,101.23065185546875,61011200.0
2015-08-06,DIS,110.4000015258789,110.4000015258789,104.23999786376953,108.55000305175781,99.41724395751953,57175200.0
2015-08-07,DIS,108.75,109.55999755859375,107.66000366210938,109.3499984741211,100.14994049072266,15791600.0
2015-08-10,DIS,110.0,111.0,109.73999786376953,111.0,101.66111755371094,11617000.0
2015-08-11,DIS,110.33999633789062,110.48999786376953,107.94999694824219,108.0,98.91351318359375,13574000.0
2015-08-12,DIS,107.0,107.44000244140625,105.51000213623047,106.98999786376953,97.98847961425781,16923500.0
2015-08-13,DIS,107.20999908447266,108.51000213623047,106.75,107.5199966430664,98.47389221191406,9754500.0
2015-08-14,DIS,107.61000061035156,107.66999816894531,106.5199966430664,107.16000366210938,98.1441879272461,7104500.0
2015-08-17,DIS,107.30000305175781,109.27999877929688,106.83999633789062,109.05000305175781,99.87517547607422,7954000.0
2015-08-18,DIS,108.04000091552734,108.25,106.80000305175781,106.94000244140625,97.94271087646484,12021500.0
2015-08-19,DIS,106.58000183105469,107.75,105.7699966430664,106.44999694824219,97.4939193725586,9484400.0
2015-08-20,DIS,104.33999633789062,105.0,99.76000213623047,100.0199966430664,91.60488891601562,34651300.0
2015-08-21,DIS,97.5,100.62999725341797,96.61000061035156,98.83999633789062,90.52418518066406,30875700.0
2015-08-24,DIS,93.37999725341797,100.0,90.0,95.36000061035156,87.33699035644531,30159200.0
2015-08-25,DIS,99.7300033569336,100.08999633789062,95.72000122070312,95.88999938964844,87.82235717773438,19079400.0
2015-08-26,DIS,98.69000244140625,99.48999786376953,96.26000213623047,99.2300033569336,90.8813705444336,13755900.0
2015-08-27,DIS,101.3499984741211,102.62000274658203,99.77999877929688,102.16999816894531,93.57401275634766,17532200.0
2015-08-28,DIS,102.19000244140625,103.33999633789062,101.80999755859375,102.4800033569336,93.85794067382812,11005200.0
2015-08-31,DIS,102.30000305175781,102.45999908447266,100.91000366210938,101.87999725341797,93.30841827392578,8518200.0
2015-09-01,DIS,99.30999755859375,101.33999633789062,99.16000366210938,99.51000213623047,91.13782501220703,14212600.0
2015-09-02,DIS,100.91999816894531,101.94000244140625,99.55000305175781,101.88999938964844,93.31757354736328,12148200.0
2015-09-03,DIS,102.19999694824219,103.02999877929688,101.45999908447266,101.98999786376953,93.40916442871094,8953300.0
2015-09-04,DIS,100.95999908447266,101.81999969482422,100.36000061035156,100.97000122070312,92.47498321533203,9213800.0
2015-09-08,DIS,102.94999694824219,104.1500015258789,102.5199966430664,104.01000213623047,95.25920867919922,8571500.0
2015-09-09,DIS,104.75,104.94999694824219,101.68000030517578,101.91000366210938,93.33589172363281,9577500.0
2015-09-10,DIS,101.8499984741211,103.22000122070312,101.33000183105469,102.5999984741211,93.96783447265625,9026100.0
2015-09-11,DIS,102.3499984741211,104.5,102.19999694824219,104.4800033569336,95.68968200683594,9529800.0
2015-09-14,DIS,104.6500015258789,104.9000015258789,102.98999786376953,103.81999969482422,95.08519744873047,6959800.0
2015-09-15,DIS,103.25,103.80000305175781,101.83000183105469,103.43000030517578,94.72801971435547,9171400.0
2015-09-16,DIS,103.31999969482422,104.06999969482422,102.75,103.95999908447266,95.21342468261719,6509700.0
2015-09-17,DIS,104.19999694824219,105.94999694824219,103.75,104.19999694824219,95.43323516845703,7792600.0
2015-09-18,DIS,103.19999694824219,104.20999908447266,102.38999938964844,102.83999633789062,94.18765258789062,13559400.0
2015-09-21,DIS,103.68000030517578,103.83000183105469,102.45999908447266,103.41000366210938,94.70970153808594,7152300.0
2015-09-22,DIS,102.18000030517578,102.75,101.4800033569336,102.48999786376953,93.86708068847656,8330100.0
2015-09-23,DIS,102.44000244140625,102.62999725341797,101.37999725341797,101.56999969482422,93.02450561523438,5818000.0
2015-09-24,DIS,101.0,101.33000183105469,99.23999786376953,100.62000274658203,92.15442657470703,10706800.0
2015-09-25,DIS,101.51000213623047,101.80000305175781,99.58000183105469,100.30000305175781,91.86135864257812,7179800.0
2015-09-28,DIS,99.9000015258789,100.38999938964844,98.30000305175781,98.48999786376953,90.20362091064453,8238300.0
2015-09-29,DIS,98.51000213623047,100.05999755859375,97.7699966430664,99.41999816894531,91.05538940429688,9466900.0
2015-09-30,DIS,100.77999877929688,102.43000030517578,100.5,102.19999694824219,93.60150146484375,9190000.0
2015-10-01,DIS,102.97000122070312,103.47000122070312,101.08000183105469,102.66999816894531,94.03195190429688,7503700.0
2015-10-02,DIS,101.20999908447266,103.01000213623047,99.87999725341797,103.0,94.33418273925781,9105600.0
2015-10-05,DIS,103.69999694824219,104.19999694824219,102.61000061035156,103.8499984741211,95.11266326904297,7144600.0
2015-10-06,DIS,104.19000244140625,104.51000213623047,103.20999908447266,103.7699966430664,95.03939819335938,5660600.0
2015-10-07,DIS,104.48999786376953,104.58999633789062,102.66000366210938,103.38999938964844,94.69139099121094,6947200.0
2015-10-08,DIS,103.19999694824219,104.88999938964844,102.69999694824219,104.61000061035156,95.80872344970703,7499100.0
2015-10-09,DIS,105.08999633789062,106.05000305175781,104.66999816894531,105.55999755859375,96.6788101196289,7341800.0
2015-10-12,DIS,105.91000366210938,106.69999694824219,105.62000274658203,106.3499984741211,97.4023208618164,5179000.0
2015-10-13,DIS,105.73999786376953,107.38999938964844,105.30999755859375,106.58999633789062,97.62214660644531,8342700.0
2015-10-14,DIS,106.5,106.8499984741211,105.2300033569336,105.7300033569336,96.83451843261719,5563600.0
2015-10-15,DIS,106.5,108.0,106.26000213623047,107.88999938964844,98.81275939941406,6739200.0
2015-10-16,DIS,108.2699966430664,108.5,107.45999908447266,108.23999786376953,99.1333236694336,5908900.0
2015-10-19,DIS,108.25,109.97000122070312,107.94000244140625,109.47000122070312,100.25984954833984,8001900.0
2015-10-20,DIS,109.55000305175781,110.52999877929688,109.41000366210938,109.83999633789062,100.59870910644531,9674400.0
2015-10-21,DIS,110.66999816894531,111.55999755859375,110.01000213623047,110.08999633789062,100.82768249511719,8769800.0
2015-10-22,DIS,110.66999816894531,113.3499984741211,110.38999938964844,113.25,103.72180938720703,10028900.0
2015-10-23,DIS,114.20999908447266,114.20999908447266,111.8499984741211,113.08999633789062,103.57527160644531,7928400.0
2015-10-26,DIS,113.06999969482422,113.58000183105469,112.12000274658203,113.5199966430664,103.96907806396484,5729600.0
2015-10-27,DIS,113.29000091552734,114.2699966430664,113.25,113.7699966430664,104.19806671142578,5857600.0
2015-10-28,DIS,113.97000122070312,114.45999908447266,112.86000061035156,114.33999633789062,104.72010040283203,6452900.0
2015-10-29,DIS,114.33999633789062,115.4000015258789,114.19999694824219,115.04000091552734,105.36122131347656,6125100.0
2015-10-30,DIS,115.0,115.23999786376953,113.66999816894531,113.73999786376953,104.17058563232422,8501600.0
2015-11-02,DIS,114.48999786376953,115.30999755859375,114.01000213623047,115.04000091552734,105.36122131347656,6949500.0
2015-11-03,DIS,114.97000122070312,116.4000015258789,114.54000091552734,115.54000091552734,105.81912994384766,7132100.0
2015-11-04,DIS,116.63999938964844,116.83000183105469,110.80999755859375,113.25,103.72180938720703,20740800.0
2015-11-05,DIS,113.26000213623047,113.93000030517578,111.5999984741211,113.0,103.49285125732422,14843700.0
2015-11-06,DIS,114.5999984741211,116.75,114.56999969482422,115.66999816894531,105.93820190429688,16803400.0
2015-11-09,DIS,115.9000015258789,116.7300033569336,115.18000030517578,116.41999816894531,106.62510681152344,9317500.0
2015-11-10,DIS,116.16999816894531,117.51000213623047,115.51000213623047,117.41999816894531,107.54096984863281,8240500.0
2015-11-11,DIS,117.55000305175781,117.58000183105469,116.43000030517578,116.5199966430664,106.71669006347656,6381700.0
2015-11-12,DIS,115.5999984741211,116.98999786376953,115.0,116.20999908447266,106.43278503417969,7223000.0
2015-11-13,DIS,115.91999816894531,116.41999816894531,114.37999725341797,114.83999633789062,105.17803192138672,8078100.0
2015-11-16,DIS,113.47000122070312,116.08000183105469,113.33999633789062,115.91999816894531,106.16718292236328,5770200.0
2015-11-17,DIS,116.11000061035156,117.55000305175781,115.51000213623047,116.12999725341797,106.35948944091797,6434400.0
2015-11-18,DIS,116.22000122070312,118.27999877929688,116.05000305175781,118.13999938964844,108.20039367675781,6744600.0
2015-11-19,DIS,118.13999938964844,119.16000366210938,117.63999938964844,118.70999908447266,108.7224349975586,6101000.0
2015-11-20,DIS,119.11000061035156,120.25,118.9000015258789,120.06999969482422,109.968017578125,10821700.0
2015-11-23,DIS,120.30000305175781,120.6500015258789,119.0,119.41999816894531,109.37271118164062,6986400.0
2015-11-24,DIS,117.9000015258789,118.56999969482422,117.27999877929688,117.94999694824219,108.02639770507812,9158200.0
2015-11-25,DIS,118.29000091552734,119.33999633789062,118.1500015258789,118.66999816894531,108.68580627441406,4751500.0
2015-11-27,DIS,116.0,116.5,113.69999694824219,115.12999725341797,105.44364166259766,14912000.0
2015-11-30,DIS,115.55999755859375,115.58000183105469,113.30999755859375,113.47000122070312,103.92330169677734,16560300.0
2015-12-01,DIS,114.1500015258789,115.45999908447266,113.66000366210938,115.38999938964844,105.68177032470703,8896100.0
2015-12-02,DIS,115.38999938964844,115.47000122070312,113.83000183105469,114.0,104.4087142944336,7787800.0
2015-12-03,DIS,114.16999816894531,114.6500015258789,111.44000244140625,111.88999938964844,102.47622680664062,10446600.0
2015-12-04,DIS,112.73999786376953,114.30999755859375,112.52999877929688,114.23999786376953,104.6285171508789,8771300.0
2015-12-07,DIS,114.55999755859375,114.55999755859375,112.6500015258789,113.83000183105469,104.25301361083984,6738500.0
2015-12-08,DIS,113.3499984741211,113.44999694824219,112.4000015258789,112.4800033569336,103.0166015625,7480600.0
2015-12-09,DIS,112.38999938964844,113.05999755859375,110.58000183105469,111.47000122070312,102.0915756225586,9050700.0
2015-12-10,DIS,111.1500015258789,111.58000183105469,110.16999816894531,110.76000213623047,102.09156799316406,7030200.0
2015-12-11,DIS,110.76000213623047,110.76000213623047,107.62000274658203,108.04000091552734,99.58443450927734,12334900.0
2015-12-14,DIS,108.68000030517578,109.87000274658203,108.27999877929688,109.3499984741211,100.79193115234375,9702600.0
2015-12-15,DIS,112.05000305175781,113.3499984741211,111.58000183105469,112.16000366210938,103.38201141357422,13361700.0
2015-12-16,DIS,114.69000244140625,114.75,111.80000305175781,113.79000091552734,104.8844223022461,12304500.0
2015-12-17,DIS,114.12999725341797,114.4800033569336,111.9800033569336,112.01000213623047,103.24373626708984,9375000.0
2015-12-18,DIS,112.01000213623047,112.44000244140625,107.3499984741211,107.72000122070312,99.28948211669922,28376900.0
2015-12-21,DIS,108.80000305175781,110.0999984741211,105.33000183105469,106.58999633789062,98.2479248046875,22847200.0
2015-12-22,DIS,106.98999786376953,107.19999694824219,105.83000183105469,106.73999786376953,98.38618469238281,8644500.0
2015-12-23,DIS,107.20999908447266,107.23999786376953,104.30000305175781,105.55999755859375,97.29853057861328,12372900.0
2015-12-24,DIS,105.19999694824219,106.63999938964844,105.05999755859375,105.86000061035156,97.57505798339844,4356100.0
2015-12-28,DIS,106.5,108.19999694824219,106.33000183105469,107.25,98.85626983642578,9092700.0
2015-12-29,DIS,107.87999725341797,108.04000091552734,106.44999694824219,107.08000183105469,98.69957733154297,8607200.0
2015-12-30,DIS,106.88999938964844,107.20999908447266,106.25,106.33999633789062,98.01748657226562,4917000.0
2015-12-31,DIS,106.13999938964844,106.30999755859375,105.05999755859375,105.08000183105469,96.85610961914062,6670100.0
2016-01-04,DIS,103.12000274658203,103.43000030517578,101.7300033569336,102.9800033569336,94.92044830322266,12531500.0
2016-01-05,DIS,102.66999816894531,102.66999816894531,99.88999938964844,100.9000015258789,93.0032730102539,16212900.0
2016-01-06,DIS,99.37999725341797,101.45999908447266,99.36000061035156,100.36000061035156,92.5055160522461,13934500.0
2016-01-07,DIS,98.95999908447266,101.3499984741211,98.5199966430664,99.5,91.71281433105469,14680200.0
2016-01-08,DIS,100.62999725341797,100.91999816894531,99.0,99.25,91.48238372802734,10691600.0
2016-01-11,DIS,100.20999908447266,100.44999694824219,98.55000305175781,99.91999816894531,92.09994506835938,9583200.0
2016-01-12,DIS,100.97000122070312,101.8499984741211,100.33999633789062,101.45999908447266,93.51941680908203,8863900.0
2016-01-13,DIS,101.87999725341797,101.87999725341797,98.12000274658203,98.4800033569336,90.77264404296875,11615400.0
2016-01-14,DIS,98.6500015258789,99.91000366210938,97.19000244140625,99.11000061035156,91.35334014892578,11147500.0
2016-01-15,DIS,95.62000274658203,96.87999725341797,93.45999908447266,93.9000015258789,86.55109405517578,22337000.0
2016-01-19,DIS,95.0,95.06999969482422,93.02999877929688,93.97000122070312,86.6156005859375,13286800.0
2016-01-20,DIS,92.18000030517578,93.63999938964844,90.41999816894531,92.54000091552734,85.29753112792969,16918100.0
2016-01-21,DIS,92.87000274658203,94.86000061035156,92.30000305175781,94.0199966430664,86.66170501708984,12078200.0
2016-01-22,DIS,95.94999694824219,97.41999816894531,95.55000305175781,96.9000015258789,89.31629943847656,12303800.0
2016-01-25,DIS,96.41999816894531,96.68000030517578,95.12000274658203,95.29000091552734,87.83230590820312,7812200.0
2016-01-26,DIS,95.48999786376953,96.43000030517578,95.08999633789062,96.2699966430664,88.735595703125,6915600.0
2016-01-27,DIS,96.30999755859375,96.62999725341797,93.87000274658203,94.31999969482422,86.93822479248047,6328900.0
2016-01-28,DIS,95.19999694824219,95.19999694824219,92.37000274658203,93.52999877929688,86.21004486083984,7312700.0
2016-01-29,DIS,94.20999908447266,95.81999969482422,93.62999725341797,95.81999969482422,88.3208236694336,8211600.0
2016-02-01,DIS,95.08000183105469,95.70999908447266,94.69999694824219,95.1500015258789,87.70326232910156,7027200.0
2016-02-02,DIS,94.0,94.16999816894531,92.87000274658203,93.12000274658203,85.83213806152344,7244400.0
2016-02-03,DIS,94.0999984741211,95.41000366210938,92.41999816894531,95.13999938964844,87.69404602050781,10878000.0
2016-02-04,DIS,94.87000274658203,96.7300033569336,94.5999984741211,95.43000030517578,87.96135711669922,8350300.0
2016-02-05,DIS,95.31999969482422,95.38999938964844,93.47000122070312,93.9000015258789,86.55109405517578,8898500.0
2016-02-08,DIS,92.55999755859375,92.95999908447266,89.51000213623047,92.12000274658203,84.91038513183594,13750100.0
2016-02-09,DIS,90.1500015258789,93.19999694824219,89.04000091552734,92.31999969482422,85.09474182128906,19237400.0
2016-02-10,DIS,88.0,90.02999877929688,86.25,88.8499984741211,81.89631652832031,32649800.0
2016-02-11,DIS,87.0,91.05999755859375,86.95999908447266,90.30999755859375,83.24205017089844,17523800.0
2016-02-12,DIS,91.5199966430664,91.58999633789062,89.61000061035156,91.1500015258789,84.01630401611328,10786100.0
2016-02-16,DIS,92.47000122070312,93.30999755859375,91.79000091552734,92.91000366210938,85.63858032226562,9050900.0
2016-02-17,DIS,93.66999816894531,96.44000244140625,93.55999755859375,95.5,88.02586364746094,12610000.0
2016-02-18,DIS,96.33999633789062,96.44999694824219,94.44999694824219,95.16999816894531,87.72169494628906,8773900.0
2016-02-19,DIS,95.2300033569336,95.72000122070312,94.55999755859375,95.01000213623047,87.57421112060547,6838200.0
2016-02-22,DIS,95.01000213623047,97.0,95.01000213623047,96.37000274658203,88.82777404785156,6980400.0
2016-02-23,DIS,96.5,96.81999969482422,95.1500015258789,95.37999725341797,87.91525268554688,6253800.0
2016-02-24,DIS,94.6500015258789,95.75,93.2300033569336,95.43000030517578,87.96135711669922,6945600.0
2016-02-25,DIS,95.91999816894531,95.94999694824219,94.3499984741211,95.6500015258789,88.16413116455078,4562300.0
2016-02-26,DIS,95.70999908447266,96.22000122070312,95.27999877929688,95.30999755859375,87.85073852539062,5277000.0
2016-02-29,DIS,95.30999755859375,96.29000091552734,95.2300033569336,95.5199966430664,88.04430389404297,7794400.0
2016-03-01,DIS,95.9000015258789,97.66000366210938,95.52999877929688,97.6500015258789,90.00761413574219,7139900.0
2016-03-02,DIS,97.66999816894531,97.83000183105469,96.41000366210938,97.0,89.40847778320312,6498600.0
2016-03-03,DIS,97.79000091552734,98.83999633789062,96.88999938964844,98.81999969482422,91.08602142333984,8581300.0
2016-03-04,DIS,99.0,99.20999908447266,97.9000015258789,98.4800033569336,90.77264404296875,6739800.0
2016-03-07,DIS,98.56999969482422,99.70999908447266,98.4800033569336,99.38999938964844,91.6114273071289,7218700.0
2016-03-08,DIS,98.93000030517578,98.9800033569336,97.5999984741211,97.81999969482422,90.16429901123047,6229300.0
2016-03-09,DIS,98.0,98.23999786376953,96.80999755859375,97.66000366210938,90.0168228149414,7010700.0
2016-03-10,DIS,97.94000244140625,98.41999816894531,95.87000274658203,97.04000091552734,89.44534301757812,5453500.0
2016-03-11,DIS,97.56999969482422,98.3499984741211,97.54000091552734,97.94000244140625,90.27490997314453,5605800.0
2016-03-14,DIS,97.94000244140625,99.22000122070312,97.83999633789062,98.80999755859375,91.07682037353516,6175000.0
2016-03-15,DIS,98.0199966430664,98.33000183105469,97.38999938964844,98.23999786376953,90.55140686035156,5942400.0
2016-03-16,DIS,98.16000366210938,99.08000183105469,97.47000122070312,98.44000244140625,90.73578643798828,6079400.0
2016-03-17,DIS,98.27999877929688,99.91000366210938,98.27999877929688,99.5999984741211,91.80499267578125,6385600.0
2016-03-18,DIS,99.9800033569336,100.1500015258789,98.95999908447266,99.19999694824219,91.43628692626953,10205100.0
2016-03-21,DIS,98.91999816894531,99.12000274658203,97.69999694824219,98.45999908447266,90.75420379638672,7070300.0
2016-03-22,DIS,97.58999633789062,98.31999969482422,97.44000244140625,97.58000183105469,89.94307708740234,6475700.0
2016-03-23,DIS,97.72000122070312,97.8499984741211,96.75,96.83000183105469,89.25178527832031,5517700.0
2016-03-24,DIS,96.55000305175781,97.48999786376953,96.30000305175781,97.22000122070312,89.61124420166016,5577700.0
2016-03-28,DIS,97.5,98.45999908447266,97.44999694824219,98.08999633789062,90.41315460205078,5317100.0
2016-03-29,DIS,98.0,98.37000274658203,97.36000061035156,98.16000366210938,90.4776840209961,5170800.0
2016-03-30,DIS,98.9000015258789,99.08999633789062,98.3499984741211,98.91000366210938,91.16897583007812,5677500.0
2016-03-31,DIS,99.01000213623047,100.37000274658203,99.01000213623047,99.30999755859375,91.53768920898438,7038800.0
2016-04-01,DIS,98.80000305175781,99.33999633789062,98.58000183105469,99.06999969482422,91.31645965576172,5895500.0
2016-04-04,DIS,99.30000305175781,99.44000244140625,98.58000183105469,98.68000030517578,90.95698547363281,5334700.0
2016-04-05,DIS,96.8499984741211,97.61000061035156,96.1500015258789,97.0,89.40847778320312,10818800.0
2016-04-06,DIS,96.95999908447266,97.62999725341797,96.83000183105469,97.4800033569336,89.85091400146484,6952400.0
2016-04-07,DIS,97.11000061035156,97.41999816894531,95.91999816894531,96.16000366210938,88.63423156738281,7525400.0
2016-04-08,DIS,96.62999725341797,96.83999633789062,95.80000305175781,96.41999816894531,88.87385559082031,6982700.0
2016-04-11,DIS,96.93000030517578,97.63999938964844,96.19999694824219,96.2699966430664,88.735595703125,5916600.0
2016-04-12,DIS,96.27999877929688,97.52999877929688,96.06999969482422,97.3499984741211,89.73109436035156,6277200.0
2016-04-13,DIS,98.02999877929688,99.80999755859375,97.95999908447266,99.4800033569336,91.69438934326172,7967400.0
2016-04-14,DIS,99.79000091552734,99.87000274658203,98.26000213623047,98.62999725341797,90.9109115600586,6676200.0
2016-04-15,DIS,98.5,98.88999938964844,98.18000030517578,98.58999633789062,90.87403869628906,6146800.0
2016-04-18,DIS,99.5999984741211,101.94999694824219,99.5,101.4800033569336,93.5378646850586,10665200.0
2016-04-19,DIS,102.0,103.63999938964844,101.93000030517578,102.63999938964844,94.60707092285156,10639800.0
2016-04-20,DIS,103.0199966430664,103.4800033569336,101.95999908447266,103.2699966430664,95.18775939941406,7712000.0
2016-04-21,DIS,103.36000061035156,104.12000274658203,102.6500015258789,102.91000366210938,94.85594177246094,6824800.0
2016-04-22,DIS,103.05999755859375,103.98999786376953,102.93000030517578,103.7699966430664,95.64862060546875,5731300.0
2016-04-25,DIS,103.5,104.62000274658203,103.3499984741211,104.56999969482422,96.38601684570312,6117100.0
2016-04-26,DIS,104.58000183105469,105.56999969482422,104.18000030517578,104.88999938964844,96.68096160888672,6452900.0
2016-04-27,DIS,105.19000244140625,105.5999984741211,104.76000213623047,105.27999877929688,97.04045104980469,5996100.0
2016-04-28,DIS,104.54000091552734,105.48999786376953,103.80000305175781,104.02999877929688,95.8882827758789,5658300.0
2016-04-29,DIS,103.94999694824219,104.20999908447266,102.4000015258789,103.26000213623047,95.17855072021484,7006900.0
2016-05-02,DIS,103.30000305175781,104.56999969482422,102.80000305175781,104.36000061035156,96.19246673583984,5285700.0
2016-05-03,DIS,103.87999725341797,103.98999786376953,103.19000244140625,103.77999877929688,95.65785217285156,6243300.0
2016-05-04,DIS,103.30999755859375,104.4800033569336,103.19999694824219,103.66999816894531,95.55645751953125,6445100.0
2016-05-05,DIS,103.9800033569336,105.12999725341797,103.44999694824219,104.93000030517578,96.71786499023438,6466000.0
2016-05-06,DIS,104.51000213623047,105.73999786376953,104.38999938964844,105.54000091552734,97.28009796142578,7407500.0
2016-05-09,DIS,106.01000213623047,106.68000030517578,104.97000122070312,105.33999633789062,97.09576416015625,8130300.0
2016-05-10,DIS,105.52999877929688,106.75,105.44999694824219,106.5999984741211,98.25714111328125,15177200.0
2016-05-11,DIS,101.45999908447266,102.5,100.62000274658203,102.29000091552734,94.28445434570312,27068100.0
2016-05-12,DIS,102.5,102.8499984741211,101.12999725341797,101.70999908447266,93.74984741210938,11251700.0
2016-05-13,DIS,101.70999908447266,102.04000091552734,100.36000061035156,100.5199966430664,92.65299224853516,9570200.0
2016-05-16,DIS,100.41000366210938,100.66999816894531,99.37000274658203,100.36000061035156,92.5055160522461,9113000.0
2016-05-17,DIS,100.79000091552734,101.29000091552734,99.55000305175781,99.94000244140625,92.1183853149414,8694400.0
2016-05-18,DIS,99.58999633789062,99.7699966430664,98.36000061035156,99.0,91.251953125,9323100.0
2016-05-19,DIS,98.58000183105469,98.61000061035156,97.51000213623047,98.41000366210938,90.70811462402344,7063500.0
2016-05-20,DIS,99.0,99.93000030517578,98.7699966430664,99.77999877929688,91.97090148925781,7297000.0
2016-05-23,DIS,99.5999984741211,100.33000183105469,99.12000274658203,99.18000030517578,91.41785430908203,5588600.0
2016-05-24,DIS,99.44999694824219,100.04000091552734,99.37999725341797,99.51000213623047,91.7220458984375,5250800.0
2016-05-25,DIS,99.91999816894531,100.80000305175781,99.80999755859375,99.86000061035156,92.04463195800781,5667300.0
2016-05-26,DIS,99.88999938964844,100.48999786376953,99.56999969482422,99.80999755859375,91.99854278564453,3852600.0
2016-05-27,DIS,99.80999755859375,100.52999877929688,99.80999755859375,100.29000091552734,92.44099426269531,4589100.0
2016-05-31,DIS,99.8499984741211,99.88999938964844,98.56999969482422,99.22000122070312,91.45472717285156,10396200.0
2016-06-01,DIS,98.66999816894531,98.98999786376953,97.7300033569336,98.5199966430664,90.80951690673828,7243900.0
2016-06-02,DIS,98.06999969482422,98.72000122070312,97.87000274658203,98.72000122070312,90.99385833740234,4830100.0
2016-06-03,DIS,98.66000366210938,98.91999816894531,97.7300033569336,98.75,91.0215072631836,6857500.0
2016-06-06,DIS,98.95999908447266,99.12000274658203,98.47000122070312,98.77999877929688,91.04915618896484,4986600.0
2016-06-07,DIS,99.0,99.04000091552734,98.31999969482422,98.3499984741211,90.6528091430664,5608400.0
2016-06-08,DIS,98.48999786376953,98.81999969482422,97.69999694824219,98.04000091552734,90.3670654296875,5466200.0
2016-06-09,DIS,97.81999969482422,97.93000030517578,97.0999984741211,97.83999633789062,90.18273162841797,5379400.0
2016-06-10,DIS,97.1500015258789,97.70999908447266,96.77999877929688,97.33999633789062,89.72183990478516,7204400.0
2016-06-13,DIS,96.75,98.9800033569336,96.69999694824219,97.56999969482422,89.93386840820312,8766300.0
2016-06-14,DIS,97.19999694824219,98.55000305175781,97.18000030517578,98.4000015258789,90.69890594482422,6125700.0
2016-06-15,DIS,98.19000244140625,99.0,98.19000244140625,98.2699966430664,90.57907104492188,6663200.0
2016-06-16,DIS,97.80000305175781,98.62999725341797,96.86000061035156,98.37999725341797,90.68046569824219,7129700.0
2016-06-17,DIS,98.41000366210938,99.13999938964844,98.2699966430664,99.0,91.251953125,8959400.0
2016-06-20,DIS,100.08000183105469,100.95999908447266,99.5,99.56999969482422,91.77733612060547,8268600.0
2016-06-21,DIS,99.7300033569336,99.79000091552734,98.7699966430664,98.81999969482422,91.08602142333984,5202500.0
2016-06-22,DIS,99.08000183105469,99.62000274658203,98.69999694824219,98.79000091552734,91.05840301513672,4948900.0
2016-06-23,DIS,99.44000244140625,99.62000274658203,98.61000061035156,99.0199966430664,91.27037811279297,5826100.0
2016-06-24,DIS,96.01000213623047,97.27999877929688,95.13999938964844,95.72000122070312,88.22864532470703,15079900.0
2016-06-27,DIS,94.91000366210938,95.2300033569336,94.0,94.37999725341797,86.99352264404297,9438400.0
2016-06-28,DIS,95.45999908447266,96.27999877929688,95.13999938964844,96.05000305175781,88.53282165527344,7143100.0
2016-06-29,DIS,96.91000366210938,97.29000091552734,96.27999877929688,96.9800033569336,89.3900375366211,6563600.0
2016-06-30,DIS,97.0999984741211,98.06999969482422,96.87999725341797,97.81999969482422,90.16429901123047,7189500.0
2016-07-01,DIS,97.75,98.63999938964844,97.70999908447266,98.02999877929688,90.35787200927734,5681600.0
2016-07-05,DIS,97.7699966430664,98.0,97.16999816894531,97.66000366210938,90.0168228149414,5846400.0
2016-07-06,DIS,97.0,98.5199966430664,96.76000213623047,98.44999694824219,90.74500274658203,6223300.0
2016-07-07,DIS,97.62999725341797,98.4800033569336,97.58000183105469,98.41000366210938,91.36705017089844,5146000.0
2016-07-08,DIS,99.25,99.8499984741211,98.7699966430664,99.62000274658203,92.49047088623047,6045800.0
2016-07-11,DIS,99.80000305175781,100.3499984741211,99.4000015258789,99.9800033569336,92.82469940185547,5428000.0
2016-07-12,DIS,100.18000030517578,100.79000091552734,100.0,100.19999694824219,93.02893829345703,8508500.0
2016-07-13,DIS,100.45999908447266,100.80000305175781,99.8499984741211,99.87999725341797,92.7318344116211,5494700.0
2016-07-14,DIS,100.41999816894531,100.80000305175781,99.68000030517578,99.97000122070312,92.8154067993164,7461500.0
2016-07-15,DIS,100.41999816894531,100.54000091552734,99.54000091552734,99.80000305175781,92.6575698852539,5764400.0
2016-07-18,DIS,99.9000015258789,100.70999908447266,99.87000274658203,100.1500015258789,92.9825210571289,5051300.0
2016-07-19,DIS,99.80999755859375,99.98999786376953,99.36000061035156,99.47000122070312,92.35118865966797,5742700.0
2016-07-20,DIS,98.6500015258789,98.69000244140625,97.13999938964844,98.22000122070312,91.19064331054688,10664900.0
2016-07-21,DIS,98.16999816894531,99.12999725341797,97.62000274658203,98.01000213623047,90.99566650390625,6726600.0
2016-07-22,DIS,98.38999938964844,98.41999816894531,97.47000122070312,97.70999908447266,90.7171401977539,5381700.0
2016-07-25,DIS,97.9000015258789,98.05999755859375,97.25,97.38999938964844,90.42003631591797,4825500.0
2016-07-26,DIS,97.0199966430664,97.16000366210938,96.33999633789062,96.69000244140625,89.77013397216797,6274800.0
2016-07-27,DIS,96.69999694824219,96.93000030517578,95.86000061035156,96.33000183105469,89.43590545654297,6911400.0
2016-07-28,DIS,96.4000015258789,96.48999786376953,95.81999969482422,95.91000366210938,89.04596710205078,7713500.0
2016-07-29,DIS,95.8499984741211,96.37999725341797,95.8499984741211,95.94999694824219,89.08309173583984,8264000.0
2016-08-01,DIS,96.1500015258789,96.19999694824219,95.08000183105469,95.54000091552734,88.70244598388672,7131600.0
2016-08-02,DIS,95.3499984741211,95.75,94.55999755859375,95.01000213623047,88.21036529541016,7644100.0
2016-08-03,DIS,95.05999755859375,96.43000030517578,95.0,96.08999633789062,89.21307373046875,9068700.0
2016-08-04,DIS,95.52999877929688,95.9800033569336,94.70999908447266,95.16000366210938,88.34962463378906,10038300.0
2016-08-05,DIS,95.4000015258789,96.0,95.3499984741211,95.83000183105469,88.97168731689453,6528500.0
2016-08-08,DIS,96.11000061035156,96.29000091552734,95.58000183105469,95.75,88.89741516113281,7792000.0
2016-08-09,DIS,95.61000061035156,96.8499984741211,95.30000305175781,96.66999816894531,89.7515640258789,15548700.0
2016-08-10,DIS,96.69999694824219,99.2699966430664,95.8499984741211,97.86000061035156,90.85639953613281,27181300.0
2016-08-11,DIS,98.19999694824219,98.38999938964844,97.1500015258789,97.7699966430664,90.7728271484375,9233900.0
2016-08-12,DIS,97.81999969482422,97.81999969482422,96.66000366210938,96.83999633789062,89.90939331054688,9360300.0
2016-08-15,DIS,97.3499984741211,97.61000061035156,96.91999816894531,97.0999984741211,90.15080261230469,5299600.0
2016-08-16,DIS,96.86000061035156,97.25,96.2699966430664,96.87999725341797,89.9465560913086,5777800.0
2016-08-17,DIS,96.83999633789062,96.97000122070312,96.5199966430664,96.87000274658203,89.937255859375,5697300.0
2016-08-18,DIS,96.87000274658203,97.12000274658203,96.55000305175781,96.6500015258789,89.73300170898438,5250700.0
2016-08-19,DIS,96.4000015258789,96.79000091552734,96.05000305175781,96.38999938964844,89.49161529541016,6362400.0
2016-08-22,DIS,96.47000122070312,96.47000122070312,95.6500015258789,95.87000274658203,89.00882720947266,5495300.0
2016-08-23,DIS,96.12999725341797,96.43000030517578,95.80000305175781,95.97000122070312,89.1016616821289,4996300.0
2016-08-24,DIS,96.01000213623047,96.22000122070312,95.51000213623047,95.81999969482422,88.96239471435547,5912500.0
2016-08-25,DIS,95.62000274658203,95.81999969482422,95.41000366210938,95.55000305175781,88.71173858642578,4518700.0
2016-08-26,DIS,95.66000366210938,96.12999725341797,94.75,95.20999908447266,88.39605712890625,6019600.0
2016-08-29,DIS,95.06999969482422,95.31999969482422,94.45999908447266,94.87000274658203,88.08039855957031,7903000.0
2016-08-30,DIS,94.7699966430664,95.29000091552734,94.7699966430664,94.86000061035156,88.07109832763672,6845000.0
2016-08-31,DIS,94.69000244140625,94.9000015258789,94.16000366210938,94.45999908447266,87.6997299194336,7375200.0
2016-09-01,DIS,94.7300033569336,94.87000274658203,93.91000366210938,94.26000213623047,87.5140609741211,6274200.0
2016-09-02,DIS,94.75,94.95999908447266,94.12999725341797,94.41999816894531,87.66259765625,5382000.0
2016-09-06,DIS,94.52999877929688,94.52999877929688,93.3499984741211,93.80000305175781,87.08696746826172,8463500.0
2016-09-07,DIS,93.9800033569336,94.02999877929688,93.33000183105469,93.70999908447266,87.00340270996094,6281500.0
2016-09-08,DIS,93.48999786376953,94.20999908447266,92.93000030517578,94.08999633789062,87.35620880126953,7438100.0
2016-09-09,DIS,93.51000213623047,93.73999786376953,92.38999938964844,92.41999816894531,85.80573272705078,10248400.0
2016-09-12,DIS,91.95999908447266,93.86000061035156,91.94999694824219,93.63999938964844,86.93842315673828,9367300.0
2016-09-13,DIS,93.04000091552734,93.30000305175781,92.44999694824219,92.69999694824219,86.06568908691406,7795200.0
2016-09-14,DIS,92.58999633789062,92.88999938964844,92.06999969482422,92.26000213623047,85.65716552734375,6386500.0
2016-09-15,DIS,92.12000274658203,92.75,91.19000244140625,92.5,85.88001251220703,7559400.0
2016-09-16,DIS,92.2699966430664,92.73999786376953,91.80000305175781,92.55999755859375,85.93571472167969,10568600.0
2016-09-19,DIS,92.80000305175781,93.31999969482422,92.33999633789062,92.62999725341797,86.0007095336914,5421500.0
2016-09-20,DIS,92.69999694824219,93.30000305175781,92.68000030517578,92.94999694824219,86.29781341552734,6200100.0
2016-09-21,DIS,93.0,93.08000183105469,91.69999694824219,92.38999938964844,85.77788543701172,12049500.0
2016-09-22,DIS,92.7300033569336,93.70999908447266,92.63999938964844,93.41000366210938,86.72488403320312,6470700.0
2016-09-23,DIS,93.06999969482422,93.5199966430664,93.0,93.2699966430664,86.59490203857422,4407700.0
2016-09-26,DIS,92.47000122070312,92.68000030517578,91.4000015258789,91.95999908447266,85.37865447998047,10449300.0
2016-09-27,DIS,91.93000030517578,92.18000030517578,91.5,91.72000122070312,85.15583801269531,9167400.0
2016-09-28,DIS,91.75,92.30000305175781,91.4800033569336,92.19999694824219,85.60147094726562,8272300.0
2016-09-29,DIS,92.13999938964844,93.0999984741211,91.52999877929688,91.80000305175781,85.2301025390625,7476600.0
2016-09-30,DIS,92.27999877929688,93.48999786376953,92.20999908447266,92.86000061035156,86.21424102783203,8923700.0
2016-10-03,DIS,92.47000122070312,92.72000122070312,92.05000305175781,92.48999786376953,85.87071990966797,5834700.0
2016-10-04,DIS,92.44999694824219,92.98999786376953,92.11000061035156,92.58999633789062,85.96356201171875,5903400.0
2016-10-05,DIS,92.94000244140625,93.27999877929688,92.37999725341797,92.44999694824219,85.83358764648438,5365000.0
2016-10-06,DIS,92.75,93.58000183105469,92.38999938964844,92.83000183105469,86.1863784790039,7484800.0
2016-10-07,DIS,93.05999755859375,93.29000091552734,92.0199966430664,92.48999786376953,85.87071990966797,6144100.0
2016-10-10,DIS,92.69999694824219,93.20999908447266,92.4000015258789,92.48999786376953,85.87071990966797,4241000.0
2016-10-11,DIS,92.33000183105469,92.37999725341797,91.56999969482422,91.86000061035156,85.28582000732422,6651100.0
2016-10-12,DIS,91.87999725341797,92.08000183105469,91.38999938964844,91.41000366210938,84.86802673339844,6836600.0
2016-10-13,DIS,90.94999694824219,91.36000061035156,90.31999969482422,91.12000274658203,84.59877014160156,5725200.0
2016-10-14,DIS,91.7699966430664,91.7699966430664,91.29000091552734,91.30000305175781,84.7658920288086,4345700.0
2016-10-17,DIS,91.3499984741211,91.47000122070312,90.55999755859375,90.83000183105469,84.32952880859375,5134600.0
2016-10-18,DIS,91.4000015258789,91.73999786376953,90.9800033569336,91.16999816894531,84.64518737792969,4890800.0
2016-10-19,DIS,91.2699966430664,92.13999938964844,91.0,91.93000030517578,85.3508071899414,6140500.0
2016-10-20,DIS,91.66000366210938,92.31999969482422,91.44000244140625,92.02999877929688,85.44364929199219,6153200.0
2016-10-21,DIS,91.33000183105469,94.19000244140625,90.5999984741211,93.02999877929688,86.3720703125,13814500.0
2016-10-24,DIS,93.48999786376953,94.1500015258789,92.80000305175781,93.37000274658203,86.68775177001953,7281000.0
2016-10-25,DIS,93.13999938964844,93.36000061035156,92.63999938964844,92.75,86.11211395263672,6380700.0
2016-10-26,DIS,92.38999938964844,93.72000122070312,91.9000015258789,93.48999786376953,86.79914855957031,7152800.0
2016-10-27,DIS,93.80000305175781,94.33999633789062,93.30999755859375,94.0199966430664,87.29122924804688,6647000.0
2016-10-28,DIS,93.88999938964844,94.4000015258789,93.52999877929688,93.8499984741211,87.13338470458984,7309100.0
2016-10-31,DIS,93.72000122070312,93.81999969482422,92.30999755859375,92.69000244140625,86.056396484375,9957600.0
2016-11-01,DIS,92.77999877929688,92.98999786376953,91.66000366210938,92.38999938964844,85.77788543701172,6449800.0
2016-11-02,DIS,91.91000366210938,92.55999755859375,91.69000244140625,91.91000366210938,85.33222198486328,6716200.0
2016-11-03,DIS,92.26000213623047,94.12999725341797,92.23999786376953,93.37000274658203,86.68775177001953,7751400.0
2016-11-04,DIS,93.5,93.79000091552734,92.36000061035156,92.44999694824219,85.83358764648438,7456500.0
2016-11-07,DIS,93.7699966430664,94.4800033569336,92.94999694824219,94.43000030517578,87.67188262939453,6996100.0
2016-11-08,DIS,94.52999877929688,94.8499984741211,93.9000015258789,94.37999725341797,87.6254653930664,6226900.0
2016-11-09,DIS,92.29000091552734,94.91999816894531,92.11000061035156,94.63999938964844,87.8668441772461,8635700.0
2016-11-10,DIS,94.88999938964844,96.05999755859375,94.2300033569336,94.95999908447266,88.16394805908203,13777900.0
2016-11-11,DIS,97.18000030517578,98.31999969482422,95.77999877929688,97.68000030517578,90.68929290771484,23008100.0
2016-11-14,DIS,97.55999755859375,98.30999755859375,97.44999694824219,97.91999816894531,90.912109375,13208400.0
2016-11-15,DIS,97.9000015258789,98.13999938964844,97.41999816894531,97.69999694824219,90.70785522460938,7184600.0
2016-11-16,DIS,98.33000183105469,99.16999816894531,98.0999984741211,99.12000274658203,92.02622985839844,9702400.0
2016-11-17,DIS,99.05000305175781,99.5,98.2699966430664,99.37000274658203,92.25834655761719,8662600.0
2016-11-18,DIS,99.05000305175781,99.37000274658203,98.13999938964844,98.23999786376953,91.2092056274414,8586100.0
2016-11-21,DIS,98.11000061035156,98.2699966430664,97.0,97.62999725341797,90.64285278320312,10771100.0
2016-11-22,DIS,97.4000015258789,97.93000030517578,97.2699966430664,97.70999908447266,90.7171401977539,5323700.0
2016-11-23,DIS,97.66999816894531,98.27999877929688,97.58999633789062,98.26000213623047,91.227783203125,5897400.0
2016-11-25,DIS,98.70999908447266,99.06999969482422,98.5,98.81999969482422,91.74771118164062,4396800.0
2016-11-28,DIS,98.5199966430664,99.19999694824219,98.31999969482422,98.97000122070312,91.88697052001953,7106700.0
2016-11-29,DIS,99.23999786376953,99.68000030517578,98.97000122070312,99.66999816894531,92.53685760498047,8396800.0
2016-11-30,DIS,99.4000015258789,100.29000091552734,99.0,99.12000274658203,92.02622985839844,11369200.0
2016-12-01,DIS,99.12999725341797,99.75,98.62000274658203,98.94000244140625,91.8591079711914,9958100.0
2016-12-02,DIS,98.79000091552734,99.08000183105469,98.25,98.5,91.45059967041016,7737200.0
2016-12-05,DIS,98.9800033569336,100.2699966430664,98.68000030517578,99.95999908447266,92.80609893798828,11331500.0
2016-12-06,DIS,99.94999694824219,100.72000122070312,99.81999969482422,100.66000366210938,93.45601654052734,8427500.0
2016-12-07,DIS,100.51000213623047,102.06999969482422,100.44000244140625,101.98999786376953,94.69083404541016,12255700.0
2016-12-08,DIS,101.47000122070312,103.95999908447266,101.47000122070312,103.37999725341797,96.72105407714844,16524800.0
2016-12-09,DIS,103.48999786376953,105.5199966430664,103.18000030517578,104.86000061035156,98.10572814941406,12173900.0
2016-12-12,DIS,104.61000061035156,104.69999694824219,103.7300033569336,104.05999755859375,97.35725402832031,7880200.0
2016-12-13,DIS,104.19999694824219,104.30999755859375,103.70999908447266,103.8499984741211,97.1607894897461,7393200.0
2016-12-14,DIS,103.62000274658203,104.41000366210938,103.5,104.05000305175781,97.34790802001953,7961900.0
2016-12-15,DIS,103.8499984741211,105.63999938964844,103.81999969482422,104.38999938964844,97.66600036621094,8745400.0
2016-12-16,DIS,104.70999908447266,104.7300033569336,103.75,103.91000366210938,97.2169189453125,12635500.0
2016-12-19,DIS,105.69999694824219,106.26000213623047,105.06999969482422,105.30000305175781,98.51738739013672,11475600.0
2016-12-20,DIS,105.63999938964844,106.19999694824219,105.05999755859375,105.45999908447266,98.6670913696289,8947300.0
2016-12-21,DIS,104.61000061035156,105.91000366210938,104.51000213623047,105.55999755859375,98.76063537597656,5202400.0
2016-12-22,DIS,104.95999908447266,105.48999786376953,104.69999694824219,105.41999816894531,98.62964630126953,5230800.0
2016-12-23,DIS,105.23999786376953,105.33999633789062,104.75,105.1500015258789,98.3770523071289,3238800.0
2016-12-27,DIS,104.8499984741211,105.55999755859375,104.77999877929688,105.16999816894531,98.395751953125,3639500.0
2016-12-28,DIS,104.98999786376953,105.31999969482422,104.05999755859375,104.30000305175781,97.58177947998047,5178600.0
2016-12-29,DIS,104.2300033569336,104.7699966430664,103.87000274658203,104.55999755859375,97.8250503540039,5896800.0
2016-12-30,DIS,104.56999969482422,105.0,103.95999908447266,104.22000122070312,97.50695037841797,6983300.0
2017-01-03,DIS,105.30000305175781,106.9000015258789,105.20999908447266,106.08000183105469,99.24714660644531,8884300.0
2017-01-04,DIS,106.63999938964844,107.5,106.25,107.44000244140625,100.5195541381836,8322000.0
2017-01-05,DIS,107.16999816894531,107.62000274658203,106.79000091552734,107.37999725341797,100.46339416503906,6303000.0
2017-01-06,DIS,108.0199966430664,109.3499984741211,107.75,108.9800033569336,101.96034240722656,9551300.0
2017-01-09,DIS,108.58000183105469,108.83000183105469,108.11000061035156,108.36000061035156,101.38027954101562,6195200.0
2017-01-10,DIS,107.9000015258789,108.81999969482422,107.3499984741211,108.37999725341797,101.39900207519531,7901900.0
2017-01-11,DIS,108.54000091552734,109.48999786376953,108.37999725341797,109.44000244140625,102.3907241821289,7616800.0
2017-01-12,DIS,108.12000274658203,109.0,107.43000030517578,107.52999877929688,100.60374450683594,8218900.0
2017-01-13,DIS,107.16000366210938,108.3499984741211,106.9000015258789,108.05999755859375,101.09959411621094,6489000.0
2017-01-17,DIS,107.91000366210938,108.93000030517578,107.6500015258789,107.97000122070312,101.0154037475586,7586500.0
2017-01-18,DIS,106.93000030517578,108.4000015258789,106.80999755859375,108.16000366210938,101.19316101074219,7162900.0
2017-01-19,DIS,107.91999816894531,108.01000213623047,107.08000183105469,107.27999877929688,100.36985778808594,5350200.0
2017-01-20,DIS,107.3499984741211,107.81999969482422,107.18000030517578,107.66000366210938,100.72537231445312,5649000.0
2017-01-23,DIS,107.33999633789062,107.68000030517578,106.56999969482422,107.12000274658203,100.22015380859375,5716600.0
2017-01-24,DIS,107.19999694824219,108.05999755859375,107.08000183105469,107.9000015258789,100.94992065429688,5456100.0
2017-01-25,DIS,108.2300033569336,108.41999816894531,108.0,108.04000091552734,101.08088684082031,6180200.0
2017-01-26,DIS,108.20999908447266,108.62000274658203,107.9800033569336,108.05999755859375,101.09959411621094,6088100.0
2017-01-27,DIS,108.48999786376953,109.4000015258789,108.1500015258789,109.30000305175781,102.25973510742188,5578300.0
2017-01-30,DIS,109.86000061035156,111.05000305175781,108.95999908447266,110.94000244140625,103.79410552978516,13793600.0
2017-01-31,DIS,110.58999633789062,110.80000305175781,109.9800033569336,110.6500015258789,103.52278137207031,8485800.0
2017-02-01,DIS,110.70999908447266,111.98999786376953,110.68000030517578,111.30000305175781,104.13091278076172,10501300.0
2017-02-02,DIS,111.20999908447266,111.54000091552734,110.55000305175781,110.61000061035156,103.4853515625,6515900.0
2017-02-03,DIS,110.9000015258789,111.1500015258789,110.20999908447266,110.30000305175781,103.1953353881836,7923400.0
2017-02-06,DIS,109.91999816894531,110.1500015258789,109.30000305175781,109.56999969482422,102.51234436035156,6896300.0
2017-02-07,DIS,109.6500015258789,109.7300033569336,108.7699966430664,109.0,101.97906494140625,10184800.0
2017-02-08,DIS,109.55999755859375,111.41999816894531,108.9800033569336,109.0,101.97906494140625,13615500.0
2017-02-09,DIS,109.0,109.8499984741211,109.0,109.48999786376953,102.4375,6369700.0
2017-02-10,DIS,109.3499984741211,109.80000305175781,108.58000183105469,109.26000213623047,102.2223129272461,7671800.0
2017-02-13,DIS,108.94999694824219,109.9000015258789,108.9000015258789,109.6500015258789,102.58719635009766,5653200.0
2017-02-14,DIS,109.80000305175781,110.33000183105469,109.52999877929688,110.33000183105469,103.223388671875,4768700.0
2017-02-15,DIS,109.91000366210938,110.68000030517578,109.80000305175781,110.18000030517578,103.08303833007812,7087100.0
2017-02-16,DIS,110.33999633789062,110.87000274658203,110.08999633789062,110.70999908447266,103.57891845703125,7179600.0
2017-02-17,DIS,110.23999786376953,110.5,109.5199966430664,110.05999755859375,102.97078704833984,6349200.0
2017-02-21,DIS,109.94000244140625,110.20999908447266,109.80000305175781,110.01000213623047,102.92399597167969,5432700.0
2017-02-22,DIS,109.69000244140625,110.27999877929688,109.52999877929688,110.12000274658203,103.02690887451172,5478400.0
2017-02-23,DIS,110.30000305175781,110.48999786376953,109.58999633789062,109.7300033569336,102.66205596923828,5470400.0
2017-02-24,DIS,109.62000274658203,110.31999969482422,109.0999984741211,110.31999969482422,103.21403503417969,4786800.0
2017-02-27,DIS,109.93000030517578,110.47000122070312,109.83000183105469,110.2300033569336,103.12982940673828,3547700.0
2017-02-28,DIS,110.0,110.4000015258789,109.83000183105469,110.08999633789062,102.99884033203125,4766000.0
2017-03-01,DIS,110.66000366210938,111.80000305175781,110.66000366210938,111.04000091552734,103.88766479492188,7418100.0
2017-03-02,DIS,111.0,111.20999908447266,110.44999694824219,110.58999633789062,103.46662139892578,4715600.0
2017-03-03,DIS,110.58999633789062,111.5,110.04000091552734,111.23999786376953,104.07476806640625,5837900.0
2017-03-06,DIS,110.7699966430664,110.9800033569336,110.08999633789062,110.66999816894531,103.54148864746094,4983200.0
2017-03-07,DIS,110.69999694824219,110.93000030517578,110.16000366210938,110.86000061035156,103.71925354003906,5114400.0
2017-03-08,DIS,110.87000274658203,111.31999969482422,110.66000366210938,110.83999633789062,103.7005386352539,4929900.0
2017-03-09,DIS,110.9000015258789,111.31999969482422,110.69000244140625,111.02999877929688,103.87830352783203,4005700.0
2017-03-10,DIS,111.4000015258789,111.5,110.69000244140625,110.91999816894531,103.77538299560547,4027400.0
2017-03-13,DIS,110.91999816894531,111.68000030517578,110.81999969482422,111.5199966430664,104.33673858642578,5213600.0
2017-03-14,DIS,111.7300033569336,112.88999938964844,111.72000122070312,112.30999755859375,105.07585906982422,7273500.0
2017-03-15,DIS,112.43000030517578,112.44999694824219,111.1500015258789,111.87000274658203,104.66419219970703,5319500.0
2017-03-16,DIS,112.18000030517578,112.31999969482422,111.4000015258789,111.70999908447266,104.51449584960938,4409400.0
2017-03-17,DIS,111.87000274658203,112.08999633789062,111.18000030517578,111.76000213623047,104.56129455566406,9061200.0
2017-03-20,DIS,112.06999969482422,113.16000366210938,112.05000305175781,112.70999908447266,105.4500961303711,8156300.0
2017-03-21,DIS,112.97000122070312,113.0999984741211,111.54000091552734,111.75,104.55192565917969,7109800.0
2017-03-22,DIS,111.8499984741211,112.18000030517578,111.3499984741211,112.08000183105469,104.86067199707031,5044700.0
2017-03-23,DIS,111.70999908447266,112.9800033569336,111.66000366210938,112.23999786376953,105.01036071777344,8307900.0
2017-03-24,DIS,112.4000015258789,112.58000183105469,111.68000030517578,112.13999938964844,104.91680145263672,4707300.0
2017-03-27,DIS,111.80999755859375,112.55000305175781,111.44999694824219,112.37999725341797,105.1413345336914,4469800.0
2017-03-28,DIS,112.5999984741211,113.23999786376953,112.0199966430664,113.05000305175781,105.76819610595703,6280900.0
2017-03-29,DIS,112.66000366210938,112.94000244140625,112.30999755859375,112.52999877929688,105.28167724609375,3781200.0
2017-03-30,DIS,112.52999877929688,113.30000305175781,112.27999877929688,113.18000030517578,105.88981628417969,4192800.0
2017-03-31,DIS,113.0,113.70999908447266,112.94999694824219,113.38999938964844,106.08629608154297,4617400.0
2017-04-03,DIS,113.18000030517578,113.6500015258789,112.43000030517578,113.19999694824219,105.90851593017578,4643300.0
2017-04-04,DIS,113.1500015258789,113.55000305175781,112.83000183105469,113.04000091552734,105.75882720947266,3386100.0
2017-04-05,DIS,113.58000183105469,113.83999633789062,112.79000091552734,113.0,105.72140502929688,4795100.0
2017-04-06,DIS,112.8499984741211,113.41999816894531,112.38999938964844,113.05000305175781,105.76819610595703,4744000.0
2017-04-07,DIS,112.81999969482422,113.27999877929688,112.52999877929688,112.58000183105469,105.32846069335938,4300700.0
2017-04-10,DIS,112.80000305175781,112.88999938964844,112.04000091552734,112.43000030517578,105.18812561035156,4053600.0
2017-04-11,DIS,113.68000030517578,113.83000183105469,112.58999633789062,113.06999969482422,105.78689575195312,5230800.0
2017-04-12,DIS,113.02999877929688,113.27999877929688,112.76000213623047,113.04000091552734,105.75882720947266,4086300.0
2017-04-13,DIS,113.04000091552734,114.25,112.98999786376953,113.19999694824219,105.90851593017578,6530800.0
2017-04-17,DIS,113.33000183105469,113.94000244140625,113.22000122070312,113.77999877929688,106.45117950439453,5120200.0
2017-04-18,DIS,113.4800033569336,114.75,113.0,114.19000244140625,106.83476257324219,6191100.0
2017-04-19,DIS,114.55999755859375,115.0,113.54000091552734,113.7300033569336,106.40438842773438,5303400.0
2017-04-20,DIS,114.16999816894531,115.05000305175781,113.87000274658203,114.79000091552734,107.39611053466797,5279300.0
2017-04-21,DIS,114.37999725341797,115.12000274658203,114.2699966430664,114.44000244140625,107.06865692138672,6654500.0
2017-04-24,DIS,115.26000213623047,115.37999725341797,113.66000366210938,113.69999694824219,106.3763198852539,7294600.0
2017-04-25,DIS,113.7300033569336,115.5199966430664,113.68000030517578,115.18000030517578,107.76099395751953,6918300.0
2017-04-26,DIS,115.4000015258789,115.95999908447266,114.86000061035156,115.58000183105469,108.1352310180664,4809800.0
2017-04-27,DIS,115.80000305175781,116.0999984741211,115.38999938964844,115.83999633789062,108.37848663330078,3910800.0
2017-04-28,DIS,115.87000274658203,115.9000015258789,115.23999786376953,115.5999984741211,108.1539535522461,3987600.0
2017-05-01,DIS,115.58999633789062,115.61000061035156,114.72000122070312,114.7300033569336,107.33997344970703,4963300.0
2017-05-02,DIS,114.87000274658203,114.98999786376953,113.68000030517578,114.37000274658203,107.003173828125,6604600.0
2017-05-03,DIS,114.02999877929688,114.08999633789062,111.18000030517578,111.62000274658203,104.4302978515625,11521200.0
2017-05-04,DIS,110.58000183105469,111.30000305175781,109.05999755859375,111.16999816894531,104.00929260253906,10691200.0
2017-05-05,DIS,111.48999786376953,112.1500015258789,110.91999816894531,111.98999786376953,104.77647399902344,5871400.0
2017-05-08,DIS,112.38999938964844,112.38999938964844,111.0,111.41999816894531,104.24317169189453,5980100.0
2017-05-09,DIS,111.55000305175781,112.1500015258789,110.3499984741211,112.06999969482422,104.8512954711914,9337400.0
2017-05-10,DIS,109.0,109.66000366210938,108.12999725341797,109.66000366210938,102.59654998779297,17061100.0
2017-05-11,DIS,109.73999786376953,110.01000213623047,108.5,109.58000183105469,102.52169799804688,8021300.0
2017-05-12,DIS,109.80000305175781,109.88999938964844,109.2699966430664,109.69000244140625,102.6246109008789,5067700.0
2017-05-15,DIS,109.7300033569336,110.08000183105469,109.12000274658203,109.12999725341797,102.10067749023438,6241300.0
2017-05-16,DIS,109.12999725341797,109.2300033569336,107.81999969482422,107.9800033569336,101.0247573852539,10047100.0
2017-05-17,DIS,107.9800033569336,107.9800033569336,105.2300033569336,106.30999755859375,99.46232604980469,12763200.0
2017-05-18,DIS,105.9800033569336,107.30999755859375,105.9800033569336,106.68000030517578,99.8084945678711,6532200.0
2017-05-19,DIS,106.76000213623047,107.86000061035156,106.69999694824219,107.5199966430664,100.59437561035156,6336700.0
2017-05-22,DIS,107.6500015258789,108.19999694824219,107.41000366210938,107.62999725341797,100.69729614257812,5487200.0
2017-05-23,DIS,107.68000030517578,107.80000305175781,106.91000366210938,107.0199966430664,100.12659454345703,7542600.0
2017-05-24,DIS,107.1500015258789,107.83000183105469,106.93000030517578,107.70999908447266,100.77215576171875,4366700.0
2017-05-25,DIS,108.12999725341797,108.12999725341797,106.77999877929688,107.2699966430664,100.36048889160156,8030400.0
2017-05-26,DIS,107.70999908447266,108.48999786376953,107.4800033569336,108.41000366210938,101.42707824707031,6236800.0
2017-05-30,DIS,108.48999786376953,108.5999984741211,107.94999694824219,108.33999633789062,101.36155700683594,4813400.0
2017-05-31,DIS,108.4000015258789,108.6500015258789,107.63999938964844,107.94000244140625,100.98734283447266,9963600.0
2017-06-01,DIS,107.7300033569336,108.20999908447266,107.16999816894531,108.20999908447266,101.23993682861328,5907400.0
2017-06-02,DIS,108.45999908447266,108.63999938964844,106.94999694824219,107.18000030517578,100.27629089355469,10876900.0
2017-06-05,DIS,107.04000091552734,107.22000122070312,106.11000061035156,106.5199966430664,99.65880584716797,6372800.0
2017-06-06,DIS,106.16999816894531,106.19000244140625,104.61000061035156,105.5,98.70450592041016,9589500.0
2017-06-07,DIS,105.79000091552734,106.25,105.54000091552734,105.91999816894531,99.09744262695312,5777700.0
2017-06-08,DIS,105.91999816894531,105.91999816894531,104.16000366210938,104.31999969482422,97.60051727294922,11002400.0
2017-06-09,DIS,104.27999877929688,105.91999816894531,104.08000183105469,105.62000274658203,98.8167724609375,9392500.0
2017-06-12,DIS,105.62000274658203,107.19999694824219,105.62000274658203,107.04000091552734,100.14531707763672,8049500.0
2017-06-13,DIS,107.13999938964844,107.26000213623047,106.16000366210938,106.55999755859375,99.69621276855469,4918900.0
2017-06-14,DIS,106.94999694824219,107.01000213623047,105.76000213623047,106.13999938964844,99.30327606201172,4781100.0
2017-06-15,DIS,105.94000244140625,106.16000366210938,105.2300033569336,105.9800033569336,99.15359497070312,5309900.0
2017-06-16,DIS,106.27999877929688,106.3499984741211,104.7699966430664,105.51000213623047,98.71385955810547,8683400.0
2017-06-19,DIS,105.5999984741211,106.0,105.19000244140625,105.37000274658203,98.58287048339844,5956200.0
2017-06-20,DIS,105.06999969482422,105.30000305175781,103.80999755859375,103.94000244140625,97.24497985839844,7895700.0
2017-06-21,DIS,104.38999938964844,105.08000183105469,103.54000091552734,104.80000305175781,98.0495834350586,7765700.0
2017-06-22,DIS,104.70999908447266,104.7699966430664,104.08999633789062,104.22000122070312,97.50695037841797,6156000.0
2017-06-23,DIS,103.83000183105469,104.58000183105469,103.16999816894531,104.36000061035156,97.63792419433594,18147900.0
2017-06-26,DIS,104.5999984741211,105.8499984741211,104.55999755859375,105.56999969482422,98.76998901367188,5867000.0
2017-06-27,DIS,105.33000183105469,106.1500015258789,105.13999938964844,105.41000366210938,98.62030029296875,5694500.0
2017-06-28,DIS,106.0199966430664,107.54000091552734,104.5199966430664,106.86000061035156,99.97689056396484,7874400.0
2017-06-29,DIS,106.80000305175781,107.41000366210938,105.33000183105469,105.70999908447266,98.90097045898438,7268700.0
2017-06-30,DIS,106.25,106.55999755859375,105.5,106.25,99.40619659423828,5113800.0
2017-07-03,DIS,106.76000213623047,108.62000274658203,106.76000213623047,107.45999908447266,100.53825378417969,5399400.0
2017-07-05,DIS,107.83000183105469,107.8499984741211,105.29000091552734,105.62999725341797,98.82611846923828,8049700.0
2017-07-06,DIS,104.61000061035156,104.69000244140625,102.94000244140625,103.3499984741211,97.41230773925781,8690800.0
2017-07-07,DIS,103.51000213623047,103.7300033569336,102.72000122070312,103.31999969482422,97.38402557373047,6030900.0
2017-07-10,DIS,103.30000305175781,103.91000366210938,102.87000274658203,103.58999633789062,97.63850402832031,4421300.0
2017-07-11,DIS,103.5999984741211,104.19000244140625,103.19000244140625,103.83999633789062,97.87415313720703,4557300.0
2017-07-12,DIS,104.33999633789062,104.6500015258789,103.6500015258789,104.37999725341797,98.38312530517578,5203300.0
2017-07-13,DIS,104.44999694824219,105.33999633789062,104.04000091552734,104.29000091552734,98.29830169677734,5339500.0
2017-07-14,DIS,104.43000030517578,105.25,104.41000366210938,105.08999633789062,99.05233001708984,4370300.0
2017-07-17,DIS,105.16999816894531,105.41999816894531,104.70999908447266,104.79000091552734,98.76956939697266,3973800.0
2017-07-18,DIS,104.5999984741211,105.80000305175781,104.30999755859375,105.75,99.67442321777344,5740500.0
2017-07-19,DIS,106.12999725341797,106.87000274658203,106.05000305175781,106.81999969482422,100.68294525146484,5789400.0
2017-07-20,DIS,106.98999786376953,107.70999908447266,106.75,107.36000061035156,101.1919174194336,6185500.0
2017-07-21,DIS,107.0999984741211,107.33000183105469,106.80999755859375,107.08999633789062,100.93743133544922,4328500.0
2017-07-24,DIS,107.30999755859375,107.54000091552734,106.9000015258789,107.0,100.85260772705078,4615500.0
2017-07-25,DIS,107.5999984741211,107.73999786376953,106.19999694824219,106.41999816894531,100.3059310913086,5394700.0
2017-07-26,DIS,106.55000305175781,107.02999877929688,106.30999755859375,106.94000244140625,100.79605865478516,4149000.0
2017-07-27,DIS,107.69000244140625,110.0,107.44000244140625,110.0,103.68025207519531,10468700.0
2017-07-28,DIS,109.9800033569336,110.19000244140625,109.66999816894531,109.95999908447266,103.64254760742188,4864500.0
2017-07-31,DIS,110.0199966430664,110.13999938964844,109.33999633789062,109.93000030517578,103.61427307128906,6815300.0
2017-08-01,DIS,109.9800033569336,110.83000183105469,109.94999694824219,110.61000061035156,104.25519561767578,5987200.0
2017-08-02,DIS,109.87999725341797,109.87999725341797,107.5199966430664,108.66999816894531,102.4266586303711,8812700.0
2017-08-03,DIS,108.5199966430664,109.16999816894531,108.05000305175781,109.12000274658203,102.8508071899414,6895800.0
2017-08-04,DIS,108.2300033569336,108.5,107.31999969482422,107.69000244140625,101.5029525756836,8503800.0
2017-08-07,DIS,107.58999633789062,107.6500015258789,106.11000061035156,106.3499984741211,100.23994445800781,8093100.0
2017-08-08,DIS,106.55000305175781,107.13999938964844,106.18000030517578,106.9800033569336,100.83375549316406,9787100.0
2017-08-09,DIS,100.70999908447266,103.0,100.5,102.83000183105469,96.92218780517578,27877600.0
2017-08-10,DIS,102.5,102.81999969482422,101.22000122070312,101.3499984741211,95.52720642089844,12259900.0
2017-08-11,DIS,101.25,102.51000213623047,101.02999877929688,101.98999786376953,96.13043975830078,9410400.0
2017-08-14,DIS,102.80000305175781,102.80999755859375,101.26000213623047,101.4000015258789,95.57434844970703,9707300.0
2017-08-15,DIS,101.62999725341797,102.0999984741211,101.36000061035156,101.51000213623047,95.67801666259766,8868500.0
2017-08-16,DIS,101.83999633789062,102.6500015258789,101.72000122070312,102.19999694824219,96.328369140625,6698800.0
2017-08-17,DIS,102.23999786376953,102.58999633789062,101.33999633789062,101.37999725341797,95.55548858642578,6612400.0
2017-08-18,DIS,101.31999969482422,101.73999786376953,100.66000366210938,100.69999694824219,94.91454315185547,6893900.0
2017-08-21,DIS,100.63999938964844,101.41999816894531,100.52999877929688,101.16999816894531,95.35755157470703,6492700.0
2017-08-22,DIS,101.41000366210938,102.91000366210938,101.16999816894531,102.7699966430664,96.8656234741211,6888700.0
2017-08-23,DIS,102.4800033569336,102.9800033569336,101.4800033569336,101.5,95.66858673095703,5954400.0
2017-08-24,DIS,101.81999969482422,102.02999877929688,101.43000030517578,101.5199966430664,95.68744659423828,6976600.0
2017-08-25,DIS,101.69000244140625,102.69000244140625,101.55999755859375,102.41000366210938,96.52632141113281,6186900.0
2017-08-28,DIS,102.48999786376953,102.8499984741211,102.08000183105469,102.55999755859375,96.66769409179688,5630400.0
2017-08-29,DIS,102.0,102.98999786376953,101.81999969482422,102.56999969482422,96.6771240234375,6011700.0
2017-08-30,DIS,102.4800033569336,103.44999694824219,102.4800033569336,102.87000274658203,96.95989227294922,6573200.0
2017-08-31,DIS,103.0,103.19000244140625,101.0,101.19999694824219,95.38582611083984,9823800.0
2017-09-01,DIS,101.6500015258789,101.91999816894531,101.36000061035156,101.5,95.66858673095703,7827400.0
2017-09-05,DIS,102.0,102.55000305175781,100.9000015258789,101.5999984741211,95.76284790039062,9346100.0
2017-09-06,DIS,101.76000213623047,102.04000091552734,100.88999938964844,101.5,95.66858673095703,7531000.0
2017-09-07,DIS,101.55000305175781,101.86000061035156,96.19999694824219,97.05999755859375,91.48367309570312,26419400.0
2017-09-08,DIS,96.48999786376953,97.48999786376953,96.26000213623047,97.06999969482422,91.49309539794922,13147700.0
2017-09-11,DIS,97.9000015258789,98.0199966430664,96.95999908447266,97.08999633789062,91.51195526123047,9610300.0
2017-09-12,DIS,97.58999633789062,98.36000061035156,97.12999725341797,97.88999938964844,92.26599884033203,9151700.0
2017-09-13,DIS,98.23999786376953,98.94999694824219,98.0199966430664,98.81999969482422,93.14257049560547,7615300.0
2017-09-14,DIS,98.79000091552734,98.83999633789062,97.54000091552734,97.9000015258789,92.2754135131836,9710000.0
2017-09-15,DIS,98.05000305175781,98.93000030517578,98.0,98.5199966430664,92.85979461669922,23870300.0
2017-09-18,DIS,98.38999938964844,98.72000122070312,97.72000122070312,98.0999984741211,92.46392059326172,7013600.0
2017-09-19,DIS,98.2300033569336,98.66999816894531,98.08000183105469,98.43000030517578,92.77497100830078,6970300.0
2017-09-20,DIS,98.76000213623047,99.27999877929688,98.62000274658203,99.20999908447266,93.5101547241211,6459100.0
2017-09-21,DIS,99.19000244140625,99.38999938964844,98.75,98.88999938964844,93.20854187011719,4958000.0
2017-09-22,DIS,98.55000305175781,98.98999786376953,98.52999877929688,98.5999984741211,92.93518829345703,6359100.0
2017-09-25,DIS,98.5999984741211,99.6500015258789,98.41999816894531,99.56999969482422,93.84947204589844,7492500.0
2017-09-26,DIS,99.63999938964844,99.73999786376953,98.61000061035156,98.62999725341797,92.96347045898438,6220500.0
2017-09-27,DIS,98.97000122070312,99.52999877929688,98.0199966430664,99.23999786376953,93.53842163085938,7596600.0
2017-09-28,DIS,98.7699966430664,99.05000305175781,98.0,98.05000305175781,92.41680908203125,7149600.0
2017-09-29,DIS,97.88999938964844,98.58999633789062,97.66000366210938,98.56999969482422,92.90692138671875,8185900.0
2017-10-02,DIS,99.30999755859375,100.44000244140625,99.11000061035156,99.86000061035156,94.122802734375,6923300.0
2017-10-03,DIS,100.05000305175781,100.8499984741211,99.91000366210938,100.79000091552734,94.99937438964844,5447700.0
2017-10-04,DIS,100.73999786376953,100.93000030517578,100.19999694824219,100.55000305175781,94.77317810058594,5126100.0
2017-10-05,DIS,100.63999938964844,100.87000274658203,100.0199966430664,100.11000061035156,94.35846710205078,4736700.0
2017-10-06,DIS,99.94999694824219,100.2699966430664,99.33999633789062,100.06999969482422,94.32073974609375,4360200.0
2017-10-09,DIS,100.80999755859375,100.9800033569336,99.44999694824219,99.56999969482422,93.84947204589844,5429600.0
2017-10-10,DIS,99.98999786376953,100.06999969482422,98.66000366210938,99.58000183105469,93.85890197753906,7704400.0
2017-10-11,DIS,99.58000183105469,99.58000183105469,98.05000305175781,98.55000305175781,92.8880844116211,7984000.0
2017-10-12,DIS,97.55999755859375,97.81999969482422,96.80999755859375,96.93000030517578,91.36116027832031,11018200.0
2017-10-13,DIS,96.80000305175781,97.68000030517578,96.80000305175781,97.37999725341797,91.78529357910156,6858000.0
2017-10-16,DIS,97.63999938964844,98.2699966430664,97.54000091552734,98.12999725341797,92.4921875,4911600.0
2017-10-17,DIS,98.4000015258789,98.47000122070312,97.86000061035156,98.36000061035156,92.7090072631836,5942500.0
2017-10-18,DIS,98.36000061035156,98.48999786376953,97.55000305175781,98.25,92.60530853271484,5404300.0
2017-10-19,DIS,98.19000244140625,99.30000305175781,98.11000061035156,99.01000213623047,93.3216552734375,5634300.0
2017-10-20,DIS,99.44999694824219,99.66000366210938,98.94000244140625,99.4000015258789,93.6892318725586,5938700.0
2017-10-23,DIS,99.12000274658203,99.18000030517578,98.62999725341797,98.69999694824219,93.02945709228516,5888200.0
2017-10-24,DIS,98.5199966430664,98.86000061035156,98.05999755859375,98.29000091552734,92.64301300048828,4966200.0
2017-10-25,DIS,98.05000305175781,98.22000122070312,97.44999694824219,97.80000305175781,92.18116760253906,5144400.0
2017-10-26,DIS,97.58000183105469,99.4800033569336,97.25,98.55999755859375,92.89749908447266,6167500.0
2017-10-27,DIS,97.9000015258789,98.36000061035156,96.88999938964844,98.30999755859375,92.661865234375,7868700.0
2017-10-30,DIS,98.12000274658203,98.33000183105469,97.69999694824219,98.04000091552734,92.4073715209961,7093200.0
2017-10-31,DIS,97.94000244140625,98.08999633789062,97.37999725341797,97.80999755859375,92.19058227539062,5701700.0
2017-11-01,DIS,98.12999725341797,99.45999908447266,98.0,99.02999877929688,93.34049987792969,6920400.0
2017-11-02,DIS,98.87000274658203,99.12000274658203,98.0199966430664,98.3499984741211,92.6995620727539,6799200.0
2017-11-03,DIS,98.36000061035156,99.37999725341797,97.9000015258789,98.63999938964844,92.97290802001953,5416900.0
2017-11-06,DIS,98.37000274658203,101.12999725341797,98.3499984741211,100.63999938964844,94.85800170898438,14728700.0
2017-11-07,DIS,101.29000091552734,102.9000015258789,100.73999786376953,101.61000061035156,95.77227783203125,12177500.0
2017-11-08,DIS,101.87999725341797,102.0,100.41999816894531,101.18000030517578,95.36697387695312,8023200.0
2017-11-09,DIS,100.83000183105469,103.91000366210938,100.80000305175781,102.68000030517578,96.78079223632812,13172500.0
2017-11-10,DIS,104.98999786376953,106.23999786376953,104.08000183105469,104.77999877929688,98.76014709472656,16701500.0
2017-11-13,DIS,104.13999938964844,105.13999938964844,103.9800033569336,104.73999786376953,98.72244262695312,7856000.0
2017-11-14,DIS,104.56999969482422,104.56999969482422,103.0,103.16999816894531,97.24264526367188,6929300.0
2017-11-15,DIS,102.75,103.95999908447266,102.44999694824219,103.69000244140625,97.73277282714844,5691500.0
2017-11-16,DIS,103.62999725341797,103.9800033569336,102.76000213623047,103.5999984741211,97.64794158935547,6410900.0
2017-11-17,DIS,103.22000122070312,103.98999786376953,102.97000122070312,103.44000244140625,97.49713134765625,7500800.0
2017-11-20,DIS,103.41999816894531,103.41999816894531,102.69999694824219,102.75,96.8467788696289,5112600.0
2017-11-21,DIS,102.97000122070312,103.16999816894531,102.79000091552734,103.0,97.08240509033203,5725900.0
2017-11-22,DIS,103.22000122070312,103.31999969482422,102.69000244140625,102.73999786376953,96.83736419677734,4140700.0
2017-11-24,DIS,102.91000366210938,102.91999816894531,102.44999694824219,102.63999938964844,96.74309539794922,2217600.0
2017-11-27,DIS,102.62999725341797,102.97000122070312,102.37999725341797,102.79000091552734,96.88448333740234,4007500.0
2017-11-28,DIS,102.55999755859375,103.87999725341797,102.16999816894531,103.41000366210938,97.46886444091797,8401100.0
2017-11-29,DIS,103.5,106.26000213623047,103.43000030517578,105.23999786376953,99.19371795654297,14503100.0
2017-11-30,DIS,105.36000061035156,105.70999908447266,104.47000122070312,104.81999969482422,98.7978515625,9949000.0
2017-12-01,DIS,104.58000183105469,105.8499984741211,103.87000274658203,105.25,99.2031478881836,9258400.0
2017-12-04,DIS,106.5,112.66999816894531,106.5,110.22000122070312,103.88761901855469,17824000.0
2017-12-05,DIS,109.52999877929688,110.04000091552734,106.5199966430664,107.22000122070312,101.05996704101562,13055600.0
2017-12-06,DIS,107.16999816894531,107.98999786376953,105.36000061035156,105.45999908447266,99.40109252929688,8121700.0
2017-12-07,DIS,105.73999786376953,106.0,104.48999786376953,105.26000213623047,99.21257781982422,9948600.0
2017-12-08,DIS,104.91000366210938,104.9800033569336,104.08000183105469,104.2300033569336,99.03205108642578,6536600.0
2017-12-11,DIS,104.87000274658203,106.83999633789062,104.7699966430664,106.83000183105469,101.50238037109375,7434000.0
2017-12-12,DIS,107.13999938964844,107.83000183105469,106.58999633789062,107.43000030517578,102.07246398925781,8147000.0
2017-12-13,DIS,108.1500015258789,108.19000244140625,106.75,107.61000061035156,102.24349975585938,10368300.0
2017-12-14,DIS,107.29000091552734,111.54000091552734,107.19999694824219,110.56999969482422,105.05587768554688,27571300.0
2017-12-15,DIS,111.9800033569336,112.0,110.5999984741211,111.2699966430664,105.72095489501953,19978600.0
2017-12-18,DIS,111.83999633789062,111.98999786376953,110.30999755859375,111.02999877929688,105.49292755126953,12270000.0
2017-12-19,DIS,111.33000183105469,112.38999938964844,110.7699966430664,111.80999755859375,106.23402404785156,10546600.0
2017-12-20,DIS,111.62000274658203,112.30000305175781,109.69000244140625,109.69000244140625,104.2197494506836,8661100.0
2017-12-21,DIS,109.72000122070312,111.08999633789062,109.19000244140625,109.56999969482422,104.1057357788086,9372800.0
2017-12-22,DIS,109.48999786376953,109.69000244140625,108.44999694824219,108.66999816894531,103.25062561035156,7378400.0
2017-12-26,DIS,108.48999786376953,109.37000274658203,107.88999938964844,108.12000274658203,102.72805786132812,3982400.0
2017-12-27,DIS,108.41999816894531,108.55000305175781,107.45999908447266,107.63999938964844,102.27198791503906,5624000.0
2017-12-28,DIS,108.0,108.05000305175781,107.05999755859375,107.7699966430664,102.3955078125,3477700.0
2017-12-29,DIS,108.05000305175781,108.33999633789062,107.51000213623047,107.51000213623047,102.14846801757812,4538400.0
2018-01-02,DIS,108.94999694824219,111.80999755859375,108.55999755859375,111.80000305175781,106.22452545166016,11014300.0
2018-01-03,DIS,112.19000244140625,113.19000244140625,111.44999694824219,112.27999877929688,106.68058776855469,9237900.0
2018-01-04,DIS,112.94999694824219,113.0,111.62999725341797,112.2300033569336,106.63308715820312,7417400.0
2018-01-05,DIS,112.68000030517578,112.68000030517578,111.23999786376953,111.62000274658203,106.05350494384766,6008300.0
2018-01-08,DIS,110.88999938964844,111.27999877929688,109.54000091552734,110.0199966430664,104.53328704833984,8052600.0
2018-01-09,DIS,110.12999725341797,110.86000061035156,109.86000061035156,109.94000244140625,104.45729064941406,5838000.0
2018-01-10,DIS,109.95999908447266,110.5,109.01000213623047,109.47000122070312,104.01072692871094,6060000.0
2018-01-11,DIS,110.25,111.08000183105469,109.51000213623047,110.98999786376953,105.4549331665039,6427000.0
2018-01-12,DIS,111.31999969482422,112.72000122070312,111.0,112.47000122070312,106.86111450195312,5899900.0
2018-01-16,DIS,113.06999969482422,113.16000366210938,110.62000274658203,110.69000244140625,105.16989135742188,8069200.0
2018-01-17,DIS,111.19999694824219,112.20999908447266,110.56999969482422,111.97000122070312,106.38604736328125,7030700.0
2018-01-18,DIS,111.73999786376953,111.98999786376953,110.19999694824219,110.41999816894531,104.91336059570312,8070900.0
2018-01-19,DIS,110.97000122070312,111.08999633789062,109.83999633789062,110.58999633789062,105.0748519897461,10514300.0
2018-01-22,DIS,110.2699966430664,111.55999755859375,110.05999755859375,111.0999984741211,105.5594253540039,8073600.0
2018-01-23,DIS,110.2699966430664,111.13999938964844,109.88999938964844,110.41000366210938,104.90384674072266,7477300.0
2018-01-24,DIS,110.95999908447266,111.43000030517578,110.29000091552734,110.5,104.9893569946289,7211800.0
2018-01-25,DIS,110.5999984741211,111.81999969482422,110.12000274658203,110.55000305175781,105.03688049316406,6291000.0
2018-01-26,DIS,110.80999755859375,112.52999877929688,110.66999816894531,112.19000244140625,106.59508514404297,7743800.0
2018-01-29,DIS,112.0999984741211,112.44999694824219,111.23999786376953,111.54000091552734,105.97750091552734,6847800.0
2018-01-30,DIS,111.41999816894531,112.41999816894531,110.0999984741211,110.11000061035156,104.61881256103516,8393900.0
2018-01-31,DIS,110.08000183105469,110.12000274658203,108.47000122070312,108.66999816894531,103.25062561035156,9841400.0
2018-02-01,DIS,108.62000274658203,110.6500015258789,107.36000061035156,110.48999786376953,104.97984313964844,9518900.0
2018-02-02,DIS,109.94999694824219,110.58000183105469,108.44999694824219,108.69999694824219,103.27912139892578,9947700.0
2018-02-05,DIS,107.0999984741211,108.62999725341797,104.01000213623047,104.69999694824219,99.47860717773438,15107900.0
2018-02-06,DIS,102.87999725341797,106.19999694824219,101.76000213623047,106.16999816894531,100.87530517578125,17765100.0
2018-02-07,DIS,107.83000183105469,108.02999877929688,104.41000366210938,104.76000213623047,99.53561401367188,12445000.0
2018-02-08,DIS,105.47000122070312,105.81999969482422,101.19000244140625,101.3499984741211,96.29566955566406,12667500.0
2018-02-09,DIS,102.55000305175781,103.75,100.26000213623047,103.08999633789062,97.94889831542969,12479700.0
2018-02-12,DIS,103.93000030517578,104.63999938964844,102.0999984741211,103.38999938964844,98.23393249511719,9584700.0
2018-02-13,DIS,102.63999938964844,104.30999755859375,102.4000015258789,104.12000274658203,98.92753601074219,8447900.0
2018-02-14,DIS,103.48999786376953,104.76000213623047,102.69000244140625,104.5999984741211,99.38358306884766,7425700.0
2018-02-15,DIS,105.36000061035156,105.56999969482422,103.93000030517578,105.18000030517578,99.93467712402344,6494700.0
2018-02-16,DIS,105.19000244140625,107.3499984741211,105.19000244140625,106.52999877929688,101.21734619140625,8746400.0
2018-02-20,DIS,106.37000274658203,107.56999969482422,105.5199966430664,105.9800033569336,100.69477844238281,6734500.0
2018-02-21,DIS,106.0,106.91000366210938,105.0199966430664,105.05000305175781,99.81114959716797,6743300.0
2018-02-22,DIS,105.30999755859375,106.01000213623047,104.93000030517578,105.23999786376953,99.9916763305664,4462200.0
2018-02-23,DIS,105.75,107.36000061035156,105.43000030517578,107.25,101.90143585205078,6101100.0
2018-02-26,DIS,108.0,109.80999755859375,107.66999816894531,109.80999755859375,104.33377075195312,8138200.0
2018-02-27,DIS,108.0,108.16000366210938,104.8499984741211,104.87000274658203,99.64012908935547,14179600.0
2018-02-28,DIS,105.44999694824219,105.56999969482422,103.13999938964844,103.16000366210938,98.0154037475586,10760800.0
2018-03-01,DIS,103.19999694824219,104.02999877929688,101.33000183105469,102.56999969482422,97.454833984375,10487300.0
2018-03-02,DIS,102.0,103.16999816894531,101.44000244140625,102.98999786376953,97.85387420654297,7835400.0
2018-03-05,DIS,102.70999908447266,103.97000122070312,102.41999816894531,103.41000366210938,98.25294494628906,5736700.0
2018-03-06,DIS,104.0,104.94999694824219,103.51000213623047,104.94000244140625,99.70663452148438,6216200.0
2018-03-07,DIS,103.72000122070312,104.23999786376953,102.7699966430664,103.58999633789062,98.4239501953125,6214800.0
2018-03-08,DIS,103.98999786376953,104.58999633789062,103.47000122070312,104.02999877929688,98.84202575683594,6627000.0
2018-03-09,DIS,104.43000030517578,104.75,103.63999938964844,104.7300033569336,99.50711822509766,5618400.0
2018-03-12,DIS,104.72000122070312,105.94000244140625,104.72000122070312,105.16999816894531,99.92515563964844,6485300.0
2018-03-13,DIS,105.83000183105469,105.83000183105469,103.41999816894531,103.7300033569336,98.5569839477539,6716700.0
2018-03-14,DIS,104.52999877929688,104.6500015258789,103.47000122070312,103.9000015258789,98.71851348876953,6235900.0
2018-03-15,DIS,104.0,104.29000091552734,103.23999786376953,103.23999786376953,98.09141540527344,5174600.0
2018-03-16,DIS,103.55999755859375,104.2699966430664,102.83999633789062,102.87000274658203,97.73987579345703,10468000.0
2018-03-19,DIS,102.80000305175781,102.94999694824219,101.0,101.4800033569336,96.41919708251953,6528300.0
2018-03-20,DIS,101.54000091552734,102.1500015258789,100.75,101.3499984741211,96.29566955566406,8330300.0
2018-03-21,DIS,101.5,102.94000244140625,101.41999816894531,101.81999969482422,96.74223327636719,6136400.0
2018-03-22,DIS,101.29000091552734,101.63999938964844,100.41000366210938,100.5999984741211,95.58307647705078,8911600.0
2018-03-23,DIS,100.8499984741211,101.11000061035156,98.44999694824219,98.54000091552734,93.62580871582031,7505100.0
2018-03-26,DIS,99.86000061035156,100.77999877929688,99.08000183105469,100.6500015258789,95.63058471679688,7340100.0
2018-03-27,DIS,100.87999725341797,101.18000030517578,98.88999938964844,99.36000061035156,94.40491485595703,7193500.0
2018-03-28,DIS,99.5,100.08000183105469,98.1500015258789,98.54000091552734,93.62580871582031,9099700.0
2018-03-29,DIS,99.01000213623047,101.27999877929688,98.86000061035156,100.44000244140625,95.43106079101562,9343600.0
2018-04-02,DIS,100.18000030517578,100.98999786376953,97.77999877929688,98.66000366210938,93.73983001708984,8203700.0
2018-04-03,DIS,98.80000305175781,99.48999786376953,97.69999694824219,99.41999816894531,94.46192169189453,8484700.0
2018-04-04,DIS,98.43000030517578,101.1500015258789,97.76000213623047,100.94999694824219,95.91561889648438,8759200.0
2018-04-05,DIS,101.36000061035156,102.37999725341797,100.9800033569336,102.11000061035156,97.01776885986328,6612800.0
2018-04-06,DIS,101.62999725341797,102.19000244140625,99.44999694824219,100.3499984741211,95.34554290771484,7162400.0
2018-04-09,DIS,100.69999694824219,101.51000213623047,99.58000183105469,99.69999694824219,94.72794342041016,7094300.0
2018-04-10,DIS,100.91999816894531,101.52999877929688,100.31999969482422,101.37000274658203,96.31468200683594,8116800.0
2018-04-11,DIS,100.77999877929688,101.6500015258789,100.41000366210938,100.80000305175781,95.77310180664062,6305000.0
2018-04-12,DIS,101.41999816894531,101.51000213623047,99.68000030517578,100.38999938964844,95.383544921875,7337800.0
2018-04-13,DIS,101.0,101.5199966430664,100.16000366210938,100.3499984741211,95.34554290771484,6324600.0
2018-04-16,DIS,100.69000244140625,101.0,99.7300033569336,100.23999786376953,95.24102783203125,10328000.0
2018-04-17,DIS,101.19999694824219,102.58999633789062,100.75,102.16999816894531,97.07478332519531,9577400.0
2018-04-18,DIS,102.66999816894531,102.70999908447266,101.19999694824219,101.20999908447266,96.16265106201172,5822100.0
2018-04-19,DIS,101.0,101.58000183105469,100.22000122070312,100.88999938964844,95.85859680175781,6803400.0
2018-04-20,DIS,101.18000030517578,101.4000015258789,99.91000366210938,100.23999786376953,95.24102783203125,6396900.0
2018-04-23,DIS,100.55000305175781,100.72000122070312,99.52999877929688,100.1500015258789,95.155517578125,5889800.0
2018-04-24,DIS,100.58000183105469,100.8499984741211,98.86000061035156,99.45999908447266,94.49993133544922,6567700.0
2018-04-25,DIS,99.5,101.48999786376953,99.05000305175781,101.1500015258789,96.10564422607422,8977700.0
2018-04-26,DIS,101.2300033569336,101.37999725341797,99.73999786376953,99.83999633789062,94.86097717285156,8038400.0
2018-04-27,DIS,99.77999877929688,99.98999786376953,98.94000244140625,99.2300033569336,94.28140258789062,8038000.0
2018-04-30,DIS,100.41000366210938,101.37000274658203,100.12000274658203,100.33000183105469,95.32653045654297,8558900.0
2018-05-01,DIS,100.18000030517578,100.69999694824219,98.93000030517578,100.05999755859375,95.06999206542969,6716200.0
2018-05-02,DIS,100.16999816894531,100.72000122070312,99.25,99.62000274658203,94.65196228027344,9286400.0
2018-05-03,DIS,99.11000061035156,99.25,97.68000030517578,98.76000213623047,93.8348388671875,10450800.0
2018-05-04,DIS,98.70999908447266,101.3499984741211,98.58000183105469,101.1500015258789,96.10564422607422,9980100.0
2018-05-07,DIS,102.3499984741211,102.68000030517578,101.72000122070312,102.4800033569336,97.36930847167969,10181100.0
2018-05-08,DIS,101.19999694824219,102.63999938964844,100.83999633789062,101.79000091552734,96.71373748779297,14229500.0
2018-05-09,DIS,102.25,102.2699966430664,99.30000305175781,99.97000122070312,94.98448944091797,18345700.0
2018-05-10,DIS,100.41999816894531,102.06999969482422,100.30000305175781,101.68000030517578,96.60920715332031,8927300.0
2018-05-11,DIS,101.88999938964844,102.20999908447266,101.26000213623047,102.06999969482422,96.9797592163086,7036000.0
2018-05-14,DIS,102.44000244140625,103.48999786376953,101.9800033569336,102.44000244140625,97.33131408691406,9891900.0
2018-05-15,DIS,102.44000244140625,103.31999969482422,102.0999984741211,102.91999816894531,97.7873764038086,5762400.0
2018-05-16,DIS,103.25,105.04000091552734,103.1500015258789,105.04000091552734,99.80165100097656,8111600.0
2018-05-17,DIS,105.2300033569336,105.4800033569336,104.08999633789062,104.33999633789062,99.13655853271484,7320600.0
2018-05-18,DIS,104.33999633789062,104.79000091552734,103.55999755859375,103.93000030517578,98.74700927734375,5427300.0
2018-05-21,DIS,104.22000122070312,104.68000030517578,103.61000061035156,104.05999755859375,98.87052154541016,5848700.0
2018-05-22,DIS,104.4000015258789,105.48999786376953,103.98999786376953,104.06999969482422,98.8800277709961,6971600.0
2018-05-23,DIS,103.19999694824219,103.33999633789062,102.06999969482422,102.88999938964844,97.75887298583984,8046600.0
2018-05-24,DIS,102.80999755859375,102.86000061035156,101.20999908447266,102.11000061035156,97.01776885986328,7474100.0
2018-05-25,DIS,102.25,103.0,101.97000122070312,102.19999694824219,97.10327911376953,6982700.0
2018-05-29,DIS,100.55000305175781,101.6500015258789,99.37999725341797,99.69000244140625,94.71846008300781,11270400.0
2018-05-30,DIS,100.5,100.55000305175781,99.41999816894531,99.9800033569336,94.99400329589844,7216400.0
2018-05-31,DIS,99.76000213623047,100.13999938964844,98.80999755859375,99.47000122070312,94.50943756103516,9620000.0
2018-06-01,DIS,99.69000244140625,100.05000305175781,99.19999694824219,99.36000061035156,94.40491485595703,6847700.0
2018-06-04,DIS,99.76000213623047,100.5,99.69999694824219,100.23999786376953,95.24102783203125,6598000.0
2018-06-05,DIS,100.36000061035156,100.51000213623047,99.77999877929688,99.94000244140625,94.95600891113281,5974400.0
2018-06-06,DIS,100.05999755859375,101.94000244140625,99.76000213623047,101.91000366210938,96.82775115966797,7833000.0
2018-06-07,DIS,101.91000366210938,102.95999908447266,101.80999755859375,102.47000122070312,97.35980987548828,7559200.0
2018-06-08,DIS,102.08999633789062,103.98999786376953,101.83000183105469,103.9800033569336,98.79450988769531,7090300.0
2018-06-11,DIS,103.93000030517578,104.79000091552734,103.75,104.3499984741211,99.14605712890625,8175000.0
2018-06-12,DIS,104.7300033569336,105.22000122070312,103.95999908447266,104.33000183105469,99.1270523071289,9215300.0
2018-06-13,DIS,103.19999694824219,107.87999725341797,102.66999816894531,106.30999755859375,101.00830841064453,22009400.0
2018-06-14,DIS,106.44999694824219,109.48999786376953,106.44999694824219,108.75,103.3266372680664,18068700.0
2018-06-15,DIS,108.16999816894531,109.41999816894531,107.8499984741211,108.8499984741211,103.42164611816406,16169200.0
2018-06-18,DIS,107.0,107.4800033569336,106.5,107.05999755859375,101.72090148925781,9288600.0
2018-06-19,DIS,105.87000274658203,106.98999786376953,105.76000213623047,106.0999984741211,100.80878448486328,8869500.0
2018-06-20,DIS,107.0,107.9000015258789,105.80999755859375,107.1500015258789,101.80643463134766,18625900.0
2018-06-21,DIS,107.01000213623047,107.25,105.79000091552734,105.88999938964844,100.6092529296875,7707800.0
2018-06-22,DIS,106.06999969482422,106.80000305175781,105.80999755859375,106.33999633789062,101.03682708740234,8959100.0
2018-06-25,DIS,106.0,106.08000183105469,103.73999786376953,104.44999694824219,99.2410659790039,7995800.0
2018-06-26,DIS,104.45999908447266,104.70999908447266,103.91000366210938,104.26000213623047,99.06055450439453,6550000.0
2018-06-27,DIS,104.5,105.87999725341797,103.4800033569336,103.95999908447266,98.77550506591797,8803300.0
2018-06-28,DIS,103.91000366210938,105.12000274658203,103.68000030517578,104.7699966430664,99.54510498046875,6303600.0
2018-06-29,DIS,104.93000030517578,105.68000030517578,104.6500015258789,104.80999755859375,99.58311462402344,6774000.0
2018-07-02,DIS,104.1500015258789,105.37000274658203,103.9000015258789,105.33000183105469,100.07719421386719,5488900.0
2018-07-03,DIS,105.87999725341797,105.94999694824219,103.5,104.04000091552734,98.85152435302734,2406300.0
2018-07-05,DIS,104.69999694824219,105.5999984741211,104.43000030517578,105.33999633789062,100.0866928100586,6202800.0
2018-07-06,DIS,104.5,105.04000091552734,104.04000091552734,104.77999877929688,100.35486602783203,4134500.0
2018-07-09,DIS,105.01000213623047,106.06999969482422,104.75,106.0199966430664,101.54249572753906,4725200.0
2018-07-10,DIS,106.25,106.56999969482422,104.83000183105469,106.02999877929688,101.55207061767578,4213600.0
2018-07-11,DIS,105.31999969482422,109.33999633789062,105.31999969482422,108.04000091552734,103.47718811035156,11753800.0
2018-07-12,DIS,108.05000305175781,109.19999694824219,107.81999969482422,108.25,103.6783218383789,5931400.0
2018-07-13,DIS,108.0,110.23999786376953,107.66000366210938,110.0,105.35441589355469,8188800.0
2018-07-16,DIS,109.81999969482422,110.44999694824219,108.7699966430664,110.19999694824219,105.54596710205078,8245900.0
2018-07-17,DIS,110.26000213623047,112.62000274658203,110.08999633789062,110.30000305175781,105.64175415039062,9075900.0
2018-07-18,DIS,110.30999755859375,111.05999755859375,109.6500015258789,110.69000244140625,106.01527404785156,6414100.0
2018-07-19,DIS,111.54000091552734,114.68000030517578,111.30000305175781,112.12999725341797,107.39444732666016,17796800.0
2018-07-20,DIS,112.1500015258789,112.19999694824219,110.83000183105469,111.4800033569336,106.77191162109375,11787900.0
2018-07-23,DIS,111.05000305175781,111.20999908447266,110.33999633789062,111.08999633789062,106.39837646484375,5447800.0
2018-07-24,DIS,111.83999633789062,111.88999938964844,110.54000091552734,110.69999694824219,106.02485656738281,5648800.0
2018-07-25,DIS,110.63999938964844,111.41999816894531,109.62999725341797,111.18000030517578,106.48458099365234,6756800.0
2018-07-26,DIS,112.1500015258789,114.55999755859375,111.68000030517578,113.51000213623047,108.7161865234375,9466400.0
2018-07-27,DIS,114.0,114.05000305175781,111.91999816894531,112.62000274658203,107.86376953125,5717000.0
2018-07-30,DIS,112.19999694824219,113.33999633789062,112.05000305175781,112.62999725341797,107.87332916259766,5199300.0
2018-07-31,DIS,112.55000305175781,114.05000305175781,112.36000061035156,113.55999755859375,108.76405334472656,8421200.0
2018-08-01,DIS,113.68000030517578,113.83000183105469,112.58999633789062,112.97000122070312,108.1989974975586,6466600.0
2018-08-02,DIS,112.5,113.31999969482422,111.68000030517578,112.75,107.98826599121094,4027300.0
2018-08-03,DIS,113.19999694824219,114.0999984741211,112.4000015258789,114.08999633789062,109.27166748046875,4747500.0
2018-08-06,DIS,114.66000366210938,116.83999633789062,114.16000366210938,115.94000244140625,111.0435562133789,12715600.0
2018-08-07,DIS,116.56999969482422,117.9000015258789,116.23999786376953,116.55999755859375,111.63736724853516,15466900.0
2018-08-08,DIS,115.9000015258789,116.41000366210938,113.9000015258789,113.9800033569336,109.16632843017578,11722900.0
2018-08-09,DIS,114.05000305175781,114.80000305175781,112.80999755859375,114.16000366210938,109.33872985839844,7042000.0
2018-08-10,DIS,113.58000183105469,113.80000305175781,112.4000015258789,112.68000030517578,107.92122650146484,5740200.0
2018-08-13,DIS,112.66000366210938,112.83999633789062,111.72000122070312,112.12000274658203,107.38488006591797,6080900.0
2018-08-14,DIS,112.37999725341797,113.19000244140625,111.94999694824219,112.75,107.98826599121094,4326400.0
2018-08-15,DIS,112.18000030517578,113.12000274658203,111.47000122070312,112.8499984741211,108.08405303955078,5183200.0
2018-08-16,DIS,113.30000305175781,113.33000183105469,112.4000015258789,112.4800033569336,107.72969055175781,5082500.0
2018-08-17,DIS,112.51000213623047,112.86000061035156,111.88999938964844,112.4800033569336,107.72969055175781,4764500.0
2018-08-20,DIS,112.93000030517578,113.0,111.91000366210938,111.98999786376953,107.2603759765625,5167600.0
2018-08-21,DIS,112.25,113.0,112.0,112.38999938964844,107.64348602294922,4770400.0
2018-08-22,DIS,112.44000244140625,112.75,111.94000244140625,111.94000244140625,107.21249389648438,3213000.0
2018-08-23,DIS,111.94000244140625,112.13999938964844,111.52999877929688,112.0,107.26995086669922,4257400.0
2018-08-24,DIS,111.62999725341797,112.69999694824219,111.44000244140625,111.93000030517578,107.2029037475586,5049000.0
2018-08-27,DIS,112.48999786376953,112.88999938964844,112.06999969482422,112.33000183105469,107.58601379394531,4767700.0
2018-08-28,DIS,112.56999969482422,112.79000091552734,112.19999694824219,112.58000183105469,107.82544708251953,3131600.0
2018-08-29,DIS,112.58000183105469,112.72000122070312,112.0199966430664,112.44999694824219,107.700927734375,4001500.0
2018-08-30,DIS,112.06999969482422,112.41999816894531,111.58999633789062,111.91999816894531,107.19332885742188,3481600.0
2018-08-31,DIS,111.9000015258789,112.27999877929688,111.55999755859375,112.0199966430664,107.28910064697266,4642800.0
2018-09-04,DIS,111.80000305175781,112.0,110.6500015258789,110.8499984741211,106.16851806640625,6391200.0
2018-09-05,DIS,110.58000183105469,110.81999969482422,109.69999694824219,109.87000274658203,105.22991180419922,6388300.0
2018-09-06,DIS,110.0,110.41000366210938,109.36000061035156,110.26000213623047,105.60343170166016,5267200.0
2018-09-07,DIS,110.08000183105469,111.3499984741211,110.01000213623047,110.97000122070312,106.283447265625,4754800.0
2018-09-10,DIS,111.44000244140625,111.91000366210938,110.37000274658203,110.68000030517578,106.00569152832031,4636500.0
2018-09-11,DIS,110.5,110.61000061035156,109.51000213623047,109.5999984741211,104.9712905883789,5488600.0
2018-09-12,DIS,109.25,110.25,109.18000030517578,109.45999908447266,104.83721160888672,5236700.0
2018-09-13,DIS,109.55000305175781,110.72000122070312,109.37000274658203,110.66999816894531,105.9961166381836,5119400.0
2018-09-14,DIS,110.91999816894531,111.25,108.87999725341797,109.26000213623047,104.64567565917969,6012400.0
2018-09-17,DIS,109.58000183105469,109.87999725341797,108.61000061035156,109.36000061035156,104.74144744873047,5592900.0
2018-09-18,DIS,108.88999938964844,109.75,108.2300033569336,109.52999877929688,104.90426635742188,4937800.0
2018-09-19,DIS,109.62999725341797,110.18000030517578,109.4800033569336,109.79000091552734,105.15327453613281,5964600.0
2018-09-20,DIS,110.58000183105469,111.94999694824219,109.94000244140625,111.62000274658203,106.90599822998047,7121800.0
2018-09-21,DIS,111.94999694824219,111.9800033569336,110.4000015258789,110.4000015258789,105.73751831054688,25753600.0
2018-09-24,DIS,112.2699966430664,113.13999938964844,111.69999694824219,112.7699966430664,108.0074234008789,9232300.0
2018-09-25,DIS,113.30999755859375,114.70999908447266,112.6500015258789,113.62999725341797,108.83110809326172,12169400.0
2018-09-26,DIS,114.01000213623047,116.31999969482422,114.01000213623047,115.20999908447266,110.34437561035156,11141500.0
2018-09-27,DIS,115.19000244140625,116.5999984741211,115.0999984741211,116.04000091552734,111.13932037353516,5195300.0
2018-09-28,DIS,115.6500015258789,117.45999908447266,115.3499984741211,116.94000244140625,112.0013198852539,7366800.0
2018-10-01,DIS,117.27999877929688,117.4000015258789,115.68000030517578,116.23999786376953,111.33088684082031,8643900.0
2018-10-02,DIS,115.55000305175781,117.69999694824219,115.30000305175781,117.66000366210938,112.69091033935547,6441700.0
2018-10-03,DIS,117.94999694824219,118.0999984741211,116.73999786376953,116.91000366210938,111.97258758544922,6111700.0
2018-10-04,DIS,117.0,117.16999816894531,115.12000274658203,116.12999725341797,111.22551727294922,6442800.0
2018-10-05,DIS,116.0,116.58000183105469,114.7300033569336,114.77999877929688,109.93254089355469,5835700.0
2018-10-08,DIS,114.83000183105469,116.16000366210938,114.12000274658203,116.0199966430664,111.12016296386719,5652300.0
2018-10-09,DIS,116.62000274658203,117.7699966430664,116.04000091552734,116.88999938964844,111.95344543457031,6761400.0
2018-10-10,DIS,116.83999633789062,117.2300033569336,112.7300033569336,112.86000061035156,108.0936279296875,9006500.0
2018-10-11,DIS,112.5,113.25,110.31999969482422,111.1500015258789,106.45584106445312,10045400.0
2018-10-12,DIS,111.97000122070312,113.2699966430664,111.2300033569336,112.61000061035156,107.85418701171875,5963900.0
2018-10-15,DIS,111.93000030517578,114.62000274658203,111.88999938964844,113.44000244140625,108.64913940429688,6628800.0
2018-10-16,DIS,114.33999633789062,116.37000274658203,113.83999633789062,116.19000244140625,111.2829818725586,7619000.0
2018-10-17,DIS,116.0999984741211,117.22000122070312,115.43000030517578,117.12999725341797,112.18328857421875,7120600.0
2018-10-18,DIS,116.75,117.12999725341797,115.58000183105469,116.18000030517578,111.2734146118164,6056300.0
2018-10-19,DIS,117.41999816894531,119.16999816894531,117.22000122070312,118.9000015258789,113.87855529785156,10431000.0
2018-10-22,DIS,119.05000305175781,119.69000244140625,117.72000122070312,118.2699966430664,113.27513885498047,8406400.0
2018-10-23,DIS,116.94999694824219,118.48999786376953,115.41000366210938,117.8499984741211,112.87287902832031,8607400.0
2018-10-24,DIS,117.05999755859375,117.05999755859375,111.25,111.61000061035156,106.89640808105469,11630500.0
2018-10-25,DIS,112.62000274658203,114.69000244140625,112.12000274658203,114.16000366210938,109.33872985839844,7406900.0
2018-10-26,DIS,112.83999633789062,114.13999938964844,112.0999984741211,113.19000244140625,108.40970611572266,7984700.0
2018-10-29,DIS,114.44999694824219,114.94000244140625,111.95999908447266,113.04000091552734,108.26602935791016,9234100.0
2018-10-30,DIS,113.38999938964844,114.88999938964844,112.41000366210938,114.76000213623047,109.91339111328125,7365400.0
2018-10-31,DIS,116.2300033569336,116.5199966430664,114.68000030517578,114.83000183105469,109.98043823242188,9196700.0
2018-11-01,DIS,115.19999694824219,116.27999877929688,114.9000015258789,116.0999984741211,111.19679260253906,6779900.0
2018-11-02,DIS,116.83000183105469,116.94999694824219,114.37000274658203,115.18000030517578,110.31564331054688,6377900.0
2018-11-05,DIS,115.73999786376953,116.22000122070312,115.12000274658203,115.44999694824219,110.57424926757812,7920800.0
2018-11-06,DIS,115.73999786376953,116.83999633789062,115.44999694824219,116.70999908447266,111.7810287475586,5036600.0
2018-11-07,DIS,116.56999969482422,117.29000091552734,115.16000366210938,117.05000305175781,112.10667419433594,8249800.0
2018-11-08,DIS,117.44999694824219,117.83000183105469,115.20999908447266,116.0,111.10101318359375,11074800.0
2018-11-09,DIS,118.19999694824219,120.19999694824219,117.18000030517578,118.0,113.01654815673828,16878200.0
2018-11-12,DIS,118.0,118.45999908447266,116.5999984741211,116.69999694824219,111.77145385742188,9170600.0
2018-11-13,DIS,117.11000061035156,117.77999877929688,116.18000030517578,116.8499984741211,111.91511535644531,4650600.0
2018-11-14,DIS,117.44000244140625,118.22000122070312,116.44000244140625,117.12000274658203,112.1737289428711,7109100.0
2018-11-15,DIS,116.48999786376953,117.43000030517578,115.69999694824219,117.11000061035156,112.16413116455078,7088700.0
2018-11-16,DIS,116.52999877929688,117.33999633789062,115.98999786376953,116.19000244140625,111.2829818725586,7141900.0
2018-11-19,DIS,116.0,117.83000183105469,114.79000091552734,115.41999816894531,110.5455093383789,9714600.0
2018-11-20,DIS,113.5199966430664,114.58999633789062,111.5199966430664,111.87000274658203,107.14543914794922,11194600.0
2018-11-21,DIS,112.5,113.98999786376953,112.30000305175781,113.02999877929688,108.25645446777344,7242500.0
2018-11-23,DIS,112.23999786376953,112.79000091552734,111.73999786376953,112.08000183105469,107.34657287597656,3242300.0
2018-11-26,DIS,113.18000030517578,113.18000030517578,111.91999816894531,112.55000305175781,107.79672241210938,7002400.0
2018-11-27,DIS,113.61000061035156,114.0999984741211,112.41000366210938,113.9000015258789,109.0896987915039,7357500.0
2018-11-28,DIS,114.31999969482422,116.30000305175781,114.05000305175781,116.0999984741211,111.19679260253906,9039800.0
2018-11-29,DIS,115.75,117.13999938964844,115.20999908447266,116.61000061035156,111.68524932861328,10834700.0
2018-11-30,DIS,116.83999633789062,117.06999969482422,115.05999755859375,115.48999786376953,110.61255645751953,16857800.0
2018-12-03,DIS,116.6500015258789,116.91999816894531,114.91000366210938,115.73999786376953,110.85200500488281,9273300.0
2018-12-04,DIS,115.62000274658203,116.29000091552734,112.66000366210938,112.87000274658203,108.10320281982422,10806700.0
2018-12-06,DIS,112.05999755859375,114.33999633789062,111.16000366210938,114.33000183105469,109.50154876708984,10546200.0
2018-12-07,DIS,113.86000061035156,113.98999786376953,111.61000061035156,111.9800033569336,108.08270263671875,8305500.0
2018-12-10,DIS,111.98999786376953,112.29000091552734,109.52999877929688,111.86000061035156,107.9668960571289,7337500.0
2018-12-11,DIS,112.97000122070312,113.72000122070312,111.43000030517578,111.97000122070312,108.07305908203125,6861800.0
2018-12-12,DIS,113.0,113.9800033569336,112.1500015258789,112.20999908447266,108.30469512939453,7723900.0
2018-12-13,DIS,112.87000274658203,113.5999984741211,112.33999633789062,113.38999938964844,109.44364166259766,6661500.0
2018-12-14,DIS,112.37000274658203,113.91999816894531,112.05000305175781,112.19999694824219,108.29505920410156,7601900.0
2018-12-17,DIS,112.29000091552734,112.88999938964844,110.02999877929688,110.62000274658203,106.77005004882812,7731800.0
2018-12-18,DIS,110.87000274658203,111.08000183105469,108.9000015258789,109.44999694824219,105.64076232910156,6682300.0
2018-12-19,DIS,110.0,112.12999725341797,108.94999694824219,109.22000122070312,105.41877746582031,9416900.0
2018-12-20,DIS,108.75,109.20999908447266,106.12999725341797,107.0,103.27603149414062,9387300.0
2018-12-21,DIS,106.47000122070312,108.75,103.86000061035156,104.22000122070312,100.59278869628906,15530600.0
2018-12-24,DIS,103.2300033569336,103.9000015258789,100.3499984741211,100.3499984741211,96.85747528076172,7133000.0
2018-12-26,DIS,100.48999786376953,105.8499984741211,100.37999725341797,105.83000183105469,102.1467514038086,9422800.0
2018-12-27,DIS,104.41000366210938,106.55000305175781,102.80000305175781,106.5199966430664,102.81273651123047,8201400.0
2018-12-28,DIS,107.27999877929688,108.5199966430664,106.19000244140625,107.30000305175781,103.56560516357422,7620500.0
2018-12-31,DIS,109.11000061035156,109.66999816894531,107.55000305175781,109.6500015258789,105.83380126953125,7241700.0
2019-01-02,DIS,108.0999984741211,109.13999938964844,107.7300033569336,108.97000122070312,105.17747497558594,9723500.0
2019-01-03,DIS,108.4800033569336,108.6500015258789,105.94000244140625,106.33000183105469,102.62935638427734,10594700.0
2019-01-04,DIS,107.94000244140625,110.75,107.25,109.61000061035156,105.7951889038086,10122800.0
2019-01-07,DIS,109.91000366210938,111.4000015258789,109.30000305175781,110.55999755859375,106.7121353149414,6714700.0
2019-01-08,DIS,111.80000305175781,112.55999755859375,111.16999816894531,111.41999816894531,107.54219818115234,8730700.0
2019-01-09,DIS,111.80000305175781,112.80000305175781,111.55999755859375,112.66999816894531,108.74870300292969,5931900.0
2019-01-10,DIS,111.98999786376953,112.91000366210938,111.5,112.80000305175781,108.87417602539062,6160100.0
2019-01-11,DIS,112.18000030517578,112.91999816894531,111.7300033569336,112.6500015258789,108.72940063476562,4819100.0
2019-01-14,DIS,111.6500015258789,112.69999694824219,111.43000030517578,112.41999816894531,108.50740051269531,6980600.0
2019-01-15,DIS,112.30000305175781,113.18000030517578,110.61000061035156,111.76000213623047,107.87036895751953,9800900.0
2019-01-16,DIS,111.44999694824219,112.01000213623047,110.80999755859375,110.91000366210938,107.04995727539062,5899900.0
2019-01-17,DIS,110.72000122070312,111.26000213623047,110.16000366210938,111.01000213623047,107.1464614868164,6392000.0
2019-01-18,DIS,111.86000061035156,111.93000030517578,110.83000183105469,111.04000091552734,107.17542266845703,8554700.0
2019-01-22,DIS,110.62000274658203,111.33000183105469,109.75,110.5999984741211,106.75074005126953,6986700.0
2019-01-23,DIS,111.19000244140625,111.83999633789062,110.0,111.12000274658203,107.25263977050781,6845600.0
2019-01-24,DIS,111.0,111.11000061035156,109.93000030517578,110.55000305175781,106.7024917602539,6716800.0
2019-01-25,DIS,111.47000122070312,111.5,110.66000366210938,111.08999633789062,107.22367858886719,5706900.0
2019-01-28,DIS,110.76000213623047,110.98999786376953,109.94999694824219,110.80999755859375,106.95342254638672,6178800.0
2019-01-29,DIS,110.6500015258789,110.93000030517578,110.0,110.9000015258789,107.0403060913086,5253700.0
2019-01-30,DIS,110.30000305175781,110.58000183105469,108.95999908447266,110.12999725341797,106.2970962524414,7853800.0
2019-01-31,DIS,110.0999984741211,111.54000091552734,110.01000213623047,111.5199966430664,107.63871765136719,8351600.0
2019-02-01,DIS,111.97000122070312,112.05000305175781,110.93000030517578,111.30000305175781,107.42637634277344,6557700.0
2019-02-04,DIS,111.41000366210938,111.9800033569336,110.68000030517578,111.80000305175781,107.90898132324219,7037000.0
2019-02-05,DIS,112.0199966430664,112.73999786376953,111.44999694824219,112.66000366210938,108.73905181884766,13619800.0
2019-02-06,DIS,113.8499984741211,113.91999816894531,111.06999969482422,111.41000366210938,107.53255462646484,14229000.0
2019-02-07,DIS,111.05000305175781,111.11000061035156,109.80999755859375,110.94999694824219,107.08854675292969,8658100.0
2019-02-08,DIS,110.45999908447266,111.54000091552734,110.05999755859375,111.51000213623047,107.62906646728516,6395500.0
2019-02-11,DIS,111.7699966430664,111.80999755859375,109.25,109.44000244140625,105.6311264038086,11086400.0
2019-02-12,DIS,110.20999908447266,110.83000183105469,109.1500015258789,109.19999694824219,105.39945220947266,7610200.0
2019-02-13,DIS,109.23999786376953,110.4800033569336,109.2300033569336,110.19999694824219,106.36466217041016,6919700.0
2019-02-14,DIS,109.8499984741211,111.5,109.54000091552734,110.66000366210938,106.80866241455078,6324300.0
2019-02-15,DIS,111.4000015258789,112.62999725341797,111.02999877929688,112.58999633789062,108.67147827148438,8197300.0
2019-02-19,DIS,112.91000366210938,113.7699966430664,112.83000183105469,113.51000213623047,109.5594711303711,8169600.0
2019-02-20,DIS,113.5999984741211,114.08999633789062,113.29000091552734,113.68000030517578,109.72354888916016,7081500.0
2019-02-21,DIS,113.4000015258789,114.54000091552734,112.87000274658203,114.29000091552734,110.31231689453125,9480100.0
2019-02-22,DIS,114.62999725341797,115.7699966430664,113.94999694824219,115.25,111.23890686035156,8734700.0
2019-02-25,DIS,115.62000274658203,115.80000305175781,113.45999908447266,113.58999633789062,109.63667297363281,9327700.0
2019-02-26,DIS,113.6500015258789,114.01000213623047,112.8499984741211,113.5,109.54981231689453,8956000.0
2019-02-27,DIS,113.0999984741211,113.51000213623047,112.45999908447266,112.77999877929688,108.85486602783203,7249500.0
2019-02-28,DIS,112.9000015258789,113.43000030517578,112.75,112.83999633789062,108.91278076171875,6716700.0
2019-03-01,DIS,113.44999694824219,114.44000244140625,113.44999694824219,114.01000213623047,110.04206085205078,6996900.0
2019-03-04,DIS,114.41999816894531,114.41999816894531,113.08999633789062,114.33000183105469,110.35092163085938,6015000.0
2019-03-05,DIS,114.2300033569336,114.54000091552734,113.76000213623047,114.0,110.03241729736328,5225100.0
2019-03-06,DIS,114.0,115.05000305175781,114.0,114.8499984741211,110.85282135009766,7352800.0
2019-03-07,DIS,114.8499984741211,114.9000015258789,113.47000122070312,114.01000213623047,110.04206085205078,6324000.0
2019-03-08,DIS,113.45999908447266,113.83999633789062,112.9000015258789,113.80999755859375,109.8490219116211,6549100.0
2019-03-11,DIS,114.04000091552734,115.0,114.02999877929688,114.75,110.75630187988281,6952700.0
2019-03-12,DIS,114.72000122070312,115.30000305175781,114.04000091552734,114.7300033569336,110.73699951171875,9920300.0
2019-03-13,DIS,114.83999633789062,114.8499984741211,113.72000122070312,114.08999633789062,110.1192626953125,17994500.0
2019-03-14,DIS,114.12000274658203,114.7699966430664,113.93000030517578,114.4800033569336,110.49571228027344,17409600.0
2019-03-15,DIS,114.5,115.4800033569336,113.68000030517578,114.95999908447266,110.95899200439453,14932700.0
2019-03-18,DIS,113.02999877929688,114.0,112.45999908447266,113.12000274658203,109.18302917480469,21769800.0
2019-03-19,DIS,112.94999694824219,113.70999908447266,109.80000305175781,110.0,106.17162322998047,45384400.0
2019-03-20,DIS,110.30999755859375,110.87999725341797,108.05000305175781,109.98999786376953,106.1619644165039,35588700.0
2019-03-21,DIS,110.0999984741211,110.1500015258789,108.37000274658203,108.66000366210938,104.87826538085938,27438900.0
2019-03-22,DIS,108.33000183105469,109.0,107.51000213623047,108.2300033569336,104.46321868896484,24133800.0
2019-03-25,DIS,108.48999786376953,109.06999969482422,107.31999969482422,107.79000091552734,104.03853607177734,18187500.0
2019-03-26,DIS,108.4000015258789,110.33999633789062,108.2699966430664,110.13999938964844,106.30674743652344,16693100.0
2019-03-27,DIS,110.44999694824219,111.08999633789062,109.7300033569336,110.27999877929688,106.4418716430664,10794800.0
2019-03-28,DIS,110.5999984741211,111.2699966430664,110.23999786376953,110.70999908447266,106.85691833496094,11748900.0
2019-03-29,DIS,111.55999755859375,111.5999984741211,110.38999938964844,111.02999877929688,107.16577911376953,16358800.0
2019-04-01,DIS,111.58999633789062,112.87000274658203,111.37999725341797,112.51000213623047,108.59426879882812,10785100.0
2019-04-02,DIS,113.1500015258789,113.30999755859375,111.91999816894531,111.95999908447266,108.06340789794922,9231800.0
2019-04-03,DIS,112.69999694824219,113.11000061035156,112.20999908447266,112.5199966430664,108.60391235351562,10534900.0
2019-04-04,DIS,113.23999786376953,114.86000061035156,113.02999877929688,114.75,110.75630187988281,14378400.0
2019-04-05,DIS,114.97000122070312,115.12999725341797,114.30999755859375,115.0,110.99761199951172,10907900.0
2019-04-08,DIS,115.0,115.83000183105469,114.63999938964844,114.95999908447266,110.95899200439453,11054200.0
2019-04-09,DIS,115.61000061035156,117.16000366210938,115.27999877929688,116.86000061035156,112.7928695678711,17340300.0
2019-04-10,DIS,117.58000183105469,118.02999877929688,116.27999877929688,117.16000366210938,113.08242797851562,14091100.0
2019-04-11,DIS,117.7300033569336,117.86000061035156,116.31999969482422,116.5999984741211,112.54191589355469,12784500.0
2019-04-12,DIS,127.91000366210938,130.89999389648438,126.36000061035156,130.05999755859375,125.5334701538086,65253500.0
2019-04-15,DIS,131.0500030517578,132.6999969482422,129.7899932861328,132.0399932861328,127.44453430175781,32773700.0
2019-04-16,DIS,131.75,132.1300048828125,129.55999755859375,129.89999389648438,125.3790054321289,14564300.0
2019-04-17,DIS,129.80999755859375,132.36000061035156,129.27999877929688,131.75,127.16463470458984,14253700.0
2019-04-18,DIS,131.77000427246094,132.8699951171875,131.11000061035156,132.4499969482422,127.84029388427734,11890600.0
2019-04-22,DIS,131.89999389648438,132.1999969482422,131.02999877929688,131.67999267578125,127.09707641601562,10197500.0
2019-04-23,DIS,133.38999938964844,134.24000549316406,132.64999389648438,133.36000061035156,128.71859741210938,12159300.0
2019-04-24,DIS,133.11000061035156,135.75,132.72000122070312,135.10000610351562,130.3980712890625,11449500.0
2019-04-25,DIS,135.36000061035156,138.8800048828125,134.83999633789062,137.24000549316406,132.46359252929688,16382500.0
2019-04-26,DIS,138.6999969482422,140.0399932861328,137.50999450683594,139.9199981689453,135.05029296875,14167600.0
2019-04-29,DIS,142.19000244140625,142.3699951171875,137.61000061035156,139.3000030517578,134.451904296875,25746100.0
2019-04-30,DIS,139.1199951171875,139.38999938964844,136.02999877929688,136.97000122070312,132.20297241210938,15253100.0
2019-05-01,DIS,137.49000549316406,138.1699981689453,136.24000549316406,136.3800048828125,131.63351440429688,8906700.0
2019-05-02,DIS,135.3800048828125,135.69000244140625,132.3800048828125,134.13999938964844,129.4714813232422,16580400.0
2019-05-03,DIS,135.22000122070312,135.30999755859375,133.77999877929688,134.3300018310547,129.65484619140625,8874400.0
2019-05-06,DIS,132.5399932861328,135.3300018310547,132.3000030517578,135.0,130.30154418945312,9955600.0
2019-05-07,DIS,135.35000610351562,135.97000122070312,132.75999450683594,133.44000244140625,128.79583740234375,10972700.0
2019-05-08,DIS,133.5,135.6999969482422,133.30999755859375,134.99000549316406,130.29190063476562,15423500.0
2019-05-09,DIS,135.02999877929688,136.47999572753906,132.83999633789062,133.58999633789062,128.9405975341797,15297100.0
2019-05-10,DIS,133.00999450683594,134.32000732421875,131.22999572753906,134.0399932861328,129.3749542236328,9858500.0
2019-05-13,DIS,131.5,132.66000366210938,130.5500030517578,131.33999633789062,126.76891326904297,11389900.0
2019-05-14,DIS,133.52000427246094,134.66000366210938,132.0500030517578,133.1999969482422,128.5641632080078,12001700.0
2019-05-15,DIS,132.5500030517578,135.2100067138672,132.0399932861328,134.67999267578125,129.99266052246094,9734100.0
2019-05-16,DIS,135.2899932861328,136.39999389648438,134.80999755859375,135.5,130.7841339111328,9689400.0
2019-05-17,DIS,134.25999450683594,135.97999572753906,134.02999877929688,135.0399932861328,130.3401336669922,8964200.0
2019-05-20,DIS,134.25,134.39999389648438,133.25,133.91000366210938,129.2494659423828,8009000.0
2019-05-21,DIS,134.57000732421875,134.57000732421875,133.11000061035156,134.08999633789062,129.42318725585938,7050300.0
2019-05-22,DIS,133.82000732421875,134.1699981689453,133.38999938964844,133.85000610351562,129.19155883789062,5093700.0
2019-05-23,DIS,132.7100067138672,133.5500030517578,131.9499969482422,132.72999572753906,128.11053466796875,6743300.0
2019-05-24,DIS,133.10000610351562,133.2899932861328,132.22000122070312,132.7899932861328,128.16844177246094,4570100.0
2019-05-28,DIS,133.2100067138672,134.0399932861328,132.58999633789062,132.6199951171875,128.00436401367188,8938400.0
2019-05-29,DIS,131.9600067138672,132.14999389648438,130.77999877929688,131.57000732421875,126.99092864990234,7749600.0
2019-05-30,DIS,131.8800048828125,132.67999267578125,131.33999633789062,132.1999969482422,127.59900665283203,5274000.0
2019-05-31,DIS,130.9600067138672,132.92999267578125,130.77999877929688,132.0399932861328,127.44453430175781,7420700.0
2019-06-03,DIS,132.02000427246094,132.9499969482422,131.49000549316406,132.47000122070312,127.85958862304688,7901400.0
2019-06-04,DIS,133.4499969482422,134.8800048828125,132.9199981689453,134.82000732421875,130.1278076171875,8247500.0
2019-06-05,DIS,135.41000366210938,136.0,134.94000244140625,135.94000244140625,131.2088165283203,6842800.0
2019-06-06,DIS,136.50999450683594,137.44000244140625,135.72999572753906,137.2100067138672,132.43463134765625,6027300.0
2019-06-07,DIS,137.60000610351562,138.75999450683594,137.3300018310547,138.0399932861328,133.2357177734375,7026300.0
2019-06-10,DIS,138.8800048828125,138.8800048828125,136.07000732421875,137.07000732421875,132.2995147705078,8479500.0
2019-06-11,DIS,137.58999633789062,137.75,134.94000244140625,135.0800018310547,130.37875366210938,6352200.0
2019-06-12,DIS,135.08999633789062,136.27999877929688,134.82000732421875,135.72000122070312,130.99649047851562,5537000.0
2019-06-13,DIS,137.9499969482422,141.85000610351562,137.61000061035156,141.74000549316406,136.80694580078125,17939500.0
2019-06-14,DIS,142.0500030517578,142.9499969482422,140.52999877929688,141.64999389648438,136.72007751464844,11125200.0
2019-06-17,DIS,140.80999755859375,141.47999572753906,139.11000061035156,140.97000122070312,136.0637664794922,8542700.0
2019-06-18,DIS,141.99000549316406,143.50999450683594,138.97000122070312,139.24000549316406,134.3939666748047,11231400.0
2019-06-19,DIS,139.50999450683594,141.07000732421875,138.5800018310547,140.9199981689453,136.0155029296875,6877100.0
2019-06-20,DIS,141.97999572753906,142.22999572753906,139.91000366210938,142.02000427246094,137.07720947265625,8485800.0
2019-06-21,DIS,141.9499969482422,142.0,140.0,140.22999572753906,135.34950256347656,14150000.0
2019-06-24,DIS,140.1199951171875,140.47000122070312,137.8000030517578,139.22000122070312,134.37466430664062,10497400.0
2019-06-25,DIS,139.02000427246094,140.41000366210938,138.6699981689453,139.94000244140625,135.06964111328125,14675400.0
2019-06-26,DIS,140.36000061035156,140.74000549316406,139.50999450683594,140.39999389648438,135.51358032226562,8842100.0
2019-06-27,DIS,141.0,141.74000549316406,138.9199981689453,139.3000030517578,134.451904296875,6466300.0
2019-06-28,DIS,139.41000366210938,140.2100067138672,138.61000061035156,139.63999938964844,134.78005981445312,20078800.0
2019-07-01,DIS,140.4499969482422,141.9499969482422,139.22000122070312,141.64999389648438,136.72007751464844,8972400.0
2019-07-02,DIS,141.39999389648438,142.86000061035156,141.27000427246094,142.52999877929688,137.56947326660156,7554100.0
2019-07-03,DIS,142.6999969482422,143.0,142.0,142.97999572753906,138.00379943847656,4150900.0
2019-07-05,DIS,141.4199981689453,142.88999938964844,140.6999969482422,142.4499969482422,138.3437042236328,5596000.0
2019-07-08,DIS,142.17999267578125,142.22999572753906,140.97000122070312,141.02000427246094,136.95494079589844,4993900.0
2019-07-09,DIS,140.05999755859375,141.72000122070312,139.75,141.61000061035156,137.5279541015625,7396300.0
2019-07-10,DIS,142.39999389648438,144.25,142.00999450683594,143.5399932861328,139.4022979736328,9533700.0
2019-07-11,DIS,144.00999450683594,145.33999633789062,143.5399932861328,143.55999755859375,139.42172241210938,10471100.0
2019-07-12,DIS,144.14999389648438,145.42999267578125,144.0,144.8800048828125,140.70367431640625,8510000.0
2019-07-15,DIS,145.1300048828125,145.36000061035156,143.97000122070312,145.05999755859375,140.8784637451172,5289200.0
2019-07-16,DIS,144.75,144.99000549316406,143.80999755859375,144.3000030517578,140.14039611816406,5854700.0
2019-07-17,DIS,144.60000610351562,144.67999267578125,142.3699951171875,142.57000732421875,138.46026611328125,5296400.0
2019-07-18,DIS,142.4600067138672,142.4600067138672,140.1699981689453,141.6300048828125,137.54736328125,8031700.0
2019-07-19,DIS,142.24000549316406,142.24000549316406,139.74000549316406,139.85000610351562,135.8186798095703,6109900.0
2019-07-22,DIS,141.25,141.44000244140625,140.00999450683594,140.83999633789062,136.78012084960938,7706400.0
2019-07-23,DIS,141.64999389648438,142.5399932861328,140.27000427246094,141.25999450683594,137.1880340576172,7514500.0
2019-07-24,DIS,141.39999389648438,141.58999633789062,140.39999389648438,141.2899932861328,137.21714782714844,5896600.0
2019-07-25,DIS,141.39999389648438,143.22999572753906,141.0399932861328,143.2100067138672,139.08181762695312,7294400.0
2019-07-26,DIS,143.74000549316406,145.19000244140625,143.0500030517578,144.64999389648438,140.48028564453125,8139400.0
2019-07-29,DIS,145.58999633789062,147.14999389648438,145.1699981689453,146.38999938964844,142.17013549804688,11674100.0
2019-07-30,DIS,145.75999450683594,146.8000030517578,144.61000061035156,144.92999267578125,140.75221252441406,6563100.0
2019-07-31,DIS,144.99000549316406,145.0,142.33999633789062,143.00999450683594,138.8875732421875,9710700.0
2019-08-01,DIS,143.33999633789062,144.52999877929688,141.25999450683594,141.85000610351562,137.76100158691406,8911700.0
2019-08-02,DIS,140.99000549316406,142.22000122070312,139.94000244140625,141.7100067138672,137.6250457763672,6539100.0
2019-08-05,DIS,139.13999938964844,140.22999572753906,137.02999877929688,138.3000030517578,134.31333923339844,10669700.0
2019-08-06,DIS,140.41000366210938,141.9499969482422,138.3699951171875,141.8699951171875,137.78041076660156,18818900.0
2019-08-07,DIS,134.92999267578125,135.8699951171875,132.25999450683594,134.86000061035156,130.97250366210938,29084500.0
2019-08-08,DIS,137.89999389648438,138.0,136.00999450683594,137.88999938964844,133.91517639160156,14054800.0
2019-08-09,DIS,137.10000610351562,139.24000549316406,136.75999450683594,138.52000427246094,134.52700805664062,8811900.0
2019-08-12,DIS,137.30999755859375,137.57000732421875,135.22999572753906,135.75,131.83685302734375,7918900.0
2019-08-13,DIS,135.0,137.9199981689453,135.0,137.00999450683594,133.06051635742188,8145400.0
2019-08-14,DIS,135.05999755859375,135.14999389648438,132.67999267578125,132.85000610351562,129.0204620361328,11797700.0
2019-08-15,DIS,133.5,134.27999877929688,132.47000122070312,133.41000366210938,129.56430053710938,7590100.0
2019-08-16,DIS,134.02000427246094,135.5,133.8300018310547,135.1999969482422,131.30270385742188,6353800.0
2019-08-19,DIS,136.7899932861328,137.6199951171875,134.27999877929688,135.2899932861328,131.39010620117188,11741800.0
2019-08-20,DIS,133.3300018310547,136.0399932861328,133.25999450683594,135.1300048828125,131.23471069335938,8628000.0
2019-08-21,DIS,134.61000061035156,136.05999755859375,134.0500030517578,135.75999450683594,131.84657287597656,6325000.0
2019-08-22,DIS,136.1999969482422,136.6699981689453,134.69000244140625,136.0800018310547,132.15733337402344,6967100.0
2019-08-23,DIS,135.50999450683594,136.44000244140625,131.02000427246094,131.6699981689453,127.87445068359375,10190900.0
2019-08-26,DIS,134.19000244140625,134.63999938964844,132.5500030517578,134.61000061035156,130.72970581054688,8093800.0
2019-08-27,DIS,135.77000427246094,135.99000549316406,134.19000244140625,134.49000549316406,130.61317443847656,6013600.0
2019-08-28,DIS,134.05999755859375,136.72999572753906,133.52000427246094,136.5500030517578,132.61378479003906,5950500.0
2019-08-29,DIS,138.1199951171875,138.67999267578125,137.4199981689453,137.83999633789062,133.86659240722656,6532700.0
2019-08-30,DIS,138.2899932861328,138.5,136.75999450683594,137.25999450683594,133.3032989501953,5622200.0
2019-09-03,DIS,136.3699951171875,136.4199981689453,135.05999755859375,136.30999755859375,132.38070678710938,5997400.0
2019-09-04,DIS,136.74000549316406,138.1999969482422,136.38999938964844,137.88999938964844,133.91517639160156,4285400.0
2019-09-05,DIS,138.9199981689453,139.27000427246094,138.32000732421875,138.83999633789062,134.83778381347656,5143500.0
2019-09-06,DIS,139.1300048828125,139.80999755859375,138.25,139.5500030517578,135.52732849121094,4090000.0
2019-09-09,DIS,139.5800018310547,140.0800018310547,138.47999572753906,138.8300018310547,134.8280792236328,5458700.0
2019-09-10,DIS,138.1199951171875,138.44000244140625,134.5800018310547,135.7899932861328,131.87570190429688,10974600.0
2019-09-11,DIS,135.55999755859375,136.24000549316406,134.92999267578125,136.19000244140625,132.26416015625,7896400.0
2019-09-12,DIS,136.83999633789062,138.6699981689453,136.5399932861328,137.5,133.53640747070312,7333900.0
2019-09-13,DIS,137.85000610351562,138.22000122070312,137.11000061035156,138.02000427246094,134.04141235351562,5209100.0
2019-09-16,DIS,136.2899932861328,137.24000549316406,135.3000030517578,135.8000030517578,131.8854217529297,6329300.0
2019-09-17,DIS,135.8000030517578,136.72999572753906,135.6699981689453,136.30999755859375,132.38070678710938,4726500.0
2019-09-18,DIS,136.41000366210938,137.07000732421875,135.72000122070312,136.8000030517578,132.8565673828125,6857900.0
2019-09-19,DIS,137.0,137.36000061035156,133.0,133.3000030517578,129.4574737548828,12216100.0
2019-09-20,DIS,133.02999877929688,133.22999572753906,131.61000061035156,132.27000427246094,128.4571533203125,25231600.0
2019-09-23,DIS,131.99000549316406,132.88999938964844,131.88999938964844,132.4600067138672,128.64169311523438,6096100.0
2019-09-24,DIS,134.00999450683594,134.14999389648438,131.5,131.97000122070312,128.16578674316406,11904000.0
2019-09-25,DIS,131.7899932861328,133.4199981689453,131.22000122070312,133.08999633789062,129.2535400390625,6523000.0
2019-09-26,DIS,133.13999938964844,133.3000030517578,129.05999755859375,131.27000427246094,127.48600769042969,11615100.0
2019-09-27,DIS,130.10000610351562,131.0,128.9199981689453,129.9600067138672,126.21375274658203,8401300.0
2019-09-30,DIS,130.35000610351562,130.86000061035156,129.82000732421875,130.32000732421875,126.5633773803711,5532500.0
2019-10-01,DIS,130.8000030517578,131.77999877929688,129.50999450683594,129.5500030517578,125.8155746459961,5978500.0
2019-10-02,DIS,128.50999450683594,129.22000122070312,127.56999969482422,129.13999938964844,125.41739654541016,8296100.0
2019-10-03,DIS,128.60000610351562,129.42999267578125,127.54000091552734,128.14999389648438,124.45591735839844,8498700.0
2019-10-04,DIS,128.69000244140625,130.44000244140625,128.61000061035156,130.27000427246094,126.51482391357422,6732900.0
2019-10-07,DIS,130.27000427246094,131.57000732421875,129.0399932861328,130.89999389648438,127.12664794921875,5784100.0
2019-10-08,DIS,129.89999389648438,130.0399932861328,128.3699951171875,128.47000122070312,124.76670837402344,6526000.0
2019-10-09,DIS,129.10000610351562,129.85000610351562,128.05999755859375,129.3300018310547,125.60192108154297,5004600.0
2019-10-10,DIS,129.22000122070312,130.13999938964844,128.8800048828125,129.33999633789062,125.61162567138672,4512000.0
2019-10-11,DIS,130.3000030517578,130.99000549316406,129.83999633789062,130.02000427246094,126.27203369140625,6559000.0
2019-10-14,DIS,130.1300048828125,130.3000030517578,129.47999572753906,129.6999969482422,125.96122741699219,3710300.0
2019-10-15,DIS,130.00999450683594,130.88999938964844,129.39999389648438,129.75999450683594,126.01951599121094,5914700.0
2019-10-16,DIS,129.75999450683594,131.8300018310547,129.6999969482422,130.86000061035156,127.08781433105469,7610800.0
2019-10-17,DIS,132.52999877929688,133.44000244140625,130.50999450683594,132.3699951171875,128.5542755126953,8005100.0
2019-10-18,DIS,132.3699951171875,133.16000366210938,130.88999938964844,130.88999938964844,127.11695098876953,8694000.0
2019-10-21,DIS,131.44000244140625,131.72999572753906,130.02000427246094,130.25999450683594,126.5051040649414,6257100.0
2019-10-22,DIS,133.14999389648438,133.67999267578125,132.10000610351562,132.39999389648438,128.58340454101562,9291600.0
2019-10-23,DIS,132.4499969482422,132.67999267578125,130.75999450683594,131.1300048828125,127.35003662109375,5970800.0
2019-10-24,DIS,131.52000427246094,131.6999969482422,129.6300048828125,130.25999450683594,126.5051040649414,5746300.0
2019-10-25,DIS,130.5,131.75999450683594,130.02999877929688,130.89999389648438,127.12664794921875,6696000.0
2019-10-28,DIS,131.4499969482422,132.0800018310547,130.13999938964844,130.52999877929688,126.76734161376953,8940300.0
2019-10-29,DIS,130.5,130.77000427246094,129.44000244140625,129.47999572753906,125.7475814819336,9305100.0
2019-10-30,DIS,129.69000244140625,130.30999755859375,129.14999389648438,129.60000610351562,125.86415100097656,10880000.0
2019-10-31,DIS,129.52999877929688,130.14999389648438,128.75,129.9199981689453,126.17491912841797,9628300.0
2019-11-01,DIS,130.99000549316406,132.8000030517578,130.50999450683594,132.75,128.92332458496094,8507600.0
2019-11-04,DIS,134.1199951171875,134.13999938964844,132.47000122070312,132.9199981689453,129.0884246826172,7631800.0
2019-11-05,DIS,132.77000427246094,132.77000427246094,130.88999938964844,131.4499969482422,127.66078186035156,7404500.0
2019-11-06,DIS,131.60000610351562,131.66000366210938,130.66000366210938,131.27000427246094,127.48600769042969,9132500.0
2019-11-07,DIS,132.35000610351562,133.6999969482422,131.75,132.9600067138672,129.12728881835938,18047600.0
2019-11-08,DIS,140.22000122070312,140.25,136.74000549316406,137.9600067138672,133.98313903808594,24175900.0
2019-11-11,DIS,137.5,138.55999755859375,136.2100067138672,136.74000549316406,132.79832458496094,10138400.0
2019-11-12,DIS,138.02999877929688,139.33999633789062,136.74000549316406,138.5800018310547,134.58526611328125,17284000.0
2019-11-13,DIS,138.5800018310547,149.9199981689453,136.83999633789062,148.72000122070312,144.43296813964844,45725400.0
2019-11-14,DIS,148.0,150.6300048828125,146.27999877929688,147.14999389648438,142.90821838378906,28393600.0
2019-11-15,DIS,147.13999938964844,147.1999969482422,144.2100067138672,144.6699981689453,140.49972534179688,13733400.0
2019-11-18,DIS,144.75,149.0399932861328,143.69000244140625,147.64999389648438,143.39381408691406,15353100.0
2019-11-19,DIS,148.17999267578125,149.47999572753906,146.8000030517578,148.3800048828125,144.10276794433594,11504300.0
2019-11-20,DIS,148.08999633789062,148.99000549316406,146.02999877929688,146.92999267578125,142.69456481933594,9448400.0
2019-11-21,DIS,147.16000366210938,147.47000122070312,146.25999450683594,146.89999389648438,142.66542053222656,6241400.0
2019-11-22,DIS,147.2100067138672,149.44000244140625,146.67999267578125,148.2899932861328,144.01536560058594,9639400.0
2019-11-25,DIS,148.8000030517578,150.2100067138672,147.6999969482422,149.69000244140625,145.37501525878906,11316800.0
2019-11-26,DIS,151.75,153.41000366210938,150.61000061035156,151.63999938964844,147.26878356933594,24949900.0
2019-11-27,DIS,152.3000030517578,152.57000732421875,151.14999389648438,151.47999572753906,147.1134033203125,6155400.0
2019-11-29,DIS,151.47999572753906,152.47000122070312,151.00999450683594,151.5800018310547,147.21054077148438,6284900.0
2019-12-02,DIS,152.94000244140625,152.97000122070312,149.10000610351562,150.6199951171875,146.27818298339844,10351000.0
2019-12-03,DIS,147.74000549316406,149.11000061035156,146.8699951171875,148.5800018310547,144.29702758789062,9273800.0
2019-12-04,DIS,149.3000030517578,149.3300018310547,148.17999267578125,148.27999877929688,144.00567626953125,7684800.0
2019-12-05,DIS,148.69000244140625,148.8300018310547,147.10000610351562,147.44000244140625,143.1898651123047,7363300.0
2019-12-06,DIS,148.39999389648438,148.61000061035156,147.17999267578125,147.66000366210938,143.40353393554688,7084900.0
2019-12-09,DIS,147.9600067138672,148.50999450683594,145.39999389648438,146.2100067138672,141.99533081054688,11515000.0
2019-12-10,DIS,145.25999450683594,146.85000610351562,145.0500030517578,146.10000610351562,141.88848876953125,7084100.0
2019-12-11,DIS,147.38999938964844,147.88999938964844,146.75999450683594,147.58999633789062,143.33555603027344,8253700.0
2019-12-12,DIS,147.9199981689453,148.92999267578125,147.25,147.75999450683594,143.50064086914062,7748300.0
2019-12-13,DIS,147.42999267578125,147.8000030517578,146.30999755859375,146.3800048828125,143.0121612548828,9350100.0
2019-12-16,DIS,147.58999633789062,148.64999389648438,146.5500030517578,148.4600067138672,145.0443115234375,9134400.0
2019-12-17,DIS,148.10000610351562,148.4600067138672,147.6199951171875,147.72999572753906,144.3311004638672,8776100.0
2019-12-18,DIS,147.77000427246094,147.9499969482422,146.19000244140625,146.25999450683594,142.8948974609375,9467800.0
2019-12-19,DIS,146.17999267578125,146.8000030517578,145.32000732421875,146.14999389648438,142.78744506835938,10243900.0
2019-12-20,DIS,147.14999389648438,147.8800048828125,145.77000427246094,146.8800048828125,143.50064086914062,12629900.0
2019-12-23,DIS,145.91000366210938,146.3300018310547,144.3300018310547,144.67999267578125,141.35125732421875,9314000.0
2019-12-24,DIS,144.5800018310547,145.42999267578125,144.4499969482422,145.2899932861328,141.9472198486328,3508500.0
2019-12-26,DIS,145.39999389648438,145.86000061035156,145.1699981689453,145.6999969482422,142.34779357910156,4422000.0
2019-12-27,DIS,146.0500030517578,146.50999450683594,145.4499969482422,145.75,142.39663696289062,5495300.0
2019-12-30,DIS,145.75,145.8699951171875,143.39999389648438,143.77000427246094,140.46221923828125,6602800.0
2019-12-31,DIS,143.6699981689453,144.77000427246094,143.25999450683594,144.6300048828125,141.3024444580078,5662900.0
2020-01-02,DIS,145.2899932861328,148.1999969482422,145.10000610351562,148.1999969482422,144.79026794433594,9502100.0
2020-01-03,DIS,146.39999389648438,147.89999389648438,146.0500030517578,146.5,143.12937927246094,7320200.0
2020-01-06,DIS,145.5399932861328,146.02999877929688,144.30999755859375,145.64999389648438,142.2989501953125,8262500.0
2020-01-07,DIS,145.99000549316406,146.8699951171875,145.4199981689453,145.6999969482422,142.34779357910156,6906500.0
2020-01-08,DIS,145.49000549316406,146.1300048828125,144.82000732421875,145.39999389648438,142.0546875,6984200.0
2020-01-09,DIS,146.47000122070312,146.6300048828125,144.61000061035156,144.8300018310547,141.49781799316406,6664200.0
2020-01-10,DIS,145.3000030517578,145.5,144.25999450683594,144.6199951171875,141.29263305664062,5152500.0
2020-01-13,DIS,144.75,144.75,143.36000061035156,143.8800048828125,140.56967163085938,9921300.0
2020-01-14,DIS,143.41000366210938,146.72000122070312,142.2899932861328,145.1999969482422,141.8592987060547,14839100.0
2020-01-15,DIS,145.7100067138672,145.7100067138672,143.92999267578125,144.32000732421875,140.9995574951172,6818200.0
2020-01-16,DIS,145.08999633789062,145.42999267578125,144.44000244140625,145.1199951171875,141.7811279296875,6948400.0
2020-01-17,DIS,145.5399932861328,145.63999938964844,144.00999450683594,144.3300018310547,141.00930786132812,10355300.0
2020-01-21,DIS,144.24000549316406,144.58999633789062,143.00999450683594,143.55999755859375,140.25701904296875,9250200.0
2020-01-22,DIS,144.4499969482422,144.7899932861328,143.5399932861328,144.00999450683594,140.6966552734375,7550000.0
2020-01-23,DIS,143.60000610351562,143.61000061035156,140.64999389648438,142.1999969482422,138.92832946777344,11082000.0
2020-01-24,DIS,141.39999389648438,142.25,139.1999969482422,140.0800018310547,136.85708618164062,13076300.0
2020-01-27,DIS,135.86000061035156,137.72999572753906,135.0,135.89999389648438,132.7732391357422,12831800.0
2020-01-28,DIS,136.5,138.92999267578125,135.86000061035156,138.3699951171875,135.1864471435547,10390000.0
2020-01-29,DIS,138.60000610351562,138.67999267578125,135.7899932861328,136.05999755859375,132.9296112060547,9382700.0
2020-01-30,DIS,135.08999633789062,137.85000610351562,134.8300018310547,137.80999755859375,134.6393280029297,11847300.0
2020-01-31,DIS,138.39999389648438,138.6699981689453,137.05999755859375,138.30999755859375,135.12782287597656,12379100.0
2020-02-03,DIS,139.7899932861328,141.82000732421875,139.75,141.32000732421875,138.06857299804688,12639900.0
2020-02-04,DIS,145.49000549316406,145.58999633789062,143.25,144.72999572753906,141.40011596679688,23519700.0
2020-02-05,DIS,146.60000610351562,147.3000030517578,138.57000732421875,141.3699951171875,138.11740112304688,27824100.0
2020-02-06,DIS,141.9199981689453,143.9499969482422,141.22000122070312,142.6999969482422,139.41680908203125,9504600.0
2020-02-07,DIS,141.88999938964844,141.99000549316406,140.1199951171875,141.02000427246094,137.7754669189453,10948900.0
2020-02-10,DIS,141.02999877929688,142.58999633789062,140.4600067138672,142.58999633789062,139.309326171875,8162100.0
2020-02-11,DIS,142.85000610351562,142.99000549316406,140.4600067138672,141.00999450683594,137.7657012939453,10790100.0
2020-02-12,DIS,141.33999633789062,142.22000122070312,140.8699951171875,141.85000610351562,138.58636474609375,8168200.0
2020-02-13,DIS,141.1699981689453,141.89999389648438,140.82000732421875,140.89999389648438,137.6582489013672,7543100.0
2020-02-14,DIS,141.10000610351562,141.27999877929688,139.1300048828125,139.5399932861328,136.3295135498047,9110500.0
2020-02-18,DIS,139.02000427246094,139.66000366210938,138.10000610351562,139.13999938964844,135.938720703125,8214900.0
2020-02-19,DIS,139.6300048828125,141.8699951171875,139.22999572753906,141.3000030517578,138.0490264892578,7080900.0
2020-02-20,DIS,141.6300048828125,141.6300048828125,138.85000610351562,140.3699951171875,137.14041137695312,5981700.0
2020-02-21,DIS,139.86000061035156,139.8800048828125,138.5800018310547,138.97000122070312,135.7726287841797,7725800.0
2020-02-24,DIS,132.89999389648438,134.44000244140625,131.2100067138672,133.00999450683594,129.9497528076172,19336500.0
2020-02-25,DIS,133.75,133.94000244140625,127.9800033569336,128.19000244140625,125.24066162109375,21032500.0
2020-02-26,DIS,126.12000274658203,128.3699951171875,122.12999725341797,123.36000061035156,120.52177429199219,31195900.0
2020-02-27,DIS,119.80999755859375,122.9000015258789,117.91999816894531,118.04000091552734,115.32418060302734,30827500.0
2020-02-28,DIS,114.51000213623047,118.30999755859375,113.20999908447266,117.6500015258789,114.94316864013672,35389900.0
2020-03-02,DIS,119.12999725341797,119.9800033569336,116.02999877929688,119.9800033569336,117.21955871582031,21775900.0
2020-03-03,DIS,121.1500015258789,121.77999877929688,115.1500015258789,116.44999694824219,113.77075958251953,19529700.0
2020-03-04,DIS,118.95999908447266,119.23999786376953,115.4800033569336,119.18000030517578,116.43795776367188,13842100.0
2020-03-05,DIS,116.86000061035156,116.95999908447266,112.11000061035156,113.9800033569336,111.35759735107422,22397200.0
2020-03-06,DIS,110.76000213623047,115.87000274658203,110.31999969482422,115.2699966430664,112.617919921875,22899600.0
2020-03-09,DIS,108.69000244140625,110.43000030517578,104.27999877929688,104.3499984741211,101.94915771484375,26233600.0
2020-03-10,DIS,108.0999984741211,111.58000183105469,102.43000030517578,111.45999908447266,108.89557647705078,24083700.0
2020-03-11,DIS,108.41999816894531,108.9000015258789,102.86000061035156,105.51000213623047,103.08246612548828,24771300.0
2020-03-12,DIS,97.62000274658203,100.0,91.63999938964844,91.80999755859375,89.69766998291016,40392900.0
2020-03-13,DIS,100.77999877929688,102.87000274658203,92.25,102.5199966430664,100.16124725341797,40960100.0
2020-03-16,DIS,91.80000305175781,98.27999877929688,90.0,95.01000213623047,92.82405090332031,35379500.0
2020-03-17,DIS,95.80000305175781,97.45999908447266,91.1500015258789,93.52999877929688,91.37809753417969,27526200.0
2020-03-18,DIS,87.58999633789062,89.33999633789062,79.06999969482422,88.80000305175781,86.75692749023438,43592500.0
2020-03-19,DIS,88.0,97.4000015258789,85.11000061035156,94.93000030517578,92.74588775634766,30866800.0
2020-03-20,DIS,95.98999786376953,96.98999786376953,85.83999633789062,85.9800033569336,84.0018081665039,31957800.0
2020-03-23,DIS,84.48999786376953,87.27999877929688,81.08999633789062,85.76000213623047,83.78687286376953,32246600.0
2020-03-24,DIS,92.33000183105469,99.16999816894531,91.80000305175781,98.12000274658203,95.86249542236328,32538100.0
2020-03-25,DIS,100.66000366210938,105.91999816894531,95.51000213623047,100.7300033569336,98.41244506835938,28533000.0
2020-03-26,DIS,100.83000183105469,107.7300033569336,100.80000305175781,105.36000061035156,102.93592071533203,24520300.0
2020-03-27,DIS,100.44999694824219,101.48999786376953,95.54000091552734,96.4000015258789,94.18206787109375,30591500.0
2020-03-30,DIS,96.0,100.45999908447266,92.0999984741211,99.80000305175781,97.50385284423828,23119200.0
2020-03-31,DIS,100.22000122070312,103.16000366210938,96.16000366210938,96.5999984741211,94.37745666503906,21563200.0
2020-04-01,DIS,93.5,97.4000015258789,92.55999755859375,94.91999816894531,92.73611450195312,18303900.0
2020-04-02,DIS,94.19999694824219,97.26000213623047,94.19999694824219,96.97000122070312,94.73895263671875,13936500.0
2020-04-03,DIS,96.30999755859375,96.91999816894531,92.70999908447266,93.87999725341797,91.72003936767578,14814600.0
2020-04-06,DIS,97.26000213623047,100.19000244140625,94.5199966430664,99.58000183105469,97.28890991210938,20407400.0
2020-04-07,DIS,104.86000061035156,105.88999938964844,100.25,101.23999786376953,98.91070556640625,22899600.0
2020-04-08,DIS,100.52999877929688,102.3499984741211,98.6500015258789,101.06999969482422,98.74461364746094,22562500.0
2020-04-09,DIS,107.91999816894531,107.98999786376953,103.52999877929688,104.5,102.095703125,31453600.0
2020-04-13,DIS,104.70999908447266,104.87000274658203,99.61000061035156,103.5,101.11871337890625,17306000.0
2020-04-14,DIS,105.5,107.63999938964844,103.9000015258789,106.02999877929688,103.59050750732422,19866900.0
2020-04-15,DIS,104.38999938964844,104.87999725341797,102.69999694824219,103.37000274658203,100.99170684814453,14157600.0
2020-04-16,DIS,103.52999877929688,103.72000122070312,100.88999938964844,102.0199966430664,99.67276000976562,18029300.0
2020-04-17,DIS,106.20999908447266,106.79000091552734,104.3499984741211,106.62999725341797,104.17669677734375,17926900.0
2020-04-20,DIS,103.58000183105469,104.86000061035156,102.0,102.26000213623047,99.9072494506836,17021000.0
2020-04-21,DIS,100.01000213623047,101.51000213623047,99.12999725341797,100.54000091552734,98.22682189941406,16101400.0
2020-04-22,DIS,101.80000305175781,102.62999725341797,100.88999938964844,100.98999786376953,98.66646575927734,11463800.0
2020-04-23,DIS,100.6500015258789,102.52999877929688,99.45999908447266,101.0,98.67623138427734,17132200.0
2020-04-24,DIS,101.77999877929688,101.91999816894531,99.5199966430664,101.19000244140625,98.86186218261719,13614100.0
2020-04-27,DIS,102.0,106.5199966430664,101.61000061035156,106.05999755859375,103.61981964111328,15518300.0
2020-04-28,DIS,108.79000091552734,110.05999755859375,105.9800033569336,106.20999908447266,103.76636505126953,16503700.0
2020-04-29,DIS,109.94000244140625,112.69999694824219,108.55999755859375,112.25,109.66739654541016,20139800.0
2020-04-30,DIS,109.44000244140625,110.30999755859375,106.86000061035156,108.1500015258789,105.66172790527344,18638700.0
2020-05-01,DIS,106.36000061035156,106.91000366210938,104.47000122070312,105.5,103.07270050048828,13209100.0
2020-05-04,DIS,102.01000213623047,103.83000183105469,100.55000305175781,103.18000030517578,100.80607604980469,19514800.0
2020-05-05,DIS,101.51000213623047,105.18000030517578,100.9000015258789,101.05999755859375,98.73484802246094,30169800.0
2020-05-06,DIS,101.4800033569336,105.2699966430664,98.86000061035156,100.87999725341797,98.55899047851562,51992400.0
2020-05-07,DIS,101.8499984741211,105.61000061035156,101.83000183105469,105.56999969482422,103.14108276367188,20868800.0
2020-05-08,DIS,109.05000305175781,109.18000030517578,106.62999725341797,109.16000366210938,106.64849853515625,24079700.0
2020-05-11,DIS,108.4000015258789,108.80999755859375,106.41000366210938,107.7699966430664,105.29046630859375,20555900.0
2020-05-12,DIS,109.05999755859375,109.44000244140625,104.48999786376953,104.55999755859375,102.15432739257812,17049700.0
2020-05-13,DIS,104.5,104.54000091552734,101.5999984741211,102.91999816894531,100.55205535888672,21085800.0
2020-05-14,DIS,101.9800033569336,105.91999816894531,99.66000366210938,105.91000366210938,103.4732666015625,22002200.0
2020-05-15,DIS,104.9800033569336,109.37999725341797,104.2699966430664,109.05000305175781,106.54102325439453,29766000.0
2020-05-18,DIS,114.47000122070312,119.77999877929688,114.47000122070312,116.8499984741211,114.16156768798828,40044600.0
2020-05-19,DIS,115.0999984741211,116.47000122070312,113.41999816894531,114.37000274658203,111.73861694335938,20332600.0
2020-05-20,DIS,116.41999816894531,120.87000274658203,116.04000091552734,119.91999816894531,117.16092681884766,25749900.0
2020-05-21,DIS,119.33999633789062,120.30000305175781,116.5,117.83000183105469,115.11901092529297,17578300.0
2020-05-22,DIS,117.5,118.56999969482422,116.83000183105469,118.0199966430664,115.30464935302734,9288200.0
2020-05-26,DIS,121.05000305175781,122.51000213623047,120.43000030517578,120.94999694824219,118.16722869873047,16466400.0
2020-05-27,DIS,123.68000030517578,123.77999877929688,119.70999908447266,121.52999877929688,118.73389434814453,19345400.0
2020-05-28,DIS,121.5999984741211,121.9800033569336,116.0,116.75,114.06385803222656,18606000.0
2020-05-29,DIS,116.19000244140625,117.75,114.12000274658203,117.30000305175781,114.60121154785156,17745100.0
2020-06-01,DIS,117.26000213623047,119.6500015258789,116.93000030517578,118.7699966430664,116.03739166259766,10538300.0
2020-06-02,DIS,119.0,119.8499984741211,117.83000183105469,118.75,116.0178451538086,10753100.0
2020-06-03,DIS,119.98999786376953,122.44999694824219,119.31999969482422,122.18000030517578,119.36892700195312,12584300.0
2020-06-04,DIS,121.94999694824219,124.5,121.8499984741211,123.69000244140625,120.84419250488281,14195100.0
2020-06-05,DIS,126.30999755859375,127.81999969482422,124.27999877929688,124.81999969482422,121.94819641113281,16581600.0
2020-06-08,DIS,125.0999984741211,127.44000244140625,123.94000244140625,127.27999877929688,124.35160064697266,13858100.0
2020-06-09,DIS,125.62999725341797,125.79000091552734,123.51000213623047,123.88999938964844,121.03959655761719,10882800.0
2020-06-10,DIS,124.0199966430664,124.0999984741211,120.93000030517578,122.18000030517578,119.36892700195312,11497100.0
2020-06-11,DIS,117.5999984741211,118.0,112.25,112.63999938964844,110.04843139648438,26078800.0
2020-06-12,DIS,115.16999816894531,117.0,112.88999938964844,115.48999786376953,112.83284759521484,18361900.0
2020-06-15,DIS,112.08000183105469,118.12000274658203,111.70999908447266,117.08000183105469,114.38627624511719,14156400.0
2020-06-16,DIS,121.23999786376953,121.5,116.05000305175781,118.44000244140625,115.7149887084961,12951200.0
2020-06-17,DIS,118.63999938964844,119.2300033569336,117.13999938964844,117.6500015258789,114.94316864013672,8921600.0
2020-06-18,DIS,116.87999725341797,118.52999877929688,115.93000030517578,118.37000274658203,115.64659881591797,9577300.0
2020-06-19,DIS,119.9800033569336,120.12000274658203,114.3499984741211,114.3499984741211,111.71907806396484,23496300.0
2020-06-22,DIS,114.19000244140625,116.19000244140625,113.11000061035156,115.91999816894531,113.2529525756836,12868000.0
2020-06-23,DIS,116.95999908447266,117.44999694824219,115.97000122070312,116.58999633789062,113.90753936767578,10187600.0
2020-06-24,DIS,115.8499984741211,116.0,110.02999877929688,112.06999969482422,109.49153900146484,22252500.0
2020-06-25,DIS,108.98999786376953,111.51000213623047,108.5,111.36000061035156,108.79785919189453,17240400.0
2020-06-26,DIS,110.94999694824219,111.19999694824219,108.0199966430664,109.0999984741211,106.58987426757812,15270900.0
2020-06-29,DIS,109.0,111.56999969482422,108.0999984741211,111.5199966430664,108.95419311523438,12584300.0
2020-06-30,DIS,111.5,112.05000305175781,109.93000030517578,111.51000213623047,108.94442749023438,10565900.0
2020-07-01,DIS,112.81999969482422,115.5999984741211,112.29000091552734,113.01000213623047,110.40991973876953,11930900.0
2020-07-02,DIS,115.0,115.0999984741211,112.0,112.18000030517578,109.59901428222656,10312000.0
2020-07-06,DIS,113.83000183105469,114.52999877929688,112.9000015258789,114.43000030517578,111.7972412109375,11933400.0
2020-07-07,DIS,113.62999725341797,115.08000183105469,112.61000061035156,113.62999725341797,111.01564025878906,10836500.0
2020-07-08,DIS,113.4800033569336,117.12999725341797,112.80999755859375,116.66000366210938,113.97593688964844,13629500.0
2020-07-09,DIS,116.51000213623047,117.8499984741211,115.37999725341797,116.80999755859375,114.12248992919922,13582900.0
2020-07-10,DIS,116.83000183105469,119.44000244140625,116.20999908447266,119.33999633789062,116.59426879882812,14207900.0
2020-07-13,DIS,119.94000244140625,120.12999725341797,115.88999938964844,116.22000122070312,113.54605865478516,15620200.0
2020-07-14,DIS,115.2300033569336,119.08000183105469,114.54000091552734,118.66000366210938,115.92991638183594,12425100.0
2020-07-15,DIS,121.62999725341797,122.08999633789062,119.69999694824219,120.9000015258789,118.1183853149414,15314200.0
2020-07-16,DIS,117.72000122070312,119.98999786376953,117.5999984741211,119.43000030517578,116.68219757080078,10210100.0
2020-07-17,DIS,118.9000015258789,119.55999755859375,117.05999755859375,118.6500015258789,115.92015075683594,9843500.0
2020-07-20,DIS,118.05000305175781,118.48999786376953,116.81999969482422,117.79000091552734,115.07994079589844,8947900.0
2020-07-21,DIS,118.05000305175781,120.38999938964844,117.66000366210938,118.62000274658203,115.89083862304688,8946300.0
2020-07-22,DIS,118.19000244140625,119.30000305175781,117.93000030517578,119.02999877929688,116.2914047241211,7063300.0
2020-07-23,DIS,118.86000061035156,119.3499984741211,117.01000213623047,118.12000274658203,115.40235137939453,7255800.0
2020-07-24,DIS,115.69999694824219,118.20999908447266,115.52999877929688,117.61000061035156,114.90408325195312,8233300.0
2020-07-27,DIS,117.19999694824219,117.41999816894531,115.68000030517578,116.30999755859375,113.63398742675781,9413000.0
2020-07-28,DIS,115.45999908447266,116.83999633789062,114.68000030517578,116.18000030517578,113.5069808959961,6821100.0
2020-07-29,DIS,116.22000122070312,116.70999908447266,115.11000061035156,115.61000061035156,112.9500961303711,9496500.0
2020-07-30,DIS,114.91000366210938,116.29000091552734,113.37000274658203,115.66000366210938,112.99893951416016,9713500.0
2020-07-31,DIS,115.22000122070312,117.05000305175781,114.12000274658203,116.94000244140625,114.24949645996094,9601000.0
2020-08-03,DIS,116.16999816894531,117.12000274658203,115.3499984741211,116.3499984741211,113.67306518554688,10229200.0
2020-08-04,DIS,115.95999908447266,118.3499984741211,115.76000213623047,117.29000091552734,114.59144592285156,17293900.0
2020-08-05,DIS,123.37000274658203,130.30999755859375,123.27999877929688,127.61000061035156,124.67400360107422,53000200.0
2020-08-06,DIS,126.95999908447266,131.6300048828125,125.61000061035156,130.82000732421875,127.8101577758789,27238000.0
2020-08-07,DIS,130.22000122070312,131.94000244140625,128.66000366210938,129.92999267578125,126.94061279296875,16088600.0
2020-08-10,DIS,129.75,131.32000732421875,128.49000549316406,128.7899932861328,125.82684326171875,8529200.0
2020-08-11,DIS,130.52999877929688,132.75999450683594,130.0,130.49000549316406,127.48773956298828,13885700.0
2020-08-12,DIS,130.6699981689453,133.0,130.49000549316406,131.7899932861328,128.75782775878906,12204200.0
2020-08-13,DIS,130.63999938964844,132.35000610351562,130.4499969482422,130.9600067138672,127.94694519042969,6468600.0
2020-08-14,DIS,130.00999450683594,131.0800018310547,129.74000549316406,130.52999877929688,127.52680969238281,6507600.0
2020-08-17,DIS,130.10000610351562,130.13999938964844,128.5399932861328,129.3699951171875,126.39350128173828,7492200.0
2020-08-18,DIS,129.44000244140625,129.58999633789062,128.36000061035156,128.9199981689453,125.95384979248047,6714600.0
2020-08-19,DIS,129.25,130.22000122070312,127.43000030517578,127.7699966430664,124.830322265625,7624200.0
2020-08-20,DIS,126.80000305175781,128.4499969482422,126.52999877929688,128.1199951171875,125.1722640991211,4918100.0
2020-08-21,DIS,127.72000122070312,128.30999755859375,127.2300033569336,127.44000244140625,124.50791931152344,6064700.0
2020-08-24,DIS,128.14999389648438,130.8800048828125,127.93000030517578,130.69000244140625,127.68314361572266,7613600.0
2020-08-25,DIS,130.8300018310547,131.08999633789062,129.30999755859375,129.7899932861328,126.80384826660156,5494400.0
2020-08-26,DIS,130.0,132.60000610351562,129.52000427246094,132.17999267578125,129.13885498046875,8447800.0
2020-08-27,DIS,133.0,136.36000061035156,132.82000732421875,133.72999572753906,130.6531982421875,13667600.0
2020-08-28,DIS,134.5,136.8000030517578,133.5800018310547,135.5399932861328,132.4215545654297,11020100.0
2020-08-31,DIS,135.25,135.5399932861328,131.25,131.8699951171875,128.83599853515625,11617500.0
2020-09-01,DIS,131.9199981689453,133.61000061035156,130.88999938964844,133.5500030517578,130.4773406982422,7351200.0
2020-09-02,DIS,133.6300048828125,135.9199981689453,133.25999450683594,135.38999938964844,132.27500915527344,8187800.0
2020-09-03,DIS,135.24000549316406,137.24000549316406,132.02000427246094,133.24000549316406,130.17446899414062,12079200.0
2020-09-04,DIS,133.75,134.8800048828125,129.4199981689453,131.99000549316406,128.95323181152344,11248300.0
2020-09-08,DIS,131.99000549316406,137.13999938964844,130.86000061035156,134.1999969482422,131.1123809814453,17257300.0
2020-09-09,DIS,134.27999877929688,135.5500030517578,132.25999450683594,133.36000061035156,130.2917022705078,8891800.0
2020-09-10,DIS,133.5800018310547,136.75,132.74000549316406,133.22000122070312,130.15493774414062,9853400.0
2020-09-11,DIS,133.74000549316406,133.74000549316406,131.08999633789062,131.75,128.71875,7165300.0
2020-09-14,DIS,132.52999877929688,132.92999267578125,130.89999389648438,131.25,128.23025512695312,8391900.0
2020-09-15,DIS,131.4600067138672,132.5399932861328,131.00999450683594,131.24000549316406,128.22047424316406,7289100.0
2020-09-16,DIS,132.1699981689453,133.6199951171875,131.39999389648438,132.08999633789062,129.0509033203125,6601000.0
2020-09-17,DIS,130.5500030517578,131.77000427246094,128.60000610351562,130.22000122070312,127.22396087646484,6723500.0
2020-09-18,DIS,129.5,130.7899932861328,128.1199951171875,128.6300048828125,125.6705322265625,9916300.0
2020-09-21,DIS,125.9800033569336,126.88999938964844,123.58999633789062,125.41000366210938,122.52462768554688,10352700.0
2020-09-22,DIS,125.26000213623047,127.47000122070312,124.69999694824219,127.20999908447266,124.283203125,6978800.0
2020-09-23,DIS,127.06999969482422,127.30000305175781,122.9000015258789,123.27999877929688,120.4436264038086,8323600.0
2020-09-24,DIS,121.93000030517578,123.80000305175781,120.77999877929688,122.48999786376953,119.67179870605469,8480000.0
2020-09-25,DIS,121.36000061035156,124.19000244140625,120.9800033569336,124.0,121.14704895019531,6851800.0
2020-09-28,DIS,125.75,126.86000061035156,125.37000274658203,125.98999786376953,123.09127807617188,6283700.0
2020-09-29,DIS,125.91999816894531,126.29000091552734,123.68000030517578,125.4000015258789,122.51485443115234,7405800.0
2020-09-30,DIS,123.23999786376953,125.55000305175781,123.23999786376953,124.08000183105469,121.2252197265625,13642500.0
2020-10-01,DIS,124.94000244140625,125.47000122070312,122.41999816894531,123.30999755859375,120.47293090820312,8908300.0
2020-10-02,DIS,121.98999786376953,123.68000030517578,121.69000244140625,122.55000305175781,119.73041534423828,6490200.0
2020-10-05,DIS,123.26000213623047,123.5999984741211,122.33000183105469,123.37000274658203,120.53155517578125,5919200.0
2020-10-06,DIS,123.12999725341797,124.19000244140625,120.61000061035156,120.93000030517578,118.14768981933594,9052000.0
2020-10-07,DIS,121.94999694824219,123.30999755859375,120.93000030517578,122.91000366210938,120.08213806152344,10187800.0
2020-10-08,DIS,123.58000183105469,123.75,122.41999816894531,123.08999633789062,120.25799560546875,7404600.0
2020-10-09,DIS,123.8499984741211,125.55000305175781,123.33000183105469,124.9800033569336,122.10452270507812,11502200.0
2020-10-12,DIS,124.9000015258789,125.94000244140625,123.7300033569336,124.97000122070312,122.09474182128906,10958200.0
2020-10-13,DIS,129.8000030517578,131.36000061035156,127.9000015258789,128.9600067138672,125.9929428100586,22389000.0
2020-10-14,DIS,129.13999938964844,129.5,125.29000091552734,126.58999633789062,123.6774673461914,11531500.0
2020-10-15,DIS,125.0,127.4000015258789,124.43000030517578,127.36000061035156,124.42975616455078,7744000.0
2020-10-16,DIS,127.80999755859375,128.1199951171875,126.33000183105469,126.80999755859375,123.89240264892578,6291700.0
2020-10-19,DIS,127.37000274658203,127.4000015258789,123.70999908447266,124.2300033569336,121.37177276611328,6576900.0
2020-10-20,DIS,124.58000183105469,125.7300033569336,123.63999938964844,124.94999694824219,122.07521057128906,6161200.0
2020-10-21,DIS,124.36000061035156,127.55999755859375,123.83999633789062,126.62999725341797,123.716552734375,6591500.0
2020-10-22,DIS,126.66999816894531,128.10000610351562,125.97000122070312,127.55999755859375,124.6251449584961,5177700.0
2020-10-23,DIS,128.10000610351562,128.5,126.3499984741211,128.35000610351562,125.39698028564453,5439900.0
2020-10-26,DIS,127.11000061035156,127.11000061035156,122.94999694824219,124.05999755859375,121.20567321777344,8578900.0
2020-10-27,DIS,124.02999877929688,124.61000061035156,123.02999877929688,123.30999755859375,120.47293090820312,6813800.0
2020-10-28,DIS,121.01000213623047,121.52999877929688,118.31999969482422,118.47000122070312,115.74429321289062,11654700.0
2020-10-29,DIS,118.16000366210938,122.62999725341797,117.2300033569336,121.54000091552734,118.74365234375,9583700.0
2020-10-30,DIS,120.63999938964844,121.75,119.08999633789062,121.25,118.46033477783203,8090200.0
2020-11-02,DIS,122.23999786376953,122.93000030517578,119.80999755859375,120.12999725341797,117.3660888671875,9186000.0
2020-11-03,DIS,121.61000061035156,125.06999969482422,121.37000274658203,124.0199966430664,121.16659545898438,8144900.0
2020-11-04,DIS,123.58000183105469,126.86000061035156,123.41000366210938,125.06999969482422,122.19244384765625,7483000.0
2020-11-05,DIS,126.77999877929688,128.6199951171875,125.80000305175781,126.95999908447266,124.03895568847656,7654800.0
2020-11-06,DIS,126.26000213623047,128.0399932861328,124.61000061035156,127.45999908447266,124.52745056152344,6259700.0
2020-11-09,DIS,140.25999450683594,147.67999267578125,138.07000732421875,142.58999633789062,139.309326171875,35634700.0
2020-11-10,DIS,139.97000122070312,142.3699951171875,137.6699981689453,142.11000061035156,138.84039306640625,18115400.0
2020-11-11,DIS,141.47000122070312,142.0,136.6199951171875,137.82000732421875,134.64910888671875,9600900.0
2020-11-12,DIS,136.33999633789062,138.49000549316406,134.10000610351562,135.52000427246094,132.4020233154297,13768200.0
2020-11-13,DIS,140.89999389648438,141.19000244140625,136.52000427246094,138.36000061035156,135.17666625976562,21062300.0
2020-11-16,DIS,141.57000732421875,144.74000549316406,141.57000732421875,144.6699981689453,141.3414764404297,16382500.0
2020-11-17,DIS,144.39999389648438,144.8300018310547,142.55999755859375,144.5,141.17538452148438,9354900.0
2020-11-18,DIS,144.5,145.47999572753906,143.35000610351562,143.89999389648438,140.58921813964844,9456200.0
2020-11-19,DIS,142.57000732421875,143.3000030517578,141.6999969482422,141.72000122070312,138.45936584472656,8892500.0
2020-11-20,DIS,141.7100067138672,142.61000061035156,140.86000061035156,141.07000732421875,137.82432556152344,8481600.0
2020-11-23,DIS,142.4499969482422,147.75,141.6999969482422,145.97999572753906,142.62135314941406,12887000.0
2020-11-24,DIS,148.16000366210938,151.86000061035156,147.85000610351562,151.49000549316406,148.00460815429688,16711700.0
2020-11-25,DIS,150.27000427246094,150.27000427246094,147.24000549316406,149.08999633789062,145.65977478027344,9552000.0
2020-11-27,DIS,149.0,150.35000610351562,146.52999877929688,147.1300048828125,143.74490356445312,5306400.0
2020-11-30,DIS,147.05999755859375,148.69000244140625,146.2899932861328,148.00999450683594,144.60464477539062,9710100.0
2020-12-01,DIS,149.57000732421875,151.39999389648438,149.0,149.44000244140625,146.0017547607422,8825500.0
2020-12-02,DIS,149.49000549316406,154.00999450683594,148.33999633789062,153.61000061035156,150.0758056640625,10601900.0
2020-12-03,DIS,153.4499969482422,154.44000244140625,152.1300048828125,153.24000549316406,149.71434020996094,9063200.0
2020-12-04,DIS,153.69000244140625,154.67999267578125,152.80999755859375,154.13999938964844,150.59359741210938,6033300.0
2020-12-07,DIS,153.17999267578125,153.8800048828125,152.25999450683594,153.67999267578125,150.14418029785156,6815500.0
2020-12-08,DIS,152.4199981689453,154.8800048828125,152.25,153.72000122070312,150.1832733154297,7900600.0
2020-12-09,DIS,156.2899932861328,157.4600067138672,153.88999938964844,154.42999267578125,150.8769073486328,10804300.0
2020-12-10,DIS,153.32000732421875,155.33999633789062,152.5,154.69000244140625,151.13095092773438,8993200.0
2020-12-11,DIS,169.67999267578125,179.4499969482422,165.3300018310547,175.72000122070312,171.67710876464844,87410700.0
2020-12-14,DIS,173.8000030517578,177.3000030517578,168.80999755859375,169.3000030517578,165.40480041503906,30939400.0
2020-12-15,DIS,170.49000549316406,174.47000122070312,167.82000732421875,173.94000244140625,169.93804931640625,18802600.0
2020-12-16,DIS,173.99000549316406,174.85000610351562,171.6199951171875,173.1199951171875,169.1369171142578,11105800.0
2020-12-17,DIS,173.82000732421875,174.83999633789062,171.9600067138672,173.5500030517578,169.5570526123047,9004600.0
2020-12-18,DIS,173.60000610351562,175.83999633789062,172.27999877929688,172.88999938964844,168.91221618652344,21172100.0
2020-12-21,DIS,170.08999633789062,171.94000244140625,168.19000244140625,170.69000244140625,166.76283264160156,11424200.0
2020-12-22,DIS,170.0,171.4499969482422,169.16000366210938,170.4499969482422,166.52835083007812,6419200.0
2020-12-23,DIS,172.9600067138672,175.9499969482422,172.3000030517578,173.5500030517578,169.5570526123047,9994000.0
2020-12-24,DIS,173.99000549316406,174.5800018310547,172.3800048828125,173.72999572753906,169.73289489746094,2721000.0
2020-12-28,DIS,175.75,179.9199981689453,175.0500030517578,178.86000061035156,174.74485778808594,13145400.0
2020-12-29,DIS,180.00999450683594,180.1999969482422,176.22000122070312,177.3000030517578,173.22076416015625,6875400.0
2020-12-30,DIS,178.5,183.39999389648438,178.3699951171875,181.1699981689453,177.00172424316406,11680400.0
2020-12-31,DIS,181.22000122070312,183.39999389648438,180.27000427246094,181.17999267578125,177.01148986816406,7073500.0
2021-01-04,DIS,182.25999450683594,182.58999633789062,174.72999572753906,177.67999267578125,173.59201049804688,13426600.0
2021-01-05,DIS,176.1999969482422,180.33999633789062,176.1999969482422,178.44000244140625,174.3345184326172,7771800.0
2021-01-06,DIS,178.32000732421875,181.61000061035156,177.27999877929688,179.1199951171875,174.99887084960938,7517800.0
2021-01-07,DIS,179.5,179.9499969482422,177.5800018310547,178.5800018310547,174.4713134765625,7300800.0
2021-01-08,DIS,178.80999755859375,180.02000427246094,176.60000610351562,178.69000244140625,174.57876586914062,7894500.0
2021-01-11,DIS,177.75,181.25999450683594,177.35000610351562,179.08999633789062,174.96957397460938,6461300.0
2021-01-12,DIS,177.3000030517578,178.32000732421875,174.86000061035156,175.99000549316406,171.94090270996094,8349800.0
2021-01-13,DIS,174.39999389648438,177.72999572753906,173.74000549316406,176.1199951171875,172.06787109375,6839500.0
2021-01-14,DIS,177.00999450683594,178.35000610351562,173.39999389648438,173.42999267578125,169.43978881835938,8951200.0
2021-01-15,DIS,172.9499969482422,174.19000244140625,170.1699981689453,171.44000244140625,167.49557495117188,12232500.0
2021-01-19,DIS,172.10000610351562,173.7100067138672,171.44000244140625,172.25999450683594,168.29672241210938,7834700.0
2021-01-20,DIS,175.22000122070312,177.8800048828125,173.0,173.63999938964844,169.64495849609375,9809200.0
2021-01-21,DIS,173.24000549316406,175.0,171.02000427246094,171.27999877929688,167.33924865722656,8416400.0
2021-01-22,DIS,174.0,175.25,171.88999938964844,172.77999877929688,168.80474853515625,9517200.0
2021-01-25,DIS,171.88999938964844,173.11000061035156,168.77000427246094,171.88999938964844,167.93524169921875,7833700.0
2021-01-26,DIS,173.0,173.35000610351562,169.0500030517578,169.55999755859375,165.65884399414062,7523200.0
2021-01-27,DIS,165.00999450683594,166.33999633789062,160.52000427246094,163.02999877929688,159.279052734375,18239200.0
2021-01-28,DIS,166.1699981689453,172.8800048828125,165.9499969482422,171.8800048828125,167.92544555664062,14449100.0
2021-01-29,DIS,168.8000030517578,169.80999755859375,165.7899932861328,168.1699981689453,164.3008270263672,12848800.0
2021-02-01,DIS,170.83999633789062,171.72999572753906,168.02999877929688,170.97000122070312,167.03640747070312,8140400.0
2021-02-02,DIS,173.77000427246094,179.75999450683594,172.8000030517578,176.9600067138672,172.88858032226562,12215200.0
2021-02-03,DIS,177.0,178.42999267578125,175.75999450683594,176.42999267578125,172.3707733154297,5508600.0
2021-02-04,DIS,177.58999633789062,181.3800048828125,176.49000549316406,180.22999572753906,176.08334350585938,9035400.0
2021-02-05,DIS,181.7100067138672,182.32000732421875,179.3300018310547,181.16000366210938,176.99195861816406,6640500.0
2021-02-08,DIS,183.85000610351562,190.63999938964844,183.3000030517578,190.0,185.62857055664062,16085700.0
2021-02-09,DIS,188.1699981689453,189.25,186.0399932861328,188.2100067138672,183.87974548339844,11270800.0
2021-02-10,DIS,189.97999572753906,190.6999969482422,185.80999755859375,189.6300048828125,185.26707458496094,11464600.0
2021-02-11,DIS,189.17999267578125,191.25,188.07000732421875,190.91000366210938,186.5176239013672,17507900.0
2021-02-12,DIS,193.0,193.85000610351562,186.55999755859375,187.6699981689453,183.3521728515625,27233800.0
2021-02-16,DIS,187.3000030517578,188.44000244140625,184.86000061035156,186.35000610351562,182.0625457763672,11630700.0
2021-02-17,DIS,185.36000061035156,187.6300048828125,182.16000366210938,186.44000244140625,182.15048217773438,11391800.0
2021-02-18,DIS,184.7899932861328,186.39999389648438,182.83999633789062,183.0,178.7896270751953,12380900.0
2021-02-19,DIS,184.27000427246094,184.77999877929688,182.7899932861328,183.64999389648438,179.42465209960938,8834500.0
2021-02-22,DIS,181.74000549316406,194.02000427246094,181.52999877929688,191.75999450683594,187.34805297851562,18799600.0
2021-02-23,DIS,193.58999633789062,198.94000244140625,188.66000366210938,197.08999633789062,192.55543518066406,23191400.0
2021-02-24,DIS,197.5800018310547,200.60000610351562,195.3300018310547,197.50999450683594,192.9657745361328,16205900.0
2021-02-25,DIS,197.72999572753906,197.9600067138672,190.3800048828125,190.97999572753906,186.5859832763672,12712000.0
2021-02-26,DIS,190.07000732421875,191.61000061035156,185.4499969482422,189.0399932861328,184.69064331054688,15844000.0
2021-03-01,DIS,193.22999572753906,196.89999389648438,191.38999938964844,194.97999572753906,190.49398803710938,10709900.0
2021-03-02,DIS,196.10000610351562,197.9600067138672,193.49000549316406,193.94000244140625,189.4779052734375,8371400.0
2021-03-03,DIS,194.6300048828125,196.80999755859375,192.2100067138672,192.25999450683594,187.8365478515625,8750300.0
2021-03-04,DIS,189.89999389648438,192.47999572753906,184.1199951171875,188.02999877929688,183.70387268066406,12542600.0
2021-03-05,DIS,189.14999389648438,190.57000732421875,183.33999633789062,189.99000549316406,185.61878967285156,10266400.0
2021-03-08,DIS,197.30999755859375,203.02000427246094,193.7899932861328,201.91000366210938,197.2645263671875,25093200.0
2021-03-09,DIS,200.19000244140625,201.6999969482422,194.3699951171875,194.50999450683594,190.0347900390625,23331000.0
2021-03-10,DIS,197.30999755859375,198.8000030517578,194.67999267578125,195.05999755859375,190.5721435546875,13662100.0
2021-03-11,DIS,197.3800048828125,199.0500030517578,195.39999389648438,196.75,192.22325134277344,11933900.0
2021-03-12,DIS,196.52999877929688,198.41000366210938,195.17999267578125,197.16000366210938,192.62380981445312,13249100.0
2021-03-15,DIS,198.5399932861328,198.5399932861328,194.80999755859375,196.75999450683594,192.2330322265625,10311400.0
2021-03-16,DIS,196.10000610351562,196.58999633789062,192.8800048828125,194.24000549316406,189.77102661132812,9680700.0
2021-03-17,DIS,193.44000244140625,196.19000244140625,191.77999877929688,195.24000549316406,190.74801635742188,14418700.0
2021-03-18,DIS,194.9499969482422,195.0800018310547,191.74000549316406,192.27999877929688,187.85609436035156,9644500.0
2021-03-19,DIS,190.9199981689453,194.0,189.75999450683594,191.13999938964844,186.74234008789062,28354600.0
2021-03-22,DIS,193.25999450683594,196.3300018310547,192.0,192.86000061035156,188.42276000976562,8838500.0
2021-03-23,DIS,191.58999633789062,192.33999633789062,187.97000122070312,188.72999572753906,184.3877716064453,10701200.0
2021-03-24,DIS,190.05999755859375,190.5,184.63999938964844,184.72000122070312,180.47003173828125,13549100.0
2021-03-25,DIS,181.85000610351562,187.7100067138672,181.00999450683594,186.91000366210938,182.60964965820312,9609200.0
2021-03-26,DIS,188.8300018310547,188.97999572753906,182.57000732421875,185.9199981689453,181.64242553710938,10196100.0
2021-03-29,DIS,185.24000549316406,185.94000244140625,183.14999389648438,184.85000610351562,180.59707641601562,7544700.0
2021-03-30,DIS,183.8300018310547,186.32000732421875,183.55999755859375,185.52999877929688,181.2613983154297,5929700.0
2021-03-31,DIS,185.8300018310547,186.89999389648438,184.4199981689453,184.52000427246094,180.27464294433594,8478000.0
2021-04-01,DIS,186.42999267578125,189.10000610351562,185.58999633789062,188.97000122070312,184.62225341796875,7749400.0
2021-04-05,DIS,191.47000122070312,191.6699981689453,188.08999633789062,188.5,184.16305541992188,7405300.0
2021-04-06,DIS,188.5,191.27999877929688,187.8699951171875,189.72999572753906,185.36476135253906,7926200.0
2021-04-07,DIS,189.8000030517578,190.3300018310547,186.9499969482422,187.55999755859375,183.2447052001953,6238700.0
2021-04-08,DIS,187.1999969482422,188.0500030517578,185.6300048828125,187.32000732421875,183.01023864746094,7763000.0
2021-04-09,DIS,188.1699981689453,188.22000122070312,186.14999389648438,187.88999938964844,183.5670928955078,6089300.0
2021-04-12,DIS,187.75,187.85000610351562,185.47999572753906,186.49000549316406,182.19932556152344,6662500.0
2021-04-13,DIS,185.58999633789062,186.44000244140625,184.60000610351562,185.49000549316406,181.22232055664062,6826500.0
2021-04-14,DIS,185.97000122070312,190.39999389648438,185.7100067138672,187.4600067138672,183.14700317382812,9089900.0
2021-04-15,DIS,188.08999633789062,188.89999389648438,185.6999969482422,185.92999267578125,181.65219116210938,7262500.0
2021-04-16,DIS,187.57000732421875,189.47000122070312,186.1999969482422,187.25999450683594,182.95159912109375,9453500.0
2021-04-19,DIS,187.50999450683594,190.3300018310547,185.64999389648438,187.42999267578125,183.11769104003906,7625800.0
2021-04-20,DIS,187.2899932861328,188.0800018310547,181.82000732421875,182.7899932861328,178.5844268798828,10765800.0
2021-04-21,DIS,181.2899932861328,183.3800048828125,178.86000061035156,183.11000061035156,178.89706420898438,8400200.0
2021-04-22,DIS,184.22000122070312,184.8800048828125,181.25999450683594,182.75999450683594,178.55514526367188,7378300.0
2021-04-23,DIS,182.35000610351562,183.89999389648438,181.9600067138672,183.02000427246094,178.80914306640625,6075500.0
2021-04-26,DIS,183.9600067138672,185.60000610351562,183.25999450683594,184.27000427246094,180.0303955078125,6178300.0
2021-04-27,DIS,184.99000549316406,185.80999755859375,184.14999389648438,184.63999938964844,180.39186096191406,4870000.0
2021-04-28,DIS,184.7899932861328,184.7899932861328,182.82000732421875,183.38999938964844,179.17063903808594,5199300.0
2021-04-29,DIS,184.8000030517578,185.5500030517578,182.75,185.3300018310547,181.0659942626953,5958300.0
2021-04-30,DIS,184.2899932861328,186.32000732421875,183.5399932861328,186.02000427246094,181.74014282226562,7866300.0
2021-05-03,DIS,187.69000244140625,189.22000122070312,185.25,185.50999450683594,181.24185180664062,7542800.0
2021-05-04,DIS,184.8699951171875,185.6300048828125,182.30999755859375,184.25,180.0108642578125,7069300.0
2021-05-05,DIS,185.00999450683594,185.00999450683594,181.36000061035156,181.50999450683594,177.33387756347656,5901700.0
2021-05-06,DIS,182.77999877929688,182.99000549316406,179.80999755859375,181.7899932861328,177.60745239257812,6944900.0
2021-05-07,DIS,182.0,185.1199951171875,181.50999450683594,184.83999633789062,180.5872802734375,6888400.0
2021-05-10,DIS,185.6999969482422,186.97000122070312,184.02999877929688,184.3000030517578,180.05970764160156,8260300.0
2021-05-11,DIS,181.8000030517578,182.25,178.42999267578125,181.6699981689453,177.49020385742188,10865600.0
2021-05-12,DIS,180.6999969482422,182.4600067138672,177.5800018310547,177.85000610351562,173.75811767578125,8988100.0
2021-05-13,DIS,178.3699951171875,180.75,175.8000030517578,178.33999633789062,174.23683166503906,12332200.0
2021-05-14,DIS,172.92999267578125,174.91000366210938,168.77999877929688,173.6999969482422,169.7035675048828,33149400.0
2021-05-17,DIS,172.6999969482422,172.99000549316406,168.57000732421875,170.0800018310547,166.1668701171875,17771600.0
2021-05-18,DIS,170.25999450683594,171.25999450683594,169.4499969482422,169.67999267578125,165.7760772705078,10401000.0
2021-05-19,DIS,167.7100067138672,169.39999389648438,167.10000610351562,169.27000427246094,165.37550354003906,9251000.0
2021-05-20,DIS,169.2100067138672,171.89999389648438,168.97999572753906,171.36000061035156,167.41741943359375,7400700.0
2021-05-21,DIS,172.22000122070312,173.1199951171875,171.52000427246094,172.39999389648438,168.43348693847656,8105700.0
2021-05-24,DIS,172.4499969482422,175.11000061035156,171.75,174.30999755859375,170.29954528808594,7346700.0
2021-05-25,DIS,175.60000610351562,177.4499969482422,175.39999389648438,176.1699981689453,172.11676025390625,8089700.0
2021-05-26,DIS,176.6199951171875,177.89999389648438,176.1999969482422,176.47000122070312,172.40985107421875,8086200.0
2021-05-27,DIS,177.1999969482422,179.58999633789062,176.7899932861328,179.0399932861328,174.92071533203125,13567800.0
2021-05-28,DIS,179.50999450683594,180.13999938964844,178.0800018310547,178.64999389648438,174.53968811035156,7124800.0
2021-06-01,DIS,180.17999267578125,181.00999450683594,178.74000549316406,178.83999633789062,174.72532653808594,7475600.0
2021-06-02,DIS,179.0399932861328,179.10000610351562,176.92999267578125,177.0,172.9276580810547,7851700.0
2021-06-03,DIS,176.27000427246094,176.97000122070312,175.4199981689453,176.24000549316406,172.1851348876953,5583900.0
2021-06-04,DIS,175.92999267578125,177.52000427246094,175.61000061035156,177.17999267578125,173.103515625,6343400.0
2021-06-07,DIS,177.97000122070312,178.07000732421875,176.39999389648438,176.99000549316406,172.9178924560547,5178100.0
2021-06-08,DIS,175.97000122070312,177.1199951171875,175.19000244140625,176.3300018310547,172.27308654785156,5356200.0
2021-06-09,DIS,176.30999755859375,177.3300018310547,175.8800048828125,176.0399932861328,171.98973083496094,5082400.0
2021-06-10,DIS,176.44000244140625,177.61000061035156,175.5500030517578,176.57000732421875,172.507568359375,5253000.0
2021-06-11,DIS,177.4499969482422,178.49000549316406,176.80999755859375,177.3800048828125,173.29891967773438,5476300.0
2021-06-14,DIS,177.64999389648438,178.8699951171875,176.89999389648438,178.17999267578125,174.08050537109375,10170000.0
2021-06-15,DIS,178.17999267578125,178.6999969482422,175.6199951171875,175.86000061035156,171.8138885498047,7895000.0
2021-06-16,DIS,176.00999450683594,176.25999450683594,173.5500030517578,174.66000366210938,170.64151000976562,8336000.0
2021-06-17,DIS,174.58999633789062,176.25999450683594,173.83999633789062,174.64999389648438,170.6317138671875,8906000.0
2021-06-18,DIS,173.13999938964844,173.86000061035156,172.1199951171875,172.4199981689453,168.45303344726562,12357500.0
2021-06-21,DIS,172.1300048828125,174.25999450683594,171.30999755859375,173.97000122070312,169.96737670898438,9196900.0
2021-06-22,DIS,174.3699951171875,174.6999969482422,172.35000610351562,173.5,169.50819396972656,8097100.0
2021-06-23,DIS,173.6199951171875,175.4499969482422,172.94000244140625,175.3300018310547,171.29608154296875,9174200.0
2021-06-24,DIS,176.1300048828125,178.24000549316406,175.77999877929688,177.92999267578125,173.83627319335938,7549400.0
2021-06-25,DIS,178.8300018310547,179.08999633789062,177.49000549316406,178.35000610351562,174.24659729003906,7431800.0
2021-06-28,DIS,178.5,178.66000366210938,174.99000549316406,176.57000732421875,172.507568359375,9881400.0
2021-06-29,DIS,176.63999938964844,177.02000427246094,173.8000030517578,173.92999267578125,169.9282684326172,13498300.0
2021-06-30,DIS,173.88999938964844,175.97999572753906,173.33999633789062,175.77000427246094,171.72596740722656,7481900.0
2021-07-01,DIS,175.35000610351562,177.60000610351562,174.60000610351562,177.25999450683594,173.18167114257812,5887100.0
2021-07-02,DIS,177.86000061035156,178.36000061035156,174.6199951171875,177.11000061035156,173.03514099121094,11099300.0
2021-07-06,DIS,176.75999450683594,177.0,172.22000122070312,173.69000244140625,169.69381713867188,11557900.0
2021-07-07,DIS,172.86000061035156,174.32000732421875,171.99000549316406,172.82000732421875,168.84384155273438,6757300.0
2021-07-08,DIS,170.17999267578125,173.75,169.80999755859375,172.8000030517578,168.82427978515625,6960100.0
2021-07-09,DIS,174.6999969482422,177.52000427246094,173.92999267578125,177.0399932861328,172.96670532226562,7873300.0
2021-07-12,DIS,177.7100067138672,184.99000549316406,177.3699951171875,184.3800048828125,180.1378631591797,21835500.0
2021-07-13,DIS,184.08999633789062,185.6699981689453,181.83999633789062,183.64999389648438,179.42465209960938,12534600.0
2021-07-14,DIS,185.1999969482422,186.2899932861328,182.0800018310547,183.4199981689453,179.199951171875,8787300.0
2021-07-15,DIS,183.4499969482422,185.4199981689453,183.0500030517578,184.14999389648438,179.91314697265625,7867000.0
2021-07-16,DIS,184.94000244140625,185.2899932861328,178.9199981689453,179.30999755859375,175.1844940185547,8348800.0
2021-07-19,DIS,175.7100067138672,176.47999572753906,172.16000366210938,172.9499969482422,168.97084045410156,14651800.0
2021-07-20,DIS,173.6999969482422,177.50999450683594,172.8699951171875,176.75,172.68341064453125,8372400.0
2021-07-21,DIS,176.5,177.89999389648438,175.32000732421875,176.88999938964844,172.82017517089844,6302200.0
2021-07-22,DIS,176.6999969482422,176.72000122070312,173.89999389648438,175.1300048828125,171.10067749023438,5713700.0
2021-07-23,DIS,175.66000366210938,176.5,174.02999877929688,176.13999938964844,172.0874481201172,5126300.0
2021-07-26,DIS,175.6199951171875,178.77999877929688,175.33999633789062,178.74000549316406,174.62762451171875,5641000.0
2021-07-27,DIS,178.25,179.55999755859375,176.57000732421875,179.5,175.37014770507812,6684100.0
2021-07-28,DIS,179.69000244140625,180.35000610351562,177.5500030517578,179.10000610351562,174.97933959960938,5926900.0
2021-07-29,DIS,179.80999755859375,181.4199981689453,178.27000427246094,178.35000610351562,174.24659729003906,6209100.0
2021-07-30,DIS,177.52999877929688,179.1999969482422,175.13999938964844,176.02000427246094,171.97019958496094,6813400.0
2021-08-02,DIS,177.22000122070312,178.82000732421875,175.30999755859375,175.5500030517578,171.51101684570312,5847200.0
2021-08-03,DIS,176.02000427246094,176.1300048828125,170.9199981689453,172.99000549316406,169.00990295410156,9931300.0
2021-08-04,DIS,172.5,173.25,171.33999633789062,172.5800018310547,168.609375,5665800.0
2021-08-05,DIS,172.49000549316406,177.1199951171875,172.49000549316406,176.7100067138672,172.6443328857422,8864200.0
2021-08-06,DIS,177.42999267578125,178.80999755859375,176.6300048828125,177.1300048828125,173.05467224121094,5505200.0
2021-08-09,DIS,177.0,177.30999755859375,175.05999755859375,176.72000122070312,172.65408325195312,5339000.0
2021-08-10,DIS,176.25,177.39999389648438,175.5800018310547,177.07000732421875,172.99606323242188,5185000.0
2021-08-11,DIS,177.36000061035156,178.49000549316406,176.50999450683594,178.08999633789062,173.99258422851562,5359900.0
2021-08-12,DIS,178.08999633789062,179.72000122070312,176.4499969482422,179.2899932861328,175.16494750976562,11081300.0
2021-08-13,DIS,186.2899932861328,187.5800018310547,180.8800048828125,181.0800018310547,176.91378784179688,32504600.0
2021-08-16,DIS,180.50999450683594,180.58999633789062,176.50999450683594,179.08999633789062,174.96957397460938,8746700.0
2021-08-17,DIS,177.14999389648438,178.4499969482422,174.9199981689453,175.8300018310547,171.7845916748047,8534500.0
2021-08-18,DIS,175.89999389648438,176.7899932861328,174.5,174.74000549316406,170.71966552734375,7063500.0
2021-08-19,DIS,174.0,174.67999267578125,172.55999755859375,173.25,169.26394653320312,8478600.0
2021-08-20,DIS,173.0,175.2100067138672,172.64999389648438,175.1199951171875,171.0908966064453,6239600.0
2021-08-23,DIS,177.0800018310547,178.30999755859375,175.91000366210938,177.66000366210938,173.57247924804688,7395900.0
2021-08-24,DIS,177.9199981689453,180.0800018310547,177.75999450683594,178.47000122070312,174.36383056640625,5886900.0
2021-08-25,DIS,178.16000366210938,178.58999633789062,176.8800048828125,178.30999755859375,174.20750427246094,4842100.0
2021-08-26,DIS,178.33999633789062,178.94000244140625,176.33999633789062,176.55999755859375,172.49778747558594,4563000.0
2021-08-27,DIS,176.27999877929688,180.5399932861328,176.27999877929688,180.13999938964844,175.9954071044922,8697000.0
2021-08-30,DIS,180.5,181.38999938964844,178.8699951171875,179.97999572753906,175.83908081054688,6421300.0
2021-08-31,DIS,179.25,182.97999572753906,178.52999877929688,181.3000030517578,177.12872314453125,8620000.0
2021-09-01,DIS,181.9600067138672,184.2100067138672,181.77999877929688,183.47999572753906,179.25856018066406,7302800.0
2021-09-02,DIS,184.16000366210938,185.3000030517578,181.5500030517578,181.86000061035156,177.67584228515625,6492600.0
2021-09-03,DIS,181.82000732421875,181.82000732421875,179.1300048828125,181.0,176.83563232421875,6847400.0
2021-09-07,DIS,181.02000427246094,185.5500030517578,180.0500030517578,184.33999633789062,180.09878540039062,10702900.0
2021-09-08,DIS,184.33999633789062,187.4600067138672,183.9199981689453,185.14999389648438,180.89015197753906,8634000.0
2021-09-09,DIS,185.14999389648438,187.5800018310547,184.57000732421875,185.91000366210938,181.63265991210938,7190700.0
2021-09-10,DIS,186.36000061035156,187.10000610351562,184.00999450683594,184.1199951171875,179.8838348388672,5572200.0
2021-09-13,DIS,185.1199951171875,185.8000030517578,183.5,184.97999572753906,180.72406005859375,6818200.0
2021-09-14,DIS,184.9600067138672,185.1300048828125,182.14999389648438,182.39999389648438,178.2034149169922,6185900.0
2021-09-15,DIS,182.05999755859375,184.66000366210938,181.10000610351562,184.41000366210938,180.1671600341797,5933400.0
2021-09-16,DIS,183.97000122070312,184.63999938964844,182.1199951171875,183.33999633789062,179.12179565429688,5678200.0
2021-09-17,DIS,182.91000366210938,185.89999389648438,182.72999572753906,183.47000122070312,179.24879455566406,10035100.0
2021-09-20,DIS,179.74000549316406,180.8800048828125,176.5500030517578,178.61000061035156,174.5006103515625,8056600.0
2021-09-21,DIS,180.32000732421875,182.22999572753906,169.02999877929688,171.1699981689453,167.23179626464844,23216000.0
2021-09-22,DIS,172.94000244140625,175.33999633789062,171.66000366210938,173.64999389648438,169.65472412109375,14214500.0
2021-09-23,DIS,174.94000244140625,177.19000244140625,174.3699951171875,176.25,172.19491577148438,8052900.0
2021-09-24,DIS,175.3000030517578,176.6999969482422,175.0800018310547,176.0,171.95066833496094,5712800.0
2021-09-27,DIS,176.6300048828125,179.4499969482422,175.9600067138672,178.25999450683594,174.15866088867188,7755000.0
2021-09-28,DIS,177.75,178.0,173.86000061035156,174.52000427246094,170.5047149658203,9133100.0
2021-09-29,DIS,174.25,174.9600067138672,172.58999633789062,172.67999267578125,168.70703125,6240800.0
2021-09-30,DIS,173.10000610351562,173.67999267578125,169.10000610351562,169.1699981689453,165.27780151367188,13978000.0
2021-10-01,DIS,172.27999877929688,177.32000732421875,171.97000122070312,176.00999450683594,171.96043395996094,12165000.0
2021-10-04,DIS,175.55999755859375,175.9600067138672,172.6699981689453,173.4600067138672,169.4691162109375,7200600.0
2021-10-05,DIS,173.8300018310547,176.24000549316406,173.61000061035156,174.61000061035156,170.59263610839844,6798200.0
2021-10-06,DIS,173.0,175.7100067138672,171.5500030517578,175.47999572753906,171.442626953125,6005200.0
2021-10-07,DIS,177.6999969482422,179.6300048828125,177.3300018310547,177.7100067138672,173.62132263183594,7780000.0
2021-10-08,DIS,177.92999267578125,178.60000610351562,176.39999389648438,176.74000549316406,172.6736602783203,4132200.0
2021-10-11,DIS,176.02000427246094,176.52000427246094,173.47999572753906,173.52000427246094,169.52772521972656,8046300.0
2021-10-12,DIS,173.6199951171875,174.49000549316406,172.5500030517578,173.1300048828125,169.1466827392578,5188400.0
2021-10-13,DIS,173.6300048828125,173.6999969482422,170.94000244140625,172.9600067138672,168.98060607910156,8914700.0
2021-10-14,DIS,174.07000732421875,176.02000427246094,174.0,174.41000366210938,170.39724731445312,7450200.0
2021-10-15,DIS,175.69000244140625,178.88999938964844,174.10000610351562,176.4600067138672,172.40008544921875,13943900.0
2021-10-18,DIS,172.36000061035156,173.33999633789062,169.8000030517578,171.13999938964844,167.2024688720703,20494800.0
2021-10-19,DIS,171.44000244140625,171.5800018310547,170.17999267578125,171.17999267578125,167.24154663085938,9669500.0
2021-10-20,DIS,170.97000122070312,171.02000427246094,169.8800048828125,170.5500030517578,166.6260528564453,9737600.0
2021-10-21,DIS,170.1999969482422,172.5,170.10000610351562,171.33999633789062,167.39788818359375,7509000.0
2021-10-22,DIS,170.57000732421875,170.8000030517578,168.60000610351562,169.4199981689453,165.52206420898438,7854300.0
2021-10-25,DIS,169.89999389648438,172.57000732421875,169.02999877929688,172.00999450683594,168.05247497558594,9798700.0
2021-10-26,DIS,172.9499969482422,173.1199951171875,170.7100067138672,172.0399932861328,168.08177185058594,5850200.0
2021-10-27,DIS,171.77000427246094,172.0399932861328,169.42999267578125,169.5500030517578,165.64906311035156,7054700.0
2021-10-28,DIS,169.47999572753906,170.35000610351562,168.60000610351562,169.67999267578125,165.7760772705078,7884500.0
2021-10-29,DIS,169.02000427246094,170.4600067138672,168.14999389648438,169.07000732421875,165.18011474609375,7598800.0
2021-11-01,DIS,169.2100067138672,171.25,169.08999633789062,170.19000244140625,166.27435302734375,8182900.0
2021-11-02,DIS,170.02999877929688,170.85000610351562,168.97999572753906,169.8300018310547,165.92262268066406,6777200.0
2021-11-03,DIS,169.6999969482422,170.19000244140625,168.3699951171875,170.0800018310547,166.1668701171875,6829300.0
2021-11-04,DIS,170.02999877929688,170.4199981689453,168.6699981689453,170.27999877929688,166.36227416992188,7505500.0
2021-11-05,DIS,173.5,176.99000549316406,172.3300018310547,175.6300048828125,171.5891876220703,16859200.0
2021-11-08,DIS,178.69000244140625,179.25,176.10000610351562,176.8699951171875,172.80064392089844,10584600.0
2021-11-09,DIS,176.9499969482422,177.1199951171875,173.2100067138672,175.11000061035156,171.0811309814453,7293300.0
2021-11-10,DIS,174.69000244140625,176.8699951171875,173.8699951171875,174.4499969482422,170.43630981445312,11045800.0
2021-11-11,DIS,162.88999938964844,163.9600067138672,158.3300018310547,162.11000061035156,158.38023376464844,62366500.0
2021-11-12,DIS,163.52000427246094,163.61000061035156,158.92999267578125,159.6300048828125,155.95730590820312,25638400.0
2021-11-15,DIS,160.08999633789062,160.72000122070312,157.66000366210938,158.42999267578125,154.78488159179688,21285300.0
2021-11-16,DIS,159.05999755859375,160.24000549316406,158.5500030517578,158.8300018310547,155.17572021484375,15516200.0
2021-11-17,DIS,158.72999572753906,158.88999938964844,156.75,157.3300018310547,153.710205078125,14695500.0
2021-11-18,DIS,157.08999633789062,157.3000030517578,153.7100067138672,155.5800018310547,152.00048828125,14487700.0
2021-11-19,DIS,155.02000427246094,155.2100067138672,152.77000427246094,154.0,150.45681762695312,16776500.0
2021-11-22,DIS,153.22999572753906,155.82000732421875,152.57000732421875,154.16000366210938,150.61317443847656,12790400.0
2021-11-23,DIS,153.83999633789062,154.25,150.19000244140625,151.02999877929688,147.55517578125,17382900.0
2021-11-24,DIS,150.69000244140625,151.41000366210938,148.8000030517578,151.33999633789062,147.85801696777344,14123700.0
2021-11-26,DIS,146.8000030517578,148.85000610351562,145.85000610351562,148.11000061035156,144.70233154296875,12027700.0
2021-11-29,DIS,148.80999755859375,149.3000030517578,144.25,147.80999755859375,144.4092559814453,21231300.0
2021-11-30,DIS,146.72000122070312,147.27999877929688,143.11000061035156,144.89999389648438,141.56619262695312,26011100.0
2021-12-01,DIS,146.6999969482422,148.3699951171875,142.0399932861328,142.14999389648438,138.8794708251953,16469000.0
2021-12-02,DIS,142.83999633789062,147.64999389648438,142.77000427246094,147.1999969482422,143.81326293945312,18177700.0
2021-12-03,DIS,147.80999755859375,148.32000732421875,144.32000732421875,146.22000122070312,142.8558349609375,14975600.0
2021-12-06,DIS,147.27999877929688,150.74000549316406,146.6699981689453,150.3699951171875,146.91033935546875,14333900.0
2021-12-07,DIS,151.83999633789062,152.75999450683594,149.72000122070312,150.80999755859375,147.34022521972656,14661100.0
2021-12-08,DIS,150.91000366210938,153.66000366210938,150.55999755859375,153.33999633789062,149.81201171875,12886300.0
2021-12-09,DIS,152.27000427246094,154.2899932861328,151.6999969482422,152.94000244140625,149.4212188720703,11862300.0
2021-12-10,DIS,153.5800018310547,154.66000366210938,151.4499969482422,152.7100067138672,149.19651794433594,10247900.0
2021-12-13,DIS,152.1199951171875,152.5,149.2899932861328,150.42999267578125,146.96896362304688,10195800.0
2021-12-14,DIS,149.25999450683594,151.6199951171875,148.52000427246094,149.10000610351562,145.66957092285156,10872000.0
2021-12-15,DIS,148.75999450683594,150.9199981689453,147.35000610351562,150.39999389648438,146.93966674804688,12231500.0
2021-12-16,DIS,151.35000610351562,152.05999755859375,148.5800018310547,148.75,145.32762145996094,11145600.0
2021-12-17,DIS,148.50999450683594,149.83999633789062,146.57000732421875,148.75999450683594,145.33737182617188,13785000.0
2021-12-20,DIS,146.97999572753906,147.72999572753906,145.0800018310547,146.47000122070312,143.10009765625,11201900.0
2021-12-21,DIS,147.55999755859375,151.42999267578125,147.38999938964844,151.0500030517578,147.57470703125,10781400.0
2021-12-22,DIS,150.4199981689453,152.1999969482422,149.8699951171875,151.8800048828125,148.3856201171875,7820400.0
2021-12-23,DIS,152.32000732421875,154.19000244140625,151.92999267578125,153.6300048828125,150.0953369140625,6572400.0
2021-12-27,DIS,152.8800048828125,154.02000427246094,151.39999389648438,152.8000030517578,149.28445434570312,7762000.0
2021-12-28,DIS,152.6199951171875,156.5,152.41000366210938,155.1999969482422,151.62921142578125,12198700.0
2021-12-29,DIS,154.55999755859375,155.9199981689453,154.17999267578125,154.8699951171875,151.3068084716797,8737000.0
2021-12-30,DIS,155.7100067138672,157.07000732421875,155.50999450683594,155.92999267578125,152.34242248535156,7228400.0
2021-12-31,DIS,155.8699951171875,156.57000732421875,154.74000549316406,154.88999938964844,151.32635498046875,6410200.0
2022-01-03,DIS,155.8300018310547,157.55999755859375,155.36000061035156,156.75999450683594,153.15330505371094,10222800.0
2022-01-04,DIS,158.58999633789062,160.32000732421875,155.5500030517578,155.72999572753906,152.14703369140625,16582000.0
2022-01-05,DIS,156.52000427246094,159.3800048828125,155.10000610351562,155.19000244140625,151.6194610595703,12272100.0
2022-01-06,DIS,156.24000549316406,157.77000427246094,153.67999267578125,156.89999389648438,153.29010009765625,11095300.0
2022-01-07,DIS,156.89999389648438,159.3000030517578,156.2899932861328,157.8300018310547,154.19873046875,9554600.0
2022-01-10,DIS,157.97999572753906,158.27000427246094,154.64999389648438,156.60000610351562,152.9970245361328,8672900.0
2022-01-11,DIS,156.6199951171875,158.22000122070312,155.9499969482422,157.88999938964844,154.25735473632812,8042600.0
2022-01-12,DIS,158.5,158.99000549316406,156.3300018310547,157.8000030517578,154.16941833496094,6995600.0
2022-01-13,DIS,157.6999969482422,158.52999877929688,155.1699981689453,155.44000244140625,151.86370849609375,9680600.0
2022-01-14,DIS,152.35000610351562,152.6199951171875,148.4199981689453,151.94000244140625,148.44422912597656,16832000.0
2022-01-18,DIS,151.11000061035156,153.1300048828125,149.8300018310547,152.27000427246094,148.7666473388672,10419500.0
2022-01-19,DIS,150.83999633789062,152.86000061035156,149.9600067138672,150.11000061035156,146.65634155273438,10413200.0
2022-01-20,DIS,150.91000366210938,152.66000366210938,147.14999389648438,147.6199951171875,144.22361755371094,11760400.0
2022-01-21,DIS,141.22999572753906,141.8699951171875,136.6300048828125,137.3800048828125,134.21920776367188,34491800.0
2022-01-24,DIS,134.82000732421875,137.67999267578125,129.25999450683594,137.4600067138672,134.29737854003906,31419500.0
2022-01-25,DIS,135.2899932861328,137.75,132.3800048828125,136.50999450683594,133.3692169189453,14694400.0
2022-01-26,DIS,137.7100067138672,138.1999969482422,132.25999450683594,133.60000610351562,130.52618408203125,14569900.0
2022-01-27,DIS,135.07000732421875,137.91000366210938,134.02000427246094,135.4199981689453,132.3043212890625,11913900.0
2022-01-28,DIS,135.2100067138672,138.69000244140625,133.55999755859375,138.6300048828125,135.44046020507812,10011700.0
2022-01-31,DIS,138.86000061035156,143.14999389648438,138.47000122070312,142.97000122070312,139.68063354492188,10185500.0
2022-02-01,DIS,143.02000427246094,144.69000244140625,142.25,144.49000549316406,141.16561889648438,8573300.0
2022-02-02,DIS,144.19000244140625,144.58999633789062,141.3800048828125,142.6199951171875,139.33865356445312,9529900.0
2022-02-03,DIS,140.0,142.0399932861328,139.25,140.02999877929688,136.80825805664062,9820600.0
2022-02-04,DIS,140.0399932861328,143.19000244140625,139.52999877929688,142.02000427246094,138.75245666503906,8061100.0
2022-02-07,DIS,143.38999938964844,144.08999633789062,141.61000061035156,142.50999450683594,139.23118591308594,10937500.0
2022-02-08,DIS,141.7899932861328,142.88999938964844,140.74000549316406,142.47999572753906,139.20188903808594,9231700.0
2022-02-09,DIS,144.3699951171875,147.35000610351562,143.25,147.22999572753906,143.84259033203125,22877400.0
2022-02-10,DIS,156.02000427246094,157.5,151.11000061035156,152.16000366210938,148.65916442871094,42500300.0
2022-02-11,DIS,153.5399932861328,154.69000244140625,148.55999755859375,149.47000122070312,146.03106689453125,17975200.0
2022-02-14,DIS,149.3699951171875,153.72999572753906,149.2100067138672,150.85000610351562,147.3793182373047,14694700.0
2022-02-15,DIS,153.5399932861328,154.85000610351562,152.50999450683594,154.72000122070312,151.1602783203125,12726000.0
2022-02-16,DIS,154.97999572753906,156.72999572753906,153.75,156.35000610351562,152.7527618408203,10656400.0
2022-02-17,DIS,154.69000244140625,155.36000061035156,152.61000061035156,152.9499969482422,149.43096923828125,8110300.0
2022-02-18,DIS,152.91000366210938,153.67999267578125,150.0500030517578,151.36000061035156,147.8775634765625,10785500.0
2022-02-22,DIS,150.19000244140625,150.7899932861328,147.61000061035156,148.08999633789062,144.68280029296875,12227200.0
2022-02-23,DIS,149.5,149.74000549316406,145.5,145.8699951171875,142.51388549804688,9300700.0
2022-02-24,DIS,140.0,149.57000732421875,140.0,149.39999389648438,145.96266174316406,12475500.0
2022-02-25,DIS,149.55999755859375,150.27999877929688,147.22000122070312,149.52999877929688,146.08966064453125,10149500.0
2022-02-28,DIS,147.8300018310547,149.47999572753906,146.4600067138672,148.4600067138672,145.0443115234375,10834700.0
2022-03-01,DIS,147.86000061035156,148.14999389648438,143.77999877929688,145.6999969482422,142.34779357910156,8944000.0
2022-03-02,DIS,146.30999755859375,148.47000122070312,145.9199981689453,147.33999633789062,143.95004272460938,7851000.0
2022-03-03,DIS,147.30999755859375,148.64999389648438,144.4499969482422,145.57000732421875,142.22080993652344,8048400.0
2022-03-04,DIS,144.00999450683594,144.25999450683594,139.5500030517578,140.72000122070312,137.48239135742188,12913000.0
2022-03-07,DIS,140.27999877929688,140.88999938964844,133.44000244140625,133.5,130.428466796875,14549700.0
2022-03-08,DIS,133.02000427246094,135.49000549316406,129.2899932861328,131.75,128.71875,16552000.0
2022-03-09,DIS,135.49000549316406,135.5,133.36000061035156,133.64999389648438,130.57501220703125,14673100.0
2022-03-10,DIS,132.36000061035156,134.1999969482422,131.6199951171875,133.63999938964844,130.56527709960938,8447200.0
2022-03-11,DIS,135.0800018310547,136.16000366210938,131.57000732421875,131.75,128.71875,7058400.0
2022-03-14,DIS,130.97999572753906,133.07000732421875,128.3800048828125,129.02999877929688,126.06133270263672,9971500.0
2022-03-15,DIS,129.74000549316406,134.55999755859375,129.50999450683594,134.1999969482422,131.1123809814453,9834800.0
2022-03-16,DIS,135.64999389648438,138.97999572753906,134.94000244140625,138.13999938964844,134.9617462158203,10638700.0
2022-03-17,DIS,137.44000244140625,139.47000122070312,136.55999755859375,139.47000122070312,136.2611541748047,6816000.0
2022-03-18,DIS,139.5500030517578,140.72999572753906,138.3000030517578,140.3000030517578,137.07205200195312,11308800.0
2022-03-21,DIS,138.89999389648438,139.3000030517578,136.8800048828125,138.6199951171875,135.43069458007812,9090300.0
2022-03-22,DIS,139.05999755859375,142.19000244140625,138.89999389648438,140.11000061035156,136.8863983154297,8511600.0
2022-03-23,DIS,139.07000732421875,139.75999450683594,137.5399932861328,137.63999938964844,134.47325134277344,8761300.0
2022-03-24,DIS,138.5800018310547,139.27000427246094,137.41000366210938,138.9600067138672,135.7628631591797,5858800.0
2022-03-25,DIS,139.27999877929688,140.3800048828125,138.1199951171875,139.13999938964844,135.938720703125,5949400.0
2022-03-28,DIS,138.8800048828125,139.6300048828125,136.27999877929688,138.72000122070312,135.52838134765625,8456100.0
2022-03-29,DIS,140.9600067138672,144.4600067138672,140.9600067138672,142.3800048828125,139.1042022705078,11280700.0
2022-03-30,DIS,141.30999755859375,143.27000427246094,140.0800018310547,140.9600067138672,137.71685791015625,7922400.0
2022-03-31,DIS,140.13999938964844,140.8800048828125,137.11000061035156,137.16000366210938,134.0042724609375,12306500.0
2022-04-01,DIS,137.33999633789062,138.10000610351562,135.52999877929688,137.0,133.84796142578125,10341000.0
2022-04-04,DIS,136.97000122070312,139.25999450683594,136.88999938964844,138.5800018310547,135.3916015625,8174600.0
2022-04-05,DIS,137.74000549316406,139.1999969482422,135.1300048828125,135.6199951171875,132.4997100830078,8694100.0
2022-04-06,DIS,133.75,133.92999267578125,130.80999755859375,132.57000732421875,129.51988220214844,11679700.0
2022-04-07,DIS,133.00999450683594,133.2100067138672,130.02000427246094,131.8699951171875,128.83599853515625,9858700.0
2022-04-08,DIS,132.0,133.1199951171875,130.6300048828125,131.8699951171875,128.83599853515625,6702000.0
2022-04-11,DIS,130.0399932861328,132.42999267578125,130.0399932861328,130.64999389648438,127.64405822753906,9915300.0
2022-04-12,DIS,131.80999755859375,133.2100067138672,130.14999389648438,130.83999633789062,127.82968139648438,7885600.0
2022-04-13,DIS,131.0500030517578,132.88999938964844,130.75,132.35000610351562,129.30496215820312,7694500.0
2022-04-14,DIS,132.80999755859375,133.58999633789062,130.35000610351562,130.47000122070312,127.46820068359375,7283500.0
2022-04-18,DIS,130.07000732421875,130.22000122070312,126.81999969482422,127.7699966430664,124.830322265625,10571000.0
2022-04-19,DIS,128.08999633789062,133.19000244140625,127.79000091552734,131.89999389648438,128.8652801513672,12767200.0
2022-04-20,DIS,126.05000305175781,127.3499984741211,124.11000061035156,124.56999969482422,121.70394897460938,36465700.0
2022-04-21,DIS,125.54000091552734,126.44999694824219,121.27999877929688,121.66000366210938,118.86090087890625,18688600.0
2022-04-22,DIS,120.01000213623047,121.88999938964844,118.1500015258789,118.2699966430664,115.54888916015625,19472800.0
2022-04-25,DIS,117.66000366210938,120.33000183105469,116.75,119.94999694824219,117.19023132324219,16491000.0
2022-04-26,DIS,119.1500015258789,119.1500015258789,115.63999938964844,115.7699966430664,113.10641479492188,16116000.0
2022-04-27,DIS,115.43000030517578,116.9000015258789,113.38999938964844,115.20999908447266,112.55929565429688,15553000.0
2022-04-28,DIS,115.22000122070312,116.0,112.69000244140625,115.29000091552734,112.637451171875,23192100.0
2022-04-29,DIS,115.19999694824219,115.98999786376953,111.36000061035156,111.62999725341797,109.06165313720703,16907000.0
2022-05-02,DIS,111.70999908447266,113.66000366210938,111.01000213623047,113.5,110.88863372802734,14300700.0
2022-05-03,DIS,114.05000305175781,114.83000183105469,112.69000244140625,113.55000305175781,110.93749237060547,11149500.0
2022-05-04,DIS,113.37000274658203,116.44000244140625,111.83000183105469,116.19000244140625,113.51675415039062,11488300.0
2022-05-05,DIS,114.73999786376953,115.2699966430664,111.4800033569336,112.61000061035156,110.01911926269531,12720200.0
2022-05-06,DIS,111.7699966430664,112.08999633789062,108.30000305175781,110.29000091552734,107.75250244140625,12525200.0
2022-05-09,DIS,108.11000061035156,110.73999786376953,106.4800033569336,106.9800033569336,104.5186538696289,17941600.0
2022-05-10,DIS,109.83999633789062,110.69999694824219,106.13999938964844,107.68000030517578,105.20255279541016,15657700.0
2022-05-11,DIS,107.9000015258789,110.06999969482422,104.79000091552734,105.20999908447266,102.78936767578125,26933300.0
2022-05-12,DIS,102.9000015258789,105.0,99.47000122070312,104.30999755859375,101.91007995605469,36298800.0
2022-05-13,DIS,105.36000061035156,107.69000244140625,105.30999755859375,107.33000183105469,104.860595703125,16782600.0
2022-05-16,DIS,107.45999908447266,107.62000274658203,104.8499984741211,105.18000030517578,102.76006317138672,11993600.0
2022-05-17,DIS,107.7300033569336,108.79000091552734,106.30000305175781,108.63999938964844,106.14045715332031,11847600.0
2022-05-18,DIS,107.37999725341797,107.66000366210938,103.87999725341797,104.30000305175781,101.90030670166016,11794000.0
2022-05-19,DIS,103.43000030517578,105.30000305175781,102.95999908447266,103.13999938964844,100.76699829101562,11285000.0
2022-05-20,DIS,104.48999786376953,104.80000305175781,100.05000305175781,102.41999816894531,100.06356048583984,15650400.0
2022-05-23,DIS,103.76000213623047,106.02999877929688,101.55999755859375,105.83000183105469,103.39510345458984,14402400.0
2022-05-24,DIS,103.70999908447266,103.83999633789062,100.12999725341797,101.58999633789062,99.25265502929688,13970200.0
2022-05-25,DIS,101.43000030517578,103.80999755859375,101.16000366210938,103.26000213623047,100.88424682617188,11026600.0
2022-05-26,DIS,104.22000122070312,106.12999725341797,103.95999908447266,105.61000061035156,103.18016815185547,11297800.0
2022-05-27,DIS,106.88999938964844,109.37000274658203,106.52999877929688,109.31999969482422,106.8048095703125,13671300.0
2022-05-31,DIS,110.0,111.23999786376953,107.91000366210938,110.44000244140625,107.89904022216797,20274600.0
2022-06-01,DIS,112.01000213623047,112.8499984741211,108.2699966430664,109.19000244140625,106.67781066894531,11829700.0
2022-06-02,DIS,109.43000030517578,110.94999694824219,107.91000366210938,110.87000274658203,108.31914520263672,8829900.0
2022-06-03,DIS,109.16999816894531,109.8499984741211,107.91999816894531,108.66999816894531,106.16976165771484,6767600.0
2022-06-06,DIS,109.75,110.19000244140625,107.6500015258789,107.83000183105469,105.34908294677734,7575900.0
2022-06-07,DIS,106.79000091552734,107.91999816894531,106.0,107.79000091552734,105.31000518798828,7279100.0
2022-06-08,DIS,107.43000030517578,109.36000061035156,106.95999908447266,107.33999633789062,104.870361328125,7019500.0
2022-06-09,DIS,106.52999877929688,107.05999755859375,103.25,103.30000305175781,100.92332458496094,8261200.0
2022-06-10,DIS,101.43000030517578,102.12000274658203,99.37999725341797,99.4000015258789,97.11305236816406,15369700.0
2022-06-13,DIS,97.61000061035156,97.61000061035156,94.83000183105469,95.70999908447266,93.50794982910156,15239700.0
2022-06-14,DIS,96.2699966430664,96.2699966430664,93.0999984741211,94.22000122070312,92.05223083496094,12443700.0
2022-06-15,DIS,94.61000061035156,97.30000305175781,94.08999633789062,95.87999725341797,93.67402648925781,11751600.0
2022-06-16,DIS,94.01000213623047,95.37999725341797,93.41000366210938,94.27999877929688,92.11083984375,15298500.0
2022-06-17,DIS,94.01000213623047,95.97000122070312,93.47000122070312,94.33999633789062,92.16946411132812,15403800.0
2022-06-21,DIS,94.9000015258789,95.44999694824219,93.2699966430664,93.29000091552734,91.14363098144531,16649800.0
2022-06-22,DIS,92.16999816894531,94.61000061035156,92.01000213623047,93.5,91.34879302978516,11403500.0
2022-06-23,DIS,93.95999908447266,94.6500015258789,92.06999969482422,94.30000305175781,92.13038635253906,11348800.0
2022-06-24,DIS,95.44999694824219,98.56999969482422,95.4000015258789,97.77999877929688,95.53031158447266,11681200.0
2022-06-27,DIS,98.22000122070312,98.2300033569336,95.80000305175781,96.61000061035156,94.38723754882812,10793700.0
2022-06-28,DIS,99.73999786376953,100.4000015258789,95.77999877929688,95.91999816894531,93.7131118774414,16812400.0
2022-06-29,DIS,95.94999694824219,96.19999694824219,94.52999877929688,95.6500015258789,93.44932556152344,8653200.0
2022-06-30,DIS,94.41999816894531,95.44000244140625,92.54000091552734,94.4000015258789,92.22808837890625,10983500.0
2022-07-01,DIS,94.23999786376953,96.30999755859375,93.9800033569336,96.13999938964844,93.92804718017578,10543400.0
2022-07-05,DIS,94.26000213623047,97.2300033569336,92.30999755859375,97.18000030517578,94.94412994384766,10660600.0
2022-07-06,DIS,97.52999877929688,98.19000244140625,95.4000015258789,96.08000183105469,93.86943817138672,8640200.0
2022-07-07,DIS,96.9000015258789,97.52999877929688,95.93000030517578,97.43000030517578,95.18836975097656,7813100.0
2022-07-08,DIS,96.56999969482422,97.12000274658203,95.3499984741211,95.86000061035156,93.65448760986328,7717300.0
2022-07-11,DIS,95.0,95.33999633789062,93.43000030517578,93.63999938964844,91.48556518554688,7643700.0
2022-07-12,DIS,93.58000183105469,95.25,93.30999755859375,93.5999984741211,91.44648742675781,8665300.0
2022-07-13,DIS,92.12000274658203,93.25,91.01000213623047,92.94000244140625,90.80167388916016,12006400.0
2022-07-14,DIS,91.4800033569336,92.04000091552734,90.2300033569336,91.83999633789062,89.72698974609375,11146400.0
2022-07-15,DIS,92.91000366210938,95.31999969482422,92.69999694824219,95.19999694824219,93.00968170166016,14946700.0
2022-07-18,DIS,96.36000061035156,97.2699966430664,95.30999755859375,95.69999694824219,93.4981689453125,10430400.0
2022-07-19,DIS,96.68000030517578,99.8499984741211,96.68000030517578,99.61000061035156,97.3182144165039,13683400.0
2022-07-20,DIS,100.25,104.26000213623047,99.94999694824219,103.3499984741211,100.97216796875,15112700.0
2022-07-21,DIS,102.70999908447266,104.25,101.61000061035156,104.18000030517578,101.7830810546875,8611300.0
2022-07-22,DIS,103.27999877929688,104.56999969482422,102.11000061035156,102.72000122070312,100.35665893554688,7803500.0
2022-07-25,DIS,102.77999877929688,103.38999938964844,101.80999755859375,102.69000244140625,100.32735443115234,6726700.0
2022-07-26,DIS,102.13999938964844,102.36000061035156,99.55999755859375,99.77999877929688,97.48429870605469,6346600.0
2022-07-27,DIS,100.97000122070312,103.6500015258789,100.80999755859375,103.5,101.11871337890625,9684800.0
2022-07-28,DIS,103.25,104.97000122070312,102.70999908447266,104.9000015258789,102.48650360107422,7970300.0
2022-07-29,DIS,105.13999938964844,106.33999633789062,103.37000274658203,106.0999984741211,103.65889739990234,10320000.0
2022-08-01,DIS,104.87000274658203,106.6500015258789,103.86000061035156,106.22000122070312,103.77613830566406,7769700.0
2022-08-02,DIS,105.73999786376953,106.36000061035156,104.62000274658203,104.70999908447266,102.3008804321289,9093000.0
2022-08-03,DIS,105.7300033569336,109.69999694824219,105.7300033569336,109.0199966430664,106.51171112060547,11243000.0
2022-08-04,DIS,108.91999816894531,109.44999694824219,107.66000366210938,108.12000274658203,105.6324234008789,7322400.0
2022-08-05,DIS,106.80999755859375,107.69999694824219,105.37000274658203,106.62999725341797,104.17669677734375,10100000.0
2022-08-08,DIS,108.20999908447266,111.2300033569336,107.9000015258789,109.11000061035156,106.59964752197266,13025900.0
2022-08-09,DIS,109.22000122070312,109.22000122070312,107.02999877929688,108.12999725341797,105.64218139648438,8776500.0
2022-08-10,DIS,112.4800033569336,112.66999816894531,109.91000366210938,112.43000030517578,109.84325408935547,26398700.0
2022-08-11,DIS,122.20999908447266,123.2699966430664,117.33000183105469,117.69000244140625,114.98224639892578,50375000.0
2022-08-12,DIS,119.0,121.61000061035156,118.91999816894531,121.56999969482422,118.7729721069336,21964800.0
2022-08-15,DIS,121.0,125.95999908447266,120.98999786376953,124.26000213623047,121.40108489990234,24628300.0
2022-08-16,DIS,124.7300033569336,126.4800033569336,123.44999694824219,124.95999908447266,122.08496856689453,14607300.0
2022-08-17,DIS,123.44999694824219,124.4800033569336,122.56999969482422,122.80999755859375,119.98443603515625,9140900.0
2022-08-18,DIS,123.01000213623047,123.12999725341797,121.70999908447266,122.66999816894531,119.84766387939453,7343900.0
2022-08-19,DIS,121.25,121.38999938964844,119.4800033569336,120.13999938964844,117.37586975097656,8702500.0
2022-08-22,DIS,117.69999694824219,118.20999908447266,115.69000244140625,115.94000244140625,113.27250671386719,11575800.0
2022-08-23,DIS,115.9800033569336,116.37000274658203,114.62000274658203,114.86000061035156,112.21734619140625,7180700.0
2022-08-24,DIS,114.66999816894531,117.16000366210938,114.0999984741211,116.41000366210938,113.731689453125,7840500.0
2022-08-25,DIS,117.0199966430664,117.7699966430664,116.11000061035156,117.45999908447266,114.75752258300781,6920900.0
2022-08-26,DIS,117.47000122070312,118.37000274658203,113.88999938964844,114.06999969482422,111.44551849365234,7807400.0
2022-08-29,DIS,112.54000091552734,114.47000122070312,112.41000366210938,113.52999877929688,110.9179458618164,6882700.0
2022-08-30,DIS,114.27999877929688,114.75,111.44999694824219,112.43000030517578,109.84325408935547,8060000.0
2022-08-31,DIS,112.87000274658203,113.75,111.8499984741211,112.08000183105469,109.50131225585938,7353000.0
2022-09-01,DIS,111.79000091552734,112.58999633789062,110.02999877929688,112.52999877929688,109.94094848632812,7718700.0
2022-09-02,DIS,113.05000305175781,113.88999938964844,110.83999633789062,111.19999694824219,108.64154815673828,8465100.0
2022-09-06,DIS,111.7699966430664,111.77999877929688,108.5199966430664,110.08999633789062,107.55709075927734,9537300.0
2022-09-07,DIS,109.87000274658203,112.95999908447266,109.87000274658203,112.69000244140625,110.09728240966797,8193900.0
2022-09-08,DIS,111.06999969482422,112.98999786376953,110.36000061035156,112.33000183105469,109.74555206298828,8443300.0
2022-09-09,DIS,113.2699966430664,115.52999877929688,113.19000244140625,115.18000030517578,112.52998352050781,9563100.0
2022-09-12,DIS,116.13999938964844,117.48999786376953,115.2699966430664,116.38999938964844,113.71214294433594,7923400.0
2022-09-13,DIS,113.05000305175781,113.81999969482422,111.16999816894531,111.76000213623047,109.18866729736328,10504600.0
2022-09-14,DIS,111.8499984741211,112.73999786376953,109.87999725341797,112.5,109.9116439819336,8610400.0
2022-09-15,DIS,112.38999938964844,114.41000366210938,110.70999908447266,110.7699966430664,108.22145080566406,9739800.0
2022-09-16,DIS,109.20999908447266,109.58000183105469,106.95999908447266,108.25,105.7594223022461,15978800.0
2022-09-19,DIS,107.52999877929688,109.22000122070312,107.04000091552734,109.16999816894531,106.65825653076172,7979500.0
2022-09-20,DIS,108.27999877929688,108.41000366210938,106.86000061035156,107.56999969482422,105.09507751464844,6957400.0
2022-09-21,DIS,107.38999938964844,108.04000091552734,104.48999786376953,104.48999786376953,102.0859375,9776400.0
2022-09-22,DIS,104.20999908447266,104.66000366210938,102.0199966430664,102.16000366210938,99.80955505371094,10953400.0
2022-09-23,DIS,100.62000274658203,101.18000030517578,98.0199966430664,99.5,97.21074676513672,11976900.0
2022-09-26,DIS,98.94999694824219,100.66000366210938,98.05999755859375,98.12000274658203,95.86249542236328,9760500.0
2022-09-27,DIS,99.52999877929688,99.63999938964844,95.43000030517578,95.8499984741211,93.64471435546875,13360200.0
2022-09-28,DIS,95.79000091552734,99.87000274658203,95.44999694824219,99.4000015258789,97.11305236816406,12895500.0
2022-09-29,DIS,98.52999877929688,98.5999984741211,96.2300033569336,97.44999694824219,95.2079086303711,9435100.0
2022-09-30,DIS,96.5,97.4800033569336,94.27999877929688,94.33000183105469,92.15969848632812,12094900.0
2022-10-03,DIS,95.7300033569336,97.77999877929688,94.5,97.12999725341797,94.89527130126953,9468400.0
2022-10-04,DIS,98.68000030517578,101.5199966430664,98.2300033569336,101.44000244140625,99.10610961914062,10229000.0
2022-10-05,DIS,100.04000091552734,101.22000122070312,98.69999694824219,100.80000305175781,98.4808349609375,7562800.0
2022-10-06,DIS,100.43000030517578,101.45999908447266,99.87000274658203,100.04000091552734,97.73832702636719,6728200.0
2022-10-07,DIS,98.51000213623047,98.80000305175781,96.44999694824219,97.16000366210938,94.92459106445312,7051000.0
2022-10-10,DIS,97.58999633789062,97.73999786376953,94.41999816894531,95.16000366210938,92.97061157226562,9532300.0
2022-10-11,DIS,94.80999755859375,95.05999755859375,92.6500015258789,93.0999984741211,90.9579849243164,8900900.0
2022-10-12,DIS,93.16000366210938,94.06999969482422,92.19999694824219,93.41000366210938,91.2608642578125,6156200.0
2022-10-13,DIS,91.56999969482422,96.97000122070312,90.70999908447266,96.63999938964844,94.41654205322266,11025400.0
2022-10-14,DIS,97.47000122070312,98.08999633789062,94.33000183105469,94.44999694824219,92.27693176269531,8202100.0
2022-10-17,DIS,96.37999725341797,97.97000122070312,96.26000213623047,97.33000183105469,95.09066772460938,7083800.0
2022-10-18,DIS,99.87000274658203,100.37000274658203,97.63999938964844,98.4800033569336,96.2142105102539,8533500.0
2022-10-19,DIS,100.44000244140625,101.87000274658203,98.5,98.98999786376953,96.71247100830078,11731000.0
2022-10-20,DIS,98.2300033569336,100.75,98.11000061035156,98.58999633789062,96.3216781616211,8212400.0
2022-10-21,DIS,98.3499984741211,102.30000305175781,97.88999938964844,102.04000091552734,99.69230651855469,10193400.0
2022-10-24,DIS,102.12000274658203,103.19000244140625,100.12000274658203,101.72000122070312,99.37967681884766,8221500.0
2022-10-25,DIS,102.16000366210938,104.7300033569336,102.02999877929688,104.36000061035156,101.95891571044922,7687500.0
2022-10-26,DIS,103.52999877929688,107.43000030517578,103.52999877929688,104.62999725341797,102.22270965576172,9203700.0
2022-10-27,DIS,105.80999755859375,106.87000274658203,104.30999755859375,104.44000244140625,102.03709411621094,8673500.0
2022-10-28,DIS,104.08000183105469,106.08999633789062,103.52999877929688,105.94999694824219,103.51233673095703,7250900.0
2022-10-31,DIS,105.66000366210938,106.9000015258789,104.81999969482422,106.54000091552734,104.0887680053711,8814800.0
2022-11-01,DIS,107.69999694824219,108.83999633789062,105.63999938964844,106.0,103.56120300292969,7955800.0
2022-11-02,DIS,105.44999694824219,106.08000183105469,101.79000091552734,101.81999969482422,99.47737121582031,9583200.0
2022-11-03,DIS,100.19999694824219,100.69999694824219,98.55999755859375,99.25,96.96649169921875,8978400.0
2022-11-04,DIS,101.1500015258789,101.16000366210938,98.11000061035156,99.58000183105469,97.28890991210938,11035800.0
2022-11-07,DIS,100.87999725341797,101.55999755859375,98.98999786376953,100.43000030517578,98.11934661865234,11355200.0
2022-11-08,DIS,100.73999786376953,101.97000122070312,98.05000305175781,99.9000015258789,97.60154724121094,27130300.0
2022-11-09,DIS,90.55000305175781,91.0999984741211,86.27999877929688,86.75,84.75409698486328,62029800.0
2022-11-10,DIS,89.75,90.5,87.61000061035156,90.45999908447266,88.37873840332031,36968100.0
2022-11-11,DIS,91.58000183105469,95.58000183105469,91.0999984741211,95.01000213623047,92.82405090332031,22373300.0
2022-11-14,DIS,95.8499984741211,96.62000274658203,94.20999908447266,94.27999877929688,92.11083984375,20598000.0
2022-11-15,DIS,96.0,97.18000030517578,93.69999694824219,95.51000213623047,93.31255340576172,15801900.0
2022-11-16,DIS,95.22000122070312,95.22000122070312,93.72000122070312,93.94999694824219,91.7884292602539,11137700.0
2022-11-17,DIS,92.12000274658203,92.2699966430664,90.8499984741211,91.44999694824219,89.34595489501953,12306400.0
2022-11-18,DIS,92.86000061035156,93.16000366210938,90.91000366210938,91.80000305175781,89.68791198730469,10011700.0
2022-11-21,DIS,100.12000274658203,100.88999938964844,96.31999969482422,97.58000183105469,95.33493041992188,70273500.0
2022-11-22,DIS,97.0,97.66999816894531,94.68000030517578,96.20999908447266,93.9964370727539,25753700.0
2022-11-23,DIS,96.0,99.33999633789062,95.77999877929688,98.87999725341797,96.6050033569336,15503200.0
2022-11-25,DIS,98.80999755859375,99.80999755859375,98.08000183105469,98.87000274658203,96.59524536132812,6664300.0
2022-11-28,DIS,98.20999908447266,99.12999725341797,95.43000030517578,95.69000244140625,93.4884033203125,13660000.0
2022-11-29,DIS,96.0,96.43000030517578,93.91999816894531,94.69000244140625,92.51140594482422,13205300.0
2022-11-30,DIS,94.94999694824219,97.94000244140625,93.87000274658203,97.87000274658203,95.61824798583984,15368100.0
2022-12-01,DIS,97.87000274658203,98.83999633789062,96.58000183105469,98.58999633789062,96.3216781616211,13855700.0
2022-12-02,DIS,97.45999908447266,99.69000244140625,97.01000213623047,99.43000030517578,97.14236450195312,12608100.0
2022-12-05,DIS,98.23999786376953,99.16000366210938,95.66999816894531,95.93000030517578,93.7228775024414,10764500.0
2022-12-06,DIS,95.7300033569336,96.0,91.9800033569336,92.29000091552734,90.1666259765625,11492400.0
2022-12-07,DIS,92.66000366210938,92.79000091552734,91.26000213623047,92.1500015258789,90.02985382080078,10353400.0
2022-12-08,DIS,92.5,93.43000030517578,91.66999816894531,92.55000305175781,90.420654296875,9351200.0
2022-12-09,DIS,92.37000274658203,94.91000366210938,91.9000015258789,93.37999725341797,91.23155212402344,10111900.0
2022-12-12,DIS,93.7300033569336,94.66000366210938,92.61000061035156,94.66000366210938,92.48210144042969,14140700.0
2022-12-13,DIS,96.48999786376953,97.38999938964844,93.56999969482422,94.69999694824219,92.52117919921875,22882100.0
2022-12-14,DIS,94.54000091552734,95.47000122070312,92.62000274658203,94.1500015258789,91.98384094238281,11505400.0
2022-12-15,DIS,92.47000122070312,93.12000274658203,90.12000274658203,90.48999786376953,88.40805053710938,15957700.0
2022-12-16,DIS,90.19000244140625,91.08000183105469,88.80999755859375,90.08000183105469,88.00747680664062,26383900.0
2022-12-19,DIS,89.44000244140625,89.45999908447266,85.41000366210938,85.77999877929688,83.80640411376953,19225300.0
2022-12-20,DIS,86.08000183105469,87.83999633789062,85.76000213623047,87.0199966430664,85.01787567138672,14918400.0
2022-12-21,DIS,87.19000244140625,88.0999984741211,86.4800033569336,86.91999816894531,84.92017364501953,11004800.0
2022-12-22,DIS,86.02999877929688,86.7300033569336,84.69000244140625,86.66999816894531,84.67593383789062,15487400.0
2022-12-23,DIS,86.05999755859375,88.06999969482422,85.7699966430664,88.01000213623047,85.98509979248047,11171600.0
2022-12-27,DIS,87.41999816894531,87.94000244140625,85.95999908447266,86.37000274658203,84.3828353881836,11561400.0
2022-12-28,DIS,86.08000183105469,86.69000244140625,84.06999969482422,84.16999816894531,82.23345184326172,12399500.0
2022-12-29,DIS,85.25,88.23999786376953,84.97000122070312,87.18000030517578,85.1741943359375,13045100.0
2022-12-30,DIS,85.7300033569336,87.12000274658203,85.2300033569336,86.87999725341797,84.88109588623047,23231000.0
2023-01-03,DIS,88.9800033569336,89.97000122070312,87.83000183105469,88.97000122070312,86.92301177978516,14997100.0
2023-01-04,DIS,90.0,92.75,89.36000061035156,91.9800033569336,89.86376190185547,14957200.0
2023-01-05,DIS,91.66000366210938,92.4800033569336,90.51000213623047,91.91999816894531,89.80513763427734,11622600.0
2023-01-06,DIS,92.66000366210938,94.69000244140625,91.31999969482422,93.91999816894531,91.75912475585938,9828100.0
2023-01-09,DIS,94.43000030517578,95.69999694824219,93.44999694824219,94.7699966430664,92.58956909179688,11675800.0
2023-01-10,DIS,94.27999877929688,95.63999938964844,93.81999969482422,95.55999755859375,93.36138916015625,6914600.0
2023-01-11,DIS,95.91999816894531,96.55000305175781,95.05000305175781,96.33000183105469,94.11368560791016,8757300.0
2023-01-12,DIS,98.5,100.62999725341797,97.56999969482422,99.80999755859375,97.51361083984375,19764300.0
2023-01-13,DIS,99.37999725341797,99.5999984741211,98.01000213623047,99.4000015258789,97.11305236816406,12230200.0
2023-01-17,DIS,100.31999969482422,100.98999786376953,99.0,99.91000366210938,97.61131286621094,14914200.0
2023-01-18,DIS,100.27999877929688,101.12999725341797,98.72000122070312,99.04000091552734,96.7613296508789,11384500.0
2023-01-19,DIS,98.12000274658203,99.44999694824219,97.12000274658203,99.08000183105469,96.80040740966797,10973600.0
2023-01-20,DIS,100.33999633789062,103.58999633789062,99.30000305175781,103.4800033569336,101.09917449951172,14549900.0
2023-01-23,DIS,103.29000091552734,105.94999694824219,102.91999816894531,105.69000244140625,103.25833129882812,11479100.0
2023-01-24,DIS,104.69999694824219,108.44000244140625,102.0,106.0,103.56120300292969,8606700.0
2023-01-25,DIS,104.95999908447266,108.16000366210938,104.18000030517578,108.12000274658203,105.6324234008789,10008000.0
2023-01-26,DIS,108.16999816894531,109.76000213623047,107.56999969482422,109.69999694824219,107.17605590820312,9204400.0
2023-01-27,DIS,109.26000213623047,110.58000183105469,109.16000366210938,109.54000091552734,107.01974487304688,10249700.0
2023-01-30,DIS,108.26000213623047,108.97000122070312,107.4800033569336,107.58999633789062,105.11461639404297,8548500.0
2023-01-31,DIS,107.58000183105469,108.72000122070312,107.44999694824219,108.48999786376953,105.99390411376953,8251700.0
2023-02-01,DIS,108.5,109.94000244140625,106.9000015258789,109.38999938964844,106.87319946289062,9975500.0
2023-02-02,DIS,110.66999816894531,113.52999877929688,109.69000244140625,113.20999908447266,110.60530853271484,13093200.0
2023-02-03,DIS,111.47000122070312,113.13999938964844,110.37000274658203,110.70999908447266,108.16282653808594,12472500.0
2023-02-06,DIS,110.16999816894531,110.43000030517578,108.52999877929688,109.87000274658203,107.3421630859375,11956500.0
2023-02-07,DIS,109.30000305175781,112.12000274658203,108.86000061035156,111.62999725341797,109.06165313720703,10844000.0
2023-02-08,DIS,112.19999694824219,113.33000183105469,110.29000091552734,111.77999877929688,109.20821380615234,27719900.0
2023-02-09,DIS,118.04000091552734,118.18000030517578,109.80999755859375,110.36000061035156,107.82088470458984,46137200.0
2023-02-10,DIS,108.95999908447266,109.73999786376953,107.20999908447266,108.05999755859375,105.57379913330078,15566000.0
2023-02-13,DIS,108.0999984741211,108.29000091552734,106.55000305175781,107.66000366210938,105.1830062866211,12341500.0
2023-02-14,DIS,106.81999969482422,108.44000244140625,105.81999969482422,107.66000366210938,105.1830062866211,10768100.0
2023-02-15,DIS,107.08999633789062,109.2699966430664,106.69999694824219,109.23999786376953,106.72663879394531,8156000.0
2023-02-16,DIS,107.55000305175781,108.0199966430664,105.69999694824219,105.83000183105469,103.39510345458984,9479900.0
2023-02-17,DIS,105.02999877929688,105.80000305175781,103.87999725341797,105.22000122070312,102.79914855957031,9492200.0
2023-02-21,DIS,103.55000305175781,103.7300033569336,101.83000183105469,102.08999633789062,99.74115753173828,10648200.0
2023-02-22,DIS,101.33000183105469,102.55999755859375,101.08999633789062,101.68000030517578,99.34058380126953,9885100.0
2023-02-23,DIS,101.44999694824219,102.05000305175781,99.61000061035156,101.7300033569336,99.38944244384766,10974800.0
2023-02-24,DIS,99.52999877929688,100.43000030517578,98.95999908447266,100.30000305175781,97.99234008789062,8523000.0
2023-02-27,DIS,100.7300033569336,101.47000122070312,100.05999755859375,100.44999694824219,98.13888549804688,6641200.0
2023-02-28,DIS,100.44999694824219,100.75,99.56999969482422,99.61000061035156,97.3182144165039,8233700.0
2023-03-01,DIS,99.19000244140625,99.62999725341797,98.0999984741211,98.54000091552734,96.27283477783203,7898300.0
2023-03-02,DIS,97.73999786376953,99.29000091552734,97.41999816894531,98.91999816894531,96.64408111572266,7776600.0
2023-03-03,DIS,99.66999816894531,101.18000030517578,98.87999725341797,101.13999938964844,98.8130111694336,7434300.0
2023-03-06,DIS,101.61000061035156,102.69999694824219,100.48999786376953,100.66000366210938,98.34406280517578,6773300.0
2023-03-07,DIS,100.4000015258789,100.94000244140625,98.88999938964844,99.05999755859375,96.78086853027344,6951300.0
2023-03-08,DIS,99.0,99.62000274658203,98.30000305175781,99.30000305175781,97.0153579711914,5668700.0
2023-03-09,DIS,99.44999694824219,100.05000305175781,95.91999816894531,96.13999938964844,93.92804718017578,8275600.0
2023-03-10,DIS,95.5999984741211,95.9000015258789,92.83000183105469,93.56999969482422,91.41718292236328,13978800.0
2023-03-13,DIS,91.88999938964844,94.0199966430664,90.45999908447266,92.5999984741211,90.46949005126953,11915300.0
2023-03-14,DIS,94.0,94.30000305175781,92.33999633789062,93.36000061035156,91.2120132446289,10323600.0
2023-03-15,DIS,91.62999725341797,93.36000061035156,91.41000366210938,93.0999984741211,90.9579849243164,9543800.0
2023-03-16,DIS,92.66999816894531,94.55999755859375,91.88999938964844,94.29000091552734,92.12061309814453,9931700.0
2023-03-17,DIS,94.05000305175781,94.2699966430664,92.91000366210938,93.19999694824219,91.05569458007812,12943200.0
2023-03-20,DIS,93.43000030517578,94.91999816894531,93.0,94.22000122070312,92.05223083496094,6657200.0
2023-03-21,DIS,95.16999816894531,96.8499984741211,95.16999816894531,96.54000091552734,94.31885528564453,7285800.0
2023-03-22,DIS,97.44999694824219,97.93000030517578,94.81999969482422,94.9000015258789,92.7165756225586,8811100.0
2023-03-23,DIS,95.27999877929688,97.0199966430664,94.76000213623047,95.83000183105469,93.62518310546875,9527000.0
2023-03-24,DIS,94.80999755859375,95.0,93.0199966430664,94.08000183105469,91.91545104980469,9534600.0
2023-03-27,DIS,94.77999877929688,96.0199966430664,94.37999725341797,95.62000274658203,93.4200210571289,7487900.0
2023-03-28,DIS,95.51000213623047,96.0,94.58999633789062,94.81999969482422,92.63842010498047,5426100.0
2023-03-29,DIS,96.08000183105469,96.91000366210938,95.3499984741211,96.87000274658203,94.64125061035156,5889100.0
2023-03-30,DIS,98.7300033569336,98.91999816894531,97.66999816894531,98.0999984741211,95.84294128417969,7669500.0
2023-03-31,DIS,98.88999938964844,100.19999694824219,98.5,100.12999725341797,97.82624816894531,8920000.0
2023-04-03,DIS,100.20999908447266,100.43000030517578,99.2699966430664,99.76000213623047,97.46476745605469,7313200.0
2023-04-04,DIS,100.30000305175781,100.41999816894531,98.76000213623047,99.56999969482422,97.27912902832031,6794200.0
2023-04-05,DIS,99.69999694824219,100.18000030517578,98.62999725341797,99.91000366210938,97.61131286621094,7747200.0
2023-04-06,DIS,99.44000244140625,100.31999969482422,98.55000305175781,99.97000122070312,97.66993713378906,7042500.0
2023-04-10,DIS,99.30000305175781,100.80999755859375,98.9000015258789,100.80999755859375,98.4906005859375,8016600.0
2023-04-11,DIS,101.16000366210938,101.91000366210938,100.29000091552734,100.41999816894531,98.10957336425781,7504600.0
2023-04-12,DIS,101.25,102.22000122070312,97.69999694824219,97.94000244140625,95.68663787841797,9289200.0
2023-04-13,DIS,98.51000213623047,101.06999969482422,98.51000213623047,100.83999633789062,98.51991271972656,8745000.0
2023-04-14,DIS,100.5,100.86000061035156,98.93000030517578,99.9000015258789,97.60154724121094,7337300.0
2023-04-17,DIS,99.56999969482422,100.56999969482422,99.1500015258789,100.30000305175781,97.99234008789062,6705300.0
2023-04-18,DIS,100.61000061035156,101.1500015258789,99.5999984741211,100.93000030517578,98.60784912109375,8180100.0
2023-04-19,DIS,99.77999877929688,99.83000183105469,98.36000061035156,98.75,96.4780044555664,11523300.0
2023-04-20,DIS,97.75,98.58000183105469,97.38999938964844,98.06999969482422,95.81364440917969,7762700.0
2023-04-21,DIS,98.16000366210938,99.72000122070312,97.72000122070312,99.56999969482422,97.27912902832031,9468000.0
2023-04-24,DIS,100.1500015258789,100.73999786376953,98.66999816894531,99.68000030517578,97.38660430908203,8540600.0
2023-04-25,DIS,99.37999725341797,99.70999908447266,98.01000213623047,98.01000213623047,95.75503540039062,6511400.0
2023-04-26,DIS,97.83999633789062,98.4800033569336,96.45999908447266,96.61000061035156,94.38723754882812,8634500.0
2023-04-27,DIS,97.12999725341797,100.06999969482422,96.70999908447266,99.93000030517578,97.63085174560547,8166500.0
2023-04-28,DIS,99.37000274658203,102.55999755859375,99.08000183105469,102.5,100.14173126220703,11329700.0
2023-05-01,DIS,102.41000366210938,102.61000061035156,101.61000061035156,102.20999908447266,99.85839080810547,6909500.0
2023-05-02,DIS,101.33000183105469,101.69999694824219,99.62000274658203,100.5999984741211,98.28543853759766,6955900.0
2023-05-03,DIS,101.05999755859375,102.58000183105469,100.63999938964844,100.86000061035156,98.53944396972656,7772100.0
2023-05-04,DIS,99.54000091552734,99.54000091552734,96.61000061035156,97.44999694824219,95.2079086303711,13260700.0
2023-05-05,DIS,98.58999633789062,100.8499984741211,98.11000061035156,100.5199966430664,98.20726776123047,9300100.0
2023-05-08,DIS,101.69999694824219,103.91000366210938,101.69000244140625,102.97000122070312,100.60091400146484,10810100.0
2023-05-09,DIS,102.91000366210938,102.9800033569336,102.08999633789062,102.18000030517578,99.82908630371094,6829900.0
2023-05-10,DIS,103.0,103.25,100.04000091552734,101.13999938964844,98.8130111694336,19525200.0
2023-05-11,DIS,94.80000305175781,95.11000061035156,91.87999725341797,92.30999755859375,90.18616485595703,57127200.0
2023-05-12,DIS,92.33999633789062,92.87999725341797,91.23999786376953,91.98999786376953,89.87351989746094,21837500.0
2023-05-15,DIS,91.54000091552734,92.87000274658203,90.69999694824219,92.86000061035156,90.72351837158203,16792000.0
2023-05-16,DIS,92.04000091552734,92.41999816894531,90.77999877929688,90.9800033569336,88.88677215576172,17013300.0
2023-05-17,DIS,91.0199966430664,93.05000305175781,90.8499984741211,92.7699966430664,90.63557434082031,12461600.0
2023-05-18,DIS,92.8499984741211,94.23999786376953,92.45999908447266,93.76000213623047,91.60281372070312,15014800.0
2023-05-19,DIS,93.0,93.0,91.31999969482422,91.3499984741211,89.24825286865234,16429000.0
2023-05-22,DIS,91.33000183105469,91.94000244140625,89.88999938964844,91.81999969482422,89.70744323730469,14150600.0
2023-05-23,DIS,91.0999984741211,92.02999877929688,89.80999755859375,89.81999969482422,87.75346374511719,14778700.0
2023-05-24,DIS,89.44000244140625,89.48999786376953,88.41000366210938,89.06999969482422,87.02070617675781,15350800.0
2023-05-25,DIS,89.55999755859375,89.55999755859375,87.79000091552734,88.13999938964844,86.11211395263672,13605800.0
2023-05-26,DIS,88.48999786376953,89.23999786376953,88.0999984741211,88.29000091552734,86.25865936279297,12892700.0
2023-05-30,DIS,88.97000122070312,88.97000122070312,87.01000213623047,87.81999969482422,85.79947662353516,14800700.0
2023-05-31,DIS,87.58000183105469,88.16999816894531,87.1500015258789,87.95999908447266,85.93624877929688,11440600.0
2023-06-01,DIS,88.4000015258789,89.05999755859375,87.11000061035156,88.58999633789062,86.5517578125,11993200.0
2023-06-02,DIS,89.62999725341797,91.33999633789062,89.5999984741211,90.7699966430664,88.68159484863281,14350200.0
2023-06-05,DIS,91.19999694824219,91.76000213623047,89.44000244140625,91.0,88.90631103515625,18506700.0
2023-06-06,DIS,91.0999984741211,92.51000213623047,91.0199966430664,92.16000366210938,90.03961944580078,12109100.0
2023-06-07,DIS,92.77999877929688,93.08000183105469,91.86000061035156,92.5199966430664,90.3913345336914,11082400.0
2023-06-08,DIS,92.5199966430664,92.68000030517578,91.30000305175781,92.52999877929688,90.40110778808594,9030200.0
2023-06-09,DIS,92.77999877929688,92.91999816894531,91.55000305175781,91.93000030517578,89.81490325927734,9625400.0
2023-06-12,DIS,92.25,93.2300033569336,91.7699966430664,93.13999938964844,90.99706268310547,12341600.0
2023-06-13,DIS,94.12000274658203,94.44000244140625,93.44000244140625,93.8499984741211,91.69073486328125,12964400.0
2023-06-14,DIS,94.26000213623047,94.5199966430664,91.91999816894531,92.44999694824219,90.32294464111328,15877400.0
2023-06-15,DIS,92.05999755859375,93.5199966430664,91.61000061035156,92.94000244140625,90.80167388916016,13354600.0
2023-06-16,DIS,92.87999725341797,92.97000122070312,90.86000061035156,91.31999969482422,89.21894836425781,22683400.0
2023-06-20,DIS,90.29000091552734,90.77999877929688,89.73999786376953,89.75,87.68507385253906,14939200.0
2023-06-21,DIS,89.55000305175781,89.66999816894531,88.11000061035156,88.63999938964844,86.6006088256836,17873000.0
2023-06-22,DIS,88.44000244140625,89.19000244140625,88.12000274658203,88.48999786376953,86.45404815673828,10915300.0
2023-06-23,DIS,88.0199966430664,88.4000015258789,87.61000061035156,88.0999984741211,86.07302856445312,13538000.0
2023-06-26,DIS,88.04000091552734,89.48999786376953,87.7699966430664,88.69999694824219,86.65921783447266,13132700.0
2023-06-27,DIS,88.9000015258789,89.66000366210938,88.48999786376953,89.05999755859375,87.01094055175781,10032700.0
2023-06-28,DIS,89.38999938964844,89.4000015258789,88.52999877929688,88.83000183105469,86.78623962402344,12118300.0
2023-06-29,DIS,87.80000305175781,89.12000274658203,87.33999633789062,88.94999694824219,86.90347290039062,13402600.0
2023-06-30,DIS,89.18000030517578,89.5999984741211,88.61000061035156,89.27999877929688,87.22587585449219,12837500.0
2023-07-03,DIS,89.12000274658203,90.94999694824219,88.91000366210938,90.5,88.41781616210938,7979500.0
2023-07-05,DIS,90.11000061035156,90.38999938964844,89.25,89.79000091552734,87.72415924072266,11028800.0
2023-07-06,DIS,88.66999816894531,88.83000183105469,87.77999877929688,88.73999786376953,86.69831085205078,12084600.0
2023-07-07,DIS,88.30999755859375,89.7300033569336,88.08000183105469,88.63999938964844,86.6006088256836,9705100.0
2023-07-10,DIS,88.25,88.68000030517578,87.86000061035156,88.0999984741211,86.07302856445312,13642600.0
2023-07-11,DIS,88.19999694824219,89.58999633789062,88.1500015258789,89.48999786376953,87.4310531616211,13735500.0
2023-07-12,DIS,90.11000061035156,90.70999908447266,89.56999969482422,90.1500015258789,88.07587432861328,14912100.0
2023-07-13,DIS,90.55000305175781,90.80999755859375,89.08000183105469,90.47000122070312,88.38850402832031,15325500.0
2023-07-14,DIS,90.41000366210938,90.48999786376953,88.41999816894531,88.62000274658203,86.5810775756836,17770000.0
2023-07-17,DIS,88.41999816894531,88.48999786376953,85.30000305175781,85.55999755859375,83.59146881103516,34503400.0
2023-07-18,DIS,85.51000213623047,87.30000305175781,85.30999755859375,85.94999694824219,83.97250366210938,21885100.0
2023-07-19,DIS,86.19999694824219,87.88999938964844,86.19000244140625,87.04000091552734,85.03742218017578,17177000.0
2023-07-20,DIS,86.83999633789062,87.18000030517578,86.02999877929688,86.20999908447266,84.22651672363281,15277500.0
2023-07-21,DIS,86.30000305175781,87.9000015258789,85.87999725341797,87.18000030517578,85.1741943359375,19901000.0
2023-07-24,DIS,87.48999786376953,87.95999908447266,86.55000305175781,86.5999984741211,84.6075439453125,13911900.0
2023-07-25,DIS,85.7300033569336,86.30999755859375,85.16000366210938,85.62999725341797,83.65985870361328,15335400.0
2023-07-26,DIS,85.66999816894531,86.2699966430664,85.44999694824219,85.86000061035156,83.88457489013672,14983700.0
2023-07-27,DIS,86.5999984741211,86.87999725341797,85.19000244140625,85.36000061035156,83.39607238769531,16691400.0
2023-07-28,DIS,85.86000061035156,86.58000183105469,85.44999694824219,86.12999725341797,84.14836120605469,13638300.0
2023-07-31,DIS,87.0,89.36000061035156,86.87999725341797,88.88999938964844,86.84484100341797,20837800.0
2023-08-01,DIS,89.12000274658203,89.7300033569336,88.45999908447266,89.02999877929688,86.98163604736328,13717500.0
2023-08-02,DIS,88.26000213623047,88.33000183105469,86.26000213623047,86.30000305175781,84.31444549560547,15162700.0
2023-08-03,DIS,85.81999969482422,86.45999908447266,85.44999694824219,85.48999786376953,83.52308654785156,14145400.0
2023-08-04,DIS,85.94000244140625,87.11000061035156,85.44999694824219,86.30000305175781,84.31444549560547,11533900.0
2023-08-07,DIS,86.66000366210938,87.2300033569336,85.98999786376953,86.83000183105469,84.8322525024414,10818400.0
2023-08-08,DIS,86.5,88.33000183105469,86.0999984741211,88.12999725341797,86.10233306884766,16767900.0
2023-08-09,DIS,89.19999694824219,89.55999755859375,87.04000091552734,87.48999786376953,85.47706604003906,32517900.0
2023-08-10,DIS,89.97000122070312,92.52999877929688,87.75,91.76000213623047,89.64881896972656,56716800.0
2023-08-11,DIS,91.31999969482422,91.3499984741211,88.86000061035156,89.0199966430664,86.97186279296875,21998900.0
2023-08-14,DIS,88.98999786376953,89.30000305175781,87.98999786376953,88.80999755859375,86.76669311523438,13676400.0
2023-08-15,DIS,87.98999786376953,88.2300033569336,86.88999938964844,87.05999755859375,85.05696105957031,13677900.0
2023-08-16,DIS,86.54000091552734,87.05999755859375,86.08000183105469,86.3499984741211,84.36329650878906,12182700.0
2023-08-17,DIS,86.91999816894531,86.95999908447266,85.80000305175781,85.91999816894531,83.94319152832031,14206000.0
2023-08-18,DIS,85.37000274658203,86.72000122070312,85.37000274658203,85.95999908447266,83.98226928710938,12364400.0
2023-08-21,DIS,85.80999755859375,86.25,85.41000366210938,85.87999725341797,83.90411376953125,11215000.0
2023-08-22,DIS,85.70999908447266,86.08999633789062,85.37000274658203,85.79000091552734,83.8161849975586,9835300.0
2023-08-23,DIS,85.80999755859375,86.33000183105469,85.63999938964844,85.83000183105469,83.85527038574219,7576000.0
2023-08-24,DIS,85.51000213623047,85.94999694824219,82.45999908447266,82.47000122070312,80.57256317138672,27531000.0
2023-08-25,DIS,83.06999969482422,83.6500015258789,82.45999908447266,83.36000061035156,81.44208526611328,16050900.0
2023-08-28,DIS,83.83000183105469,84.69000244140625,83.52999877929688,84.16000366210938,82.22367858886719,12166400.0
2023-08-29,DIS,83.79000091552734,84.55000305175781,83.7300033569336,84.4000015258789,82.45816040039062,11210700.0
2023-08-30,DIS,84.4000015258789,84.68000030517578,83.83000183105469,84.27999877929688,82.3409194946289,11816600.0
2023-08-31,DIS,84.45999908447266,84.61000061035156,83.63999938964844,83.68000030517578,81.75472259521484,10448000.0
2023-09-01,DIS,82.11000061035156,82.2300033569336,80.52999877929688,81.63999938964844,79.76165771484375,27701900.0
2023-09-05,DIS,81.41999816894531,82.38999938964844,81.18000030517578,81.19000244140625,79.322021484375,12741700.0
2023-09-06,DIS,80.79000091552734,82.08999633789062,80.52999877929688,80.9800033569336,79.11685180664062,15518500.0
2023-09-07,DIS,80.81999969482422,80.8499984741211,79.75,80.56999969482422,78.71627807617188,14768000.0
2023-09-08,DIS,80.54000091552734,81.66999816894531,80.16999816894531,81.58000183105469,79.70304870605469,16220900.0
2023-09-11,DIS,81.94000244140625,83.8499984741211,81.16999816894531,82.5199966430664,80.62141418457031,26579100.0
2023-09-12,DIS,83.02999877929688,84.66999816894531,82.56999969482422,83.68000030517578,81.75472259521484,16594600.0
2023-09-13,DIS,83.3499984741211,84.05000305175781,83.12000274658203,83.4800033569336,81.559326171875,9772700.0
2023-09-14,DIS,84.0,84.73999786376953,83.04000091552734,84.4800033569336,82.53632354736328,22371900.0
2023-09-15,DIS,85.22000122070312,86.19000244140625,84.61000061035156,85.58000183105469,83.61102294921875,21631200.0
2023-09-18,DIS,85.23999786376953,85.91999816894531,84.9800033569336,85.0199966430664,83.06388092041016,11894200.0
2023-09-19,DIS,83.91999816894531,84.79000091552734,81.70999908447266,81.94000244140625,80.05475616455078,21478900.0
2023-09-20,DIS,82.02999877929688,83.19999694824219,81.63999938964844,82.55999755859375,80.66049194335938,12715200.0
2023-09-21,DIS,82.05999755859375,83.66999816894531,81.91999816894531,82.7300033569336,80.82659149169922,14378000.0
2023-09-22,DIS,82.91000366210938,83.3499984741211,81.19999694824219,81.25,79.38064575195312,11495300.0
2023-09-25,DIS,81.55999755859375,81.7699966430664,80.55999755859375,81.01000213623047,79.14615631103516,11034400.0
2023-09-26,DIS,80.5,80.73999786376953,79.79000091552734,80.05000305175781,78.208251953125,14867900.0
2023-09-27,DIS,80.12000274658203,80.55999755859375,79.22000122070312,79.9000015258789,78.06169891357422,14662500.0
2023-09-28,DIS,80.27999877929688,80.91999816894531,79.6500015258789,80.12999725341797,78.28639221191406,12229800.0
2023-09-29,DIS,80.66000366210938,81.33000183105469,80.41000366210938,81.05000305175781,79.18523406982422,11261400.0
2023-10-02,DIS,80.91999816894531,81.7699966430664,80.79000091552734,81.66999816894531,79.79096221923828,9128100.0
2023-10-03,DIS,81.25,81.88999938964844,79.45999908447266,79.54000091552734,77.70997619628906,12586200.0
2023-10-04,DIS,79.61000061035156,79.79000091552734,78.7300033569336,79.31999969482422,77.49504089355469,12010500.0
2023-10-05,DIS,79.0999984741211,80.94000244140625,78.87999725341797,80.80999755859375,78.95075988769531,15466600.0
2023-10-06,DIS,81.05000305175781,83.52999877929688,80.48999786376953,82.94000244140625,81.03175354003906,15391100.0
2023-10-09,DIS,84.30000305175781,84.87999725341797,83.12999725341797,84.69999694824219,82.75125122070312,13604400.0
2023-10-10,DIS,84.79000091552734,85.29000091552734,83.93000030517578,84.98999786376953,83.03457641601562,9450600.0
2023-10-11,DIS,85.37000274658203,85.72000122070312,84.26000213623047,84.8499984741211,82.8978042602539,9499200.0
2023-10-12,DIS,84.83000183105469,85.06999969482422,83.51000213623047,84.3499984741211,82.40930938720703,9554900.0
2023-10-13,DIS,83.94000244140625,84.58000183105469,83.37999725341797,84.3499984741211,82.40930938720703,10808000.0
2023-10-16,DIS,84.30999755859375,85.93000030517578,84.30999755859375,85.70999908447266,83.7380142211914,10275100.0
2023-10-17,DIS,85.3499984741211,86.29000091552734,85.30999755859375,86.19999694824219,84.21674346923828,9985700.0
2023-10-18,DIS,85.69000244140625,86.26000213623047,84.5999984741211,84.68000030517578,82.73171997070312,10047000.0
2023-10-19,DIS,85.26000213623047,85.2699966430664,83.16999816894531,83.25,81.33462524414062,14316800.0
2023-10-20,DIS,82.9000015258789,83.44000244140625,82.61000061035156,82.6500015258789,80.7484130859375,10437000.0
2023-10-23,DIS,82.08000183105469,84.02999877929688,80.91000366210938,83.0999984741211,81.18806457519531,10772500.0
2023-10-24,DIS,83.41000366210938,84.19999694824219,81.73999786376953,82.55999755859375,80.66049194335938,11499500.0
2023-10-25,DIS,82.12999725341797,82.55000305175781,80.5199966430664,80.58999633789062,78.73580932617188,9372500.0
2023-10-26,DIS,80.08000183105469,80.61000061035156,79.41999816894531,79.77999877929688,77.9444580078125,11651000.0
2023-10-27,DIS,79.75,81.02999877929688,79.2300033569336,79.33000183105469,77.50481414794922,10300600.0
2023-10-30,DIS,79.72000122070312,80.93000030517578,79.52999877929688,80.68000030517578,78.82374572753906,10291200.0
2023-10-31,DIS,80.69000244140625,81.66999816894531,80.33000183105469,81.58999633789062,79.71280670166016,8672200.0
2023-11-01,DIS,81.52999877929688,81.58000183105469,80.18000030517578,81.06999969482422,79.20477294921875,9093000.0
2023-11-02,DIS,81.8499984741211,83.30000305175781,81.81999969482422,83.29000091552734,81.37369537353516,11518500.0
2023-11-03,DIS,84.16999816894531,85.93000030517578,84.16000366210938,85.06999969482422,83.11274719238281,11331800.0
2023-11-06,DIS,85.08000183105469,85.80000305175781,83.58999633789062,84.0199966430664,82.08689880371094,14160900.0
2023-11-07,DIS,84.16000366210938,84.68000030517578,83.94999694824219,84.58999633789062,82.6437759399414,10540200.0
2023-11-08,DIS,84.13999938964844,84.91999816894531,83.94999694824219,84.5,82.55585479736328,26942600.0
2023-11-09,DIS,87.83999633789062,91.20999908447266,87.5999984741211,90.33999633789062,88.26148986816406,51062700.0
2023-11-10,DIS,90.12999725341797,90.16000366210938,86.94000244140625,88.2699966430664,86.23912048339844,25175700.0
2023-11-13,DIS,88.41999816894531,89.9000015258789,87.41000366210938,89.44000244140625,87.38219451904297,12834400.0
2023-11-14,DIS,90.02999877929688,91.54000091552734,89.98999786376953,91.06999969482422,88.97469329833984,13152000.0
2023-11-15,DIS,92.98999786376953,94.56999969482422,92.73999786376953,93.93000030517578,91.76889038085938,20593100.0
2023-11-16,DIS,93.88999938964844,94.61000061035156,93.62999725341797,94.51000213623047,92.33556365966797,12923900.0
2023-11-17,DIS,94.75,95.37999725341797,93.91999816894531,94.1500015258789,91.98384094238281,12189300.0
2023-11-20,DIS,93.9800033569336,95.58999633789062,93.87000274658203,95.02999877929688,92.84358215332031,14105300.0
2023-11-21,DIS,94.7300033569336,94.95999908447266,93.95999908447266,94.44999694824219,92.27693176269531,7654800.0
2023-11-22,DIS,94.91000366210938,95.70999908447266,94.76000213623047,95.06999969482422,92.8826675415039,7328200.0
2023-11-24,DIS,94.9000015258789,96.51000213623047,94.9000015258789,96.05999755859375,93.84988403320312,5440500.0
2023-11-27,DIS,95.73999786376953,95.73999786376953,94.5199966430664,95.16999816894531,92.9803695678711,11049500.0
2023-11-28,DIS,95.0,95.13999938964844,92.44999694824219,92.5,90.37179565429688,18660300.0
2023-11-29,DIS,92.5999984741211,93.23999786376953,91.44000244140625,92.5,90.37179565429688,13857000.0
2023-11-30,DIS,93.55000305175781,93.86000061035156,92.19999694824219,92.69000244140625,90.55741882324219,13396700.0
2023-12-01,DIS,92.73999786376953,92.83999633789062,91.7699966430664,92.58000183105469,90.44996643066406,11898200.0
2023-12-04,DIS,91.9000015258789,92.41000366210938,91.61000061035156,92.01000213623047,89.89307403564453,12602800.0
2023-12-05,DIS,91.61000061035156,91.77999877929688,89.93000030517578,90.79000091552734,88.70114135742188,12357000.0
2023-12-06,DIS,91.11000061035156,92.55000305175781,90.62000274658203,91.5,89.39481353759766,10462000.0
2023-12-07,DIS,91.80000305175781,93.38999938964844,91.6500015258789,92.3499984741211,90.2252426147461,10264700.0
2023-12-08,DIS,92.05999755859375,93.54000091552734,92.05999755859375,92.81999969482422,90.97998809814453,9498200.0
2023-12-11,DIS,92.7300033569336,93.08000183105469,91.97000122070312,92.19999694824219,90.37226867675781,10811000.0
2023-12-12,DIS,92.12000274658203,92.19999694824219,90.86000061035156,91.06999969482422,89.26467895507812,13218400.0
2023-12-13,DIS,91.16999816894531,92.87000274658203,90.77999877929688,92.83000183105469,90.98979187011719,10173200.0
2023-12-14,DIS,93.20999908447266,94.83000183105469,93.20999908447266,93.94000244140625,92.07778930664062,12439300.0
2023-12-15,DIS,93.05000305175781,93.94999694824219,92.93000030517578,93.45999908447266,91.6072998046875,17551600.0
2023-12-18,DIS,92.69999694824219,93.70999908447266,92.69999694824219,92.86000061035156,91.01919555664062,9083600.0
2023-12-19,DIS,92.63999938964844,93.98999786376953,92.61000061035156,93.93000030517578,92.06798553466797,8804000.0
2023-12-20,DIS,93.23999786376953,94.2699966430664,91.25,91.2699966430664,89.46070861816406,13060600.0
2023-12-21,DIS,91.93000030517578,92.08000183105469,91.05999755859375,92.0199966430664,90.19583129882812,13037200.0
2023-12-22,DIS,91.62000274658203,92.23999786376953,90.75,91.0199966430664,89.21566772460938,9419800.0
2023-12-26,DIS,90.83999633789062,91.2699966430664,90.5999984741211,90.94999694824219,89.14704895019531,8086900.0
2023-12-27,DIS,90.91000366210938,90.94000244140625,90.04000091552734,90.37999725341797,88.58834838867188,11123500.0
2023-12-28,DIS,90.08999633789062,90.9800033569336,89.97000122070312,90.4000015258789,88.60795593261719,8479600.0
2023-12-29,DIS,90.12000274658203,90.5999984741211,89.86000061035156,90.29000091552734,88.50013732910156,9211000.0
2024-01-02,DIS,90.0999984741211,91.4800033569336,89.7300033569336,90.70999908447266,88.91181945800781,10587600.0
2024-01-03,DIS,90.2300033569336,92.08000183105469,90.0,91.6500015258789,89.83317565917969,11929800.0
2024-01-04,DIS,91.94000244140625,91.94000244140625,90.0,90.55999755859375,88.76477813720703,12087400.0
2024-01-05,DIS,90.41000366210938,91.31999969482422,90.36000061035156,90.9000015258789,89.09805297851562,9092100.0
2024-01-08,DIS,91.55000305175781,91.94000244140625,91.0,91.55000305175781,89.73516845703125,11103700.0
2024-01-09,DIS,91.05000305175781,91.0999984741211,89.5999984741211,89.66999816894531,87.89242553710938,11255100.0
2024-01-10,DIS,89.81999969482422,89.81999969482422,88.87999725341797,89.29000091552734,87.51996612548828,15091600.0
2024-01-11,DIS,89.38999938964844,89.77999877929688,88.69000244140625,89.44999694824219,87.67678833007812,9642200.0
2024-01-12,DIS,89.6500015258789,90.83000183105469,89.6500015258789,90.3499984741211,88.55894470214844,11919400.0
2024-01-16,DIS,90.29000091552734,93.08999633789062,89.45999908447266,93.05000305175781,91.20542907714844,16780900.0
2024-01-17,DIS,92.58000183105469,93.76000213623047,90.0999984741211,90.33999633789062,88.54914093017578,15735200.0
2024-01-18,DIS,90.66000366210938,92.51000213623047,90.41000366210938,92.20999908447266,90.38207244873047,12203200.0
2024-01-19,DIS,92.31999969482422,93.58000183105469,91.62999725341797,93.05999755859375,91.21522521972656,19790100.0
2024-01-22,DIS,92.87000274658203,95.2300033569336,92.87000274658203,95.08000183105469,93.19518280029297,15119400.0
2024-01-23,DIS,95.43000030517578,95.88999938964844,93.18000030517578,93.7699966430664,91.91114044189453,11559400.0
2024-01-24,DIS,94.41999816894531,95.25,93.26000213623047,93.5,91.6465072631836,10454900.0
2024-01-25,DIS,93.91999816894531,94.94000244140625,93.75,94.86000061035156,92.97955322265625,8661600.0
2024-01-26,DIS,95.0,95.52999877929688,94.69999694824219,95.36000061035156,93.4696273803711,7812800.0
2024-01-29,DIS,95.41999816894531,97.5,95.0,97.48999786376953,95.55740356445312,13422200.0
2024-01-30,DIS,96.5199966430664,97.54000091552734,96.01000213623047,96.94000244140625,95.018310546875,9139600.0
2024-01-31,DIS,96.41999816894531,97.56999969482422,95.80999755859375,96.05000305175781,94.14595794677734,9592300.0
2024-02-01,DIS,96.37000274658203,97.93000030517578,95.9000015258789,97.05999755859375,95.13593292236328,8484800.0
2024-02-02,DIS,96.27999877929688,97.41000366210938,95.81999969482422,97.12999725341797,95.20454406738281,9321300.0
2024-02-05,DIS,96.69999694824219,97.37000274658203,96.48999786376953,96.6500015258789,94.73406219482422,11679300.0
2024-02-06,DIS,96.91999816894531,99.31999969482422,96.79000091552734,99.29000091552734,97.32173156738281,16455500.0
2024-02-07,DIS,97.38999938964844,99.27999877929688,96.63999938964844,99.13999938964844,97.1747055053711,28886300.0
2024-02-08,DIS,107.08000183105469,112.7699966430664,106.80000305175781,110.54000091552734,108.34871673583984,60558400.0
2024-02-09,DIS,109.5999984741211,110.1500015258789,107.69000244140625,108.38999938964844,106.2413330078125,21509100.0
2024-02-12,DIS,107.87999725341797,111.05999755859375,107.83000183105469,109.29000091552734,107.12348937988281,13424000.0
2024-02-13,DIS,108.27999877929688,110.6500015258789,108.20999908447266,110.45999908447266,108.27029418945312,14594500.0
2024-02-14,DIS,110.58000183105469,111.68000030517578,109.66999816894531,111.55999755859375,109.34849548339844,11405500.0
2024-02-15,DIS,111.08000183105469,112.91999816894531,111.08000183105469,112.44999694824219,110.2208480834961,9961900.0
2024-02-16,DIS,112.0199966430664,112.55999755859375,111.16000366210938,111.5999984741211,109.38770294189453,8782200.0
2024-02-20,DIS,110.8499984741211,111.12999725341797,109.3499984741211,109.44000244140625,107.27051544189453,9770900.0
2024-02-21,DIS,108.4800033569336,109.22000122070312,107.23999786376953,107.66999816894531,105.53559875488281,10427500.0
2024-02-22,DIS,107.98999786376953,108.48999786376953,107.41000366210938,107.63999938964844,105.50619506835938,9266200.0
2024-02-23,DIS,107.56999969482422,108.0,105.83000183105469,107.73999786376953,105.60420989990234,11724000.0
2024-02-26,DIS,107.5199966430664,108.76000213623047,107.37999725341797,107.68000030517578,105.54541015625,8694200.0
2024-02-27,DIS,107.77999877929688,109.58000183105469,107.77999877929688,109.41999816894531,107.25090789794922,7595000.0
2024-02-28,DIS,108.77999877929688,111.04000091552734,108.66000366210938,110.80000305175781,108.60356140136719,10773000.0
2024-02-29,DIS,111.13999938964844,112.75,110.97000122070312,111.58000183105469,109.36810302734375,11658300.0
2024-03-01,DIS,111.44000244140625,112.1500015258789,111.02999877929688,111.94999694824219,109.73075866699219,7242400.0
2024-03-04,DIS,112.66999816894531,114.12999725341797,111.80000305175781,113.69000244140625,111.43627166748047,11558900.0
2024-03-05,DIS,113.61000061035156,115.19000244140625,112.2699966430664,112.87000274658203,110.63253021240234,14929600.0
2024-03-06,DIS,113.08000183105469,113.30000305175781,109.25,110.05999755859375,107.87823486328125,14743900.0
2024-03-07,DIS,110.69999694824219,111.08000183105469,109.19999694824219,110.18000030517578,107.995849609375,8609300.0
2024-03-08,DIS,110.18000030517578,111.30999755859375,109.33999633789062,110.31999969482422,108.1330795288086,10009200.0
2024-03-11,DIS,110.08999633789062,112.91000366210938,110.02999877929688,112.30999755859375,110.08362579345703,8794300.0
2024-03-12,DIS,112.5199966430664,112.94999694824219,111.63999938964844,112.45999908447266,110.23064422607422,8085000.0
2024-03-13,DIS,112.73999786376953,114.12999725341797,112.44000244140625,112.5,110.26985931396484,7267900.0
2024-03-14,DIS,111.73999786376953,112.3499984741211,109.51000213623047,112.05999755859375,109.83857727050781,10520500.0
2024-03-15,DIS,111.5999984741211,112.95999908447266,111.4000015258789,111.94999694824219,109.73075866699219,15364200.0
2024-03-18,DIS,112.29000091552734,114.43000030517578,112.29000091552734,113.8499984741211,111.59309387207031,11820800.0
2024-03-19,DIS,113.41000366210938,115.16999816894531,113.23999786376953,114.51000213623047,112.2400131225586,10999700.0
2024-03-20,DIS,114.61000061035156,116.51000213623047,114.36000061035156,116.45999908447266,114.15135955810547,11699600.0
2024-03-21,DIS,116.98999786376953,117.36000061035156,115.86000061035156,116.69999694824219,114.3865966796875,10353500.0
2024-03-22,DIS,116.91999816894531,117.66000366210938,115.83999633789062,115.87000274658203,113.57305145263672,7144800.0
2024-03-25,DIS,116.97000122070312,119.41000366210938,116.87000274658203,119.36000061035156,116.9938735961914,12103600.0
2024-03-26,DIS,119.62999725341797,120.4000015258789,118.19000244140625,119.93000030517578,117.55257415771484,11870000.0
2024-03-27,DIS,120.95999908447266,122.02999877929688,120.0199966430664,120.9800033569336,118.58175659179688,10782800.0
2024-03-28,DIS,121.25,123.73999786376953,121.19999694824219,122.36000061035156,119.93440246582031,15367400.0
2024-04-01,DIS,122.05999755859375,122.4000015258789,120.77999877929688,121.52999877929688,119.120849609375,8419700.0
2024-04-02,DIS,120.22000122070312,123.52999877929688,120.16000366210938,122.81999969482422,120.38528442382812,15517100.0
2024-04-03,DIS,122.2699966430664,123.69000244140625,118.37999725341797,118.9800033569336,116.62140655517578,22480400.0
2024-04-04,DIS,119.22000122070312,120.19000244140625,116.95999908447266,117.08999633789062,114.76886749267578,13815400.0
2024-04-05,DIS,116.5999984741211,118.86000061035156,116.30000305175781,118.37999725341797,116.03328704833984,9653900.0
2024-04-08,DIS,118.0199966430664,118.5199966430664,116.81999969482422,117.3499984741211,115.02371215820312,6266000.0
2024-04-09,DIS,117.37999725341797,118.51000213623047,116.88999938964844,117.97000122070312,115.63142395019531,7451100.0
2024-04-10,DIS,116.5999984741211,117.55999755859375,116.37000274658203,117.19000244140625,114.86688995361328,6746300.0
2024-04-11,DIS,117.58999633789062,118.27999877929688,116.37000274658203,117.1500015258789,114.82767486572266,6559400.0
2024-04-12,DIS,116.38999938964844,116.69999694824219,113.7300033569336,114.01000213623047,111.74992370605469,12155200.0
2024-04-15,DIS,114.87999725341797,115.55000305175781,112.7699966430664,112.94999694824219,110.71092987060547,9637100.0
2024-04-16,DIS,112.81999969482422,114.5,112.5199966430664,113.87999725341797,111.62249755859375,9291400.0
2024-04-17,DIS,114.0,114.20999908447266,112.88999938964844,112.94000244140625,110.70114135742188,7379000.0
2024-04-18,DIS,113.18000030517578,114.25,112.19000244140625,112.43000030517578,110.20124053955078,8235600.0
2024-04-19,DIS,111.72000122070312,112.72000122070312,111.08000183105469,112.61000061035156,110.37767791748047,9436000.0
2024-04-22,DIS,113.0999984741211,113.63999938964844,111.75,111.98999786376953,109.76997375488281,6901700.0
2024-04-23,DIS,112.83000183105469,114.23999786376953,112.80000305175781,113.70999908447266,111.45587158203125,6839300.0
2024-04-24,DIS,113.13999938964844,114.18000030517578,113.13999938964844,113.91999816894531,111.66170501708984,6157200.0
2024-04-25,DIS,111.22000122070312,112.88999938964844,110.38999938964844,112.7699966430664,110.53451538085938,8045900.0
2024-04-26,DIS,111.8499984741211,113.0199966430664,111.31999969482422,112.7300033569336,110.49530029296875,6304800.0
2024-04-29,DIS,113.04000091552734,113.87999725341797,110.33999633789062,112.08000183105469,109.85819244384766,7151200.0
2024-04-30,DIS,112.0,112.04000091552734,110.80000305175781,111.0999984741211,108.8976058959961,8156600.0
2024-05-01,DIS,111.29000091552734,111.98999786376953,110.20999908447266,110.4800033569336,108.28990173339844,6338400.0
2024-05-02,DIS,111.43000030517578,112.87000274658203,110.55999755859375,112.62000274658203,110.3874740600586,6799800.0
2024-05-03,DIS,113.54000091552734,114.11000061035156,112.80000305175781,113.66000366210938,111.4068603515625,7411100.0
2024-05-06,DIS,114.80000305175781,116.94000244140625,114.1500015258789,116.47000122070312,114.1611557006836,16303200.0
2024-05-07,DIS,107.25,107.87999725341797,104.20999908447266,105.38999938964844,103.3008041381836,55084600.0
2024-05-08,DIS,104.9000015258789,106.4800033569336,104.44000244140625,105.44000244140625,103.34981536865234,15238100.0
2024-05-09,DIS,104.62000274658203,106.12999725341797,104.38999938964844,105.80000305175781,103.70268249511719,15096000.0
2024-05-10,DIS,106.91999816894531,107.0199966430664,105.41999816894531,105.79000091552734,103.69287109375,15884600.0
2024-05-13,DIS,105.58999633789062,106.63999938964844,105.58999633789062,105.83000183105469,103.73208618164062,9666400.0
2024-05-14,DIS,105.30000305175781,105.98999786376953,104.94999694824219,105.3499984741211,103.2615966796875,11278400.0
2024-05-15,DIS,105.62000274658203,105.87999725341797,101.38999938964844,102.7699966430664,100.73273468017578,20745600.0
2024-05-16,DIS,103.04000091552734,104.02999877929688,102.83999633789062,103.37000274658203,101.32085418701172,9476700.0
2024-05-17,DIS,103.62999725341797,103.81999969482422,103.04000091552734,103.25,101.20321655273438,7356000.0
2024-05-20,DIS,103.33000183105469,103.66999816894531,102.5199966430664,102.9000015258789,100.86016845703125,7667400.0
2024-05-21,DIS,102.98999786376953,103.69999694824219,102.72000122070312,103.01000213623047,100.96798706054688,7333300.0
2024-05-22,DIS,102.9800033569336,103.83000183105469,102.75,103.0199966430664,100.97777557373047,7190300.0
2024-05-23,DIS,102.9800033569336,103.01000213623047,100.2699966430664,100.66000366210938,98.66458129882812,10504000.0
2024-05-24,DIS,100.8499984741211,102.08999633789062,100.69000244140625,101.76000213623047,99.74276733398438,6451600.0
2024-05-28,DIS,101.36000061035156,102.86000061035156,100.94999694824219,102.44000244140625,100.40928649902344,7813100.0
2024-05-29,DIS,101.76000213623047,102.08000183105469,100.7699966430664,100.87999725341797,98.88020324707031,7376300.0
2024-05-30,DIS,101.13999938964844,102.06999969482422,100.97000122070312,101.69999694824219,99.68395233154297,7300600.0
2024-05-31,DIS,101.5199966430664,104.08000183105469,101.41000366210938,103.91000366210938,101.85015106201172,14735800.0
2024-06-03,DIS,104.16999816894531,104.22000122070312,102.4800033569336,102.7699966430664,100.73273468017578,6908600.0
2024-06-04,DIS,102.11000061035156,103.48999786376953,101.62999725341797,103.33000183105469,101.28165435791016,7269100.0
2024-06-05,DIS,103.0,103.08000183105469,101.02999877929688,101.5,99.4879150390625,10796900.0
2024-06-06,DIS,101.05000305175781,101.93000030517578,100.80999755859375,101.20999908447266,99.20366668701172,10294700.0
2024-06-07,DIS,100.86000061035156,102.2699966430664,100.55000305175781,101.54000091552734,99.5271224975586,6047800.0
2024-06-10,DIS,101.25,102.8499984741211,100.63999938964844,102.73999786376953,100.70333862304688,7621900.0
2024-06-11,DIS,102.63999938964844,102.87999725341797,100.73999786376953,100.87000274658203,98.87040710449219,9134200.0
2024-06-12,DIS,101.19999694824219,101.69000244140625,100.25,100.80000305175781,98.80179595947266,9041800.0
2024-06-13,DIS,100.61000061035156,101.06999969482422,99.61000061035156,100.08999633789062,98.1058578491211,10164600.0
2024-06-14,DIS,99.80999755859375,100.37999725341797,99.25,99.97000122070312,97.98825073242188,7087600.0
2024-06-17,DIS,100.9800033569336,101.91999816894531,100.62000274658203,101.5199966430664,99.50751495361328,10389000.0
2024-06-18,DIS,101.12000274658203,101.76000213623047,100.61000061035156,101.5,99.4879150390625,7044700.0
2024-06-20,DIS,100.56999969482422,101.94000244140625,100.37999725341797,101.83999633789062,99.82117462158203,7886900.0
2024-06-21,DIS,101.80000305175781,102.54000091552734,101.58999633789062,102.2699966430664,100.2426528930664,14137300.0
2024-06-24,DIS,102.25,103.08000183105469,101.91000366210938,101.9800033569336,99.95840454101562,7393600.0
2024-06-25,DIS,102.66000366210938,103.68000030517578,101.7699966430664,102.19999694824219,100.17404174804688,10296100.0
2024-06-26,DIS,101.9000015258789,102.37000274658203,101.43000030517578,102.18000030517578,100.1544418334961,10122300.0
2024-06-27,DIS,102.04000091552734,102.27999877929688,101.80999755859375,102.16999816894531,100.1446304321289,8365200.0
2024-06-28,DIS,102.0199966430664,102.58000183105469,98.37999725341797,99.29000091552734,97.32173156738281,21439400.0
2024-07-01,DIS,99.4000015258789,99.73999786376953,97.87999725341797,98.04000091552734,96.09650421142578,15299000.0
2024-07-02,DIS,97.94000244140625,97.98999786376953,96.94999694824219,97.98999786376953,96.04750061035156,13340300.0
2024-07-03,DIS,97.83999633789062,99.08000183105469,97.83000183105469,98.61000061035156,96.65521240234375,5030000.0
2024-07-05,DIS,98.30999755859375,98.30999755859375,97.58000183105469,97.98999786376953,96.04750061035156,8550800.0
2024-07-08,DIS,97.69000244140625,98.29000091552734,96.88999938964844,97.37000274658203,95.8801040649414,8167600.0
2024-07-09,DIS,97.47000122070312,97.52999877929688,96.1500015258789,97.05000305175781,95.56500244140625,9044400.0
2024-07-10,DIS,96.94999694824219,97.27999877929688,96.25,96.97000122070312,95.48622131347656,7761100.0
2024-07-11,DIS,97.01000213623047,97.58000183105469,96.30000305175781,96.5999984741211,95.12187194824219,7422600.0
2024-07-12,DIS,97.0999984741211,97.83000183105469,96.9800033569336,97.12999725341797,95.64376068115234,6465700.0
2024-07-15,DIS,97.33000183105469,97.48999786376953,96.5999984741211,96.87000274658203,95.38774871826172,7417700.0
2024-07-16,DIS,97.0199966430664,98.72000122070312,96.54000091552734,98.47000122070312,96.96327209472656,10755500.0
2024-07-17,DIS,98.30000305175781,98.61000061035156,96.52999877929688,97.30999755859375,95.82101440429688,9456100.0
2024-07-18,DIS,97.36000061035156,98.05999755859375,96.68000030517578,96.79000091552734,95.3089828491211,7529400.0
2024-07-19,DIS,96.81999969482422,96.81999969482422,95.44000244140625,95.73999786376953,94.27503967285156,9301000.0
2024-07-22,DIS,95.11000061035156,95.16000366210938,93.48999786376953,94.12999725341797,92.6896743774414,13377000.0
2024-07-23,DIS,90.69999694824219,91.69000244140625,89.83000183105469,90.94000244140625,89.5484848022461,22534700.0
2024-07-24,DIS,90.22000122070312,90.75,89.58000183105469,89.80000305175781,88.42593383789062,11768500.0
2024-07-25,DIS,90.08000183105469,90.5,89.20999908447266,89.20999908447266,87.84495544433594,10765300.0
2024-07-26,DIS,90.0,90.55000305175781,89.33999633789062,89.93000030517578,88.55394744873047,11301900.0
2024-07-29,DIS,90.38999938964844,92.55000305175781,90.19000244140625,92.13999938964844,90.7301254272461,13024800.0
2024-07-30,DIS,91.66999816894531,94.04000091552734,91.66999816894531,93.79000091552734,92.35487365722656,9896100.0
2024-07-31,DIS,93.79000091552734,94.83999633789062,93.63999938964844,93.69000244140625,92.25641632080078,10241800.0
2024-08-01,DIS,93.86000061035156,93.94999694824219,92.5999984741211,93.05000305175781,91.62620544433594,9263600.0
2024-08-02,DIS,92.16000366210938,92.19999694824219,89.0,89.56999969482422,88.19944763183594,15433600.0
2024-08-05,DIS,86.88999938964844,89.55999755859375,86.41999816894531,87.77999877929688,86.43682861328125,19103200.0
2024-08-06,DIS,88.2300033569336,91.91000366210938,87.95999908447266,89.97000122070312,88.59333038330078,21717500.0
2024-08-07,DIS,88.0,89.23999786376953,85.75,85.95999908447266,84.64468383789062,30581900.0
2024-08-08,DIS,85.1500015258789,86.33000183105469,83.91000366210938,85.95999908447266,84.64468383789062,21890500.0
2024-08-09,DIS,86.12999725341797,86.25,84.70999908447266,86.20999908447266,84.89086151123047,16008400.0
2024-08-12,DIS,85.86000061035156,86.37999725341797,85.4800033569336,85.94999694824219,84.63484191894531,11754600.0
2024-08-13,DIS,86.45999908447266,86.45999908447266,85.30999755859375,85.5999984741211,84.29019927978516,14615200.0
2024-08-14,DIS,86.01000213623047,86.54000091552734,85.55999755859375,86.30000305175781,84.9794921875,9475100.0
2024-08-15,DIS,87.25,88.93000030517578,87.20999908447266,88.79000091552734,87.43138885498047,12401000.0
2024-08-16,DIS,88.95999908447266,89.66999816894531,88.33999633789062,89.30000305175781,87.93357849121094,10277700.0
2024-08-19,DIS,89.41000366210938,90.94999694824219,89.41000366210938,90.81999969482422,89.4303207397461,9723600.0
2024-08-20,DIS,90.38999938964844,90.66999816894531,89.30999755859375,89.73999786376953,88.3668441772461,8863400.0
2024-08-21,DIS,90.22000122070312,90.77999877929688,89.43000030517578,90.72000122070312,89.33185577392578,7637600.0
2024-08-22,DIS,90.98999786376953,91.37999725341797,89.69999694824219,89.91999816894531,88.5440902709961,7613000.0
2024-08-23,DIS,90.1500015258789,90.75,89.68000030517578,90.55999755859375,89.17430114746094,7369200.0
2024-08-26,DIS,90.91999816894531,91.80000305175781,90.91999816894531,91.77999877929688,90.3756332397461,8043800.0
2024-08-27,DIS,91.43000030517578,91.72000122070312,90.75,90.9000015258789,89.50910186767578,7237400.0
2024-08-28,DIS,90.33000183105469,90.62000274658203,88.76000213623047,89.48999786376953,88.12068176269531,8569700.0
2024-08-29,DIS,90.44999694824219,90.69999694824219,89.62999725341797,89.80999755859375,88.43577575683594,6181800.0
2024-08-30,DIS,89.9800033569336,90.44999694824219,89.4000015258789,90.37999725341797,88.99705505371094,8403600.0
2024-09-03,DIS,89.61000061035156,90.48999786376953,88.54000091552734,89.12999725341797,87.76617431640625,8465500.0
2024-09-04,DIS,88.94999694824219,90.0199966430664,88.81999969482422,89.25,87.88434600830078,6317200.0
2024-09-05,DIS,89.66999816894531,89.66999816894531,88.33999633789062,88.6500015258789,87.29352569580078,6234100.0
2024-09-06,DIS,88.44999694824219,89.08999633789062,87.72000122070312,87.94000244140625,86.59439086914062,7791500.0
2024-09-09,DIS,88.22000122070312,88.88999938964844,87.80999755859375,88.33999633789062,86.98826599121094,8750200.0
2024-09-10,DIS,88.33000183105469,88.88999938964844,87.9800033569336,88.4000015258789,87.04735565185547,6858300.0
2024-09-11,DIS,88.05000305175781,88.43000030517578,86.58999633789062,88.31999969482422,86.96858215332031,10779000.0
2024-09-12,DIS,88.22000122070312,89.33000183105469,88.18000030517578,89.30000305175781,87.93357849121094,7173300.0
2024-09-13,DIS,89.44999694824219,90.72000122070312,89.38999938964844,90.55000305175781,89.16445922851562,7084200.0
2024-09-16,DIS,91.0999984741211,92.37000274658203,90.94999694824219,91.8499984741211,90.44456481933594,9028600.0
2024-09-17,DIS,92.37000274658203,93.25,92.16999816894531,92.86000061035156,91.4391098022461,8193100.0
2024-09-18,DIS,93.5199966430664,94.06999969482422,92.69000244140625,93.58000183105469,92.14808654785156,10289800.0
2024-09-19,DIS,94.81999969482422,95.29000091552734,93.31999969482422,93.44999694824219,92.02008056640625,10912400.0
2024-09-20,DIS,93.19999694824219,94.01000213623047,92.81999969482422,93.75,92.31549072265625,19251500.0
2024-09-23,DIS,93.69999694824219,93.69999694824219,92.16000366210938,92.97000122070312,91.54742431640625,7338700.0
2024-09-24,DIS,93.33999633789062,93.79000091552734,92.45999908447266,93.69000244140625,92.25641632080078,7860300.0
2024-09-25,DIS,93.63999938964844,94.44000244140625,93.3499984741211,93.91999816894531,92.4828872680664,8408200.0
2024-09-26,DIS,94.45999908447266,95.79000091552734,94.18000030517578,95.19999694824219,93.74330139160156,10061600.0
2024-09-27,DIS,95.48999786376953,96.9000015258789,95.27999877929688,96.01000213623047,94.5409164428711,10155400.0
2024-09-30,DIS,96.8499984741211,97.56999969482422,95.44000244140625,96.19000244140625,94.7181625366211,7982300.0
2024-10-01,DIS,95.19000244140625,95.8499984741211,93.31999969482422,94.05000305175781,92.61090850830078,10099200.0
2024-10-02,DIS,93.58999633789062,94.58000183105469,93.58999633789062,94.1500015258789,92.70936584472656,6144200.0
2024-10-03,DIS,93.61000061035156,94.08999633789062,93.12999725341797,93.62999725341797,92.19731903076172,6180300.0
2024-10-04,DIS,94.30000305175781,95.33999633789062,93.88999938964844,95.1500015258789,93.6940689086914,6308900.0
2024-10-07,DIS,95.08999633789062,95.13999938964844,91.76000213623047,92.38999938964844,90.9762954711914,11043600.0
2024-10-08,DIS,92.5199966430664,93.73999786376953,91.69000244140625,92.51000213623047,91.09446716308594,10209100.0
2024-10-09,DIS,91.86000061035156,94.01000213623047,91.45999908447266,93.5999984741211,92.16778564453125,8654500.0
2024-10-10,DIS,93.72000122070312,93.87999725341797,92.69000244140625,92.98999786376953,91.56712341308594,6698000.0
2024-10-11,DIS,92.8499984741211,94.61000061035156,92.80000305175781,94.12999725341797,92.6896743774414,8089100.0
2024-10-14,DIS,94.18000030517578,95.19000244140625,93.80000305175781,94.97000122070312,93.5168228149414,6262000.0
2024-10-15,DIS,95.25,95.6500015258789,93.68000030517578,94.22000122070312,92.7782974243164,6535800.0
2024-10-16,DIS,93.7300033569336,96.79000091552734,93.62999725341797,96.75,95.26958465576172,9936300.0
2024-10-17,DIS,96.93000030517578,97.33000183105469,95.61000061035156,96.54000091552734,95.06280517578125,9542500.0
2024-10-18,DIS,97.01000213623047,97.54000091552734,96.05000305175781,97.27999877929688,95.79147338867188,8609700.0
2024-10-21,DIS,97.19999694824219,97.44999694824219,95.94999694824219,96.62000274658203,95.1415786743164,8189900.0
2024-10-22,DIS,96.19999694824219,97.26000213623047,96.19999694824219,96.73999786376953,95.25973510742188,5344300.0
2024-10-23,DIS,96.93000030517578,97.13999938964844,95.98999786376953,96.23999786376953,94.76738739013672,5388500.0
2024-10-24,DIS,96.5999984741211,96.80000305175781,95.25,95.4000015258789,93.94024658203125,5015300.0
2024-10-25,DIS,95.80999755859375,96.8499984741211,95.01000213623047,95.02999877929688,93.57589721679688,6638100.0
2024-10-28,DIS,95.22000122070312,96.69000244140625,95.20999908447266,96.19999694824219,94.72799682617188,8146400.0
2024-10-29,DIS,96.26000213623047,96.62000274658203,95.68000030517578,96.12999725341797,94.65907287597656,6834400.0
2024-10-30,DIS,95.69999694824219,96.70999908447266,94.94000244140625,95.08000183105469,93.6251449584961,7718200.0
2024-10-31,DIS,95.2699966430664,96.62999725341797,95.0,96.19999694824219,94.72799682617188,8147700.0
2024-11-01,DIS,95.69999694824219,96.38999938964844,94.83000183105469,95.80999755859375,94.34396362304688,7944900.0
2024-11-04,DIS,95.83000183105469,96.0199966430664,95.02999877929688,95.79000091552734,94.32427978515625,6088000.0
2024-11-05,DIS,95.5999984741211,96.66999816894531,95.25,96.62999725341797,95.15142059326172,6561700.0
2024-11-06,DIS,98.20999908447266,99.55000305175781,98.20999908447266,98.88999938964844,97.37684631347656,11325100.0
2024-11-07,DIS,98.77999877929688,99.5199966430664,98.12999725341797,98.93000030517578,97.41622924804688,7805100.0
2024-11-08,DIS,98.7300033569336,99.26000213623047,97.61000061035156,99.0199966430664,97.50484466552734,7982100.0
2024-11-11,DIS,99.0,100.9000015258789,99.0,100.86000061035156,99.31669616699219,9137900.0
2024-11-12,DIS,100.55000305175781,101.29000091552734,99.5,100.98999786376953,99.44470977783203,9366200.0
2024-11-13,DIS,100.79000091552734,103.19999694824219,100.3499984741211,102.72000122070312,101.14823150634766,17701300.0
2024-11-14,DIS,110.33000183105469,114.80999755859375,108.4000015258789,109.12000274658203,107.45030975341797,47436100.0
2024-11-15,DIS,110.25,115.19000244140625,110.25,115.08000183105469,113.3191146850586,32048000.0
2024-11-18,DIS,113.33000183105469,115.44000244140625,112.88999938964844,113.54000091552734,111.80267333984375,14226200.0
2024-11-19,DIS,112.05000305175781,112.5,110.81999969482422,112.41999816894531,110.6998062133789,12166800.0
2024-11-20,DIS,112.26000213623047,114.37000274658203,111.47000122070312,114.26000213623047,112.51165771484375,9319300.0
2024-11-21,DIS,114.1500015258789,116.25,113.83000183105469,114.72000122070312,112.96461486816406,10261000.0
2024-11-22,DIS,113.8499984741211,116.33999633789062,113.5999984741211,115.6500015258789,113.8803939819336,10098000.0
2024-11-25,DIS,115.68000030517578,116.58000183105469,114.93000030517578,116.0,114.22502899169922,10397800.0
2024-11-26,DIS,116.0,116.41999816894531,115.44000244140625,115.44999694824219,113.6834487915039,6808100.0
2024-11-27,DIS,115.44999694824219,118.19999694824219,115.44999694824219,117.5999984741211,115.80054473876953,8142400.0
2024-11-29,DIS,117.26000213623047,117.73999786376953,116.7300033569336,117.47000122070312,115.67254638671875,5095200.0
2024-12-02,DIS,117.77999877929688,118.62999725341797,116.55000305175781,117.16000366210938,115.3672866821289,8390500.0
2024-12-03,DIS,117.0,117.2300033569336,115.44999694824219,116.44999694824219,114.66813659667969,9194000.0
2024-12-04,DIS,115.97000122070312,117.29000091552734,115.83999633789062,116.98999786376953,115.19988250732422,7996200.0
2024-12-05,DIS,116.55000305175781,117.2699966430664,116.05999755859375,116.5,114.7173843383789,9823600.0
2024-12-06,DIS,116.55000305175781,117.26000213623047,116.22000122070312,116.7300033569336,114.9438705444336,6677900.0
2024-12-09,DIS,116.38999938964844,117.18000030517578,113.91000366210938,114.61000061035156,112.85629272460938,8666100.0
2024-12-10,DIS,114.6500015258789,114.94999694824219,113.72000122070312,114.7300033569336,112.97447204589844,7526400.0
2024-12-11,DIS,114.63999938964844,115.05000305175781,113.9800033569336,114.61000061035156,112.85629272460938,6426800.0
2024-12-12,DIS,114.69999694824219,115.01000213623047,114.16000366210938,114.9000015258789,113.14186096191406,5285100.0
2024-12-13,DIS,114.31999969482422,114.95999908447266,113.30000305175781,113.33999633789062,111.60572814941406,6864500.0
2024-12-16,DIS,113.0,113.06999969482422,111.7300033569336,112.11000061035156,110.88372039794922,10528500.0
2024-12-17,DIS,111.02999877929688,114.04000091552734,110.80000305175781,113.0199966430664,111.78376007080078,12238600.0
2024-12-18,DIS,113.33999633789062,116.12000274658203,111.23999786376953,111.3499984741211,110.13203430175781,12292800.0
2024-12-19,DIS,111.66000366210938,112.91000366210938,111.25,111.37000274658203,110.15181732177734,9468500.0
2024-12-20,DIS,110.61000061035156,112.97000122070312,110.43000030517578,112.02999877929688,110.8045883178711,17955300.0
2024-12-23,DIS,111.61000061035156,111.8499984741211,110.30999755859375,111.4000015258789,110.18148803710938,6037200.0
2024-12-24,DIS,111.25,112.73999786376953,111.19000244140625,112.55999755859375,111.32878875732422,2475000.0
2024-12-26,DIS,112.12000274658203,113.31999969482422,111.86000061035156,112.55000305175781,111.31890869140625,4781400.0
2024-12-27,DIS,111.81999969482422,112.12000274658203,110.86000061035156,111.55000305175781,110.32984924316406,4523800.0
2024-12-30,DIS,110.43000030517578,111.54000091552734,109.83000183105469,110.80000305175781,109.58805084228516,5716300.0
2024-12-31,DIS,110.77999877929688,111.58999633789062,110.66999816894531,111.3499984741211,110.13203430175781,4757500.0
2025-01-02,DIS,111.69999694824219,112.19999694824219,110.16999816894531,110.81999969482422,109.60783386230469,5688100.0
2025-01-03,DIS,111.37000274658203,111.54000091552734,110.18000030517578,111.16000366210938,109.9441146850586,5393100.0
2025-01-06,DIS,111.47000122070312,112.8499984741211,110.87000274658203,111.05000305175781,109.83531951904297,6274400.0
2025-01-07,DIS,112.1500015258789,113.73999786376953,111.29000091552734,111.38999938964844,110.17160034179688,7878800.0
2025-01-08,DIS,111.0,111.11000061035156,108.63999938964844,109.76000213623047,108.5594253540039,7805300.0
2025-01-10,DIS,110.0,110.54000091552734,107.62000274658203,108.6500015258789,107.4615707397461,8835500.0
2025-01-13,DIS,107.93000030517578,108.61000061035156,106.72000122070312,108.08000183105469,106.8978042602539,6690200.0
2025-01-14,DIS,108.68000030517578,108.95999908447266,107.61000061035156,108.12000274658203,106.93737030029297,5501600.0
2025-01-15,DIS,109.16999816894531,109.5999984741211,107.98999786376953,108.18000030517578,106.9967041015625,6296900.0
2025-01-16,DIS,108.29000091552734,108.5999984741211,106.16000366210938,106.45999908447266,105.29552459716797,7872800.0
2025-01-17,DIS,106.83000183105469,107.73999786376953,106.54000091552734,107.0199966430664,105.84939575195312,7144300.0
2025-01-21,DIS,107.0999984741211,109.44999694824219,106.80000305175781,108.69999694824219,107.51101684570312,8643700.0
2025-01-22,DIS,109.55000305175781,109.55000305175781,108.2300033569336,108.80999755859375,107.61981964111328,8781700.0
2025-01-23,DIS,108.5,111.06999969482422,108.48999786376953,111.04000091552734,109.82542419433594,7608300.0
2025-01-24,DIS,111.16000366210938,113.38999938964844,110.62999725341797,112.16000366210938,110.93317413330078,8304500.0
2025-01-27,DIS,111.68000030517578,114.08000183105469,111.45999908447266,113.33999633789062,112.10025787353516,10176900.0
2025-01-28,DIS,112.8499984741211,112.95999908447266,111.55999755859375,112.13999938964844,110.91339111328125,6516800.0
2025-01-29,DIS,113.5,114.37999725341797,112.76000213623047,113.19000244140625,111.95191192626953,7607100.0
2025-01-30,DIS,114.08999633789062,115.18000030517578,113.12000274658203,113.43000030517578,112.18927764892578,6236200.0
2025-01-31,DIS,113.30000305175781,114.01000213623047,112.76000213623047,113.05999755859375,111.82332611083984,7793400.0
2025-02-03,DIS,111.3499984741211,114.5999984741211,110.86000061035156,114.0,112.75304412841797,8870700.0
2025-02-04,DIS,113.80000305175781,114.66000366210938,112.51000213623047,113.30000305175781,112.06070709228516,13521100.0
2025-02-05,DIS,115.69999694824219,118.58999633789062,110.2300033569336,110.54000091552734,109.33089447021484,23310000.0
2025-02-06,DIS,111.87999725341797,112.68000030517578,109.1500015258789,112.08999633789062,110.86393737792969,12470800.0
2025-02-07,DIS,111.61000061035156,112.55000305175781,110.80999755859375,110.86000061035156,109.64739990234375,8669300.0
2025-02-10,DIS,111.13999938964844,111.37999725341797,108.69000244140625,109.27999877929688,108.08467102050781,8239500.0
2025-02-11,DIS,108.37999725341797,109.05000305175781,107.69000244140625,109.0199966430664,107.8275146484375,7456700.0
2025-02-12,DIS,108.25,109.52999877929688,107.75,109.2300033569336,108.03522491455078,6521200.0
2025-02-13,DIS,108.91999816894531,109.76000213623047,108.55999755859375,109.58999633789062,108.39128112792969,6553200.0
2025-02-14,DIS,109.86000061035156,110.51000213623047,109.58999633789062,110.37999725341797,109.17264556884766,5964500.0
2025-02-18,DIS,109.77999877929688,109.91999816894531,108.70999908447266,109.55999755859375,108.36161041259766,8362900.0
2025-02-19,DIS,109.13999938964844,111.76000213623047,109.13999938964844,111.3499984741211,110.13203430175781,8452100.0
2025-02-20,DIS,111.23999786376953,111.5199966430664,109.37999725341797,110.55000305175781,109.34078216552734,5970100.0
2025-02-21,DIS,111.0,111.76000213623047,107.91999816894531,108.66000366210938,107.4714584350586,9082100.0
2025-02-24,DIS,108.83999633789062,111.55999755859375,108.6500015258789,111.19999694824219,109.9836654663086,7093300.0
2025-02-25,DIS,111.43000030517578,111.9000015258789,109.06999969482422,110.52999877929688,109.32099914550781,7289000.0
2025-02-26,DIS,110.05999755859375,113.25,110.05999755859375,111.83000183105469,110.6067886352539,7831600.0
2025-02-27,DIS,112.31999969482422,113.12000274658203,111.05999755859375,111.30999755859375,110.09246826171875,7854700.0
2025-02-28,DIS,111.45999908447266,113.98999786376953,111.0,113.80000305175781,112.55523681640625,14609400.0
2025-03-03,DIS,114.06999969482422,115.55000305175781,112.0,112.79000091552734,111.55628204345703,7884700.0
2025-03-04,DIS,111.69999694824219,112.25,108.2699966430664,109.01000213623047,107.817626953125,12658000.0
2025-03-05,DIS,109.33999633789062,110.94000244140625,108.22000122070312,109.30999755859375,108.11434173583984,9956100.0
2025-03-06,DIS,108.37999725341797,108.83000183105469,105.0199966430664,105.43000030517578,104.27678680419922,11618800.0
2025-03-07,DIS,105.0,105.7699966430664,103.30999755859375,105.51000213623047,104.35591125488281,12715900.0
2025-03-10,DIS,104.43000030517578,104.80000305175781,102.11000061035156,103.08000183105469,101.95249938964844,10947100.0
2025-03-11,DIS,99.79000091552734,101.04000091552734,97.44999694824219,97.9000015258789,96.82915496826172,16906000.0
2025-03-12,DIS,98.68000030517578,99.48999786376953,96.37999725341797,98.76000213623047,97.67974853515625,11891800.0
2025-03-13,DIS,97.7699966430664,98.6500015258789,95.93000030517578,96.87000274658203,95.81041717529297,11059500.0
2025-03-14,DIS,97.44000244140625,99.0999984741211,97.41999816894531,98.63999938964844,97.5610580444336,10199800.0
2025-03-17,DIS,98.73999786376953,100.12000274658203,98.66000366210938,99.36000061035156,98.27317810058594,8332100.0
2025-03-18,DIS,99.2699966430664,99.7300033569336,98.4800033569336,99.3499984741211,98.26329040527344,6727000.0
2025-03-19,DIS,99.66000366210938,100.95999908447266,99.47000122070312,100.29000091552734,99.1930160522461,8614600.0
2025-03-20,DIS,99.56999969482422,100.05000305175781,98.63999938964844,98.86000061035156,97.77864837646484,7836500.0
2025-03-21,DIS,98.37999725341797,99.88999938964844,97.75,99.45999908447266,98.3720932006836,15089900.0
2025-03-24,DIS,100.22000122070312,100.44000244140625,98.86000061035156,100.18000030517578,99.08421325683594,8224400.0
2025-03-25,DIS,100.6500015258789,101.76000213623047,100.41000366210938,101.61000061035156,100.49857330322266,7365200.0
2025-03-26,DIS,101.69999694824219,102.2699966430664,100.26000213623047,100.77999877929688,99.67765045166016,6314000.0
2025-03-27,DIS,100.70999908447266,101.02999877929688,99.58000183105469,100.44999694824219,99.35125732421875,6598800.0
2025-03-28,DIS,100.05000305175781,100.38999938964844,97.73999786376953,98.06999969482422,96.9972915649414,7679700.0
2025-03-31,DIS,96.83000183105469,98.8499984741211,95.69999694824219,98.69999694824219,97.62039947509766,10554000.0
2025-04-01,DIS,98.31999969482422,98.58999633789062,96.83999633789062,97.68000030517578,96.61155700683594,8762700.0
2025-04-02,DIS,96.62000274658203,98.30999755859375,96.44999694824219,97.87999725341797,96.80937194824219,7959900.0
2025-04-03,DIS,94.51000213623047,94.77999877929688,88.61000061035156,88.83999633789062,87.86824798583984,19353400.0
2025-04-04,DIS,86.0,87.54000091552734,83.08000183105469,83.52999877929688,82.6163330078125,22580900.0
2025-04-07,DIS,80.98999786376953,86.62999725341797,80.0999984741211,83.30000305175781,82.38885498046875,20456000.0
2025-04-08,DIS,85.94999694824219,86.94999694824219,80.8499984741211,81.72000122070312,80.82613372802734,14845600.0
2025-04-09,DIS,81.29000091552734,92.25,81.19000244140625,91.44000244140625,90.43981170654297,24970900.0
2025-04-10,DIS,88.91999816894531,89.01000213623047,83.06999969482422,85.2300033569336,84.29774475097656,16377000.0
2025-04-11,DIS,85.11000061035156,85.66999816894531,83.3499984741211,84.88999938964844,83.96145629882812,10204400.0
2025-04-14,DIS,85.83000183105469,86.44999694824219,84.02999877929688,84.66000366210938,83.73397827148438,10841300.0
2025-04-15,DIS,84.75,85.9800033569336,84.5199966430664,85.01000213623047,84.08014678955078,7840500.0
2025-04-16,DIS,84.27999877929688,84.80000305175781,82.01000213623047,82.7699966430664,81.8646469116211,10144300.0
2025-04-17,DIS,83.37000274658203,85.77999877929688,83.36000061035156,84.80999755859375,83.88233184814453,14810900.0
2025-04-21,DIS,84.91000366210938,85.2300033569336,82.9800033569336,84.0,83.08119201660156,14166800.0
2025-04-22,DIS,85.01000213623047,86.55999755859375,84.5999984741211,86.08999633789062,85.14833068847656,9578500.0
2025-04-23,DIS,89.02999877929688,89.87000274658203,87.02999877929688,87.29000091552734,86.335205078125,12089100.0
2025-04-24,DIS,87.44999694824219,90.23999786376953,86.7699966430664,90.01000213623047,89.02545928955078,10310000.0
2025-04-25,DIS,90.06999969482422,90.33999633789062,89.06999969482422,90.27999877929688,89.2925033569336,7749600.0
2025-04-28,DIS,90.44999694824219,91.37000274658203,89.63999938964844,90.16000366210938,89.17382049560547,8491800.0
2025-04-29,DIS,89.83000183105469,91.66000366210938,89.76000213623047,91.16999816894531,90.17276000976562,6359900.0
2025-04-30,DIS,89.88999938964844,91.19000244140625,88.55999755859375,90.94999694824219,89.95516967773438,8474800.0
2025-05-01,DIS,91.2699966430664,91.61000061035156,90.36000061035156,90.80999755859375,89.81670379638672,7790600.0
2025-05-02,DIS,91.83999633789062,93.19000244140625,91.83999633789062,92.48999786376953,91.47832489013672,7594000.0
2025-05-05,DIS,89.69999694824219,93.08000183105469,89.61000061035156,92.11000061035156,91.10248565673828,10231000.0
2025-05-06,DIS,91.19999694824219,92.73999786376953,91.0,92.16999816894531,91.16182708740234,11839400.0
2025-05-07,DIS,102.41999816894531,103.30999755859375,100.13999938964844,102.08999633789062,100.97332000732422,36155300.0
2025-05-08,DIS,103.97000122070312,106.19000244140625,103.86000061035156,105.12000274658203,103.97017669677734,19265400.0
2025-05-09,DIS,105.26000213623047,106.19000244140625,104.76000213623047,105.94000244140625,104.78121185302734,10438200.0
2025-05-12,DIS,109.87000274658203,110.94000244140625,108.66000366210938,110.48999786376953,109.28144073486328,18366600.0
2025-05-13,DIS,110.25,112.19999694824219,110.1500015258789,111.37999725341797,110.16169738769531,14076700.0
2025-05-14,DIS,111.37999725341797,113.41000366210938,110.83000183105469,112.94000244140625,111.70464324951172,15352200.0
2025-05-15,DIS,112.2300033569336,112.8499984741211,111.58000183105469,112.22000122070312,110.99252319335938,8322400.0
2025-05-16,DIS,111.91999816894531,113.44000244140625,111.41999816894531,113.41999816894531,112.17938995361328,10961000.0
2025-05-19,DIS,112.12000274658203,112.98999786376953,111.9000015258789,112.66000366210938,111.4277114868164,7209700.0
2025-05-20,DIS,112.44000244140625,113.4000015258789,111.80999755859375,112.36000061035156,111.13098907470703,6433300.0
2025-05-21,DIS,111.69000244140625,112.48999786376953,110.12999725341797,110.45999908447266,109.25176239013672,10150600.0
2025-05-22,DIS,109.9800033569336,111.80000305175781,109.9800033569336,111.12999725341797,109.91443634033203,7903700.0
2025-05-23,DIS,109.5999984741211,110.3499984741211,108.77999877929688,109.72000122070312,108.51986694335938,8086100.0
2025-05-27,DIS,111.02999877929688,112.88999938964844,110.1500015258789,112.36000061035156,111.13098907470703,10201100.0
2025-05-28,DIS,112.19999694824219,112.47000122070312,111.16999816894531,111.5199966430664,110.3001708984375,5787900.0
2025-05-29,DIS,112.01000213623047,112.26000213623047,110.5199966430664,112.0199966430664,110.7947006225586,9682100.0
2025-05-30,DIS,112.01000213623047,113.3499984741211,111.37000274658203,113.04000091552734,111.80354309082031,12881100.0
2025-06-02,DIS,112.68000030517578,113.5999984741211,112.25,112.94999694824219,111.71452331542969,7546800.0
2025-06-03,DIS,112.7300033569336,114.69000244140625,112.5199966430664,113.5999984741211,112.357421875,9738800.0
2025-06-04,DIS,113.86000061035156,114.05000305175781,112.9800033569336,113.48999786376953,112.24862670898438,5614900.0
2025-06-05,DIS,113.7300033569336,114.33999633789062,111.83999633789062,112.52999877929688,111.29912567138672,8547200.0
2025-06-06,DIS,113.36000061035156,114.22000122070312,113.20999908447266,113.9000015258789,112.65414428710938,5790700.0
2025-06-09,DIS,113.9800033569336,116.11000061035156,113.9800033569336,115.66000366210938,114.39488983154297,7960400.0
2025-06-10,DIS,115.52999877929688,120.5,115.52999877929688,118.7300033569336,117.43131256103516,18948400.0
2025-06-11,DIS,118.37999725341797,119.55000305175781,117.6500015258789,119.5199966430664,118.2126693725586,10439200.0
2025-06-12,DIS,118.87000274658203,119.38999938964844,117.66000366210938,118.61000061035156,117.3126220703125,7980300.0
2025-06-13,DIS,117.30999755859375,118.31999969482422,117.30000305175781,117.94000244140625,116.64995574951172,13204900.0
2025-06-16,DIS,118.0199966430664,120.33999633789062,117.87000274658203,119.4800033569336,118.17311096191406,9592100.0
2025-06-17,DIS,118.98999786376953,119.33000183105469,117.6500015258789,118.12999725341797,116.8378677368164,9241200.0
2025-06-18,DIS,117.87999725341797,118.75,116.83999633789062,117.86000061035156,116.57083129882812,8181200.0
2025-06-20,DIS,118.25,119.05000305175781,116.9000015258789,117.62999725341797,116.34333801269531,17180400.0
2025-06-23,DIS,116.66000366210938,117.98999786376953,115.0199966430664,117.75,116.46202850341797,8348000.0
2025-06-24,DIS,117.75,119.08000183105469,117.75,118.6500015258789,117.85262298583984,8350200.0
2025-06-25,DIS,118.7699966430664,119.72000122070312,118.62999725341797,119.41999816894531,118.61744689941406,6976300.0
2025-06-26,DIS,119.9800033569336,121.66999816894531,119.68000030517578,121.45999908447266,120.64373779296875,10439600.0
2025-06-27,DIS,121.8499984741211,122.94000244140625,121.4800033569336,122.33999633789062,121.517822265625,13435600.0
2025-06-30,DIS,124.30999755859375,124.69000244140625,123.18000030517578,124.01000213623047,123.17660522460938,13456200.0
2025-07-01,DIS,123.5,123.76000213623047,122.44999694824219,123.48999786376953,122.66009521484375,9815700.0
2025-07-02,DIS,123.31999969482422,123.69999694824219,122.52999877929688,122.9800033569336,122.15352630615234,7317100.0
2025-07-03,DIS,123.06999969482422,124.23999786376953,122.9000015258789,124.0,123.16666412353516,4252300.0
2025-07-07,DIS,123.20999908447266,124.61000061035156,122.58000183105469,123.16000366210938,122.33231353759766,7023500.0
2025-07-08,DIS,123.22000122070312,123.70999908447266,121.81999969482422,121.81999969482422,121.0013198852539,6622900.0
2025-07-09,DIS,121.83999633789062,122.3499984741211,120.61000061035156,120.61000061035156,119.79945373535156,6724900.0
2025-07-10,DIS,120.62000274658203,121.94999694824219,120.62000274658203,121.55999755859375,120.7430648803711,6888700.0
2025-07-11,DIS,120.63999938964844,121.2300033569336,119.7300033569336,119.87000274658203,119.06442260742188,6112400.0
2025-07-14,DIS,119.77999877929688,120.5,119.5999984741211,119.97000122070312,119.16374969482422,6853300.0
2025-07-15,DIS,120.2300033569336,120.2300033569336,118.87999725341797,118.9800033569336,118.18040466308594,7943600.0
2025-07-16,DIS,119.36000061035156,120.56999969482422,118.87999725341797,119.81999969482422,119.01475524902344,6747500.0
2025-07-17,DIS,119.75,122.38999938964844,119.75,122.20999908447266,121.3886947631836,9933700.0
2025-07-18,DIS,121.97000122070312,122.16000366210938,120.29000091552734,121.41999816894531,120.60400390625,9486800.0
2025-07-21,DIS,121.06999969482422,121.97000122070312,120.77999877929688,120.83999633789062,120.02790069580078,6392500.0
2025-07-22,DIS,120.75,121.43000030517578,120.55999755859375,121.05999755859375,120.24642181396484,5614500.0
2025-07-23,DIS,121.5199966430664,123.18000030517578,121.5,122.94000244140625,122.1137924194336,8258900.0
2025-07-24,DIS,122.8499984741211,123.4000015258789,121.80999755859375,121.94999694824219,121.13043975830078,6702200.0
2025-07-25,DIS,122.26000213623047,122.44999694824219,120.87000274658203,121.47000122070312,120.65367126464844,5656600.0
2025-07-28,DIS,121.02999877929688,121.4000015258789,119.88999938964844,120.37000274658203,119.56106567382812,6042200.0
2025-07-29,DIS,120.58000183105469,120.80999755859375,119.36000061035156,119.91000366210938,119.10415649414062,6283700.0
2025-07-30,DIS,119.94999694824219,120.5,119.18000030517578,119.54000091552734,118.73664093017578,5281500.0
2025-07-31,DIS,119.45999908447266,119.91000366210938,118.58000183105469,119.11000061035156,118.30953216552734,7235000.0
2025-08-01,DIS,117.58999633789062,117.88999938964844,115.56999969482422,116.58999633789062,115.80646514892578,8637800.0
2025-08-04,DIS,117.7300033569336,119.5199966430664,117.7300033569336,119.3499984741211,118.54791259765625,8845000.0
2025-08-05,DIS,119.25,119.56999969482422,117.33000183105469,118.31999969482422,117.52484130859375,15365700.0
2025-08-06,DIS,115.77999877929688,116.12000274658203,112.19999694824219,115.16999816894531,114.39600372314453,22153700.0
2025-08-07,DIS,115.75,116.4000015258789,111.81999969482422,112.87999725341797,112.12139892578125,15484400.0
2025-08-08,DIS,113.30000305175781,114.29000091552734,112.0199966430664,112.43000030517578,111.67442321777344,9491000.0
2025-08-11,DIS,112.91000366210938,113.1500015258789,111.54000091552734,112.55000305175781,111.79361724853516,8532600.0
2025-08-12,DIS,113.30999755859375,114.4000015258789,112.48999786376953,113.72000122070312,112.95575714111328,7274000.0
2025-08-13,DIS,114.2300033569336,117.2300033569336,114.1500015258789,116.63999938964844,115.85613250732422,9025700.0
2025-08-14,DIS,115.4800033569336,116.70999908447266,114.62000274658203,116.30999755859375,115.5283432006836,6800900.0
2025-08-15,DIS,116.56999969482422,116.83999633789062,115.19000244140625,115.38999938964844,114.61453247070312,6768600.0
2025-08-18,DIS,115.19000244140625,117.01000213623047,115.16000366210938,116.55000305175781,115.76673889160156,5798400.0
2025-08-19,DIS,116.5,116.98999786376953,115.72000122070312,116.2699966430664,115.48860931396484,5914000.0
2025-08-20,DIS,116.08000183105469,117.88999938964844,116.0,117.04000091552734,116.2534408569336,7046700.0
2025-08-21,DIS,116.56999969482422,116.66000366210938,115.52999877929688,116.20999908447266,115.42901611328125,6337100.0
2025-08-22,DIS,117.58999633789062,119.77999877929688,117.12999725341797,118.86000061035156,118.06121063232422,7161700.0
2025-08-25,DIS,118.48999786376953,119.05000305175781,117.69999694824219,117.70999908447266,116.91893768310547,5424900.0
2025-08-26,DIS,117.43000030517578,118.37999725341797,117.16000366210938,117.6500015258789,116.85934448242188,5787400.0
2025-08-27,DIS,117.52999877929688,118.45999908447266,117.29000091552734,118.08999633789062,117.29637908935547,4378000.0
2025-08-28,DIS,118.0999984741211,118.37000274658203,116.61000061035156,117.63999938964844,116.84941101074219,5687700.0
2025-08-29,DIS,117.38999938964844,118.6500015258789,117.25,118.37999725341797,117.58443450927734,5212600.0
2025-09-02,DIS,117.0199966430664,118.27999877929688,116.0,118.2699966430664,117.47517395019531,6015900.0
2025-09-03,DIS,117.83000183105469,118.62000274658203,116.3499984741211,117.37999725341797,116.59115600585938,6288700.0
2025-09-04,DIS,117.08000183105469,119.68000030517578,116.76000213623047,118.80999755859375,118.01154327392578,6949300.0
2025-09-05,DIS,118.91000366210938,119.77999877929688,117.69999694824219,117.91000366210938,117.11759948730469,6669100.0
2025-09-08,DIS,117.95999908447266,118.87999725341797,116.73999786376953,118.83999633789062,118.04134368896484,6450700.0
2025-09-09,DIS,118.52999877929688,119.05000305175781,117.22000122070312,117.37000274658203,116.58123016357422,5444300.0
2025-09-10,DIS,116.8499984741211,117.51000213623047,114.5,115.79000091552734,115.0118408203125,7484900.0
2025-09-11,DIS,115.44999694824219,117.16999816894531,114.62999725341797,117.08000183105469,116.29317474365234,8399100.0
2025-09-12,DIS,116.26000213623047,117.01000213623047,115.0999984741211,115.95999908447266,115.18070220947266,7640900.0
2025-09-15,DIS,116.11000061035156,116.75,115.0,115.62000274658203,114.84298706054688,7150900.0
2025-09-16,DIS,115.44999694824219,115.8499984741211,114.70999908447266,115.2300033569336,114.45561218261719,6844900.0
2025-09-17,DIS,115.23999786376953,116.66000366210938,115.22000122070312,116.0999984741211,115.31975555419922,7333900.0
2025-09-18,DIS,115.33000183105469,115.77999877929688,114.05000305175781,114.86000061035156,114.08808898925781,9460500.0
2025-09-19,DIS,114.5999984741211,114.5999984741211,111.93000030517578,113.76000213623047,112.9954833984375,23398400.0
2025-09-22,DIS,111.76000213623047,113.62999725341797,111.5199966430664,112.55999755859375,111.80354309082031,15479800.0
2025-09-23,DIS,112.72000122070312,113.62000274658203,111.5999984741211,112.25,111.49563598632812,13145000.0
2025-09-24,DIS,112.41000366210938,114.1500015258789,112.19999694824219,113.43000030517578,112.6677017211914,8755200.0
2025-09-25,DIS,112.70999908447266,114.05000305175781,112.6500015258789,112.98999786376953,112.23065948486328,6365500.0
2025-09-26,DIS,113.12999725341797,113.56999969482422,112.76000213623047,113.47000122070312,112.70743560791016,6145700.0
2025-09-29,DIS,113.47000122070312,115.01000213623047,113.33000183105469,114.77999877929688,114.00862884521484,9304100.0
2025-09-30,DIS,114.52999877929688,114.87999725341797,113.33999633789062,114.5,113.73051452636719,9303700.0
2025-10-01,DIS,114.08000183105469,116.05999755859375,112.79000091552734,112.94999694824219,112.19092559814453,9736300.0
2025-10-02,DIS,112.9800033569336,113.16999816894531,110.77999877929688,112.13999938964844,111.38636779785156,8695100.0
2025-10-03,DIS,112.04000091552734,113.56999969482422,111.55999755859375,112.47000122070312,111.71415710449219,7148400.0
2025-10-06,DIS,112.69000244140625,113.11000061035156,111.44999694824219,112.75,111.99227142333984,6141200.0
2025-10-07,DIS,112.62999725341797,113.4000015258789,111.80000305175781,112.52999877929688,111.77375030517578,5409800.0
2025-10-08,DIS,112.80999755859375,113.19999694824219,111.6500015258789,111.88999938964844,111.13805389404297,7074400.0
2025-10-09,DIS,111.81999969482422,113.0,110.87999725341797,110.98999786376953,110.24409484863281,6502400.0
2025-10-10,DIS,111.52999877929688,112.68000030517578,109.11000061035156,109.19000244140625,108.4561996459961,9635200.0
2025-10-13,DIS,110.38999938964844,110.95999908447266,109.37999725341797,110.2699966430664,109.52893829345703,7435100.0
2025-10-14,DIS,109.6500015258789,111.83999633789062,109.19999694824219,111.16999816894531,110.42288970947266,7898000.0
2025-10-15,DIS,111.47000122070312,112.68000030517578,111.13999938964844,111.70999908447266,110.95925903320312,7012600.0
2025-10-16,DIS,111.79000091552734,112.08999633789062,108.51000213623047,109.87999725341797,109.14155578613281,7531200.0
2025-10-17,DIS,109.73999786376953,111.45999908447266,109.44000244140625,110.66999816894531,109.9262466430664,10090500.0
2025-10-20,DIS,111.02999877929688,112.25,110.5999984741211,111.95999908447266,111.20758056640625,8047500.0
2025-10-21,DIS,112.25,114.54000091552734,112.04000091552734,114.30000305175781,113.5318603515625,8163200.0
2025-10-22,DIS,114.0,114.27999877929688,112.9800033569336,113.08000183105469,112.32005310058594,7569200.0
2025-10-23,DIS,113.16999816894531,113.83000183105469,111.9000015258789,113.02999877929688,112.2703857421875,6945400.0
2025-10-24,DIS,113.2300033569336,113.6500015258789,111.58999633789062,111.68000030517578,110.9294662475586,6235200.0
2025-10-27,DIS,111.94000244140625,112.5999984741211,111.30999755859375,112.33999633789062,111.58502197265625,6029600.0
2025-10-28,DIS,111.91000366210938,112.4800033569336,111.45999908447266,111.6500015258789,110.89966583251953,6839400.0
2025-10-29,DIS,111.18000030517578,111.52999877929688,110.01000213623047,110.23999786376953,109.49913787841797,7097100.0
2025-10-30,DIS,110.12999725341797,113.58000183105469,109.55000305175781,111.83999633789062,111.08838653564453,8311300.0
2025-10-31,DIS,111.58000183105469,113.0999984741211,110.52999877929688,112.62000274658203,111.86315155029297,8700600.0
2025-11-03,DIS,112.55000305175781,112.80999755859375,111.02999877929688,112.12000274658203,111.36650848388672,8542300.0
2025-11-04,DIS,110.97000122070312,111.79000091552734,110.63999938964844,111.47000122070312,110.72087860107422,7950100.0
2025-11-05,DIS,111.3499984741211,111.97000122070312,110.5999984741211,111.36000061035156,110.61161041259766,5746000.0
2025-11-06,DIS,111.16999816894531,111.70999908447266,109.18000030517578,110.48999786376953,109.7474594116211,10291800.0
2025-11-07,DIS,110.26000213623047,111.43000030517578,110.04000091552734,110.73999786376953,109.99578094482422,8782100.0
2025-11-10,DIS,111.1500015258789,112.79000091552734,111.02999877929688,112.23999786376953,111.4856948852539,9158700.0
2025-11-11,DIS,112.6500015258789,114.97000122070312,112.41999816894531,114.8499984741211,114.07815551757812,9713300.0
2025-11-12,DIS,114.56999969482422,117.08999633789062,114.38999938964844,116.6500015258789,115.8660659790039,15248700.0
2025-11-13,DIS,108.88999938964844,109.36000061035156,104.91000366210938,107.61000061035156,106.8868179321289,44045400.0
2025-11-14,DIS,107.5199966430664,108.7300033569336,105.30000305175781,105.80000305175781,105.08898162841797,16691400.0
2025-11-17,DIS,105.75,107.66999816894531,105.12000274658203,105.69000244140625,104.97972106933594,12296400.0
2025-11-18,DIS,105.0999984741211,107.08000183105469,105.0,106.27999877929688,105.56575012207031,11796200.0
2025-11-19,DIS,106.08000183105469,107.58999633789062,104.08000183105469,104.66999816894531,103.96656799316406,12790000.0
2025-11-20,DIS,105.37000274658203,105.80000305175781,102.5,102.69999694824219,102.00981140136719,12609900.0
2025-11-21,DIS,103.4800033569336,104.77999877929688,102.69000244140625,104.27999877929688,103.57919311523438,10785400.0
2025-11-24,DIS,104.08999633789062,104.33999633789062,101.88999938964844,101.94000244140625,101.25492095947266,15024800.0
2025-11-25,DIS,102.48999786376953,103.91999816894531,102.0,103.30999755859375,102.61570739746094,10574500.0
2025-11-26,DIS,103.31999969482422,104.25,102.87999725341797,103.43000030517578,102.73490905761719,10130200.0
2025-11-28,DIS,103.30000305175781,104.73999786376953,103.23999786376953,104.47000122070312,103.7679214477539,6525500.0
2025-12-01,DIS,104.91999816894531,106.83000183105469,104.47000122070312,106.7699966430664,106.05245971679688,12628900.0
2025-12-02,DIS,106.52999877929688,106.56999969482422,104.81999969482422,104.83000183105469,104.12550354003906,8548200.0
2025-12-03,DIS,104.9000015258789,105.8499984741211,104.47000122070312,105.73999786376953,105.02938079833984,10177800.0
2025-12-04,DIS,105.83999633789062,106.22000122070312,104.51000213623047,105.47000122070312,104.76119995117188,11471400.0
2025-12-05,DIS,105.18000030517578,106.16999816894531,104.55999755859375,105.30000305175781,104.59234619140625,10680100.0
2025-12-08,DIS,105.30000305175781,108.05000305175781,104.83000183105469,107.62999725341797,106.90667724609375,13727700.0
2025-12-09,DIS,107.58999633789062,107.75,106.55000305175781,107.0199966430664,106.30077362060547,8549400.0
2025-12-10,DIS,107.12000274658203,109.66999816894531,106.58000183105469,108.83000183105469,108.09861755371094,11237900.0
2025-12-11,DIS,109.19999694824219,111.55999755859375,109.11000061035156,111.45999908447266,110.7109375,13281400.0
2025-12-12,DIS,111.7300033569336,113.33999633789062,111.1500015258789,111.5999984741211,110.8499984741211,13059100.0
2025-12-15,DIS,110.69999694824219,111.55000305175781,108.55000305175781,110.48999786376953,110.48999786376953,14318000.0
2025-12-16,DIS,111.22000122070312,112.8499984741211,110.86000061035156,111.62000274658203,111.62000274658203,15580200.0
2025-12-17,DIS,111.05999755859375,112.12999725341797,110.45999908447266,110.62999725341797,110.62999725341797,12142500.0
2025-12-18,DIS,110.52999877929688,112.80000305175781,110.41999816894531,111.87000274658203,111.87000274658203,12913900.0
2025-12-19,DIS,112.31999969482422,113.4800033569336,110.91999816894531,111.23999786376953,111.23999786376953,21138400.0
2025-12-22,DIS,111.41000366210938,112.80000305175781,111.1500015258789,112.37999725341797,112.37999725341797,8803300.0
2025-12-23,DIS,112.29000091552734,113.30999755859375,112.04000091552734,113.22000122070312,113.22000122070312,7634500.0
2025-12-24,DIS,112.94000244140625,114.52999877929688,112.80000305175781,114.4800033569336,114.4800033569336,4606700.0
2025-12-26,DIS,114.1500015258789,114.73999786376953,113.2699966430664,113.55999755859375,113.55999755859375,5428900.0
2025-12-29,DIS,113.31999969482422,114.48999786376953,113.30999755859375,114.19000244140625,114.19000244140625,7966000.0
2025-12-30,DIS,114.0999984741211,115.27999877929688,114.0999984741211,114.79000091552734,114.79000091552734,6883900.0
