Date,Ticker,Open,High,Low,Close,Adj Close,Volume
2015-01-02,GM,35.27000045776367,35.310001373291016,34.40999984741211,34.84000015258789,26.899045944213867,9756700.0
2015-01-05,GM,34.97999954223633,35.25,34.06999969482422,34.33000183105469,26.505281448364258,16223000.0
2015-01-06,GM,34.40999984741211,35.220001220703125,34.099998474121094,34.849998474121094,26.90675163269043,17747600.0
2015-01-07,GM,35.22999954223633,35.95000076293945,35.040000915527344,35.84000015258789,27.67110252380371,19319200.0
2015-01-08,GM,36.060001373291016,36.45000076293945,35.79999923706055,36.20000076293945,27.949064254760742,15206600.0
2015-01-09,GM,36.209999084472656,36.369998931884766,35.40999984741211,35.59000015258789,27.47809600830078,14690600.0
2015-01-12,GM,35.810001373291016,35.939998626708984,35.470001220703125,35.84000015258789,27.67110252380371,10656700.0
2015-01-13,GM,36.08000183105469,36.400001525878906,34.68000030517578,35.25,27.215591430664062,21893500.0
2015-01-14,GM,34.36000061035156,34.56999969482422,33.59000015258789,34.29999923706055,26.48212242126465,27901300.0
2015-01-15,GM,34.779998779296875,34.869998931884766,33.380001068115234,33.43000030517578,25.81041145324707,19437400.0
2015-01-16,GM,33.310001373291016,33.790000915527344,33.27000045776367,33.68000030517578,26.003429412841797,17780000.0
2015-01-20,GM,33.900001525878906,34.0099983215332,33.349998474121094,33.93000030517578,26.19645118713379,12052500.0
2015-01-21,GM,33.81999969482422,34.119998931884766,33.52000045776367,33.88999938964844,26.165571212768555,14349900.0
2015-01-22,GM,34.150001525878906,34.18000030517578,33.310001373291016,33.81999969482422,26.111522674560547,14261100.0
2015-01-23,GM,33.900001525878906,34.18000030517578,33.709999084472656,33.75,26.057477951049805,13990200.0
2015-01-26,GM,33.709999084472656,34.040000915527344,33.599998474121094,33.70000076293945,26.01888084411621,10824800.0
2015-01-27,GM,33.400001525878906,33.689998626708984,33.150001525878906,33.41999816894531,25.802698135375977,14793300.0
2015-01-28,GM,33.5099983215332,33.56999969482422,32.75,32.84000015258789,25.35488510131836,16936200.0
2015-01-29,GM,32.90999984741211,33.34000015258789,32.36000061035156,33.15999984741211,25.60195541381836,15819200.0
2015-01-30,GM,32.880001068115234,33.150001525878906,32.619998931884766,32.619998931884766,25.185035705566406,19166500.0
2015-02-02,GM,32.66999816894531,33.150001525878906,32.439998626708984,33.11000061035156,25.563352584838867,18397000.0
2015-02-03,GM,33.5,34.20000076293945,33.439998626708984,33.97999954223633,26.235057830810547,26207000.0
2015-02-04,GM,35.27000045776367,35.97999954223633,34.150001525878906,35.83000183105469,27.663379669189453,49298100.0
2015-02-05,GM,36.279998779296875,36.599998474121094,36.0099983215332,36.25,27.98766326904297,20854900.0
2015-02-06,GM,36.2599983215332,36.540000915527344,35.91999816894531,36.0,27.794649124145508,16320400.0
2015-02-09,GM,35.790000915527344,36.099998474121094,35.5099983215332,36.0,27.794649124145508,14797500.0
2015-02-10,GM,37.279998779296875,37.54999923706055,36.400001525878906,37.52000045776367,28.968196868896484,32369400.0
2015-02-11,GM,37.5099983215332,37.86000061035156,37.279998779296875,37.66999816894531,29.084001541137695,22634000.0
2015-02-12,GM,37.849998474121094,38.18000030517578,37.72999954223633,38.02000045776367,29.354225158691406,15537400.0
2015-02-13,GM,37.93000030517578,38.06999969482422,37.349998474121094,37.619998931884766,29.045394897460938,14696300.0
2015-02-17,GM,37.20000076293945,37.470001220703125,37.04999923706055,37.2400016784668,28.752010345458984,13147100.0
2015-02-18,GM,37.25,37.47999954223633,37.130001068115234,37.189998626708984,28.713417053222656,8513300.0
2015-02-19,GM,37.029998779296875,37.61000061035156,36.97999954223633,37.5099983215332,28.960472106933594,11780800.0
2015-02-20,GM,37.4900016784668,37.720001220703125,37.15999984741211,37.650001525878906,29.068567276000977,9345200.0
2015-02-23,GM,37.619998931884766,37.77000045776367,37.34000015258789,37.689998626708984,29.099445343017578,10970200.0
2015-02-24,GM,37.619998931884766,37.90999984741211,37.58000183105469,37.75,29.14576530456543,8562400.0
2015-02-25,GM,37.790000915527344,37.959999084472656,37.61000061035156,37.86000061035156,29.230697631835938,11161500.0
2015-02-26,GM,37.810001373291016,38.130001068115234,37.5099983215332,37.560001373291016,28.999080657958984,10708200.0
2015-02-27,GM,37.380001068115234,37.45000076293945,37.11000061035156,37.310001373291016,28.806055068969727,10490200.0
2015-03-02,GM,37.310001373291016,37.709999084472656,37.310001373291016,37.61000061035156,29.037675857543945,11234200.0
2015-03-03,GM,37.380001068115234,37.810001373291016,37.29999923706055,37.79999923706055,29.18438148498535,10036000.0
2015-03-04,GM,37.630001068115234,37.79999923706055,37.29999923706055,37.56999969482422,29.006799697875977,12736400.0
2015-03-05,GM,37.63999938964844,37.81999969482422,37.560001373291016,37.61000061035156,29.037675857543945,6620700.0
2015-03-06,GM,37.459999084472656,37.54999923706055,36.72999954223633,36.84000015258789,28.443178176879883,13764200.0
2015-03-09,GM,37.54999923706055,37.810001373291016,37.31999969482422,37.65999984741211,29.31500816345215,22979300.0
2015-03-10,GM,37.43000030517578,37.779998779296875,37.150001525878906,37.54999923706055,29.22938346862793,20314000.0
2015-03-11,GM,37.599998474121094,38.130001068115234,37.52000045776367,37.779998779296875,29.408414840698242,13191600.0
2015-03-12,GM,37.86000061035156,38.470001220703125,37.84000015258789,38.43000030517578,29.914371490478516,13986000.0
2015-03-13,GM,38.38999938964844,38.38999938964844,37.72999954223633,38.04999923706055,29.618587493896484,11404200.0
2015-03-16,GM,38.27000045776367,38.599998474121094,38.209999084472656,38.58000183105469,30.031152725219727,11219000.0
2015-03-17,GM,38.150001525878906,38.470001220703125,38.060001373291016,38.290000915527344,29.805404663085938,9702700.0
2015-03-18,GM,38.16999816894531,38.599998474121094,37.779998779296875,38.5,29.968868255615234,19015600.0
2015-03-19,GM,38.45000076293945,38.779998779296875,38.290000915527344,38.650001525878906,30.08563995361328,11255700.0
2015-03-20,GM,38.7599983215332,38.93000030517578,38.54999923706055,38.869998931884766,30.25688362121582,19769700.0
2015-03-23,GM,38.810001373291016,38.9900016784668,38.59000015258789,38.59000015258789,30.03893280029297,11656900.0
2015-03-24,GM,38.52000045776367,38.52000045776367,37.75,37.849998474121094,29.462902069091797,15855900.0
2015-03-25,GM,37.880001068115234,37.90999984741211,37.369998931884766,37.380001068115234,29.097049713134766,10209800.0
2015-03-26,GM,37.70000076293945,37.90999984741211,37.150001525878906,37.349998474121094,29.073699951171875,13814500.0
2015-03-27,GM,37.34000015258789,37.47999954223633,37.08000183105469,37.310001373291016,29.04255485534668,9237600.0
2015-03-30,GM,37.58000183105469,37.869998931884766,37.529998779296875,37.68000030517578,29.330577850341797,9980300.0
2015-03-31,GM,37.68000030517578,38.040000915527344,37.470001220703125,37.5,29.190462112426758,12633400.0
2015-04-01,GM,37.27000045776367,37.369998931884766,36.560001373291016,36.7400016784668,28.598867416381836,16631200.0
2015-04-02,GM,36.61000061035156,36.72999954223633,36.33000183105469,36.5,28.412044525146484,16517700.0
2015-04-06,GM,36.2599983215332,36.970001220703125,36.209999084472656,36.65999984741211,28.536596298217773,13179000.0
2015-04-07,GM,35.9900016784668,36.09000015258789,35.63999938964844,35.72999954223633,27.812667846679688,56224000.0
2015-04-08,GM,35.88999938964844,36.189998626708984,35.75,36.11000061035156,28.108463287353516,27460300.0
2015-04-09,GM,36.099998474121094,36.38999938964844,36.029998779296875,36.290000915527344,28.248579025268555,15475300.0
2015-04-10,GM,36.7400016784668,36.779998779296875,36.369998931884766,36.56999969482422,28.466537475585938,16768900.0
2015-04-13,GM,36.630001068115234,36.86000061035156,36.38999938964844,36.400001525878906,28.334203720092773,13530700.0
2015-04-14,GM,36.459999084472656,36.81999969482422,36.439998626708984,36.47999954223633,28.396480560302734,12989700.0
2015-04-15,GM,36.81999969482422,37.08000183105469,36.650001525878906,36.939998626708984,28.754549026489258,13734900.0
2015-04-16,GM,37.130001068115234,37.18000030517578,36.7400016784668,37.08000183105469,28.863523483276367,12225800.0
2015-04-17,GM,36.83000183105469,36.849998474121094,36.5,36.63999938964844,28.52102279663086,14375200.0
2015-04-20,GM,36.95000076293945,37.16999816894531,36.75,37.11000061035156,28.886878967285156,13879800.0
2015-04-21,GM,37.33000183105469,37.45000076293945,36.83000183105469,37.15999984741211,28.925800323486328,17130500.0
2015-04-22,GM,37.130001068115234,37.220001220703125,36.66999816894531,37.15999984741211,28.925800323486328,16025100.0
2015-04-23,GM,36.25,36.29999923706055,35.58000183105469,35.91999816894531,27.96056365966797,41820400.0
2015-04-24,GM,35.720001220703125,35.810001373291016,35.439998626708984,35.59000015258789,27.703691482543945,21252500.0
2015-04-27,GM,35.650001525878906,35.95000076293945,35.560001373291016,35.779998779296875,27.851591110229492,15497400.0
2015-04-28,GM,35.75,35.959999084472656,35.16999816894531,35.720001220703125,27.80489158630371,14857500.0
2015-04-29,GM,35.5,35.70000076293945,35.2400016784668,35.5099983215332,27.64141845703125,11907300.0
2015-04-30,GM,35.2599983215332,35.43000030517578,34.93000030517578,35.060001373291016,27.291133880615234,15784500.0
2015-05-01,GM,35.16999816894531,35.470001220703125,34.810001373291016,35.41999816894531,27.57135581970215,15307400.0
2015-05-04,GM,35.5,35.720001220703125,35.400001525878906,35.400001525878906,27.555797576904297,12020100.0
2015-05-05,GM,35.400001525878906,35.52000045776367,34.9900016784668,35.0099983215332,27.252214431762695,11068100.0
2015-05-06,GM,35.13999938964844,35.22999954223633,34.54999923706055,34.77000045776367,27.06539535522461,13076200.0
2015-05-07,GM,34.63999938964844,35.029998779296875,34.54999923706055,34.880001068115234,27.151016235351562,14033700.0
2015-05-08,GM,35.04999923706055,35.459999084472656,35.029998779296875,35.31999969482422,27.493520736694336,12787000.0
2015-05-11,GM,35.29999923706055,35.59000015258789,35.16999816894531,35.220001220703125,27.415678024291992,8833100.0
2015-05-12,GM,34.959999084472656,34.959999084472656,34.5099983215332,34.7400016784668,27.04204559326172,14049300.0
2015-05-13,GM,34.779998779296875,34.970001220703125,34.709999084472656,34.79999923706055,27.0887508392334,9196900.0
2015-05-14,GM,35.0,35.040000915527344,34.529998779296875,34.650001525878906,26.971982955932617,12645300.0
2015-05-15,GM,34.70000076293945,34.97999954223633,34.70000076293945,34.90999984741211,27.17437171936035,9778800.0
2015-05-18,GM,34.970001220703125,35.209999084472656,34.849998474121094,35.04999923706055,27.283344268798828,10285700.0
2015-05-19,GM,35.16999816894531,35.2400016784668,34.959999084472656,35.119998931884766,27.33783721923828,9856700.0
2015-05-20,GM,35.2400016784668,35.29999923706055,34.65999984741211,35.02000045776367,27.259990692138672,12925600.0
2015-05-21,GM,35.0,35.65999984741211,35.0,35.58000183105469,27.695913314819336,16016000.0
2015-05-22,GM,35.52000045776367,35.7400016784668,35.41999816894531,35.70000076293945,27.789321899414062,9648200.0
2015-05-26,GM,35.45000076293945,35.599998474121094,35.43000030517578,35.52000045776367,27.649200439453125,12566300.0
2015-05-27,GM,35.52000045776367,35.810001373291016,35.43000030517578,35.810001373291016,27.874940872192383,10058300.0
2015-05-28,GM,36.11000061035156,36.47999954223633,35.970001220703125,36.38999938964844,28.326416015625,18063900.0
2015-05-29,GM,36.4900016784668,36.58000183105469,35.849998474121094,35.970001220703125,27.999488830566406,15806300.0
2015-06-01,GM,36.060001373291016,36.34000015258789,35.650001525878906,36.18000030517578,28.1629581451416,12012500.0
2015-06-02,GM,36.09000015258789,36.5,35.970001220703125,36.220001220703125,28.1940975189209,16948300.0
2015-06-03,GM,36.369998931884766,36.41999816894531,35.869998931884766,35.939998626708984,27.976139068603516,12817100.0
2015-06-04,GM,35.65999984741211,35.869998931884766,35.470001220703125,35.540000915527344,27.664770126342773,10538500.0
2015-06-05,GM,35.5,35.54999923706055,34.959999084472656,35.119998931884766,27.33783721923828,24629200.0
2015-06-08,GM,34.86000061035156,35.119998931884766,34.79999923706055,34.9900016784668,27.51873207092285,15636100.0
2015-06-09,GM,35.11000061035156,35.31999969482422,35.0,35.2599983215332,27.731075286865234,12901000.0
2015-06-10,GM,35.45000076293945,35.619998931884766,35.290000915527344,35.59000015258789,27.99061393737793,11402200.0
2015-06-11,GM,35.720001220703125,36.0099983215332,35.54999923706055,35.54999923706055,27.959152221679688,16819000.0
2015-06-12,GM,35.380001068115234,35.900001525878906,35.380001068115234,35.709999084472656,28.084978103637695,11170200.0
2015-06-15,GM,35.349998474121094,35.72999954223633,35.0099983215332,35.459999084472656,27.888376235961914,14016000.0
2015-06-16,GM,35.36000061035156,35.779998779296875,35.16999816894531,35.61000061035156,28.006343841552734,6638600.0
2015-06-17,GM,35.68000030517578,35.810001373291016,35.279998779296875,35.810001373291016,28.163639068603516,10286600.0
2015-06-18,GM,35.869998931884766,36.47999954223633,35.849998474121094,36.20000076293945,28.470354080200195,15490900.0
2015-06-19,GM,36.119998931884766,36.33000183105469,35.95000076293945,36.11000061035156,28.39957046508789,14831300.0
2015-06-22,GM,36.290000915527344,36.540000915527344,36.130001068115234,36.189998626708984,28.46250343322754,13783000.0
2015-06-23,GM,36.369998931884766,36.47999954223633,36.27000045776367,36.29999923706055,28.549007415771484,7279900.0
2015-06-24,GM,35.90999984741211,35.970001220703125,35.11000061035156,35.15999984741211,27.652427673339844,16930000.0
2015-06-25,GM,35.209999084472656,35.31999969482422,34.56999969482422,34.70000076293945,27.2906494140625,14593100.0
2015-06-26,GM,34.70000076293945,34.81999969482422,34.279998779296875,34.380001068115234,27.03898048400879,11632800.0
2015-06-29,GM,34.119998931884766,34.16999816894531,33.20000076293945,33.22999954223633,26.134538650512695,18717700.0
2015-06-30,GM,33.5,33.56999969482422,33.060001373291016,33.33000183105469,26.213184356689453,12911800.0
2015-07-01,GM,33.61000061035156,33.61000061035156,32.68000030517578,33.040000915527344,25.985103607177734,16169500.0
2015-07-02,GM,33.189998626708984,33.45000076293945,33.060001373291016,33.22999954223633,26.134538650512695,8646400.0
2015-07-06,GM,32.849998474121094,33.119998931884766,32.61000061035156,32.650001525878906,25.678380966186523,10433100.0
2015-07-07,GM,32.619998931884766,32.95000076293945,32.0099983215332,32.86000061035156,25.843538284301758,18589300.0
2015-07-08,GM,32.38999938964844,32.40999984741211,30.940000534057617,31.190000534057617,24.530122756958008,29971400.0
2015-07-09,GM,31.6200008392334,31.75,30.920000076293945,31.010000228881836,24.388559341430664,16934200.0
2015-07-10,GM,31.299999237060547,31.420000076293945,30.989999771118164,31.399999618530273,24.695283889770508,12237800.0
2015-07-13,GM,31.8700008392334,31.899999618530273,31.459999084472656,31.68000030517578,24.91550064086914,16327100.0
2015-07-14,GM,31.59000015258789,31.989999771118164,31.43000030517578,31.770000457763672,24.986282348632812,10832900.0
2015-07-15,GM,31.850000381469727,31.899999618530273,31.299999237060547,31.43000030517578,24.718881607055664,18022000.0
2015-07-16,GM,31.139999389648438,31.200000762939453,30.309999465942383,30.610000610351562,24.073972702026367,35920700.0
2015-07-17,GM,30.639999389648438,30.799999237060547,30.43000030517578,30.649999618530273,24.10542869567871,16230200.0
2015-07-20,GM,30.850000381469727,30.850000381469727,30.420000076293945,30.5,23.987462997436523,15643900.0
2015-07-21,GM,30.510000228881836,30.559999465942383,30.31999969482422,30.389999389648438,23.90094757080078,23472100.0
2015-07-22,GM,30.329999923706055,30.520000457763672,29.889999389648438,30.299999237060547,23.83016014099121,20867800.0
2015-07-23,GM,32.65999984741211,32.70000076293945,31.399999618530273,31.5,24.77393341064453,38967600.0
2015-07-24,GM,31.899999618530273,31.940000534057617,30.81999969482422,31.059999465942383,24.42788314819336,22967600.0
2015-07-27,GM,30.950000762939453,31.31999969482422,30.600000381469727,31.049999237060547,24.420021057128906,23336100.0
2015-07-28,GM,31.489999771118164,31.639999389648438,31.219999313354492,31.31999969482422,24.632369995117188,23184400.0
2015-07-29,GM,31.479999542236328,32.060001373291016,31.43000030517578,31.950000762939453,25.12784767150879,20632700.0
2015-07-30,GM,31.889999389648438,32.04999923706055,31.75,31.90999984741211,25.096385955810547,10123300.0
2015-07-31,GM,32.08000183105469,32.130001068115234,31.43000030517578,31.510000228881836,24.78179359436035,12399300.0
2015-08-03,GM,31.790000915527344,31.889999389648438,31.309999465942383,31.68000030517578,24.91550064086914,14800600.0
2015-08-04,GM,31.65999984741211,31.770000457763672,31.389999389648438,31.520000457763672,24.78965950012207,15105900.0
2015-08-05,GM,31.770000457763672,31.770000457763672,31.200000762939453,31.600000381469727,24.85258674621582,14403600.0
2015-08-06,GM,31.59000015258789,31.93000030517578,31.139999389648438,31.860000610351562,25.057058334350586,19567900.0
2015-08-07,GM,32.09000015258789,32.13999938964844,31.600000381469727,31.739999771118164,24.962682723999023,12960000.0
2015-08-10,GM,31.950000762939453,32.25,31.860000610351562,31.940000534057617,25.119979858398438,11676400.0
2015-08-11,GM,31.290000915527344,31.309999465942383,30.59000015258789,30.829999923706055,24.24700164794922,24340300.0
2015-08-12,GM,30.43000030517578,31.0,29.790000915527344,30.8700008392334,24.278453826904297,23093600.0
2015-08-13,GM,30.8700008392334,31.25,30.809999465942383,31.059999465942383,24.42788314819336,20432400.0
2015-08-14,GM,31.139999389648438,31.549999237060547,31.059999465942383,31.489999771118164,24.766069412231445,12222400.0
2015-08-17,GM,31.469999313354492,31.68000030517578,31.170000076293945,31.610000610351562,24.86044692993164,12057900.0
2015-08-18,GM,31.40999984741211,31.770000457763672,31.34000015258789,31.709999084472656,24.939090728759766,9279800.0
2015-08-19,GM,31.610000610351562,32.04999923706055,31.3700008392334,31.6299991607666,24.876169204711914,13919100.0
2015-08-20,GM,31.459999084472656,31.459999084472656,30.829999923706055,30.84000015258789,24.25485610961914,13352500.0
2015-08-21,GM,30.459999084472656,30.530000686645508,29.56999969482422,29.600000381469727,23.27962875366211,27542200.0
2015-08-24,GM,27.299999237060547,28.18000030517578,24.6200008392334,27.799999237060547,21.86397361755371,35740400.0
2015-08-25,GM,29.200000762939453,29.200000762939453,27.280000686645508,27.280000686645508,21.455015182495117,19966200.0
2015-08-26,GM,27.6200008392334,28.200000762939453,26.899999618530273,28.100000381469727,22.09992027282715,27717300.0
2015-08-27,GM,28.520000457763672,28.81999969482422,28.020000457763672,28.579999923706055,22.477428436279297,28498900.0
2015-08-28,GM,28.600000381469727,29.139999389648438,28.530000686645508,29.0,22.807743072509766,15167300.0
2015-08-31,GM,29.09000015258789,29.690000534057617,29.020000457763672,29.440000534057617,23.153797149658203,16283900.0
2015-09-01,GM,29.18000030517578,29.3700008392334,28.399999618530273,28.639999389648438,22.524616241455078,16687400.0
2015-09-02,GM,29.010000228881836,29.219999313354492,28.6200008392334,29.209999084472656,22.972904205322266,10776300.0
2015-09-03,GM,29.3799991607666,29.709999084472656,29.020000457763672,29.110000610351562,22.894262313842773,11504200.0
2015-09-04,GM,28.780000686645508,29.040000915527344,28.56999969482422,28.8799991607666,22.71337127685547,13435300.0
2015-09-08,GM,29.5,29.940000534057617,29.5,29.8799991607666,23.49984359741211,19298900.0
2015-09-09,GM,30.200000762939453,30.399999618530273,29.520000457763672,29.6200008392334,23.295366287231445,16053600.0
2015-09-10,GM,29.190000534057617,30.469999313354492,29.190000534057617,30.0,23.884510040283203,18672000.0
2015-09-11,GM,30.010000228881836,30.200000762939453,29.579999923706055,30.149999618530273,24.003931045532227,15344700.0
2015-09-14,GM,30.110000610351562,30.770000457763672,30.059999465942383,30.719999313354492,24.457740783691406,20148900.0
2015-09-15,GM,30.770000457763672,31.549999237060547,30.770000457763672,30.989999771118164,24.672700881958008,22400700.0
2015-09-16,GM,31.079999923706055,31.56999969482422,30.920000076293945,31.200000762939453,24.839893341064453,17076600.0
2015-09-17,GM,31.25,31.809999465942383,31.1299991607666,31.309999465942383,24.92746925354004,16644600.0
2015-09-18,GM,30.979999542236328,31.1200008392334,30.469999313354492,30.510000228881836,24.290550231933594,31085700.0
2015-09-21,GM,30.670000076293945,30.959999084472656,30.3799991607666,30.6200008392334,24.378124237060547,14325600.0
2015-09-22,GM,29.420000076293945,30.059999465942383,29.40999984741211,30.030000686645508,23.90839195251465,17190200.0
2015-09-23,GM,30.010000228881836,30.139999389648438,29.59000015258789,29.719999313354492,23.661584854125977,11277100.0
2015-09-24,GM,29.40999984741211,29.510000228881836,28.770000457763672,29.440000534057617,23.43866729736328,19687600.0
2015-09-25,GM,29.790000915527344,29.84000015258789,29.229999542236328,29.40999984741211,23.414785385131836,13369400.0
2015-09-28,GM,29.290000915527344,29.31999969482422,28.440000534057617,28.559999465942383,22.738052368164062,15648900.0
2015-09-29,GM,28.65999984741211,29.290000915527344,28.3799991607666,29.149999618530273,23.20778465270996,17043700.0
2015-09-30,GM,29.6200008392334,30.100000381469727,29.3799991607666,30.020000457763672,23.900432586669922,18931900.0
2015-10-01,GM,30.290000915527344,30.75,29.979999542236328,30.670000076293945,24.417936325073242,18261900.0
2015-10-02,GM,30.200000762939453,31.760000228881836,30.15999984741211,31.729999542236328,25.26185417175293,16596600.0
2015-10-05,GM,31.899999618530273,32.15999984741211,31.520000457763672,31.760000228881836,25.285736083984375,15407500.0
2015-10-06,GM,31.809999465942383,32.380001068115234,31.809999465942383,32.220001220703125,25.65196418762207,14214900.0
2015-10-07,GM,32.45000076293945,33.189998626708984,32.40999984741211,33.04999923706055,26.31276512145996,15238600.0
2015-10-08,GM,32.95000076293945,33.5099983215332,32.86000061035156,33.43000030517578,26.615314483642578,12909800.0
2015-10-09,GM,33.34000015258789,33.630001068115234,32.790000915527344,32.95000076293945,26.233158111572266,14169100.0
2015-10-12,GM,33.040000915527344,33.15999984741211,32.619998931884766,33.02000045776367,26.28889274597168,10766400.0
2015-10-13,GM,32.849998474121094,33.369998931884766,32.709999084472656,33.130001068115234,26.376461029052734,11789300.0
2015-10-14,GM,33.20000076293945,33.5,32.91999816894531,33.33000183105469,26.53569793701172,11974000.0
2015-10-15,GM,33.54999923706055,33.65999984741211,33.15999984741211,33.31999969482422,26.52772331237793,10844300.0
2015-10-16,GM,33.369998931884766,33.459999084472656,32.880001068115234,33.150001525878906,26.392393112182617,9445800.0
2015-10-19,GM,33.0,33.290000915527344,32.79999923706055,33.2400016784668,26.464038848876953,10084600.0
2015-10-20,GM,33.18000030517578,33.88999938964844,33.08000183105469,33.47999954223633,26.65511703491211,11848300.0
2015-10-21,GM,34.959999084472656,35.869998931884766,34.720001220703125,35.41999816894531,28.199644088745117,36877400.0
2015-10-22,GM,35.63999938964844,35.790000915527344,34.970001220703125,35.41999816894531,28.199644088745117,22708100.0
2015-10-23,GM,35.540000915527344,36.060001373291016,35.40999984741211,35.95000076293945,28.621610641479492,18277800.0
2015-10-26,GM,35.900001525878906,35.939998626708984,35.2599983215332,35.66999816894531,28.398683547973633,14010800.0
2015-10-27,GM,35.38999938964844,35.4900016784668,34.7400016784668,34.970001220703125,27.841379165649414,15536000.0
2015-10-28,GM,34.9900016784668,35.29999923706055,34.650001525878906,35.220001220703125,28.040416717529297,9668600.0
2015-10-29,GM,35.040000915527344,35.04999923706055,34.11000061035156,34.75,27.666221618652344,12087600.0
2015-10-30,GM,34.849998474121094,35.20000076293945,34.459999084472656,34.90999984741211,27.793611526489258,10723900.0
2015-11-02,GM,34.880001068115234,35.75,34.86000061035156,35.56999969482422,28.31907081604004,11858400.0
2015-11-03,GM,35.529998779296875,35.9900016784668,35.36000061035156,35.779998779296875,28.486257553100586,15144900.0
2015-11-04,GM,35.83000183105469,35.91999816894531,35.380001068115234,35.41999816894531,28.199644088745117,12716600.0
2015-11-05,GM,35.529998779296875,35.560001373291016,35.189998626708984,35.439998626708984,28.2155704498291,7679700.0
2015-11-06,GM,35.31999969482422,35.79999923706055,35.2599983215332,35.75,28.462383270263672,9376900.0
2015-11-09,GM,35.97999954223633,36.119998931884766,35.439998626708984,35.66999816894531,28.398683547973633,9997600.0
2015-11-10,GM,35.540000915527344,35.630001068115234,35.15999984741211,35.619998931884766,28.358875274658203,9687200.0
2015-11-11,GM,35.7400016784668,36.0099983215332,35.52000045776367,35.54999923706055,28.303146362304688,6751800.0
2015-11-12,GM,35.34000015258789,35.47999954223633,35.02000045776367,35.09000015258789,27.93691635131836,10650900.0
2015-11-13,GM,34.970001220703125,35.16999816894531,34.189998626708984,34.310001373291016,27.315921783447266,12090600.0
2015-11-16,GM,34.310001373291016,35.220001220703125,34.290000915527344,35.16999816894531,28.00060272216797,14599100.0
2015-11-17,GM,34.310001373291016,35.59000015258789,34.310001373291016,35.209999084472656,28.032455444335938,11748200.0
2015-11-18,GM,35.400001525878906,36.47999954223633,35.29999923706055,36.459999084472656,29.02764129638672,14866300.0
2015-11-19,GM,36.43000030517578,36.470001220703125,36.06999969482422,36.13999938964844,28.772871017456055,9760800.0
2015-11-20,GM,36.310001373291016,36.41999816894531,36.0099983215332,36.34000015258789,28.932106018066406,10793200.0
2015-11-23,GM,36.38999938964844,36.869998931884766,36.060001373291016,36.08000183105469,28.72510528564453,9849300.0
2015-11-24,GM,35.7599983215332,36.33000183105469,35.689998626708984,36.220001220703125,28.836570739746094,10346900.0
2015-11-25,GM,36.150001525878906,36.41999816894531,36.11000061035156,36.34000015258789,28.932106018066406,7292800.0
2015-11-27,GM,36.36000061035156,36.4900016784668,36.220001220703125,36.369998931884766,28.95598602294922,2899300.0
2015-11-30,GM,36.599998474121094,36.880001068115234,36.189998626708984,36.20000076293945,28.820646286010742,13959400.0
2015-12-01,GM,35.95000076293945,36.34000015258789,35.79999923706055,36.2599983215332,28.8684139251709,12656400.0
2015-12-02,GM,36.310001373291016,36.36000061035156,35.619998931884766,35.72999954223633,28.44645118713379,9715100.0
2015-12-03,GM,35.83000183105469,36.0,35.22999954223633,35.470001220703125,28.23946189880371,10795800.0
2015-12-04,GM,35.599998474121094,36.34000015258789,35.369998931884766,36.25,28.860448837280273,11562600.0
2015-12-07,GM,36.459999084472656,36.52000045776367,35.9900016784668,36.130001068115234,28.76491355895996,11303500.0
2015-12-08,GM,35.83000183105469,35.869998931884766,35.22999954223633,35.47999954223633,28.247411727905273,11905400.0
2015-12-09,GM,35.29999923706055,35.70000076293945,34.86000061035156,35.45000076293945,28.223533630371094,11692000.0
2015-12-10,GM,35.25,35.88999938964844,35.18000030517578,35.630001068115234,28.366840362548828,8827000.0
2015-12-11,GM,35.13999938964844,35.40999984741211,34.27000045776367,34.54999923706055,27.50699806213379,16271200.0
2015-12-14,GM,34.779998779296875,34.84000015258789,34.04999923706055,34.38999938964844,27.379606246948242,13793100.0
2015-12-15,GM,34.75,34.959999084472656,34.29999923706055,34.540000915527344,27.499027252197266,13874300.0
2015-12-16,GM,34.349998474121094,35.16999816894531,34.25,35.13999938964844,28.271387100219727,14771600.0
2015-12-17,GM,35.150001525878906,35.27000045776367,34.06999969482422,34.11000061035156,27.44272804260254,14448400.0
2015-12-18,GM,33.959999084472656,34.060001373291016,33.540000915527344,33.66999816894531,27.088716506958008,19469500.0
2015-12-21,GM,33.790000915527344,34.060001373291016,33.59000015258789,33.83000183105469,27.21745491027832,12820000.0
2015-12-22,GM,34.209999084472656,34.4900016784668,34.06999969482422,34.290000915527344,27.58753204345703,9202900.0
2015-12-23,GM,34.5099983215332,34.939998626708984,34.380001068115234,34.779998779296875,27.98176383972168,8816700.0
2015-12-24,GM,34.720001220703125,34.75,34.5,34.599998474121094,27.836933135986328,3134800.0
2015-12-28,GM,34.529998779296875,34.66999816894531,34.29999923706055,34.5099983215332,27.7645263671875,5348600.0
2015-12-29,GM,34.65999984741211,34.689998626708984,34.16999816894531,34.5,27.75649070739746,7056400.0
2015-12-30,GM,34.31999969482422,34.560001373291016,34.279998779296875,34.33000183105469,27.61971092224121,4694500.0
2015-12-31,GM,34.209999084472656,34.29999923706055,34.0,34.0099983215332,27.362266540527344,6586000.0
2016-01-04,GM,33.45000076293945,33.540000915527344,32.84000015258789,33.310001373291016,26.799087524414062,14875500.0
2016-01-05,GM,33.33000183105469,33.40999984741211,32.18000030517578,32.43000030517578,26.091094970703125,19777200.0
2016-01-06,GM,31.950000762939453,31.979999542236328,31.010000228881836,31.270000457763672,25.157835006713867,27515200.0
2016-01-07,GM,30.260000228881836,30.81999969482422,29.829999923706055,29.989999771118164,24.128028869628906,21046300.0
2016-01-08,GM,30.459999084472656,30.700000762939453,29.420000076293945,29.530000686645508,23.75794792175293,16448000.0
2016-01-11,GM,30.3700008392334,30.479999542236328,29.68000030517578,30.25,24.337209701538086,16877400.0
2016-01-12,GM,30.6299991607666,30.75,29.799999237060547,30.299999237060547,24.377429962158203,13398900.0
2016-01-13,GM,31.829999923706055,31.899999618530273,30.09000015258789,30.489999771118164,24.530303955078125,31586200.0
2016-01-14,GM,30.809999465942383,30.889999389648438,29.450000762939453,30.299999237060547,24.377429962158203,27106700.0
2016-01-15,GM,29.459999084472656,29.68000030517578,28.799999237060547,29.56999969482422,23.790124893188477,26698100.0
2016-01-19,GM,29.93000030517578,30.0,28.90999984741211,29.399999618530273,23.653356552124023,17826600.0
2016-01-20,GM,28.860000610351562,29.899999618530273,28.31999969482422,29.420000076293945,23.669437408447266,21481000.0
2016-01-21,GM,29.459999084472656,30.139999389648438,29.06999969482422,29.549999237060547,23.77403450012207,15844000.0
2016-01-22,GM,30.15999984741211,30.290000915527344,29.030000686645508,29.280000686645508,23.55681037902832,18302800.0
2016-01-25,GM,29.329999923706055,29.59000015258789,29.020000457763672,29.229999542236328,23.516586303710938,33627700.0
2016-01-26,GM,29.40999984741211,29.75,29.040000915527344,29.649999618530273,23.854496002197266,11656700.0
2016-01-27,GM,29.719999313354492,29.899999618530273,29.0,29.209999084472656,23.500492095947266,12932300.0
2016-01-28,GM,29.469999313354492,29.479999542236328,28.399999618530273,29.020000457763672,23.347627639770508,16421200.0
2016-01-29,GM,29.170000076293945,29.639999389648438,29.020000457763672,29.639999389648438,23.846439361572266,13445800.0
2016-02-01,GM,29.459999084472656,30.239999771118164,29.100000381469727,30.110000610351562,24.22457504272461,13831700.0
2016-02-02,GM,29.989999771118164,30.190000534057617,28.8700008392334,29.649999618530273,23.854496002197266,23777400.0
2016-02-03,GM,30.100000381469727,30.25,28.18000030517578,28.920000076293945,23.267175674438477,29069800.0
2016-02-04,GM,28.940000534057617,29.209999084472656,28.100000381469727,28.639999389648438,23.041906356811523,21002800.0
2016-02-05,GM,28.670000076293945,29.200000762939453,28.420000076293945,28.540000915527344,22.96145248413086,14125200.0
2016-02-08,GM,28.280000686645508,28.84000015258789,28.049999237060547,28.68000030517578,23.074092864990234,19174000.0
2016-02-09,GM,28.1299991607666,28.8700008392334,27.770000457763672,27.8700008392334,22.422414779663086,21654100.0
2016-02-10,GM,28.1200008392334,28.639999389648438,27.690000534057617,27.709999084472656,22.29368782043457,15163800.0
2016-02-11,GM,27.479999542236328,28.09000015258789,26.690000534057617,26.899999618530273,21.642019271850586,25164400.0
2016-02-12,GM,27.229999542236328,27.739999771118164,27.049999237060547,27.709999084472656,22.29368782043457,11041000.0
2016-02-16,GM,28.0,28.59000015258789,27.760000228881836,28.579999923706055,22.993633270263672,14627500.0
2016-02-17,GM,28.860000610351562,29.350000381469727,28.700000762939453,29.270000457763672,23.548763275146484,13256100.0
2016-02-18,GM,29.450000762939453,29.549999237060547,28.920000076293945,29.030000686645508,23.355682373046875,12158600.0
2016-02-19,GM,28.8799991607666,28.979999542236328,28.3799991607666,28.780000686645508,23.154542922973633,12362300.0
2016-02-22,GM,28.780000686645508,29.639999389648438,28.780000686645508,29.6299991607666,23.83839988708496,12215500.0
2016-02-23,GM,29.40999984741211,29.81999969482422,29.280000686645508,29.3799991607666,23.637258529663086,9949600.0
2016-02-24,GM,28.719999313354492,28.899999618530273,27.809999465942383,28.84000015258789,23.20281410217285,20989100.0
2016-02-25,GM,28.829999923706055,29.510000228881836,28.549999237060547,29.5,23.733814239501953,11904300.0
2016-02-26,GM,29.729999542236328,29.959999084472656,29.540000915527344,29.6299991607666,23.83839988708496,15778300.0
2016-02-29,GM,29.3700008392334,29.799999237060547,29.290000915527344,29.440000534057617,23.685535430908203,10329400.0
2016-03-01,GM,30.020000457763672,30.229999542236328,28.920000076293945,30.010000228881836,24.14411735534668,21007300.0
2016-03-02,GM,30.0,30.31999969482422,29.84000015258789,30.149999618530273,24.256755828857422,12094700.0
2016-03-03,GM,30.260000228881836,31.219999313354492,30.200000762939453,31.06999969482422,24.996929168701172,18341300.0
2016-03-04,GM,31.219999313354492,31.739999771118164,31.059999465942383,31.3700008392334,25.23828887939453,13963200.0
2016-03-07,GM,31.309999465942383,31.780000686645508,31.190000534057617,31.59000015258789,25.4152889251709,11373800.0
2016-03-08,GM,31.399999618530273,31.399999618530273,30.459999084472656,30.68000030517578,24.683162689208984,16794400.0
2016-03-09,GM,30.469999313354492,30.6299991607666,30.200000762939453,30.540000915527344,24.87866973876953,12158900.0
2016-03-10,GM,30.719999313354492,30.8799991607666,30.270000457763672,30.81999969482422,25.106767654418945,15092700.0
2016-03-11,GM,31.049999237060547,31.329999923706055,30.979999542236328,31.260000228881836,25.465200424194336,13363000.0
2016-03-14,GM,31.18000030517578,31.389999389648438,30.899999618530273,31.18000030517578,25.4000301361084,9353100.0
2016-03-15,GM,30.860000610351562,31.079999923706055,30.440000534057617,31.049999237060547,25.294132232666016,8983200.0
2016-03-16,GM,30.829999923706055,31.760000228881836,30.829999923706055,31.690000534057617,25.815486907958984,9991900.0
2016-03-17,GM,31.729999542236328,32.099998474121094,31.639999389648438,31.959999084472656,26.035442352294922,11295900.0
2016-03-18,GM,32.08000183105469,32.380001068115234,31.90999984741211,31.959999084472656,26.035442352294922,15431600.0
2016-03-21,GM,32.11000061035156,32.189998626708984,31.75,32.08000183105469,26.133197784423828,7397300.0
2016-03-22,GM,32.08000183105469,32.209999084472656,31.760000228881836,31.899999618530273,25.986562728881836,8195600.0
2016-03-23,GM,31.920000076293945,31.93000030517578,31.170000076293945,31.309999465942383,25.505929946899414,9107100.0
2016-03-24,GM,30.8799991607666,30.969999313354492,30.389999389648438,30.959999084472656,25.22081184387207,12041000.0
2016-03-28,GM,31.1299991607666,31.25,30.940000534057617,31.020000457763672,25.269691467285156,6109400.0
2016-03-29,GM,31.040000915527344,31.280000686645508,30.579999923706055,31.190000534057617,25.408170700073242,13667800.0
2016-03-30,GM,31.440000534057617,31.670000076293945,30.959999084472656,30.989999771118164,25.24525260925293,13377600.0
2016-03-31,GM,31.010000228881836,31.59000015258789,31.0,31.43000030517578,25.603689193725586,10209000.0
2016-04-01,GM,31.18000030517578,31.200000762939453,30.31999969482422,30.469999313354492,24.821645736694336,17421700.0
2016-04-04,GM,30.399999618530273,30.479999542236328,29.75,29.899999618530273,24.3573055267334,12167300.0
2016-04-05,GM,29.670000076293945,29.729999542236328,29.350000381469727,29.600000381469727,24.112918853759766,9101900.0
2016-04-06,GM,29.65999984741211,29.950000762939453,29.299999237060547,29.940000534057617,24.389892578125,9620300.0
2016-04-07,GM,29.850000381469727,29.950000762939453,29.18000030517578,29.420000076293945,23.966283798217773,12865600.0
2016-04-08,GM,29.670000076293945,29.760000228881836,29.229999542236328,29.3700008392334,23.925559997558594,8843500.0
2016-04-11,GM,29.489999771118164,30.040000915527344,29.479999542236328,29.530000686645508,24.05590057373047,8882900.0
2016-04-12,GM,29.559999465942383,29.770000457763672,29.270000457763672,29.709999084472656,24.202526092529297,11214500.0
2016-04-13,GM,30.010000228881836,30.8700008392334,29.940000534057617,30.780000686645508,25.074180603027344,11076800.0
2016-04-14,GM,30.84000015258789,31.049999237060547,30.639999389648438,30.719999313354492,25.025300979614258,8218800.0
2016-04-15,GM,30.68000030517578,30.850000381469727,30.40999984741211,30.559999465942383,24.894954681396484,8261200.0
2016-04-18,GM,30.760000228881836,31.3700008392334,30.610000610351562,31.309999465942383,25.505929946899414,15745300.0
2016-04-19,GM,31.649999618530273,32.15999984741211,31.610000610351562,31.969999313354492,26.043582916259766,14408300.0
2016-04-20,GM,32.0,32.40999984741211,32.0,32.189998626708984,26.222797393798828,12911500.0
2016-04-21,GM,33.18000030517578,33.40999984741211,32.470001220703125,32.65999984741211,26.605670928955078,22792300.0
2016-04-22,GM,32.65999984741211,32.790000915527344,32.119998931884766,32.18000030517578,26.214651107788086,13824500.0
2016-04-25,GM,32.09000015258789,32.11000061035156,31.600000381469727,31.950000762939453,26.027294158935547,10604800.0
2016-04-26,GM,32.0,32.29999923706055,31.93000030517578,32.189998626708984,26.222797393798828,8701200.0
2016-04-27,GM,32.18000030517578,32.290000915527344,31.989999771118164,32.15999984741211,26.198362350463867,6711400.0
2016-04-28,GM,31.969999313354492,32.72999954223633,31.729999542236328,32.439998626708984,26.426454544067383,13443200.0
2016-04-29,GM,32.349998474121094,32.349998474121094,31.520000457763672,31.799999237060547,25.90509796142578,12533000.0
2016-05-02,GM,32.04999923706055,32.119998931884766,31.729999542236328,31.75,25.864368438720703,9794000.0
2016-05-03,GM,31.56999969482422,31.600000381469727,30.670000076293945,31.25,25.457059860229492,15046300.0
2016-05-04,GM,31.0,31.09000015258789,30.420000076293945,30.59000015258789,24.919401168823242,13712700.0
2016-05-05,GM,30.790000915527344,30.809999465942383,30.299999237060547,30.540000915527344,24.87866973876953,10383800.0
2016-05-06,GM,30.729999542236328,31.110000610351562,30.559999465942383,30.959999084472656,25.22081184387207,11427900.0
2016-05-09,GM,31.0,31.06999969482422,30.540000915527344,30.780000686645508,25.074180603027344,8127200.0
2016-05-10,GM,30.899999618530273,31.3700008392334,30.84000015258789,31.350000381469727,25.53851318359375,9185400.0
2016-05-11,GM,31.31999969482422,31.459999084472656,31.0,31.079999923706055,25.318567276000977,8538100.0
2016-05-12,GM,31.200000762939453,31.3700008392334,30.75,31.18000030517578,25.4000301361084,9411500.0
2016-05-13,GM,30.8700008392334,31.290000915527344,30.3700008392334,30.520000457763672,24.862377166748047,10563400.0
2016-05-16,GM,30.5,30.979999542236328,30.5,30.670000076293945,24.98457145690918,17749500.0
2016-05-17,GM,30.399999618530273,30.780000686645508,30.280000686645508,30.6299991607666,24.951988220214844,9542900.0
2016-05-18,GM,30.559999465942383,31.040000915527344,30.440000534057617,30.75,25.049739837646484,8454200.0
2016-05-19,GM,30.510000228881836,30.68000030517578,30.170000076293945,30.31999969482422,24.69944953918457,10142200.0
2016-05-20,GM,30.510000228881836,30.790000915527344,30.399999618530273,30.56999969482422,24.903108596801758,7736100.0
2016-05-23,GM,30.5,30.6299991607666,30.350000381469727,30.59000015258789,24.919401168823242,6698900.0
2016-05-24,GM,30.649999618530273,31.079999923706055,30.6200008392334,31.049999237060547,25.294132232666016,8743100.0
2016-05-25,GM,31.190000534057617,31.770000457763672,31.1200008392334,31.649999618530273,25.78290557861328,10151600.0
2016-05-26,GM,31.649999618530273,31.75,31.18000030517578,31.290000915527344,25.48964500427246,6747700.0
2016-05-27,GM,31.309999465942383,31.639999389648438,31.260000228881836,31.389999389648438,25.571102142333984,6089800.0
2016-05-31,GM,31.540000915527344,31.6200008392334,31.1299991607666,31.280000686645508,25.481494903564453,11803400.0
2016-06-01,GM,31.149999618530273,31.149999618530273,29.8700008392334,30.219999313354492,24.617992401123047,26002300.0
2016-06-02,GM,30.1299991607666,30.459999084472656,30.049999237060547,30.260000228881836,24.65056610107422,12649300.0
2016-06-03,GM,30.09000015258789,30.149999618530273,29.510000228881836,29.600000381469727,24.112918853759766,18549600.0
2016-06-06,GM,29.850000381469727,30.040000915527344,29.719999313354492,29.989999771118164,24.430622100830078,10985800.0
2016-06-07,GM,30.15999984741211,30.3799991607666,29.950000762939453,30.229999542236328,24.62613296508789,14425700.0
2016-06-08,GM,30.0,30.030000686645508,29.520000457763672,29.56999969482422,24.3951358795166,12990900.0
2016-06-09,GM,29.479999542236328,29.5,29.15999984741211,29.360000610351562,24.221885681152344,11907500.0
2016-06-10,GM,29.219999313354492,29.34000015258789,28.979999542236328,29.059999465942383,23.97438621520996,10740400.0
2016-06-13,GM,28.850000381469727,29.399999618530273,28.799999237060547,29.079999923706055,23.990888595581055,13871300.0
2016-06-14,GM,29.06999969482422,29.309999465942383,28.649999618530273,28.829999923706055,23.784637451171875,10751700.0
2016-06-15,GM,28.979999542236328,29.219999313354492,28.790000915527344,28.860000610351562,23.80938720703125,8479900.0
2016-06-16,GM,28.670000076293945,29.06999969482422,28.5,29.020000457763672,23.941387176513672,9654400.0
2016-06-17,GM,29.139999389648438,29.43000030517578,29.059999465942383,29.229999542236328,24.11463737487793,12707400.0
2016-06-20,GM,29.6200008392334,30.030000686645508,29.59000015258789,29.649999618530273,24.461132049560547,12329100.0
2016-06-21,GM,29.639999389648438,29.770000457763672,29.43000030517578,29.510000228881836,24.34564208984375,10318000.0
2016-06-22,GM,29.34000015258789,29.59000015258789,29.270000457763672,29.31999969482422,24.188888549804688,8717200.0
2016-06-23,GM,29.59000015258789,29.850000381469727,29.549999237060547,29.81999969482422,24.60138702392578,9598100.0
2016-06-24,GM,28.579999923706055,29.040000915527344,28.25,28.350000381469727,23.388647079467773,30181100.0
2016-06-27,GM,28.09000015258789,28.100000381469727,27.34000015258789,27.510000228881836,22.69564437866211,18634200.0
2016-06-28,GM,27.93000030517578,27.979999542236328,27.399999618530273,27.739999771118164,22.88538932800293,14061400.0
2016-06-29,GM,28.0,28.200000762939453,27.600000381469727,28.170000076293945,23.240142822265625,10644100.0
2016-06-30,GM,28.18000030517578,29.65999984741211,27.700000762939453,28.299999237060547,23.347393035888672,15360600.0
2016-07-01,GM,28.690000534057617,28.979999542236328,28.360000610351562,28.889999389648438,23.834136962890625,15157900.0
2016-07-05,GM,28.639999389648438,28.68000030517578,28.040000915527344,28.170000076293945,23.240142822265625,12178200.0
2016-07-06,GM,28.0,28.40999984741211,27.520000457763672,28.399999618530273,23.42989158630371,14631400.0
2016-07-07,GM,28.489999771118164,29.059999465942383,28.420000076293945,28.739999771118164,23.71039581298828,10842300.0
2016-07-08,GM,29.270000457763672,29.8700008392334,29.270000457763672,29.65999984741211,24.46938705444336,16659400.0
2016-07-11,GM,29.790000915527344,30.270000457763672,29.739999771118164,30.1299991607666,24.857135772705078,13870300.0
2016-07-12,GM,30.450000762939453,30.850000381469727,30.389999389648438,30.600000381469727,25.244890213012695,16786300.0
2016-07-13,GM,30.6299991607666,30.690000534057617,30.219999313354492,30.6299991607666,25.269630432128906,13303600.0
2016-07-14,GM,30.8799991607666,31.049999237060547,30.600000381469727,30.760000228881836,25.37687873840332,11306400.0
2016-07-15,GM,30.81999969482422,30.979999542236328,30.56999969482422,30.770000457763672,25.3851318359375,8429500.0
2016-07-18,GM,30.75,31.100000381469727,30.610000610351562,30.8700008392334,25.467628479003906,8732300.0
2016-07-19,GM,30.700000762939453,31.270000457763672,30.700000762939453,31.25,25.78113555908203,17164100.0
2016-07-20,GM,31.420000076293945,31.579999923706055,31.06999969482422,31.489999771118164,25.97913360595703,20923000.0
2016-07-21,GM,31.489999771118164,32.869998931884766,31.489999771118164,32.029998779296875,26.42462730407715,36218500.0
2016-07-22,GM,32.099998474121094,32.2400016784668,31.719999313354492,32.15999984741211,26.531875610351562,13305400.0
2016-07-25,GM,32.189998626708984,32.36000061035156,31.959999084472656,32.060001373291016,26.449377059936523,11324900.0
2016-07-26,GM,31.979999542236328,32.220001220703125,31.889999389648438,32.150001525878906,26.523632049560547,9462000.0
2016-07-27,GM,32.18000030517578,32.290000915527344,31.969999313354492,32.02000045776367,26.4163818359375,9159500.0
2016-07-28,GM,31.049999237060547,31.200000762939453,30.649999618530273,30.989999771118164,25.566625595092773,20363900.0
2016-07-29,GM,30.790000915527344,31.549999237060547,30.780000686645508,31.540000915527344,26.020383834838867,16150500.0
2016-08-01,GM,31.540000915527344,31.6200008392334,31.200000762939453,31.299999237060547,25.822376251220703,11190600.0
2016-08-02,GM,31.030000686645508,31.079999923706055,29.81999969482422,29.93000030517578,24.692134857177734,24346900.0
2016-08-03,GM,30.0,30.25,29.90999984741211,30.239999771118164,24.94788360595703,14504200.0
2016-08-04,GM,30.239999771118164,30.530000686645508,30.229999542236328,30.34000015258789,25.030380249023438,8660900.0
2016-08-05,GM,30.510000228881836,30.889999389648438,30.5,30.799999237060547,25.409883499145508,13135900.0
2016-08-08,GM,30.920000076293945,31.059999465942383,30.799999237060547,30.8799991607666,25.47588348388672,10470900.0
2016-08-09,GM,30.90999984741211,31.25,30.829999923706055,31.06999969482422,25.63262939453125,13691100.0
2016-08-10,GM,31.030000686645508,31.270000457763672,30.959999084472656,31.25,25.78113555908203,10833700.0
2016-08-11,GM,31.43000030517578,31.790000915527344,31.360000610351562,31.75,26.19363021850586,13210800.0
2016-08-12,GM,31.600000381469727,31.75,31.549999237060547,31.56999969482422,26.045133590698242,9843700.0
2016-08-15,GM,31.59000015258789,31.889999389648438,31.549999237060547,31.860000610351562,26.28437614440918,9345300.0
2016-08-16,GM,31.809999465942383,31.850000381469727,31.610000610351562,31.709999084472656,26.160629272460938,9888500.0
2016-08-17,GM,31.709999084472656,31.8799991607666,31.549999237060547,31.850000381469727,26.276124954223633,8392400.0
2016-08-18,GM,31.799999237060547,31.860000610351562,31.479999542236328,31.549999237060547,26.028627395629883,14089900.0
2016-08-19,GM,31.479999542236328,31.889999389648438,31.399999618530273,31.829999923706055,26.259628295898438,8809700.0
2016-08-22,GM,31.790000915527344,31.950000762939453,31.700000762939453,31.8700008392334,26.292627334594727,8306000.0
2016-08-23,GM,31.969999313354492,32.04999923706055,31.8700008392334,31.899999618530273,26.317380905151367,10961100.0
2016-08-24,GM,31.84000015258789,32.09000015258789,31.760000228881836,31.780000686645508,26.218379974365234,8179500.0
2016-08-25,GM,31.709999084472656,31.75,31.360000610351562,31.540000915527344,26.020383834838867,15930800.0
2016-08-26,GM,31.670000076293945,31.81999969482422,31.420000076293945,31.530000686645508,26.012128829956055,10436200.0
2016-08-29,GM,31.780000686645508,31.959999084472656,31.56999969482422,31.809999465942383,26.243125915527344,7708300.0
2016-08-30,GM,31.809999465942383,32.0,31.229999542236328,31.670000076293945,26.127626419067383,10748700.0
2016-08-31,GM,31.670000076293945,31.940000534057617,31.649999618530273,31.920000076293945,26.333877563476562,9625600.0
2016-09-01,GM,31.860000610351562,32.54999923706055,31.34000015258789,31.799999237060547,26.234878540039062,14898800.0
2016-09-02,GM,31.8799991607666,32.20000076293945,31.850000381469727,32.15999984741211,26.531875610351562,10828400.0
2016-09-06,GM,32.25,32.34000015258789,31.850000381469727,32.119998931884766,26.498878479003906,16774800.0
2016-09-07,GM,31.989999771118164,31.989999771118164,31.6200008392334,31.889999389648438,26.624107360839844,12554700.0
2016-09-08,GM,31.850000381469727,32.0,31.68000030517578,31.709999084472656,26.473827362060547,11808200.0
2016-09-09,GM,31.440000534057617,31.559999465942383,30.3700008392334,30.479999542236328,25.44693946838379,22476300.0
2016-09-12,GM,30.360000610351562,31.350000381469727,30.1299991607666,31.18000030517578,26.031347274780273,17250300.0
2016-09-13,GM,31.020000457763672,31.149999618530273,30.81999969482422,30.940000534057617,25.830978393554688,16162900.0
2016-09-14,GM,30.790000915527344,30.8700008392334,30.489999771118164,30.709999084472656,25.638954162597656,12903200.0
2016-09-15,GM,30.75,31.229999542236328,30.739999771118164,31.1200008392334,25.981258392333984,13467400.0
2016-09-16,GM,31.1299991607666,31.1299991607666,30.610000610351562,30.969999313354492,25.85602378845215,12780800.0
2016-09-19,GM,31.899999618530273,32.08000183105469,31.65999984741211,31.719999313354492,26.482177734375,32234800.0
2016-09-20,GM,31.90999984741211,31.940000534057617,31.329999923706055,31.649999618530273,26.423734664916992,12876200.0
2016-09-21,GM,31.719999313354492,32.15999984741211,31.719999313354492,32.11000061035156,26.80778694152832,14468700.0
2016-09-22,GM,32.27000045776367,32.470001220703125,32.27000045776367,32.38999938964844,27.041545867919922,12034000.0
2016-09-23,GM,32.099998474121094,32.369998931884766,32.04999923706055,32.119998931884766,26.816125869750977,9812100.0
2016-09-26,GM,32.02000045776367,32.119998931884766,31.75,31.799999237060547,26.548969268798828,12700900.0
2016-09-27,GM,31.770000457763672,31.959999084472656,31.540000915527344,31.600000381469727,26.38199234008789,14465300.0
2016-09-28,GM,31.75,31.940000534057617,31.540000915527344,31.899999618530273,26.632455825805664,10713600.0
2016-09-29,GM,31.770000457763672,31.959999084472656,31.450000762939453,31.479999542236328,26.281808853149414,8821200.0
2016-09-30,GM,31.6299991607666,31.950000762939453,31.579999923706055,31.770000457763672,26.52392578125,9330000.0
2016-10-03,GM,31.639999389648438,32.2400016784668,31.610000610351562,32.040000915527344,26.749338150024414,11375900.0
2016-10-04,GM,32.08000183105469,32.470001220703125,32.040000915527344,32.16999816894531,26.85787010192871,8506200.0
2016-10-05,GM,32.310001373291016,32.779998779296875,32.22999954223633,32.68000030517578,27.28365135192871,11093500.0
2016-10-06,GM,32.540000915527344,32.63999938964844,32.209999084472656,32.529998779296875,27.158430099487305,8611200.0
2016-10-07,GM,32.5,32.599998474121094,32.04999923706055,32.34000015258789,26.99980354309082,8909400.0
2016-10-10,GM,32.310001373291016,32.599998474121094,32.119998931884766,32.150001525878906,26.841176986694336,6094800.0
2016-10-11,GM,32.22999954223633,32.279998779296875,31.690000534057617,31.889999389648438,26.624107360839844,7977500.0
2016-10-12,GM,31.899999618530273,31.989999771118164,31.649999618530273,31.68000030517578,26.44878387451172,5597600.0
2016-10-13,GM,31.479999542236328,31.6299991607666,30.8799991607666,31.510000228881836,26.30685806274414,12102600.0
2016-10-14,GM,31.760000228881836,31.989999771118164,31.68000030517578,31.8700008392334,26.6074161529541,11105600.0
2016-10-17,GM,31.84000015258789,32.060001373291016,31.530000686645508,31.559999465942383,26.348602294921875,7476100.0
2016-10-18,GM,31.829999923706055,31.8799991607666,31.190000534057617,31.399999618530273,26.21501922607422,7973300.0
2016-10-19,GM,31.540000915527344,31.979999542236328,31.479999542236328,31.850000381469727,26.590715408325195,9158600.0
2016-10-20,GM,31.780000686645508,31.860000610351562,31.389999389648438,31.75,26.50722312927246,8077600.0
2016-10-21,GM,31.579999923706055,32.16999816894531,31.479999542236328,32.040000915527344,26.749338150024414,11975700.0
2016-10-24,GM,32.18000030517578,33.08000183105469,32.150001525878906,32.97999954223633,27.534122467041016,20232300.0
2016-10-25,GM,32.849998474121094,32.849998474121094,31.389999389648438,31.600000381469727,26.38199234008789,34069800.0
2016-10-26,GM,31.219999313354492,31.739999771118164,31.1200008392334,31.579999923706055,26.365293502807617,14955800.0
2016-10-27,GM,31.75,31.780000686645508,31.190000534057617,31.329999923706055,26.15658187866211,20653600.0
2016-10-28,GM,31.329999923706055,31.760000228881836,31.219999313354492,31.31999969482422,26.148225784301758,10571600.0
2016-10-31,GM,31.420000076293945,31.649999618530273,31.350000381469727,31.600000381469727,26.38199234008789,7954100.0
2016-11-01,GM,31.700000762939453,32.08000183105469,31.190000534057617,31.479999542236328,26.281808853149414,14668300.0
2016-11-02,GM,31.329999923706055,31.719999313354492,31.309999465942383,31.450000762939453,26.256765365600586,11763100.0
2016-11-03,GM,31.450000762939453,31.639999389648438,30.950000762939453,31.06999969482422,25.939510345458984,13720100.0
2016-11-04,GM,31.0,31.540000915527344,30.940000534057617,31.15999984741211,26.014652252197266,12770800.0
2016-11-07,GM,31.579999923706055,32.150001525878906,31.540000915527344,32.02000045776367,26.73263931274414,13560200.0
2016-11-08,GM,31.899999618530273,31.969999313354492,31.40999984741211,31.729999542236328,26.490528106689453,10364600.0
2016-11-09,GM,30.90999984741211,31.149999618530273,30.209999084472656,30.959999084472656,25.847681045532227,38594400.0
2016-11-10,GM,30.93000030517578,32.83000183105469,30.90999984741211,32.72999954223633,27.325403213500977,27811100.0
2016-11-11,GM,32.4900016784668,34.279998779296875,32.380001068115234,34.02000045776367,28.402389526367188,33042700.0
2016-11-14,GM,33.900001525878906,34.41999816894531,33.04999923706055,33.279998779296875,27.784584045410156,20214700.0
2016-11-15,GM,33.29999923706055,33.599998474121094,33.099998474121094,33.43000030517578,27.909814834594727,10906600.0
2016-11-16,GM,33.36000061035156,33.36000061035156,33.06999969482422,33.22999954223633,27.742839813232422,8821300.0
2016-11-17,GM,32.970001220703125,33.439998626708984,32.75,33.41999816894531,27.90146255493164,11728600.0
2016-11-18,GM,33.400001525878906,33.41999816894531,32.959999084472656,33.0,27.550817489624023,8617200.0
2016-11-21,GM,33.22999954223633,33.279998779296875,32.97999954223633,33.0099983215332,27.559160232543945,11667100.0
2016-11-22,GM,32.81999969482422,33.81999969482422,32.77000045776367,33.810001373291016,28.22707176208496,12283800.0
2016-11-23,GM,33.7400016784668,33.9900016784668,33.689998626708984,33.86000061035156,28.26880645751953,8708800.0
2016-11-25,GM,34.0,34.31999969482422,33.93000030517578,34.25,28.59441375732422,5317700.0
2016-11-28,GM,34.349998474121094,34.380001068115234,33.959999084472656,34.04999923706055,28.427431106567383,11516600.0
2016-11-29,GM,34.029998779296875,34.58000183105469,33.86000061035156,34.56999969482422,28.861568450927734,12610000.0
2016-11-30,GM,34.70000076293945,34.97999954223633,34.45000076293945,34.529998779296875,28.828166961669922,15681700.0
2016-12-01,GM,34.810001373291016,36.65999984741211,34.790000915527344,36.43000030517578,30.41443634033203,37092300.0
2016-12-02,GM,36.25,36.29999923706055,35.29999923706055,35.40999984741211,29.56285858154297,22753400.0
2016-12-05,GM,35.349998474121094,35.459999084472656,34.90999984741211,34.939998626708984,29.48689842224121,12440400.0
2016-12-06,GM,35.09000015258789,35.15999984741211,34.90999984741211,35.06999969482422,29.59661865234375,11867800.0
2016-12-07,GM,35.18000030517578,36.540000915527344,35.09000015258789,36.29999923706055,30.634658813476562,26622400.0
2016-12-08,GM,36.189998626708984,36.459999084472656,36.040000915527344,36.41999816894531,30.73592185974121,14516000.0
2016-12-09,GM,36.40999984741211,37.68000030517578,36.40999984741211,37.65999984741211,31.782392501831055,26434200.0
2016-12-12,GM,37.5099983215332,37.7400016784668,37.0099983215332,37.099998474121094,31.309799194335938,15575200.0
2016-12-13,GM,37.150001525878906,37.439998626708984,36.95000076293945,37.36000061035156,31.52921485900879,9228800.0
2016-12-14,GM,36.29999923706055,36.779998779296875,35.93000030517578,35.95000076293945,30.339279174804688,19799000.0
2016-12-15,GM,35.869998931884766,36.38999938964844,35.779998779296875,36.2400016784668,30.58402442932129,18215600.0
2016-12-16,GM,36.400001525878906,36.40999984741211,36.099998474121094,36.369998931884766,30.69373321533203,23751600.0
2016-12-19,GM,36.4900016784668,36.72999954223633,36.150001525878906,36.400001525878906,30.71904945373535,10960800.0
2016-12-20,GM,36.400001525878906,36.72999954223633,36.22999954223633,36.61000061035156,30.896284103393555,8795900.0
2016-12-21,GM,36.5,36.689998626708984,36.349998474121094,36.41999816894531,30.73592185974121,6669700.0
2016-12-22,GM,36.290000915527344,36.400001525878906,35.630001068115234,35.689998626708984,30.119855880737305,9911700.0
2016-12-23,GM,35.83000183105469,35.869998931884766,35.540000915527344,35.689998626708984,30.119855880737305,9351200.0
2016-12-27,GM,35.79999923706055,35.93000030517578,35.5,35.540000915527344,29.99327278137207,6008700.0
2016-12-28,GM,35.7400016784668,35.79999923706055,35.130001068115234,35.150001525878906,29.664133071899414,8451900.0
2016-12-29,GM,35.25,35.47999954223633,35.119998931884766,35.13999938964844,29.65569305419922,4416700.0
2016-12-30,GM,35.209999084472656,35.310001373291016,34.66999816894531,34.84000015258789,29.402515411376953,7646100.0
2017-01-03,GM,34.97999954223633,35.56999969482422,34.84000015258789,35.150001525878906,29.664133071899414,10904900.0
2017-01-04,GM,35.599998474121094,37.2400016784668,35.470001220703125,37.09000015258789,31.301366806030273,23388500.0
2017-01-05,GM,37.0099983215332,37.04999923706055,36.06999969482422,36.38999938964844,30.710601806640625,15636700.0
2017-01-06,GM,36.40999984741211,36.54999923706055,35.93000030517578,35.9900016784668,30.373029708862305,13240100.0
2017-01-09,GM,36.119998931884766,36.529998779296875,35.86000061035156,36.0099983215332,30.389911651611328,15204500.0
2017-01-10,GM,36.189998626708984,38.15999984741211,36.04999923706055,37.349998474121094,31.520784378051758,34804500.0
2017-01-11,GM,37.540000915527344,38.11000061035156,37.220001220703125,37.95000076293945,32.027137756347656,19553900.0
2017-01-12,GM,38.0,38.150001525878906,37.060001373291016,37.5099983215332,31.65580177307129,16830200.0
2017-01-13,GM,37.54999923706055,37.77000045776367,37.150001525878906,37.34000015258789,31.512346267700195,8748800.0
2017-01-17,GM,37.34000015258789,37.689998626708984,37.16999816894531,37.310001373291016,31.487031936645508,8225700.0
2017-01-18,GM,37.45000076293945,37.58000183105469,37.119998931884766,37.470001220703125,31.62204933166504,11220100.0
2017-01-19,GM,37.630001068115234,37.84000015258789,37.15999984741211,37.29999923706055,31.47858238220215,8262700.0
2017-01-20,GM,37.41999816894531,37.41999816894531,36.7599983215332,37.0099983215332,31.233840942382812,14001500.0
2017-01-23,GM,37.0099983215332,37.130001068115234,36.380001068115234,36.650001525878906,30.93002700805664,11624500.0
2017-01-24,GM,36.70000076293945,37.2400016784668,36.68000030517578,37.0,31.225404739379883,11600300.0
2017-01-25,GM,37.709999084472656,38.380001068115234,37.599998474121094,38.279998779296875,32.305633544921875,20745200.0
2017-01-26,GM,38.099998474121094,38.25,37.369998931884766,37.52000045776367,31.66423225402832,10813400.0
2017-01-27,GM,37.52000045776367,37.59000015258789,36.880001068115234,37.0099983215332,31.233840942382812,10228600.0
2017-01-30,GM,36.84000015258789,36.900001525878906,36.130001068115234,36.33000183105469,30.659976959228516,11787700.0
2017-01-31,GM,36.25,36.650001525878906,36.119998931884766,36.61000061035156,30.896284103393555,10679000.0
2017-02-01,GM,36.68000030517578,37.11000061035156,35.86000061035156,36.13999938964844,30.499622344970703,13744100.0
2017-02-02,GM,36.08000183105469,36.13999938964844,35.470001220703125,35.72999954223633,30.153610229492188,11893700.0
2017-02-03,GM,35.91999816894531,36.33000183105469,35.68000030517578,36.33000183105469,30.659976959228516,13962200.0
2017-02-06,GM,36.40999984741211,36.83000183105469,36.2599983215332,36.83000183105469,31.081933975219727,13941200.0
2017-02-07,GM,35.75,35.959999084472656,34.79999923706055,35.099998474121094,29.62194061279297,39477700.0
2017-02-08,GM,35.20000076293945,35.33000183105469,34.720001220703125,35.13999938964844,29.65569305419922,16867300.0
2017-02-09,GM,35.13999938964844,35.400001525878906,35.02000045776367,35.08000183105469,29.605056762695312,14834000.0
2017-02-10,GM,35.209999084472656,35.31999969482422,35.08000183105469,35.16999816894531,29.681015014648438,10321800.0
2017-02-13,GM,35.380001068115234,35.540000915527344,35.18000030517578,35.52000045776367,29.976390838623047,10141600.0
2017-02-14,GM,36.720001220703125,37.400001525878906,36.66999816894531,37.2400016784668,31.42795181274414,31403300.0
2017-02-15,GM,36.95000076293945,37.11000061035156,36.599998474121094,37.08000183105469,31.292922973632812,15674400.0
2017-02-16,GM,37.11000061035156,37.15999984741211,36.81999969482422,37.029998779296875,31.250720977783203,9369400.0
2017-02-17,GM,36.790000915527344,37.900001525878906,36.40999984741211,37.220001220703125,31.411062240600586,15777400.0
2017-02-21,GM,37.599998474121094,38.099998474121094,37.41999816894531,37.810001373291016,31.90898895263672,14549200.0
2017-02-22,GM,37.88999938964844,38.099998474121094,37.79999923706055,37.84000015258789,31.934303283691406,9102700.0
2017-02-23,GM,37.939998626708984,38.06999969482422,37.189998626708984,37.25,31.436389923095703,13179200.0
2017-02-24,GM,36.869998931884766,37.189998626708984,36.56999969482422,36.900001525878906,31.14100456237793,13060100.0
2017-02-27,GM,36.91999816894531,37.36000061035156,36.86000061035156,37.27000045776367,31.453264236450195,10091800.0
2017-02-28,GM,37.150001525878906,37.220001220703125,36.54999923706055,36.84000015258789,31.09037208557129,10497800.0
2017-03-01,GM,37.20000076293945,37.75,37.18000030517578,37.43000030517578,31.588298797607422,10702600.0
2017-03-02,GM,37.369998931884766,38.099998474121094,37.25,37.7599983215332,31.866785049438477,14935100.0
2017-03-03,GM,37.7599983215332,38.369998931884766,37.58000183105469,38.22999954223633,32.26343536376953,19455500.0
2017-03-06,GM,37.97999954223633,38.54999923706055,37.20000076293945,37.90999984741211,31.99337387084961,20199100.0
2017-03-07,GM,37.7599983215332,37.84000015258789,37.29999923706055,37.52000045776367,31.66423225402832,17247500.0
2017-03-08,GM,37.11000061035156,37.689998626708984,37.11000061035156,37.27000045776367,31.77508544921875,11375600.0
2017-03-09,GM,37.33000183105469,37.349998474121094,36.779998779296875,36.83000183105469,31.39995002746582,12703600.0
2017-03-10,GM,37.099998474121094,37.189998626708984,36.77000045776367,36.83000183105469,31.39995002746582,18653600.0
2017-03-13,GM,37.0,37.130001068115234,36.83000183105469,36.869998931884766,31.434049606323242,10120700.0
2017-03-14,GM,36.75,36.970001220703125,36.68000030517578,36.959999084472656,31.510799407958984,5924300.0
2017-03-15,GM,37.06999969482422,37.15999984741211,36.790000915527344,37.09000015258789,31.621633529663086,28089800.0
2017-03-16,GM,37.09000015258789,37.119998931884766,36.77000045776367,37.08000183105469,31.613094329833984,12599000.0
2017-03-17,GM,37.130001068115234,37.15999984741211,36.29999923706055,36.33000183105469,30.97367286682129,19603600.0
2017-03-20,GM,36.36000061035156,36.45000076293945,35.599998474121094,35.709999084472656,30.44508171081543,38504800.0
2017-03-21,GM,35.95000076293945,35.97999954223633,34.470001220703125,34.54999923706055,29.456100463867188,30898000.0
2017-03-22,GM,34.310001373291016,34.61000061035156,33.959999084472656,34.38999938964844,29.3196964263916,18940400.0
2017-03-23,GM,34.0,34.459999084472656,33.790000915527344,34.2599983215332,29.208860397338867,14536600.0
2017-03-24,GM,34.400001525878906,35.06999969482422,34.08000183105469,34.560001373291016,29.464628219604492,16257000.0
2017-03-27,GM,34.279998779296875,34.75,33.970001220703125,34.709999084472656,29.592514038085938,12941300.0
2017-03-28,GM,34.65999984741211,36.25,34.65999984741211,35.560001373291016,30.317195892333984,29829300.0
2017-03-29,GM,35.619998931884766,36.060001373291016,35.52000045776367,35.540000915527344,30.300148010253906,13884400.0
2017-03-30,GM,35.5,35.790000915527344,35.31999969482422,35.40999984741211,30.18930435180664,8760600.0
2017-03-31,GM,35.349998474121094,35.5099983215332,35.27000045776367,35.36000061035156,30.146682739257812,11772800.0
2017-04-03,GM,35.36000061035156,35.400001525878906,33.79999923706055,34.16999816894531,29.132122039794922,31894300.0
2017-04-04,GM,33.900001525878906,34.43000030517578,33.900001525878906,34.27000045776367,29.217384338378906,9500000.0
2017-04-05,GM,34.619998931884766,34.650001525878906,33.9900016784668,34.0,28.98719596862793,10664200.0
2017-04-06,GM,34.02000045776367,34.470001220703125,33.88999938964844,34.15999984741211,29.12360191345215,12171900.0
2017-04-07,GM,34.029998779296875,34.20000076293945,33.70000076293945,33.709999084472656,28.739948272705078,14549000.0
2017-04-10,GM,33.84000015258789,34.119998931884766,33.79999923706055,33.970001220703125,28.96161651611328,13814900.0
2017-04-11,GM,34.09000015258789,34.09000015258789,33.59000015258789,33.91999816894531,28.91898536682129,10424300.0
2017-04-12,GM,34.029998779296875,34.290000915527344,33.720001220703125,33.939998626708984,28.936037063598633,14715000.0
2017-04-13,GM,33.779998779296875,33.90999984741211,33.369998931884766,33.38999938964844,28.467132568359375,9527100.0
2017-04-17,GM,33.470001220703125,33.97999954223633,33.369998931884766,33.900001525878906,28.901939392089844,10736500.0
2017-04-18,GM,33.720001220703125,33.83000183105469,33.4900016784668,33.689998626708984,28.722900390625,7020400.0
2017-04-19,GM,33.88999938964844,34.099998474121094,33.709999084472656,33.790000915527344,28.80816078186035,12368700.0
2017-04-20,GM,33.95000076293945,34.52000045776367,33.900001525878906,34.099998474121094,29.072446823120117,11656200.0
2017-04-21,GM,34.11000061035156,34.15999984741211,33.61000061035156,33.75,28.774049758911133,9713200.0
2017-04-24,GM,34.060001373291016,34.150001525878906,33.630001068115234,33.90999984741211,28.910459518432617,13984600.0
2017-04-25,GM,34.099998474121094,34.15999984741211,33.720001220703125,33.9900016784668,28.978673934936523,11538000.0
2017-04-26,GM,34.0099983215332,34.939998626708984,33.95000076293945,34.380001068115234,29.31117057800293,14694300.0
2017-04-27,GM,34.52000045776367,34.59000015258789,33.95000076293945,34.540000915527344,29.44757843017578,13869800.0
2017-04-28,GM,35.06999969482422,35.290000915527344,34.41999816894531,34.63999938964844,29.532833099365234,16650700.0
2017-05-01,GM,34.630001068115234,34.650001525878906,34.130001068115234,34.20000076293945,29.157703399658203,12790500.0
2017-05-02,GM,34.09000015258789,34.34000015258789,32.81999969482422,33.20000076293945,28.305150985717773,24706100.0
2017-05-03,GM,33.029998779296875,33.65999984741211,33.0099983215332,33.47999954223633,28.54386329650879,12611700.0
2017-05-04,GM,33.650001525878906,33.66999816894531,32.970001220703125,33.150001525878906,28.26251983642578,12464400.0
2017-05-05,GM,33.29999923706055,33.77000045776367,33.20000076293945,33.77000045776367,28.79111099243164,10145900.0
2017-05-08,GM,33.849998474121094,34.25,33.79999923706055,33.970001220703125,28.96161651611328,11736500.0
2017-05-09,GM,33.900001525878906,34.470001220703125,33.900001525878906,34.2599983215332,29.208860397338867,8434500.0
2017-05-10,GM,34.25,34.459999084472656,34.08000183105469,34.22999954223633,29.183292388916016,7665300.0
2017-05-11,GM,34.06999969482422,34.22999954223633,33.900001525878906,34.11000061035156,29.080984115600586,9045400.0
2017-05-12,GM,33.939998626708984,34.150001525878906,33.27000045776367,33.619998931884766,28.663223266601562,12503600.0
2017-05-15,GM,33.970001220703125,34.150001525878906,33.650001525878906,33.81999969482422,28.833736419677734,13634400.0
2017-05-16,GM,33.900001525878906,33.9900016784668,33.349998474121094,33.41999816894531,28.492708206176758,13551400.0
2017-05-17,GM,33.41999816894531,33.5099983215332,32.09000015258789,32.41999816894531,27.640140533447266,18631900.0
2017-05-18,GM,32.22999954223633,32.66999816894531,32.209999084472656,32.470001220703125,27.682775497436523,14031300.0
2017-05-19,GM,32.54999923706055,32.970001220703125,32.5099983215332,32.720001220703125,27.895917892456055,14019200.0
2017-05-22,GM,32.970001220703125,33.25,32.7400016784668,32.91999816894531,28.066421508789062,18258800.0
2017-05-23,GM,33.04999923706055,33.400001525878906,33.0099983215332,33.220001220703125,28.32219886779785,17574200.0
2017-05-24,GM,33.20000076293945,33.40999984741211,33.0,33.20000076293945,28.305150985717773,10709100.0
2017-05-25,GM,33.20000076293945,33.470001220703125,31.920000076293945,32.599998474121094,27.79360008239746,32345900.0
2017-05-26,GM,32.36000061035156,33.06999969482422,32.2400016784668,33.06999969482422,28.194313049316406,16813700.0
2017-05-30,GM,33.09000015258789,33.7400016784668,33.040000915527344,33.529998779296875,28.586490631103516,13923600.0
2017-05-31,GM,33.709999084472656,33.970001220703125,33.47999954223633,33.93000030517578,28.927515029907227,16515800.0
2017-06-01,GM,34.060001373291016,34.869998931884766,33.04999923706055,34.43000030517578,29.35379409790039,22657800.0
2017-06-02,GM,34.349998474121094,34.529998779296875,33.959999084472656,34.45000076293945,29.370849609375,11654500.0
2017-06-05,GM,34.470001220703125,34.7400016784668,34.2599983215332,34.459999084472656,29.379369735717773,11884900.0
2017-06-06,GM,34.33000183105469,34.47999954223633,34.099998474121094,34.43000030517578,29.35379409790039,11523000.0
2017-06-07,GM,34.189998626708984,34.459999084472656,34.09000015258789,34.34000015258789,29.603803634643555,13022900.0
2017-06-08,GM,34.34000015258789,34.34000015258789,33.84000015258789,34.11000061035156,29.40552520751953,10756800.0
2017-06-09,GM,34.04999923706055,34.439998626708984,34.04999923706055,34.34000015258789,29.603803634643555,14868200.0
2017-06-12,GM,34.220001220703125,34.81999969482422,34.220001220703125,34.68000030517578,29.896913528442383,14344200.0
2017-06-13,GM,34.68000030517578,34.70000076293945,34.20000076293945,34.5099983215332,29.75035858154297,12112000.0
2017-06-14,GM,34.540000915527344,34.63999938964844,34.150001525878906,34.61000061035156,29.836570739746094,10591300.0
2017-06-15,GM,34.40999984741211,34.66999816894531,34.380001068115234,34.599998474121094,29.827938079833984,10177000.0
2017-06-16,GM,34.59000015258789,34.599998474121094,33.91999816894531,34.290000915527344,29.560697555541992,16193200.0
2017-06-19,GM,34.369998931884766,34.56999969482422,34.279998779296875,34.349998474121094,29.612417221069336,11221300.0
2017-06-20,GM,34.34000015258789,34.52000045776367,34.150001525878906,34.400001525878906,29.655527114868164,8296600.0
2017-06-21,GM,34.47999954223633,34.5,33.95000076293945,34.130001068115234,29.422761917114258,9127700.0
2017-06-22,GM,34.04999923706055,34.34000015258789,33.86000061035156,34.189998626708984,29.474483489990234,8937500.0
2017-06-23,GM,34.13999938964844,34.27000045776367,33.959999084472656,34.20000076293945,29.48310089111328,10238800.0
2017-06-26,GM,34.27000045776367,34.650001525878906,34.18000030517578,34.52000045776367,29.75896644592285,11836600.0
2017-06-27,GM,34.33000183105469,34.5,34.02000045776367,34.209999084472656,29.491727828979492,11679700.0
2017-06-28,GM,34.56999969482422,34.75,34.459999084472656,34.58000183105469,29.81070327758789,11025300.0
2017-06-29,GM,34.65999984741211,34.93000030517578,34.529998779296875,34.86000061035156,30.05208396911621,10209700.0
2017-06-30,GM,34.970001220703125,35.04999923706055,34.77000045776367,34.93000030517578,30.1124267578125,7679700.0
2017-07-03,GM,34.52000045776367,36.0,34.45000076293945,35.56999969482422,30.664155960083008,10915700.0
2017-07-05,GM,35.56999969482422,35.58000183105469,34.880001068115234,35.0099983215332,30.181398391723633,10819300.0
2017-07-06,GM,34.869998931884766,35.15999984741211,34.72999954223633,34.869998931884766,30.06070327758789,8567200.0
2017-07-07,GM,35.0,35.04999923706055,34.77000045776367,34.939998626708984,30.121042251586914,8623500.0
2017-07-10,GM,35.0,35.349998474121094,34.869998931884766,35.189998626708984,30.336566925048828,10546400.0
2017-07-11,GM,35.189998626708984,35.459999084472656,35.13999938964844,35.400001525878906,30.517602920532227,10124200.0
2017-07-12,GM,35.5,35.900001525878906,35.470001220703125,35.5,30.60381317138672,7529400.0
2017-07-13,GM,35.5,36.119998931884766,35.45000076293945,35.86000061035156,30.914169311523438,13828400.0
2017-07-14,GM,36.029998779296875,36.439998626708984,35.97999954223633,36.349998474121094,31.336576461791992,10241300.0
2017-07-17,GM,36.380001068115234,36.540000915527344,36.20000076293945,36.380001068115234,31.362443923950195,10631800.0
2017-07-18,GM,36.310001373291016,36.4900016784668,36.220001220703125,36.43000030517578,31.40555191040039,7769000.0
2017-07-19,GM,36.380001068115234,36.540000915527344,36.29999923706055,36.470001220703125,31.440031051635742,7816800.0
2017-07-20,GM,36.5,36.630001068115234,36.290000915527344,36.40999984741211,31.3883056640625,10159200.0
2017-07-21,GM,36.04999923706055,36.11000061035156,35.709999084472656,36.06999969482422,31.095195770263672,8831800.0
2017-07-24,GM,35.9900016784668,36.09000015258789,35.720001220703125,35.81999969482422,30.879676818847656,11699800.0
2017-07-25,GM,35.939998626708984,36.16999816894531,35.5,35.56999969482422,30.664155960083008,14540100.0
2017-07-26,GM,35.54999923706055,35.90999984741211,35.400001525878906,35.619998931884766,30.707258224487305,10814200.0
2017-07-27,GM,35.52000045776367,35.9900016784668,35.380001068115234,35.939998626708984,30.983123779296875,10006500.0
2017-07-28,GM,35.81999969482422,35.869998931884766,35.47999954223633,35.77000045776367,30.836566925048828,7531900.0
2017-07-31,GM,35.81999969482422,36.29999923706055,35.790000915527344,35.97999954223633,31.017606735229492,13855500.0
2017-08-01,GM,35.810001373291016,35.97999954223633,34.59000015258789,34.7599983215332,29.96587371826172,21582800.0
2017-08-02,GM,34.63999938964844,34.9900016784668,34.619998931884766,34.81999969482422,30.01759147644043,9325600.0
2017-08-03,GM,34.91999816894531,35.189998626708984,34.75,34.77000045776367,29.974491119384766,10367600.0
2017-08-04,GM,34.970001220703125,35.45000076293945,34.7599983215332,35.27000045776367,30.405527114868164,9160800.0
2017-08-07,GM,35.15999984741211,35.400001525878906,35.119998931884766,35.29999923706055,30.431400299072266,8255000.0
2017-08-08,GM,35.29999923706055,35.83000183105469,35.22999954223633,35.38999938964844,30.508987426757812,9024200.0
2017-08-09,GM,35.150001525878906,35.439998626708984,35.06999969482422,35.279998779296875,30.414152145385742,8260500.0
2017-08-10,GM,35.20000076293945,35.29999923706055,34.869998931884766,34.880001068115234,30.069324493408203,9628300.0
2017-08-11,GM,34.970001220703125,35.209999084472656,34.86000061035156,34.93000030517578,30.1124267578125,6821400.0
2017-08-14,GM,35.15999984741211,35.560001373291016,35.04999923706055,35.470001220703125,30.577943801879883,7366800.0
2017-08-15,GM,35.560001373291016,35.86000061035156,35.41999816894531,35.540000915527344,30.638296127319336,6017100.0
2017-08-16,GM,35.650001525878906,35.77000045776367,35.52000045776367,35.75,30.819339752197266,6927300.0
2017-08-17,GM,35.61000061035156,35.65999984741211,34.970001220703125,35.0,30.172773361206055,7274700.0
2017-08-18,GM,34.900001525878906,35.060001373291016,34.61000061035156,34.83000183105469,30.026222229003906,7193500.0
2017-08-21,GM,34.900001525878906,35.060001373291016,34.779998779296875,34.90999984741211,30.09519386291504,6010400.0
2017-08-22,GM,35.0,35.41999816894531,34.970001220703125,35.29999923706055,30.431400299072266,7815100.0
2017-08-23,GM,35.27000045776367,35.65999984741211,35.119998931884766,35.4900016784668,30.595199584960938,6430500.0
2017-08-24,GM,35.63999938964844,35.72999954223633,35.45000076293945,35.52000045776367,30.621057510375977,4955500.0
2017-08-25,GM,35.540000915527344,35.880001068115234,35.540000915527344,35.599998474121094,30.690017700195312,6685100.0
2017-08-28,GM,35.68000030517578,35.779998779296875,35.29999923706055,35.5099983215332,30.612428665161133,8008800.0
2017-08-29,GM,35.349998474121094,35.54999923706055,35.209999084472656,35.52000045776367,30.621057510375977,5520400.0
2017-08-30,GM,35.540000915527344,35.84000015258789,35.40999984741211,35.81999969482422,30.879676818847656,7263800.0
2017-08-31,GM,35.900001525878906,36.7400016784668,35.900001525878906,36.540000915527344,31.50037384033203,13597800.0
2017-09-01,GM,36.72999954223633,37.75,36.650001525878906,37.36000061035156,32.207279205322266,17975000.0
2017-09-05,GM,37.290000915527344,37.43000030517578,36.869998931884766,37.22999954223633,32.09520721435547,12714800.0
2017-09-06,GM,37.5099983215332,37.7400016784668,37.33000183105469,37.66999816894531,32.474510192871094,12359100.0
2017-09-07,GM,37.400001525878906,37.43000030517578,36.70000076293945,36.90999984741211,32.143592834472656,14327500.0
2017-09-08,GM,36.79999923706055,37.040000915527344,36.619998931884766,37.0,32.22196960449219,8180900.0
2017-09-11,GM,37.11000061035156,37.47999954223633,37.040000915527344,37.349998474121094,32.52678680419922,13499800.0
2017-09-12,GM,37.40999984741211,38.0,37.349998474121094,37.88999938964844,32.997039794921875,10805300.0
2017-09-13,GM,37.880001068115234,38.279998779296875,37.81999969482422,38.209999084472656,33.275726318359375,10644000.0
2017-09-14,GM,38.189998626708984,39.18000030517578,38.11000061035156,38.790000915527344,33.780818939208984,17528600.0
2017-09-15,GM,38.7400016784668,39.029998779296875,38.63999938964844,38.880001068115234,33.85919952392578,25353900.0
2017-09-18,GM,38.900001525878906,38.97999954223633,38.54999923706055,38.59000015258789,33.60664367675781,12361100.0
2017-09-19,GM,38.540000915527344,38.869998931884766,38.540000915527344,38.70000076293945,33.70244216918945,11546000.0
2017-09-20,GM,38.86000061035156,39.0,38.689998626708984,38.880001068115234,33.85919952392578,17188300.0
2017-09-21,GM,38.86000061035156,39.2400016784668,38.86000061035156,39.099998474121094,34.05078887939453,14046500.0
2017-09-22,GM,39.29999923706055,39.540000915527344,39.18000030517578,39.41999816894531,34.32946014404297,12670600.0
2017-09-25,GM,40.189998626708984,40.63999938964844,40.0,40.29999923706055,35.095829010009766,21544400.0
2017-09-26,GM,40.33000183105469,40.619998931884766,40.18000030517578,40.2599983215332,35.06098937988281,14256600.0
2017-09-27,GM,40.310001373291016,40.689998626708984,40.15999984741211,40.58000183105469,35.33966827392578,9750700.0
2017-09-28,GM,40.47999954223633,40.58000183105469,40.369998931884766,40.58000183105469,35.33966827392578,9646200.0
2017-09-29,GM,40.560001373291016,40.66999816894531,40.27000045776367,40.380001068115234,35.16549301147461,8919400.0
2017-10-02,GM,41.0099983215332,42.47999954223633,40.79999923706055,42.150001525878906,36.706912994384766,33817400.0
2017-10-03,GM,43.119998931884766,43.70000076293945,43.0,43.45000076293945,37.83903884887695,31058300.0
2017-10-04,GM,43.349998474121094,43.939998626708984,43.20000076293945,43.779998779296875,38.126426696777344,13458700.0
2017-10-05,GM,43.900001525878906,44.08000183105469,43.68000030517578,43.849998474121094,38.18739318847656,16661400.0
2017-10-06,GM,44.040000915527344,45.16999816894531,44.0,44.93000030517578,39.127925872802734,21024600.0
2017-10-09,GM,45.029998779296875,45.43000030517578,44.93000030517578,45.33000183105469,39.476280212402344,10932400.0
2017-10-10,GM,45.290000915527344,45.400001525878906,44.86000061035156,45.209999084472656,39.371768951416016,14029200.0
2017-10-11,GM,45.29999923706055,45.59000015258789,45.08000183105469,45.470001220703125,39.59819793701172,13353900.0
2017-10-12,GM,44.970001220703125,45.43000030517578,44.150001525878906,44.88999938964844,39.09309005737305,15665100.0
2017-10-13,GM,45.279998779296875,46.11000061035156,45.0,45.880001068115234,39.95524597167969,13932100.0
2017-10-16,GM,45.77000045776367,45.86000061035156,45.349998474121094,45.7599983215332,39.850746154785156,8861500.0
2017-10-17,GM,45.79999923706055,46.060001373291016,44.959999084472656,45.02000045776367,39.20629119873047,14700500.0
2017-10-18,GM,45.279998779296875,45.59000015258789,45.029998779296875,45.119998931884766,39.29338836669922,10883700.0
2017-10-19,GM,44.75,45.400001525878906,44.560001373291016,45.349998474121094,39.49368667602539,13051600.0
2017-10-20,GM,45.5,45.72999954223633,45.13999938964844,45.61000061035156,39.72011184692383,12203200.0
2017-10-23,GM,45.540000915527344,45.810001373291016,45.150001525878906,45.150001525878906,39.319515228271484,10780800.0
2017-10-24,GM,45.90999984741211,46.7599983215332,45.720001220703125,46.47999954223633,40.47776794433594,27909100.0
2017-10-25,GM,45.70000076293945,45.970001220703125,44.77000045776367,45.119998931884766,39.29338836669922,18062600.0
2017-10-26,GM,45.189998626708984,45.63999938964844,45.099998474121094,45.25,39.4066047668457,9650200.0
2017-10-27,GM,45.13999938964844,45.16999816894531,44.099998474121094,44.63999938964844,38.87537384033203,11875000.0
2017-10-30,GM,43.040000915527344,43.810001373291016,42.2599983215332,43.369998931884766,37.769378662109375,23791100.0
2017-10-31,GM,43.22999954223633,43.66999816894531,42.959999084472656,42.97999954223633,37.42974090576172,13239000.0
2017-11-01,GM,42.720001220703125,43.369998931884766,41.900001525878906,43.130001068115234,37.56037139892578,14701300.0
2017-11-02,GM,43.29999923706055,43.29999923706055,42.459999084472656,42.599998474121094,37.098819732666016,12006300.0
2017-11-03,GM,42.599998474121094,42.72999954223633,42.189998626708984,42.34000015258789,36.87239456176758,9848700.0
2017-11-06,GM,42.29999923706055,42.36000061035156,41.349998474121094,42.13999938964844,36.69820785522461,14173700.0
2017-11-07,GM,42.150001525878906,42.40999984741211,41.59000015258789,41.70000076293945,36.315025329589844,8881300.0
2017-11-08,GM,41.86000061035156,42.119998931884766,41.529998779296875,42.11000061035156,36.672088623046875,14221600.0
2017-11-09,GM,42.040000915527344,42.15999984741211,41.619998931884766,42.11000061035156,36.672088623046875,8897200.0
2017-11-10,GM,42.13999938964844,43.0,42.060001373291016,42.65999984741211,37.15106201171875,14102100.0
2017-11-13,GM,42.599998474121094,43.630001068115234,42.54999923706055,43.56999969482422,37.94355392456055,11731100.0
2017-11-14,GM,43.150001525878906,43.45000076293945,42.7400016784668,43.0,37.4471549987793,9433400.0
2017-11-15,GM,42.72999954223633,43.040000915527344,42.099998474121094,42.86000061035156,37.32523727416992,13620000.0
2017-11-16,GM,43.040000915527344,43.630001068115234,42.79999923706055,43.599998474121094,37.969688415527344,11247400.0
2017-11-17,GM,43.529998779296875,44.13999938964844,43.4900016784668,43.880001068115234,38.2135124206543,10594200.0
2017-11-20,GM,44.47999954223633,45.09000015258789,44.2599983215332,44.880001068115234,39.08437728881836,15132200.0
2017-11-21,GM,45.06999969482422,45.18000030517578,44.65999984741211,44.970001220703125,39.16276550292969,12011200.0
2017-11-22,GM,44.88999938964844,44.95000076293945,44.209999084472656,44.290000915527344,38.57056427001953,9836900.0
2017-11-24,GM,44.45000076293945,44.540000915527344,44.2400016784668,44.459999084472656,38.71862030029297,3805900.0
2017-11-27,GM,44.470001220703125,44.4900016784668,43.880001068115234,44.16999816894531,38.466064453125,8652600.0
2017-11-28,GM,44.349998474121094,45.08000183105469,44.13999938964844,44.91999816894531,39.11921691894531,15933300.0
2017-11-29,GM,45.099998474121094,45.349998474121094,43.790000915527344,43.810001373291016,38.152565002441406,19442900.0
2017-11-30,GM,44.0,44.529998779296875,42.70000076293945,43.09000015258789,37.525535583496094,32515100.0
2017-12-01,GM,43.189998626708984,43.25,41.869998931884766,42.790000915527344,37.264278411865234,19324700.0
2017-12-04,GM,43.20000076293945,43.41999816894531,42.91999816894531,43.04999923706055,37.490692138671875,14024600.0
2017-12-05,GM,43.0099983215332,43.060001373291016,42.52000045776367,42.79999923706055,37.272979736328125,11303900.0
2017-12-06,GM,42.56999969482422,42.689998626708984,42.13999938964844,42.150001525878906,36.706912994384766,12868500.0
2017-12-07,GM,42.2599983215332,42.38999938964844,41.540000915527344,42.02000045776367,36.9266242980957,16450000.0
2017-12-08,GM,41.9900016784668,42.29999923706055,41.84000015258789,42.02000045776367,36.9266242980957,13658700.0
2017-12-11,GM,41.880001068115234,41.93000030517578,41.560001373291016,41.66999816894531,36.619041442871094,14112500.0
2017-12-12,GM,41.650001525878906,41.77000045776367,41.2599983215332,41.529998779296875,36.49601745605469,8853100.0
2017-12-13,GM,41.540000915527344,41.90999984741211,41.38999938964844,41.400001525878906,36.38176345825195,9969200.0
2017-12-14,GM,41.380001068115234,41.439998626708984,40.70000076293945,40.810001373291016,35.86328887939453,9276400.0
2017-12-15,GM,40.91999816894531,41.33000183105469,40.91999816894531,40.95000076293945,35.98631286621094,24491700.0
2017-12-18,GM,41.27000045776367,42.31999969482422,41.25,42.150001525878906,37.04085922241211,22135100.0
2017-12-19,GM,42.709999084472656,42.79999923706055,42.439998626708984,42.4900016784668,37.33965301513672,13259200.0
2017-12-20,GM,42.7400016784668,42.779998779296875,42.38999938964844,42.52000045776367,37.36601257324219,8636700.0
2017-12-21,GM,42.58000183105469,42.75,42.130001068115234,42.15999984741211,37.04964828491211,10144700.0
2017-12-22,GM,42.29999923706055,42.310001373291016,41.810001373291016,42.02000045776367,36.9266242980957,4907100.0
2017-12-26,GM,41.86000061035156,42.09000015258789,41.630001068115234,41.79999923706055,36.73329544067383,3368900.0
2017-12-27,GM,41.7599983215332,41.849998474121094,41.29999923706055,41.310001373291016,36.302677154541016,4933600.0
2017-12-28,GM,41.34000015258789,41.439998626708984,41.20000076293945,41.380001068115234,36.364200592041016,5005300.0
2017-12-29,GM,41.52000045776367,41.59000015258789,40.9900016784668,40.9900016784668,36.0214729309082,6581400.0
2018-01-02,GM,41.2400016784668,41.869998931884766,41.150001525878906,41.79999923706055,36.73329544067383,6934600.0
2018-01-03,GM,42.209999084472656,42.95000076293945,42.20000076293945,42.81999969482422,37.6296501159668,14591600.0
2018-01-04,GM,43.09000015258789,44.25,43.0099983215332,44.13999938964844,38.78965759277344,17298700.0
2018-01-05,GM,44.5,44.63999938964844,43.959999084472656,44.0099983215332,38.6754035949707,9643300.0
2018-01-08,GM,44.040000915527344,44.59000015258789,43.52000045776367,44.220001220703125,38.85995101928711,13099600.0
2018-01-09,GM,44.310001373291016,44.59000015258789,43.7400016784668,44.04999923706055,38.7105598449707,7768100.0
2018-01-10,GM,43.84000015258789,44.13999938964844,42.61000061035156,43.0,37.78782653808594,18281500.0
2018-01-11,GM,43.279998779296875,44.27000045776367,43.15999984741211,44.189998626708984,38.833587646484375,11245800.0
2018-01-12,GM,44.150001525878906,44.70000076293945,43.65999984741211,44.06999969482422,38.7281379699707,14914600.0
2018-01-16,GM,45.099998474121094,45.52000045776367,43.75,44.189998626708984,38.833587646484375,20169300.0
2018-01-17,GM,44.0099983215332,44.27000045776367,43.400001525878906,44.029998779296875,38.69297409057617,15855700.0
2018-01-18,GM,44.18000030517578,44.189998626708984,43.63999938964844,43.86000061035156,38.54358673095703,11868100.0
2018-01-19,GM,44.04999923706055,44.09000015258789,43.040000915527344,43.150001525878906,37.919647216796875,14470800.0
2018-01-22,GM,43.15999984741211,43.41999816894531,42.81999969482422,43.290000915527344,38.04268264770508,19562100.0
2018-01-23,GM,43.34000015258789,43.439998626708984,42.90999984741211,43.380001068115234,38.121768951416016,14127600.0
2018-01-24,GM,43.5,44.400001525878906,43.45000076293945,44.15999984741211,38.80722427368164,11321700.0
2018-01-25,GM,44.459999084472656,44.47999954223633,42.97999954223633,43.15999984741211,37.928428649902344,11386000.0
2018-01-26,GM,43.31999969482422,43.56999969482422,42.9900016784668,43.4900016784668,38.21843719482422,9131200.0
2018-01-29,GM,43.470001220703125,43.779998779296875,42.97999954223633,43.02000045776367,37.80540084838867,8177500.0
2018-01-30,GM,42.83000183105469,43.220001220703125,42.52000045776367,42.70000076293945,37.524192810058594,8459700.0
2018-01-31,GM,42.779998779296875,42.95000076293945,42.13999938964844,42.40999984741211,37.269351959228516,19781200.0
2018-02-01,GM,42.119998931884766,42.599998474121094,41.95000076293945,42.43000030517578,37.28691864013672,9629800.0
2018-02-02,GM,42.220001220703125,42.27000045776367,40.849998474121094,41.0,36.0302619934082,13982100.0
2018-02-05,GM,40.97999954223633,41.66999816894531,39.5099983215332,39.540000915527344,34.747230529785156,19660600.0
2018-02-06,GM,40.060001373291016,42.22999954223633,40.0,41.86000061035156,36.7860107421875,26988300.0
2018-02-07,GM,41.79999923706055,43.560001373291016,41.650001525878906,42.38999938964844,37.25178146362305,19402900.0
2018-02-08,GM,42.459999084472656,42.709999084472656,40.7400016784668,40.75,35.81056213378906,18035400.0
2018-02-09,GM,41.15999984741211,41.970001220703125,40.22999954223633,41.459999084472656,36.43449783325195,19598000.0
2018-02-12,GM,41.95000076293945,42.619998931884766,41.61000061035156,42.0,36.90904998779297,19392000.0
2018-02-13,GM,41.70000076293945,42.06999969482422,41.369998931884766,41.400001525878906,36.38176345825195,8937200.0
2018-02-14,GM,41.029998779296875,41.90999984741211,40.93000030517578,41.810001373291016,36.742069244384766,10271600.0
2018-02-15,GM,42.060001373291016,42.209999084472656,41.400001525878906,41.849998474121094,36.7772216796875,9715800.0
2018-02-16,GM,41.849998474121094,42.279998779296875,41.0,41.09000015258789,36.10934829711914,14871800.0
2018-02-20,GM,40.900001525878906,41.33000183105469,40.59000015258789,40.77000045776367,35.82813262939453,7814600.0
2018-02-21,GM,40.75,41.29999923706055,40.5099983215332,40.560001373291016,35.64358901977539,9098500.0
2018-02-22,GM,40.65999984741211,41.20000076293945,40.5,40.90999984741211,35.95116424560547,8805900.0
2018-02-23,GM,41.04999923706055,41.13999938964844,40.58000183105469,40.90999984741211,35.95116424560547,6424200.0
2018-02-26,GM,41.08000183105469,41.619998931884766,40.75,41.540000915527344,36.50481414794922,9397100.0
2018-02-27,GM,41.4900016784668,41.540000915527344,40.119998931884766,40.16999816894531,35.30086135864258,12738800.0
2018-02-28,GM,39.619998931884766,40.150001525878906,39.31999969482422,39.349998474121094,34.58026123046875,23145200.0
2018-03-01,GM,39.59000015258789,39.59000015258789,37.40999984741211,37.790000915527344,33.2093505859375,26183100.0
2018-03-02,GM,37.470001220703125,37.61000061035156,36.59000015258789,37.43000030517578,32.89299774169922,24060500.0
2018-03-05,GM,37.33000183105469,37.900001525878906,37.11000061035156,37.7400016784668,33.1654167175293,12011100.0
2018-03-06,GM,38.02000045776367,38.08000183105469,37.540000915527344,37.93000030517578,33.33238983154297,12168500.0
2018-03-07,GM,37.38999938964844,37.84000015258789,37.25,37.7400016784668,33.1654167175293,15052000.0
2018-03-08,GM,37.63999938964844,37.93000030517578,37.220001220703125,37.84000015258789,33.59151840209961,13096700.0
2018-03-09,GM,37.849998474121094,38.08000183105469,37.65999984741211,37.84000015258789,33.59151840209961,12272200.0
2018-03-12,GM,37.869998931884766,37.9900016784668,37.58000183105469,37.83000183105469,33.58264923095703,11347200.0
2018-03-13,GM,37.970001220703125,38.540000915527344,37.869998931884766,38.0099983215332,33.742435455322266,12406400.0
2018-03-14,GM,38.47999954223633,38.61000061035156,37.650001525878906,37.689998626708984,33.458370208740234,13364000.0
2018-03-15,GM,37.970001220703125,37.9900016784668,37.59000015258789,37.849998474121094,33.60039520263672,8140100.0
2018-03-16,GM,37.91999816894531,38.150001525878906,37.689998626708984,37.939998626708984,33.6802978515625,10305000.0
2018-03-19,GM,37.93000030517578,37.97999954223633,36.540000915527344,37.0099983215332,32.85471725463867,12103100.0
2018-03-20,GM,37.130001068115234,37.2599983215332,36.7400016784668,36.88999938964844,32.748191833496094,8494800.0
2018-03-21,GM,37.15999984741211,38.02000045776367,37.099998474121094,37.58000183105469,33.36071014404297,11568400.0
2018-03-22,GM,37.22999954223633,37.33000183105469,36.27000045776367,36.349998474121094,32.26881408691406,15155000.0
2018-03-23,GM,36.41999816894531,36.560001373291016,35.130001068115234,35.16999816894531,31.22130012512207,13234000.0
2018-03-26,GM,35.939998626708984,36.04999923706055,35.279998779296875,35.9900016784668,31.949234008789062,9320200.0
2018-03-27,GM,36.02000045776367,36.029998779296875,34.5,34.869998931884766,30.954978942871094,17673300.0
2018-03-28,GM,35.0099983215332,35.790000915527344,34.900001525878906,35.470001220703125,31.48761749267578,17905700.0
2018-03-29,GM,35.83000183105469,36.529998779296875,35.689998626708984,36.34000015258789,32.25994110107422,13049800.0
2018-04-02,GM,36.099998474121094,36.2599983215332,35.22999954223633,35.7599983215332,31.745054244995117,13909100.0
2018-04-03,GM,36.79999923706055,37.349998474121094,36.38999938964844,36.939998626708984,32.792572021484375,15833300.0
2018-04-04,GM,36.0099983215332,38.130001068115234,35.95000076293945,38.029998779296875,33.76018524169922,17014100.0
2018-04-05,GM,38.25,38.47999954223633,37.88999938964844,38.0,33.733558654785156,11885400.0
2018-04-06,GM,37.959999084472656,38.15999984741211,37.20000076293945,37.68000030517578,33.44948959350586,14731500.0
2018-04-09,GM,38.279998779296875,38.5,37.810001373291016,37.83000183105469,33.58264923095703,13430900.0
2018-04-10,GM,38.599998474121094,39.349998474121094,38.38999938964844,39.06999969482422,34.683433532714844,15180100.0
2018-04-11,GM,38.720001220703125,39.290000915527344,38.4900016784668,39.0,34.62128448486328,8388900.0
2018-04-12,GM,39.27000045776367,39.4900016784668,38.77000045776367,38.83000183105469,34.470375061035156,7896400.0
2018-04-13,GM,39.119998931884766,39.380001068115234,38.56999969482422,38.72999954223633,34.381595611572266,6118600.0
2018-04-16,GM,38.970001220703125,39.41999816894531,38.66999816894531,39.16999816894531,34.772193908691406,5064900.0
2018-04-17,GM,39.63999938964844,39.650001525878906,39.08000183105469,39.220001220703125,34.81658172607422,5460700.0
2018-04-18,GM,39.2400016784668,39.66999816894531,38.900001525878906,38.93000030517578,34.55914306640625,6095400.0
2018-04-19,GM,38.709999084472656,38.90999984741211,37.41999816894531,37.77000045776367,33.52938461303711,10230000.0
2018-04-20,GM,37.75,38.0099983215332,37.349998474121094,37.61000061035156,33.38734817504883,8698500.0
2018-04-23,GM,37.4900016784668,37.959999084472656,37.43000030517578,37.689998626708984,33.458370208740234,7308600.0
2018-04-24,GM,37.93000030517578,38.16999816894531,37.540000915527344,37.93000030517578,33.67142105102539,9285800.0
2018-04-25,GM,37.72999954223633,38.20000076293945,37.5,38.11000061035156,33.831207275390625,7982700.0
2018-04-26,GM,37.59000015258789,38.279998779296875,36.83000183105469,38.25,33.95549011230469,16562400.0
2018-04-27,GM,38.15999984741211,38.209999084472656,37.4900016784668,37.650001525878906,33.422847747802734,8660400.0
2018-04-30,GM,37.880001068115234,38.06999969482422,36.7400016784668,36.7400016784668,32.615020751953125,11967300.0
2018-05-01,GM,36.7599983215332,36.959999084472656,35.88999938964844,36.41999816894531,32.330955505371094,11381200.0
2018-05-02,GM,36.47999954223633,36.70000076293945,36.150001525878906,36.20000076293945,32.13564682006836,9440700.0
2018-05-03,GM,35.9900016784668,36.16999816894531,35.279998779296875,36.150001525878906,32.09126281738281,15742600.0
2018-05-04,GM,36.150001525878906,36.779998779296875,35.869998931884766,36.709999084472656,32.58839416503906,6639000.0
2018-05-07,GM,36.630001068115234,36.77000045776367,36.279998779296875,36.34000015258789,32.25994110107422,9197400.0
2018-05-08,GM,36.380001068115234,36.61000061035156,36.11000061035156,36.33000183105469,32.25105285644531,8364400.0
2018-05-09,GM,36.38999938964844,36.7400016784668,35.970001220703125,36.27000045776367,32.197792053222656,7609500.0
2018-05-10,GM,36.459999084472656,37.220001220703125,36.45000076293945,37.15999984741211,32.98786926269531,6814700.0
2018-05-11,GM,37.11000061035156,37.25,36.779998779296875,36.88999938964844,32.748191833496094,4856700.0
2018-05-14,GM,37.060001373291016,37.06999969482422,36.560001373291016,36.630001068115234,32.51738357543945,6393300.0
2018-05-15,GM,36.400001525878906,36.959999084472656,36.400001525878906,36.939998626708984,32.792572021484375,6506900.0
2018-05-16,GM,36.970001220703125,38.040000915527344,36.970001220703125,38.029998779296875,33.76018524169922,8193900.0
2018-05-17,GM,37.970001220703125,38.47999954223633,37.75,38.29999923706055,33.9998779296875,9572700.0
2018-05-18,GM,38.27000045776367,38.400001525878906,37.720001220703125,37.790000915527344,33.5471305847168,5576300.0
2018-05-21,GM,38.15999984741211,38.34000015258789,37.97999954223633,38.09000015258789,33.813453674316406,6227700.0
2018-05-22,GM,38.58000183105469,38.77000045776367,38.2599983215332,38.279998779296875,33.98211669921875,6990400.0
2018-05-23,GM,38.18000030517578,38.189998626708984,37.459999084472656,37.849998474121094,33.60039520263672,8794300.0
2018-05-24,GM,38.0,38.59000015258789,37.900001525878906,38.38999938964844,34.07977294921875,8466100.0
2018-05-25,GM,38.25,38.400001525878906,38.11000061035156,38.29999923706055,33.9998779296875,5247300.0
2018-05-29,GM,38.0099983215332,38.04999923706055,37.27000045776367,37.380001068115234,33.18316650390625,12342600.0
2018-05-30,GM,37.5,37.869998931884766,37.47999954223633,37.83000183105469,33.58264923095703,11821600.0
2018-05-31,GM,41.650001525878906,42.77000045776367,41.27000045776367,42.70000076293945,37.90586853027344,59937500.0
2018-06-01,GM,42.97999954223633,43.31999969482422,42.33000183105469,43.20000076293945,38.349727630615234,24461800.0
2018-06-04,GM,43.2400016784668,43.849998474121094,43.15999984741211,43.779998779296875,38.86460876464844,12939000.0
2018-06-05,GM,43.61000061035156,43.77000045776367,43.349998474121094,43.40999984741211,38.53615951538086,12018500.0
2018-06-06,GM,43.65999984741211,44.0,43.36000061035156,43.93000030517578,38.997764587402344,18026100.0
2018-06-07,GM,43.5099983215332,44.369998931884766,43.5099983215332,44.0099983215332,39.40967559814453,15330900.0
2018-06-08,GM,43.97999954223633,44.33000183105469,43.91999816894531,44.25,39.624595642089844,8549300.0
2018-06-11,GM,44.29999923706055,44.88999938964844,44.290000915527344,44.849998474121094,40.16188430786133,14061400.0
2018-06-12,GM,44.86000061035156,44.95000076293945,44.15999984741211,44.18000030517578,39.56190490722656,9933200.0
2018-06-13,GM,44.119998931884766,44.459999084472656,43.83000183105469,44.45000076293945,39.803688049316406,11233100.0
2018-06-14,GM,44.38999938964844,44.400001525878906,43.41999816894531,43.56999969482422,39.01567459106445,10109200.0
2018-06-15,GM,43.279998779296875,45.0,42.7599983215332,43.90999984741211,39.32014083862305,23838500.0
2018-06-18,GM,43.599998474121094,44.13999938964844,43.369998931884766,43.95000076293945,39.355960845947266,10806700.0
2018-06-19,GM,43.06999969482422,43.189998626708984,41.880001068115234,42.2599983215332,37.84260559082031,18272900.0
2018-06-20,GM,42.56999969482422,42.83000183105469,41.790000915527344,41.95000076293945,37.56501770019531,9536100.0
2018-06-21,GM,41.13999938964844,41.84000015258789,40.810001373291016,41.119998931884766,36.8217658996582,13913300.0
2018-06-22,GM,41.40999984741211,41.75,40.939998626708984,41.25,36.93819046020508,9336700.0
2018-06-25,GM,41.0,41.20000076293945,40.209999084472656,40.61000061035156,36.36509323120117,10614800.0
2018-06-26,GM,40.54999923706055,41.31999969482422,40.4900016784668,41.0099983215332,36.723270416259766,12818900.0
2018-06-27,GM,41.0,41.31999969482422,40.349998474121094,40.369998931884766,36.15016555786133,9542900.0
2018-06-28,GM,40.45000076293945,40.66999816894531,39.65999984741211,40.52000045776367,36.28448486328125,10173900.0
2018-06-29,GM,40.66999816894531,40.79999923706055,39.369998931884766,39.400001525878906,35.28156661987305,14054900.0
2018-07-02,GM,39.08000183105469,39.560001373291016,38.75,39.5,35.371116638183594,8608100.0
2018-07-03,GM,39.709999084472656,39.81999969482422,38.91999816894531,38.970001220703125,34.896507263183594,4975800.0
2018-07-05,GM,39.61000061035156,40.0,39.209999084472656,39.470001220703125,35.34424591064453,8351400.0
2018-07-06,GM,39.380001068115234,39.45000076293945,38.70000076293945,39.15999984741211,35.066646575927734,7897100.0
2018-07-09,GM,39.380001068115234,40.0,39.04999923706055,39.75,35.594974517822266,8149000.0
2018-07-10,GM,39.84000015258789,40.310001373291016,39.599998474121094,40.09000015258789,35.89942932128906,10140100.0
2018-07-11,GM,39.5,39.689998626708984,39.18000030517578,39.29999923706055,35.192012786865234,8840000.0
2018-07-12,GM,39.599998474121094,39.63999938964844,39.0099983215332,39.27000045776367,35.1651611328125,8250300.0
2018-07-13,GM,39.11000061035156,39.40999984741211,38.93000030517578,39.36000061035156,35.24574279785156,5144500.0
2018-07-16,GM,39.310001373291016,39.599998474121094,39.16999816894531,39.560001373291016,35.424827575683594,7466400.0
2018-07-17,GM,39.5,40.5,39.4900016784668,40.029998779296875,35.845706939697266,8806100.0
2018-07-18,GM,40.060001373291016,40.290000915527344,39.560001373291016,39.869998931884766,35.70243835449219,9180900.0
2018-07-19,GM,39.58000183105469,39.810001373291016,39.18000030517578,39.310001373291016,35.20096206665039,6778700.0
2018-07-20,GM,39.06999969482422,39.41999816894531,38.86000061035156,39.400001525878906,35.28156661987305,10949600.0
2018-07-23,GM,39.20000076293945,39.380001068115234,38.95000076293945,39.27000045776367,35.1651611328125,7687700.0
2018-07-24,GM,39.869998931884766,39.97999954223633,39.2599983215332,39.47999954223633,35.35319900512695,10760100.0
2018-07-25,GM,37.45000076293945,37.900001525878906,36.2599983215332,37.650001525878906,33.714481353759766,42672300.0
2018-07-26,GM,37.06999969482422,37.54999923706055,36.599998474121094,36.75,32.908565521240234,16719400.0
2018-07-27,GM,36.83000183105469,37.63999938964844,36.77000045776367,37.529998779296875,33.60702896118164,12629300.0
2018-07-30,GM,37.65999984741211,38.099998474121094,37.45000076293945,37.66999816894531,33.732398986816406,9460600.0
2018-07-31,GM,37.790000915527344,38.189998626708984,37.70000076293945,37.90999984741211,33.947303771972656,16479300.0
2018-08-01,GM,37.88999938964844,37.88999938964844,36.880001068115234,37.13999938964844,33.2578010559082,11179700.0
2018-08-02,GM,37.0,37.04999923706055,36.349998474121094,36.619998931884766,32.792144775390625,13066100.0
2018-08-03,GM,36.650001525878906,37.77000045776367,36.650001525878906,37.72999954223633,33.7861213684082,9374800.0
2018-08-06,GM,37.56999969482422,37.689998626708984,37.349998474121094,37.599998474121094,33.66971206665039,5266800.0
2018-08-07,GM,37.70000076293945,37.869998931884766,37.5,37.58000183105469,33.65180206298828,7652100.0
2018-08-08,GM,37.61000061035156,37.93000030517578,37.279998779296875,37.65999984741211,33.723445892333984,6759900.0
2018-08-09,GM,37.66999816894531,38.31999969482422,37.31999969482422,37.5099983215332,33.58912658691406,12413800.0
2018-08-10,GM,37.31999969482422,37.36000061035156,36.470001220703125,36.59000015258789,32.76529312133789,9325800.0
2018-08-13,GM,36.59000015258789,36.66999816894531,35.869998931884766,36.15999984741211,32.380226135253906,15573600.0
2018-08-14,GM,36.25,36.540000915527344,36.16999816894531,36.20000076293945,32.416053771972656,7326100.0
2018-08-15,GM,35.81999969482422,35.95000076293945,35.209999084472656,35.939998626708984,32.1832275390625,10720400.0
2018-08-16,GM,36.18000030517578,36.68000030517578,36.06999969482422,36.290000915527344,32.496646881103516,9413800.0
2018-08-17,GM,36.08000183105469,36.56999969482422,35.90999984741211,36.380001068115234,32.577247619628906,7796700.0
2018-08-20,GM,36.630001068115234,36.95000076293945,36.36000061035156,36.77000045776367,32.926483154296875,7072800.0
2018-08-21,GM,36.75,37.06999969482422,36.7400016784668,36.90999984741211,33.051841735839844,10048500.0
2018-08-22,GM,36.599998474121094,36.720001220703125,36.099998474121094,36.130001068115234,32.353370666503906,8871200.0
2018-08-23,GM,35.95000076293945,36.16999816894531,35.630001068115234,35.66999816894531,31.94145965576172,8742400.0
2018-08-24,GM,35.95000076293945,36.099998474121094,35.7599983215332,35.95000076293945,32.19218444824219,7278000.0
2018-08-27,GM,36.290000915527344,37.779998779296875,36.22999954223633,37.689998626708984,33.75030517578125,17968000.0
2018-08-28,GM,37.849998474121094,37.86000061035156,36.91999816894531,37.31999969482422,33.418983459472656,9638800.0
2018-08-29,GM,37.38999938964844,37.41999816894531,36.880001068115234,37.119998931884766,33.23988723754883,7223400.0
2018-08-30,GM,37.0,37.060001373291016,36.189998626708984,36.36000061035156,32.559329986572266,9765400.0
2018-08-31,GM,36.20000076293945,36.29999923706055,35.779998779296875,36.04999923706055,32.28173828125,13713300.0
2018-09-04,GM,36.0,36.0,35.31999969482422,35.599998474121094,31.878768920898438,12821600.0
2018-09-05,GM,35.599998474121094,35.599998474121094,35.04999923706055,35.290000915527344,31.601179122924805,12763700.0
2018-09-06,GM,35.0,35.27000045776367,34.380001068115234,34.380001068115234,31.121417999267578,12913600.0
2018-09-07,GM,34.349998474121094,34.36000061035156,33.61000061035156,33.90999984741211,30.695960998535156,13209300.0
2018-09-10,GM,33.91999816894531,34.25,33.83000183105469,33.869998931884766,30.65974235534668,10682100.0
2018-09-11,GM,33.91999816894531,33.959999084472656,33.439998626708984,33.77000045776367,30.56922721862793,8521300.0
2018-09-12,GM,33.70000076293945,34.4900016784668,33.70000076293945,34.060001373291016,30.831750869750977,9342300.0
2018-09-13,GM,34.2599983215332,34.47999954223633,33.900001525878906,34.25,31.00373077392578,14848700.0
2018-09-14,GM,34.470001220703125,34.75,34.33000183105469,34.630001068115234,31.34772300720215,13652800.0
2018-09-17,GM,34.5,35.220001220703125,34.40999984741211,35.02000045776367,31.700748443603516,10905300.0
2018-09-18,GM,35.16999816894531,35.22999954223633,34.59000015258789,35.099998474121094,31.773176193237305,8868100.0
2018-09-19,GM,35.36000061035156,35.939998626708984,35.29999923706055,35.72999954223633,32.34345245361328,10938200.0
2018-09-20,GM,35.90999984741211,36.45000076293945,35.7400016784668,36.08000183105469,32.66028594970703,11394200.0
2018-09-21,GM,36.310001373291016,36.4900016784668,35.15999984741211,35.31999969482422,31.972320556640625,27172000.0
2018-09-24,GM,35.040000915527344,35.380001068115234,34.45000076293945,34.75,31.456344604492188,9971000.0
2018-09-25,GM,34.47999954223633,34.68000030517578,33.5,33.54999923706055,30.370079040527344,14805300.0
2018-09-26,GM,33.4900016784668,34.0,33.349998474121094,33.72999954223633,30.53301429748535,18074500.0
2018-09-27,GM,33.5099983215332,33.75,33.279998779296875,33.66999816894531,30.47870445251465,11659300.0
2018-09-28,GM,33.56999969482422,33.689998626708984,33.290000915527344,33.66999816894531,30.47870445251465,8836700.0
2018-10-01,GM,34.29999923706055,34.540000915527344,33.9900016784668,34.20000076293945,30.95847511291504,13737600.0
2018-10-02,GM,33.95000076293945,34.34000015258789,33.20000076293945,33.29999923706055,30.143766403198242,22731200.0
2018-10-03,GM,35.02000045776367,35.04999923706055,33.77000045776367,34.0,30.77743148803711,28301800.0
2018-10-04,GM,34.11000061035156,34.65999984741211,33.95000076293945,34.25,31.00373077392578,18912600.0
2018-10-05,GM,34.40999984741211,34.5099983215332,33.970001220703125,34.119998931884766,30.88605308532715,10748600.0
2018-10-08,GM,33.81999969482422,34.27000045776367,33.75,34.25,31.00373077392578,8405600.0
2018-10-09,GM,34.0,34.0,32.59000015258789,32.650001525878906,29.555389404296875,19919900.0
2018-10-10,GM,32.599998474121094,32.959999084472656,32.119998931884766,32.599998474121094,29.51012420654297,17224300.0
2018-10-11,GM,32.61000061035156,33.5,32.189998626708984,32.310001373291016,29.24761199951172,18015300.0
2018-10-12,GM,32.7400016784668,32.7400016784668,31.489999771118164,31.790000915527344,28.776897430419922,14950700.0
2018-10-15,GM,31.690000534057617,32.45000076293945,31.670000076293945,32.119998931884766,29.07561492919922,13621000.0
2018-10-16,GM,32.459999084472656,32.540000915527344,31.860000610351562,32.34000015258789,29.274761199951172,11876700.0
2018-10-17,GM,32.060001373291016,32.290000915527344,31.579999923706055,31.93000030517578,28.903627395629883,9099000.0
2018-10-18,GM,31.709999084472656,31.809999465942383,30.969999313354492,31.079999923706055,28.134187698364258,14349100.0
2018-10-19,GM,30.719999313354492,31.469999313354492,30.56999969482422,31.200000762939453,28.242820739746094,12754600.0
2018-10-22,GM,31.450000762939453,31.59000015258789,31.030000686645508,31.34000015258789,28.369544982910156,11052900.0
2018-10-23,GM,30.940000534057617,32.400001525878906,30.889999389648438,32.119998931884766,29.07561492919922,16580800.0
2018-10-24,GM,31.790000915527344,32.060001373291016,30.559999465942383,30.559999465942383,27.66347312927246,18781400.0
2018-10-25,GM,31.190000534057617,32.20000076293945,31.06999969482422,32.0,28.966991424560547,16763600.0
2018-10-26,GM,31.68000030517578,32.880001068115234,31.6299991607666,32.650001525878906,29.555389404296875,18038600.0
2018-10-29,GM,34.11000061035156,34.29999923706055,32.72999954223633,33.130001068115234,29.989885330200195,19548100.0
2018-10-30,GM,33.18000030517578,33.91999816894531,33.02000045776367,33.540000915527344,30.361026763916016,16287500.0
2018-10-31,GM,35.970001220703125,37.04999923706055,35.400001525878906,36.59000015258789,33.1219482421875,37775200.0
2018-11-01,GM,36.2400016784668,36.689998626708984,35.70000076293945,36.470001220703125,33.0133171081543,15233200.0
2018-11-02,GM,36.79999923706055,37.279998779296875,35.560001373291016,36.029998779296875,32.61501693725586,13268200.0
2018-11-05,GM,36.0,36.38999938964844,35.849998474121094,36.25,32.814170837402344,11477100.0
2018-11-06,GM,36.18000030517578,36.560001373291016,36.09000015258789,36.459999084472656,33.00426483154297,11187700.0
2018-11-07,GM,36.72999954223633,37.0,36.369998931884766,36.880001068115234,33.384456634521484,9457800.0
2018-11-08,GM,36.40999984741211,36.88999938964844,36.290000915527344,36.56999969482422,33.10382843017578,10807900.0
2018-11-09,GM,36.119998931884766,36.439998626708984,35.349998474121094,35.70000076293945,32.316307067871094,9037500.0
2018-11-12,GM,35.63999938964844,36.040000915527344,35.45000076293945,35.689998626708984,32.3072395324707,10062100.0
2018-11-13,GM,35.91999816894531,36.650001525878906,35.709999084472656,35.93000030517578,32.52449417114258,8594000.0
2018-11-14,GM,36.20000076293945,36.31999969482422,34.97999954223633,35.22999954223633,31.890846252441406,10883400.0
2018-11-15,GM,34.90999984741211,35.59000015258789,33.849998474121094,35.54999923706055,32.180511474609375,17675600.0
2018-11-16,GM,35.31999969482422,35.790000915527344,35.02000045776367,35.75,32.3615608215332,11681500.0
2018-11-19,GM,35.75,35.970001220703125,35.40999984741211,35.68000030517578,32.298194885253906,11595800.0
2018-11-20,GM,35.099998474121094,35.619998931884766,34.849998474121094,35.09000015258789,31.76410675048828,10332900.0
2018-11-21,GM,35.29999923706055,35.86000061035156,34.970001220703125,35.54999923706055,32.180511474609375,6555600.0
2018-11-23,GM,35.33000183105469,36.11000061035156,35.20000076293945,35.93000030517578,32.52449417114258,4231400.0
2018-11-26,GM,36.13999938964844,38.75,36.04999923706055,37.650001525878906,34.08146667480469,30361800.0
2018-11-27,GM,37.27000045776367,37.54999923706055,36.209999084472656,36.689998626708984,33.21246337890625,25559100.0
2018-11-28,GM,36.7599983215332,37.0,35.939998626708984,36.95000076293945,33.44782638549805,12439900.0
2018-11-29,GM,36.790000915527344,36.959999084472656,36.29999923706055,36.7599983215332,33.27582931518555,8251200.0
2018-11-30,GM,36.7400016784668,38.0,36.65999984741211,37.95000076293945,34.35303497314453,18108900.0
2018-12-03,GM,39.0,39.61000061035156,38.369998931884766,38.45000076293945,34.8056526184082,17168900.0
2018-12-04,GM,38.220001220703125,38.29999923706055,36.5,36.52000045776367,33.05857849121094,14234700.0
2018-12-06,GM,35.7400016784668,35.75,34.90999984741211,35.70000076293945,32.65609359741211,14533700.0
2018-12-07,GM,35.439998626708984,35.93000030517578,34.54999923706055,34.689998626708984,31.732206344604492,9236700.0
2018-12-10,GM,34.54999923706055,34.779998779296875,33.459999084472656,34.41999816894531,31.485227584838867,12320000.0
2018-12-11,GM,35.54999923706055,35.75,34.650001525878906,34.689998626708984,31.732206344604492,12531800.0
2018-12-12,GM,35.22999954223633,36.040000915527344,35.22999954223633,35.68000030517578,32.6378059387207,10324900.0
2018-12-13,GM,35.959999084472656,36.18000030517578,35.06999969482422,35.11000061035156,32.116397857666016,9001000.0
2018-12-14,GM,35.0,35.70000076293945,34.849998474121094,35.099998474121094,32.107242584228516,8415300.0
2018-12-17,GM,34.939998626708984,35.619998931884766,34.459999084472656,34.65999984741211,31.70477867126465,10674200.0
2018-12-18,GM,35.02000045776367,35.529998779296875,34.689998626708984,34.900001525878906,31.924301147460938,8492400.0
2018-12-19,GM,35.0099983215332,36.20000076293945,34.689998626708984,34.93000030517578,31.951751708984375,11882000.0
2018-12-20,GM,34.93000030517578,35.349998474121094,33.84000015258789,34.27000045776367,31.348018646240234,14957400.0
2018-12-21,GM,34.22999954223633,34.849998474121094,32.959999084472656,32.97999954223633,30.16800880432129,21381100.0
2018-12-24,GM,32.650001525878906,32.939998626708984,32.25,32.369998931884766,29.61001968383789,9110200.0
2018-12-26,GM,32.58000183105469,33.529998779296875,31.459999084472656,33.52000045776367,30.661970138549805,12490400.0
2018-12-27,GM,33.06999969482422,34.0,32.38999938964844,33.959999084472656,31.064449310302734,13653000.0
2018-12-28,GM,33.95000076293945,34.72999954223633,33.68000030517578,33.91999816894531,31.027862548828125,8678000.0
2018-12-31,GM,34.0,34.220001220703125,32.91999816894531,33.45000076293945,30.597938537597656,8455500.0
2019-01-02,GM,32.849998474121094,33.810001373291016,32.40999984741211,33.63999938964844,30.77173614501953,7662300.0
2019-01-03,GM,33.34000015258789,33.68000030517578,32.20000076293945,32.25,29.500247955322266,11618300.0
2019-01-04,GM,32.79999923706055,33.56999969482422,32.43000030517578,33.33000183105469,30.488170623779297,10784000.0
2019-01-07,GM,33.709999084472656,34.970001220703125,33.47999954223633,34.36000061035156,31.43035125732422,10722300.0
2019-01-08,GM,35.0,35.68000030517578,34.4900016784668,34.810001373291016,31.841981887817383,10532900.0
2019-01-09,GM,34.959999084472656,35.59000015258789,34.709999084472656,35.18000030517578,32.1804313659668,9917600.0
2019-01-10,GM,35.0,35.04999923706055,34.16999816894531,34.72999954223633,31.768798828125,9143700.0
2019-01-11,GM,36.599998474121094,37.970001220703125,36.25,37.18000030517578,34.00990295410156,32257100.0
2019-01-14,GM,37.25,38.0,37.02000045776367,37.65999984741211,34.448974609375,14361100.0
2019-01-15,GM,37.84000015258789,37.84000015258789,36.79999923706055,37.54999923706055,34.34835433959961,11999100.0
2019-01-16,GM,37.47999954223633,37.97999954223633,37.27000045776367,37.66999816894531,34.458126068115234,17427400.0
2019-01-17,GM,37.5,38.29999923706055,37.400001525878906,38.2599983215332,34.99781799316406,13060500.0
2019-01-18,GM,38.45000076293945,38.77000045776367,37.84000015258789,38.61000061035156,35.31797409057617,10494100.0
2019-01-22,GM,38.279998779296875,38.779998779296875,37.88999938964844,38.150001525878906,34.8972053527832,12134400.0
2019-01-23,GM,38.20000076293945,38.36000061035156,37.47999954223633,37.66999816894531,34.458126068115234,7752800.0
2019-01-24,GM,37.7599983215332,38.290000915527344,37.65999984741211,38.15999984741211,34.90634536743164,7809100.0
2019-01-25,GM,38.650001525878906,38.83000183105469,38.36000061035156,38.63999938964844,35.34541702270508,8842600.0
2019-01-28,GM,38.22999954223633,38.599998474121094,38.060001373291016,38.459999084472656,35.18075942993164,11384400.0
2019-01-29,GM,38.310001373291016,38.540000915527344,38.09000015258789,38.470001220703125,35.18991470336914,5745200.0
2019-01-30,GM,38.5,39.13999938964844,38.119998931884766,39.09000015258789,35.75704574584961,11033000.0
2019-01-31,GM,38.810001373291016,39.04999923706055,38.4900016784668,39.02000045776367,35.69301986694336,11219300.0
2019-02-01,GM,38.90999984741211,39.150001525878906,38.52000045776367,38.779998779296875,35.47349166870117,8040300.0
2019-02-04,GM,38.650001525878906,38.939998626708984,38.349998474121094,38.93000030517578,35.61069107055664,9960000.0
2019-02-05,GM,39.08000183105469,39.36000061035156,38.72999954223633,39.29999923706055,35.94914245605469,12158000.0
2019-02-06,GM,40.16999816894531,40.7400016784668,39.529998779296875,39.90999984741211,36.50712966918945,16883000.0
2019-02-07,GM,39.22999954223633,39.40999984741211,38.34000015258789,38.650001525878906,35.35457229614258,15800700.0
2019-02-08,GM,38.5,38.709999084472656,38.0099983215332,38.70000076293945,35.40030288696289,8111500.0
2019-02-11,GM,38.310001373291016,38.689998626708984,38.220001220703125,38.630001068115234,35.33626937866211,9364900.0
2019-02-12,GM,38.79999923706055,39.31999969482422,38.79999923706055,39.029998779296875,35.70216751098633,9725800.0
2019-02-13,GM,39.279998779296875,39.38999938964844,38.81999969482422,39.0,35.67472839355469,6735900.0
2019-02-14,GM,38.810001373291016,39.09000015258789,38.709999084472656,38.88999938964844,35.574100494384766,7050500.0
2019-02-15,GM,39.060001373291016,39.189998626708984,38.7400016784668,39.09000015258789,35.75704574584961,8582300.0
2019-02-19,GM,38.97999954223633,39.68000030517578,38.90999984741211,39.529998779296875,36.15953826904297,9122200.0
2019-02-20,GM,39.63999938964844,40.099998474121094,39.52000045776367,39.95000076293945,36.543731689453125,9794800.0
2019-02-21,GM,40.0,40.20000076293945,39.540000915527344,39.619998931884766,36.241859436035156,7436000.0
2019-02-22,GM,39.84000015258789,40.0099983215332,39.439998626708984,39.9900016784668,36.58031463623047,6742300.0
2019-02-25,GM,40.25,40.459999084472656,40.09000015258789,40.13999938964844,36.71752166748047,9252300.0
2019-02-26,GM,39.90999984741211,40.36000061035156,39.83000183105469,40.11000061035156,36.69009017944336,7611600.0
2019-02-27,GM,40.09000015258789,40.15999984741211,39.779998779296875,40.0,36.58946990966797,8671900.0
2019-02-28,GM,39.81999969482422,39.90999984741211,39.20000076293945,39.47999954223633,36.11380386352539,9053400.0
2019-03-01,GM,39.849998474121094,39.970001220703125,39.04999923706055,39.529998779296875,36.15953826904297,7706200.0
2019-03-04,GM,39.70000076293945,41.5,39.029998779296875,39.25,35.903411865234375,7524500.0
2019-03-05,GM,39.279998779296875,39.41999816894531,39.02000045776367,39.279998779296875,35.93084716796875,4866200.0
2019-03-06,GM,39.2400016784668,39.290000915527344,38.4900016784668,38.66999816894531,35.37286376953125,9413300.0
2019-03-07,GM,38.099998474121094,38.34000015258789,37.63999938964844,38.040000915527344,35.141902923583984,8999800.0
2019-03-08,GM,37.630001068115234,38.040000915527344,37.5,37.9900016784668,35.09571838378906,6911000.0
2019-03-11,GM,38.08000183105469,38.790000915527344,38.0,38.619998931884766,35.67771530151367,12218800.0
2019-03-12,GM,38.70000076293945,39.029998779296875,38.5,38.619998931884766,35.67771530151367,6633600.0
2019-03-13,GM,38.7400016784668,39.029998779296875,38.599998474121094,38.79999923706055,35.8440055847168,7334100.0
2019-03-14,GM,38.7599983215332,38.81999969482422,37.939998626708984,38.029998779296875,35.132667541503906,8692900.0
2019-03-15,GM,38.040000915527344,38.290000915527344,37.880001068115234,38.06999969482422,35.16963195800781,16854700.0
2019-03-18,GM,38.18000030517578,38.2400016784668,37.619998931884766,37.97999954223633,35.086483001708984,7583800.0
2019-03-19,GM,38.310001373291016,38.75,38.040000915527344,38.27000045776367,35.35438537597656,9003300.0
2019-03-20,GM,37.7400016784668,37.939998626708984,36.779998779296875,37.0,34.1811408996582,11680000.0
2019-03-21,GM,37.0,37.380001068115234,36.779998779296875,37.349998474121094,34.50447463989258,8168100.0
2019-03-22,GM,37.09000015258789,37.29999923706055,36.279998779296875,36.439998626708984,33.6638069152832,10049500.0
2019-03-25,GM,36.47999954223633,37.029998779296875,36.2599983215332,36.75,33.95018768310547,6922200.0
2019-03-26,GM,36.93000030517578,36.97999954223633,36.560001373291016,36.869998931884766,34.061038970947266,6867200.0
2019-03-27,GM,36.91999816894531,37.2400016784668,36.470001220703125,36.61000061035156,33.82085037231445,7006500.0
2019-03-28,GM,36.70000076293945,37.22999954223633,36.65999984741211,37.060001373291016,34.236568450927734,5591300.0
2019-03-29,GM,37.310001373291016,37.400001525878906,36.91999816894531,37.099998474121094,34.273521423339844,9432600.0
2019-04-01,GM,37.400001525878906,37.81999969482422,37.33000183105469,37.7599983215332,34.883243560791016,7145600.0
2019-04-02,GM,37.83000183105469,38.0099983215332,37.61000061035156,37.810001373291016,34.92942810058594,5667100.0
2019-04-03,GM,38.25,38.63999938964844,38.22999954223633,38.38999938964844,35.465240478515625,8815300.0
2019-04-04,GM,38.400001525878906,38.939998626708984,38.38999938964844,38.790000915527344,35.83476257324219,7116100.0
2019-04-05,GM,38.849998474121094,39.0099983215332,38.58000183105469,38.939998626708984,35.973331451416016,4497800.0
2019-04-08,GM,38.77000045776367,39.09000015258789,38.7599983215332,39.060001373291016,36.084205627441406,5992400.0
2019-04-09,GM,38.849998474121094,39.08000183105469,38.70000076293945,38.86000061035156,35.89943313598633,6528900.0
2019-04-10,GM,38.88999938964844,39.41999816894531,38.779998779296875,39.25,36.259727478027344,5471100.0
2019-04-11,GM,39.380001068115234,39.59000015258789,39.130001068115234,39.33000183105469,36.3336296081543,4581500.0
2019-04-12,GM,39.599998474121094,40.04999923706055,39.529998779296875,39.709999084472656,36.684669494628906,4949700.0
2019-04-15,GM,39.900001525878906,40.0099983215332,39.349998474121094,39.56999969482422,36.55533981323242,5179400.0
2019-04-16,GM,39.560001373291016,39.90999984741211,39.459999084472656,39.65999984741211,36.638492584228516,5985300.0
2019-04-17,GM,40.099998474121094,40.2599983215332,39.880001068115234,39.9900016784668,36.9433479309082,8643500.0
2019-04-18,GM,40.0,40.45000076293945,39.97999954223633,40.29999923706055,37.229732513427734,10678000.0
2019-04-22,GM,40.0,40.099998474121094,39.4900016784668,39.5,36.49068069458008,7203800.0
2019-04-23,GM,39.400001525878906,39.84000015258789,39.18000030517578,39.83000183105469,36.79554748535156,9507500.0
2019-04-24,GM,39.5099983215332,39.88999938964844,39.369998931884766,39.720001220703125,36.69392013549805,5564700.0
2019-04-25,GM,39.52000045776367,39.720001220703125,38.95000076293945,39.11000061035156,36.13039016723633,8154600.0
2019-04-26,GM,40.04999923706055,40.099998474121094,39.439998626708984,39.68000030517578,36.65696334838867,11830500.0
2019-04-29,GM,39.75,40.279998779296875,39.689998626708984,40.0099983215332,36.961822509765625,9601100.0
2019-04-30,GM,38.91999816894531,39.470001220703125,38.560001373291016,38.95000076293945,35.98257827758789,16035500.0
2019-05-01,GM,39.0,39.20000076293945,38.65999984741211,38.75,35.79781723022461,8843300.0
2019-05-02,GM,38.459999084472656,38.84000015258789,38.20000076293945,38.25,35.335906982421875,11291900.0
2019-05-03,GM,38.540000915527344,38.900001525878906,38.16999816894531,38.79999923706055,35.8440055847168,7201000.0
2019-05-06,GM,37.5,38.16999816894531,37.25,38.09000015258789,35.188087463378906,7506200.0
2019-05-07,GM,38.86000061035156,38.88999938964844,38.27000045776367,38.529998779296875,35.59457015991211,11257000.0
2019-05-08,GM,38.41999816894531,38.779998779296875,38.13999938964844,38.209999084472656,35.29895782470703,7082900.0
2019-05-09,GM,37.59000015258789,37.66999816894531,37.220001220703125,37.58000183105469,34.716957092285156,8898600.0
2019-05-10,GM,37.5,37.97999954223633,37.040000915527344,37.88999938964844,35.00334167480469,6440600.0
2019-05-13,GM,36.849998474121094,37.119998931884766,36.45000076293945,36.560001373291016,33.774662017822266,19454800.0
2019-05-14,GM,36.810001373291016,37.38999938964844,36.68000030517578,37.040000915527344,34.21809005737305,6534600.0
2019-05-15,GM,36.630001068115234,37.560001373291016,36.47999954223633,37.369998931884766,34.522953033447266,8190400.0
2019-05-16,GM,37.29999923706055,37.619998931884766,37.130001068115234,37.380001068115234,34.53219223022461,5734600.0
2019-05-17,GM,37.0099983215332,37.36000061035156,36.849998474121094,37.0,34.1811408996582,7970000.0
2019-05-20,GM,36.65999984741211,37.0,36.63999938964844,36.970001220703125,34.1534309387207,17521900.0
2019-05-21,GM,37.0,37.2400016784668,36.72999954223633,37.130001068115234,34.301231384277344,8387600.0
2019-05-22,GM,37.0,37.04999923706055,35.40999984741211,35.54999923706055,32.84161376953125,13264100.0
2019-05-23,GM,35.150001525878906,35.18000030517578,34.349998474121094,35.130001068115234,32.45359802246094,13746200.0
2019-05-24,GM,35.400001525878906,35.41999816894531,34.869998931884766,35.119998931884766,32.44437026977539,5262500.0
2019-05-28,GM,35.20000076293945,35.34000015258789,34.709999084472656,34.849998474121094,32.194942474365234,7895400.0
2019-05-29,GM,34.66999816894531,34.849998474121094,34.31999969482422,34.790000915527344,32.139503479003906,12911200.0
2019-05-30,GM,34.7599983215332,35.09000015258789,34.47999954223633,34.81999969482422,32.1672248840332,8550000.0
2019-05-31,GM,33.29999923706055,33.70000076293945,33.150001525878906,33.34000015258789,30.79998016357422,15779900.0
2019-06-03,GM,33.349998474121094,33.83000183105469,33.08000183105469,33.70000076293945,31.132553100585938,11019400.0
2019-06-04,GM,34.380001068115234,35.77000045776367,34.29999923706055,35.72999954223633,33.00788879394531,12875700.0
2019-06-05,GM,36.040000915527344,36.13999938964844,35.33000183105469,35.84000015258789,33.10951614379883,9605600.0
2019-06-06,GM,35.09000015258789,35.439998626708984,34.459999084472656,35.189998626708984,32.8574104309082,9749200.0
2019-06-07,GM,35.310001373291016,35.54999923706055,35.150001525878906,35.4900016784668,33.13752746582031,6561000.0
2019-06-10,GM,36.130001068115234,36.5099983215332,35.88999938964844,36.0099983215332,33.623050689697266,8498000.0
2019-06-11,GM,36.36000061035156,36.58000183105469,36.099998474121094,36.20000076293945,33.80046463012695,4652000.0
2019-06-12,GM,36.2599983215332,36.2599983215332,35.560001373291016,35.66999816894531,33.30559539794922,5509500.0
2019-06-13,GM,35.630001068115234,36.04999923706055,35.40999984741211,36.02000045776367,33.63240051269531,3917300.0
2019-06-14,GM,35.880001068115234,35.9900016784668,35.540000915527344,35.65999984741211,33.296260833740234,4953400.0
2019-06-17,GM,35.560001373291016,36.18000030517578,35.36000061035156,36.13999938964844,33.74443817138672,5454900.0
2019-06-18,GM,36.380001068115234,36.779998779296875,36.13999938964844,36.70000076293945,34.26731872558594,8226900.0
2019-06-19,GM,37.0,37.470001220703125,36.75,36.779998779296875,34.34201431274414,10884800.0
2019-06-20,GM,37.150001525878906,37.310001373291016,36.4900016784668,36.959999084472656,34.51007843017578,8639700.0
2019-06-21,GM,36.959999084472656,37.099998474121094,36.650001525878906,36.91999816894531,34.47273635864258,13004600.0
2019-06-24,GM,36.83000183105469,37.119998931884766,36.58000183105469,36.959999084472656,34.51007843017578,7449000.0
2019-06-25,GM,37.060001373291016,37.880001068115234,36.7400016784668,37.68000030517578,35.18236541748047,12930500.0
2019-06-26,GM,37.81999969482422,38.5,37.709999084472656,38.130001068115234,35.60253143310547,11911400.0
2019-06-27,GM,38.599998474121094,38.9900016784668,38.15999984741211,38.31999969482422,35.779945373535156,8106600.0
2019-06-28,GM,38.33000183105469,38.91999816894531,38.33000183105469,38.529998779296875,35.97601318359375,11480900.0
2019-07-01,GM,38.93000030517578,38.9900016784668,38.43000030517578,38.75,36.181434631347656,10218000.0
2019-07-02,GM,38.72999954223633,38.75,38.150001525878906,38.34000015258789,35.79860305786133,6679300.0
2019-07-03,GM,38.5,38.689998626708984,37.9900016784668,38.15999984741211,35.63054275512695,4409400.0
2019-07-05,GM,38.0,38.52000045776367,37.7400016784668,38.5,35.94800567626953,4851900.0
2019-07-08,GM,38.40999984741211,38.63999938964844,38.119998931884766,38.22999954223633,35.695899963378906,5787300.0
2019-07-09,GM,37.970001220703125,38.16999816894531,37.58000183105469,38.08000183105469,35.55583953857422,6204700.0
2019-07-10,GM,38.349998474121094,38.470001220703125,37.869998931884766,38.099998474121094,35.57452392578125,5153100.0
2019-07-11,GM,38.279998779296875,38.58000183105469,38.099998474121094,38.43000030517578,35.88263702392578,4598400.0
2019-07-12,GM,38.599998474121094,39.40999984741211,38.52000045776367,39.209999084472656,36.61094665527344,7164700.0
2019-07-15,GM,39.209999084472656,39.36000061035156,38.88999938964844,39.36000061035156,36.75100326538086,5448800.0
2019-07-16,GM,38.9900016784668,39.70000076293945,38.650001525878906,39.43000030517578,36.81635665893555,8584800.0
2019-07-17,GM,39.40999984741211,39.459999084472656,38.81999969482422,39.15999984741211,36.56425857543945,5727300.0
2019-07-18,GM,38.970001220703125,39.279998779296875,38.869998931884766,39.119998931884766,36.526912689208984,5713800.0
2019-07-19,GM,39.400001525878906,39.81999969482422,39.2400016784668,39.47999954223633,36.86305236816406,8194500.0
2019-07-22,GM,39.959999084472656,40.369998931884766,39.77000045776367,39.86000061035156,37.21786117553711,6812800.0
2019-07-23,GM,40.349998474121094,40.91999816894531,40.150001525878906,40.709999084472656,38.011512756347656,12584300.0
2019-07-24,GM,40.59000015258789,40.90999984741211,40.33000183105469,40.880001068115234,38.17024612426758,7318200.0
2019-07-25,GM,40.34000015258789,40.81999969482422,40.119998931884766,40.75,38.048866271972656,8304800.0
2019-07-26,GM,40.720001220703125,41.0,40.470001220703125,40.77000045776367,38.06753158569336,5705900.0
2019-07-29,GM,40.709999084472656,40.880001068115234,40.560001373291016,40.68000030517578,37.98350143432617,5711200.0
2019-07-30,GM,40.2599983215332,40.560001373291016,39.91999816894531,40.43000030517578,37.75006866455078,5436900.0
2019-07-31,GM,40.599998474121094,40.720001220703125,40.11000061035156,40.34000015258789,37.666038513183594,10155700.0
2019-08-01,GM,41.2599983215332,41.900001525878906,39.66999816894531,40.150001525878906,37.48863983154297,18102900.0
2019-08-02,GM,39.90999984741211,40.22999954223633,39.59000015258789,39.779998779296875,37.14316177368164,9144900.0
2019-08-05,GM,39.20000076293945,39.279998779296875,38.68000030517578,39.0099983215332,36.424198150634766,9478000.0
2019-08-06,GM,39.15999984741211,39.310001373291016,38.650001525878906,39.08000183105469,36.48956298828125,7104500.0
2019-08-07,GM,38.689998626708984,39.5,38.40999984741211,39.38999938964844,36.77900314331055,7924700.0
2019-08-08,GM,39.5,40.20000076293945,39.369998931884766,40.099998474121094,37.44194412231445,6204200.0
2019-08-09,GM,39.7599983215332,39.86000061035156,39.29999923706055,39.61000061035156,36.98443603515625,6125000.0
2019-08-12,GM,39.22999954223633,39.310001373291016,38.66999816894531,38.86000061035156,36.284141540527344,4130100.0
2019-08-13,GM,38.83000183105469,39.630001068115234,38.47999954223633,39.0099983215332,36.424198150634766,6318700.0
2019-08-14,GM,38.25,38.279998779296875,37.04999923706055,37.189998626708984,34.7248420715332,9878100.0
2019-08-15,GM,37.16999816894531,37.2400016784668,36.150001525878906,36.470001220703125,34.05256271362305,7904300.0
2019-08-16,GM,36.58000183105469,37.099998474121094,36.369998931884766,37.0,34.54743576049805,7171900.0
2019-08-19,GM,37.5099983215332,37.599998474121094,37.189998626708984,37.36000061035156,34.88357162475586,3899900.0
2019-08-20,GM,37.20000076293945,37.290000915527344,36.91999816894531,36.959999084472656,34.51007843017578,4110400.0
2019-08-21,GM,37.36000061035156,37.36000061035156,37.060001373291016,37.119998931884766,34.65948486328125,3791800.0
2019-08-22,GM,37.25,37.5099983215332,37.04999923706055,37.2599983215332,34.79019546508789,4044300.0
2019-08-23,GM,36.61000061035156,37.18000030517578,35.900001525878906,36.060001373291016,33.66975402832031,7834100.0
2019-08-26,GM,36.4900016784668,36.61000061035156,36.0099983215332,36.25,33.84714889526367,4838500.0
2019-08-27,GM,36.470001220703125,36.58000183105469,35.849998474121094,35.88999938964844,33.511016845703125,6221600.0
2019-08-28,GM,35.70000076293945,36.56999969482422,35.58000183105469,36.439998626708984,34.024559020996094,7284600.0
2019-08-29,GM,36.79999923706055,37.02000045776367,36.72999954223633,36.90999984741211,34.46339797973633,5123700.0
2019-08-30,GM,37.25,37.34000015258789,36.90999984741211,37.09000015258789,34.63147735595703,4599000.0
2019-09-03,GM,36.88999938964844,37.0099983215332,36.540000915527344,36.90999984741211,34.46339797973633,6093900.0
2019-09-04,GM,37.310001373291016,38.31999969482422,37.2400016784668,38.2400016784668,35.70524597167969,8105700.0
2019-09-05,GM,38.619998931884766,39.540000915527344,38.619998931884766,38.72999954223633,36.52572250366211,10747000.0
2019-09-06,GM,38.91999816894531,38.93000030517578,38.52000045776367,38.779998779296875,36.5728759765625,5012700.0
2019-09-09,GM,39.060001373291016,39.779998779296875,38.95000076293945,39.58000183105469,37.32734680175781,7543800.0
2019-09-10,GM,39.20000076293945,39.68000030517578,38.84000015258789,39.58000183105469,37.32734680175781,7233600.0
2019-09-11,GM,39.400001525878906,39.540000915527344,38.86000061035156,39.459999084472656,37.214176177978516,6991800.0
2019-09-12,GM,39.40999984741211,39.4900016784668,38.900001525878906,39.06999969482422,36.846370697021484,6982100.0
2019-09-13,GM,39.470001220703125,39.58000183105469,38.779998779296875,38.86000061035156,36.6483268737793,10133600.0
2019-09-16,GM,37.970001220703125,38.15999984741211,36.970001220703125,37.209999084472656,35.09223556518555,15650300.0
2019-09-17,GM,37.20000076293945,38.41999816894531,36.849998474121094,38.290000915527344,36.11077117919922,11349200.0
2019-09-18,GM,38.150001525878906,38.349998474121094,37.91999816894531,38.18000030517578,36.00703430175781,5949800.0
2019-09-19,GM,38.25,38.349998474121094,37.7400016784668,37.779998779296875,35.629791259765625,4924600.0
2019-09-20,GM,38.060001373291016,38.06999969482422,37.290000915527344,37.369998931884766,35.243125915527344,18762200.0
2019-09-23,GM,36.790000915527344,37.43000030517578,36.56999969482422,37.2400016784668,35.12052917480469,7044100.0
2019-09-24,GM,37.34000015258789,37.4900016784668,36.54999923706055,36.77000045776367,34.677276611328125,6965500.0
2019-09-25,GM,36.7599983215332,37.25,36.439998626708984,37.11000061035156,34.997928619384766,8414900.0
2019-09-26,GM,37.36000061035156,37.88999938964844,37.16999816894531,37.61000061035156,35.46946334838867,8301200.0
2019-09-27,GM,37.84000015258789,37.970001220703125,36.970001220703125,37.41999816894531,35.29026794433594,6879500.0
2019-09-30,GM,37.529998779296875,37.58000183105469,37.0099983215332,37.47999954223633,35.346866607666016,7477000.0
2019-10-01,GM,37.470001220703125,37.47999954223633,36.029998779296875,36.11000061035156,34.05483627319336,9991600.0
2019-10-02,GM,35.77000045776367,35.77000045776367,34.40999984741211,34.68000030517578,32.70623016357422,12940100.0
2019-10-03,GM,34.5099983215332,34.9900016784668,34.15999984741211,34.97999954223633,32.98915481567383,12044600.0
2019-10-04,GM,35.0,35.189998626708984,34.58000183105469,34.90999984741211,32.92313003540039,7037700.0
2019-10-07,GM,34.599998474121094,35.11000061035156,34.29999923706055,34.75,32.77224349975586,6640500.0
2019-10-08,GM,34.310001373291016,34.470001220703125,33.709999084472656,33.880001068115234,31.95176124572754,10686900.0
2019-10-09,GM,33.97999954223633,34.34000015258789,33.790000915527344,34.13999938964844,32.19696044921875,6329300.0
2019-10-10,GM,34.45000076293945,35.29999923706055,34.209999084472656,34.65999984741211,32.6873664855957,10914900.0
2019-10-11,GM,35.220001220703125,36.0,35.209999084472656,35.56999969482422,33.545570373535156,12177900.0
2019-10-14,GM,35.38999938964844,35.560001373291016,35.27000045776367,35.5,33.47955322265625,5630700.0
2019-10-15,GM,35.470001220703125,36.560001373291016,35.16999816894531,36.2599983215332,34.1963005065918,10249400.0
2019-10-16,GM,36.4900016784668,37.220001220703125,36.45000076293945,36.650001525878906,34.56410598754883,13294400.0
2019-10-17,GM,36.810001373291016,36.81999969482422,35.869998931884766,36.189998626708984,34.130287170410156,8122200.0
2019-10-18,GM,36.09000015258789,36.369998931884766,36.0099983215332,36.16999816894531,34.111427307128906,6858800.0
2019-10-21,GM,36.439998626708984,36.720001220703125,35.630001068115234,35.93000030517578,33.88507843017578,7039300.0
2019-10-22,GM,35.77000045776367,36.58000183105469,35.560001373291016,36.310001373291016,34.24345397949219,6730400.0
2019-10-23,GM,36.25,36.63999938964844,35.83000183105469,36.61000061035156,34.5263786315918,6413900.0
2019-10-24,GM,36.619998931884766,36.77000045776367,35.7400016784668,35.81999969482422,33.781349182128906,6718800.0
2019-10-25,GM,35.779998779296875,36.81999969482422,35.7599983215332,36.7400016784668,34.64897918701172,8735600.0
2019-10-28,GM,37.209999084472656,37.29999923706055,36.4900016784668,36.63999938964844,34.5546760559082,10645500.0
2019-10-29,GM,37.599998474121094,38.70000076293945,37.599998474121094,38.209999084472656,36.03532028198242,18562500.0
2019-10-30,GM,38.2599983215332,38.2599983215332,37.41999816894531,37.90999984741211,35.75238800048828,7393200.0
2019-10-31,GM,37.619998931884766,37.90999984741211,36.86000061035156,37.15999984741211,35.045082092285156,7652700.0
2019-11-01,GM,37.209999084472656,38.06999969482422,37.209999084472656,37.970001220703125,35.808982849121094,7925300.0
2019-11-04,GM,38.349998474121094,38.4900016784668,38.220001220703125,38.38999938964844,36.205081939697266,7782300.0
2019-11-05,GM,38.61000061035156,38.88999938964844,38.209999084472656,38.22999954223633,36.05419158935547,7317800.0
2019-11-06,GM,38.369998931884766,38.47999954223633,37.7599983215332,38.41999816894531,36.23336410522461,7280900.0
2019-11-07,GM,38.599998474121094,38.900001525878906,38.459999084472656,38.4900016784668,36.29939270019531,8070100.0
2019-11-08,GM,38.41999816894531,38.66999816894531,37.81999969482422,38.66999816894531,36.469139099121094,5913000.0
2019-11-11,GM,38.599998474121094,38.79999923706055,38.380001068115234,38.720001220703125,36.51628875732422,3907400.0
2019-11-12,GM,38.7400016784668,38.959999084472656,38.36000061035156,38.59000015258789,36.393699645996094,12687200.0
2019-11-13,GM,38.400001525878906,38.400001525878906,37.09000015258789,37.189998626708984,35.0733757019043,12447200.0
2019-11-14,GM,37.099998474121094,37.45000076293945,36.689998626708984,36.79999923706055,34.705570220947266,13019300.0
2019-11-15,GM,37.0,37.11000061035156,36.72999954223633,36.88999938964844,34.79044723510742,12358900.0
2019-11-18,GM,36.68000030517578,36.83000183105469,36.38999938964844,36.619998931884766,34.53581237792969,9766600.0
2019-11-19,GM,36.66999816894531,36.70000076293945,36.0099983215332,36.380001068115234,34.30949020385742,10534600.0
2019-11-20,GM,36.209999084472656,36.2599983215332,35.18000030517578,35.279998779296875,33.27207565307617,14056200.0
2019-11-21,GM,35.529998779296875,35.58000183105469,34.59000015258789,34.66999816894531,32.69679260253906,14379800.0
2019-11-22,GM,35.27000045776367,35.5,34.93000030517578,35.33000183105469,33.319244384765625,13566900.0
2019-11-25,GM,35.45000076293945,35.88999938964844,35.349998474121094,35.810001373291016,33.77191925048828,12208000.0
2019-11-26,GM,35.70000076293945,35.93000030517578,35.5099983215332,35.90999984741211,33.8662223815918,8245900.0
2019-11-27,GM,36.0099983215332,36.27000045776367,35.849998474121094,36.13999938964844,34.0831298828125,5838700.0
2019-11-29,GM,36.04999923706055,36.130001068115234,35.849998474121094,36.0,33.95110321044922,3927000.0
2019-12-02,GM,36.0099983215332,36.36000061035156,35.84000015258789,35.880001068115234,33.837928771972656,6782000.0
2019-12-03,GM,35.470001220703125,35.619998931884766,34.959999084472656,35.529998779296875,33.507850646972656,8211000.0
2019-12-04,GM,35.7400016784668,36.04999923706055,35.68000030517578,35.79999923706055,33.76247787475586,8962100.0
2019-12-05,GM,35.599998474121094,35.650001525878906,35.220001220703125,35.310001373291016,33.657630920410156,6892800.0
2019-12-06,GM,35.63999938964844,35.7599983215332,35.45000076293945,35.540000915527344,33.876869201660156,8404200.0
2019-12-09,GM,35.45000076293945,35.59000015258789,35.349998474121094,35.380001068115234,33.7243537902832,6922700.0
2019-12-10,GM,35.349998474121094,35.380001068115234,34.959999084472656,35.11000061035156,33.46699523925781,7594600.0
2019-12-11,GM,35.130001068115234,35.40999984741211,35.099998474121094,35.2400016784668,33.59090805053711,7754200.0
2019-12-12,GM,35.34000015258789,36.290000915527344,35.2400016784668,36.099998474121094,34.41065979003906,11352800.0
2019-12-13,GM,36.15999984741211,36.34000015258789,35.61000061035156,35.650001525878906,33.981719970703125,8276000.0
2019-12-16,GM,35.81999969482422,36.2400016784668,35.650001525878906,36.11000061035156,34.42019271850586,11233700.0
2019-12-17,GM,36.20000076293945,36.38999938964844,36.11000061035156,36.310001373291016,34.61083221435547,8869800.0
2019-12-18,GM,36.34000015258789,37.43000030517578,36.33000183105469,37.310001373291016,35.56404113769531,12651000.0
2019-12-19,GM,37.310001373291016,37.36000061035156,36.84000015258789,37.2599983215332,35.516380310058594,10774000.0
2019-12-20,GM,37.540000915527344,37.619998931884766,37.189998626708984,37.25,35.50684356689453,13976100.0
2019-12-23,GM,37.38999938964844,37.40999984741211,36.630001068115234,36.77000045776367,35.0493049621582,8754500.0
2019-12-24,GM,36.72999954223633,36.7400016784668,36.5,36.58000183105469,34.868202209472656,2924200.0
2019-12-26,GM,36.59000015258789,36.599998474121094,36.33000183105469,36.47999954223633,34.77287673950195,5439700.0
2019-12-27,GM,36.560001373291016,36.709999084472656,36.43000030517578,36.560001373291016,34.84914016723633,5753500.0
2019-12-30,GM,36.5,36.63999938964844,36.20000076293945,36.439998626708984,34.73474884033203,5353900.0
2019-12-31,GM,36.369998931884766,36.7400016784668,36.31999969482422,36.599998474121094,34.88726043701172,5160200.0
2020-01-02,GM,37.0,37.380001068115234,36.54999923706055,37.380001068115234,35.63076400756836,7454400.0
2020-01-03,GM,36.72999954223633,36.91999816894531,36.11000061035156,36.31999969482422,34.620365142822266,9173000.0
2020-01-06,GM,35.95000076293945,36.18000030517578,35.79999923706055,35.84000015258789,34.1628303527832,8408200.0
2020-01-07,GM,35.75,35.84000015258789,34.7400016784668,35.150001525878906,33.505123138427734,17556800.0
2020-01-08,GM,35.040000915527344,35.20000076293945,34.40999984741211,34.650001525878906,33.02851486206055,13229400.0
2020-01-09,GM,34.9900016784668,35.099998474121094,34.529998779296875,35.08000183105469,33.43840026855469,9610400.0
2020-01-10,GM,35.150001525878906,36.45000076293945,34.5099983215332,34.650001525878906,33.02851486206055,9644900.0
2020-01-13,GM,34.689998626708984,35.0,34.4900016784668,34.97999954223633,33.34306716918945,7465700.0
2020-01-14,GM,35.0,35.349998474121094,34.959999084472656,35.150001525878906,33.505123138427734,6827100.0
2020-01-15,GM,35.0,35.31999969482422,34.88999938964844,35.150001525878906,33.505123138427734,7173900.0
2020-01-16,GM,35.209999084472656,35.58000183105469,35.150001525878906,35.54999923706055,33.88639831542969,7280800.0
2020-01-17,GM,35.56999969482422,35.72999954223633,35.40999984741211,35.599998474121094,33.93405532836914,9871700.0
2020-01-21,GM,35.36000061035156,35.54999923706055,34.959999084472656,34.9900016784668,33.352603912353516,11550500.0
2020-01-22,GM,35.130001068115234,35.349998474121094,34.86000061035156,34.90999984741211,33.276344299316406,7358400.0
2020-01-23,GM,34.77000045776367,34.9900016784668,34.0099983215332,34.880001068115234,33.24774932861328,8595200.0
2020-01-24,GM,34.900001525878906,34.9900016784668,34.0099983215332,34.310001373291016,32.70442581176758,9386600.0
2020-01-27,GM,33.630001068115234,33.7599983215332,33.16999816894531,33.40999984741211,31.846548080444336,10359100.0
2020-01-28,GM,33.56999969482422,33.86000061035156,33.34000015258789,33.63999938964844,32.0657844543457,8871000.0
2020-01-29,GM,33.79999923706055,34.040000915527344,33.59000015258789,33.599998474121094,32.027652740478516,6977700.0
2020-01-30,GM,33.400001525878906,33.45000076293945,32.970001220703125,33.33000183105469,31.77029037475586,11533000.0
2020-01-31,GM,33.25,33.4900016784668,33.13999938964844,33.38999938964844,31.827478408813477,18631400.0
2020-02-03,GM,33.560001373291016,34.34000015258789,33.52000045776367,33.720001220703125,32.14203643798828,17934700.0
2020-02-04,GM,34.349998474121094,34.81999969482422,34.20000076293945,34.369998931884766,32.761619567871094,14346300.0
2020-02-05,GM,34.900001525878906,35.45000076293945,34.189998626708984,35.029998779296875,33.39073181152344,19050400.0
2020-02-06,GM,35.04999923706055,35.099998474121094,34.25,34.33000183105469,32.72349548339844,11866300.0
2020-02-07,GM,34.08000183105469,34.15999984741211,33.41999816894531,33.630001068115234,32.05624771118164,14437100.0
2020-02-10,GM,33.9900016784668,34.29999923706055,33.66999816894531,34.25,32.64724349975586,12260600.0
2020-02-11,GM,34.34000015258789,35.2599983215332,34.06999969482422,35.0099983215332,33.371665954589844,12718600.0
2020-02-12,GM,35.33000183105469,35.790000915527344,35.130001068115234,35.4900016784668,33.82921600341797,12076300.0
2020-02-13,GM,35.209999084472656,35.529998779296875,35.15999984741211,35.290000915527344,33.638572692871094,7578400.0
2020-02-14,GM,35.29999923706055,35.38999938964844,34.41999816894531,34.7599983215332,33.13336944580078,8946000.0
2020-02-18,GM,34.25,34.7400016784668,33.959999084472656,34.40999984741211,32.799747467041016,10531000.0
2020-02-19,GM,34.529998779296875,35.099998474121094,34.52000045776367,34.91999816894531,33.285884857177734,9079500.0
2020-02-20,GM,34.65999984741211,35.400001525878906,34.59000015258789,35.290000915527344,33.638572692871094,7817900.0
2020-02-21,GM,34.9900016784668,35.08000183105469,34.40999984741211,34.650001525878906,33.02851486206055,8431500.0
2020-02-24,GM,33.63999938964844,33.75,32.790000915527344,33.09000015258789,31.541515350341797,14743100.0
2020-02-25,GM,33.25,33.279998779296875,31.399999618530273,31.75,30.264225006103516,14621900.0
2020-02-26,GM,32.099998474121094,32.61000061035156,31.889999389648438,32.0,30.502525329589844,14421900.0
2020-02-27,GM,31.299999237060547,31.920000076293945,30.549999237060547,30.709999084472656,29.27289390563965,14940400.0
2020-02-28,GM,29.780000686645508,30.5,29.329999923706055,30.5,29.072717666625977,20827000.0
2020-03-02,GM,30.520000457763672,31.450000762939453,29.739999771118164,31.420000076293945,29.949663162231445,14994600.0
2020-03-03,GM,31.5,32.29999923706055,30.260000228881836,30.520000457763672,29.091785430908203,15816200.0
2020-03-04,GM,31.0,31.56999969482422,30.360000610351562,31.530000686645508,30.054519653320312,16227800.0
2020-03-05,GM,30.540000915527344,30.770000457763672,30.010000228881836,30.100000381469727,29.041446685791016,17921300.0
2020-03-06,GM,29.209999084472656,29.540000915527344,28.450000762939453,28.690000534057617,27.681032180786133,20009500.0
2020-03-09,GM,26.0,26.1200008392334,24.149999618530273,24.690000534057617,23.821704864501953,28350600.0
2020-03-10,GM,25.979999542236328,27.139999389648438,24.59000015258789,27.1200008392334,26.166248321533203,18287700.0
2020-03-11,GM,26.0,26.6200008392334,25.760000228881836,26.0,25.085634231567383,21309700.0
2020-03-12,GM,23.600000381469727,24.350000381469727,22.5,23.040000915527344,22.2297306060791,20344500.0
2020-03-13,GM,24.600000381469727,25.329999923706055,22.899999618530273,24.709999084472656,23.84099769592285,17909800.0
2020-03-16,GM,21.510000228881836,22.40999984741211,21.0,21.0,20.261474609375,18056800.0
2020-03-17,GM,21.309999465942383,21.579999923706055,19.5,20.31999969482422,19.605388641357422,23544400.0
2020-03-18,GM,18.829999923706055,19.049999237060547,14.329999923706055,16.799999237060547,16.20917510986328,39591100.0
2020-03-19,GM,16.34000015258789,18.989999771118164,15.0,17.709999084472656,17.087175369262695,34361800.0
2020-03-20,GM,18.420000076293945,18.959999084472656,17.68000030517578,18.139999389648438,17.502052307128906,35702000.0
2020-03-23,GM,18.010000228881836,18.559999465942383,17.229999542236328,17.600000381469727,16.981042861938477,25419700.0
2020-03-24,GM,19.31999969482422,21.670000076293945,18.600000381469727,21.110000610351562,20.36760711669922,24082900.0
2020-03-25,GM,23.0,23.149999618530273,21.0,21.489999771118164,20.73423957824707,27617200.0
2020-03-26,GM,21.639999389648438,22.969999313354492,21.059999465942383,22.559999465942383,21.7666072845459,16959000.0
2020-03-27,GM,21.3700008392334,21.959999084472656,20.739999771118164,21.3799991607666,20.62810707092285,18349700.0
2020-03-30,GM,22.309999465942383,22.479999542236328,20.6299991607666,21.31999969482422,20.570219039916992,18477800.0
2020-03-31,GM,20.969999313354492,22.209999084472656,20.549999237060547,20.780000686645508,20.049213409423828,20303000.0
2020-04-01,GM,19.5,20.170000076293945,18.989999771118164,19.260000228881836,18.582664489746094,17467100.0
2020-04-02,GM,19.100000381469727,19.690000534057617,17.790000915527344,18.190000534057617,17.550296783447266,17920600.0
2020-04-03,GM,18.399999618530273,18.780000686645508,17.850000381469727,18.040000915527344,17.40557289123535,13835500.0
2020-04-06,GM,19.100000381469727,19.760000228881836,18.549999237060547,19.549999237060547,18.862462997436523,22442100.0
2020-04-07,GM,21.270000457763672,22.209999084472656,20.709999084472656,21.299999237060547,20.55092430114746,30405600.0
2020-04-08,GM,21.739999771118164,23.600000381469727,21.469999313354492,23.1299991607666,22.316566467285156,23774400.0
2020-04-09,GM,24.15999984741211,24.989999771118164,23.579999923706055,24.059999465942383,23.21385955810547,22490500.0
2020-04-13,GM,24.040000915527344,24.100000381469727,22.719999313354492,23.010000228881836,22.20078468322754,14802600.0
2020-04-14,GM,23.600000381469727,23.770000457763672,22.670000076293945,22.979999542236328,22.171844482421875,12654700.0
2020-04-15,GM,21.920000076293945,22.270000457763672,21.469999313354492,21.65999984741211,20.898263931274414,12760900.0
2020-04-16,GM,21.639999389648438,21.649999618530273,20.559999465942383,20.8700008392334,20.136045455932617,11501700.0
2020-04-17,GM,21.920000076293945,22.540000915527344,21.829999923706055,22.479999542236328,21.689424514770508,17166300.0
2020-04-20,GM,21.719999313354492,22.639999389648438,21.440000534057617,22.3799991607666,21.592939376831055,15912400.0
2020-04-21,GM,21.270000457763672,21.889999389648438,20.979999542236328,21.239999771118164,20.493030548095703,13507300.0
2020-04-22,GM,21.649999618530273,21.780000686645508,21.06999969482422,21.299999237060547,20.55092430114746,9547300.0
2020-04-23,GM,21.549999237060547,22.059999465942383,21.450000762939453,21.520000457763672,20.7631893157959,10673000.0
2020-04-24,GM,21.709999084472656,22.239999771118164,21.540000915527344,21.950000762939453,21.17806625366211,11990500.0
2020-04-27,GM,21.520000457763672,22.56999969482422,21.139999389648438,22.450000762939453,21.66048240661621,20240600.0
2020-04-28,GM,23.18000030517578,23.399999618530273,22.100000381469727,22.18000030517578,21.399974822998047,22085500.0
2020-04-29,GM,22.75,24.56999969482422,22.68000030517578,23.780000686645508,22.94370460510254,23541000.0
2020-04-30,GM,23.440000534057617,23.440000534057617,22.25,22.290000915527344,21.506103515625,15272400.0
2020-05-01,GM,21.649999618530273,21.760000228881836,20.799999237060547,20.899999618530273,20.16499137878418,17874500.0
2020-05-04,GM,20.450000762939453,20.8799991607666,20.1200008392334,20.75,20.020265579223633,16188800.0
2020-05-05,GM,21.25,21.969999313354492,21.1200008392334,21.260000228881836,20.512331008911133,17802300.0
2020-05-06,GM,23.049999237060547,23.649999618530273,21.829999923706055,21.889999389648438,21.12017250061035,34430500.0
2020-05-07,GM,22.18000030517578,22.979999542236328,22.030000686645508,22.440000534057617,21.65083122253418,16977100.0
2020-05-08,GM,23.06999969482422,24.0,23.049999237060547,23.93000030517578,23.088436126708984,16554500.0
2020-05-11,GM,23.25,23.389999389648438,22.59000015258789,22.799999237060547,21.998170852661133,16754000.0
2020-05-12,GM,22.989999771118164,23.270000457763672,22.549999237060547,22.559999465942383,21.7666072845459,12182900.0
2020-05-13,GM,22.440000534057617,22.450000762939453,21.1299991607666,21.459999084472656,20.705297470092773,16832600.0
2020-05-14,GM,20.65999984741211,22.34000015258789,20.489999771118164,22.309999465942383,21.525405883789062,15629100.0
2020-05-15,GM,21.969999313354492,22.68000030517578,21.829999923706055,22.6299991607666,21.834144592285156,14221300.0
2020-05-18,GM,24.0,25.209999084472656,24.0,24.809999465942383,23.937482833862305,23277000.0
2020-05-19,GM,24.75,25.700000762939453,24.290000915527344,24.690000534057617,23.821704864501953,18484600.0
2020-05-20,GM,25.309999465942383,25.889999389648438,25.219999313354492,25.479999542236328,24.583919525146484,14056800.0
2020-05-21,GM,25.290000915527344,26.020000457763672,25.209999084472656,25.799999237060547,24.892663955688477,14320700.0
2020-05-22,GM,25.989999771118164,26.229999542236328,25.219999313354492,25.979999542236328,25.066333770751953,14317400.0
2020-05-26,GM,27.81999969482422,27.889999389648438,27.25,27.399999618530273,26.436397552490234,18870500.0
2020-05-27,GM,28.530000686645508,28.829999923706055,26.90999984741211,27.790000915527344,26.81268310546875,15030700.0
2020-05-28,GM,27.860000610351562,27.940000534057617,26.600000381469727,26.68000030517578,25.741724014282227,11641000.0
2020-05-29,GM,26.350000381469727,26.56999969482422,25.690000534057617,25.8799991607666,24.969850540161133,22203900.0
2020-06-01,GM,25.989999771118164,27.219999313354492,25.90999984741211,26.940000534057617,25.992578506469727,10452800.0
2020-06-02,GM,27.31999969482422,27.6200008392334,26.950000762939453,27.40999984741211,26.446048736572266,10953800.0
2020-06-03,GM,28.420000076293945,29.1299991607666,28.25,29.06999969482422,28.04766845703125,16860900.0
2020-06-04,GM,28.860000610351562,29.440000534057617,28.520000457763672,29.15999984741211,28.134506225585938,16328800.0
2020-06-05,GM,31.0,31.149999618530273,29.809999465942383,30.610000610351562,29.533510208129883,29418600.0
2020-06-08,GM,31.219999313354492,31.65999984741211,30.600000381469727,30.68000030517578,29.60104751586914,15234200.0
2020-06-09,GM,29.399999618530273,30.219999313354492,28.709999084472656,29.860000610351562,28.809886932373047,16945500.0
2020-06-10,GM,29.799999237060547,29.84000015258789,28.420000076293945,28.75,27.738920211791992,15648000.0
2020-06-11,GM,26.6200008392334,27.799999237060547,26.290000915527344,26.5,25.568052291870117,19121900.0
2020-06-12,GM,28.719999313354492,28.959999084472656,27.06999969482422,27.959999084472656,26.97670555114746,21587200.0
2020-06-15,GM,26.610000610351562,28.100000381469727,26.56999969482422,27.770000457763672,26.793386459350586,15321200.0
2020-06-16,GM,29.110000610351562,29.18000030517578,27.479999542236328,27.780000686645508,26.803030014038086,17466100.0
2020-06-17,GM,27.780000686645508,28.049999237060547,27.1299991607666,27.15999984741211,26.2048397064209,11123800.0
2020-06-18,GM,26.899999618530273,27.549999237060547,26.709999084472656,27.09000015258789,26.137300491333008,11086400.0
2020-06-19,GM,27.739999771118164,27.829999923706055,26.329999923706055,26.59000015258789,25.654888153076172,27880400.0
2020-06-22,GM,26.600000381469727,26.639999389648438,25.850000381469727,26.3700008392334,25.442625045776367,13079500.0
2020-06-23,GM,26.75,26.850000381469727,26.229999542236328,26.25,25.326839447021484,12455400.0
2020-06-24,GM,25.850000381469727,25.979999542236328,25.010000228881836,25.280000686645508,24.390953063964844,14887800.0
2020-06-25,GM,25.0,25.290000915527344,24.540000915527344,25.229999542236328,24.34271240234375,14328300.0
2020-06-26,GM,25.0,25.110000610351562,24.25,24.459999084472656,23.599788665771484,16476800.0
2020-06-29,GM,24.709999084472656,25.350000381469727,24.479999542236328,25.299999237060547,24.410253524780273,10011700.0
2020-06-30,GM,25.09000015258789,25.600000381469727,24.739999771118164,25.299999237060547,24.410253524780273,14322000.0
2020-07-01,GM,25.299999237060547,25.940000534057617,24.93000030517578,24.959999084472656,24.08220863342285,11963000.0
2020-07-02,GM,25.6200008392334,25.850000381469727,25.079999923706055,25.239999771118164,24.352359771728516,22202300.0
2020-07-06,GM,25.959999084472656,26.040000915527344,25.43000030517578,25.729999542236328,24.82512855529785,9172100.0
2020-07-07,GM,25.59000015258789,25.6299991607666,25.059999465942383,25.1299991607666,24.246227264404297,11950500.0
2020-07-08,GM,25.190000534057617,25.260000228881836,24.670000076293945,24.940000534057617,24.062911987304688,11111600.0
2020-07-09,GM,24.760000228881836,24.829999923706055,23.329999923706055,23.420000076293945,22.59636878967285,17778200.0
2020-07-10,GM,23.549999237060547,24.399999618530273,23.329999923706055,24.389999389648438,23.532255172729492,15660000.0
2020-07-13,GM,24.649999618530273,25.190000534057617,24.3700008392334,24.860000610351562,23.98572540283203,14766800.0
2020-07-14,GM,24.799999237060547,25.850000381469727,24.670000076293945,25.639999389648438,24.73829460144043,16477100.0
2020-07-15,GM,26.31999969482422,27.030000686645508,26.1299991607666,26.8799991607666,25.934682846069336,14893700.0
2020-07-16,GM,26.350000381469727,27.190000534057617,26.260000228881836,26.850000381469727,25.905744552612305,9736400.0
2020-07-17,GM,26.989999771118164,27.0,26.25,26.450000762939453,25.51980972290039,8116100.0
2020-07-20,GM,26.209999084472656,26.540000915527344,25.770000457763672,26.010000228881836,25.09528160095215,8663500.0
2020-07-21,GM,26.170000076293945,26.479999542236328,25.969999313354492,26.149999618530273,25.23036003112793,9738200.0
2020-07-22,GM,25.8700008392334,26.5,25.799999237060547,26.299999237060547,25.375083923339844,10702600.0
2020-07-23,GM,26.440000534057617,27.329999923706055,26.329999923706055,26.760000228881836,25.81890869140625,13653500.0
2020-07-24,GM,26.600000381469727,26.8799991607666,26.110000610351562,26.25,25.326839447021484,8584800.0
2020-07-27,GM,25.8799991607666,25.920000076293945,25.309999465942383,25.700000762939453,24.796184539794922,16598100.0
2020-07-28,GM,25.780000686645508,26.75,25.690000534057617,26.329999923706055,25.404027938842773,12854300.0
2020-07-29,GM,27.040000915527344,27.049999237060547,24.93000030517578,25.889999389648438,24.97949981689453,28792100.0
2020-07-30,GM,25.1299991607666,25.459999084472656,25.020000457763672,25.200000762939453,24.31376838684082,16012000.0
2020-07-31,GM,25.1200008392334,25.149999618530273,24.440000534057617,24.889999389648438,24.014671325683594,17789000.0
2020-08-03,GM,25.059999465942383,25.770000457763672,24.81999969482422,25.639999389648438,24.73829460144043,10441200.0
2020-08-04,GM,25.8700008392334,26.030000686645508,25.510000228881836,25.799999237060547,24.892663955688477,15728800.0
2020-08-05,GM,26.200000762939453,26.350000381469727,25.8799991607666,26.329999923706055,25.404027938842773,9075100.0
2020-08-06,GM,26.170000076293945,27.190000534057617,26.149999618530273,26.6200008392334,25.68383026123047,14171800.0
2020-08-07,GM,26.479999542236328,26.809999465942383,26.170000076293945,26.719999313354492,25.780315399169922,8038600.0
2020-08-10,GM,26.90999984741211,28.059999465942383,26.860000610351562,27.979999542236328,26.996002197265625,10853600.0
2020-08-11,GM,28.469999313354492,29.350000381469727,28.440000534057617,28.520000457763672,27.517011642456055,17260200.0
2020-08-12,GM,28.989999771118164,29.75,27.780000686645508,28.030000686645508,27.04424476623535,10060800.0
2020-08-13,GM,27.729999542236328,28.219999313354492,27.5,27.549999237060547,26.58112144470215,7586100.0
2020-08-14,GM,27.290000915527344,28.1299991607666,27.149999618530273,27.860000610351562,26.88022232055664,8587700.0
2020-08-17,GM,28.600000381469727,30.780000686645508,28.43000030517578,30.010000228881836,28.95461082458496,33827800.0
2020-08-18,GM,30.549999237060547,31.1200008392334,29.790000915527344,29.84000015258789,28.790592193603516,23102800.0
2020-08-19,GM,29.649999618530273,30.030000686645508,29.079999923706055,29.219999313354492,28.19239616394043,14504200.0
2020-08-20,GM,28.700000762939453,29.170000076293945,28.639999389648438,28.829999923706055,27.816110610961914,9680200.0
2020-08-21,GM,28.739999771118164,28.950000762939453,28.43000030517578,28.559999465942383,27.555604934692383,9841200.0
2020-08-24,GM,29.280000686645508,30.760000228881836,28.989999771118164,30.309999465942383,29.24405860900879,20137900.0
2020-08-25,GM,30.399999618530273,30.729999542236328,29.479999542236328,29.690000534057617,28.645864486694336,13006700.0
2020-08-26,GM,29.780000686645508,29.829999923706055,29.1200008392334,29.479999542236328,28.443246841430664,9740000.0
2020-08-27,GM,29.600000381469727,30.239999771118164,29.520000457763672,29.690000534057617,28.645864486694336,8745400.0
2020-08-28,GM,29.860000610351562,30.229999542236328,29.639999389648438,30.020000457763672,28.96426010131836,9180200.0
2020-08-31,GM,30.020000457763672,30.190000534057617,29.610000610351562,29.6299991607666,28.587970733642578,9585200.0
2020-09-01,GM,29.530000686645508,29.850000381469727,29.34000015258789,29.790000915527344,28.742351531982422,9007100.0
2020-09-02,GM,29.850000381469727,31.09000015258789,29.799999237060547,30.959999084472656,29.871198654174805,16246200.0
2020-09-03,GM,30.93000030517578,31.520000457763672,29.1299991607666,29.479999542236328,28.443246841430664,22358100.0
2020-09-04,GM,29.93000030517578,30.3700008392334,29.360000610351562,30.0,28.944963455200195,13822000.0
2020-09-08,GM,31.719999313354492,33.33000183105469,31.049999237060547,32.380001068115234,31.24126625061035,52000000.0
2020-09-09,GM,32.11000061035156,32.75,31.729999542236328,31.950000762939453,30.826387405395508,22375200.0
2020-09-10,GM,31.81999969482422,31.8799991607666,30.139999389648438,30.170000076293945,29.108983993530273,24845100.0
2020-09-11,GM,30.299999237060547,30.56999969482422,29.8700008392334,30.459999084472656,29.388790130615234,13638700.0
2020-09-14,GM,30.719999313354492,31.559999465942383,30.540000915527344,31.18000030517578,30.083463668823242,11972100.0
2020-09-15,GM,31.360000610351562,33.13999938964844,30.829999923706055,31.579999923706055,30.469398498535156,21096300.0
2020-09-16,GM,32.68000030517578,32.790000915527344,31.739999771118164,31.790000915527344,30.672014236450195,16397800.0
2020-09-17,GM,31.309999465942383,31.950000762939453,30.950000762939453,31.920000076293945,30.797441482543945,11459900.0
2020-09-18,GM,31.850000381469727,32.04999923706055,31.360000610351562,31.5,30.392208099365234,15039900.0
2020-09-21,GM,30.299999237060547,30.420000076293945,29.15999984741211,30.0,28.944963455200195,20577900.0
2020-09-22,GM,29.850000381469727,30.360000610351562,29.329999923706055,29.440000534057617,28.40465545654297,11106800.0
2020-09-23,GM,29.489999771118164,29.989999771118164,29.200000762939453,29.34000015258789,28.30817413330078,10899600.0
2020-09-24,GM,29.049999237060547,29.59000015258789,28.239999771118164,29.110000610351562,28.086259841918945,12393700.0
2020-09-25,GM,28.860000610351562,29.219999313354492,28.559999465942383,29.0,27.98012924194336,9350400.0
2020-09-28,GM,29.81999969482422,30.040000915527344,29.3799991607666,29.440000534057617,28.40465545654297,8395700.0
2020-09-29,GM,29.270000457763672,29.399999618530273,28.5,28.739999771118164,27.72927474975586,7419900.0
2020-09-30,GM,28.889999389648438,29.81999969482422,28.889999389648438,29.59000015258789,28.549379348754883,11522000.0
2020-10-01,GM,29.520000457763672,30.510000228881836,29.149999618530273,30.3799991607666,29.31159782409668,15052900.0
2020-10-02,GM,29.649999618530273,30.899999618530273,29.59000015258789,30.459999084472656,29.388790130615234,9474000.0
2020-10-05,GM,30.850000381469727,31.290000915527344,30.799999237060547,30.959999084472656,29.871198654174805,8314100.0
2020-10-06,GM,31.270000457763672,31.450000762939453,30.299999237060547,30.399999618530273,29.33089256286621,10293700.0
2020-10-07,GM,30.850000381469727,31.760000228881836,30.809999465942383,31.6200008392334,30.507991790771484,11794500.0
2020-10-08,GM,31.899999618530273,32.63999938964844,31.799999237060547,32.209999084472656,31.077238082885742,17323300.0
2020-10-09,GM,32.29999923706055,32.68000030517578,32.02000045776367,32.15999984741211,31.028995513916016,9411700.0
2020-10-12,GM,32.36000061035156,32.66999816894531,32.119998931884766,32.209999084472656,31.077238082885742,6932600.0
2020-10-13,GM,32.130001068115234,32.279998779296875,31.469999313354492,31.8700008392334,30.74920082092285,7842100.0
2020-10-14,GM,32.08000183105469,32.2400016784668,31.530000686645508,31.670000076293945,30.556228637695312,8006200.0
2020-10-15,GM,30.989999771118164,32.689998626708984,30.950000762939453,32.59000015258789,31.44388198852539,11829800.0
2020-10-16,GM,32.880001068115234,33.470001220703125,32.68000030517578,33.45000076293945,32.27363204956055,11947300.0
2020-10-19,GM,33.5,33.869998931884766,33.04999923706055,33.349998474121094,32.17715072631836,10527300.0
2020-10-20,GM,33.959999084472656,36.369998931884766,33.77000045776367,35.599998474121094,34.34801483154297,38660900.0
2020-10-21,GM,36.099998474121094,36.279998779296875,35.130001068115234,35.77000045776367,34.51203918457031,23277900.0
2020-10-22,GM,35.900001525878906,37.43000030517578,35.880001068115234,37.40999984741211,36.09436798095703,23288900.0
2020-10-23,GM,37.4900016784668,38.029998779296875,36.779998779296875,36.83000183105469,35.53477096557617,16296300.0
2020-10-26,GM,36.27000045776367,36.43000030517578,35.20000076293945,35.81999969482422,34.56028366088867,15448100.0
2020-10-27,GM,35.54999923706055,35.849998474121094,34.75,34.88999938964844,33.662994384765625,11168600.0
2020-10-28,GM,33.72999954223633,34.630001068115234,33.54999923706055,34.09000015258789,32.8911247253418,15010800.0
2020-10-29,GM,34.5099983215332,35.65999984741211,34.36000061035156,34.88999938964844,33.662994384765625,14230400.0
2020-10-30,GM,34.459999084472656,35.029998779296875,33.959999084472656,34.529998779296875,33.315650939941406,13074000.0
2020-11-02,GM,35.119998931884766,35.380001068115234,34.380001068115234,34.54999923706055,33.33494186401367,14648400.0
2020-11-03,GM,35.099998474121094,35.9900016784668,34.88999938964844,35.349998474121094,34.106807708740234,11439100.0
2020-11-04,GM,35.310001373291016,35.77000045776367,34.22999954223633,35.2400016784668,34.00068283081055,14740600.0
2020-11-05,GM,36.900001525878906,37.25,35.34000015258789,37.13999938964844,35.833858489990234,35075000.0
2020-11-06,GM,37.5,38.13999938964844,37.0099983215332,37.470001220703125,36.15226364135742,18089200.0
2020-11-09,GM,38.720001220703125,39.720001220703125,38.630001068115234,38.959999084472656,37.5898551940918,22100800.0
2020-11-10,GM,39.75,41.59000015258789,39.560001373291016,41.08000183105469,39.63530349731445,26746900.0
2020-11-11,GM,41.290000915527344,41.77000045776367,40.11000061035156,40.560001373291016,39.13359832763672,19841100.0
2020-11-12,GM,40.11000061035156,40.2400016784668,38.810001373291016,39.31999969482422,37.93719482421875,20239900.0
2020-11-13,GM,39.689998626708984,41.31999969482422,39.599998474121094,41.189998626708984,39.74142837524414,15004300.0
2020-11-16,GM,41.77000045776367,42.150001525878906,40.91999816894531,42.130001068115234,40.648372650146484,16692100.0
2020-11-17,GM,41.849998474121094,42.540000915527344,41.13999938964844,41.97999954223633,40.5036506652832,16088200.0
2020-11-18,GM,42.189998626708984,44.130001068115234,42.060001373291016,42.720001220703125,41.21763229370117,27632500.0
2020-11-19,GM,42.61000061035156,43.189998626708984,42.18000030517578,42.81999969482422,41.314109802246094,17214500.0
2020-11-20,GM,42.810001373291016,43.31999969482422,42.369998931884766,43.040000915527344,41.5263786315918,16881200.0
2020-11-23,GM,43.959999084472656,45.15999984741211,43.560001373291016,44.77000045776367,43.195533752441406,22569600.0
2020-11-24,GM,45.90999984741211,46.709999084472656,45.06999969482422,46.459999084472656,44.82609558105469,20048700.0
2020-11-25,GM,45.61000061035156,46.060001373291016,44.63999938964844,45.459999084472656,43.86125946044922,16122300.0
2020-11-27,GM,45.349998474121094,45.59000015258789,44.75,45.060001373291016,43.4753303527832,7528800.0
2020-11-30,GM,44.959999084472656,45.31999969482422,43.619998931884766,43.84000015258789,42.29823684692383,21600500.0
2020-12-01,GM,44.779998779296875,45.45000076293945,44.0,44.68000030517578,43.10869598388672,12984400.0
2020-12-02,GM,44.0,44.599998474121094,43.66999816894531,44.58000183105469,43.01220703125,11280700.0
2020-12-03,GM,44.790000915527344,44.869998931884766,43.959999084472656,44.09000015258789,42.53944778442383,13437800.0
2020-12-04,GM,44.400001525878906,44.7400016784668,44.130001068115234,44.400001525878906,42.83855056762695,11895200.0
2020-12-07,GM,44.400001525878906,44.400001525878906,43.58000183105469,44.310001373291016,42.751712799072266,9207500.0
2020-12-08,GM,43.720001220703125,44.18000030517578,43.41999816894531,43.79999923706055,42.2596435546875,10160400.0
2020-12-09,GM,44.130001068115234,44.54999923706055,43.90999984741211,44.43000030517578,42.86748123168945,12470500.0
2020-12-10,GM,43.83000183105469,43.880001068115234,42.459999084472656,42.869998931884766,41.36234664916992,18235600.0
2020-12-11,GM,42.47999954223633,42.68000030517578,41.619998931884766,41.91999816894531,40.44575881958008,15555600.0
2020-12-14,GM,42.4900016784668,42.540000915527344,41.41999816894531,41.619998931884766,40.15630340576172,9995700.0
2020-12-15,GM,41.9900016784668,42.15999984741211,41.310001373291016,41.65999984741211,40.19490432739258,12510300.0
2020-12-16,GM,41.790000915527344,41.869998931884766,40.810001373291016,41.41999816894531,39.963348388671875,15134100.0
2020-12-17,GM,41.709999084472656,42.029998779296875,41.43000030517578,42.029998779296875,40.55188751220703,12081600.0
2020-12-18,GM,42.02000045776367,42.04999923706055,40.59000015258789,41.0099983215332,39.56776428222656,21808300.0
2020-12-21,GM,40.2599983215332,41.5,40.060001373291016,41.209999084472656,39.7607307434082,15533900.0
2020-12-22,GM,41.349998474121094,41.400001525878906,40.54999923706055,40.900001525878906,39.46162414550781,10559000.0
2020-12-23,GM,41.18000030517578,42.88999938964844,41.099998474121094,42.45000076293945,40.95712661743164,17573100.0
2020-12-24,GM,42.060001373291016,42.20000076293945,41.209999084472656,41.58000183105469,40.117713928222656,7825400.0
2020-12-28,GM,42.0,42.189998626708984,41.630001068115234,41.65999984741211,40.19490432739258,10471400.0
2020-12-29,GM,41.88999938964844,42.130001068115234,41.369998931884766,41.56999969482422,40.108062744140625,7987700.0
2020-12-30,GM,41.650001525878906,42.20000076293945,41.56999969482422,41.84000015258789,40.36857986450195,6491900.0
2020-12-31,GM,41.7599983215332,41.79999923706055,41.20000076293945,41.63999938964844,40.17561340332031,11101300.0
2021-01-04,GM,41.95000076293945,42.119998931884766,40.13999938964844,40.5099983215332,39.08534622192383,15768100.0
2021-01-05,GM,40.060001373291016,41.84000015258789,40.040000915527344,41.65999984741211,40.19490432739258,18045800.0
2021-01-06,GM,41.91999816894531,43.849998474121094,41.86000061035156,42.97999954223633,41.46847915649414,22694900.0
2021-01-07,GM,43.97999954223633,43.97999954223633,42.959999084472656,43.31999969482422,41.79652786254883,13625700.0
2021-01-08,GM,43.310001373291016,43.4900016784668,42.31999969482422,43.060001373291016,41.54566955566406,18426200.0
2021-01-11,GM,43.02000045776367,45.279998779296875,42.630001068115234,45.0099983215332,43.427093505859375,25864100.0
2021-01-12,GM,46.29999923706055,48.95000076293945,45.650001525878906,47.81999969482422,46.13827133178711,63889300.0
2021-01-13,GM,50.779998779296875,50.970001220703125,48.060001373291016,48.72999954223633,47.01626968383789,49229700.0
2021-01-14,GM,49.5,51.869998931884766,49.33000183105469,51.529998779296875,49.71779251098633,36839800.0
2021-01-15,GM,51.29999923706055,51.400001525878906,49.2599983215332,49.970001220703125,48.21266555786133,25293700.0
2021-01-19,GM,53.689998626708984,55.13999938964844,52.2599983215332,54.84000015258789,52.9113883972168,64144000.0
2021-01-20,GM,56.22999954223633,56.599998474121094,54.849998474121094,55.86000061035156,53.89551544189453,47428500.0
2021-01-21,GM,56.33000183105469,56.970001220703125,54.7599983215332,55.08000183105469,53.1429557800293,39843100.0
2021-01-22,GM,54.5,55.77000045776367,54.27000045776367,55.400001525878906,53.451690673828125,23895600.0
2021-01-25,GM,54.95000076293945,55.15999984741211,51.02000045776367,53.38999938964844,51.51238250732422,39844200.0
2021-01-26,GM,53.38999938964844,53.59000015258789,51.810001373291016,52.040000915527344,50.20985794067383,21648200.0
2021-01-27,GM,50.79999923706055,50.86000061035156,48.709999084472656,49.34000015258789,47.604820251464844,38315200.0
2021-01-28,GM,49.880001068115234,53.0,49.560001373291016,51.040000915527344,49.245025634765625,37573400.0
2021-01-29,GM,50.70000076293945,51.779998779296875,49.959999084472656,50.68000030517578,48.8976936340332,26466800.0
2021-02-01,GM,51.459999084472656,51.95000076293945,50.439998626708984,51.5099983215332,49.69850158691406,21451300.0
2021-02-02,GM,52.29999923706055,52.97999954223633,51.959999084472656,52.720001220703125,50.86594772338867,20457400.0
2021-02-03,GM,53.29999923706055,55.04999923706055,53.189998626708984,54.25,52.342140197753906,30706500.0
2021-02-04,GM,53.34000015258789,54.560001373291016,52.970001220703125,54.130001068115234,52.22636032104492,19243300.0
2021-02-05,GM,54.81999969482422,55.04999923706055,54.150001525878906,54.40999984741211,52.496517181396484,17250200.0
2021-02-08,GM,56.0,57.04999923706055,55.66999816894531,56.880001068115234,54.879642486572266,26990000.0
2021-02-09,GM,56.540000915527344,56.939998626708984,55.7400016784668,56.060001373291016,54.0884895324707,25168800.0
2021-02-10,GM,55.61000061035156,55.689998626708984,52.5099983215332,54.880001068115234,52.949981689453125,55329800.0
2021-02-11,GM,53.61000061035156,53.79999923706055,52.349998474121094,53.5,51.6185188293457,29871400.0
2021-02-12,GM,53.0,54.189998626708984,52.959999084472656,53.599998474121094,51.71500015258789,15317400.0
2021-02-16,GM,53.709999084472656,53.9900016784668,53.220001220703125,53.459999084472656,51.57992172241211,18541600.0
2021-02-17,GM,52.84000015258789,53.33000183105469,52.08000183105469,52.88999938964844,51.02996826171875,13989700.0
2021-02-18,GM,52.560001373291016,52.619998931884766,51.599998474121094,52.15999984741211,50.32564163208008,17615900.0
2021-02-19,GM,52.5,53.290000915527344,52.220001220703125,52.56999969482422,50.721214294433594,15354400.0
2021-02-22,GM,52.0,52.93000030517578,51.880001068115234,51.97999954223633,50.15196990966797,14501300.0
2021-02-23,GM,51.0,51.380001068115234,49.349998474121094,51.11000061035156,49.31256103515625,21202700.0
2021-02-24,GM,51.95000076293945,53.209999084472656,51.290000915527344,52.900001525878906,51.03961944580078,18375000.0
2021-02-25,GM,52.70000076293945,52.93000030517578,50.54999923706055,50.599998474121094,48.82050704956055,20628900.0
2021-02-26,GM,50.869998931884766,51.72999954223633,49.91999816894531,51.33000183105469,49.52483367919922,17125100.0
2021-03-01,GM,52.40999984741211,52.81999969482422,51.81999969482422,52.540000915527344,50.692283630371094,15385300.0
2021-03-02,GM,52.599998474121094,55.290000915527344,52.189998626708984,54.11000061035156,52.207069396972656,36267200.0
2021-03-03,GM,54.5,54.880001068115234,52.65999984741211,52.66999816894531,50.81770324707031,19667200.0
2021-03-04,GM,52.9900016784668,54.18000030517578,50.25,51.83000183105469,50.00724792480469,26231900.0
2021-03-05,GM,52.59000015258789,53.9900016784668,50.47999954223633,53.75,51.85972213745117,25190000.0
2021-03-08,GM,54.290000915527344,56.20000076293945,53.7400016784668,54.97999954223633,53.04646301269531,24450500.0
2021-03-09,GM,55.36000061035156,55.43000030517578,54.029998779296875,54.650001525878906,52.72806930541992,17902200.0
2021-03-10,GM,55.0,56.95000076293945,54.880001068115234,56.83000183105469,54.83141326904297,22760600.0
2021-03-11,GM,56.869998931884766,57.16999816894531,55.939998626708984,56.33000183105469,54.3489875793457,20244700.0
2021-03-12,GM,56.0,59.619998931884766,55.70000076293945,59.2599983215332,57.175941467285156,29829600.0
2021-03-15,GM,59.310001373291016,59.310001373291016,57.209999084472656,57.939998626708984,55.90237045288086,19660100.0
2021-03-16,GM,58.36000061035156,58.56999969482422,56.79999923706055,57.119998931884766,55.111209869384766,16177000.0
2021-03-17,GM,57.2400016784668,60.119998931884766,57.150001525878906,60.04999923706055,57.93816375732422,23746200.0
2021-03-18,GM,60.060001373291016,62.2400016784668,58.880001068115234,59.27000045776367,57.18560028076172,34798000.0
2021-03-19,GM,59.34000015258789,60.31999969482422,58.18000030517578,59.81999969482422,57.71626281738281,23346200.0
2021-03-22,GM,58.75,58.93000030517578,56.5099983215332,58.099998474121094,56.056739807128906,30094900.0
2021-03-23,GM,56.9900016784668,57.7599983215332,55.709999084472656,56.15999984741211,54.18497085571289,21280800.0
2021-03-24,GM,56.68000030517578,57.47999954223633,55.709999084472656,55.810001373291016,53.8472785949707,20567200.0
2021-03-25,GM,54.599998474121094,56.81999969482422,54.25,56.599998474121094,54.6094856262207,16178500.0
2021-03-26,GM,57.0099983215332,57.34000015258789,55.349998474121094,56.52000045776367,54.53230667114258,16358900.0
2021-03-29,GM,56.08000183105469,57.20000076293945,55.7400016784668,55.939998626708984,53.97270584106445,16058400.0
2021-03-30,GM,56.599998474121094,58.630001068115234,56.400001525878906,58.5099983215332,56.45231628417969,19606800.0
2021-03-31,GM,58.279998779296875,58.58000183105469,57.27000045776367,57.459999084472656,55.43925094604492,20761300.0
2021-04-01,GM,57.91999816894531,58.220001220703125,57.040000915527344,57.79999923706055,55.76728439331055,17783600.0
2021-04-05,GM,59.0,61.189998626708984,58.75,61.040000915527344,58.893348693847656,24633000.0
2021-04-06,GM,60.5,63.439998626708984,60.439998626708984,61.939998626708984,59.76169204711914,39518700.0
2021-04-07,GM,61.86000061035156,61.869998931884766,60.689998626708984,60.83000183105469,58.690731048583984,17167900.0
2021-04-08,GM,60.36000061035156,60.75,58.810001373291016,60.09000015258789,57.97676086425781,19016300.0
2021-04-09,GM,59.560001373291016,60.380001068115234,59.41999816894531,60.15999984741211,58.04429626464844,12182300.0
2021-04-12,GM,60.20000076293945,60.290000915527344,59.290000915527344,59.65999984741211,57.56188201904297,10231000.0
2021-04-13,GM,59.22999954223633,59.540000915527344,57.88999938964844,58.4900016784668,56.43302536010742,17416600.0
2021-04-14,GM,58.59000015258789,59.650001525878906,58.25,58.47999954223633,56.42338562011719,14618100.0
2021-04-15,GM,59.45000076293945,59.529998779296875,58.369998931884766,58.61000061035156,56.54881286621094,14395700.0
2021-04-16,GM,59.0099983215332,59.310001373291016,58.279998779296875,58.709999084472656,56.645286560058594,11087300.0
2021-04-19,GM,58.56999969482422,58.7400016784668,57.22999954223633,57.880001068115234,55.844478607177734,12262500.0
2021-04-20,GM,57.119998931884766,57.279998779296875,54.91999816894531,55.77000045776367,53.80868148803711,23736100.0
2021-04-21,GM,55.279998779296875,57.5,54.709999084472656,57.4900016784668,55.46819305419922,14648700.0
2021-04-22,GM,57.540000915527344,57.79999923706055,56.130001068115234,56.65999984741211,54.667381286621094,15822200.0
2021-04-23,GM,56.77000045776367,57.7400016784668,56.43000030517578,57.529998779296875,55.50679016113281,10803300.0
2021-04-26,GM,57.86000061035156,58.58000183105469,57.65999984741211,58.209999084472656,56.16287612915039,11553900.0
2021-04-27,GM,58.27000045776367,59.099998474121094,58.02000045776367,58.970001220703125,56.89614486694336,9293500.0
2021-04-28,GM,59.0,59.0,58.27000045776367,58.54999923706055,56.49091339111328,10485200.0
2021-04-29,GM,57.7400016784668,57.75,55.689998626708984,56.56999969482422,54.58055114746094,21315600.0
2021-04-30,GM,56.18000030517578,57.34000015258789,56.09000015258789,57.220001220703125,55.20769500732422,15348300.0
2021-05-03,GM,57.599998474121094,58.34000015258789,56.709999084472656,57.150001525878906,55.14015197753906,11585100.0
2021-05-04,GM,56.54999923706055,56.59000015258789,54.81999969482422,55.34000015258789,53.393802642822266,22262300.0
2021-05-05,GM,57.09000015258789,57.88999938964844,56.33000183105469,57.58000183105469,55.555030822753906,26805500.0
2021-05-06,GM,57.43000030517578,58.77000045776367,57.43000030517578,58.720001220703125,56.65494155883789,20108100.0
2021-05-07,GM,58.0,59.04999923706055,57.27000045776367,58.9900016784668,56.91545104980469,15480500.0
2021-05-10,GM,59.0,59.58000183105469,57.36000061035156,57.40999984741211,55.39100646972656,14591600.0
2021-05-11,GM,56.150001525878906,56.75,54.869998931884766,55.72999954223633,53.77009582519531,22773200.0
2021-05-12,GM,55.540000915527344,55.709999084472656,53.52000045776367,53.7599983215332,51.86936569213867,19348700.0
2021-05-13,GM,54.43000030517578,55.5099983215332,54.130001068115234,54.599998474121094,52.67982864379883,13308600.0
2021-05-14,GM,55.119998931884766,56.040000915527344,55.0099983215332,56.0,54.03059768676758,11313000.0
2021-05-17,GM,55.84000015258789,56.119998931884766,55.189998626708984,56.040000915527344,54.06919479370117,11041000.0
2021-05-18,GM,56.22999954223633,56.810001373291016,55.849998474121094,55.88999938964844,53.92446517944336,11464400.0
2021-05-19,GM,55.0,55.619998931884766,54.119998931884766,55.529998779296875,53.57712173461914,11693700.0
2021-05-20,GM,55.91999816894531,56.040000915527344,55.189998626708984,55.5099983215332,53.557830810546875,11504000.0
2021-05-21,GM,56.0099983215332,58.779998779296875,55.77000045776367,56.720001220703125,54.725276947021484,15150900.0
2021-05-24,GM,57.04999923706055,57.20000076293945,56.31999969482422,56.599998474121094,54.6094856262207,8943000.0
2021-05-25,GM,56.869998931884766,58.16999816894531,56.709999084472656,56.7599983215332,54.76387023925781,16362200.0
2021-05-26,GM,56.970001220703125,58.16999816894531,56.77000045776367,58.08000183105469,56.037445068359375,14242700.0
2021-05-27,GM,60.0,60.720001220703125,59.209999084472656,59.77000045776367,57.668006896972656,33843800.0
2021-05-28,GM,59.880001068115234,59.9900016784668,58.59000015258789,59.310001373291016,57.224185943603516,12668100.0
2021-06-01,GM,59.9900016784668,60.25,59.25,59.650001525878906,57.5522346496582,10429000.0
2021-06-02,GM,60.2599983215332,60.2599983215332,59.130001068115234,59.650001525878906,57.5522346496582,11975400.0
2021-06-03,GM,61.56999969482422,63.68000030517578,60.709999084472656,63.459999084472656,61.228248596191406,38547800.0
2021-06-04,GM,63.56999969482422,63.880001068115234,62.38999938964844,63.369998931884766,61.14140319824219,21072300.0
2021-06-07,GM,63.97999954223633,64.30000305175781,62.630001068115234,63.22999954223633,61.0063362121582,15549700.0
2021-06-08,GM,63.02000045776367,63.970001220703125,62.43000030517578,63.91999816894531,61.672061920166016,13027200.0
2021-06-09,GM,63.95000076293945,64.16000366210938,62.689998626708984,62.77000045776367,60.56251525878906,14371300.0
2021-06-10,GM,62.83000183105469,63.04999923706055,61.16999816894531,61.34000015258789,59.182796478271484,16141900.0
2021-06-11,GM,61.36000061035156,62.0099983215332,61.15999984741211,61.4900016784668,59.32752990722656,10205000.0
2021-06-14,GM,61.470001220703125,61.63999938964844,60.310001373291016,60.790000915527344,58.652137756347656,15443300.0
2021-06-15,GM,60.68000030517578,61.11000061035156,59.97999954223633,60.810001373291016,58.67143630981445,10737000.0
2021-06-16,GM,62.459999084472656,63.09000015258789,61.20000076293945,61.7599983215332,59.5880241394043,31080000.0
2021-06-17,GM,61.81999969482422,62.400001525878906,59.36000061035156,60.08000183105469,57.96710968017578,19712100.0
2021-06-18,GM,59.279998779296875,59.59000015258789,58.40999984741211,58.7599983215332,56.69353103637695,25602800.0
2021-06-21,GM,59.75,59.75,58.81999969482422,59.29999923706055,57.214542388916016,12276900.0
2021-06-22,GM,59.540000915527344,59.599998474121094,59.02000045776367,59.2400016784668,57.156654357910156,8928500.0
2021-06-23,GM,59.849998474121094,60.43000030517578,59.459999084472656,60.119998931884766,58.005699157714844,11527900.0
2021-06-24,GM,60.38999938964844,60.5,59.7599983215332,60.040000915527344,57.92852020263672,14445300.0
2021-06-25,GM,60.290000915527344,60.58000183105469,60.02000045776367,60.29999923706055,58.179378509521484,14255100.0
2021-06-28,GM,60.310001373291016,60.380001068115234,58.43000030517578,58.63999938964844,56.57774353027344,17152700.0
2021-06-29,GM,59.20000076293945,59.54999923706055,58.70000076293945,58.83000183105469,56.761070251464844,12171800.0
2021-06-30,GM,58.7400016784668,59.470001220703125,58.61000061035156,59.16999816894531,57.089107513427734,12330500.0
2021-07-01,GM,59.439998626708984,59.72999954223633,58.779998779296875,59.11000061035156,57.031227111816406,11752100.0
2021-07-02,GM,59.11000061035156,59.31999969482422,58.52000045776367,58.959999084472656,56.88649368286133,9689700.0
2021-07-06,GM,58.91999816894531,58.93000030517578,57.0099983215332,57.459999084472656,55.43925094604492,16155600.0
2021-07-07,GM,57.34000015258789,57.400001525878906,56.130001068115234,56.59000015258789,54.59984588623047,13077600.0
2021-07-08,GM,55.29999923706055,56.59000015258789,54.86000061035156,56.060001373291016,54.0884895324707,14087400.0
2021-07-09,GM,58.79999923706055,58.91999816894531,57.88999938964844,58.7599983215332,56.69353103637695,24361300.0
2021-07-12,GM,58.560001373291016,59.16999816894531,57.81999969482422,58.970001220703125,56.89614486694336,14513200.0
2021-07-13,GM,59.040000915527344,59.2599983215332,58.2599983215332,58.72999954223633,56.664588928222656,14604200.0
2021-07-14,GM,58.88999938964844,59.36000061035156,57.709999084472656,58.0,55.96025848388672,12520500.0
2021-07-15,GM,57.119998931884766,57.689998626708984,56.59000015258789,56.95000076293945,54.94718551635742,12103400.0
2021-07-16,GM,57.47999954223633,57.47999954223633,55.369998931884766,55.459999084472656,53.509586334228516,13611400.0
2021-07-19,GM,53.900001525878906,54.43000030517578,52.630001068115234,54.18000030517578,52.274600982666016,20942100.0
2021-07-20,GM,54.2599983215332,56.380001068115234,54.119998931884766,56.150001525878906,54.17531204223633,13292000.0
2021-07-21,GM,56.79999923706055,57.470001220703125,56.560001373291016,57.04999923706055,55.043670654296875,11035200.0
2021-07-22,GM,56.75,56.7599983215332,55.4900016784668,55.63999938964844,53.683250427246094,12019900.0
2021-07-23,GM,55.310001373291016,55.790000915527344,54.810001373291016,54.939998626708984,53.007869720458984,14536000.0
2021-07-26,GM,55.2400016784668,55.90999984741211,55.099998474121094,55.77000045776367,53.80868148803711,9589000.0
2021-07-27,GM,55.209999084472656,55.36000061035156,54.220001220703125,55.0,53.06576156616211,13374900.0
2021-07-28,GM,55.41999816894531,55.86000061035156,54.689998626708984,55.4900016784668,53.53852844238281,10549200.0
2021-07-29,GM,57.0,57.7400016784668,56.81999969482422,57.279998779296875,55.26557922363281,15439000.0
2021-07-30,GM,56.720001220703125,57.810001373291016,56.619998931884766,56.84000015258789,54.8410530090332,13185500.0
2021-08-02,GM,57.369998931884766,58.599998474121094,56.880001068115234,57.029998779296875,55.02436828613281,12397500.0
2021-08-03,GM,57.470001220703125,57.959999084472656,56.61000061035156,57.880001068115234,55.844478607177734,12273500.0
2021-08-04,GM,55.22999954223633,55.45000076293945,52.209999084472656,52.720001220703125,50.86594772338867,67667200.0
2021-08-05,GM,53.86000061035156,54.880001068115234,53.54999923706055,54.439998626708984,52.52545928955078,28571400.0
2021-08-06,GM,54.810001373291016,55.349998474121094,54.2599983215332,55.04999923706055,53.1140022277832,14970100.0
2021-08-09,GM,54.27000045776367,54.369998931884766,53.400001525878906,53.95000076293945,52.05269241333008,16080000.0
2021-08-10,GM,54.0,54.380001068115234,53.65999984741211,54.2599983215332,52.35178756713867,14479100.0
2021-08-11,GM,54.41999816894531,54.5,53.45000076293945,54.27000045776367,52.3614387512207,15814600.0
2021-08-12,GM,54.439998626708984,55.040000915527344,54.189998626708984,54.619998931884766,52.69913101196289,10760900.0
2021-08-13,GM,54.560001373291016,54.709999084472656,53.59000015258789,53.650001525878906,51.763240814208984,11849200.0
2021-08-16,GM,53.0099983215332,53.2599983215332,52.4900016784668,52.95000076293945,51.08785629272461,17019000.0
2021-08-17,GM,51.97999954223633,52.08000183105469,50.20000076293945,50.470001220703125,48.6950798034668,28477800.0
2021-08-18,GM,50.529998779296875,51.4900016784668,50.400001525878906,50.84000015258789,49.052066802978516,15271400.0
2021-08-19,GM,50.0,50.220001220703125,48.66999816894531,49.08000183105469,47.35395812988281,23387300.0
2021-08-20,GM,48.959999084472656,49.13999938964844,48.349998474121094,48.79999923706055,47.083805084228516,16898400.0
2021-08-23,GM,48.15999984741211,48.349998474121094,47.06999969482422,48.18000030517578,46.48561477661133,30149200.0
2021-08-24,GM,48.5,49.869998931884766,48.22999954223633,49.56999969482422,47.826725006103516,21394700.0
2021-08-25,GM,49.4900016784668,49.93000030517578,49.15999984741211,49.70000076293945,47.95215606689453,14406600.0
2021-08-26,GM,49.470001220703125,49.470001220703125,48.52000045776367,48.619998931884766,46.91013717651367,16599200.0
2021-08-27,GM,48.75,50.06999969482422,48.65999984741211,49.79999923706055,48.04863357543945,14874300.0
2021-08-30,GM,49.95000076293945,49.95000076293945,48.95000076293945,49.16999816894531,47.4407844543457,13709000.0
2021-08-31,GM,49.16999816894531,49.43000030517578,48.66999816894531,49.0099983215332,47.286415100097656,14293100.0
2021-09-01,GM,49.099998474121094,49.63999938964844,48.68000030517578,49.11000061035156,47.38290786743164,10982100.0
2021-09-02,GM,49.150001525878906,49.5,48.810001373291016,48.95000076293945,47.22853088378906,13349300.0
2021-09-03,GM,48.79999923706055,49.0,48.41999816894531,48.81999969482422,47.10309982299805,9932500.0
2021-09-07,GM,48.4900016784668,49.22999954223633,48.41999816894531,48.720001220703125,47.006614685058594,12309900.0
2021-09-08,GM,48.63999938964844,49.52000045776367,48.41999816894531,48.970001220703125,47.247825622558594,11136300.0
2021-09-09,GM,48.95000076293945,48.95000076293945,47.79999923706055,48.41999816894531,46.7171745300293,13739500.0
2021-09-10,GM,48.689998626708984,50.41999816894531,48.689998626708984,49.4900016784668,47.749542236328125,22774700.0
2021-09-13,GM,50.11000061035156,50.95000076293945,49.599998474121094,50.81999969482422,49.03276062011719,18506500.0
2021-09-14,GM,51.220001220703125,51.41999816894531,50.5,50.7400016784668,48.95558166503906,12587300.0
2021-09-15,GM,50.790000915527344,51.93000030517578,50.540000915527344,51.81999969482422,49.997596740722656,13658500.0
2021-09-16,GM,51.59000015258789,51.900001525878906,50.90999984741211,51.52000045776367,49.7081413269043,12617300.0
2021-09-17,GM,51.33000183105469,51.93000030517578,50.9900016784668,51.33000183105469,49.52483367919922,45115700.0
2021-09-20,GM,49.45000076293945,49.540000915527344,48.369998931884766,49.369998931884766,47.633758544921875,24540600.0
2021-09-21,GM,49.56999969482422,49.779998779296875,48.790000915527344,49.369998931884766,47.633758544921875,14172700.0
2021-09-22,GM,50.029998779296875,51.220001220703125,50.029998779296875,50.779998779296875,48.99416732788086,14038300.0
2021-09-23,GM,51.099998474121094,52.08000183105469,51.040000915527344,51.91999816894531,50.094078063964844,14043200.0
2021-09-24,GM,51.880001068115234,52.630001068115234,51.720001220703125,52.22999954223633,50.39317321777344,11643500.0
2021-09-27,GM,52.40999984741211,53.56999969482422,52.380001068115234,53.2400016784668,51.36766052246094,13861400.0
2021-09-28,GM,53.77000045776367,54.209999084472656,52.70000076293945,52.849998474121094,50.99137496948242,16422900.0
2021-09-29,GM,53.29999923706055,53.36000061035156,52.529998779296875,52.93000030517578,51.06856155395508,10881100.0
2021-09-30,GM,52.93000030517578,53.20000076293945,52.18000030517578,52.709999084472656,50.856292724609375,16324300.0
2021-10-01,GM,53.029998779296875,53.380001068115234,52.25,53.130001068115234,51.261531829833984,16660400.0
2021-10-04,GM,54.900001525878906,55.63999938964844,53.68000030517578,53.97999954223633,52.08163833618164,29206700.0
2021-10-05,GM,54.189998626708984,54.7400016784668,53.650001525878906,54.34000015258789,52.42897415161133,18201500.0
2021-10-06,GM,54.4900016784668,55.5,53.150001525878906,53.93000030517578,52.03338623046875,29520800.0
2021-10-07,GM,54.849998474121094,56.7400016784668,54.439998626708984,56.439998626708984,54.455116271972656,31006000.0
2021-10-08,GM,56.540000915527344,59.209999084472656,56.380001068115234,58.56999969482422,56.510215759277344,33724900.0
2021-10-11,GM,58.790000915527344,59.349998474121094,57.77000045776367,58.09000015258789,56.047096252441406,17665700.0
2021-10-12,GM,58.52000045776367,59.33000183105469,57.86000061035156,58.959999084472656,56.88649368286133,17095000.0
2021-10-13,GM,58.939998626708984,58.939998626708984,57.08000183105469,57.77000045776367,55.73835372924805,18813800.0
2021-10-14,GM,58.099998474121094,58.290000915527344,57.45000076293945,57.689998626708984,55.66115188598633,11450100.0
2021-10-15,GM,58.34000015258789,58.709999084472656,57.849998474121094,58.0,55.96025848388672,12914600.0
2021-10-18,GM,57.40999984741211,57.58000183105469,56.849998474121094,56.88999938964844,54.88929748535156,12667900.0
2021-10-19,GM,57.0,57.060001373291016,56.529998779296875,56.849998474121094,54.85070037841797,10589000.0
2021-10-20,GM,56.36000061035156,58.2400016784668,56.220001220703125,57.66999816894531,55.64186477661133,13399900.0
2021-10-21,GM,58.0,58.66999816894531,57.72999954223633,58.40999984741211,56.355838775634766,11585400.0
2021-10-22,GM,58.369998931884766,58.70000076293945,57.63999938964844,57.77000045776367,55.73835372924805,11077600.0
2021-10-25,GM,58.04999923706055,58.310001373291016,56.84000015258789,57.7599983215332,55.72869873046875,14151000.0
2021-10-26,GM,58.02000045776367,58.29999923706055,56.959999084472656,57.369998931884766,55.3524169921875,16335800.0
2021-10-27,GM,55.599998474121094,55.7599983215332,54.15999984741211,54.2599983215332,52.35178756713867,36397600.0
2021-10-28,GM,54.599998474121094,55.58000183105469,54.060001373291016,54.2400016784668,52.332496643066406,23020300.0
2021-10-29,GM,53.900001525878906,55.040000915527344,53.61000061035156,54.43000030517578,52.515804290771484,16680700.0
2021-11-01,GM,54.849998474121094,55.7400016784668,54.41999816894531,55.4900016784668,53.53852844238281,15677600.0
2021-11-02,GM,55.029998779296875,55.97999954223633,54.68000030517578,55.59000015258789,53.6350212097168,16377500.0
2021-11-03,GM,55.2599983215332,56.16999816894531,55.09000015258789,56.0,54.03059768676758,14419400.0
2021-11-04,GM,56.470001220703125,58.77000045776367,56.27000045776367,58.63999938964844,56.57774353027344,24026100.0
2021-11-05,GM,59.150001525878906,59.349998474121094,58.04999923706055,58.52000045776367,56.46197509765625,16302200.0
2021-11-08,GM,58.7599983215332,60.33000183105469,58.47999954223633,59.599998474121094,57.503990173339844,14385500.0
2021-11-09,GM,59.810001373291016,59.93000030517578,57.810001373291016,58.619998931884766,56.55845642089844,13822900.0
2021-11-10,GM,57.849998474121094,60.560001373291016,57.72999954223633,59.27000045776367,57.18560028076172,22778600.0
2021-11-11,GM,59.81999969482422,62.150001525878906,59.310001373291016,61.81999969482422,59.64591979980469,29033900.0
2021-11-12,GM,61.59000015258789,64.02999877929688,61.279998779296875,63.400001525878906,61.17035675048828,31152400.0
2021-11-15,GM,63.65999984741211,63.72999954223633,62.630001068115234,62.970001220703125,60.755470275878906,14372100.0
2021-11-16,GM,63.2400016784668,63.279998779296875,61.93000030517578,62.61000061035156,60.408138275146484,16115000.0
2021-11-17,GM,63.33000183105469,65.06999969482422,62.380001068115234,64.61000061035156,62.33779525756836,29983400.0
2021-11-18,GM,64.33000183105469,65.18000030517578,62.09000015258789,62.33000183105469,60.13798904418945,23308100.0
2021-11-19,GM,62.47999954223633,62.970001220703125,61.560001373291016,61.79999923706055,59.626625061035156,19520600.0
2021-11-22,GM,61.95000076293945,64.95999908447266,61.7599983215332,64.05999755859375,61.8071403503418,19836200.0
2021-11-23,GM,63.72999954223633,64.04000091552734,62.2599983215332,63.04999923706055,60.83265686035156,16225100.0
2021-11-24,GM,62.29999923706055,62.599998474121094,61.630001068115234,62.189998626708984,60.002906799316406,12685000.0
2021-11-26,GM,59.79999923706055,60.56999969482422,59.459999084472656,60.16999816894531,58.05393981933594,13272600.0
2021-11-29,GM,61.11000061035156,61.540000915527344,59.650001525878906,59.86000061035156,57.754844665527344,15033100.0
2021-11-30,GM,59.20000076293945,59.84000015258789,57.439998626708984,57.869998931884766,55.8348274230957,21282200.0
2021-12-01,GM,59.25,60.59000015258789,58.0099983215332,58.060001373291016,56.01814651489258,26353700.0
2021-12-02,GM,58.75,61.29999923706055,58.70000076293945,61.02000045776367,58.874053955078125,25365100.0
2021-12-03,GM,61.2400016784668,61.689998626708984,58.869998931884766,59.709999084472656,57.6101188659668,19596100.0
2021-12-06,GM,60.470001220703125,60.72999954223633,58.70000076293945,59.84000015258789,57.73554992675781,16728200.0
2021-12-07,GM,60.90999984741211,62.380001068115234,60.70000076293945,61.529998779296875,59.366119384765625,14135700.0
2021-12-08,GM,61.650001525878906,61.810001373291016,60.41999816894531,60.779998779296875,58.642494201660156,10004100.0
2021-12-09,GM,60.380001068115234,60.630001068115234,59.59000015258789,59.619998931884766,57.52328872680664,12964800.0
2021-12-10,GM,60.099998474121094,63.290000915527344,60.099998474121094,63.209999084472656,60.987037658691406,22839800.0
2021-12-13,GM,62.06999969482422,62.18000030517578,59.02000045776367,59.130001068115234,57.0505256652832,27327000.0
2021-12-14,GM,57.970001220703125,59.20000076293945,57.70000076293945,58.400001525878906,56.346195220947266,17928700.0
2021-12-15,GM,58.29999923706055,58.88999938964844,57.040000915527344,58.61000061035156,56.54881286621094,14471600.0
2021-12-16,GM,59.400001525878906,60.619998931884766,58.029998779296875,58.38999938964844,56.33654022216797,17772200.0
2021-12-17,GM,56.20000076293945,56.38999938964844,54.5099983215332,55.15999984741211,53.22013854980469,42175800.0
2021-12-20,GM,54.02000045776367,54.540000915527344,53.13999938964844,54.040000915527344,52.139522552490234,19073900.0
2021-12-21,GM,54.5,54.900001525878906,53.84000015258789,54.790000915527344,52.8631477355957,15571300.0
2021-12-22,GM,54.790000915527344,56.349998474121094,54.75,56.08000183105469,54.1077766418457,16694000.0
2021-12-23,GM,56.06999969482422,57.09000015258789,55.77000045776367,56.90999984741211,54.90859603881836,13722300.0
2021-12-27,GM,56.88999938964844,57.75,56.529998779296875,57.43000030517578,55.410301208496094,9078900.0
2021-12-28,GM,57.400001525878906,58.119998931884766,57.0099983215332,57.11000061035156,55.101558685302734,8577700.0
2021-12-29,GM,57.11000061035156,57.70000076293945,56.7400016784668,57.22999954223633,55.21733856201172,7982300.0
2021-12-30,GM,57.45000076293945,58.779998779296875,57.2599983215332,58.130001068115234,56.08568572998047,11965900.0
2021-12-31,GM,58.0,59.04999923706055,57.91999816894531,58.630001068115234,56.5681037902832,9856300.0
2022-01-03,GM,59.869998931884766,61.56999969482422,59.7400016784668,61.16999816894531,59.018775939941406,20980200.0
2022-01-04,GM,61.959999084472656,65.9800033569336,61.959999084472656,65.73999786376953,63.428062438964844,44691300.0
2022-01-05,GM,65.5199966430664,67.20999908447266,62.599998474121094,62.7400016784668,60.533565521240234,43578700.0
2022-01-06,GM,63.16999816894531,63.5,61.66999816894531,62.869998931884766,60.658992767333984,20650900.0
2022-01-07,GM,63.810001373291016,63.90999984741211,61.41999816894531,62.27000045776367,60.0800895690918,17136100.0
2022-01-10,GM,61.52000045776367,62.0,60.040000915527344,61.06999969482422,58.92229080200195,18980400.0
2022-01-11,GM,61.25,61.560001373291016,60.150001525878906,61.459999084472656,59.29857635498047,16463800.0
2022-01-12,GM,62.470001220703125,62.720001220703125,59.63999938964844,61.029998779296875,58.88369369506836,20215000.0
2022-01-13,GM,61.45000076293945,63.380001068115234,61.150001525878906,61.77000045776367,59.597679138183594,19283000.0
2022-01-14,GM,61.099998474121094,61.77000045776367,59.9900016784668,61.099998474121094,58.95124053955078,16180300.0
2022-01-18,GM,60.130001068115234,60.349998474121094,58.540000915527344,58.790000915527344,56.722476959228516,18299100.0
2022-01-19,GM,59.310001373291016,59.84000015258789,56.130001068115234,56.2400016784668,54.26216125488281,20576000.0
2022-01-20,GM,56.02000045776367,57.33000183105469,54.41999816894531,54.650001525878906,52.72806930541992,21554100.0
2022-01-21,GM,54.52000045776367,54.70000076293945,52.689998626708984,53.279998779296875,51.4062614440918,25692800.0
2022-01-24,GM,51.400001525878906,52.65999984741211,49.369998931884766,52.63999938964844,50.788761138916016,32931800.0
2022-01-25,GM,51.599998474121094,52.5099983215332,50.81999969482422,51.900001525878906,50.07478332519531,22164500.0
2022-01-26,GM,53.56999969482422,53.9900016784668,51.470001220703125,52.349998474121094,50.50895309448242,23174300.0
2022-01-27,GM,52.849998474121094,53.349998474121094,51.06999969482422,51.45000076293945,49.64060974121094,21357400.0
2022-01-28,GM,51.25,51.25,49.2400016784668,50.2400016784668,48.47315979003906,26732600.0
2022-01-31,GM,50.5,52.75,49.970001220703125,52.72999954223633,50.87559509277344,20255200.0
2022-02-01,GM,52.849998474121094,54.2400016784668,52.119998931884766,54.06999969482422,52.16846466064453,23169600.0
2022-02-02,GM,54.91999816894531,55.54999923706055,51.68000030517578,53.5,51.6185188293457,34371700.0
2022-02-03,GM,52.599998474121094,54.41999816894531,52.54999923706055,53.11000061035156,51.24222946166992,23751800.0
2022-02-04,GM,51.619998931884766,51.849998474121094,50.52000045776367,51.290000915527344,49.486236572265625,22794900.0
2022-02-07,GM,51.4900016784668,52.0,50.52000045776367,50.709999084472656,48.926631927490234,18046500.0
2022-02-08,GM,48.7400016784668,49.880001068115234,47.58000183105469,49.459999084472656,47.72058868408203,38629700.0
2022-02-09,GM,50.310001373291016,51.68000030517578,50.15999984741211,50.720001220703125,48.93628692626953,24290800.0
2022-02-10,GM,49.72999954223633,51.790000915527344,49.599998474121094,50.34000015258789,48.569644927978516,17017600.0
2022-02-11,GM,50.63999938964844,50.970001220703125,48.540000915527344,48.83000183105469,47.112754821777344,20183800.0
2022-02-14,GM,48.869998931884766,49.189998626708984,48.0,48.400001525878906,46.697879791259766,17549800.0
2022-02-15,GM,49.36000061035156,49.90999984741211,48.93000030517578,49.66999816894531,47.9232063293457,15238500.0
2022-02-16,GM,49.43000030517578,50.56999969482422,49.2599983215332,50.43000030517578,48.656490325927734,13865500.0
2022-02-17,GM,49.810001373291016,49.849998474121094,48.65999984741211,48.81999969482422,47.10309982299805,13482800.0
2022-02-18,GM,48.91999816894531,49.209999084472656,47.91999816894531,48.599998474121094,46.89083480834961,16615900.0
2022-02-22,GM,47.779998779296875,47.939998626708984,46.15999984741211,46.77000045776367,45.12520217895508,19620300.0
2022-02-23,GM,47.2599983215332,48.29999923706055,46.2599983215332,46.380001068115234,44.74892044067383,13667700.0
2022-02-24,GM,44.150001525878906,46.40999984741211,43.90999984741211,46.349998474121094,44.7199592590332,21003700.0
2022-02-25,GM,46.349998474121094,47.47999954223633,45.849998474121094,47.43000030517578,45.76198196411133,13465100.0
2022-02-28,GM,46.2400016784668,47.119998931884766,45.84000015258789,46.720001220703125,45.07695388793945,18226700.0
2022-03-01,GM,46.02000045776367,46.15999984741211,44.15999984741211,44.52000045776367,42.95433044433594,21534200.0
2022-03-02,GM,44.68000030517578,46.599998474121094,44.560001373291016,46.31999969482422,44.69102096557617,19006400.0
2022-03-03,GM,46.209999084472656,46.7400016784668,44.61000061035156,44.900001525878906,43.32096481323242,18956300.0
2022-03-04,GM,44.029998779296875,44.15999984741211,41.9900016784668,42.400001525878906,40.90888214111328,26534700.0
2022-03-07,GM,42.290000915527344,42.439998626708984,39.75,39.83000183105469,38.429264068603516,25949900.0
2022-03-08,GM,40.84000015258789,42.310001373291016,39.959999084472656,40.20000076293945,38.78624725341797,24145100.0
2022-03-09,GM,42.2599983215332,42.86000061035156,41.79999923706055,42.279998779296875,40.793094635009766,21309000.0
2022-03-10,GM,41.40999984741211,42.22999954223633,40.849998474121094,41.849998474121094,40.37821960449219,17991200.0
2022-03-11,GM,42.08000183105469,42.34000015258789,41.47999954223633,41.5099983215332,40.0501823425293,13617900.0
2022-03-14,GM,41.7400016784668,42.43000030517578,40.369998931884766,40.83000183105469,39.39409255981445,18914000.0
2022-03-15,GM,40.83000183105469,42.25,40.79999923706055,42.130001068115234,40.648372650146484,16051000.0
2022-03-16,GM,43.0,44.16999816894531,42.369998931884766,43.849998474121094,42.307884216308594,17014500.0
2022-03-17,GM,42.91999816894531,43.83000183105469,42.599998474121094,43.65999984741211,42.124568939208984,13909000.0
2022-03-18,GM,43.22999954223633,45.040000915527344,43.130001068115234,44.81999969482422,43.2437744140625,19834400.0
2022-03-21,GM,44.279998779296875,44.66999816894531,43.220001220703125,43.61000061035156,42.07632827758789,17903900.0
2022-03-22,GM,44.2400016784668,45.27000045776367,44.09000015258789,44.560001373291016,42.99291229248047,14703000.0
2022-03-23,GM,44.0,44.52000045776367,43.77000045776367,43.779998779296875,42.2403450012207,15142300.0
2022-03-24,GM,44.04999923706055,44.86000061035156,43.95000076293945,44.349998474121094,42.79029846191406,11106200.0
2022-03-25,GM,44.279998779296875,44.310001373291016,43.400001525878906,43.650001525878906,42.114925384521484,10351200.0
2022-03-28,GM,43.900001525878906,44.25,43.279998779296875,44.220001220703125,42.66487121582031,12175200.0
2022-03-29,GM,45.40999984741211,46.7400016784668,45.2400016784668,46.2599983215332,44.63313293457031,16784100.0
2022-03-30,GM,45.63999938964844,46.029998779296875,45.040000915527344,45.220001220703125,43.62971115112305,12818800.0
2022-03-31,GM,44.84000015258789,44.900001525878906,43.7400016784668,43.7400016784668,42.201751708984375,17335000.0
2022-04-01,GM,44.15999984741211,44.45000076293945,42.40999984741211,42.959999084472656,41.449180603027344,16791500.0
2022-04-04,GM,43.27000045776367,43.41999816894531,42.529998779296875,43.18000030517578,41.66145324707031,12593000.0
2022-04-05,GM,42.959999084472656,43.15999984741211,41.31999969482422,41.41999816894531,39.963348388671875,19853900.0
2022-04-06,GM,40.790000915527344,41.33000183105469,39.47999954223633,39.5,38.11086654663086,29254900.0
2022-04-07,GM,39.290000915527344,39.529998779296875,37.599998474121094,38.720001220703125,37.35829162597656,28297600.0
2022-04-08,GM,38.349998474121094,40.04999923706055,38.16999816894531,39.349998474121094,37.96614074707031,22086800.0
2022-04-11,GM,38.810001373291016,41.34000015258789,38.689998626708984,40.33000183105469,38.91168212890625,25015300.0
2022-04-12,GM,40.61000061035156,40.779998779296875,39.63999938964844,40.040000915527344,38.63188171386719,17212800.0
2022-04-13,GM,39.619998931884766,40.45000076293945,39.54999923706055,40.220001220703125,38.80554962158203,10897600.0
2022-04-14,GM,40.150001525878906,40.779998779296875,40.09000015258789,40.130001068115234,38.71870422363281,13315700.0
2022-04-18,GM,40.130001068115234,40.93000030517578,39.95000076293945,40.630001068115234,39.20112609863281,11798000.0
2022-04-19,GM,40.810001373291016,42.189998626708984,40.810001373291016,42.08000183105469,40.60013961791992,13852800.0
2022-04-20,GM,42.25,43.2400016784668,41.689998626708984,41.720001220703125,40.25279235839844,12989800.0
2022-04-21,GM,42.7599983215332,43.0,40.560001373291016,40.709999084472656,39.27831268310547,12544000.0
2022-04-22,GM,40.459999084472656,40.7400016784668,39.779998779296875,39.84000015258789,38.438899993896484,17718400.0
2022-04-25,GM,39.349998474121094,39.9900016784668,38.66999816894531,39.81999969482422,38.41960906982422,18704400.0
2022-04-26,GM,39.220001220703125,39.45000076293945,37.88999938964844,38.040000915527344,36.702213287353516,21679500.0
2022-04-27,GM,38.290000915527344,39.52000045776367,37.70000076293945,38.65999984741211,37.30039978027344,19827700.0
2022-04-28,GM,39.349998474121094,39.61000061035156,37.310001373291016,38.75,37.387245178222656,22795600.0
2022-04-29,GM,38.810001373291016,39.41999816894531,37.779998779296875,37.90999984741211,36.5767822265625,16737800.0
2022-05-02,GM,37.66999816894531,38.4900016784668,37.25,38.45000076293945,37.097801208496094,16119900.0
2022-05-03,GM,39.31999969482422,40.27000045776367,38.81999969482422,39.939998626708984,38.535396575927734,19132700.0
2022-05-04,GM,39.599998474121094,41.2400016784668,39.29999923706055,41.16999816894531,39.722137451171875,15813700.0
2022-05-05,GM,40.31999969482422,40.75,39.349998474121094,39.95000076293945,38.545040130615234,15317100.0
2022-05-06,GM,39.790000915527344,40.119998931884766,38.79999923706055,39.58000183105469,38.18804931640625,14684900.0
2022-05-09,GM,38.97999954223633,40.220001220703125,38.08000183105469,38.2599983215332,36.91447067260742,18508800.0
2022-05-10,GM,39.38999938964844,39.4900016784668,37.52000045776367,38.70000076293945,37.3390007019043,20206400.0
2022-05-11,GM,38.779998779296875,39.439998626708984,37.16999816894531,37.27000045776367,35.95928955078125,18050800.0
2022-05-12,GM,35.459999084472656,36.20000076293945,34.58000183105469,35.560001373291016,34.3094367980957,43172200.0
2022-05-13,GM,36.18000030517578,38.4900016784668,36.06999969482422,38.209999084472656,36.86623001098633,22997300.0
2022-05-16,GM,38.0099983215332,38.040000915527344,36.7599983215332,37.099998474121094,35.795265197753906,16512200.0
2022-05-17,GM,38.029998779296875,38.54999923706055,37.349998474121094,38.099998474121094,36.76009750366211,15505700.0
2022-05-18,GM,37.5,37.77000045776367,35.59000015258789,35.83000183105469,34.5699348449707,19255700.0
2022-05-19,GM,35.380001068115234,36.650001525878906,35.150001525878906,36.119998931884766,34.8497314453125,15545100.0
2022-05-20,GM,37.0099983215332,37.08000183105469,34.38999938964844,35.400001525878906,34.15505599975586,24408000.0
2022-05-23,GM,35.93000030517578,36.61000061035156,35.09000015258789,36.0,34.73395919799805,19959800.0
2022-05-24,GM,35.529998779296875,35.56999969482422,34.310001373291016,35.209999084472656,33.97173309326172,16717000.0
2022-05-25,GM,34.900001525878906,36.349998474121094,34.900001525878906,35.97999954223633,34.714656829833984,15409500.0
2022-05-26,GM,36.380001068115234,37.7599983215332,36.380001068115234,37.41999816894531,36.10401153564453,14568400.0
2022-05-27,GM,37.79999923706055,38.59000015258789,37.36000061035156,38.56999969482422,37.21357727050781,15684100.0
2022-05-31,GM,38.61000061035156,38.95000076293945,37.959999084472656,38.68000030517578,37.3197021484375,19857900.0
2022-06-01,GM,39.0099983215332,39.63999938964844,37.900001525878906,38.27000045776367,36.92412185668945,12190800.0
2022-06-02,GM,38.400001525878906,39.25,38.36000061035156,38.869998931884766,37.50301742553711,10735500.0
2022-06-03,GM,38.09000015258789,38.290000915527344,37.47999954223633,37.61000061035156,36.287330627441406,11670500.0
2022-06-06,GM,38.349998474121094,38.43000030517578,37.5099983215332,37.83000183105469,36.499595642089844,11029000.0
2022-06-07,GM,37.220001220703125,38.459999084472656,36.81999969482422,38.369998931884766,37.02060317993164,14517600.0
2022-06-08,GM,38.34000015258789,38.77000045776367,37.630001068115234,37.689998626708984,36.36452102661133,10210300.0
2022-06-09,GM,37.47999954223633,37.68000030517578,36.630001068115234,36.650001525878906,35.36109161376953,9306500.0
2022-06-10,GM,35.72999954223633,36.369998931884766,35.0,35.0099983215332,33.77876663208008,15875500.0
2022-06-13,GM,33.86000061035156,34.08000183105469,32.150001525878906,32.279998779296875,31.144779205322266,23202000.0
2022-06-14,GM,32.66999816894531,33.59000015258789,32.470001220703125,33.20000076293945,32.03242874145508,17891000.0
2022-06-15,GM,33.36000061035156,34.599998474121094,33.349998474121094,34.18000030517578,32.977962493896484,19116000.0
2022-06-16,GM,32.849998474121094,32.849998474121094,30.920000076293945,31.420000076293945,30.315021514892578,22783200.0
2022-06-17,GM,31.450000762939453,32.38999938964844,30.649999618530273,31.8799991607666,30.75884246826172,23649700.0
2022-06-21,GM,32.83000183105469,33.099998474121094,31.889999389648438,32.63999938964844,31.492116928100586,16627600.0
2022-06-22,GM,32.189998626708984,33.5099983215332,32.029998779296875,32.83000183105469,31.675437927246094,14974100.0
2022-06-23,GM,32.91999816894531,33.349998474121094,32.22999954223633,32.9900016784668,31.829818725585938,14410100.0
2022-06-24,GM,33.11000061035156,35.0,33.060001373291016,34.81999969482422,33.595458984375,18401600.0
2022-06-27,GM,34.9900016784668,35.31999969482422,34.34000015258789,34.630001068115234,33.412132263183594,10443100.0
2022-06-28,GM,35.189998626708984,36.130001068115234,33.95000076293945,33.9900016784668,32.79464340209961,15197100.0
2022-06-29,GM,33.79999923706055,33.869998931884766,32.65999984741211,33.45000076293945,32.27363204956055,11426700.0
2022-06-30,GM,32.59000015258789,32.7400016784668,31.40999984741211,31.760000228881836,30.643070220947266,20144800.0
2022-07-01,GM,31.280000686645508,32.880001068115234,31.260000228881836,32.189998626708984,31.057939529418945,21175000.0
2022-07-05,GM,31.110000610351562,32.43000030517578,30.329999923706055,32.369998931884766,31.23161506652832,19646200.0
2022-07-06,GM,32.04999923706055,32.4900016784668,30.940000534057617,31.270000457763672,30.170299530029297,17101100.0
2022-07-07,GM,32.0,32.849998474121094,31.950000762939453,32.65999984741211,31.51141929626465,14022900.0
2022-07-08,GM,32.689998626708984,33.130001068115234,32.25,32.310001373291016,31.173723220825195,11765200.0
2022-07-11,GM,31.90999984741211,32.20000076293945,30.790000915527344,30.8700008392334,29.78436279296875,17121600.0
2022-07-12,GM,30.920000076293945,32.060001373291016,30.799999237060547,31.530000686645508,30.42115592956543,19773400.0
2022-07-13,GM,30.850000381469727,31.850000381469727,30.360000610351562,31.719999313354492,30.604475021362305,16196700.0
2022-07-14,GM,31.149999618530273,31.649999618530273,30.670000076293945,31.59000015258789,30.479042053222656,14450400.0
2022-07-15,GM,32.25,32.91999816894531,31.709999084472656,32.869998931884766,31.714031219482422,12982900.0
2022-07-18,GM,33.29999923706055,33.59000015258789,32.47999954223633,32.619998931884766,31.472824096679688,12679300.0
2022-07-19,GM,33.349998474121094,34.630001068115234,33.279998779296875,34.400001525878906,33.19022750854492,13186300.0
2022-07-20,GM,34.18000030517578,35.02000045776367,34.04999923706055,34.7599983215332,33.537559509277344,10110600.0
2022-07-21,GM,34.7599983215332,35.130001068115234,34.36000061035156,35.130001068115234,33.89454650878906,10857400.0
2022-07-22,GM,35.16999816894531,35.20000076293945,34.290000915527344,34.66999816894531,33.45073318481445,13616700.0
2022-07-25,GM,34.86000061035156,35.04999923706055,34.130001068115234,34.52000045776367,33.306007385253906,14782700.0
2022-07-26,GM,34.029998779296875,34.08000183105469,33.040000915527344,33.34000015258789,32.16749572753906,14533000.0
2022-07-27,GM,34.02000045776367,34.79999923706055,33.630001068115234,34.68000030517578,33.46037292480469,12292800.0
2022-07-28,GM,35.0099983215332,35.75,34.599998474121094,35.7400016784668,34.48309326171875,11802100.0
2022-07-29,GM,35.75,36.439998626708984,35.38999938964844,36.2599983215332,34.98480987548828,14375900.0
2022-08-01,GM,36.060001373291016,36.97999954223633,35.599998474121094,36.77000045776367,35.47687530517578,12224200.0
2022-08-02,GM,36.31999969482422,36.959999084472656,36.11000061035156,36.130001068115234,34.8593864440918,13124000.0
2022-08-03,GM,36.790000915527344,38.189998626708984,36.75,37.310001373291016,35.99789047241211,16047700.0
2022-08-04,GM,37.02000045776367,37.15999984741211,36.06999969482422,36.22999954223633,34.955867767333984,16882100.0
2022-08-05,GM,35.91999816894531,36.279998779296875,35.59000015258789,36.060001373291016,34.79184341430664,10878600.0
2022-08-08,GM,36.619998931884766,38.18000030517578,36.459999084472656,37.560001373291016,36.23908615112305,17398800.0
2022-08-09,GM,37.27000045776367,37.349998474121094,36.220001220703125,36.619998931884766,35.332149505615234,12752200.0
2022-08-10,GM,37.689998626708984,38.47999954223633,37.4900016784668,37.95000076293945,36.615379333496094,10663300.0
2022-08-11,GM,38.689998626708984,39.040000915527344,38.18000030517578,38.459999084472656,37.10743713378906,10221400.0
2022-08-12,GM,38.83000183105469,39.5099983215332,38.47999954223633,39.47999954223633,38.09157943725586,8905300.0
2022-08-15,GM,38.880001068115234,39.689998626708984,38.810001373291016,39.400001525878906,38.01438522338867,9626400.0
2022-08-16,GM,38.95000076293945,39.599998474121094,38.720001220703125,38.9900016784668,37.618804931640625,13944400.0
2022-08-17,GM,38.189998626708984,38.689998626708984,37.650001525878906,38.400001525878906,37.049560546875,10656700.0
2022-08-18,GM,38.33000183105469,38.900001525878906,38.060001373291016,38.720001220703125,37.35829162597656,7004100.0
2022-08-19,GM,39.2400016784668,40.279998779296875,39.09000015258789,39.70000076293945,38.303829193115234,23306500.0
2022-08-22,GM,38.2400016784668,38.81999969482422,37.91999816894531,38.54999923706055,37.194278717041016,20921400.0
2022-08-23,GM,38.959999084472656,39.40999984741211,38.41999816894531,38.560001373291016,37.20392608642578,15394400.0
2022-08-24,GM,38.61000061035156,39.72999954223633,38.31999969482422,39.25,37.86965560913086,12710300.0
2022-08-25,GM,39.36000061035156,40.779998779296875,39.34000015258789,40.38999938964844,38.969566345214844,15211900.0
2022-08-26,GM,40.75,41.09000015258789,39.220001220703125,39.22999954223633,37.850364685058594,16179500.0
2022-08-29,GM,38.77000045776367,39.97999954223633,38.70000076293945,39.5099983215332,38.120506286621094,13408900.0
2022-08-30,GM,39.7599983215332,39.880001068115234,38.58000183105469,39.130001068115234,37.84007263183594,15090600.0
2022-08-31,GM,39.20000076293945,39.22999954223633,38.119998931884766,38.209999084472656,36.95040512084961,15390300.0
2022-09-01,GM,37.810001373291016,38.599998474121094,37.5099983215332,38.560001373291016,37.28886795043945,11370800.0
2022-09-02,GM,39.31999969482422,39.529998779296875,38.33000183105469,38.470001220703125,37.20183181762695,10860500.0
2022-09-06,GM,38.810001373291016,39.470001220703125,38.40999984741211,38.709999084472656,37.433921813964844,19717300.0
2022-09-07,GM,38.52000045776367,40.16999816894531,38.400001525878906,40.11000061035156,38.78776931762695,15832400.0
2022-09-08,GM,39.45000076293945,40.66999816894531,39.349998474121094,40.5,39.1649169921875,15754700.0
2022-09-09,GM,40.75,41.540000915527344,40.70000076293945,41.290000915527344,39.92886734008789,12912900.0
2022-09-12,GM,41.65999984741211,42.36000061035156,41.40999984741211,42.04999923706055,40.663818359375,16332900.0
2022-09-13,GM,40.599998474121094,41.41999816894531,40.349998474121094,40.529998779296875,39.19392395019531,14841600.0
2022-09-14,GM,40.7400016784668,40.849998474121094,39.7400016784668,40.619998931884766,39.28095626831055,15239200.0
2022-09-15,GM,40.56999969482422,42.130001068115234,40.540000915527344,40.65999984741211,39.31963348388672,15193900.0
2022-09-16,GM,40.060001373291016,40.56999969482422,39.709999084472656,39.970001220703125,38.65239334106445,20899600.0
2022-09-19,GM,39.5,41.439998626708984,39.43000030517578,41.38999938964844,40.025569915771484,13267700.0
2022-09-20,GM,40.22999954223633,40.599998474121094,38.900001525878906,39.060001373291016,37.77238464355469,25401500.0
2022-09-21,GM,39.15999984741211,39.689998626708984,37.66999816894531,37.68000030517578,36.4378776550293,20455600.0
2022-09-22,GM,37.810001373291016,38.040000915527344,37.189998626708984,37.380001068115234,36.147762298583984,13519700.0
2022-09-23,GM,36.470001220703125,36.720001220703125,34.84000015258789,35.47999954223633,34.31039047241211,17888900.0
2022-09-26,GM,35.099998474121094,36.04999923706055,34.66999816894531,35.040000915527344,33.88490295410156,16777700.0
2022-09-27,GM,35.54999923706055,35.68000030517578,34.06999969482422,34.709999084472656,33.56578063964844,13541700.0
2022-09-28,GM,34.75,35.5,34.36000061035156,35.25,34.08798599243164,12046200.0
2022-09-29,GM,34.0099983215332,34.380001068115234,32.81999969482422,33.2599983215332,32.163570404052734,14825100.0
2022-09-30,GM,32.93000030517578,33.209999084472656,32.04999923706055,32.09000015258789,31.032148361206055,16159900.0
2022-10-03,GM,32.459999084472656,33.290000915527344,31.610000610351562,32.869998931884766,31.786434173583984,14697300.0
2022-10-04,GM,34.20000076293945,35.79999923706055,33.91999816894531,35.79999923706055,34.619850158691406,19811700.0
2022-10-05,GM,34.380001068115234,35.02000045776367,33.810001373291016,34.84000015258789,33.69149398803711,18679400.0
2022-10-06,GM,34.58000183105469,35.16999816894531,34.380001068115234,34.630001068115234,33.48841857910156,11435800.0
2022-10-07,GM,34.060001373291016,34.2599983215332,33.400001525878906,33.619998931884766,32.511714935302734,11193900.0
2022-10-10,GM,32.380001068115234,32.619998931884766,31.110000610351562,32.290000915527344,31.225557327270508,22996100.0
2022-10-11,GM,32.0099983215332,32.869998931884766,31.280000686645508,32.09000015258789,31.032148361206055,16763800.0
2022-10-12,GM,32.119998931884766,32.529998779296875,31.600000381469727,32.20000076293945,31.138519287109375,10810300.0
2022-10-13,GM,31.290000915527344,32.970001220703125,31.270000457763672,32.7599983215332,31.680063247680664,17199800.0
2022-10-14,GM,33.06999969482422,33.220001220703125,32.45000076293945,32.88999938964844,31.80577850341797,11994100.0
2022-10-17,GM,33.70000076293945,33.95000076293945,33.060001373291016,33.56999969482422,32.46336364746094,10960500.0
2022-10-18,GM,34.779998779296875,34.900001525878906,33.97999954223633,34.25,33.120941162109375,11144700.0
2022-10-19,GM,33.790000915527344,34.189998626708984,33.29999923706055,33.630001068115234,32.521385192871094,10311300.0
2022-10-20,GM,33.7400016784668,34.150001525878906,33.13999938964844,33.439998626708984,32.337646484375,13579800.0
2022-10-21,GM,33.5,35.0099983215332,33.31999969482422,35.0,33.846221923828125,14094700.0
2022-10-24,GM,34.90999984741211,35.880001068115234,34.459999084472656,35.720001220703125,34.5424919128418,18575100.0
2022-10-25,GM,36.45000076293945,37.47999954223633,35.83000183105469,37.0099983215332,35.78996276855469,25537500.0
2022-10-26,GM,37.36000061035156,38.27000045776367,37.18000030517578,37.86000061035156,36.611942291259766,19638600.0
2022-10-27,GM,38.040000915527344,38.63999938964844,37.40999984741211,38.15999984741211,36.90205383300781,13842600.0
2022-10-28,GM,38.20000076293945,38.880001068115234,38.09000015258789,38.849998474121094,37.569297790527344,10459800.0
2022-10-31,GM,38.54999923706055,39.65999984741211,38.36000061035156,39.25,37.95611572265625,13957700.0
2022-11-01,GM,39.91999816894531,40.099998474121094,38.849998474121094,39.349998474121094,38.05282211303711,10840600.0
2022-11-02,GM,39.220001220703125,40.06999969482422,38.459999084472656,38.52000045776367,37.250179290771484,13324200.0
2022-11-03,GM,37.779998779296875,38.7400016784668,37.650001525878906,38.5099983215332,37.24051284790039,12128600.0
2022-11-04,GM,39.38999938964844,39.7400016784668,38.459999084472656,39.0,37.714351654052734,15089600.0
2022-11-07,GM,39.36000061035156,39.470001220703125,38.689998626708984,39.38999938964844,38.09150314331055,11526900.0
2022-11-08,GM,39.470001220703125,39.5099983215332,38.5099983215332,39.04999923706055,37.76271057128906,10946400.0
2022-11-09,GM,38.54999923706055,38.869998931884766,38.029998779296875,38.060001373291016,36.805355072021484,10526200.0
2022-11-10,GM,39.150001525878906,40.599998474121094,38.86000061035156,39.7400016784668,38.42997360229492,20197600.0
2022-11-11,GM,39.86000061035156,41.58000183105469,39.81999969482422,41.119998931884766,39.76447677612305,13035200.0
2022-11-14,GM,41.0099983215332,41.189998626708984,39.91999816894531,39.93000030517578,38.61370086669922,14968900.0
2022-11-15,GM,40.70000076293945,41.369998931884766,40.0099983215332,40.2400016784668,38.913490295410156,12390000.0
2022-11-16,GM,39.75,39.86000061035156,38.470001220703125,38.470001220703125,37.20183181762695,12032500.0
2022-11-17,GM,38.029998779296875,39.599998474121094,37.470001220703125,38.63999938964844,37.366233825683594,26006900.0
2022-11-18,GM,39.5,39.9900016784668,39.040000915527344,39.77000045776367,38.45897674560547,22849200.0
2022-11-21,GM,39.439998626708984,39.720001220703125,39.0,39.52000045776367,38.21722412109375,12281900.0
2022-11-22,GM,39.88999938964844,40.27000045776367,39.630001068115234,39.970001220703125,38.65239334106445,8394400.0
2022-11-23,GM,39.849998474121094,40.20000076293945,39.56999969482422,40.11000061035156,38.78776931762695,9097000.0
2022-11-25,GM,39.810001373291016,40.470001220703125,39.810001373291016,40.459999084472656,39.12622833251953,4615300.0
2022-11-28,GM,39.91999816894531,40.369998931884766,39.310001373291016,39.380001068115234,38.08182907104492,19395400.0
2022-11-29,GM,39.619998931884766,40.040000915527344,39.540000915527344,39.75,38.43963623046875,10582400.0
2022-11-30,GM,39.97999954223633,40.560001373291016,39.22999954223633,40.560001373291016,39.22293472290039,14805900.0
2022-12-01,GM,40.77000045776367,41.380001068115234,40.41999816894531,40.43000030517578,39.184173583984375,12335100.0
2022-12-02,GM,39.86000061035156,40.13999938964844,39.54999923706055,39.900001525878906,38.67049789428711,9224100.0
2022-12-05,GM,39.470001220703125,39.619998931884766,38.689998626708984,38.790000915527344,37.594703674316406,7633200.0
2022-12-06,GM,38.93000030517578,39.09000015258789,37.349998474121094,38.02000045776367,36.84843063354492,12775500.0
2022-12-07,GM,37.66999816894531,38.33000183105469,37.560001373291016,37.959999084472656,36.790279388427734,11613800.0
2022-12-08,GM,38.06999969482422,38.2599983215332,37.599998474121094,38.20000076293945,37.02288055419922,8622500.0
2022-12-09,GM,37.849998474121094,38.560001373291016,37.779998779296875,38.279998779296875,37.10041046142578,8865500.0
2022-12-12,GM,38.31999969482422,38.66999816894531,38.02000045776367,38.4900016784668,37.303951263427734,13873200.0
2022-12-13,GM,39.65999984741211,40.0099983215332,38.529998779296875,38.77000045776367,37.57532501220703,12154500.0
2022-12-14,GM,38.7400016784668,39.09000015258789,37.959999084472656,38.36000061035156,37.177955627441406,11964600.0
2022-12-15,GM,37.790000915527344,37.79999923706055,37.189998626708984,37.619998931884766,36.46075439453125,11293600.0
2022-12-16,GM,37.029998779296875,37.20000076293945,35.869998931884766,36.150001525878906,35.036048889160156,27530500.0
2022-12-19,GM,36.279998779296875,36.400001525878906,35.36000061035156,35.41999816894531,34.32854461669922,12248000.0
2022-12-20,GM,35.2599983215332,35.59000015258789,34.779998779296875,35.20000076293945,34.115333557128906,10934300.0
2022-12-21,GM,35.720001220703125,36.029998779296875,35.470001220703125,35.900001525878906,34.79376220703125,9959900.0
2022-12-22,GM,35.16999816894531,35.18000030517578,33.279998779296875,33.529998779296875,32.496795654296875,20227800.0
2022-12-23,GM,33.68000030517578,33.880001068115234,33.18000030517578,33.83000183105469,32.78754425048828,10619100.0
2022-12-27,GM,33.52000045776367,33.75,33.02000045776367,33.31999969482422,32.29325866699219,9984400.0
2022-12-28,GM,33.31999969482422,33.5,32.52000045776367,32.529998779296875,31.527603149414062,9550900.0
2022-12-29,GM,32.81999969482422,33.66999816894531,32.81999969482422,33.66999816894531,32.632476806640625,11634900.0
2022-12-30,GM,33.33000183105469,33.7599983215332,33.22999954223633,33.63999938964844,32.60340881347656,11807400.0
2023-01-03,GM,34.02000045776367,34.34000015258789,33.400001525878906,33.81999969482422,32.77785110473633,11793300.0
2023-01-04,GM,34.290000915527344,34.95000076293945,34.09000015258789,34.689998626708984,33.62104797363281,11326300.0
2023-01-05,GM,34.20000076293945,35.439998626708984,34.119998931884766,35.0,33.92148971557617,11932000.0
2023-01-06,GM,34.689998626708984,36.0099983215332,34.54999923706055,35.90999984741211,34.80344772338867,9783500.0
2023-01-09,GM,36.529998779296875,36.84000015258789,35.849998474121094,35.91999816894531,34.81314468383789,11617900.0
2023-01-10,GM,36.13999938964844,37.13999938964844,35.900001525878906,37.11000061035156,35.96647644042969,10280400.0
2023-01-11,GM,37.349998474121094,38.11000061035156,37.150001525878906,37.81999969482422,36.65459442138672,15190300.0
2023-01-12,GM,38.13999938964844,38.61000061035156,37.83000183105469,38.33000183105469,37.14887619018555,15318500.0
2023-01-13,GM,36.47999954223633,36.72999954223633,35.810001373291016,36.5099983215332,35.38495635986328,21242800.0
2023-01-17,GM,36.5,37.13999938964844,36.209999084472656,36.61000061035156,35.481876373291016,13916100.0
2023-01-18,GM,37.060001373291016,37.529998779296875,36.41999816894531,36.439998626708984,35.317115783691406,11322700.0
2023-01-19,GM,35.650001525878906,36.02000045776367,35.130001068115234,35.72999954223633,34.62899398803711,11403600.0
2023-01-20,GM,35.68000030517578,36.0099983215332,35.279998779296875,35.349998474121094,34.26070785522461,17187200.0
2023-01-23,GM,35.689998626708984,36.599998474121094,35.529998779296875,36.439998626708984,35.317115783691406,17001900.0
2023-01-24,GM,36.0,36.65999984741211,35.81999969482422,36.20000076293945,35.08451843261719,12072100.0
2023-01-25,GM,35.9900016784668,36.54999923706055,35.380001068115234,36.31999969482422,35.20081329345703,13715600.0
2023-01-26,GM,36.9900016784668,37.18000030517578,36.22999954223633,36.47999954223633,35.35588455200195,19559000.0
2023-01-27,GM,36.58000183105469,38.2400016784668,36.439998626708984,37.95000076293945,36.78059005737305,21995400.0
2023-01-30,GM,36.75,37.279998779296875,36.220001220703125,36.290000915527344,35.1717414855957,23596800.0
2023-01-31,GM,38.93000030517578,39.72999954223633,38.33000183105469,39.31999969482422,38.10837173461914,47396300.0
2023-02-01,GM,39.45000076293945,39.84000015258789,38.560001373291016,39.29999923706055,38.0889892578125,25569500.0
2023-02-02,GM,40.279998779296875,42.04999923706055,39.91999816894531,41.5,40.22119903564453,28757000.0
2023-02-03,GM,40.650001525878906,41.9900016784668,40.310001373291016,41.130001068115234,39.86260986328125,18566700.0
2023-02-06,GM,40.900001525878906,41.61000061035156,40.77000045776367,41.34000015258789,40.06612777709961,14285700.0
2023-02-07,GM,41.2599983215332,41.779998779296875,40.7400016784668,41.400001525878906,40.1242790222168,11542500.0
2023-02-08,GM,41.08000183105469,42.099998474121094,40.97999954223633,41.56999969482422,40.28903579711914,12318500.0
2023-02-09,GM,42.09000015258789,42.9900016784668,41.4900016784668,41.630001068115234,40.34719467163086,20848900.0
2023-02-10,GM,41.2400016784668,41.630001068115234,40.959999084472656,41.349998474121094,40.0758171081543,11447400.0
2023-02-13,GM,40.72999954223633,42.08000183105469,40.720001220703125,42.02000045776367,40.725181579589844,12854800.0
2023-02-14,GM,41.70000076293945,42.72999954223633,41.689998626708984,42.43000030517578,41.12253952026367,13012400.0
2023-02-15,GM,42.13999938964844,42.97999954223633,42.04999923706055,42.95000076293945,41.62651824951172,11660100.0
2023-02-16,GM,42.38999938964844,43.630001068115234,42.22999954223633,43.099998474121094,41.77189254760742,14549600.0
2023-02-17,GM,43.0,43.16999816894531,42.189998626708984,43.16999816894531,41.83974075317383,13034100.0
2023-02-21,GM,42.43000030517578,43.08000183105469,41.09000015258789,41.130001068115234,39.86260986328125,12320100.0
2023-02-22,GM,41.22999954223633,41.470001220703125,40.630001068115234,40.88999938964844,39.630001068115234,9870000.0
2023-02-23,GM,41.04999923706055,41.2599983215332,38.869998931884766,39.25,38.04052734375,19930700.0
2023-02-24,GM,38.90999984741211,39.31999969482422,38.459999084472656,39.18000030517578,37.972686767578125,12929600.0
2023-02-27,GM,39.529998779296875,40.0099983215332,39.13999938964844,39.310001373291016,38.09867477416992,17310600.0
2023-02-28,GM,39.209999084472656,39.2400016784668,38.4900016784668,38.7400016784668,37.54624938964844,17166700.0
2023-03-01,GM,38.68000030517578,39.33000183105469,38.63999938964844,38.720001220703125,37.52686309814453,14164800.0
2023-03-02,GM,38.40999984741211,39.560001373291016,38.119998931884766,39.529998779296875,38.40115737915039,12908600.0
2023-03-03,GM,40.38999938964844,41.349998474121094,40.25,41.0099983215332,39.83889389038086,13429700.0
2023-03-06,GM,41.02000045776367,41.189998626708984,40.25,40.45000076293945,39.29488754272461,9810000.0
2023-03-07,GM,40.220001220703125,40.43000030517578,39.619998931884766,39.7400016784668,38.605167388916016,12126900.0
2023-03-08,GM,39.70000076293945,40.02000045776367,39.369998931884766,39.7599983215332,38.62459182739258,10674800.0
2023-03-09,GM,39.52000045776367,39.70000076293945,37.7599983215332,37.81999969482422,36.739990234375,15604100.0
2023-03-10,GM,37.70000076293945,37.779998779296875,36.2599983215332,36.52000045776367,35.47711944580078,14139400.0
2023-03-13,GM,35.619998931884766,36.310001373291016,34.86000061035156,35.7599983215332,34.73881912231445,21584200.0
2023-03-14,GM,36.459999084472656,36.66999816894531,35.08000183105469,35.599998474121094,34.58338165283203,18938200.0
2023-03-15,GM,34.61000061035156,34.619998931884766,33.630001068115234,34.33000183105469,33.34965896606445,17992100.0
2023-03-16,GM,33.849998474121094,34.91999816894531,33.7599983215332,34.61000061035156,33.62166213989258,23883900.0
2023-03-17,GM,34.279998779296875,34.279998779296875,33.119998931884766,33.380001068115234,32.42678451538086,27743500.0
2023-03-20,GM,33.45000076293945,34.25,33.27000045776367,33.619998931884766,32.65992736816406,14938800.0
2023-03-21,GM,34.630001068115234,35.31999969482422,34.459999084472656,35.099998474121094,34.097660064697266,13685100.0
2023-03-22,GM,35.130001068115234,35.31999969482422,34.029998779296875,34.04999923706055,33.0776481628418,12929700.0
2023-03-23,GM,34.369998931884766,34.7599983215332,33.16999816894531,33.7400016784668,32.77650451660156,12585400.0
2023-03-24,GM,33.459999084472656,33.779998779296875,32.9900016784668,33.709999084472656,32.74736404418945,11912100.0
2023-03-27,GM,34.31999969482422,34.540000915527344,33.75,34.45000076293945,33.46622848510742,11318400.0
2023-03-28,GM,34.459999084472656,34.650001525878906,34.04999923706055,34.220001220703125,33.242794036865234,12214200.0
2023-03-29,GM,34.88999938964844,35.72999954223633,34.709999084472656,35.70000076293945,34.680538177490234,13290000.0
2023-03-30,GM,36.25,36.47999954223633,35.869998931884766,35.9900016784668,34.96225357055664,9300200.0
2023-03-31,GM,36.27000045776367,36.720001220703125,36.130001068115234,36.68000030517578,35.632545471191406,10872700.0
2023-04-03,GM,36.380001068115234,36.81999969482422,35.9900016784668,36.27000045776367,35.2342529296875,10887900.0
2023-04-04,GM,36.5099983215332,36.540000915527344,35.290000915527344,35.7400016784668,34.719383239746094,11279900.0
2023-04-05,GM,35.27000045776367,35.380001068115234,34.400001525878906,35.09000015258789,34.087947845458984,10949400.0
2023-04-06,GM,35.0,35.09000015258789,34.470001220703125,34.59000015258789,33.602230072021484,10068100.0
2023-04-10,GM,34.349998474121094,35.7400016784668,34.2599983215332,35.72999954223633,34.70967102050781,11530400.0
2023-04-11,GM,35.880001068115234,35.970001220703125,35.34000015258789,35.40999984741211,34.39881134033203,16410500.0
2023-04-12,GM,35.9900016784668,36.060001373291016,34.529998779296875,34.619998931884766,33.63137435913086,12027400.0
2023-04-13,GM,34.560001373291016,34.689998626708984,33.720001220703125,34.529998779296875,33.5439453125,16066200.0
2023-04-14,GM,34.75,35.290000915527344,34.25,34.4900016784668,33.505088806152344,9162900.0
2023-04-17,GM,34.380001068115234,35.150001525878906,34.33000183105469,35.13999938964844,34.13652420043945,10248900.0
2023-04-18,GM,35.45000076293945,35.56999969482422,35.06999969482422,35.33000183105469,34.321102142333984,9444600.0
2023-04-19,GM,34.869998931884766,34.880001068115234,34.220001220703125,34.58000183105469,33.59251403808594,11002300.0
2023-04-20,GM,33.279998779296875,33.72999954223633,32.84000015258789,33.540000915527344,32.58221435546875,15294800.0
2023-04-21,GM,33.529998779296875,33.77000045776367,32.970001220703125,33.54999923706055,32.59192657470703,12358700.0
2023-04-24,GM,33.77000045776367,34.400001525878906,33.560001373291016,34.290000915527344,33.31079864501953,16836800.0
2023-04-25,GM,33.9900016784668,34.08000183105469,32.68000030517578,32.90999984741211,31.970199584960938,34044400.0
2023-04-26,GM,32.900001525878906,33.119998931884766,32.08000183105469,32.220001220703125,31.299909591674805,18780900.0
2023-04-27,GM,32.36000061035156,32.81999969482422,31.84000015258789,32.720001220703125,31.785633087158203,19730100.0
2023-04-28,GM,32.41999816894531,33.29999923706055,32.40999984741211,33.040000915527344,32.09649658203125,15510700.0
2023-05-01,GM,34.0,34.279998779296875,33.439998626708984,33.47999954223633,32.52392578125,16892300.0
2023-05-02,GM,33.20000076293945,33.40999984741211,32.5099983215332,33.08000183105469,32.13534927368164,14527600.0
2023-05-03,GM,32.7599983215332,33.38999938964844,32.369998931884766,32.47999954223633,31.552486419677734,13494400.0
2023-05-04,GM,32.29999923706055,32.66999816894531,31.559999465942383,31.690000534057617,30.785043716430664,14807400.0
2023-05-05,GM,32.31999969482422,33.400001525878906,32.209999084472656,33.2599983215332,32.310203552246094,17191100.0
2023-05-08,GM,33.38999938964844,33.7400016784668,33.130001068115234,33.65999984741211,32.698787689208984,11267400.0
2023-05-09,GM,33.31999969482422,33.56999969482422,33.060001373291016,33.279998779296875,32.32963943481445,11841900.0
2023-05-10,GM,33.869998931884766,33.970001220703125,32.599998474121094,33.08000183105469,32.13534927368164,15418400.0
2023-05-11,GM,32.849998474121094,33.279998779296875,32.849998474121094,33.119998931884766,32.17420959472656,12319500.0
2023-05-12,GM,33.25,33.279998779296875,32.130001068115234,32.400001525878906,31.474769592285156,13035500.0
2023-05-15,GM,32.38999938964844,32.470001220703125,32.119998931884766,32.369998931884766,31.44562530517578,18841100.0
2023-05-16,GM,32.060001373291016,32.2400016784668,31.5,31.540000915527344,30.639326095581055,11069600.0
2023-05-17,GM,31.809999465942383,32.59000015258789,31.639999389648438,32.439998626708984,31.513626098632812,11269500.0
2023-05-18,GM,32.279998779296875,32.959999084472656,32.25,32.900001525878906,31.960494995117188,14241000.0
2023-05-19,GM,33.119998931884766,33.16999816894531,32.4900016784668,32.65999984741211,31.72734260559082,12603900.0
2023-05-22,GM,32.709999084472656,32.93000030517578,32.38999938964844,32.86000061035156,31.921634674072266,8866400.0
2023-05-23,GM,33.0,33.84000015258789,32.939998626708984,33.41999816894531,32.465641021728516,17717900.0
2023-05-24,GM,33.0,33.040000915527344,32.0099983215332,32.279998779296875,31.35819435119629,13357500.0
2023-05-25,GM,32.15999984741211,32.63999938964844,32.130001068115234,32.40999984741211,31.484479904174805,10492700.0
2023-05-26,GM,32.619998931884766,33.4900016784668,32.349998474121094,33.290000915527344,32.339351654052734,13656800.0
2023-05-30,GM,33.70000076293945,34.279998779296875,33.31999969482422,33.36000061035156,32.40735626220703,12671700.0
2023-05-31,GM,32.95000076293945,33.04999923706055,31.860000610351562,32.40999984741211,31.484479904174805,17934200.0
2023-06-01,GM,32.4900016784668,33.29999923706055,32.13999938964844,33.02000045776367,32.166385650634766,12466700.0
2023-06-02,GM,33.65999984741211,34.47999954223633,33.470001220703125,34.279998779296875,33.39381790161133,15316600.0
2023-06-05,GM,34.45000076293945,34.45000076293945,33.65999984741211,34.130001068115234,33.24769592285156,10067800.0
2023-06-06,GM,34.0,35.380001068115234,33.97999954223633,35.2400016784668,34.329002380371094,15596900.0
2023-06-07,GM,35.38999938964844,36.459999084472656,35.22999954223633,36.220001220703125,35.28365707397461,23167200.0
2023-06-08,GM,36.20000076293945,36.439998626708984,35.68000030517578,35.849998474121094,34.92322540283203,16196100.0
2023-06-09,GM,37.4900016784668,38.16999816894531,36.22999954223633,36.22999954223633,35.29340362548828,24318900.0
2023-06-12,GM,36.27000045776367,37.02000045776367,36.2599983215332,36.66999816894531,35.72202682495117,14901900.0
2023-06-13,GM,36.959999084472656,37.84000015258789,36.959999084472656,37.650001525878906,36.67669677734375,16449900.0
2023-06-14,GM,37.84000015258789,37.970001220703125,37.040000915527344,37.36000061035156,36.39419174194336,14879200.0
2023-06-15,GM,37.189998626708984,38.2599983215332,37.18000030517578,38.029998779296875,37.04686737060547,15692500.0
2023-06-16,GM,38.119998931884766,38.25,37.650001525878906,37.959999084472656,36.97868347167969,14523200.0
2023-06-20,GM,37.70000076293945,37.84000015258789,36.91999816894531,37.31999969482422,36.355224609375,14380100.0
2023-06-21,GM,37.310001373291016,37.310001373291016,36.880001068115234,37.0099983215332,36.05324172973633,9085800.0
2023-06-22,GM,36.779998779296875,36.959999084472656,36.36000061035156,36.65999984741211,35.71228790283203,8616300.0
2023-06-23,GM,35.93000030517578,36.439998626708984,35.79999923706055,36.18000030517578,35.24469757080078,10201800.0
2023-06-26,GM,36.029998779296875,36.9900016784668,36.029998779296875,36.70000076293945,35.75125503540039,11904900.0
2023-06-27,GM,37.0099983215332,37.52000045776367,36.45000076293945,37.47999954223633,36.51108932495117,9125200.0
2023-06-28,GM,37.5,38.209999084472656,37.40999984741211,38.189998626708984,37.202735900878906,12882100.0
2023-06-29,GM,38.33000183105469,38.619998931884766,38.0,38.20000076293945,37.21247863769531,10460300.0
2023-06-30,GM,38.310001373291016,38.86000061035156,38.0,38.560001373291016,37.563175201416016,11613700.0
2023-07-03,GM,38.7400016784668,39.13999938964844,38.630001068115234,38.959999084472656,37.95283126831055,5578300.0
2023-07-05,GM,39.099998474121094,39.540000915527344,38.90999984741211,39.41999816894531,38.40093231201172,12110000.0
2023-07-06,GM,38.91999816894531,39.470001220703125,38.599998474121094,39.459999084472656,38.439903259277344,13108100.0
2023-07-07,GM,39.540000915527344,39.97999954223633,39.31999969482422,39.61000061035156,38.58603286743164,10608500.0
2023-07-10,GM,39.58000183105469,39.75,39.189998626708984,39.63999938964844,38.6152458190918,10507300.0
2023-07-11,GM,39.56999969482422,40.099998474121094,39.15999984741211,39.970001220703125,38.93672561645508,11395900.0
2023-07-12,GM,40.84000015258789,40.970001220703125,40.380001068115234,40.40999984741211,39.3653450012207,14534200.0
2023-07-13,GM,40.720001220703125,41.040000915527344,40.40999984741211,40.5,39.453025817871094,12446400.0
2023-07-14,GM,40.61000061035156,40.70000076293945,39.939998626708984,40.0,38.965946197509766,11047700.0
2023-07-17,GM,39.47999954223633,39.540000915527344,38.5099983215332,38.75,37.74825668334961,16143000.0
2023-07-18,GM,38.7400016784668,39.189998626708984,38.54999923706055,39.130001068115234,38.11843490600586,13304800.0
2023-07-19,GM,39.29999923706055,39.58000183105469,39.15999984741211,39.22999954223633,38.21585464477539,12775300.0
2023-07-20,GM,38.970001220703125,39.33000183105469,38.720001220703125,39.2599983215332,38.24507141113281,10626400.0
2023-07-21,GM,39.63999938964844,39.66999816894531,38.34000015258789,38.54999923706055,37.553428649902344,13621900.0
2023-07-24,GM,38.869998931884766,39.47999954223633,38.7599983215332,39.29999923706055,38.28404235839844,18209200.0
2023-07-25,GM,37.72999954223633,38.779998779296875,37.11000061035156,37.91999816894531,36.93971252441406,30599100.0
2023-07-26,GM,37.959999084472656,38.45000076293945,37.63999938964844,38.290000915527344,37.300148010253906,15673500.0
2023-07-27,GM,38.72999954223633,39.45000076293945,38.529998779296875,38.970001220703125,37.96257019042969,17589300.0
2023-07-28,GM,38.75,38.97999954223633,37.7400016784668,38.04999923706055,37.06635665893555,17473700.0
2023-07-31,GM,38.150001525878906,38.369998931884766,37.79999923706055,38.369998931884766,37.378082275390625,12138200.0
2023-08-01,GM,38.040000915527344,38.36000061035156,37.900001525878906,38.119998931884766,37.13454055786133,10232100.0
2023-08-02,GM,37.630001068115234,37.83000183105469,37.2599983215332,37.38999938964844,36.42341613769531,15516400.0
2023-08-03,GM,37.189998626708984,37.189998626708984,36.630001068115234,36.91999816894531,35.96556854248047,14754800.0
2023-08-04,GM,36.849998474121094,37.09000015258789,36.369998931884766,36.56999969482422,35.624610900878906,12408900.0
2023-08-07,GM,36.83000183105469,37.099998474121094,36.36000061035156,37.09000015258789,36.13117599487305,9910700.0
2023-08-08,GM,36.279998779296875,36.880001068115234,36.099998474121094,36.84000015258789,35.887638092041016,10281700.0
2023-08-09,GM,36.5,36.810001373291016,36.209999084472656,36.2599983215332,35.3226318359375,8254500.0
2023-08-10,GM,36.29999923706055,36.36000061035156,34.0,34.15999984741211,33.276912689208984,25601500.0
2023-08-11,GM,34.029998779296875,34.16999816894531,33.41999816894531,33.88999938964844,33.01389694213867,20519900.0
2023-08-14,GM,33.45000076293945,34.209999084472656,33.41999816894531,34.06999969482422,33.189239501953125,15853800.0
2023-08-15,GM,33.599998474121094,33.779998779296875,33.220001220703125,33.29999923706055,32.439144134521484,13365800.0
2023-08-16,GM,33.150001525878906,33.279998779296875,32.709999084472656,32.81999969482422,31.971553802490234,15254600.0
2023-08-17,GM,33.06999969482422,33.33000183105469,32.7599983215332,32.91999816894531,32.0689697265625,11476100.0
2023-08-18,GM,32.58000183105469,33.20000076293945,32.56999969482422,33.119998931884766,32.263797760009766,11779900.0
2023-08-21,GM,33.25,33.40999984741211,32.97999954223633,33.27000045776367,32.4099235534668,10766100.0
2023-08-22,GM,33.470001220703125,33.47999954223633,32.849998474121094,32.93000030517578,32.07871627807617,8633800.0
2023-08-23,GM,32.84000015258789,33.56999969482422,32.7599983215332,33.560001373291016,32.69242858886719,10262700.0
2023-08-24,GM,33.400001525878906,33.58000183105469,32.7599983215332,32.880001068115234,32.030006408691406,7875600.0
2023-08-25,GM,33.06999969482422,33.29999923706055,32.04999923706055,32.95000076293945,32.098201751708984,14298000.0
2023-08-28,GM,33.2599983215332,33.45000076293945,32.93000030517578,33.119998931884766,32.263797760009766,7393500.0
2023-08-29,GM,33.220001220703125,33.5099983215332,33.08000183105469,33.459999084472656,32.59501647949219,7511900.0
2023-08-30,GM,33.459999084472656,33.70000076293945,33.349998474121094,33.38999938964844,32.526824951171875,7856500.0
2023-08-31,GM,33.5099983215332,34.029998779296875,33.290000915527344,33.5099983215332,32.73194885253906,10168400.0
2023-09-01,GM,33.59000015258789,33.84000015258789,33.2599983215332,33.540000915527344,32.76124954223633,8804800.0
2023-09-05,GM,33.36000061035156,33.47999954223633,33.029998779296875,33.279998779296875,32.50728988647461,9169600.0
2023-09-06,GM,33.04999923706055,33.40999984741211,32.529998779296875,32.81999969482422,32.05796432495117,11731900.0
2023-09-07,GM,32.40999984741211,32.619998931884766,32.02000045776367,32.56999969482422,31.81377410888672,12291800.0
2023-09-08,GM,32.599998474121094,33.130001068115234,32.540000915527344,32.95000076293945,32.18495178222656,12121900.0
2023-09-11,GM,33.08000183105469,33.27000045776367,32.5,32.619998931884766,31.862611770629883,11777000.0
2023-09-12,GM,32.7599983215332,33.77000045776367,32.7599983215332,33.470001220703125,32.69287109375,15578400.0
2023-09-13,GM,33.939998626708984,34.29999923706055,33.43000030517578,33.65999984741211,32.87846755981445,14287400.0
2023-09-14,GM,33.599998474121094,33.79999923706055,33.029998779296875,33.65999984741211,32.87846755981445,11797300.0
2023-09-15,GM,33.540000915527344,34.599998474121094,33.41999816894531,33.95000076293945,33.161739349365234,19709700.0
2023-09-18,GM,33.75,33.95000076293945,33.310001373291016,33.34000015258789,32.565895080566406,10471500.0
2023-09-19,GM,33.45000076293945,34.310001373291016,33.349998474121094,33.959999084472656,33.17149353027344,9546700.0
2023-09-20,GM,34.08000183105469,34.130001068115234,33.15999984741211,33.20000076293945,32.42914962768555,10807900.0
2023-09-21,GM,32.90999984741211,33.439998626708984,32.689998626708984,32.709999084472656,31.950517654418945,11338000.0
2023-09-22,GM,33.0,33.58000183105469,32.5,32.58000183105469,31.82353973388672,14272000.0
2023-09-25,GM,32.380001068115234,33.189998626708984,32.27000045776367,33.060001373291016,32.292396545410156,7283400.0
2023-09-26,GM,32.61000061035156,33.0099983215332,32.209999084472656,32.2599983215332,31.510971069335938,8250800.0
2023-09-27,GM,32.40999984741211,32.54999923706055,31.969999313354492,32.349998474121094,31.598880767822266,8339100.0
2023-09-28,GM,32.290000915527344,33.400001525878906,32.06999969482422,33.15999984741211,32.39006805419922,12673800.0
2023-09-29,GM,33.310001373291016,33.41999816894531,32.7599983215332,32.970001220703125,32.20448684692383,13587900.0
2023-10-02,GM,32.84000015258789,33.060001373291016,32.15999984741211,32.470001220703125,31.716096878051758,10966100.0
2023-10-03,GM,32.04999923706055,32.189998626708984,31.309999465942383,31.3799991607666,30.65140151977539,13060900.0
2023-10-04,GM,31.350000381469727,31.5,30.6299991607666,31.040000915527344,30.31929588317871,13412200.0
2023-10-05,GM,30.780000686645508,31.139999389648438,29.719999313354492,30.309999465942383,29.606245040893555,25255400.0
2023-10-06,GM,30.100000381469727,31.360000610351562,29.8700008392334,30.899999618530273,30.18255043029785,22422200.0
2023-10-09,GM,30.489999771118164,31.270000457763672,30.329999923706055,30.989999771118164,30.270458221435547,9112000.0
2023-10-10,GM,30.889999389648438,31.65999984741211,30.709999084472656,31.479999542236328,30.749080657958984,11985700.0
2023-10-11,GM,31.729999542236328,31.979999542236328,30.780000686645508,30.979999542236328,30.26068687438965,10673700.0
2023-10-12,GM,30.690000534057617,30.700000762939453,30.030000686645508,30.31999969482422,29.616018295288086,11355500.0
2023-10-13,GM,30.0,30.229999542236328,29.540000915527344,29.65999984741211,28.971338272094727,16710500.0
2023-10-16,GM,29.90999984741211,30.18000030517578,29.649999618530273,30.059999465942383,29.362049102783203,14711500.0
2023-10-17,GM,29.799999237060547,30.610000610351562,29.780000686645508,30.329999923706055,29.625783920288086,19812300.0
2023-10-18,GM,29.84000015258789,29.989999771118164,29.459999084472656,29.479999542236328,28.795516967773438,14318900.0
2023-10-19,GM,29.100000381469727,29.959999084472656,29.059999465942383,29.329999923706055,28.649003982543945,18053800.0
2023-10-20,GM,29.8799991607666,30.25,29.450000762939453,29.65999984741211,28.971338272094727,21643500.0
2023-10-23,GM,29.329999923706055,29.899999618530273,29.209999084472656,29.219999313354492,28.541555404663086,17917700.0
2023-10-24,GM,28.389999389648438,29.780000686645508,28.010000228881836,28.559999465942383,27.896881103515625,26058100.0
2023-10-25,GM,28.549999237060547,29.139999389648438,27.709999084472656,29.010000228881836,28.3364315032959,24400400.0
2023-10-26,GM,29.809999465942383,30.219999313354492,28.43000030517578,28.549999237060547,27.88711166381836,22788200.0
2023-10-27,GM,28.489999771118164,28.6299991607666,27.1200008392334,27.219999313354492,26.587993621826172,25825600.0
2023-10-30,GM,27.549999237060547,27.719999313354492,26.790000915527344,27.360000610351562,26.724740982055664,23227300.0
2023-10-31,GM,27.5,28.309999465942383,27.34000015258789,28.200000762939453,27.545238494873047,17507200.0
2023-11-01,GM,28.729999542236328,28.799999237060547,27.729999542236328,28.0,27.349882125854492,17364000.0
2023-11-02,GM,28.440000534057617,28.860000610351562,28.15999984741211,28.799999237060547,28.13130760192871,15531400.0
2023-11-03,GM,29.3799991607666,30.059999465942383,29.329999923706055,29.770000457763672,29.078786849975586,17424100.0
2023-11-06,GM,29.770000457763672,29.81999969482422,28.989999771118164,29.110000610351562,28.43410873413086,12412100.0
2023-11-07,GM,28.809999465942383,28.950000762939453,28.059999465942383,28.40999984741211,27.75035858154297,18254100.0
2023-11-08,GM,28.34000015258789,28.360000610351562,27.520000457763672,27.559999465942383,26.920095443725586,18282600.0
2023-11-09,GM,27.709999084472656,27.709999084472656,26.6299991607666,26.649999618530273,26.031227111816406,16045900.0
2023-11-10,GM,26.709999084472656,27.0,26.299999237060547,26.850000381469727,26.226587295532227,16946700.0
2023-11-13,GM,26.729999542236328,27.110000610351562,26.639999389648438,26.899999618530273,26.275423049926758,16394300.0
2023-11-14,GM,27.450000762939453,28.420000076293945,27.40999984741211,28.200000762939453,27.545238494873047,24219700.0
2023-11-15,GM,28.06999969482422,28.229999542236328,27.729999542236328,28.139999389648438,27.48662757873535,19628900.0
2023-11-16,GM,27.93000030517578,28.190000534057617,27.420000076293945,27.479999542236328,26.841955184936523,16692000.0
2023-11-17,GM,27.860000610351562,28.030000686645508,27.530000686645508,28.030000686645508,27.379186630249023,19919800.0
2023-11-20,GM,28.18000030517578,28.770000457763672,28.139999389648438,28.520000457763672,27.857807159423828,19348500.0
2023-11-21,GM,28.25,28.56999969482422,27.700000762939453,27.899999618530273,27.25220489501953,19693500.0
2023-11-22,GM,28.059999465942383,28.350000381469727,27.84000015258789,28.100000381469727,27.44755744934082,11338100.0
2023-11-24,GM,28.170000076293945,28.5,28.1200008392334,28.18000030517578,27.52570152282715,6941400.0
2023-11-27,GM,28.020000457763672,28.520000457763672,27.940000534057617,28.5,27.838274002075195,19878800.0
2023-11-28,GM,28.440000534057617,29.0,28.329999923706055,28.889999389648438,28.219215393066406,18156700.0
2023-11-29,GM,31.8700008392334,32.290000915527344,31.420000076293945,31.600000381469727,30.866296768188477,85193700.0
2023-11-30,GM,31.75,32.27000045776367,31.579999923706055,31.600000381469727,30.954456329345703,45236500.0
2023-12-01,GM,31.520000457763672,32.59000015258789,31.520000457763672,32.36000061035156,31.698932647705078,31661700.0
2023-12-04,GM,32.66999816894531,33.439998626708984,32.599998474121094,33.06999969482422,32.39442825317383,29590100.0
2023-12-05,GM,32.959999084472656,33.43000030517578,32.65999984741211,32.68000030517578,32.01239013671875,25717600.0
2023-12-06,GM,33.04999923706055,33.66999816894531,32.869998931884766,32.90999984741211,32.23769760131836,21736200.0
2023-12-07,GM,32.97999954223633,33.619998931884766,32.810001373291016,33.5099983215332,32.825435638427734,20158800.0
2023-12-08,GM,33.5099983215332,34.31999969482422,33.5099983215332,33.75,33.0605354309082,20280200.0
2023-12-11,GM,33.5,34.02000045776367,33.439998626708984,33.58000183105469,32.894012451171875,23314400.0
2023-12-12,GM,33.5,33.90999984741211,33.36000061035156,33.41999816894531,32.737274169921875,22492100.0
2023-12-13,GM,33.29999923706055,34.060001373291016,32.83000183105469,33.9900016784668,33.295631408691406,28807100.0
2023-12-14,GM,34.619998931884766,36.31999969482422,34.54999923706055,36.25,35.50946044921875,35593100.0
2023-12-15,GM,36.29999923706055,36.4900016784668,35.619998931884766,35.72999954223633,35.00008010864258,34158100.0
2023-12-18,GM,35.779998779296875,36.15999984741211,35.43000030517578,35.439998626708984,34.716007232666016,18151800.0
2023-12-19,GM,35.5099983215332,35.9900016784668,35.369998931884766,35.869998931884766,35.137229919433594,11875400.0
2023-12-20,GM,35.72999954223633,36.400001525878906,35.459999084472656,35.470001220703125,34.745399475097656,16585400.0
2023-12-21,GM,35.83000183105469,36.31999969482422,35.689998626708984,36.25,35.50946044921875,18421900.0
2023-12-22,GM,36.11000061035156,36.619998931884766,35.84000015258789,36.02000045776367,35.28416442871094,15027600.0
2023-12-26,GM,36.02000045776367,36.41999816894531,36.02000045776367,36.130001068115234,35.39191818237305,10733900.0
2023-12-27,GM,36.099998474121094,36.2599983215332,35.70000076293945,36.08000183105469,35.34293746948242,11128500.0
2023-12-28,GM,36.0,36.2400016784668,35.90999984741211,36.20000076293945,35.460487365722656,9719400.0
2023-12-29,GM,36.130001068115234,36.459999084472656,35.86000061035156,35.91999816894531,35.18620681762695,14127700.0
2024-01-02,GM,35.63999938964844,36.630001068115234,35.439998626708984,36.04999923706055,35.31354904174805,17501300.0
2024-01-03,GM,35.5099983215332,35.619998931884766,34.70000076293945,35.27000045776367,34.54948043823242,20308800.0
2024-01-04,GM,35.65999984741211,35.97999954223633,35.279998779296875,35.4900016784668,34.76499557495117,20138000.0
2024-01-05,GM,35.5099983215332,36.61000061035156,35.439998626708984,35.9900016784668,35.2547721862793,15019200.0
2024-01-08,GM,35.83000183105469,36.849998474121094,35.81999969482422,36.70000076293945,35.95026779174805,13774800.0
2024-01-09,GM,36.349998474121094,36.72999954223633,36.189998626708984,36.540000915527344,35.793540954589844,13892800.0
2024-01-10,GM,36.56999969482422,36.619998931884766,35.9900016784668,36.310001373291016,35.568233489990234,16042600.0
2024-01-11,GM,36.11000061035156,36.25,35.61000061035156,35.86000061035156,35.12742614746094,14628200.0
2024-01-12,GM,35.66999816894531,36.119998931884766,35.20000076293945,35.2599983215332,34.5396842956543,16651500.0
2024-01-16,GM,34.72999954223633,35.58000183105469,34.619998931884766,35.38999938964844,34.667030334472656,18287200.0
2024-01-17,GM,34.83000183105469,35.209999084472656,34.72999954223633,35.0099983215332,34.29479217529297,15352800.0
2024-01-18,GM,35.29999923706055,35.36000061035156,34.31999969482422,34.58000183105469,33.87358093261719,22571800.0
2024-01-19,GM,34.59000015258789,35.65999984741211,34.34000015258789,35.5099983215332,34.784576416015625,17599000.0
2024-01-22,GM,35.54999923706055,36.04999923706055,35.279998779296875,35.31999969482422,34.59846496582031,15127100.0
2024-01-23,GM,35.619998931884766,35.7599983215332,34.939998626708984,35.22999954223633,34.51029968261719,16822800.0
2024-01-24,GM,35.290000915527344,35.599998474121094,34.560001373291016,34.70000076293945,33.99112319946289,15483400.0
2024-01-25,GM,34.959999084472656,35.2599983215332,34.709999084472656,35.15999984741211,34.44173049926758,21520300.0
2024-01-26,GM,35.15999984741211,35.54999923706055,35.040000915527344,35.18000030517578,34.46132278442383,14190100.0
2024-01-29,GM,35.20000076293945,35.61000061035156,34.93000030517578,35.38999938964844,34.667030334472656,24054800.0
2024-01-30,GM,38.349998474121094,38.959999084472656,37.400001525878906,38.150001525878906,37.37065124511719,57982600.0
2024-01-31,GM,38.20000076293945,39.75,38.130001068115234,38.79999923706055,38.00736618041992,34203100.0
2024-02-01,GM,39.18000030517578,39.310001373291016,38.529998779296875,38.869998931884766,38.0759391784668,21343000.0
2024-02-02,GM,38.529998779296875,39.189998626708984,38.290000915527344,38.90999984741211,38.1151237487793,19818300.0
2024-02-05,GM,38.529998779296875,38.689998626708984,37.68000030517578,37.790000915527344,37.01800537109375,19722400.0
2024-02-06,GM,37.599998474121094,38.66999816894531,37.599998474121094,38.029998779296875,37.25309753417969,16280200.0
2024-02-07,GM,38.540000915527344,39.119998931884766,38.099998474121094,38.720001220703125,37.92900085449219,19093800.0
2024-02-08,GM,38.84000015258789,38.939998626708984,38.41999816894531,38.650001525878906,37.860435485839844,15864500.0
2024-02-09,GM,38.619998931884766,38.97999954223633,38.45000076293945,38.560001373291016,37.77227783203125,13066000.0
2024-02-12,GM,38.540000915527344,39.529998779296875,38.5099983215332,39.279998779296875,38.47755813598633,18113100.0
2024-02-13,GM,38.79999923706055,38.939998626708984,37.83000183105469,38.310001373291016,37.52738571166992,18979000.0
2024-02-14,GM,38.58000183105469,38.75,38.04999923706055,38.369998931884766,37.58615493774414,13278500.0
2024-02-15,GM,38.66999816894531,39.5099983215332,38.63999938964844,38.9900016784668,38.1934928894043,15688600.0
2024-02-16,GM,38.79999923706055,39.060001373291016,38.619998931884766,38.70000076293945,37.9094123840332,12396700.0
2024-02-20,GM,38.349998474121094,39.16999816894531,38.130001068115234,39.0099983215332,38.213077545166016,16971300.0
2024-02-21,GM,38.959999084472656,39.81999969482422,38.959999084472656,39.4900016784668,38.68327331542969,15977200.0
2024-02-22,GM,39.54999923706055,39.79999923706055,39.15999984741211,39.34000015258789,38.536338806152344,11458100.0
2024-02-23,GM,39.36000061035156,39.95000076293945,39.31999969482422,39.630001068115234,38.82041549682617,15194400.0
2024-02-26,GM,39.63999938964844,40.72999954223633,39.599998474121094,39.790000915527344,38.977149963378906,16610200.0
2024-02-27,GM,40.22999954223633,40.599998474121094,39.849998474121094,40.18000030517578,39.35918045043945,11507700.0
2024-02-28,GM,40.060001373291016,41.08000183105469,40.04999923706055,40.630001068115234,39.799983978271484,15697500.0
2024-02-29,GM,40.77000045776367,41.34000015258789,40.63999938964844,40.97999954223633,40.26174545288086,18005200.0
2024-03-01,GM,40.810001373291016,41.79999923706055,40.400001525878906,40.9900016784668,40.27157974243164,13079600.0
2024-03-04,GM,41.0,41.52000045776367,40.7599983215332,40.93000030517578,40.212623596191406,14703100.0
2024-03-05,GM,40.70000076293945,40.88999938964844,40.130001068115234,40.650001525878906,39.937530517578125,18913500.0
2024-03-06,GM,40.650001525878906,40.7400016784668,39.83000183105469,40.150001525878906,39.446292877197266,15511200.0
2024-03-07,GM,40.16999816894531,40.31999969482422,39.2599983215332,39.349998474121094,38.66031265258789,15428000.0
2024-03-08,GM,39.349998474121094,40.150001525878906,39.310001373291016,39.5,38.80768585205078,12923900.0
2024-03-11,GM,39.279998779296875,39.810001373291016,39.220001220703125,39.529998779296875,38.837162017822266,11659100.0
2024-03-12,GM,39.58000183105469,39.619998931884766,38.959999084472656,39.209999084472656,38.52276611328125,19442500.0
2024-03-13,GM,39.459999084472656,40.470001220703125,39.34000015258789,40.2599983215332,39.55436706542969,19081300.0
2024-03-14,GM,40.18000030517578,40.34000015258789,38.95000076293945,39.380001068115234,38.68979263305664,18012900.0
2024-03-15,GM,39.27000045776367,40.81999969482422,39.27000045776367,40.689998626708984,39.976829528808594,82751200.0
2024-03-18,GM,40.88999938964844,40.91999816894531,40.33000183105469,40.81999969482422,40.104549407958984,16126600.0
2024-03-19,GM,40.91999816894531,41.68000030517578,40.720001220703125,41.5099983215332,40.78245544433594,15936400.0
2024-03-20,GM,41.41999816894531,42.88999938964844,41.36000061035156,42.849998474121094,42.098976135253906,16909300.0
2024-03-21,GM,42.91999816894531,43.59000015258789,42.84000015258789,43.41999816894531,42.65897750854492,15268300.0
2024-03-22,GM,43.29999923706055,43.65999984741211,43.0,43.060001373291016,42.305294036865234,9393800.0
2024-03-25,GM,43.060001373291016,43.959999084472656,43.060001373291016,43.54999923706055,42.78670120239258,14644700.0
2024-03-26,GM,43.689998626708984,44.56999969482422,43.43000030517578,44.0,43.228816986083984,15961300.0
2024-03-27,GM,44.060001373291016,44.810001373291016,44.04999923706055,44.59000015258789,43.80847930908203,22172100.0
2024-03-28,GM,44.630001068115234,45.540000915527344,44.599998474121094,45.349998474121094,44.55515670776367,14766400.0
2024-04-01,GM,45.130001068115234,45.72999954223633,44.97999954223633,45.400001525878906,44.604278564453125,11008300.0
2024-04-02,GM,44.970001220703125,45.2599983215332,44.59000015258789,44.88999938964844,44.103214263916016,13061900.0
2024-04-03,GM,44.66999816894531,45.41999816894531,44.63999938964844,45.16999816894531,44.3783073425293,14377100.0
2024-04-04,GM,45.709999084472656,46.040000915527344,43.619998931884766,43.68000030517578,42.91442108154297,16988600.0
2024-04-05,GM,43.720001220703125,44.310001373291016,43.459999084472656,44.22999954223633,43.45478820800781,11210500.0
2024-04-08,GM,44.43000030517578,44.849998474121094,44.279998779296875,44.34000015258789,43.56285858154297,8250400.0
2024-04-09,GM,44.58000183105469,44.869998931884766,44.06999969482422,44.72999954223633,43.94601821899414,8793800.0
2024-04-10,GM,43.900001525878906,44.54999923706055,43.5099983215332,43.939998626708984,43.16986846923828,11636400.0
2024-04-11,GM,43.900001525878906,43.9900016784668,43.189998626708984,43.84000015258789,43.07162094116211,19563000.0
2024-04-12,GM,43.5,43.58000183105469,42.650001525878906,43.08000183105469,42.3249397277832,11903900.0
2024-04-15,GM,43.72999954223633,43.97999954223633,42.52000045776367,42.689998626708984,41.9417724609375,13499600.0
2024-04-16,GM,42.4900016784668,42.91999816894531,42.130001068115234,42.65999984741211,41.91230392456055,12384900.0
2024-04-17,GM,42.90999984741211,43.15999984741211,42.290000915527344,42.459999084472656,41.71580505371094,10663300.0
2024-04-18,GM,42.77000045776367,42.84000015258789,42.0099983215332,42.439998626708984,41.6961555480957,14180500.0
2024-04-19,GM,42.5099983215332,42.959999084472656,42.189998626708984,42.369998931884766,41.627384185791016,15515000.0
2024-04-22,GM,42.68000030517578,43.560001373291016,42.209999084472656,43.209999084472656,42.45266342163086,21315100.0
2024-04-23,GM,45.88999938964844,45.959999084472656,44.369998931884766,45.099998474121094,44.30953598022461,28767300.0
2024-04-24,GM,45.310001373291016,45.310001373291016,44.619998931884766,45.08000183105469,44.28989028930664,15013900.0
2024-04-25,GM,44.66999816894531,45.849998474121094,44.4900016784668,45.619998931884766,44.8204231262207,14912500.0
2024-04-26,GM,45.599998474121094,46.16999816894531,45.40999984741211,45.84000015258789,45.03656768798828,12153300.0
2024-04-29,GM,46.0,46.150001525878906,45.540000915527344,46.040000915527344,45.23305892944336,10550300.0
2024-04-30,GM,45.209999084472656,45.41999816894531,44.2599983215332,44.529998779296875,43.74953079223633,15951300.0
2024-05-01,GM,44.5,45.20000076293945,44.380001068115234,44.470001220703125,43.690582275390625,13986800.0
2024-05-02,GM,44.900001525878906,45.150001525878906,44.56999969482422,44.66999816894531,43.88706970214844,13214900.0
2024-05-03,GM,45.029998779296875,45.54999923706055,44.5099983215332,44.86000061035156,44.07374572753906,10046000.0
2024-05-06,GM,45.099998474121094,45.540000915527344,44.959999084472656,45.060001373291016,44.270233154296875,10301600.0
2024-05-07,GM,45.189998626708984,45.84000015258789,45.16999816894531,45.279998779296875,44.486385345458984,9135900.0
2024-05-08,GM,44.849998474121094,45.400001525878906,44.58000183105469,45.04999923706055,44.260414123535156,7568500.0
2024-05-09,GM,44.97999954223633,45.65999984741211,44.79999923706055,45.36000061035156,44.564979553222656,9349800.0
2024-05-10,GM,45.58000183105469,45.630001068115234,45.04999923706055,45.209999084472656,44.417606353759766,7917800.0
2024-05-13,GM,45.560001373291016,45.97999954223633,45.08000183105469,45.16999816894531,44.3783073425293,13826400.0
2024-05-14,GM,45.5,45.790000915527344,44.75,45.029998779296875,44.24076461791992,10894300.0
2024-05-15,GM,45.5,45.63999938964844,45.06999969482422,45.4900016784668,44.69270324707031,11054700.0
2024-05-16,GM,45.380001068115234,46.099998474121094,45.369998931884766,45.869998931884766,45.066036224365234,11335900.0
2024-05-17,GM,46.06999969482422,46.08000183105469,45.59000015258789,45.7599983215332,44.95796585083008,11412800.0
2024-05-20,GM,45.75,45.90999984741211,45.06999969482422,45.11000061035156,44.319358825683594,9070700.0
2024-05-21,GM,44.970001220703125,45.18000030517578,44.560001373291016,44.91999816894531,44.1326904296875,9911000.0
2024-05-22,GM,44.599998474121094,44.63999938964844,43.72999954223633,43.970001220703125,43.1993408203125,11874500.0
2024-05-23,GM,43.970001220703125,44.060001373291016,43.380001068115234,43.72999954223633,42.96354675292969,10643700.0
2024-05-24,GM,44.06999969482422,44.31999969482422,43.869998931884766,44.11000061035156,43.33688735961914,7373000.0
2024-05-28,GM,43.70000076293945,43.77000045776367,42.79999923706055,43.09000015258789,42.33476257324219,13749200.0
2024-05-29,GM,42.619998931884766,42.75,42.27000045776367,42.63999938964844,41.89265441894531,13262300.0
2024-05-30,GM,42.810001373291016,43.47999954223633,42.619998931884766,43.40999984741211,42.64915466308594,9267800.0
2024-05-31,GM,43.209999084472656,45.02000045776367,43.0,44.9900016784668,44.20146560668945,32674600.0
2024-06-03,GM,44.959999084472656,45.959999084472656,44.959999084472656,45.7400016784668,44.93832015991211,15698500.0
2024-06-04,GM,45.31999969482422,45.77000045776367,45.040000915527344,45.2599983215332,44.46672821044922,9505400.0
2024-06-05,GM,45.54999923706055,45.689998626708984,44.81999969482422,45.619998931884766,44.8204231262207,24724900.0
2024-06-06,GM,45.58000183105469,45.97999954223633,45.43000030517578,45.61000061035156,44.81060028076172,10169800.0
2024-06-07,GM,45.349998474121094,46.08000183105469,45.20000076293945,45.720001220703125,45.03716278076172,10811700.0
2024-06-10,GM,45.689998626708984,47.7599983215332,45.63999938964844,47.56999969482422,46.85953140258789,18571900.0
2024-06-11,GM,48.2599983215332,48.95000076293945,47.68000030517578,48.209999084472656,47.48997497558594,21187000.0
2024-06-12,GM,48.84000015258789,49.349998474121094,48.630001068115234,48.86000061035156,48.13026809692383,14222200.0
2024-06-13,GM,48.619998931884766,48.720001220703125,47.38999938964844,47.650001525878906,46.93833923339844,19451700.0
2024-06-14,GM,47.13999938964844,47.38999938964844,45.93000030517578,46.77000045776367,46.07148742675781,14716500.0
2024-06-17,GM,46.779998779296875,47.529998779296875,46.709999084472656,47.400001525878906,46.692073822021484,9720600.0
2024-06-18,GM,47.290000915527344,48.040000915527344,47.279998779296875,47.439998626708984,46.731475830078125,9691100.0
2024-06-20,GM,47.310001373291016,47.95000076293945,47.2599983215332,47.77000045776367,47.05654525756836,10118000.0
2024-06-21,GM,47.779998779296875,47.86000061035156,47.04999923706055,47.720001220703125,47.00729751586914,16699700.0
2024-06-24,GM,47.77000045776367,48.689998626708984,47.77000045776367,48.11000061035156,47.391475677490234,46697700.0
2024-06-25,GM,48.0,48.099998474121094,45.93000030517578,46.40999984741211,45.716854095458984,16419100.0
2024-06-26,GM,45.900001525878906,46.130001068115234,45.52000045776367,45.77000045776367,45.08641815185547,13055900.0
2024-06-27,GM,45.689998626708984,46.04999923706055,45.29999923706055,45.58000183105469,44.89925765991211,10409800.0
2024-06-28,GM,46.029998779296875,46.65999984741211,45.970001220703125,46.459999084472656,45.76611328125,15020200.0
2024-07-01,GM,46.52000045776367,47.16999816894531,46.290000915527344,46.68000030517578,45.98283004760742,10825100.0
2024-07-02,GM,46.400001525878906,47.08000183105469,46.369998931884766,46.95000076293945,46.2487907409668,11338300.0
2024-07-03,GM,46.97999954223633,47.06999969482422,46.279998779296875,46.709999084472656,46.01237869262695,5440700.0
2024-07-05,GM,46.619998931884766,47.09000015258789,46.189998626708984,46.52000045776367,45.825218200683594,11452700.0
2024-07-08,GM,46.79999923706055,47.47999954223633,46.220001220703125,46.54999923706055,45.85476303100586,10868900.0
2024-07-09,GM,46.45000076293945,46.84000015258789,46.189998626708984,46.2599983215332,45.569091796875,9657500.0
2024-07-10,GM,46.5099983215332,46.77000045776367,46.36000061035156,46.529998779296875,45.83506393432617,6711700.0
2024-07-11,GM,46.900001525878906,48.0,46.83000183105469,47.93000030517578,47.21416091918945,16676900.0
2024-07-12,GM,48.02000045776367,49.349998474121094,47.90999984741211,49.0099983215332,48.27802658081055,16289600.0
2024-07-15,GM,49.5,50.0,49.15999984741211,49.29999923706055,48.563697814941406,11073400.0
2024-07-16,GM,49.31999969482422,49.9900016784668,48.810001373291016,49.77000045776367,49.02667236328125,10192500.0
2024-07-17,GM,49.400001525878906,49.970001220703125,49.13999938964844,49.900001525878906,49.15473556518555,9158500.0
2024-07-18,GM,50.0,50.5,49.16999816894531,49.650001525878906,48.908470153808594,12268000.0
2024-07-19,GM,49.540000915527344,49.560001373291016,48.15999984741211,48.29999923706055,47.57863235473633,16931000.0
2024-07-22,GM,48.459999084472656,49.70000076293945,48.2599983215332,49.560001373291016,48.81980895996094,17064700.0
2024-07-23,GM,49.34000015258789,49.5,45.83000183105469,46.380001068115234,45.68730545043945,41152100.0
2024-07-24,GM,45.290000915527344,46.599998474121094,45.119998931884766,46.4900016784668,45.7956657409668,21134900.0
2024-07-25,GM,45.66999816894531,45.77000045776367,44.11000061035156,44.130001068115234,43.47091293334961,27256400.0
2024-07-26,GM,44.279998779296875,44.54999923706055,43.65999984741211,44.119998931884766,43.461063385009766,18411100.0
2024-07-29,GM,44.130001068115234,44.27000045776367,43.65999984741211,44.150001525878906,43.4906120300293,12521500.0
2024-07-30,GM,44.150001525878906,44.970001220703125,44.150001525878906,44.22999954223633,43.56941604614258,12171700.0
2024-07-31,GM,44.310001373291016,45.08000183105469,43.66999816894531,44.31999969482422,43.65807342529297,14112000.0
2024-08-01,GM,44.66999816894531,45.150001525878906,43.119998931884766,43.369998931884766,42.722259521484375,15919000.0
2024-08-02,GM,42.380001068115234,42.41999816894531,40.9900016784668,41.16999816894531,40.555118560791016,21627000.0
2024-08-05,GM,39.400001525878906,40.29999923706055,38.959999084472656,39.95000076293945,39.353336334228516,23849400.0
2024-08-06,GM,40.02000045776367,41.150001525878906,39.779998779296875,40.61000061035156,40.00348663330078,14702000.0
2024-08-07,GM,41.22999954223633,41.5099983215332,40.52000045776367,40.650001525878906,40.042884826660156,11245300.0
2024-08-08,GM,41.09000015258789,42.97999954223633,41.09000015258789,42.72999954223633,42.091819763183594,17717900.0
2024-08-09,GM,42.599998474121094,44.11000061035156,42.459999084472656,43.47999954223633,42.83061599731445,14119700.0
2024-08-12,GM,43.34000015258789,43.599998474121094,42.7400016784668,42.9900016784668,42.347938537597656,9336100.0
2024-08-13,GM,43.060001373291016,43.349998474121094,42.52000045776367,43.31999969482422,42.67300796508789,10304300.0
2024-08-14,GM,43.619998931884766,43.95000076293945,43.45000076293945,43.61000061035156,42.958675384521484,10772200.0
2024-08-15,GM,44.77000045776367,45.189998626708984,44.619998931884766,44.86000061035156,44.19001388549805,12913900.0
2024-08-16,GM,44.75,45.43000030517578,44.650001525878906,45.31999969482422,44.64313888549805,10592600.0
2024-08-19,GM,45.45000076293945,45.93000030517578,45.18000030517578,45.7599983215332,45.076560974121094,9598100.0
2024-08-20,GM,45.70000076293945,46.470001220703125,45.66999816894531,45.97999954223633,45.29328155517578,9188700.0
2024-08-21,GM,46.25,46.91999816894531,46.25,46.560001373291016,45.8646240234375,11897000.0
2024-08-22,GM,46.689998626708984,46.970001220703125,46.380001068115234,46.459999084472656,45.76611328125,6629400.0
2024-08-23,GM,47.310001373291016,48.630001068115234,47.189998626708984,48.56999969482422,47.84459686279297,12918100.0
2024-08-26,GM,48.869998931884766,49.16999816894531,48.63999938964844,48.75,48.02190399169922,8800700.0
2024-08-27,GM,48.560001373291016,49.459999084472656,48.560001373291016,49.25,48.514442443847656,10256500.0
2024-08-28,GM,49.0,49.45000076293945,48.84000015258789,49.04999923706055,48.31742858886719,7397300.0
2024-08-29,GM,49.4900016784668,49.81999969482422,49.11000061035156,49.470001220703125,48.73115158081055,8448600.0
2024-08-30,GM,49.689998626708984,49.86000061035156,49.11000061035156,49.779998779296875,49.03652572631836,15736900.0
2024-09-03,GM,49.150001525878906,49.86000061035156,48.119998931884766,48.40999984741211,47.686988830566406,14946800.0
2024-09-04,GM,48.66999816894531,49.279998779296875,48.189998626708984,48.45000076293945,47.72639465332031,8293300.0
2024-09-05,GM,48.68000030517578,49.06999969482422,47.900001525878906,48.150001525878906,47.430870056152344,14888500.0
2024-09-06,GM,48.06999969482422,48.650001525878906,47.0099983215332,47.13999938964844,46.551971435546875,16080900.0
2024-09-09,GM,47.33000183105469,47.88999938964844,47.04999923706055,47.400001525878906,46.80873107910156,11374300.0
2024-09-10,GM,45.97999954223633,46.5099983215332,44.22999954223633,44.81999969482422,44.26091003417969,18918200.0
2024-09-11,GM,44.689998626708984,44.88999938964844,43.79999923706055,44.66999816894531,44.1127815246582,15847700.0
2024-09-12,GM,44.689998626708984,46.619998931884766,44.619998931884766,46.119998931884766,45.54469680786133,14596000.0
2024-09-13,GM,46.310001373291016,47.04999923706055,46.16999816894531,46.29999923706055,45.722450256347656,8986300.0
2024-09-16,GM,46.45000076293945,47.689998626708984,46.45000076293945,46.869998931884766,46.28533935546875,9928000.0
2024-09-17,GM,47.36000061035156,48.18000030517578,47.08000183105469,47.52000045776367,46.92723083496094,8941600.0
2024-09-18,GM,47.720001220703125,49.54999923706055,47.70000076293945,48.65999984741211,48.05301284790039,14533800.0
2024-09-19,GM,49.4900016784668,49.86000061035156,48.20000076293945,48.619998931884766,48.01350784301758,13490200.0
2024-09-20,GM,48.2400016784668,49.0,47.900001525878906,48.880001068115234,48.270267486572266,18091600.0
2024-09-23,GM,47.599998474121094,48.279998779296875,46.97999954223633,48.040000915527344,47.44074630737305,14181200.0
2024-09-24,GM,48.459999084472656,48.77000045776367,47.58000183105469,48.06999969482422,47.47037124633789,9501000.0
2024-09-25,GM,45.95000076293945,46.439998626708984,44.97999954223633,45.72999954223633,45.1595573425293,22910600.0
2024-09-26,GM,45.720001220703125,46.119998931884766,45.45000076293945,45.810001373291016,45.238563537597656,11892100.0
2024-09-27,GM,46.369998931884766,47.06999969482422,45.9900016784668,46.47999954223633,45.900203704833984,13298600.0
2024-09-30,GM,44.91999816894531,45.900001525878906,44.470001220703125,44.84000015258789,44.28065872192383,20251000.0
2024-10-01,GM,45.150001525878906,45.47999954223633,44.380001068115234,44.880001068115234,44.32016372680664,15157200.0
2024-10-02,GM,44.779998779296875,45.540000915527344,44.72999954223633,44.81999969482422,44.26091003417969,10730100.0
2024-10-03,GM,44.41999816894531,45.029998779296875,44.060001373291016,44.97999954223633,44.41891098022461,9409900.0
2024-10-04,GM,45.810001373291016,46.150001525878906,45.5,45.68000030517578,45.11018371582031,11428900.0
2024-10-07,GM,45.41999816894531,46.119998931884766,45.2599983215332,45.97999954223633,45.40644073486328,11276700.0
2024-10-08,GM,46.06999969482422,47.349998474121094,45.77000045776367,46.0099983215332,45.436065673828125,16608400.0
2024-10-09,GM,46.040000915527344,47.97999954223633,45.66999816894531,47.93000030517578,47.33211898803711,17185700.0
2024-10-10,GM,47.619998931884766,47.959999084472656,47.36000061035156,47.689998626708984,47.09510803222656,9740100.0
2024-10-11,GM,47.369998931884766,48.25,47.290000915527344,47.869998931884766,47.272865295410156,9181000.0
2024-10-14,GM,47.75,48.77000045776367,47.630001068115234,48.630001068115234,48.02338409423828,6773900.0
2024-10-15,GM,48.220001220703125,48.90999984741211,47.810001373291016,47.849998474121094,47.25311279296875,12532100.0
2024-10-16,GM,48.4900016784668,49.27000045776367,48.36000061035156,49.0099983215332,48.398643493652344,10152800.0
2024-10-17,GM,49.0,49.4900016784668,48.63999938964844,49.380001068115234,48.7640266418457,8333600.0
2024-10-18,GM,49.63999938964844,49.75,49.099998474121094,49.18000030517578,48.56652069091797,9500100.0
2024-10-21,GM,49.2599983215332,49.599998474121094,48.630001068115234,48.93000030517578,48.319637298583984,11492100.0
2024-10-22,GM,50.02000045776367,54.18000030517578,49.9900016784668,53.72999954223633,53.05976867675781,42657700.0
2024-10-23,GM,54.04999923706055,54.189998626708984,52.52000045776367,52.91999816894531,52.25986862182617,16109800.0
2024-10-24,GM,53.650001525878906,54.29999923706055,52.47999954223633,52.720001220703125,52.06237030029297,11800700.0
2024-10-25,GM,53.20000076293945,53.40999984741211,51.90999984741211,52.06999969482422,51.420475006103516,8445100.0
2024-10-28,GM,52.25,52.86000061035156,52.04999923706055,52.72999954223633,52.07223892211914,11504900.0
2024-10-29,GM,52.130001068115234,52.220001220703125,50.970001220703125,51.540000915527344,50.8970832824707,13807600.0
2024-10-30,GM,51.5,52.72999954223633,51.5,51.970001220703125,51.32172393798828,8179600.0
2024-10-31,GM,51.75,52.119998931884766,50.7400016784668,50.7599983215332,50.12681198120117,9364600.0
2024-11-01,GM,51.150001525878906,51.779998779296875,50.790000915527344,50.959999084472656,50.32432174682617,10289500.0
2024-11-04,GM,50.9900016784668,52.77000045776367,50.9900016784668,51.79999923706055,51.15384292602539,9778500.0
2024-11-05,GM,51.65999984741211,53.7400016784668,51.5099983215332,53.70000076293945,53.03014373779297,11534000.0
2024-11-06,GM,54.47999954223633,55.380001068115234,53.13999938964844,55.04999923706055,54.36329650878906,19150100.0
2024-11-07,GM,55.130001068115234,55.93000030517578,54.20000076293945,55.38999938964844,54.699058532714844,10964800.0
2024-11-08,GM,55.099998474121094,56.08000183105469,54.849998474121094,55.58000183105469,54.886688232421875,10247500.0
2024-11-11,GM,56.16999816894531,58.220001220703125,55.959999084472656,57.65999984741211,56.94074249267578,11276500.0
2024-11-12,GM,57.5,58.290000915527344,57.02000045776367,57.40999984741211,56.6938591003418,10219700.0
2024-11-13,GM,57.61000061035156,58.41999816894531,57.540000915527344,57.709999084472656,56.99011993408203,10048600.0
2024-11-14,GM,57.790000915527344,59.38999938964844,57.16999816894531,57.619998931884766,56.90123748779297,17750200.0
2024-11-15,GM,57.529998779296875,57.83000183105469,56.939998626708984,57.040000915527344,56.3284797668457,12625000.0
2024-11-18,GM,57.4900016784668,57.52000045776367,55.84000015258789,56.25,55.5483283996582,12273200.0
2024-11-19,GM,55.02000045776367,56.779998779296875,54.77000045776367,55.11000061035156,54.42255401611328,14530600.0
2024-11-20,GM,55.0,55.4900016784668,54.58000183105469,54.869998931884766,54.185546875,12183700.0
2024-11-21,GM,55.20000076293945,55.810001373291016,54.72999954223633,55.68000030517578,54.98544692993164,11326700.0
2024-11-22,GM,55.7400016784668,58.900001525878906,55.650001525878906,58.529998779296875,57.79989242553711,14591700.0
2024-11-25,GM,59.15999984741211,61.2400016784668,58.900001525878906,60.20000076293945,59.44906234741211,25347300.0
2024-11-26,GM,57.650001525878906,58.31999969482422,54.72999954223633,54.790000915527344,54.10654830932617,25817300.0
2024-11-27,GM,55.20000076293945,56.06999969482422,55.150001525878906,55.5,54.80768966674805,11386800.0
2024-11-29,GM,56.43000030517578,56.9900016784668,55.59000015258789,55.59000015258789,54.89656448364258,8064700.0
2024-12-02,GM,55.5,55.619998931884766,54.689998626708984,55.040000915527344,54.353431701660156,10602600.0
2024-12-03,GM,55.099998474121094,55.209999084472656,53.47999954223633,53.65999984741211,52.99064254760742,14234800.0
2024-12-04,GM,53.619998931884766,53.83000183105469,52.7599983215332,53.36000061035156,52.69438171386719,13225700.0
2024-12-05,GM,53.61000061035156,53.90999984741211,53.0099983215332,53.38999938964844,52.72401428222656,10017900.0
2024-12-06,GM,53.709999084472656,53.900001525878906,53.0099983215332,53.40999984741211,52.86257553100586,8625900.0
2024-12-09,GM,54.0,54.459999084472656,52.65999984741211,52.709999084472656,52.16974639892578,7959600.0
2024-12-10,GM,53.77000045776367,53.77000045776367,52.34000015258789,52.7400016784668,52.19944381713867,7722000.0
2024-12-11,GM,53.25,53.45000076293945,51.29999923706055,52.040000915527344,51.506614685058594,12609100.0
2024-12-12,GM,52.400001525878906,52.689998626708984,51.939998626708984,52.29999923706055,51.763954162597656,9454900.0
2024-12-13,GM,52.25,52.81999969482422,51.900001525878906,52.529998779296875,51.99159240722656,8849300.0
2024-12-16,GM,52.04999923706055,52.619998931884766,51.279998779296875,52.2400016784668,51.704566955566406,11688400.0
2024-12-17,GM,51.59000015258789,51.93000030517578,51.130001068115234,51.150001525878906,50.62574005126953,11201600.0
2024-12-18,GM,51.2599983215332,51.86000061035156,49.959999084472656,49.9900016784668,49.477630615234375,13565000.0
2024-12-19,GM,50.619998931884766,51.34000015258789,50.290000915527344,50.34000015258789,49.824039459228516,11211900.0
2024-12-20,GM,50.09000015258789,52.13999938964844,50.06999969482422,51.810001373291016,51.27897262573242,23917800.0
2024-12-23,GM,51.4900016784668,52.59000015258789,51.36000061035156,52.560001373291016,52.02128982543945,7553100.0
2024-12-24,GM,52.70000076293945,53.630001068115234,52.52000045776367,53.5099983215332,52.9615478515625,4541100.0
2024-12-26,GM,53.369998931884766,54.380001068115234,53.13999938964844,54.18000030517578,53.62468338012695,6071900.0
2024-12-27,GM,53.810001373291016,54.86000061035156,53.7599983215332,54.279998779296875,53.72365951538086,5884400.0
2024-12-30,GM,53.7400016784668,54.099998474121094,52.93000030517578,53.65999984741211,53.110015869140625,7246800.0
2024-12-31,GM,53.88999938964844,54.220001220703125,52.95000076293945,53.27000045776367,52.72401428222656,4734400.0
2025-01-02,GM,53.31999969482422,53.470001220703125,51.02000045776367,51.369998931884766,50.84347915649414,10167700.0
2025-01-03,GM,51.5,51.959999084472656,50.459999084472656,51.77000045776367,51.23938751220703,8949900.0
2025-01-06,GM,52.7599983215332,54.400001525878906,52.25,53.529998779296875,52.981346130371094,9728200.0
2025-01-07,GM,53.70000076293945,53.70000076293945,51.91999816894531,51.97999954223633,51.447235107421875,9093300.0
2025-01-08,GM,51.75,51.75,50.310001373291016,51.0,50.47727584838867,7243700.0
2025-01-10,GM,50.779998779296875,50.84000015258789,49.7599983215332,49.849998474121094,49.33905792236328,7847700.0
2025-01-13,GM,49.040000915527344,50.099998474121094,49.02000045776367,49.93000030517578,49.418243408203125,7950900.0
2025-01-14,GM,50.43000030517578,51.41999816894531,50.20000076293945,50.939998626708984,50.417884826660156,7170100.0
2025-01-15,GM,52.20000076293945,52.95000076293945,51.619998931884766,51.70000076293945,51.17010498046875,7518900.0
2025-01-16,GM,51.65999984741211,52.02000045776367,51.15999984741211,51.84000015258789,51.30867004394531,6415400.0
2025-01-17,GM,51.93000030517578,52.189998626708984,50.72999954223633,50.970001220703125,50.44758605957031,9620000.0
2025-01-21,GM,51.790000915527344,54.060001373291016,51.290000915527344,53.88999938964844,53.33765411376953,12962100.0
2025-01-22,GM,53.33000183105469,53.45000076293945,52.43000030517578,52.7599983215332,52.219234466552734,7778100.0
2025-01-23,GM,53.040000915527344,54.349998474121094,52.7400016784668,54.220001220703125,53.66427230834961,7452900.0
2025-01-24,GM,54.189998626708984,54.599998474121094,53.709999084472656,53.90999984741211,53.35744857788086,6619600.0
2025-01-27,GM,54.2599983215332,55.060001373291016,54.08000183105469,54.91999816894531,54.357093811035156,12075400.0
2025-01-28,GM,50.97999954223633,50.97999954223633,48.720001220703125,50.040000915527344,49.52711868286133,33776700.0
2025-01-29,GM,50.279998779296875,50.61000061035156,49.119998931884766,49.779998779296875,49.26978302001953,15123000.0
2025-01-30,GM,50.45000076293945,50.9900016784668,47.7599983215332,49.5,48.992652893066406,16443200.0
2025-01-31,GM,49.66999816894531,51.72999954223633,49.18000030517578,49.459999084472656,48.95305633544922,20564000.0
2025-02-03,GM,46.5,49.22999954223633,46.369998931884766,47.900001525878906,47.409053802490234,28555900.0
2025-02-04,GM,47.16999816894531,48.939998626708984,47.11000061035156,48.56999969482422,48.072181701660156,9746700.0
2025-02-05,GM,48.709999084472656,48.790000915527344,47.7400016784668,47.810001373291016,47.31997299194336,10719400.0
2025-02-06,GM,47.9900016784668,48.38999938964844,47.439998626708984,47.93000030517578,47.438743591308594,9218400.0
2025-02-07,GM,47.689998626708984,48.31999969482422,47.209999084472656,47.38999938964844,46.90427780151367,9608500.0
2025-02-10,GM,47.400001525878906,47.599998474121094,46.439998626708984,46.56999969482422,46.09267807006836,9017200.0
2025-02-11,GM,46.36000061035156,46.84000015258789,46.2599983215332,46.70000076293945,46.22134780883789,7058500.0
2025-02-12,GM,46.41999816894531,47.9900016784668,46.2599983215332,47.689998626708984,47.20119857788086,10572400.0
2025-02-13,GM,48.13999938964844,48.630001068115234,47.349998474121094,47.88999938964844,47.39915084838867,7748300.0
2025-02-14,GM,48.38999938964844,48.68000030517578,47.91999816894531,48.369998931884766,47.874229431152344,5630000.0
2025-02-18,GM,48.70000076293945,48.709999084472656,47.599998474121094,48.130001068115234,47.63669204711914,6967300.0
2025-02-19,GM,47.72999954223633,47.970001220703125,47.220001220703125,47.79999923706055,47.3100700378418,6836000.0
2025-02-20,GM,47.790000915527344,47.90999984741211,46.7599983215332,47.88999938964844,47.39915084838867,5801800.0
2025-02-21,GM,47.93000030517578,48.09000015258789,45.93000030517578,46.290000915527344,45.815555572509766,6775700.0
2025-02-24,GM,46.66999816894531,46.90999984741211,46.040000915527344,46.56999969482422,46.09267807006836,8127100.0
2025-02-25,GM,46.720001220703125,47.02000045776367,45.689998626708984,46.709999084472656,46.23124694824219,7903500.0
2025-02-26,GM,48.90999984741211,50.189998626708984,48.15999984741211,48.459999084472656,47.96330642700195,17082000.0
2025-02-27,GM,47.79999923706055,48.93000030517578,47.560001373291016,47.630001068115234,47.141815185546875,14881100.0
2025-02-28,GM,47.52000045776367,49.4900016784668,47.130001068115234,49.130001068115234,48.626441955566406,21380500.0
2025-03-03,GM,49.97999954223633,50.5,46.7400016784668,47.380001068115234,46.894378662109375,16880500.0
2025-03-04,GM,46.41999816894531,46.41999816894531,44.40999984741211,45.220001220703125,44.75651931762695,20786800.0
2025-03-05,GM,46.70000076293945,49.06999969482422,46.22999954223633,48.47999954223633,47.98310470581055,27954200.0
2025-03-06,GM,47.77000045776367,48.33000183105469,46.38999938964844,47.20000076293945,46.716224670410156,14332000.0
2025-03-07,GM,47.779998779296875,47.81999969482422,46.040000915527344,47.439998626708984,47.07344436645508,13824400.0
2025-03-10,GM,46.810001373291016,48.18000030517578,46.77000045776367,48.08000183105469,47.70849609375,21621600.0
2025-03-11,GM,48.0,48.81999969482422,46.029998779296875,48.279998779296875,47.906951904296875,21879900.0
2025-03-12,GM,48.5,48.7400016784668,46.93000030517578,47.900001525878906,47.52989196777344,10041800.0
2025-03-13,GM,47.77000045776367,49.27000045776367,46.869998931884766,47.11000061035156,46.745994567871094,14189900.0
2025-03-14,GM,47.790000915527344,48.75,47.63999938964844,48.34000015258789,47.966487884521484,14143900.0
2025-03-17,GM,48.5099983215332,49.27000045776367,48.279998779296875,49.0,48.62138748168945,14102400.0
2025-03-18,GM,49.349998474121094,49.83000183105469,48.189998626708984,48.66999816894531,48.29393768310547,19265400.0
2025-03-19,GM,48.83000183105469,50.209999084472656,48.70000076293945,49.790000915527344,49.4052848815918,13291600.0
2025-03-20,GM,48.810001373291016,49.97999954223633,48.75,49.439998626708984,49.05799102783203,12906900.0
2025-03-21,GM,48.97999954223633,50.040000915527344,48.7400016784668,49.79999923706055,49.41520690917969,37624900.0
2025-03-24,GM,50.7599983215332,51.88999938964844,50.459999084472656,51.459999084472656,51.062381744384766,16024400.0
2025-03-25,GM,51.5,52.7599983215332,51.5,52.59000015258789,52.18364715576172,14836200.0
2025-03-26,GM,52.689998626708984,53.290000915527344,50.650001525878906,50.95000076293945,50.55632019042969,20510100.0
2025-03-27,GM,46.9900016784668,48.400001525878906,46.2599983215332,47.20000076293945,46.835296630859375,35799000.0
2025-03-28,GM,46.90999984741211,47.13999938964844,45.810001373291016,46.68000030517578,46.31931686401367,18820100.0
2025-03-31,GM,45.65999984741211,47.27000045776367,45.61000061035156,47.029998779296875,46.66660690307617,15878600.0
2025-04-01,GM,47.0099983215332,47.77000045776367,46.5,47.2599983215332,46.894832611083984,14065600.0
2025-04-02,GM,46.869998931884766,48.27000045776367,46.869998931884766,47.97999954223633,47.60926818847656,12305600.0
2025-04-03,GM,46.95000076293945,47.779998779296875,45.849998474121094,45.900001525878906,45.54534149169922,18871200.0
2025-04-04,GM,44.459999084472656,44.72999954223633,42.72999954223633,44.18000030517578,43.83863067626953,26717400.0
2025-04-07,GM,41.75,45.349998474121094,41.599998474121094,43.529998779296875,43.19365310668945,25522100.0
2025-04-08,GM,44.939998626708984,45.400001525878906,41.939998626708984,42.47999954223633,42.151763916015625,16415600.0
2025-04-09,GM,41.86000061035156,46.29999923706055,41.63999938964844,45.7400016784668,45.38657760620117,23918100.0
2025-04-10,GM,44.15999984741211,44.459999084472656,42.619998931884766,43.72999954223633,43.39210891723633,17437900.0
2025-04-11,GM,43.5,43.939998626708984,42.75,43.630001068115234,43.29288101196289,10735600.0
2025-04-14,GM,43.869998931884766,45.869998931884766,43.11000061035156,45.13999938964844,44.79121398925781,22020900.0
2025-04-15,GM,44.20000076293945,44.869998931884766,44.130001068115234,44.540000915527344,44.19585037231445,9799300.0
2025-04-16,GM,44.36000061035156,45.060001373291016,43.88999938964844,44.220001220703125,43.87832260131836,9877000.0
2025-04-17,GM,44.27000045776367,45.279998779296875,43.93000030517578,44.56999969482422,44.22562026977539,11707500.0
2025-04-21,GM,44.470001220703125,44.689998626708984,43.77000045776367,44.38999938964844,44.04700469970703,6424600.0
2025-04-22,GM,45.099998474121094,45.650001525878906,44.7400016784668,45.15999984741211,44.811058044433594,8438500.0
2025-04-23,GM,46.5,47.41999816894531,45.68000030517578,45.84000015258789,45.48580551147461,9032800.0
2025-04-24,GM,46.209999084472656,47.06999969482422,45.84000015258789,46.880001068115234,46.51776885986328,7509200.0
2025-04-25,GM,46.540000915527344,47.560001373291016,46.540000915527344,47.11000061035156,46.745994567871094,8108100.0
2025-04-28,GM,47.20000076293945,47.810001373291016,46.650001525878906,47.2400016784668,46.8749885559082,15269800.0
2025-04-29,GM,45.90999984741211,47.459999084472656,45.34000015258789,46.939998626708984,46.57730484008789,24183100.0
2025-04-30,GM,46.209999084472656,46.540000915527344,44.720001220703125,45.2400016784668,44.890445709228516,17948600.0
2025-05-01,GM,46.5,46.540000915527344,44.720001220703125,45.04999923706055,44.701908111572266,15875500.0
2025-05-02,GM,45.709999084472656,45.81999969482422,44.95000076293945,45.29999923706055,44.949974060058594,11649800.0
2025-05-05,GM,45.279998779296875,45.75,45.150001525878906,45.380001068115234,45.029361724853516,8084300.0
2025-05-06,GM,45.0099983215332,45.970001220703125,44.84000015258789,45.459999084472656,45.108741760253906,9638200.0
2025-05-07,GM,45.709999084472656,45.939998626708984,44.970001220703125,45.470001220703125,45.11866760253906,8711100.0
2025-05-08,GM,46.099998474121094,47.720001220703125,46.09000015258789,47.349998474121094,46.98413848876953,14499500.0
2025-05-09,GM,47.560001373291016,47.970001220703125,47.25,47.5,47.13297653198242,8582900.0
2025-05-12,GM,49.7400016784668,50.13999938964844,48.869998931884766,49.61000061035156,49.22667694091797,13160600.0
2025-05-13,GM,49.560001373291016,50.619998931884766,49.400001525878906,50.459999084472656,50.070106506347656,10427600.0
2025-05-14,GM,50.36000061035156,50.810001373291016,50.09000015258789,50.310001373291016,49.921268463134766,8949300.0
2025-05-15,GM,49.790000915527344,50.2400016784668,49.58000183105469,50.119998931884766,49.73273468017578,7286600.0
2025-05-16,GM,50.11000061035156,50.38999938964844,49.849998474121094,50.369998931884766,49.98080062866211,6099800.0
2025-05-19,GM,49.709999084472656,50.349998474121094,49.18000030517578,50.029998779296875,49.643428802490234,9406500.0
2025-05-20,GM,50.2599983215332,50.54999923706055,49.900001525878906,50.209999084472656,49.82204055786133,6565400.0
2025-05-21,GM,49.880001068115234,50.540000915527344,49.290000915527344,49.369998931884766,48.988529205322266,7515600.0
2025-05-22,GM,49.349998474121094,49.68000030517578,48.900001525878906,49.279998779296875,48.89922332763672,6378200.0
2025-05-23,GM,48.369998931884766,49.16999816894531,48.310001373291016,48.689998626708984,48.31378173828125,5611900.0
2025-05-27,GM,49.16999816894531,49.459999084472656,48.5,49.09000015258789,48.710693359375,8936800.0
2025-05-28,GM,49.09000015258789,49.09000015258789,48.02000045776367,48.130001068115234,47.75811004638672,8419600.0
2025-05-29,GM,48.45000076293945,48.619998931884766,47.970001220703125,48.59000015258789,48.21455764770508,8400400.0
2025-05-30,GM,48.459999084472656,49.939998626708984,48.290000915527344,49.61000061035156,49.22667694091797,17722800.0
2025-06-02,GM,49.099998474121094,49.189998626708984,47.040000915527344,47.689998626708984,47.32150650024414,13019200.0
2025-06-03,GM,47.54999923706055,49.13999938964844,47.290000915527344,49.060001373291016,48.68092727661133,12403500.0
2025-06-04,GM,49.060001373291016,49.099998474121094,47.599998474121094,47.66999816894531,47.30166244506836,9889300.0
2025-06-05,GM,47.5099983215332,47.849998474121094,46.81999969482422,47.25,46.884910583496094,10095800.0
2025-06-06,GM,47.63999938964844,47.84000015258789,47.20000076293945,47.470001220703125,47.25322341918945,7949200.0
2025-06-09,GM,47.869998931884766,48.56999969482422,47.72999954223633,47.93000030517578,47.71112060546875,6467700.0
2025-06-10,GM,48.09000015258789,49.33000183105469,47.84000015258789,48.93000030517578,48.70655059814453,7942600.0
2025-06-11,GM,49.33000183105469,50.400001525878906,49.27000045776367,49.869998931884766,49.64226150512695,10605800.0
2025-06-12,GM,49.459999084472656,49.540000915527344,48.599998474121094,49.2599983215332,49.0350456237793,6602200.0
2025-06-13,GM,48.619998931884766,49.18000030517578,48.40999984741211,48.650001525878906,48.427833557128906,8701700.0
2025-06-16,GM,49.25,49.470001220703125,48.650001525878906,49.27000045776367,49.04499816894531,5884700.0
2025-06-17,GM,48.869998931884766,49.25,48.25,48.279998779296875,48.05952072143555,9078700.0
2025-06-18,GM,48.29999923706055,48.70000076293945,47.939998626708984,48.09000015258789,47.87038803100586,8418000.0
2025-06-20,GM,48.41999816894531,48.7400016784668,47.790000915527344,48.20000076293945,47.979888916015625,22249800.0
2025-06-23,GM,47.959999084472656,48.58000183105469,47.630001068115234,48.52000045776367,48.29842758178711,10626500.0
2025-06-24,GM,48.959999084472656,49.369998931884766,48.849998474121094,49.0,48.7762336730957,12550400.0
2025-06-25,GM,49.02000045776367,49.099998474121094,47.81999969482422,48.130001068115234,47.91020584106445,6906500.0
2025-06-26,GM,48.040000915527344,49.189998626708984,47.720001220703125,49.15999984741211,48.93550491333008,10386300.0
2025-06-27,GM,49.31999969482422,50.13999938964844,49.08000183105469,49.68000030517578,49.453128814697266,10695800.0
2025-06-30,GM,49.58000183105469,49.619998931884766,48.93000030517578,49.209999084472656,48.98527526855469,9634700.0
2025-07-01,GM,48.81999969482422,52.130001068115234,48.79999923706055,52.029998779296875,51.792396545410156,13748000.0
2025-07-02,GM,52.029998779296875,52.77000045776367,51.959999084472656,52.68000030517578,52.439430236816406,9461800.0
2025-07-03,GM,52.790000915527344,53.959999084472656,52.70000076293945,52.88999938964844,52.64847183227539,6612300.0
2025-07-07,GM,52.279998779296875,53.27000045776367,51.40999984741211,51.81999969482422,51.58335494995117,11028600.0
2025-07-08,GM,52.15999984741211,52.86000061035156,52.0,52.189998626708984,51.951663970947266,7523400.0
2025-07-09,GM,52.630001068115234,52.790000915527344,52.2599983215332,52.56999969482422,52.32992935180664,5322600.0
2025-07-10,GM,52.439998626708984,53.290000915527344,52.2599983215332,53.150001525878906,52.907283782958984,6397200.0
2025-07-11,GM,52.81999969482422,53.560001373291016,52.560001373291016,53.38999938964844,53.14618682861328,7698200.0
2025-07-14,GM,53.349998474121094,53.689998626708984,52.689998626708984,53.33000183105469,53.08646011352539,6934000.0
2025-07-15,GM,53.459999084472656,53.75,52.689998626708984,52.709999084472656,52.46928787231445,7702700.0
2025-07-16,GM,52.7400016784668,53.52000045776367,52.7400016784668,53.18000030517578,52.93714904785156,8242500.0
2025-07-17,GM,53.29999923706055,53.88999938964844,52.88999938964844,53.209999084472656,52.96700668334961,6827000.0
2025-07-18,GM,53.40999984741211,53.709999084472656,52.880001068115234,53.220001220703125,52.97696304321289,6497300.0
2025-07-21,GM,53.349998474121094,54.29999923706055,53.18000030517578,53.209999084472656,52.96700668334961,13055500.0
2025-07-22,GM,51.720001220703125,52.09000015258789,48.869998931884766,48.88999938964844,48.66673278808594,33792400.0
2025-07-23,GM,49.900001525878906,53.27000045776367,49.869998931884766,53.130001068115234,52.88737487792969,25657000.0
2025-07-24,GM,52.970001220703125,53.400001525878906,52.2400016784668,52.34000015258789,52.100982666015625,10219800.0
2025-07-25,GM,52.86000061035156,53.470001220703125,52.08000183105469,53.400001525878906,53.15614318847656,6491300.0
2025-07-28,GM,53.220001220703125,53.939998626708984,53.029998779296875,53.45000076293945,53.20591354370117,6954500.0
2025-07-29,GM,53.790000915527344,53.790000915527344,52.08000183105469,52.11000061035156,51.872032165527344,8443000.0
2025-07-30,GM,52.38999938964844,52.75,51.689998626708984,52.11000061035156,51.872032165527344,7854200.0
2025-07-31,GM,52.56999969482422,54.709999084472656,52.459999084472656,53.34000015258789,53.096412658691406,14455100.0
2025-08-01,GM,52.150001525878906,53.029998779296875,51.880001068115234,52.529998779296875,52.29011154174805,9540500.0
2025-08-04,GM,52.70000076293945,53.2400016784668,52.47999954223633,52.77000045776367,52.52901840209961,7417700.0
2025-08-05,GM,53.31999969482422,53.33000183105469,52.25,52.58000183105469,52.33988571166992,6913100.0
2025-08-06,GM,52.72999954223633,53.130001068115234,52.09000015258789,52.470001220703125,52.23038864135742,5390500.0
2025-08-07,GM,52.79999923706055,53.43000030517578,52.540000915527344,52.95000076293945,52.708194732666016,6029200.0
2025-08-08,GM,53.099998474121094,53.81999969482422,53.09000015258789,53.529998779296875,53.285545349121094,4126600.0
2025-08-11,GM,53.95000076293945,54.75,53.34000015258789,54.0099983215332,53.76335144042969,6690700.0
2025-08-12,GM,54.31999969482422,54.75,53.95000076293945,54.15999984741211,53.91267013549805,6780600.0
2025-08-13,GM,54.47999954223633,55.790000915527344,54.15999984741211,55.58000183105469,55.32618713378906,6942100.0
2025-08-14,GM,55.630001068115234,56.5099983215332,54.81999969482422,56.41999816894531,56.162349700927734,6647600.0
2025-08-15,GM,56.91999816894531,56.9900016784668,56.29999923706055,56.310001373291016,56.052852630615234,5597300.0
2025-08-18,GM,56.130001068115234,56.54999923706055,56.09000015258789,56.22999954223633,55.97321701049805,6740600.0
2025-08-19,GM,56.47999954223633,57.40999984741211,56.310001373291016,57.060001373291016,56.7994270324707,5987900.0
2025-08-20,GM,56.900001525878906,57.189998626708984,56.63999938964844,56.77000045776367,56.51074981689453,7258200.0
2025-08-21,GM,56.38999938964844,56.630001068115234,55.09000015258789,56.5099983215332,56.25193786621094,8192100.0
2025-08-22,GM,57.04999923706055,58.779998779296875,57.0,58.369998931884766,58.10344314575195,6320200.0
2025-08-25,GM,58.20000076293945,58.41999816894531,57.880001068115234,58.279998779296875,58.01385498046875,3802000.0
2025-08-26,GM,58.2400016784668,58.939998626708984,58.099998474121094,58.79999923706055,58.53147888183594,7311100.0
2025-08-27,GM,58.560001373291016,59.22999954223633,58.41999816894531,58.75,58.48170852661133,9848100.0
2025-08-28,GM,58.9900016784668,59.0,57.7599983215332,58.4900016784668,58.222896575927734,7209300.0
2025-08-29,GM,58.47999954223633,58.66999816894531,57.86000061035156,58.59000015258789,58.32243728637695,4972500.0
2025-09-02,GM,57.540000915527344,58.63999938964844,56.9900016784668,58.529998779296875,58.26271438598633,5675900.0
2025-09-03,GM,58.119998931884766,58.849998474121094,57.70000076293945,57.75,57.48627471923828,6762600.0
2025-09-04,GM,58.0,58.2400016784668,57.47999954223633,58.150001525878906,57.88445281982422,5880100.0
2025-09-05,GM,58.08000183105469,58.810001373291016,57.7599983215332,58.27000045776367,58.15391159057617,7378100.0
2025-09-08,GM,58.130001068115234,58.2599983215332,57.400001525878906,58.20000076293945,58.084049224853516,6399200.0
2025-09-09,GM,58.13999938964844,58.15999984741211,57.599998474121094,58.0099983215332,57.89442443847656,4616400.0
2025-09-10,GM,57.880001068115234,57.880001068115234,56.61000061035156,57.34000015258789,57.22576141357422,7207400.0
2025-09-11,GM,57.540000915527344,58.709999084472656,57.470001220703125,58.709999084472656,58.59303283691406,5808500.0
2025-09-12,GM,59.849998474121094,60.0,58.47999954223633,58.5,58.38344955444336,12020300.0
2025-09-15,GM,58.959999084472656,59.02000045776367,58.31999969482422,58.95000076293945,58.83255386352539,4773400.0
2025-09-16,GM,58.97999954223633,59.38999938964844,58.15999984741211,58.459999084472656,58.343528747558594,6786900.0
2025-09-17,GM,58.27000045776367,59.56999969482422,58.220001220703125,58.72999954223633,58.61299133300781,6252600.0
2025-09-18,GM,58.79999923706055,59.400001525878906,58.47999954223633,59.2599983215332,59.141937255859375,5922800.0
2025-09-19,GM,59.5,59.52000045776367,58.72999954223633,58.97999954223633,58.86249542236328,13159600.0
2025-09-22,GM,58.779998779296875,59.18000030517578,58.459999084472656,58.880001068115234,58.7626953125,7633800.0
2025-09-23,GM,59.04999923706055,59.91999816894531,58.459999084472656,58.58000183105469,58.463294982910156,5898800.0
2025-09-24,GM,60.099998474121094,60.15999984741211,59.060001373291016,59.91999816894531,59.800621032714844,10756100.0
2025-09-25,GM,59.529998779296875,60.630001068115234,59.11000061035156,60.59000015258789,60.46928787231445,7740100.0
2025-09-26,GM,60.650001525878906,61.97999954223633,60.459999084472656,61.2400016784668,61.11799240112305,8641400.0
2025-09-29,GM,61.849998474121094,62.13999938964844,60.75,61.119998931884766,60.99822998046875,9788400.0
2025-09-30,GM,61.709999084472656,62.060001373291016,60.54999923706055,60.970001220703125,60.84852981567383,6964800.0
2025-10-01,GM,60.939998626708984,61.59000015258789,60.130001068115234,61.34000015258789,61.21779251098633,8094400.0
2025-10-02,GM,61.47999954223633,61.5,59.209999084472656,59.36000061035156,59.241737365722656,9614600.0
2025-10-03,GM,59.31999969482422,60.61000061035156,58.66999816894531,60.130001068115234,60.01020431518555,13031900.0
2025-10-06,GM,59.939998626708984,59.939998626708984,58.130001068115234,58.189998626708984,58.074066162109375,8921500.0
2025-10-07,GM,58.630001068115234,58.65999984741211,56.630001068115234,57.2599983215332,57.14591979980469,10702900.0
2025-10-08,GM,57.33000183105469,57.70000076293945,56.2400016784668,56.400001525878906,56.287635803222656,5430000.0
2025-10-09,GM,56.779998779296875,56.869998931884766,55.90999984741211,55.91999816894531,55.808589935302734,5441800.0
2025-10-10,GM,56.2400016784668,56.54999923706055,55.220001220703125,55.349998474121094,55.23972702026367,5454400.0
2025-10-13,GM,55.900001525878906,56.20000076293945,55.349998474121094,55.619998931884766,55.50918960571289,3993600.0
2025-10-14,GM,54.5099983215332,57.25,54.33000183105469,57.150001525878906,57.0361442565918,9005000.0
2025-10-15,GM,57.2599983215332,58.25,57.0099983215332,57.79999923706055,57.684844970703125,7976900.0
2025-10-16,GM,57.88999938964844,58.400001525878906,56.810001373291016,57.34000015258789,57.22576141357422,6061300.0
2025-10-17,GM,57.72999954223633,59.16999816894531,57.54999923706055,58.380001068115234,58.26369094848633,7956200.0
2025-10-20,GM,58.540000915527344,58.560001373291016,57.68000030517578,58.0,57.88444900512695,10184600.0
2025-10-21,GM,63.7599983215332,67.55000305175781,62.36000061035156,66.62000274658203,66.48727416992188,43706500.0
2025-10-22,GM,67.05000305175781,67.58999633789062,65.88999938964844,67.30999755859375,67.17589569091797,18831900.0
2025-10-23,GM,67.97000122070312,68.4800033569336,66.56999969482422,66.8499984741211,66.71681213378906,12647200.0
2025-10-24,GM,67.45999908447266,69.69999694824219,67.29000091552734,69.66000366210938,69.5212173461914,12571000.0
2025-10-27,GM,69.56999969482422,69.62999725341797,68.79000091552734,69.37999725341797,69.24177551269531,9724800.0
2025-10-28,GM,69.45999908447266,70.19000244140625,68.66000366210938,69.87000274658203,69.73080444335938,13072200.0
2025-10-29,GM,69.61000061035156,70.23999786376953,68.58999633789062,69.12999725341797,68.99227142333984,10575900.0
2025-10-30,GM,68.66000366210938,69.77999877929688,68.38999938964844,68.66999816894531,68.53318786621094,7559500.0
2025-10-31,GM,68.77999877929688,69.31999969482422,68.62999725341797,69.08999633789062,68.95234680175781,6993600.0
2025-11-03,GM,68.88999938964844,68.93000030517578,67.77999877929688,68.22000122070312,68.08409118652344,10252300.0
2025-11-04,GM,68.0,68.12999725341797,66.75,66.87000274658203,66.73677825927734,8478200.0
2025-11-05,GM,67.04000091552734,69.26000213623047,67.04000091552734,68.7699966430664,68.63298797607422,7807000.0
2025-11-06,GM,68.69000244140625,69.4000015258789,68.20999908447266,68.83999633789062,68.70285034179688,6086300.0
2025-11-07,GM,68.94999694824219,70.76000213623047,68.58000183105469,70.75,70.60904693603516,8408500.0
2025-11-10,GM,71.0,71.33999633789062,69.87000274658203,71.05000305175781,70.90845489501953,8592700.0
2025-11-11,GM,71.12000274658203,71.63999938964844,70.98999786376953,71.22000122070312,71.07810974121094,6164000.0
2025-11-12,GM,71.16999816894531,72.38999938964844,70.98999786376953,71.83999633789062,71.69686889648438,9167200.0
2025-11-13,GM,72.16000366210938,72.87000274658203,71.4800033569336,71.88999938964844,71.74677276611328,9004300.0
2025-11-14,GM,71.36000061035156,71.7699966430664,70.44000244140625,70.5199966430664,70.37950134277344,7100900.0
2025-11-17,GM,70.30999755859375,70.45999908447266,67.48999786376953,67.91000366210938,67.77470397949219,8031700.0
2025-11-18,GM,67.83000183105469,68.41999816894531,67.05999755859375,67.93000030517578,67.79466247558594,6092400.0
2025-11-19,GM,68.0,69.66000366210938,67.61000061035156,68.5,68.363525390625,10557100.0
2025-11-20,GM,68.94000244140625,69.88999938964844,67.77999877929688,68.04000091552734,67.90444946289062,9385200.0
2025-11-21,GM,68.29000091552734,70.52999877929688,68.19000244140625,70.33000183105469,70.18988800048828,10852400.0
2025-11-24,GM,70.4800033569336,71.22000122070312,70.25,71.0,70.85855102539062,13768100.0
2025-11-25,GM,71.1500015258789,73.11000061035156,71.1500015258789,72.77999877929688,72.63500213623047,12089700.0
2025-11-26,GM,72.44000244140625,73.44999694824219,72.22000122070312,72.80999755859375,72.6649398803711,7704300.0
2025-11-28,GM,72.94000244140625,73.86000061035156,72.91000366210938,73.5199966430664,73.37352752685547,3755000.0
2025-12-01,GM,73.08999633789062,73.93000030517578,72.91000366210938,72.94999694824219,72.80465698242188,9826900.0
2025-12-02,GM,73.1500015258789,73.83999633789062,72.08999633789062,73.66000366210938,73.51325225830078,8973700.0
2025-12-03,GM,73.61000061035156,74.91999816894531,73.61000061035156,74.69000244140625,74.54119873046875,8392400.0
2025-12-04,GM,75.0,76.2300033569336,74.9000015258789,75.29000091552734,75.13999938964844,12659100.0
2025-12-05,GM,75.08000183105469,77.0,75.0,76.05000305175781,76.05000305175781,8817800.0
2025-12-08,GM,76.31999969482422,76.66999816894531,75.19999694824219,75.70999908447266,75.70999908447266,10018200.0
2025-12-09,GM,76.08000183105469,77.3499984741211,75.88999938964844,77.16000366210938,77.16000366210938,7970100.0
2025-12-10,GM,77.16000366210938,80.94999694824219,77.0999984741211,80.80000305175781,80.80000305175781,14421300.0
2025-12-11,GM,80.33000183105469,81.22000122070312,80.30000305175781,80.8499984741211,80.8499984741211,9686800.0
2025-12-12,GM,80.86000061035156,81.55000305175781,80.63999938964844,80.88999938964844,80.88999938964844,9649500.0
2025-12-15,GM,80.6500015258789,82.0199966430664,80.58000183105469,81.9800033569336,81.9800033569336,14362200.0
2025-12-16,GM,82.06999969482422,83.04000091552734,81.18000030517578,81.76000213623047,81.76000213623047,10732600.0
2025-12-17,GM,81.18000030517578,81.48999786376953,80.38999938964844,80.51000213623047,80.51000213623047,8864300.0
2025-12-18,GM,80.5,81.9800033569336,80.38999938964844,81.16999816894531,81.16999816894531,9086200.0
2025-12-19,GM,81.08999633789062,82.69000244140625,81.08999633789062,82.3499984741211,82.3499984741211,23751000.0
2025-12-22,GM,82.5999984741211,83.68000030517578,82.58000183105469,83.02999877929688,83.02999877929688,9119900.0
2025-12-23,GM,82.7300033569336,83.43000030517578,82.66000366210938,82.75,82.75,4819900.0
2025-12-24,GM,82.75,83.1500015258789,82.5999984741211,82.87999725341797,82.87999725341797,2370100.0
2025-12-26,GM,82.80000305175781,83.08000183105469,82.55999755859375,83.05999755859375,83.05999755859375,3411600.0
2025-12-29,GM,83.06999969482422,83.36000061035156,82.5,82.93000030517578,82.93000030517578,4759400.0
2025-12-30,GM,83.16999816894531,83.20999908447266,82.18000030517578,82.33000183105469,82.33000183105469,3240500.0
