Date,Ticker,Open,High,Low,Close,Adj Close,Volume
2015-01-02,IBM,154.216064453125,156.12811279296875,153.91969299316406,154.93307495117188,98.12303924560547,5779673.0
2015-01-05,IBM,154.17782592773438,154.17782592773438,152.18930053710938,152.49522399902344,96.57908630371094,5104898.0
2015-01-06,IBM,152.64817810058594,152.92543029785156,148.34608459472656,149.2064971923828,94.49622344970703,6429448.0
2015-01-07,IBM,150.28680419921875,150.28680419921875,147.25621032714844,148.23135375976562,93.87865447998047,4918083.0
2015-01-08,IBM,149.3690185546875,152.04588317871094,148.70936584472656,151.45315551757812,95.91909790039062,4431693.0
2015-01-09,IBM,151.45315551757812,153.28871154785156,150.33460998535156,152.11280822753906,96.3368911743164,4694762.0
2015-01-12,IBM,152.0076446533203,152.2466583251953,148.91014099121094,149.5602264404297,94.72028350830078,4380230.0
2015-01-13,IBM,150.3441619873047,152.93499755859375,148.83364868164062,149.91395568847656,94.94428253173828,4578865.0
2015-01-14,IBM,148.04971313476562,149.6080322265625,146.97897338867188,148.94837951660156,94.3327865600586,4906054.0
2015-01-15,IBM,149.7992401123047,150.06692504882812,147.3804931640625,147.7724609375,93.58802795410156,4443826.0
2015-01-16,IBM,147.05545043945312,150.69789123535156,147.05545043945312,150.2294464111328,95.14412689208984,6020776.0
2015-01-20,IBM,149.8087921142578,150.4110870361328,147.25621032714844,150.0478057861328,95.02909851074219,8778869.0
2015-01-21,IBM,146.30018615722656,147.70555114746094,144.4263916015625,145.4015350341797,92.08647155761719,12444367.0
2015-01-22,IBM,145.2581329345703,148.87188720703125,145.08604431152344,148.55641174316406,94.08453369140625,6401625.0
2015-01-23,IBM,148.2122344970703,150.66921997070312,148.07839965820312,149.01528930664062,94.3751449584961,5057201.0
2015-01-26,IBM,151.30018615722656,152.44741821289062,148.91969299316406,149.48374938964844,94.67186737060547,8250953.0
2015-01-27,IBM,148.12619018554688,148.26959228515625,145.87954711914062,146.91204833984375,93.04315185546875,5919942.0
2015-01-28,IBM,147.2275390625,147.73422241210938,144.88528442382812,144.88528442382812,91.75955200195312,4702711.0
2015-01-29,IBM,144.72274780273438,148.73805236816406,142.94454956054688,148.64244079589844,94.13903045654297,8703557.0
2015-01-30,IBM,147.14149475097656,148.41299438476562,146.30975341796875,146.56787109375,92.82514190673828,6865526.0
2015-02-02,IBM,147.2275390625,147.85850524902344,144.84703063964844,147.85850524902344,93.64251708984375,4928961.0
2015-02-03,IBM,147.94454956054688,151.625244140625,147.94454956054688,151.50096130371094,95.94938659667969,5794212.0
2015-02-04,IBM,150.29637145996094,151.73040771484375,149.8087921142578,150.05735778808594,95.03514862060547,3847711.0
2015-02-05,IBM,150.3728485107422,151.6156768798828,150.23899841308594,150.965576171875,95.6103286743164,5495266.0
2015-02-06,IBM,150.420654296875,151.12811279296875,149.35946655273438,149.82791137695312,95.55548858642578,3406299.0
2015-02-09,IBM,149.1395721435547,150.5736083984375,148.5659637451172,148.90057373046875,94.96403503417969,3198354.0
2015-02-10,IBM,149.84703063964844,151.58700561523438,148.26004028320312,151.58700561523438,96.67735290527344,4644868.0
2015-02-11,IBM,150.82217407226562,152.09368896484375,150.2581329345703,151.24282836914062,96.45784759521484,3793528.0
2015-02-12,IBM,151.73995971679688,152.48565673828125,151.13766479492188,151.5487518310547,96.65296173095703,3486423.0
2015-02-13,IBM,151.7973175048828,153.72848510742188,151.66348266601562,153.34608459472656,97.79924011230469,3877417.0
2015-02-17,IBM,152.72467041015625,154.31166076660156,152.70555114746094,153.88145446777344,98.14069366455078,3027647.0
2015-02-18,IBM,154.7418670654297,155.32504272460938,153.57553100585938,155.05735778808594,98.890625,4558886.0
2015-02-19,IBM,154.92352294921875,157.25621032714844,154.34034729003906,156.68260192871094,99.92713928222656,3665602.0
2015-02-20,IBM,156.44358825683594,157.11280822753906,154.96176147460938,156.45315551757812,99.78082275390625,3507238.0
2015-02-23,IBM,157.0076446533203,157.170166015625,155.35372924804688,155.74569702148438,99.32963562011719,2839262.0
2015-02-24,IBM,155.3441619873047,157.73422241210938,154.4072723388672,157.58126831054688,100.50033569335938,4917874.0
2015-02-25,IBM,157.68641662597656,157.70555114746094,155.43020629882812,155.6501007080078,99.2686767578125,4188812.0
2015-02-26,IBM,156.53919982910156,156.92160034179688,152.74378967285156,153.79541015625,98.08580780029297,7437897.0
2015-02-27,IBM,153.79541015625,155.15296936035156,153.11663818359375,154.818359375,98.73821258544922,4612860.0
2015-03-02,IBM,154.818359375,154.818359375,152.7820281982422,153.4225616455078,97.8479995727539,6190123.0
2015-03-03,IBM,153.2218017578125,154.63670349121094,152.9636688232422,153.94837951660156,98.18334197998047,3383182.0
2015-03-04,IBM,153.47991943359375,153.49903869628906,151.73995971679688,152.4091796875,97.20170593261719,3800746.0
2015-03-05,IBM,152.829833984375,154.397705078125,152.67686462402344,154.09178161621094,98.27481079101562,3966118.0
2015-03-06,IBM,153.1453094482422,154.34034729003906,151.10899353027344,151.52963256835938,96.64073944091797,4749049.0
2015-03-09,IBM,151.24282836914062,154.06309509277344,151.24282836914062,153.69981384277344,98.02481842041016,5432819.0
2015-03-10,IBM,152.58126831054688,153.18356323242188,150.86997985839844,150.86997985839844,96.22006225585938,4812646.0
2015-03-11,IBM,151.5965576171875,152.14149475097656,149.08221435546875,149.90440368652344,95.60421752929688,5972555.0
2015-03-12,IBM,149.397705078125,151.73995971679688,149.397705078125,151.03250122070312,96.32372283935547,4777396.0
2015-03-13,IBM,150.53536987304688,150.5927276611328,146.65391540527344,147.49522399902344,94.06773376464844,6343049.0
2015-03-16,IBM,148.23135375976562,150.181640625,147.9923553466797,150.17208862304688,95.77495574951172,3922082.0
2015-03-17,IBM,149.33078002929688,150.3728485107422,148.53729248046875,150.05735778808594,95.70178985595703,3464038.0
2015-03-18,IBM,149.9521942138672,153.6328887939453,148.94837951660156,152.7820281982422,97.43950653076172,6002785.0
2015-03-19,IBM,152.67686462402344,153.8432159423828,151.8260040283203,152.7820281982422,97.43950653076172,4057016.0
2015-03-20,IBM,153.87188720703125,155.8317413330078,153.29827880859375,155.71701049804688,99.31132507324219,9420694.0
2015-03-23,IBM,155.6118621826172,158.07839965820312,155.5736083984375,157.3900604248047,100.37834167480469,6202885.0
2015-03-24,IBM,157.5430145263672,157.6386260986328,155.73614501953125,155.8317413330078,99.384521484375,4546021.0
2015-03-25,IBM,155.90821838378906,155.90821838378906,152.1988525390625,152.1988525390625,97.06758880615234,5678629.0
2015-03-26,IBM,152.26577758789062,154.15870666503906,151.92160034179688,153.52772521972656,97.91507720947266,4598216.0
2015-03-27,IBM,153.71893310546875,153.8240966796875,152.2275390625,153.34608459472656,97.79924011230469,3637883.0
2015-03-30,IBM,154.216064453125,156.4053497314453,154.15870666503906,155.51625061035156,99.18328094482422,4328348.0
2015-03-31,IBM,153.9961700439453,155.1912078857422,153.34608459472656,153.44168090820312,97.86018371582031,4451148.0
2015-04-01,IBM,153.18356323242188,153.55641174316406,151.42446899414062,152.1797332763672,97.05538940429688,3871037.0
2015-04-02,IBM,152.50477600097656,155.3919677734375,151.90248107910156,153.3938751220703,97.82972717285156,4886494.0
2015-04-06,IBM,152.66729736328125,155.64053344726562,151.72084045410156,154.91395568847656,98.7991714477539,3625122.0
2015-04-07,IBM,154.5602264404297,156.63479614257812,154.51242065429688,154.94264221191406,98.81745910644531,3292808.0
2015-04-08,IBM,154.6080322265625,156.35755920410156,153.92926025390625,154.73231506347656,98.68331146240234,2640418.0
2015-04-09,IBM,154.5889129638672,155.32504272460938,153.65200805664062,155.2007598876953,98.9820785522461,2367621.0
2015-04-10,IBM,155.2007598876953,156.14723205566406,154.15870666503906,155.69789123535156,99.29916381835938,2631422.0
2015-04-13,IBM,155.2294464111328,156.7877655029297,155.21987915039062,155.23899841308594,99.00647735595703,4046869.0
2015-04-14,IBM,155.27725219726562,155.5831756591797,153.71893310546875,155.1625213623047,98.95771026611328,2844388.0
2015-04-15,IBM,155.47801208496094,157.70555114746094,155.35372924804688,156.91204833984375,100.07351684570312,3659745.0
2015-04-16,IBM,156.12811279296875,156.76864624023438,155.3919677734375,155.95602416992188,99.46380615234375,3281197.0
2015-04-17,IBM,154.63670349121094,154.7418670654297,152.9923553466797,153.6042022705078,97.96385955810547,4512862.0
2015-04-20,IBM,154.9713134765625,159.31166076660156,154.78012084960938,158.85276794433594,101.31121063232422,10051223.0
2015-04-21,IBM,158.7667236328125,160.0191192626953,156.8355712890625,157.0363311767578,100.15278625488281,10129046.0
2015-04-22,IBM,157.16061401367188,158.69981384277344,155.72657775878906,158.08795166015625,100.82342529296875,4209941.0
2015-04-23,IBM,157.9636688232422,164.3498992919922,157.87762451171875,162.7533416748047,103.79888153076172,8614438.0
2015-04-24,IBM,162.74378967285156,163.33651733398438,161.31930541992188,162.31358337402344,103.51841735839844,4067266.0
2015-04-27,IBM,163.374755859375,163.94837951660156,162.81069946289062,163.2218017578125,104.09765625,3314356.0
2015-04-28,IBM,163.31739807128906,167.0076446533203,162.5430145263672,166.27151489257812,106.04264068603516,6084268.0
2015-04-29,IBM,165.77438354492188,167.4282989501953,165.2007598876953,166.73040771484375,106.33535766601562,4726246.0
2015-04-30,IBM,166.12811279296875,166.6156768798828,162.81069946289062,163.75717163085938,104.43910217285156,5295793.0
2015-05-01,IBM,165.5831756591797,166.34799194335938,164.8374786376953,166.03250122070312,105.89020538330078,3464457.0
2015-05-04,IBM,166.7973175048828,168.54684448242188,166.06118774414062,166.31930541992188,106.07315826416016,4213288.0
2015-05-05,IBM,165.87954711914062,166.56787109375,164.397705078125,165.46844482421875,105.53050231933594,3758906.0
2015-05-06,IBM,165.29637145996094,166.3957977294922,161.4340362548828,162.5717010498047,104.46771240234375,3778780.0
2015-05-07,IBM,162.170166015625,164.4168243408203,161.6061248779297,163.47036743164062,105.04517364501953,2585712.0
2015-05-08,IBM,165.33460998535156,165.70745849609375,164.66539001464844,165.08604431152344,106.08338928222656,3234860.0
2015-05-11,IBM,165.05735778808594,165.38241577148438,163.34608459472656,163.5946502685547,105.1250228881836,2783406.0
2015-05-12,IBM,163.04971313476562,163.94837951660156,161.4149169921875,163.04971313476562,104.77487182617188,3098670.0
2015-05-13,IBM,163.70936584472656,165.14340209960938,163.2409210205078,164.70362854003906,105.8376693725586,2570545.0
2015-05-14,IBM,165.86997985839844,166.73040771484375,165.602294921875,166.3957977294922,106.92504119873047,2551299.0
2015-05-15,IBM,166.26194763183594,166.73995971679688,165.0095672607422,165.64053344726562,106.43971252441406,3050764.0
2015-05-18,IBM,165.8126220703125,165.8604278564453,164.72274780273438,165.44932556152344,106.31681060791016,2061248.0
2015-05-19,IBM,165.36329650878906,166.10899353027344,164.3690185546875,165.85086059570312,106.5748519897461,2639058.0
2015-05-20,IBM,165.70745849609375,166.76864624023438,164.87571716308594,166.11854553222656,106.74689483642578,2406114.0
2015-05-21,IBM,165.69789123535156,166.48184204101562,165.43020629882812,165.71701049804688,106.48885345458984,2401198.0
2015-05-22,IBM,165.43020629882812,165.7648162841797,164.61758422851562,164.64627075195312,105.8008041381836,2980786.0
2015-05-26,IBM,164.54110717773438,164.55067443847656,161.69215393066406,162.64817810058594,104.51680755615234,4031493.0
2015-05-27,IBM,163.6328887939453,164.89483642578125,162.9923553466797,164.43594360351562,105.6656265258789,2891562.0
2015-05-28,IBM,163.91014099121094,164.28298950195312,163.15487670898438,164.15870666503906,105.48751068115234,1811044.0
2015-05-29,IBM,163.8145294189453,163.8145294189453,162.18930053710938,162.18930053710938,104.22189331054688,4280232.0
2015-06-01,IBM,162.72467041015625,163.51815795898438,161.5965576171875,162.69598388671875,104.54754638671875,3122833.0
2015-06-02,IBM,162.1988525390625,162.95411682128906,161.02294921875,162.18930053710938,104.22189331054688,2689684.0
2015-06-03,IBM,163.0019073486328,164.01528930664062,162.170166015625,162.44741821289062,104.38782501220703,2229026.0
2015-06-04,IBM,162.07456970214844,163.09751892089844,160.54493713378906,160.9751434326172,103.44175720214844,3220948.0
2015-06-05,IBM,160.85086059570312,161.48184204101562,159.84703063964844,160.03823852539062,102.83967590332031,3243123.0
2015-06-08,IBM,159.818359375,159.92352294921875,157.76290893554688,158.06883239746094,101.57416534423828,3931600.0
2015-06-09,IBM,158.06883239746094,158.71893310546875,156.1854705810547,158.3938751220703,101.78305053710938,3552111.0
2015-06-10,IBM,159.1682586669922,161.9407196044922,158.75717163085938,161.49139404296875,103.77349853515625,4895803.0
2015-06-11,IBM,161.81643676757812,162.94454956054688,161.12811279296875,161.35755920410156,103.68750762939453,3623344.0
2015-06-12,IBM,160.8317413330078,160.89866638183594,159.35946655273438,159.64627075195312,102.58783721923828,3206095.0
2015-06-15,IBM,159.64627075195312,159.64627075195312,157.02676391601562,158.94837951660156,102.13934326171875,4441002.0
2015-06-16,IBM,159.01528930664062,160.03823852539062,158.61376953125,159.50286865234375,102.49565887451172,3399291.0
2015-06-17,IBM,159.6558380126953,160.46844482421875,158.79541015625,159.818359375,102.69841766357422,2994698.0
2015-06-18,IBM,159.70362854003906,161.30018615722656,159.70362854003906,160.85086059570312,103.36188507080078,3484121.0
2015-06-19,IBM,160.24856567382812,161.0133819580078,159.43594360351562,159.64627075195312,102.58783721923828,7399404.0
2015-06-22,IBM,160.27725219726562,160.93690490722656,159.84703063964844,160.35372924804688,103.04244232177734,2443247.0
2015-06-23,IBM,160.9751434326172,162.49522399902344,160.2007598876953,161.20458984375,103.58918762207031,3871874.0
2015-06-24,IBM,161.29063415527344,161.4149169921875,159.49330139160156,159.6271514892578,102.57553100585938,3711313.0
2015-06-25,IBM,160.420654296875,160.73614501953125,158.7762908935547,158.7762908935547,102.02879333496094,2519709.0
2015-06-26,IBM,158.91969299316406,159.47418212890625,157.9636688232422,158.18356323242188,101.64788818359375,9357516.0
2015-06-29,IBM,156.71128845214844,158.07839965820312,155.72657775878906,155.8030548095703,100.11820983886719,3467176.0
2015-06-30,IBM,156.7781982421875,156.7877655029297,154.9904327392578,155.50669860839844,99.927734375,3762776.0
2015-07-01,IBM,156.7590789794922,158.32696533203125,156.4053497314453,157.25621032714844,101.0519790649414,3362367.0
2015-07-02,IBM,157.7915802001953,158.04971313476562,157.18930053710938,157.829833984375,101.42060089111328,2983924.0
2015-07-06,IBM,156.625244140625,157.9636688232422,156.32887268066406,157.48565673828125,101.19943237304688,3221471.0
2015-07-07,IBM,157.68641662597656,158.07839965820312,155.09559631347656,157.74378967285156,101.3653335571289,3713195.0
2015-07-08,IBM,156.7877655029297,157.68641662597656,155.52581787109375,155.98471069335938,100.23493957519531,2904010.0
2015-07-09,IBM,158.06883239746094,158.23135375976562,156.50096130371094,156.6443634033203,100.65880584716797,4392886.0
2015-07-10,IBM,158.374755859375,160.03823852539062,158.2409210205078,159.6080322265625,102.56327056884766,4747062.0
2015-07-13,IBM,160.54493713378906,162.41873168945312,160.15296936035156,161.93116760253906,104.05607604980469,4423534.0
2015-07-14,IBM,161.97897338867188,162.08413696289062,160.84129333496094,161.1950225830078,103.58303833007812,3164464.0
2015-07-15,IBM,161.07073974609375,161.8260040283203,160.6118621826172,161.11854553222656,103.53388977050781,2089908.0
2015-07-16,IBM,162.0172119140625,163.5659637451172,161.72084045410156,163.47991943359375,105.05130004882812,3692275.0
2015-07-17,IBM,162.83938598632812,164.93307495117188,162.6195068359375,164.92352294921875,105.97894287109375,4556794.0
2015-07-20,IBM,165.1912078857422,166.13766479492188,164.56979370117188,165.602294921875,106.4151382446289,7717179.0
2015-07-21,IBM,157.11280822753906,159.034423828125,154.89483642578125,155.89866638183594,100.17961120605469,14384906.0
2015-07-22,IBM,155.5736083984375,155.89866638183594,152.67686462402344,153.29827880859375,98.50862121582031,7512163.0
2015-07-23,IBM,153.2218017578125,155.5927276611328,152.8011474609375,154.61758422851562,99.3564453125,5265773.0
2015-07-24,IBM,154.1969451904297,154.8087921142578,152.3996124267578,152.72467041015625,98.1400375366211,3951997.0
2015-07-27,IBM,152.0076446533203,153.13575744628906,151.625244140625,152.07456970214844,97.72229766845703,3876685.0
2015-07-28,IBM,152.87762451171875,153.1453094482422,151.52963256835938,153.011474609375,98.32431030273438,2846166.0
2015-07-29,IBM,152.9636688232422,154.397705078125,152.3804931640625,154.0057373046875,98.96327209472656,3533806.0
2015-07-30,IBM,153.44168090820312,154.30210876464844,152.72467041015625,153.88145446777344,98.88339233398438,2086456.0
2015-07-31,IBM,154.30210876464844,154.93307495117188,153.5659637451172,154.86614990234375,99.51614379882812,3744889.0
2015-08-03,IBM,154.5889129638672,154.73231506347656,150.95602416992188,151.73040771484375,97.50110626220703,4828022.0
2015-08-04,IBM,151.4340362548828,151.8355712890625,149.9713134765625,150.66921997070312,96.81920623779297,5502588.0
2015-08-05,IBM,152.10325622558594,152.52389526367188,150.5544891357422,150.95602416992188,97.00353240966797,3632549.0
2015-08-06,IBM,150.21987915039062,150.6118621826172,149.31166076660156,149.4455108642578,96.83011627197266,3143021.0
2015-08-07,IBM,149.034423828125,149.3785858154297,147.55258178710938,148.29827880859375,96.08673095703125,3969465.0
2015-08-10,IBM,149.87571716308594,150.54493713378906,149.25430297851562,149.85659790039062,97.0964584350586,4825616.0
2015-08-11,IBM,149.10133361816406,149.13002014160156,148.04971313476562,148.67112731933594,96.32833099365234,3312787.0
2015-08-12,IBM,147.47610473632812,149.63670349121094,147.1797332763672,149.29254150390625,96.73095703125,3724074.0
2015-08-13,IBM,149.1969451904297,149.22561645507812,147.53346252441406,148.25047302246094,96.05579376220703,2649936.0
2015-08-14,IBM,148.18356323242188,149.34034729003906,147.7820281982422,148.90057373046875,96.47698974609375,3374814.0
2015-08-17,IBM,148.374755859375,149.7992401123047,147.89674377441406,149.43594360351562,96.82388305664062,2353082.0
2015-08-18,IBM,148.67112731933594,149.63670349121094,148.4225616455078,149.14913940429688,96.63806915283203,2111142.0
2015-08-19,IBM,148.32696533203125,148.8240966796875,146.66348266601562,147.170166015625,95.35581970214844,4399894.0
2015-08-20,IBM,146.02294921875,147.14149475097656,145.7935028076172,145.9464569091797,94.56295013427734,4196029.0
2015-08-21,IBM,144.8374786376953,146.45315551757812,142.16061401367188,142.30401611328125,92.20289611816406,7700757.0
2015-08-24,IBM,137.16061401367188,141.26194763183594,136.71128845214844,137.16061401367188,88.87033081054688,10658426.0
2015-08-25,IBM,140.47801208496094,140.64053344726562,134.43594360351562,134.76100158691406,87.3155517578125,7398567.0
2015-08-26,IBM,137.7533416748047,140.51625061035156,135.88909912109375,140.24856567382812,90.87112426757812,6508003.0
2015-08-27,IBM,141.9694061279297,142.41873168945312,139.25430297851562,142.0076446533203,92.0108871459961,5205524.0
2015-08-28,IBM,141.2523956298828,141.68260192871094,140.70745849609375,141.47227478027344,91.66399383544922,4263810.0
2015-08-31,IBM,140.89866638183594,141.87380981445312,139.82791137695312,141.38623046875,91.60826110839844,4281383.0
2015-09-01,IBM,138.53729248046875,138.6042022705078,135.6118621826172,136.4053497314453,88.3810043334961,5514512.0
2015-09-02,IBM,138.374755859375,138.69981384277344,136.88336181640625,138.67112731933594,89.84901428222656,4447592.0
2015-09-03,IBM,139.6271514892578,141.52008056640625,139.35946655273438,140.32504272460938,90.920654296875,3769261.0
2015-09-04,IBM,138.2122344970703,139.0057373046875,137.0172119140625,137.3804931640625,89.0127944946289,4394351.0
2015-09-08,IBM,139.4455108642578,140.8604278564453,139.25430297851562,140.75526428222656,91.19944763183594,4114232.0
2015-09-09,IBM,142.1988525390625,142.48565673828125,138.47991943359375,138.67112731933594,89.84901428222656,3564559.0
2015-09-10,IBM,139.43594360351562,140.68833923339844,138.15487670898438,139.7705535888672,90.5613784790039,3620938.0
2015-09-11,IBM,139.49330139160156,141.0133819580078,139.26385498046875,140.88909912109375,91.28614807128906,3258395.0
2015-09-14,IBM,140.88909912109375,140.88909912109375,139.01528930664062,139.24473571777344,90.2207260131836,3375128.0
2015-09-15,IBM,140.15296936035156,141.42446899414062,139.3498992919922,141.0420684814453,91.38523864746094,2842087.0
2015-09-16,IBM,141.3384246826172,142.34225463867188,141.05162048339844,141.88336181640625,91.93035125732422,2927963.0
2015-09-17,IBM,141.58700561523438,143.09751892089844,140.82217407226562,141.625244140625,91.76310729980469,4187138.0
2015-09-18,IBM,139.6271514892578,139.9521942138672,137.64817810058594,138.15487670898438,89.51456451416016,8342687.0
2015-09-21,IBM,138.9961700439453,140.51625061035156,138.54684448242188,140.03823852539062,90.7348403930664,4000950.0
2015-09-22,IBM,138.26004028320312,138.68069458007812,137.44741821289062,138.07839965820312,89.46499633789062,3728049.0
2015-09-23,IBM,137.86807250976562,138.2122344970703,136.47227478027344,137.34225463867188,88.9880142211914,2797213.0
2015-09-24,IBM,136.32887268066406,138.69024658203125,135.70745849609375,138.0592803955078,89.45263671875,3431194.0
2015-09-25,IBM,139.14913940429688,139.8374786376953,138.1739959716797,139.0248565673828,90.07825469970703,3634222.0
2015-09-28,IBM,138.06883239746094,138.9866180419922,136.20458984375,136.2523956298828,88.28186798095703,4515896.0
2015-09-29,IBM,135.74569702148438,136.38623046875,134.94264221191406,136.20458984375,88.25091552734375,4982621.0
2015-09-30,IBM,137.37094116210938,139.30210876464844,137.34225463867188,138.5946502685547,89.79949951171875,4127725.0
2015-10-01,IBM,138.91969299316406,139.26385498046875,135.36329650878906,137.27532958984375,88.94465637207031,4059421.0
2015-10-02,IBM,134.84703063964844,138.23135375976562,134.3785858154297,138.2218017578125,89.55791473388672,3194902.0
2015-10-05,IBM,139.4072723388672,143.29827880859375,139.4072723388672,142.48565673828125,92.3205795288086,5367863.0
2015-10-06,IBM,142.50477600097656,143.54684448242188,141.95985412597656,142.23709106445312,92.15950775146484,3156933.0
2015-10-07,IBM,143.44168090820312,144.10133361816406,142.31358337402344,143.48948669433594,92.97100830078125,3117917.0
2015-10-08,IBM,143.10707092285156,146.29063415527344,142.72467041015625,145.5831756591797,94.32757568359375,5014942.0
2015-10-09,IBM,145.75526428222656,146.4149169921875,144.61758422851562,145.68833923339844,94.39569854736328,3693531.0
2015-10-12,IBM,145.69789123535156,145.86997985839844,144.216064453125,144.49330139160156,93.62141418457031,3376070.0
2015-10-13,IBM,144.14913940429688,144.14913940429688,142.6195068359375,143.04014587402344,92.67986297607422,4095822.0
2015-10-14,IBM,143.02102661132812,144.0248565673828,142.46653747558594,143.41299438476562,92.92144012451172,3507238.0
2015-10-15,IBM,144.27342224121094,144.5889129638672,142.04588317871094,143.48948669433594,92.97100830078125,3636105.0
2015-10-16,IBM,143.83364868164062,144.55067443847656,142.69598388671875,143.7762908935547,93.15682220458984,3643950.0
2015-10-19,IBM,143.26004028320312,143.374755859375,141.8546905517578,142.65774536132812,92.43209075927734,8320616.0
2015-10-20,IBM,136.2237091064453,136.5965576171875,134.10133361816406,134.45506286621094,87.11732482910156,16762778.0
2015-10-21,IBM,134.08221435546875,136.38623046875,133.1739959716797,134.72274780273438,87.290771484375,7312168.0
2015-10-22,IBM,135.50669860839844,138.69024658203125,135.3919677734375,137.7533416748047,89.25437927246094,5840027.0
2015-10-23,IBM,138.25047302246094,139.09178161621094,137.3804931640625,138.31739807128906,89.61984252929688,5617438.0
2015-10-26,IBM,138.3843231201172,138.62332153320312,136.91204833984375,137.34225463867188,88.9880142211914,3649912.0
2015-10-27,IBM,137.1988525390625,137.50477600097656,131.29063415527344,131.7973175048828,85.39529418945312,15698891.0
2015-10-28,IBM,131.8546905517578,135.0191192626953,131.45315551757812,134.63670349121094,87.23503875732422,8902924.0
2015-10-29,IBM,134.1873779296875,134.6271514892578,132.90631103515625,134.3690185546875,87.06159210205078,3881078.0
2015-10-30,IBM,134.26385498046875,135.11471557617188,133.7476043701172,133.91969299316406,86.77045440673828,4167264.0
2015-11-02,IBM,134.32122802734375,134.34034729003906,133.43212890625,134.1969451904297,86.95010375976562,3998021.0
2015-11-03,IBM,133.86233520507812,136.52008056640625,133.7476043701172,135.64053344726562,87.88543701171875,4549472.0
2015-11-04,IBM,136.28106689453125,136.37667846679688,135.08604431152344,135.4015350341797,87.73059844970703,3678677.0
2015-11-05,IBM,135.38241577148438,136.11854553222656,133.48948669433594,133.73805236816406,86.65276336669922,5331357.0
2015-11-06,IBM,132.50477600097656,133.41299438476562,131.806884765625,132.170166015625,86.44014739990234,4963165.0
2015-11-09,IBM,131.8546905517578,132.0076446533203,128.94837951660156,129.35946655273438,84.60198211669922,8447078.0
2015-11-10,IBM,129.4072723388672,129.7705535888672,128.2218017578125,129.51242065429688,84.70199584960938,4728757.0
2015-11-11,IBM,130.10516357421875,130.2103271484375,128.5850830078125,129.08221435546875,84.42062377929688,3310381.0
2015-11-12,IBM,128.7762908935547,128.7762908935547,127.16061401367188,127.18929290771484,83.1826400756836,4917664.0
2015-11-13,IBM,127.1032485961914,127.15105438232422,125.86042022705078,125.95602416992188,82.37606811523438,4826035.0
2015-11-16,IBM,125.9942626953125,128.193115234375,125.9942626953125,127.82982635498047,83.60155487060547,4383577.0
2015-11-17,IBM,128.31739807128906,128.89100646972656,127.44741821289062,127.93498992919922,83.67034912109375,2944595.0
2015-11-18,IBM,128.86233520507812,129.93307495117188,128.3556365966797,129.84703063964844,84.92082977294922,4340063.0
2015-11-19,IBM,130.21987915039062,131.68260192871094,130.0286865234375,130.72657775878906,85.49605560302734,4972266.0
2015-11-20,IBM,131.32887268066406,132.81069946289062,131.21414184570312,132.4091796875,86.59648895263672,5414514.0
2015-11-23,IBM,132.4378662109375,132.76290893554688,131.08985900878906,132.37094116210938,86.57147216796875,5374243.0
2015-11-24,IBM,131.5965576171875,133.2122344970703,131.27151489257812,132.50477600097656,86.65899658203125,3564454.0
2015-11-25,IBM,132.28489685058594,132.34225463867188,131.3384246826172,131.93116760253906,86.28387451171875,3387157.0
2015-11-27,IBM,131.93116760253906,132.70555114746094,131.1759033203125,132.37094116210938,86.57147216796875,1480927.0
2015-11-30,IBM,132.51434326171875,133.7476043701172,132.4282989501953,133.28871154785156,87.17172241210938,4754698.0
2015-12-01,IBM,133.44168090820312,135.181640625,133.44168090820312,135.06692504882812,88.3346939086914,4388075.0
2015-12-02,IBM,134.73231506347656,135.0,133.36520385742188,133.55641174316406,87.34679412841797,3896768.0
2015-12-03,IBM,133.93881225585938,134.54110717773438,132.11280822753906,132.81069946289062,86.85910034179688,6181442.0
2015-12-04,IBM,132.0172119140625,134.818359375,131.92160034179688,134.25430297851562,87.80322265625,4781894.0
2015-12-07,IBM,133.9961700439453,134.2351837158203,132.70555114746094,133.41299438476562,87.25300598144531,3430252.0
2015-12-08,IBM,132.1988525390625,132.94454956054688,131.48184204101562,131.97897338867188,86.31513214111328,4084839.0
2015-12-09,IBM,131.3384246826172,133.69024658203125,130.23899841308594,130.602294921875,85.41478729248047,4827290.0
2015-12-10,IBM,131.0038299560547,131.7877655029297,129.75143432617188,130.7648162841797,85.52105712890625,4416526.0
2015-12-11,IBM,129.28298950195312,129.48374938964844,128.02102661132812,128.65200805664062,84.1392593383789,5579155.0
2015-12-14,IBM,129.35946655273438,130.15296936035156,128.12619018554688,129.9521942138672,84.98961639404297,5380415.0
2015-12-15,IBM,131.35755920410156,132.85850524902344,131.24282836914062,131.73040771484375,86.1525650024414,4433471.0
2015-12-16,IBM,133.0019073486328,133.50860595703125,131.73040771484375,133.1644287109375,87.09040832519531,4545393.0
2015-12-17,IBM,133.2218017578125,133.36520385742188,130.31549072265625,130.73614501953125,85.5023193359375,4277617.0
2015-12-18,IBM,130.4110870361328,130.93690490722656,128.36520385742188,128.96749877929688,84.34561920166016,10487301.0
2015-12-21,IBM,129.85659790039062,129.85659790039062,128.12619018554688,129.54110717773438,84.72076416015625,5875905.0
2015-12-22,IBM,129.90440368652344,132.11280822753906,129.68450927734375,131.86424255371094,86.2400894165039,4459935.0
2015-12-23,IBM,132.2179718017578,133.18356323242188,132.0363311767578,132.44741821289062,86.62149047851562,5402485.0
2015-12-24,IBM,132.34225463867188,132.7724609375,132.0363311767578,132.170166015625,86.44014739990234,1563979.0
2015-12-28,IBM,131.68260192871094,131.9694061279297,130.53536987304688,131.55831909179688,86.04002380371094,3287996.0
2015-12-29,IBM,132.170166015625,133.90057373046875,132.12237548828125,133.6328887939453,87.39680480957031,4125110.0
2015-12-30,IBM,133.44168090820312,134.26385498046875,133.09751892089844,133.2122344970703,87.12167358398438,3126912.0
2015-12-31,IBM,132.95411682128906,132.9827880859375,131.52008056640625,131.56787109375,86.0462646484375,3621357.0
2016-01-04,IBM,129.63670349121094,129.9904327392578,128.33651733398438,129.9713134765625,85.0020980834961,5469952.0
2016-01-05,IBM,130.74569702148438,130.86997985839844,128.91969299316406,129.87571716308594,84.9395751953125,4105341.0
2016-01-06,IBM,128.47036743164062,129.61758422851562,127.74378967285156,129.22561645507812,84.51441955566406,4509201.0
2016-01-07,IBM,127.82026672363281,129.08221435546875,126.60611724853516,127.01720428466797,83.07009887695312,7348987.0
2016-01-08,IBM,127.32313537597656,127.93498992919922,125.54492950439453,125.84130096435547,82.30106353759766,4981784.0
2016-01-11,IBM,126.01338195800781,127.93498992919922,125.96558380126953,127.37093353271484,83.30144500732422,5203222.0
2016-01-12,IBM,127.77246856689453,127.8967514038086,125.36328887939453,127.05545043945312,83.09510040283203,5312320.0
2016-01-13,IBM,127.62906646728516,128.374755859375,125.33460998535156,125.40152740478516,82.013427734375,4916305.0
2016-01-14,IBM,126.12810516357422,127.90631103515625,125.44933319091797,127.06501007080078,83.10137176513672,5972242.0
2016-01-15,IBM,124.29254150390625,125.12428283691406,123.20267486572266,124.31166076660156,81.30065155029297,9422891.0
2016-01-19,IBM,124.38814544677734,126.29063415527344,122.42829895019531,122.4760971069336,80.10018920898438,10438662.0
2016-01-20,IBM,113.25048065185547,118.53728485107422,112.81070709228516,116.5009536743164,76.19239807128906,16901059.0
2016-01-21,IBM,115.96558380126953,119.59847259521484,115.2772445678711,117.5047836303711,76.84891510009766,9258774.0
2016-01-22,IBM,119.1873779296875,119.25430297851562,116.4149169921875,117.11280822753906,76.592529296875,9663366.0
2016-01-25,IBM,116.73040008544922,118.76673126220703,116.29063415527344,116.7112808227539,76.32997131347656,5696516.0
2016-01-26,IBM,116.8738021850586,118.17399597167969,116.86424255371094,117.1988525390625,76.64884185791016,4830219.0
2016-01-27,IBM,117.33269500732422,117.94454956054688,115.34416961669922,115.64053344726562,75.62967681884766,5257614.0
2016-01-28,IBM,115.9273452758789,117.42829895019531,115.68833923339844,116.84512329101562,76.41748046875,4123855.0
2016-01-29,IBM,117.85850524902344,119.3021011352539,117.55258178710938,119.3021011352539,78.02437591552734,8627513.0
2016-02-01,IBM,118.92925262451172,119.78011322021484,118.26959991455078,119.34034729003906,78.04938507080078,3739345.0
2016-02-02,IBM,118.23136138916016,118.6806869506836,117.24665069580078,117.53346252441406,76.86767578125,3438516.0
2016-02-03,IBM,118.53728485107422,119.93307495117188,116.91204833984375,119.23518371582031,77.98059844970703,6509781.0
2016-02-04,IBM,119.57935333251953,122.84894561767578,119.50286865234375,122.03633117675781,79.81256866455078,5508759.0
2016-02-05,IBM,121.62523651123047,122.98279571533203,120.31549072265625,122.9158706665039,80.38780212402344,7507874.0
2016-02-08,IBM,120.45889282226562,121.9024887084961,118.67112731933594,121.39579010009766,80.2046127319336,7702744.0
2016-02-09,IBM,120.57361602783203,121.34799194335938,118.32695770263672,118.61376953125,78.36658477783203,6231231.0
2016-02-10,IBM,119.50286865234375,119.78011322021484,114.56979370117188,114.9043960571289,75.91584014892578,6766679.0
2016-02-11,IBM,113.55640411376953,114.397705078125,111.75907897949219,112.66730499267578,74.43782043457031,7643750.0
2016-02-12,IBM,114.01529693603516,115.72657775878906,113.14531707763672,115.7170181274414,76.45272064208984,5163579.0
2016-02-16,IBM,116.47227478027344,117.67686462402344,116.00382232666016,117.34225463867188,77.52650451660156,4248224.0
2016-02-17,IBM,118.26959991455078,121.00382232666016,117.82982635498047,120.55449676513672,79.6488037109375,5042766.0
2016-02-18,IBM,124.2829818725586,128.10707092285156,124.04397583007812,126.62523651123047,83.65966796875,10409374.0
2016-02-19,IBM,126.53919982910156,127.77246856689453,125.08604431152344,127.22753143310547,84.0575942993164,5361064.0
2016-02-22,IBM,127.22753143310547,128.4034423828125,126.58699798583984,127.88719177246094,84.49340057373047,4662440.0
2016-02-23,IBM,127.28489685058594,127.54302215576172,126.20458984375,126.57743835449219,83.62808990478516,3597926.0
2016-02-24,IBM,125.76481628417969,127.61949920654297,123.97705841064453,126.95984649658203,83.8807144165039,4312240.0
2016-02-25,IBM,127.42829895019531,128.5946502685547,125.12428283691406,128.5850830078125,84.95450592041016,4558782.0
2016-02-26,IBM,128.5946502685547,128.9866180419922,126.14722442626953,126.22370910644531,83.39437866210938,4587965.0
2016-02-29,IBM,126.19503021240234,127.4952163696289,125.14340209960938,125.26768493652344,82.76272583007812,4631688.0
2016-03-01,IBM,126.42447662353516,128.71893310546875,126.22370910644531,128.46080017089844,84.87239074707031,3962771.0
2016-03-02,IBM,127.82026672363281,131.3957977294922,127.36137390136719,130.30592346191406,86.0914535522461,5457191.0
2016-03-03,IBM,131.1854705810547,131.89292907714844,130.08604431152344,131.73995971679688,87.03888702392578,5393594.0
2016-03-04,IBM,131.49139404296875,133.28871154785156,130.9942626953125,131.73995971679688,87.03888702392578,4150946.0
2016-03-07,IBM,131.24282836914062,134.33078002929688,130.85086059570312,133.9866180419922,88.52323150634766,5408866.0
2016-03-08,IBM,133.5659637451172,134.17782592773438,131.37667846679688,132.95411682128906,87.84107208251953,5835739.0
2016-03-09,IBM,133.18356323242188,135.91778564453125,133.10707092285156,134.2351837158203,88.68741607666016,4609199.0
2016-03-10,IBM,135.0286865234375,135.24856567382812,132.0172119140625,134.0248565673828,88.54846954345703,4205548.0
2016-03-11,IBM,135.49713134765625,136.63479614257812,134.33078002929688,136.09942626953125,89.91912841796875,4625307.0
2016-03-14,IBM,135.7648162841797,136.89292907714844,134.8374786376953,136.50096130371094,90.18441009521484,4235045.0
2016-03-15,IBM,135.50669860839844,137.02676391601562,135.31549072265625,136.67303466796875,90.29810333251953,3878045.0
2016-03-16,IBM,136.34799194335938,138.50860595703125,135.8604278564453,138.4225616455078,91.45398712158203,4416107.0
2016-03-17,IBM,138.41299438476562,140.84129333496094,138.09751892089844,140.5736083984375,92.87516021728516,6089394.0
2016-03-18,IBM,140.91778564453125,141.02294921875,139.11090087890625,140.6214141845703,92.90673065185547,12645826.0
2016-03-21,IBM,140.82217407226562,142.170166015625,140.26768493652344,142.09368896484375,93.87945556640625,3892794.0
2016-03-22,IBM,141.5487518310547,142.71510314941406,141.3384246826172,141.58700561523438,93.54469299316406,4269667.0
2016-03-23,IBM,141.49139404296875,141.52008056640625,138.7476043701172,139.0057373046875,91.83929443359375,4983353.0
2016-03-24,IBM,138.6042022705078,141.70172119140625,138.13575744628906,141.44358825683594,93.449951171875,5276547.0
2016-03-28,IBM,141.2523956298828,142.11280822753906,140.75526428222656,141.87380981445312,93.73419952392578,3415295.0
2016-03-29,IBM,141.09942626953125,143.1739959716797,141.0133819580078,142.76290893554688,94.32160949707031,3282871.0
2016-03-30,IBM,143.3556365966797,143.79541015625,141.7973175048828,141.88336181640625,93.74051666259766,3484435.0
2016-03-31,IBM,143.2026824951172,146.3671112060547,142.7915802001953,144.7896728515625,95.6606674194336,7092508.0
2016-04-01,IBM,143.89100646972656,146.2332763671875,143.64244079589844,145.8126220703125,96.33650970458984,4106073.0
2016-04-04,IBM,145.64053344726562,146.76864624023438,145.2294464111328,145.38241577148438,96.05225372314453,4112035.0
2016-04-05,IBM,144.7705535888672,144.93307495117188,143.06883239746094,143.4034423828125,94.74476623535156,3490502.0
2016-04-06,IBM,143.30784606933594,143.54684448242188,141.30975341796875,143.4225616455078,94.75743865966797,4387552.0
2016-04-07,IBM,142.51434326171875,143.02102661132812,141.49139404296875,141.73040771484375,93.6394271850586,3831498.0
2016-04-08,IBM,142.50477600097656,143.3938751220703,141.6061248779297,142.7820281982422,94.33424377441406,3445315.0
2016-04-11,IBM,143.65200805664062,145.26768493652344,142.65774536132812,142.68641662597656,94.27104949951172,4023021.0
2016-04-12,IBM,143.0305938720703,143.50860595703125,142.04588317871094,143.04971313476562,94.5111083984375,3761207.0
2016-04-13,IBM,144.12045288085938,144.579345703125,143.04971313476562,144.579345703125,95.52166748046875,3314146.0
2016-04-14,IBM,144.8374786376953,146.0420684814453,143.7667236328125,144.51242065429688,95.47747802734375,3322619.0
2016-04-15,IBM,144.397705078125,145.4110870361328,144.32122802734375,145.0478057861328,95.8311996459961,3825850.0
2016-04-18,IBM,145.0478057861328,146.4053497314453,144.82791137695312,145.82217407226562,96.34280395507812,6884458.0
2016-04-19,IBM,140.0286865234375,140.48757934570312,136.3384246826172,137.66729736328125,90.95500946044922,13796949.0
2016-04-20,IBM,137.89674377441406,140.72657775878906,137.66729736328125,139.68450927734375,92.2877426147461,7064998.0
2016-04-21,IBM,140.13385009765625,143.51815795898438,140.0191192626953,142.73422241210938,94.30265045166016,6294514.0
2016-04-22,IBM,142.86807250976562,144.35946655273438,141.0133819580078,141.9694061279297,93.79737091064453,5430727.0
2016-04-25,IBM,141.6443634033203,142.35182189941406,140.64053344726562,142.26577758789062,93.99314880371094,2979949.0
2016-04-26,IBM,142.11280822753906,143.2026824951172,141.3957977294922,142.52389526367188,94.16368865966797,3116871.0
2016-04-27,IBM,142.7820281982422,144.14913940429688,142.41873168945312,143.85276794433594,95.04166412353516,3254315.0
2016-04-28,IBM,143.1644287109375,143.57553100585938,140.27725219726562,140.602294921875,92.89411926269531,3965909.0
2016-04-29,IBM,140.0478057861328,140.8604278564453,137.8489532470703,139.52198791503906,92.18035125732422,4420187.0
2016-05-02,IBM,140.11471557617188,140.53536987304688,138.07839965820312,138.88145446777344,91.7571792602539,3663510.0
2016-05-03,IBM,138.28871154785156,138.52772521972656,136.6156768798828,137.7915802001953,91.03710174560547,3749178.0
2016-05-04,IBM,137.05545043945312,138.62332153320312,137.0076446533203,137.90631103515625,91.11290740966797,2695647.0
2016-05-05,IBM,139.53155517578125,140.82217407226562,139.0535430908203,140.0286865234375,92.5151596069336,6800255.0
2016-05-06,IBM,138.48948669433594,141.46270751953125,138.11663818359375,140.8126220703125,93.93089294433594,5121007.0
2016-05-09,IBM,141.20458984375,141.68260192871094,140.54493713378906,140.8604278564453,93.96279907226562,4500310.0
2016-05-10,IBM,141.72084045410156,143.44168090820312,141.24282836914062,143.374755859375,95.64002227783203,4176364.0
2016-05-11,IBM,143.12619018554688,144.4455108642578,142.1988525390625,142.3996124267578,94.98954010009766,3235278.0
2016-05-12,IBM,142.64817810058594,142.8202667236328,140.64053344726562,142.29444885253906,94.91936492919922,3398663.0
2016-05-13,IBM,142.2466583251953,143.26959228515625,140.93690490722656,141.2237091064453,94.20511627197266,2508308.0
2016-05-16,IBM,141.1567840576172,143.3938751220703,140.95602416992188,142.88719177246094,95.31475830078125,3210279.0
2016-05-17,IBM,142.64817810058594,142.92543029785156,140.8126220703125,141.49139404296875,94.3836898803711,3651168.0
2016-05-18,IBM,141.48184204101562,141.988525390625,139.92352294921875,140.8604278564453,93.96279907226562,2605691.0
2016-05-19,IBM,140.03823852539062,140.46844482421875,137.62905883789062,138.55641174316406,92.42585754394531,3855138.0
2016-05-20,IBM,139.30210876464844,141.02294921875,139.14913940429688,140.77438354492188,93.9053726196289,3840389.0
2016-05-23,IBM,141.11854553222656,141.44358825683594,140.2103271484375,140.31549072265625,93.59925842285156,2200575.0
2016-05-24,IBM,140.420654296875,142.2084197998047,140.420654296875,141.7877655029297,94.58135223388672,3064048.0
2016-05-25,IBM,142.3804931640625,145.4015350341797,141.9694061279297,145.0191192626953,96.73688507080078,4555644.0
2016-05-26,IBM,144.88528442382812,145.8030548095703,144.4072723388672,145.73614501953125,97.21519470214844,3203793.0
2016-05-27,IBM,145.6501007080078,146.20458984375,145.45889282226562,146.11854553222656,97.47025299072266,2570127.0
2016-05-31,IBM,145.85086059570312,147.04588317871094,145.5736083984375,146.97897338867188,98.04426574707031,6105084.0
2016-06-01,IBM,146.27151489257812,146.52963256835938,144.87571716308594,145.8030548095703,97.25983428955078,2785916.0
2016-06-02,IBM,145.87954711914062,146.74952697753906,145.43020629882812,146.74952697753906,97.89117431640625,2764160.0
2016-06-03,IBM,145.69789123535156,146.30975341796875,145.0286865234375,146.16635131835938,97.50218963623047,2435402.0
2016-06-06,IBM,146.35755920410156,147.1797332763672,145.64053344726562,146.0133819580078,97.40013885498047,2488120.0
2016-06-07,IBM,146.56787109375,147.16061401367188,145.9464569091797,146.58700561523438,97.78277587890625,4670390.0
2016-06-08,IBM,146.7781982421875,147.31358337402344,146.30975341796875,147.2275390625,98.21005249023438,3070010.0
2016-06-09,IBM,146.1950225830078,146.9980926513672,146.0133819580078,146.67303466796875,97.84017181396484,2114803.0
2016-06-10,IBM,146.07073974609375,146.58700561523438,145.181640625,145.66921997070312,97.17057037353516,3264148.0
2016-06-13,IBM,144.96176147460938,145.7935028076172,143.67112731933594,144.6271514892578,96.4754409790039,3776478.0
2016-06-14,IBM,144.6271514892578,145.11471557617188,143.78585815429688,144.4168243408203,96.33515930175781,2997627.0
2016-06-15,IBM,144.7992401123047,145.11471557617188,143.97705078125,144.0535430908203,96.09276580810547,2364378.0
2016-06-16,IBM,143.5850830078125,144.63670349121094,142.44741821289062,144.4168243408203,96.33515930175781,2561759.0
2016-06-17,IBM,144.32122802734375,146.0038299560547,143.97705078125,145.30592346191406,96.92819213867188,4878439.0
2016-06-20,IBM,145.88909912109375,147.86807250976562,145.8126220703125,146.8546905517578,97.96134948730469,3736417.0
2016-06-21,IBM,147.3804931640625,147.7724609375,146.93116760253906,147.27532958984375,98.2419204711914,2887274.0
2016-06-22,IBM,146.988525390625,147.90631103515625,145.5736083984375,146.1950225830078,97.52129364013672,2964050.0
2016-06-23,IBM,146.70172119140625,148.64244079589844,145.88909912109375,148.51815795898438,99.07096862792969,4151992.0
2016-06-24,IBM,143.374755859375,143.9866180419922,139.75143432617188,140.14340209960938,93.48448181152344,9500609.0
2016-06-27,IBM,139.75143432617188,140.15296936035156,136.2332763671875,137.18930053710938,91.51392364501953,5248723.0
2016-06-28,IBM,138.41299438476562,139.32122802734375,137.87762451171875,139.29254150390625,92.9168930053711,4181594.0
2016-06-29,IBM,140.05735778808594,141.95028686523438,140.0095672607422,141.93116760253906,94.67703247070312,3522614.0
2016-06-30,IBM,142.31358337402344,145.2294464111328,142.13192749023438,145.10516357421875,96.7942886352539,4149587.0
2016-07-01,IBM,145.10516357421875,146.24282836914062,144.7418670654297,145.6501007080078,97.15782165527344,2780582.0
2016-07-05,IBM,144.54110717773438,145.31549072265625,144.13002014160156,145.0095672607422,96.73051452636719,2578599.0
2016-07-06,IBM,145.17208862304688,145.70745849609375,143.32696533203125,145.66921997070312,97.17057037353516,2687592.0
2016-07-07,IBM,146.03250122070312,146.93116760253906,145.2103271484375,145.88909912109375,97.31721496582031,2236766.0
2016-07-08,IBM,147.2275390625,147.8011474609375,146.34799194335938,147.66729736328125,98.5033950805664,3180468.0
2016-07-11,IBM,147.8011474609375,149.17782592773438,147.70555114746094,148.49903869628906,99.05821990966797,2964050.0
2016-07-12,IBM,149.1395721435547,150.2103271484375,148.68069458007812,150.13385009765625,100.14872741699219,4020615.0
2016-07-13,IBM,150.8126220703125,151.37667846679688,150.15296936035156,151.07073974609375,100.77372741699219,2872734.0
2016-07-14,IBM,151.8260040283203,154.30210876464844,151.6061248779297,153.23135375976562,102.2149887084961,4850930.0
2016-07-15,IBM,152.86807250976562,152.94454956054688,151.52963256835938,152.7533416748047,101.89611053466797,4682733.0
2016-07-18,IBM,152.29444885253906,153.68069458007812,151.74952697753906,152.829833984375,101.94712829589844,7039266.0
2016-07-19,IBM,154.66539001464844,155.0095672607422,150.9464569091797,152.5621337890625,101.7685546875,7447520.0
2016-07-20,IBM,152.93499755859375,154.5984649658203,152.58126831054688,154.26385498046875,102.90372467041016,4577610.0
2016-07-21,IBM,153.68069458007812,154.73231506347656,152.85850524902344,153.3938751220703,102.3233642578125,3680769.0
2016-07-22,IBM,153.70936584472656,155.03823852539062,153.4225616455078,154.94264221191406,103.35648345947266,2636025.0
2016-07-25,IBM,154.87571716308594,155.71701049804688,154.63670349121094,155.49713134765625,103.72637176513672,2933612.0
2016-07-26,IBM,155.49713134765625,156.4053497314453,154.27342224121094,154.9904327392578,103.38842010498047,3027752.0
2016-07-27,IBM,154.9904327392578,155.420654296875,154.09178161621094,154.71319580078125,103.2034683227539,2262184.0
2016-07-28,IBM,154.28298950195312,154.69407653808594,153.64244079589844,154.27342224121094,102.91011047363281,2448058.0
2016-07-29,IBM,154.26385498046875,154.5602264404297,152.9923553466797,153.55641174316406,102.43182373046875,3710685.0
2016-08-01,IBM,153.5850830078125,154.54110717773438,152.81069946289062,154.3498992919922,102.96109771728516,2953486.0
2016-08-02,IBM,154.17782592773438,154.3498992919922,153.30784606933594,153.51815795898438,102.4062728881836,3222621.0
2016-08-03,IBM,153.08795166015625,153.78585815429688,152.7724609375,153.6042022705078,102.46369171142578,2993338.0
2016-08-04,IBM,153.78585815429688,154.5889129638672,153.07839965820312,154.4455108642578,103.02488708496094,2603599.0
2016-08-05,IBM,154.87571716308594,156.31930541992188,154.46463012695312,156.30975341796875,104.26844024658203,3987770.0
2016-08-08,IBM,155.5736083984375,156.08985900878906,154.47418212890625,154.91395568847656,104.2298355102539,3179108.0
2016-08-09,IBM,155.08604431152344,155.6118621826172,154.54110717773438,154.6558380126953,104.05616760253906,2863425.0
2016-08-10,IBM,155.05735778808594,155.50669860839844,154.8374786376953,154.9521942138672,104.25562286376953,2580168.0
2016-08-11,IBM,155.11471557617188,157.69598388671875,155.0478057861328,156.3384246826172,105.18827819824219,9171956.0
2016-08-12,IBM,156.0133819580078,156.27151489257812,154.4168243408203,154.82791137695312,104.17196655273438,2660083.0
2016-08-15,IBM,155.2581329345703,155.8030548095703,154.66539001464844,154.76100158691406,104.126953125,3107038.0
2016-08-16,IBM,154.0248565673828,154.8087921142578,153.62332153320312,153.6328887939453,103.36791229248047,2311869.0
2016-08-17,IBM,153.89100646972656,154.07266235351562,152.81069946289062,153.3843231201172,103.20064544677734,3374291.0
2016-08-18,IBM,153.8145294189453,154.87571716308594,153.3843231201172,154.26385498046875,103.79246520996094,3819992.0
2016-08-19,IBM,153.7667236328125,153.83364868164062,152.50477600097656,153.0019073486328,102.9433822631836,2944699.0
2016-08-22,IBM,152.9636688232422,153.50860595703125,152.13192749023438,152.9636688232422,102.91765594482422,2133108.0
2016-08-23,IBM,153.27915954589844,154.24473571777344,153.18356323242188,153.2122344970703,103.08489227294922,2968653.0
2016-08-24,IBM,152.85850524902344,153.13575744628906,151.35755920410156,152.05545043945312,102.30660247802734,3813507.0
2016-08-25,IBM,152.0076446533203,152.52389526367188,151.45315551757812,151.65391540527344,102.03638458251953,2693450.0
2016-08-26,IBM,151.89292907714844,153.3843231201172,150.90821838378906,151.35755920410156,101.8370132446289,2613849.0
2016-08-29,IBM,151.84512329101562,153.1644287109375,151.52963256835938,152.69598388671875,102.73755645751953,2589791.0
2016-08-30,IBM,152.73422241210938,153.10707092285156,151.8260040283203,152.3900604248047,102.53172302246094,1896712.0
2016-08-31,IBM,152.6386260986328,152.6386260986328,151.30018615722656,151.89292907714844,102.197265625,2430486.0
2016-09-01,IBM,151.35755920410156,152.6003875732422,151.14723205566406,152.52389526367188,102.62176513671875,2466886.0
2016-09-02,IBM,152.8489532470703,153.50860595703125,152.1510467529297,152.53346252441406,102.62821960449219,2421908.0
2016-09-06,IBM,152.8489532470703,153.78585815429688,152.11280822753906,153.29827880859375,103.14278411865234,3131829.0
2016-09-07,IBM,153.1453094482422,154.64627075195312,152.9636688232422,154.53155517578125,103.97257232666016,2999196.0
2016-09-08,IBM,153.48948669433594,154.12045288085938,151.7781982421875,152.0076446533203,102.2744140625,4145507.0
2016-09-09,IBM,151.08030700683594,151.4340362548828,148.8049774169922,148.8432159423828,100.14530944824219,5424556.0
2016-09-12,IBM,148.43212890625,151.55831909179688,148.0305938720703,151.32887268066406,101.8177261352539,4568405.0
2016-09-13,IBM,150.69789123535156,150.98471069335938,148.6615753173828,148.9579315185547,100.22250366210938,3803988.0
2016-09-14,IBM,148.85276794433594,149.01528930664062,146.6443634033203,147.27532958984375,99.09039306640625,4038188.0
2016-09-15,IBM,147.51434326171875,149.45506286621094,146.47227478027344,148.8145294189453,100.12602233886719,3813298.0
2016-09-16,IBM,148.2218017578125,148.5659637451172,146.72084045410156,147.07456970214844,98.955322265625,6760926.0
2016-09-19,IBM,148.0592803955078,149.32122802734375,147.7533416748047,148.0592803955078,99.61788177490234,2562805.0
2016-09-20,IBM,149.01528930664062,149.68450927734375,147.65774536132812,147.65774536132812,99.34768676757812,2258419.0
2016-09-21,IBM,148.09751892089844,148.83364868164062,147.10325622558594,148.69024658203125,100.04238891601562,2587699.0
2016-09-22,IBM,149.28298950195312,150.30592346191406,148.8432159423828,149.24473571777344,100.41545104980469,2814891.0
2016-09-23,IBM,148.7762908935547,149.17782592773438,147.90631103515625,148.1644287109375,99.68861389160156,2826501.0
2016-09-26,IBM,147.66729736328125,147.66729736328125,146.71128845214844,147.2084197998047,99.0453872680664,2649832.0
2016-09-27,IBM,147.53346252441406,149.87571716308594,147.04588317871094,149.87571716308594,100.84001159667969,3124611.0
2016-09-28,IBM,150.08604431152344,151.65391540527344,149.35946655273438,151.32887268066406,101.8177261352539,3462260.0
2016-09-29,IBM,151.65391540527344,157.74378967285156,150.53536987304688,151.1567840576172,101.7019271850586,3530041.0
2016-09-30,IBM,151.91204833984375,152.81069946289062,151.10899353027344,151.86424255371094,102.17791748046875,3762357.0
2016-10-03,IBM,151.10899353027344,151.4053497314453,150.11471557617188,150.67877197265625,101.38030242919922,2330279.0
2016-10-04,IBM,150.73614501953125,151.55831909179688,148.96749877929688,149.579345703125,100.64057159423828,3016769.0
2016-10-05,IBM,150.1625213623047,150.88909912109375,149.82791137695312,150.17208862304688,101.03936004638672,1761987.0
2016-10-06,IBM,149.94264221191406,150.50669860839844,149.034423828125,149.9808807373047,100.91078186035156,2039805.0
2016-10-07,IBM,150.2294464111328,150.7648162841797,148.04971313476562,148.8240966796875,100.1324462890625,2794807.0
2016-10-10,IBM,149.818359375,151.52008056640625,149.7705535888672,150.11471557617188,101.00080871582031,2595440.0
2016-10-11,IBM,149.8374786376953,150.0478057861328,147.12237548828125,147.9827880859375,99.56639862060547,3034760.0
2016-10-12,IBM,148.15487670898438,148.15487670898438,146.34799194335938,147.50477600097656,99.24478912353516,3100344.0
2016-10-13,IBM,146.9407196044922,147.4378662109375,145.5736083984375,146.95985412597656,98.8781509399414,3043755.0
2016-10-14,IBM,147.67686462402344,148.69024658203125,147.31358337402344,147.65774536132812,99.34768676757812,4558677.0
2016-10-17,IBM,147.65774536132812,149.034423828125,147.55258178710938,147.9636688232422,99.55354309082031,6161358.0
2016-10-18,IBM,143.4225616455078,144.35946655273438,141.29063415527344,144.09178161621094,96.94843292236328,13358048.0
2016-10-19,IBM,144.61758422851562,145.74569702148438,144.1969451904297,144.6080322265625,97.2957992553711,4846013.0
2016-10-20,IBM,144.6271514892578,146.1759033203125,144.3785858154297,144.85659790039062,97.4630126953125,4208163.0
2016-10-21,IBM,143.9579315185547,144.50286865234375,142.9827880859375,143.04971313476562,96.24730682373047,4617253.0
2016-10-24,IBM,143.78585815429688,144.85659790039062,143.78585815429688,143.94837951660156,96.85195922851562,2789368.0
2016-10-25,IBM,143.94837951660156,144.51242065429688,143.2409210205078,144.24473571777344,97.05135345458984,2769285.0
2016-10-26,IBM,144.08221435546875,146.21414184570312,143.65200805664062,145.13385009765625,97.64957427978516,2941038.0
2016-10-27,IBM,146.09942626953125,147.28489685058594,145.33460998535156,146.6061248779297,98.64014434814453,4423848.0
2016-10-28,IBM,147.27532958984375,147.64817810058594,145.48757934570312,145.89866638183594,98.16412353515625,3822607.0
2016-10-31,IBM,146.0420684814453,147.5430145263672,146.0420684814453,146.93116760253906,98.85885620117188,3716647.0
2016-11-01,IBM,146.74952697753906,147.14149475097656,145.06692504882812,146.07073974609375,98.27994537353516,3338727.0
2016-11-02,IBM,145.77438354492188,146.6061248779297,145.0,145.26768493652344,97.7396011352539,3215822.0
2016-11-03,IBM,145.8030548095703,146.97897338867188,145.12428283691406,145.66921997070312,98.0097885131836,3011225.0
2016-11-04,IBM,145.69789123535156,146.88336181640625,145.1912078857422,145.72657775878906,98.04837036132812,2584038.0
2016-11-07,IBM,147.2179718017578,149.24473571777344,147.07456970214844,148.87188720703125,100.16461944580078,3979925.0
2016-11-08,IBM,147.76290893554688,149.07266235351562,146.32887268066406,148.34608459472656,100.71629333496094,4102307.0
2016-11-09,IBM,146.2332763671875,148.71893310546875,144.35946655273438,148.0019073486328,100.48267364501953,5652270.0
2016-11-10,IBM,150.72657775878906,154.07266235351562,150.65965270996094,153.1739959716797,103.99414825439453,8070727.0
2016-11-11,IBM,152.93499755859375,154.24473571777344,152.32313537597656,154.17782592773438,104.67565155029297,4651144.0
2016-11-14,IBM,154.15870666503906,154.7418670654297,150.6501007080078,151.2523956298828,102.68948364257812,5435539.0
2016-11-15,IBM,151.45315551757812,152.1510467529297,150.6214141845703,151.69215393066406,102.98807525634766,3636942.0
2016-11-16,IBM,151.49139404296875,152.53346252441406,151.08030700683594,152.28489685058594,103.3904800415039,2356429.0
2016-11-17,IBM,152.2179718017578,152.89674377441406,151.86424255371094,152.7724609375,103.72150421142578,2365215.0
2016-11-18,IBM,152.7724609375,153.65200805664062,152.2084197998047,153.33651733398438,104.10447692871094,3118754.0
2016-11-21,IBM,153.62332153320312,155.8317413330078,153.31739807128906,155.6118621826172,105.64925384521484,4850407.0
2016-11-22,IBM,155.8317413330078,155.8317413330078,154.82791137695312,155.51625061035156,105.58435821533203,2898257.0
2016-11-23,IBM,154.818359375,155.23899841308594,154.26385498046875,154.85659790039062,105.136474609375,2356324.0
2016-11-25,IBM,154.71319580078125,156.0133819580078,154.71319580078125,155.965576171875,105.8894271850586,1679144.0
2016-11-28,IBM,156.02294921875,157.41873168945312,155.54493713378906,157.28489685058594,106.78512573242188,4654072.0
2016-11-29,IBM,156.7877655029297,157.1797332763672,155.8604278564453,156.3384246826172,106.1425552368164,3293017.0
2016-11-30,IBM,156.16635131835938,156.5965576171875,155.07647705078125,155.08604431152344,105.29226684570312,4600099.0
2016-12-01,IBM,154.82791137695312,155.06692504882812,151.3384246826172,152.7915802001953,103.73451232910156,4848942.0
2016-12-02,IBM,152.0076446533203,153.2409210205078,151.44358825683594,152.9827880859375,103.86431121826172,2866981.0
2016-12-05,IBM,153.7762908935547,154.06309509277344,152.5717010498047,152.81069946289062,103.74749755859375,3605667.0
2016-12-06,IBM,153.08795166015625,153.71893310546875,151.9407196044922,153.29827880859375,104.07848358154297,2990514.0
2016-12-07,IBM,153.53729248046875,157.91586303710938,153.33651733398438,157.5430145263672,106.96036529541016,4639115.0
2016-12-08,IBM,157.6195068359375,158.69981384277344,156.9980926513672,158.08795166015625,107.3303451538086,3416654.0
2016-12-09,IBM,157.91586303710938,159.3881378173828,157.3613739013672,159.1969451904297,108.083251953125,3291657.0
2016-12-12,IBM,159.3881378173828,159.45506286621094,157.81069946289062,158.2218017578125,107.42123413085938,3548346.0
2016-12-13,IBM,158.3938751220703,162.47610473632812,158.3938751220703,160.88909912109375,109.23211669921875,6205186.0
2016-12-14,IBM,160.965576171875,162.41873168945312,160.08604431152344,161.09942626953125,109.37492370605469,4313913.0
2016-12-15,IBM,160.6214141845703,162.3804931640625,160.4015350341797,160.6309814453125,109.056884765625,3544476.0
2016-12-16,IBM,161.53919982910156,161.67303466796875,158.75717163085938,159.397705078125,108.21957397460938,7448148.0
2016-12-19,IBM,159.49330139160156,159.90440368652344,158.69981384277344,159.3498992919922,108.1871109008789,3091871.0
2016-12-20,IBM,160.12428283691406,160.85086059570312,159.13002014160156,160.2294464111328,108.78424072265625,2274632.0
2016-12-21,IBM,158.93881225585938,160.5544891357422,157.9827880859375,159.9713134765625,108.6090087890625,3740182.0
2016-12-22,IBM,160.0,160.8317413330078,159.25430297851562,159.71319580078125,108.43379211425781,2931520.0
2016-12-23,IBM,159.6558380126953,160.12428283691406,159.13002014160156,159.3785858154297,108.20659637451172,1779455.0
2016-12-27,IBM,159.63670349121094,160.5927276611328,159.51242065429688,159.7896728515625,108.4856948852539,1461785.0
2016-12-28,IBM,159.93307495117188,160.36329650878906,158.69981384277344,158.88145446777344,107.86904907226562,1838345.0
2016-12-29,IBM,158.71893310546875,159.64627075195312,158.69981384277344,159.27342224121094,108.1352310180664,1740021.0
2016-12-30,IBM,159.12045288085938,159.3690185546875,158.2218017578125,158.69024658203125,107.73927307128906,3088629.0
2017-01-03,IBM,159.6558380126953,160.48757934570312,158.70936584472656,159.8374786376953,108.51811218261719,3069278.0
2017-01-04,IBM,160.3919677734375,162.3996124267578,160.0,161.81643676757812,109.8617172241211,3536944.0
2017-01-05,IBM,161.806884765625,161.9407196044922,159.90440368652344,161.28106689453125,109.49822235107422,2805686.0
2017-01-06,IBM,161.27151489257812,162.44741821289062,160.15296936035156,162.07456970214844,110.03694915771484,3080993.0
2017-01-09,IBM,162.0172119140625,162.33270263671875,160.24856567382812,160.27725219726562,108.81673431396484,3336635.0
2017-01-10,IBM,160.5927276611328,160.69789123535156,158.06883239746094,158.2409210205078,107.43421936035156,4308160.0
2017-01-11,IBM,158.7476043701172,160.38241577148438,158.31739807128906,160.3728485107422,108.88162231445312,3765077.0
2017-01-12,IBM,160.3919677734375,160.6214141845703,158.27915954589844,160.56405639648438,109.01144409179688,3062165.0
2017-01-13,IBM,160.5831756591797,161.07073974609375,159.54110717773438,159.9808807373047,108.61553955078125,3007668.0
2017-01-17,IBM,159.35946655273438,160.783935546875,158.8145294189453,160.50669860839844,108.97252655029297,3468222.0
2017-01-18,IBM,160.08604431152344,161.1759033203125,159.35946655273438,159.46463012695312,108.26500701904297,4192159.0
2017-01-19,IBM,159.61758422851562,160.08604431152344,158.50860595703125,159.47418212890625,108.27149200439453,7283716.0
2017-01-20,IBM,160.43020629882812,163.13575744628906,158.69981384277344,163.04971313476562,110.69902801513672,13273740.0
2017-01-23,IBM,162.6003875732422,163.71893310546875,162.53346252441406,163.50860595703125,111.01058959960938,5730197.0
2017-01-24,IBM,163.8240966796875,168.26004028320312,163.6328887939453,168.1644287109375,114.17154693603516,7272210.0
2017-01-25,IBM,168.50860595703125,171.3671112060547,168.3843231201172,170.44932556152344,115.72281646728516,6194935.0
2017-01-26,IBM,170.2294464111328,171.0133819580078,169.70362854003906,170.8030548095703,115.9629898071289,3204839.0
2017-01-27,IBM,170.6214141845703,171.31930541992188,169.50286865234375,169.50286865234375,115.08029174804688,3642486.0
2017-01-30,IBM,169.1969451904297,169.28298950195312,166.90248107910156,168.06883239746094,114.10661315917969,4283161.0
2017-01-31,IBM,167.35182189941406,167.85850524902344,165.9751434326172,166.84512329101562,113.27583312988281,4329394.0
2017-02-01,IBM,167.30401611328125,167.97323608398438,165.28680419921875,166.625244140625,113.12654876708984,2924302.0
2017-02-02,IBM,166.56787109375,167.27532958984375,165.91778564453125,166.90248107910156,113.31476593017578,2741043.0
2017-02-03,IBM,167.30401611328125,168.5850830078125,167.1988525390625,168.08795166015625,114.1196517944336,3461528.0
2017-02-06,IBM,167.6003875732422,168.2409210205078,166.71128845214844,168.12619018554688,114.14559173583984,2772737.0
2017-02-07,IBM,168.26004028320312,170.7648162841797,168.1644287109375,170.6118621826172,115.83318328857422,4051681.0
2017-02-08,IBM,169.69407653808594,169.69407653808594,168.1453094482422,168.4225616455078,115.25093078613281,3047103.0
2017-02-09,IBM,168.4225616455078,169.9808807373047,168.1739959716797,169.4168243408203,115.93132781982422,3232872.0
2017-02-10,IBM,169.56979370117188,171.0038299560547,168.9866180419922,170.82217407226562,116.89300537109375,3065512.0
2017-02-13,IBM,171.35755920410156,171.988525390625,170.9751434326172,171.47227478027344,117.33786010742188,3235696.0
2017-02-14,IBM,170.71701049804688,172.2084197998047,170.50669860839844,172.2084197998047,117.84158325195312,2904219.0
2017-02-15,IBM,172.27532958984375,173.91969299316406,171.90248107910156,173.69024658203125,118.85562133789062,3048358.0
2017-02-16,IBM,173.47036743164062,174.75143432617188,172.91586303710938,173.4512481689453,118.69206237792969,3401069.0
2017-02-17,IBM,173.27915954589844,173.5850830078125,172.08413696289062,172.72467041015625,118.19486236572266,3715915.0
2017-02-21,IBM,172.65774536132812,172.83938598632812,171.24282836914062,172.33270263671875,117.9266128540039,4686394.0
2017-02-22,IBM,172.170166015625,173.36520385742188,172.170166015625,173.18356323242188,118.50886535644531,3159443.0
2017-02-23,IBM,173.9961700439453,174.47418212890625,172.9636688232422,173.6615753173828,118.83599853515625,2387495.0
2017-02-24,IBM,172.28489685058594,173.50860595703125,171.97897338867188,173.374755859375,118.63971710205078,3451905.0
2017-02-27,IBM,173.2218017578125,173.27915954589844,171.3957977294922,171.51051330566406,117.36399841308594,3861100.0
2017-02-28,IBM,171.49139404296875,172.68641662597656,171.46270751953125,171.91204833984375,117.63877868652344,3423976.0
2017-03-01,IBM,172.5430145263672,174.52198791503906,172.11280822753906,173.94837951660156,119.0322265625,3143858.0
2017-03-02,IBM,173.88145446777344,173.88145446777344,172.49522399902344,172.5908203125,118.10325622558594,3052437.0
2017-03-03,IBM,172.5908203125,173.34608459472656,171.8546905517578,172.13192749023438,117.78923797607422,1905812.0
2017-03-06,IBM,171.81643676757812,173.0305938720703,171.67303466796875,172.53346252441406,118.0639877319336,3351802.0
2017-03-07,IBM,172.76290893554688,173.31739807128906,172.27532958984375,172.44741821289062,118.00511169433594,3117603.0
2017-03-08,IBM,172.8011474609375,172.9923553466797,171.4149169921875,171.55831909179688,117.39671325683594,3721040.0
2017-03-09,IBM,171.27151489257812,171.3671112060547,168.1453094482422,169.3881378173828,115.9117202758789,5694529.0
2017-03-10,IBM,170.3728485107422,171.5965576171875,169.61758422851562,170.0095672607422,116.33690643310547,3242914.0
2017-03-13,IBM,170.0286865234375,170.2294464111328,168.6615753173828,168.69981384277344,115.44065856933594,3642381.0
2017-03-14,IBM,168.43212890625,169.04397583007812,167.50477600097656,167.9923553466797,114.95655822753906,3292285.0
2017-03-15,IBM,167.9827880859375,168.52772521972656,167.06500244140625,168.07839965820312,115.01541900634766,3991013.0
2017-03-16,IBM,170.6118621826172,171.12811279296875,169.04397583007812,169.4455108642578,115.9509048461914,4510143.0
2017-03-17,IBM,168.53729248046875,169.01528930664062,167.92543029785156,167.92543029785156,114.91075134277344,6193366.0
2017-03-20,IBM,167.92543029785156,168.43212890625,167.4378662109375,167.97323608398438,114.94344329833984,2590001.0
2017-03-21,IBM,168.26959228515625,168.47991943359375,166.1950225830078,166.2332763671875,113.75281524658203,4108374.0
2017-03-22,IBM,166.38623046875,167.3613739013672,165.2007598876953,167.09368896484375,114.34159851074219,3609223.0
2017-03-23,IBM,166.7590789794922,167.94454956054688,165.92733764648438,167.13192749023438,114.3677749633789,3912040.0
2017-03-24,IBM,167.41873168945312,167.7820281982422,165.7648162841797,166.1854705810547,113.7201156616211,3369898.0
2017-03-27,IBM,165.09559631347656,166.50096130371094,164.52198791503906,166.12811279296875,113.68083953857422,3408914.0
2017-03-28,IBM,166.29063415527344,167.30401611328125,165.3919677734375,166.8355712890625,114.16494750976562,3685999.0
2017-03-29,IBM,166.63479614257812,166.81643676757812,165.8317413330078,166.29063415527344,113.79207611083984,3227538.0
2017-03-30,IBM,166.21414184570312,166.91204833984375,166.05162048339844,166.21414184570312,113.73973846435547,3314042.0
2017-03-31,IBM,166.32887268066406,167.25621032714844,166.05162048339844,166.48184204101562,113.9229507446289,3047730.0
2017-04-03,IBM,166.1759033203125,167.1797332763672,165.75526428222656,166.8260040283203,114.15840148925781,4483679.0
2017-04-04,IBM,165.88909912109375,167.26577758789062,165.64053344726562,166.84512329101562,114.17149353027344,3251909.0
2017-04-05,IBM,167.0172119140625,168.57553100585938,165.2103271484375,165.27725219726562,113.09859466552734,6525889.0
2017-04-06,IBM,165.84129333496094,165.84129333496094,164.67495727539062,164.86614990234375,112.81727600097656,3593428.0
2017-04-07,IBM,164.51242065429688,165.32504272460938,163.7476043701172,164.56979370117188,112.61450958251953,3753362.0
2017-04-10,IBM,164.94264221191406,164.9713134765625,163.47991943359375,163.67112731933594,111.99954223632812,3964235.0
2017-04-11,IBM,163.1453094482422,163.69981384277344,161.5487518310547,163.07839965820312,111.59393310546875,5116927.0
2017-04-12,IBM,163.51815795898438,163.67112731933594,162.5430145263672,163.15487670898438,111.64628601074219,3427637.0
2017-04-13,IBM,162.44741821289062,163.8240966796875,162.07456970214844,162.07456970214844,110.90701293945312,3352953.0
2017-04-17,IBM,162.28489685058594,163.7667236328125,162.16061401367188,163.57553100585938,111.93416595458984,3891329.0
2017-04-18,IBM,163.27915954589844,164.1395721435547,162.3613739013672,162.5717010498047,111.24720764160156,6637393.0
2017-04-19,IBM,154.64627075195312,155.48757934570312,152.58126831054688,154.579345703125,105.778076171875,20171378.0
2017-04-20,IBM,154.22561645507812,155.2581329345703,153.44168090820312,155.1625213623047,106.17711639404297,6785193.0
2017-04-21,IBM,154.92352294921875,154.9808807373047,153.32696533203125,153.32696533203125,104.92108154296875,5865759.0
2017-04-24,IBM,154.1969451904297,154.46463012695312,153.36520385742188,153.68069458007812,105.16312408447266,5565348.0
2017-04-25,IBM,154.66539001464844,154.91395568847656,153.32696533203125,153.33651733398438,104.9276123046875,5083978.0
2017-04-26,IBM,153.47036743164062,154.01528930664062,152.85850524902344,153.02102661132812,104.71170043945312,4526879.0
2017-04-27,IBM,153.2409210205078,153.4225616455078,152.6099395751953,153.26959228515625,104.88180541992188,4312240.0
2017-04-28,IBM,153.44168090820312,153.52772521972656,152.67686462402344,153.2409210205078,104.86219787597656,4345189.0
2017-05-01,IBM,153.011474609375,153.36520385742188,151.72084045410156,151.8546905517578,103.91358184814453,5162324.0
2017-05-02,IBM,152.4282989501953,152.47610473632812,151.66348266601562,152.10325622558594,104.08368682861328,3355777.0
2017-05-03,IBM,151.7590789794922,152.4378662109375,151.5487518310547,151.65391540527344,103.77621459960938,4176992.0
2017-05-04,IBM,151.90248107910156,152.14149475097656,151.3957977294922,152.05545043945312,104.05099487304688,4477508.0
2017-05-05,IBM,146.76864624023438,148.92926025390625,146.27151489257812,148.23135375976562,101.43414306640625,13097280.0
2017-05-08,IBM,146.08030700683594,146.72084045410156,145.50669860839844,146.30018615722656,101.09063720703125,7836632.0
2017-05-09,IBM,145.88909912109375,146.3671112060547,144.89483642578125,145.420654296875,100.48292541503906,7168238.0
2017-05-10,IBM,144.9808807373047,145.66921997070312,144.48374938964844,144.5984649658203,99.91477966308594,5229895.0
2017-05-11,IBM,144.4072723388672,144.50286865234375,143.2026824951172,144.0248565673828,99.51844024658203,5886783.0
2017-05-12,IBM,143.69024658203125,144.6080322265625,143.4034423828125,143.75717163085938,99.33349609375,3886204.0
2017-05-15,IBM,143.9961700439453,145.15296936035156,143.83364868164062,144.84703063964844,100.08656311035156,4440793.0
2017-05-16,IBM,144.9904327392578,147.2179718017578,144.9904327392578,146.92160034179688,101.5200424194336,5767330.0
2017-05-17,IBM,146.55831909179688,147.3613739013672,144.25430297851562,144.29254150390625,99.70343780517578,5430309.0
2017-05-18,IBM,144.22561645507812,144.67495727539062,143.50860595703125,144.14913940429688,99.60432434082031,3424813.0
2017-05-19,IBM,144.3690185546875,145.75526428222656,144.25430297851562,145.29637145996094,100.39704132080078,5902578.0
2017-05-22,IBM,145.4110870361328,146.11854553222656,144.93307495117188,145.92733764648438,100.8330078125,3453997.0
2017-05-23,IBM,145.8604278564453,146.92160034179688,145.23899841308594,145.3441619873047,100.43006134033203,2682467.0
2017-05-24,IBM,145.51625061035156,146.0420684814453,144.579345703125,145.8030548095703,100.74713134765625,3904090.0
2017-05-25,IBM,146.51051330566406,146.9694061279297,146.2237091064453,146.46270751953125,101.20294189453125,2701504.0
2017-05-26,IBM,146.12811279296875,146.27151489257812,145.3728485107422,145.783935546875,100.73394012451172,2555692.0
2017-05-30,IBM,145.26768493652344,145.95602416992188,144.92352294921875,145.05735778808594,100.23187255859375,3834636.0
2017-05-31,IBM,145.3441619873047,146.08030700683594,144.9808807373047,145.91778564453125,100.82642364501953,3706396.0
2017-06-01,IBM,146.08030700683594,146.14723205566406,144.96176147460938,145.95602416992188,100.85284423828125,3052333.0
2017-06-02,IBM,146.3384246826172,146.46270751953125,145.12428283691406,145.36329650878906,100.44329071044922,3750642.0
2017-06-05,IBM,145.14340209960938,146.20458984375,145.0095672607422,145.70745849609375,100.68109130859375,4157955.0
2017-06-06,IBM,145.31549072265625,146.16635131835938,145.31549072265625,145.66921997070312,100.65469360351562,3971871.0
2017-06-07,IBM,146.31930541992188,147.41873168945312,144.1682586669922,144.34034729003906,99.73646545410156,5089522.0
2017-06-08,IBM,144.35946655273438,146.09942626953125,144.28298950195312,145.4110870361328,100.476318359375,3879614.0
2017-06-09,IBM,145.31549072265625,147.47610473632812,145.2007598876953,147.32313537597656,101.7975082397461,4562129.0
2017-06-12,IBM,147.4091796875,150.28680419921875,147.2466583251953,148.3556365966797,102.51094818115234,6769189.0
2017-06-13,IBM,148.6042022705078,148.64244079589844,147.37094116210938,147.46653747558594,101.89659118652344,3685581.0
2017-06-14,IBM,147.1988525390625,148.12619018554688,146.21414184570312,147.04588317871094,101.60594177246094,3189359.0
2017-06-15,IBM,146.5487518310547,147.88719177246094,146.5487518310547,147.4378662109375,101.87677764892578,4868398.0
2017-06-16,IBM,147.44741821289062,148.5850830078125,146.24282836914062,148.54684448242188,102.64306640625,7052132.0
2017-06-19,IBM,148.67112731933594,149.0057373046875,147.74378967285156,148.0305938720703,102.28632354736328,4842457.0
2017-06-20,IBM,147.68641662597656,148.55641174316406,147.46653747558594,148.13575744628906,102.3589859008789,4687858.0
2017-06-21,IBM,148.93881225585938,148.93881225585938,146.6443634033203,147.02676391601562,101.59270477294922,4141846.0
2017-06-22,IBM,147.7533416748047,148.1739959716797,146.93116760253906,147.6099395751953,101.99563598632812,2485819.0
2017-06-23,IBM,147.55258178710938,147.87762451171875,147.0363311767578,147.33270263671875,101.80410766601562,3433181.0
2017-06-26,IBM,147.90631103515625,148.90057373046875,147.829833984375,148.4034423828125,102.54398345947266,2252561.0
2017-06-27,IBM,148.18356323242188,148.50860595703125,147.70555114746094,147.94454956054688,102.22687530517578,2496279.0
2017-06-28,IBM,148.32696533203125,148.70936584472656,147.97323608398438,148.48948669433594,102.60343170166016,2323166.0
2017-06-29,IBM,148.51815795898438,148.89100646972656,146.86424255371094,147.35182189941406,101.81729888916016,3412261.0
2017-06-30,IBM,147.49522399902344,147.70555114746094,146.4053497314453,147.06500244140625,101.61915588378906,3735789.0
2017-07-03,IBM,146.8260040283203,149.1682586669922,146.76864624023438,148.73805236816406,102.77516174316406,2952335.0
2017-07-05,IBM,148.91969299316406,149.034423828125,146.87380981445312,146.91204833984375,101.513427734375,3728362.0
2017-07-06,IBM,146.6156768798828,147.06500244140625,145.53536987304688,145.65965270996094,100.64805603027344,2884345.0
2017-07-07,IBM,145.90821838378906,146.73995971679688,145.44932556152344,146.21414184570312,101.03121948242188,2573265.0
2017-07-10,IBM,146.1854705810547,147.12237548828125,145.91778564453125,146.67303466796875,101.34829711914062,3353685.0
2017-07-11,IBM,146.52008056640625,146.89292907714844,145.36329650878906,146.45315551757812,101.19635772705078,3606085.0
2017-07-12,IBM,146.73040771484375,147.4569854736328,146.31930541992188,146.9407196044922,101.53327941894531,3240403.0
2017-07-13,IBM,146.9407196044922,147.4091796875,146.45315551757812,146.87380981445312,101.48701477050781,2590001.0
2017-07-14,IBM,147.23709106445312,147.8202667236328,146.65391540527344,147.4569854736328,101.88997650146484,3406194.0
2017-07-17,IBM,146.8355712890625,147.11280822753906,145.54493713378906,146.28106689453125,101.07745361328125,4981680.0
2017-07-18,IBM,145.65965270996094,147.50477600097656,145.31549072265625,147.2275390625,101.7314224243164,7914873.0
2017-07-19,IBM,143.4225616455078,143.64244079589844,140.2581329345703,141.0420684814453,97.45740509033203,14951106.0
2017-07-20,IBM,141.0420684814453,142.28489685058594,140.56405639648438,141.16635131835938,97.54324340820312,7543961.0
2017-07-21,IBM,141.09942626953125,141.3671112060547,140.06692504882812,140.6118621826172,97.16011047363281,6808937.0
2017-07-24,IBM,140.53536987304688,140.5736083984375,139.3881378173828,139.56979370117188,96.44007110595703,4055970.0
2017-07-25,IBM,140.12428283691406,141.0038299560547,139.6080322265625,139.76100158691406,96.57218933105469,4402509.0
2017-07-26,IBM,139.8374786376953,140.0191192626953,138.11663818359375,138.96749877929688,96.02391052246094,4113290.0
2017-07-27,IBM,138.62332153320312,139.0057373046875,137.32313537597656,138.69024658203125,95.83232879638672,6726617.0
2017-07-28,IBM,138.44168090820312,138.6615753173828,137.51434326171875,137.94454956054688,95.31705474853516,3195321.0
2017-07-31,IBM,138.0305938720703,138.55641174316406,137.829833984375,138.30784606933594,95.56810760498047,4556062.0
2017-08-01,IBM,138.62332153320312,139.26385498046875,138.3556365966797,138.91014099121094,95.98429107666016,3367597.0
2017-08-02,IBM,138.73805236816406,138.90057373046875,137.87762451171875,138.09751892089844,95.42274475097656,3703781.0
2017-08-03,IBM,138.07839965820312,138.94837951660156,138.07839965820312,138.5659637451172,95.74647521972656,3175028.0
2017-08-04,IBM,138.62332153320312,138.9961700439453,138.04971313476562,138.7762908935547,95.89178466796875,2666672.0
2017-08-07,IBM,138.62332153320312,138.70936584472656,136.47227478027344,137.16061401367188,94.77537536621094,4830742.0
2017-08-08,IBM,135.75526428222656,136.48184204101562,135.75526428222656,135.8604278564453,94.86884307861328,3450440.0
2017-08-09,IBM,135.51625061035156,135.783935546875,134.9808807373047,135.53536987304688,94.6418685913086,3060387.0
2017-08-10,IBM,135.4110870361328,136.1567840576172,135.0191192626953,135.602294921875,94.6885986328125,4733568.0
2017-08-11,IBM,136.1854705810547,136.31930541992188,135.29637145996094,135.602294921875,94.6885986328125,3142184.0
2017-08-14,IBM,135.75526428222656,136.48184204101562,135.69789123535156,136.06118774414062,95.00904083251953,2352036.0
2017-08-15,IBM,136.28106689453125,137.0363311767578,134.397705078125,135.82217407226562,94.8421401977539,4896849.0
2017-08-16,IBM,135.5544891357422,136.625244140625,135.38241577148438,136.2332763671875,95.12921142578125,3439039.0
2017-08-17,IBM,136.2523956298828,136.6061248779297,134.51242065429688,134.51242065429688,93.92755126953125,4625517.0
2017-08-18,IBM,134.67495727539062,134.94264221191406,133.44168090820312,133.55641174316406,93.2599868774414,4343724.0
2017-08-21,IBM,133.4512481689453,134.24473571777344,133.011474609375,134.15870666503906,93.68057250976562,3337472.0
2017-08-22,IBM,134.45506286621094,134.94264221191406,134.2064971923828,134.8087921142578,94.13451385498047,2661442.0
2017-08-23,IBM,134.51242065429688,136.7590789794922,134.49330139160156,135.88909912109375,94.88884735107422,4234522.0
2017-08-24,IBM,136.2332763671875,137.3613739013672,135.9942626953125,136.65391540527344,95.42294311523438,3757441.0
2017-08-25,IBM,136.9980926513672,137.8489532470703,136.95028686523438,137.41873168945312,95.95697021484375,3005053.0
2017-08-28,IBM,137.7724609375,138.2026824951172,136.12811279296875,136.24282836914062,95.13587188720703,5319956.0
2017-08-29,IBM,135.85086059570312,137.12237548828125,135.65965270996094,136.84512329101562,95.55644226074219,3147937.0
2017-08-30,IBM,136.95985412597656,136.97897338867188,136.14723205566406,136.29063415527344,95.16924285888672,2861856.0
2017-08-31,IBM,136.73040771484375,137.34225463867188,136.35755920410156,136.73995971679688,95.4830322265625,3824594.0
2017-09-01,IBM,136.69215393066406,138.1453094482422,136.69215393066406,137.74378967285156,96.1839599609375,3505878.0
2017-09-05,IBM,137.18930053710938,138.011474609375,136.42446899414062,136.74952697753906,95.48966979980469,3239985.0
2017-09-06,IBM,137.55258178710938,138.11663818359375,137.18930053710938,137.49522399902344,96.01040649414062,3423872.0
2017-09-07,IBM,137.76290893554688,138.27915954589844,136.14723205566406,136.6156768798828,95.3962173461914,4380857.0
2017-09-08,IBM,136.8546905517578,136.8546905517578,135.4110870361328,136.1854705810547,95.09580993652344,3521045.0
2017-09-11,IBM,137.2275390625,138.7476043701172,136.72084045410156,138.48948669433594,96.70465850830078,4825616.0
2017-09-12,IBM,138.72848510742188,139.93307495117188,138.15487670898438,139.3498992919922,97.30547332763672,5479053.0
2017-09-13,IBM,138.9579315185547,139.85659790039062,138.94837951660156,139.56979370117188,97.45902252197266,4289646.0
2017-09-14,IBM,139.4455108642578,139.94264221191406,139.11090087890625,139.1395721435547,97.15861511230469,3929717.0
2017-09-15,IBM,138.4512481689453,138.78585815429688,137.74378967285156,138.4512481689453,96.67797088623047,7737471.0
2017-09-18,IBM,138.44168090820312,139.08221435546875,137.92543029785156,138.193115234375,96.49772644042969,3158397.0
2017-09-19,IBM,138.4225616455078,138.6042022705078,137.87762451171875,138.04014587402344,96.39088439941406,3623762.0
2017-09-20,IBM,138.55641174316406,139.46463012695312,138.06883239746094,139.46463012695312,97.38558959960938,5698085.0
2017-09-21,IBM,139.24473571777344,139.47418212890625,138.71893310546875,138.87188720703125,96.97169494628906,2673158.0
2017-09-22,IBM,139.1873779296875,139.1873779296875,138.23135375976562,138.7476043701172,96.88490295410156,2920746.0
2017-09-25,IBM,138.73805236816406,139.6080322265625,138.53729248046875,139.45506286621094,97.37890625,5452903.0
2017-09-26,IBM,139.92352294921875,140.93690490722656,139.52198791503906,140.11471557617188,97.83954620361328,4695076.0
2017-09-27,IBM,140.2294464111328,140.4397735595703,138.65200805664062,139.25430297851562,97.23873138427734,3663824.0
2017-09-28,IBM,139.25430297851562,139.4455108642578,137.86807250976562,139.25430297851562,97.23873138427734,2902441.0
2017-09-29,IBM,139.0535430908203,139.28298950195312,138.54684448242188,138.69981384277344,96.85155487060547,2776816.0
2017-10-02,IBM,138.9579315185547,140.4110870361328,138.8240966796875,140.2103271484375,97.90629577636719,3109967.0
2017-10-03,IBM,140.23899841308594,140.72657775878906,139.90440368652344,140.32504272460938,97.98641204833984,2408624.0
2017-10-04,IBM,140.53536987304688,140.5544891357422,139.68450927734375,140.03823852539062,97.7861557006836,2347642.0
2017-10-05,IBM,140.2294464111328,141.05162048339844,140.03823852539062,140.26768493652344,97.94635009765625,2810079.0
2017-10-06,IBM,140.1912078857422,140.3919677734375,139.88528442382812,140.03823852539062,97.7861557006836,2743867.0
2017-10-09,IBM,140.05735778808594,141.29063415527344,139.91395568847656,140.90821838378906,98.39364624023438,2806000.0
2017-10-10,IBM,141.21414184570312,142.3996124267578,141.1567840576172,141.9694061279297,99.13465881347656,4218100.0
2017-10-11,IBM,141.87380981445312,141.9407196044922,140.8030548095703,141.12811279296875,98.54717254638672,3872501.0
2017-10-12,IBM,141.07073974609375,141.38623046875,140.31549072265625,140.56405639648438,98.15331268310547,3414458.0
2017-10-13,IBM,140.9942626953125,141.34799194335938,140.47801208496094,140.6309814453125,98.20002746582031,2621904.0
2017-10-16,IBM,140.74569702148438,141.1759033203125,140.06692504882812,140.3728485107422,98.01981353759766,3192497.0
2017-10-17,IBM,140.181640625,140.6501007080078,139.75143432617188,140.09559631347656,97.82618713378906,6665530.0
2017-10-18,IBM,150.2103271484375,154.1395721435547,150.0478057861328,152.51434326171875,106.49793243408203,31892749.0
2017-10-19,IBM,152.7724609375,153.88145446777344,152.09368896484375,153.8240966796875,107.41255187988281,10370253.0
2017-10-20,IBM,153.9866180419922,155.33460998535156,152.74378967285156,154.94264221191406,108.193603515625,8230765.0
2017-10-23,IBM,154.92352294921875,155.36329650878906,152.52389526367188,152.53346252441406,106.51129150390625,6045252.0
2017-10-24,IBM,152.62905883789062,152.67686462402344,148.34608459472656,149.0248565673828,104.06131744384766,8571656.0
2017-10-25,IBM,149.14913940429688,149.49330139160156,146.32887268066406,146.74952697753906,102.47248840332031,7239471.0
2017-10-26,IBM,147.52389526367188,148.29827880859375,146.7877655029297,146.84512329101562,102.53927612304688,4498323.0
2017-10-27,IBM,147.74378967285156,147.829833984375,146.1854705810547,146.92160034179688,102.59264373779297,5120379.0
2017-10-30,IBM,146.9980926513672,147.7915802001953,145.9942626953125,147.5717010498047,103.04659271240234,4404078.0
2017-10-31,IBM,147.5430145263672,148.11663818359375,146.20458984375,147.28489685058594,102.84634399414062,4527402.0
2017-11-01,IBM,147.32313537597656,148.08795166015625,147.06500244140625,147.25621032714844,102.82630920410156,3389249.0
2017-11-02,IBM,147.3996124267578,147.69598388671875,146.1854705810547,146.6061248779297,102.37237548828125,3553890.0
2017-11-03,IBM,146.67303466796875,146.72084045410156,144.82791137695312,144.91395568847656,101.19076538085938,4635663.0
2017-11-06,IBM,145.09559631347656,145.14340209960938,143.67112731933594,144.2064971923828,100.69676208496094,4705326.0
2017-11-07,IBM,144.71319580078125,144.84703063964844,143.88145446777344,144.69407653808594,101.03724670410156,3871351.0
2017-11-08,IBM,144.93307495117188,145.11471557617188,143.67112731933594,144.90440368652344,101.18408203125,4847582.0
2017-11-09,IBM,143.33651733398438,145.12428283691406,143.26959228515625,143.69024658203125,101.33917236328125,4996219.0
2017-11-10,IBM,144.0248565673828,144.25430297851562,142.58126831054688,142.6003875732422,100.57051849365234,4505436.0
2017-11-13,IBM,142.33270263671875,142.44741821289062,141.4149169921875,141.87380981445312,100.05809783935547,5342445.0
2017-11-14,IBM,141.44358825683594,142.41873168945312,141.0038299560547,142.34225463867188,100.38848876953125,3930868.0
2017-11-15,IBM,141.49139404296875,142.170166015625,139.78012084960938,140.6309814453125,99.18157196044922,4992872.0
2017-11-16,IBM,141.2332763671875,143.06883239746094,141.0133819580078,142.5621337890625,100.54351043701172,5697039.0
2017-11-17,IBM,142.7724609375,143.54684448242188,142.28489685058594,142.41873168945312,100.44239807128906,5142659.0
2017-11-20,IBM,144.01528930664062,145.26768493652344,143.30784606933594,143.89100646972656,101.48075103759766,5937619.0
2017-11-21,IBM,144.64627075195312,145.74569702148438,144.55067443847656,145.26768493652344,102.45166778564453,3928985.0
2017-11-22,IBM,145.31549072265625,145.68833923339844,144.67495727539062,145.09559631347656,102.3302993774414,3361426.0
2017-11-24,IBM,145.26768493652344,145.50669860839844,144.67495727539062,145.1625213623047,102.37749481201172,1247878.0
2017-11-27,IBM,145.3728485107422,145.783935546875,144.9521942138672,145.29637145996094,102.47189331054688,3529204.0
2017-11-28,IBM,145.6501007080078,146.20458984375,145.0286865234375,145.7648162841797,102.8022689819336,4156490.0
2017-11-29,IBM,146.08985900878906,146.8546905517578,145.47801208496094,146.7973175048828,103.53045654296875,5333240.0
2017-11-30,IBM,146.89292907714844,147.6195068359375,146.34799194335938,147.1988525390625,103.81364440917969,6799837.0
2017-12-01,IBM,147.6099395751953,148.2026824951172,146.1854705810547,147.95411682128906,104.34629821777344,5824023.0
2017-12-04,IBM,149.10133361816406,149.90440368652344,148.25047302246094,149.579345703125,105.49251556396484,4878858.0
2017-12-05,IBM,149.56979370117188,149.84703063964844,147.87762451171875,148.51815795898438,104.74408721923828,5301128.0
2017-12-06,IBM,147.32313537597656,149.3498992919922,147.31358337402344,147.32313537597656,103.90131378173828,3567592.0
2017-12-07,IBM,146.8355712890625,147.65774536132812,146.52008056640625,146.81643676757812,103.54389190673828,3944571.0
2017-12-08,IBM,148.1644287109375,148.2122344970703,146.7973175048828,148.0019073486328,104.38002014160156,3682234.0
2017-12-11,IBM,148.62332153320312,149.034423828125,147.7724609375,148.57553100585938,104.78455352783203,4291424.0
2017-12-12,IBM,150.38241577148438,150.90821838378906,148.33651733398438,149.84703063964844,105.68130493164062,6612603.0
2017-12-13,IBM,149.71319580078125,149.8374786376953,147.12237548828125,147.14149475097656,103.77318572998047,5922034.0
2017-12-14,IBM,147.8011474609375,148.28871154785156,146.9407196044922,147.2275390625,103.83386993408203,4850720.0
2017-12-15,IBM,146.8546905517578,147.0363311767578,145.3441619873047,145.7935028076172,102.82247924804688,11798775.0
2017-12-18,IBM,146.8355712890625,147.3996124267578,146.47227478027344,146.58700561523438,103.38211822509766,5327069.0
2017-12-19,IBM,147.27532958984375,147.3900604248047,146.35755920410156,146.49139404296875,103.31470489501953,4305754.0
2017-12-20,IBM,146.89292907714844,147.12237548828125,146.06118774414062,146.2237091064453,103.12590026855469,3959842.0
2017-12-21,IBM,146.4340362548828,146.71128845214844,144.82791137695312,144.8374786376953,102.14826965332031,4344979.0
2017-12-22,IBM,145.14340209960938,146.27151489257812,144.8374786376953,145.7935028076172,102.82247924804688,3128168.0
2017-12-26,IBM,145.8030548095703,147.09368896484375,145.7935028076172,146.10899353027344,103.04500579833984,2593034.0
2017-12-27,IBM,146.2237091064453,146.44358825683594,145.89866638183594,146.3957977294922,103.24726867675781,2248168.0
2017-12-28,IBM,146.46270751953125,147.34225463867188,146.46270751953125,147.26577758789062,103.86085510253906,2811230.0
2017-12-29,IBM,147.3900604248047,147.91586303710938,146.67303466796875,146.67303466796875,103.44280242919922,3480147.0
2018-01-02,IBM,147.70555114746094,148.0019073486328,146.7877655029297,147.46653747558594,104.00245666503906,4395815.0
2018-01-03,IBM,150.420654296875,152.7820281982422,149.45506286621094,151.52008056640625,106.86122131347656,9875914.0
2018-01-04,IBM,152.62905883789062,155.181640625,152.3613739013672,154.5889129638672,109.02558898925781,7903785.0
2018-01-05,IBM,155.29637145996094,155.73614501953125,154.01528930664062,155.3441619873047,109.55821228027344,5434807.0
2018-01-08,IBM,155.50669860839844,156.70172119140625,154.5889129638672,156.28106689453125,110.21898651123047,5478425.0
2018-01-09,IBM,156.69215393066406,157.29444885253906,155.88909912109375,156.625244140625,110.4616928100586,4541523.0
2018-01-10,IBM,155.74569702148438,157.10325622558594,155.35372924804688,156.95985412597656,110.69770050048828,4366109.0
2018-01-11,IBM,157.55258178710938,157.68641662597656,156.11854553222656,156.97897338867188,110.71118927001953,3969047.0
2018-01-12,IBM,156.806884765625,157.49522399902344,155.8604278564453,155.965576171875,109.99647521972656,5263367.0
2018-01-16,IBM,157.83938598632812,158.02102661132812,156.16635131835938,156.6443634033203,110.4751968383789,8152733.0
2018-01-17,IBM,160.6214141845703,161.69215393066406,159.90440368652344,161.2332763671875,113.71158599853516,12248660.0
2018-01-18,IBM,162.52389526367188,163.6042022705078,160.75526428222656,161.68260192871094,114.0284423828125,14915228.0
2018-01-19,IBM,157.2275390625,158.12619018554688,154.2064971923828,155.2294464111328,109.47730255126953,22146435.0
2018-01-22,IBM,154.4072723388672,156.76864624023438,154.0248565673828,155.44932556152344,109.63237762451172,8870917.0
2018-01-23,IBM,155.65965270996094,158.94837951660156,155.36329650878906,158.93881225585938,112.0933837890625,7809645.0
2018-01-24,IBM,159.4168243408203,161.30018615722656,157.5717010498047,158.09751892089844,111.50003051757812,5904670.0
2018-01-25,IBM,158.61376953125,159.4455108642578,157.92543029785156,158.193115234375,111.56748962402344,3454415.0
2018-01-26,IBM,158.8145294189453,160.0478057861328,158.49903869628906,159.9808807373047,112.82831573486328,3962143.0
2018-01-29,IBM,160.08604431152344,160.98471069335938,158.70936584472656,159.46463012695312,112.4642333984375,3678782.0
2018-01-30,IBM,158.90057373046875,159.43594360351562,155.98471069335938,156.42446899414062,110.32012176513672,5127806.0
2018-01-31,IBM,156.5487518310547,157.73422241210938,155.602294921875,156.50096130371094,110.37405395507812,4260149.0
2018-02-01,IBM,156.0133819580078,156.91204833984375,154.78012084960938,155.2581329345703,109.49752807617188,4638173.0
2018-02-02,IBM,154.5889129638672,154.87571716308594,151.88336181640625,152.0363311767578,107.22534942626953,5493487.0
2018-02-05,IBM,150.9464569091797,151.52963256835938,143.4034423828125,145.82217407226562,102.84271240234375,9148944.0
2018-02-06,IBM,143.68069458007812,148.65200805664062,142.55258178710938,148.50860595703125,104.73735809326172,10321614.0
2018-02-07,IBM,147.3900604248047,148.50860595703125,146.53919982910156,147.08413696289062,103.73271942138672,6432063.0
2018-02-08,IBM,145.77438354492188,146.42446899414062,141.0133819580078,141.09942626953125,100.4917221069336,7090939.0
2018-02-09,IBM,142.06500244140625,143.91969299316406,138.04971313476562,142.93499755859375,101.79903411865234,8188402.0
2018-02-12,IBM,144.26385498046875,145.69789123535156,143.69024658203125,144.7418670654297,103.08588409423828,6151944.0
2018-02-13,IBM,144.26385498046875,144.53155517578125,143.0592803955078,144.12045288085938,102.64331817626953,5115986.0
2018-02-14,IBM,143.5850830078125,148.18356323242188,143.4034423828125,147.95411682128906,105.37367248535156,5731034.0
2018-02-15,IBM,148.6615753173828,149.96176147460938,146.9407196044922,149.14913940429688,106.22480010986328,5882286.0
2018-02-16,IBM,148.86233520507812,150.85086059570312,148.8432159423828,149.31166076660156,106.34052276611328,4479913.0
2018-02-20,IBM,148.93881225585938,149.10133361816406,147.10325622558594,148.33651733398438,105.64601135253906,4696122.0
2018-02-21,IBM,148.5946502685547,149.89483642578125,147.13192749023438,147.18930053710938,104.82897186279297,3900116.0
2018-02-22,IBM,147.70555114746094,148.2218017578125,146.07073974609375,146.44358825683594,104.29786682128906,4209732.0
2018-02-23,IBM,147.51434326171875,148.9961700439453,147.29444885253906,148.68069458007812,105.89111328125,3405881.0
2018-02-26,IBM,148.9579315185547,151.89292907714844,148.67112731933594,151.6061248779297,107.97465515136719,3776374.0
2018-02-27,IBM,151.49139404296875,152.7533416748047,149.64627075195312,149.66539001464844,106.59244537353516,4432216.0
2018-02-28,IBM,150.5736083984375,151.1854705810547,148.94837951660156,148.97705078125,106.1021957397461,3978461.0
2018-03-01,IBM,148.69024658203125,150.06692504882812,146.07073974609375,147.04588317871094,104.72685241699219,4225108.0
2018-03-02,IBM,146.07073974609375,147.95411682128906,145.2007598876953,147.69598388671875,105.18983459472656,3411111.0
2018-03-05,IBM,147.34225463867188,150.56405639648438,146.988525390625,150.0478057861328,106.86483001708984,3839448.0
2018-03-06,IBM,150.36329650878906,150.9464569091797,148.33651733398438,148.87188720703125,106.02729797363281,3855242.0
2018-03-07,IBM,148.18356323242188,151.84512329101562,147.92543029785156,151.35755920410156,107.797607421875,4819654.0
2018-03-08,IBM,152.0076446533203,152.55258178710938,148.25047302246094,149.34034729003906,106.3609619140625,6752558.0
2018-03-09,IBM,150.54493713378906,152.5621337890625,150.38241577148438,152.30401611328125,108.47168731689453,5253221.0
2018-03-12,IBM,152.6195068359375,153.93881225585938,151.88336181640625,153.2122344970703,109.11851501464844,5296421.0
2018-03-13,IBM,153.04971313476562,154.9808807373047,151.8260040283203,152.31358337402344,108.47850799560547,4378138.0
2018-03-14,IBM,153.12619018554688,153.61376953125,150.8030548095703,151.16635131835938,107.66143798828125,3798863.0
2018-03-15,IBM,151.73040771484375,154.15870666503906,151.5487518310547,152.5908203125,108.67596435546875,4048648.0
2018-03-16,IBM,153.02102661132812,154.85659790039062,152.6195068359375,153.2122344970703,109.11851501464844,9688784.0
2018-03-19,IBM,152.68641662597656,152.85850524902344,149.56979370117188,150.43020629882812,107.13716125488281,5734172.0
2018-03-20,IBM,150.5927276611328,150.98471069335938,148.46080017089844,149.33078002929688,106.35415649414062,4536188.0
2018-03-21,IBM,149.68450927734375,151.24282836914062,149.06309509277344,149.7992401123047,106.6877670288086,3642381.0
2018-03-22,IBM,148.18356323242188,148.4225616455078,145.31549072265625,145.4015350341797,103.55571746826172,4964630.0
2018-03-23,IBM,145.5544891357422,145.86997985839844,142.0076446533203,142.34225463867188,101.37688446044922,4645181.0
2018-03-26,IBM,144.5602264404297,146.90248107910156,143.67112731933594,146.625244140625,104.42723083496094,4292679.0
2018-03-27,IBM,147.1797332763672,148.0592803955078,144.51242065429688,145.2294464111328,103.43316650390625,4062350.0
2018-03-28,IBM,145.38241577148438,147.09368896484375,145.2103271484375,145.8126220703125,103.84846496582031,3833381.0
2018-03-29,IBM,146.3384246826172,147.12237548828125,144.43594360351562,146.68260192871094,104.46807861328125,3577320.0
2018-04-02,IBM,146.5965576171875,146.63479614257812,141.90248107910156,143.47036743164062,102.18032836914062,5387318.0
2018-04-03,IBM,144.1682586669922,144.35946655273438,141.7781982421875,143.26004028320312,102.03054809570312,4325942.0
2018-04-04,IBM,141.38623046875,147.67686462402344,140.965576171875,147.34225463867188,104.93790435791016,5026344.0
2018-04-05,IBM,147.64817810058594,148.10707092285156,146.5965576171875,147.25621032714844,104.87661743164062,3331928.0
2018-04-06,IBM,146.71128845214844,147.1797332763672,142.9636688232422,143.94837951660156,102.52075958251953,3841853.0
2018-04-09,IBM,145.12428283691406,147.85850524902344,145.06692504882812,145.9751434326172,103.96424865722656,4616207.0
2018-04-10,IBM,148.2122344970703,149.71319580078125,147.94454956054688,148.55641174316406,105.80261993408203,3981494.0
2018-04-11,IBM,147.58126831054688,148.92926025390625,147.11280822753906,148.52772521972656,105.78221893310547,3458599.0
2018-04-12,IBM,149.85659790039062,151.988525390625,149.78012084960938,151.11854553222656,107.62741088867188,5898812.0
2018-04-13,IBM,151.69215393066406,152.2179718017578,149.0535430908203,149.818359375,106.70140838623047,4243727.0
2018-04-16,IBM,151.0420684814453,152.14149475097656,150.73614501953125,150.9464569091797,107.50479888916016,4379393.0
2018-04-17,IBM,151.8355712890625,154.87571716308594,151.53919982910156,153.83364868164062,109.56111145019531,10677045.0
2018-04-18,IBM,145.44932556152344,145.91778564453125,141.73995971679688,142.2466583251953,101.30876922607422,21319258.0
2018-04-19,IBM,142.62905883789062,142.64817810058594,140.17208862304688,141.20458984375,100.56661987304688,8458061.0
2018-04-20,IBM,141.3957977294922,141.46270751953125,138.15487670898438,138.52772521972656,98.66014862060547,8645818.0
2018-04-23,IBM,138.65200805664062,139.54110717773438,137.9827880859375,139.4455108642578,99.31379699707031,5560118.0
2018-04-24,IBM,140.06692504882812,140.82217407226562,138.1739959716797,139.15870666503906,99.10953521728516,5142659.0
2018-04-25,IBM,139.3785858154297,139.96176147460938,137.7724609375,139.52198791503906,99.36825561523438,7663414.0
2018-04-26,IBM,140.15296936035156,140.87954711914062,139.7705535888672,140.26768493652344,99.89934539794922,4462027.0
2018-04-27,IBM,140.38241577148438,140.77438354492188,139.25430297851562,140.03823852539062,99.73594665527344,3352953.0
2018-04-30,IBM,140.4015350341797,140.89866638183594,138.5850830078125,138.5850830078125,98.70098114013672,4618613.0
2018-05-01,IBM,138.28871154785156,138.64244079589844,137.16061401367188,138.62332153320312,98.72825622558594,4637336.0
2018-05-02,IBM,138.10707092285156,138.4512481689453,135.82217407226562,136.1854705810547,96.9919662475586,5433865.0
2018-05-03,IBM,135.87954711914062,135.9751434326172,133.7476043701172,135.74569702148438,96.67876434326172,5249456.0
2018-05-04,IBM,134.89483642578125,138.0019073486328,134.11090087890625,137.58126831054688,97.986083984375,4604701.0
2018-05-07,IBM,137.66729736328125,137.97323608398438,136.3671112060547,136.92160034179688,97.51626586914062,3825222.0
2018-05-08,IBM,136.71128845214844,137.1988525390625,135.8126220703125,136.71128845214844,97.36647033691406,5616079.0
2018-05-09,IBM,135.65965270996094,136.73040771484375,135.06692504882812,136.3384246826172,98.1788330078125,4389016.0
2018-05-10,IBM,136.8546905517578,137.9827880859375,136.72084045410156,137.89674377441406,99.30097198486328,3898024.0
2018-05-11,IBM,137.7724609375,138.47991943359375,137.26577758789062,137.8011474609375,99.23214721679688,3214567.0
2018-05-14,IBM,138.11663818359375,138.73805236816406,137.8011474609375,137.95411682128906,99.34230041503906,3364041.0
2018-05-15,IBM,137.18930053710938,137.65774536132812,136.63479614257812,137.41873168945312,98.95674896240234,4277512.0
2018-05-16,IBM,137.3804931640625,138.65200805664062,136.9694061279297,138.26959228515625,99.5694808959961,3314460.0
2018-05-17,IBM,138.1453094482422,138.8049774169922,137.44741821289062,138.1453094482422,99.4799575805664,3292494.0
2018-05-18,IBM,138.11663818359375,138.5659637451172,137.65774536132812,137.74378967285156,99.19084167480469,2805581.0
2018-05-21,IBM,138.57553100585938,139.61758422851562,138.31739807128906,139.09178161621094,100.16156768798828,3027856.0
2018-05-22,IBM,139.12045288085938,139.7705535888672,138.62332153320312,138.70936584472656,99.88616943359375,2389064.0
2018-05-23,IBM,138.0019073486328,138.33651733398438,137.170166015625,138.30784606933594,99.59703063964844,3618846.0
2018-05-24,IBM,138.04014587402344,138.12619018554688,136.66348266601562,137.73422241210938,99.1839599609375,3555040.0
2018-05-25,IBM,137.5717010498047,138.2122344970703,137.1510467529297,137.32313537597656,98.88792419433594,5140358.0
2018-05-29,IBM,136.26194763183594,136.6061248779297,134.04397583007812,135.0095672607422,97.2219009399414,4746330.0
2018-05-30,IBM,135.65965270996094,136.806884765625,135.5831756591797,136.34799194335938,98.18568420410156,5353951.0
2018-05-31,IBM,136.52963256835938,136.52963256835938,134.84703063964844,135.09559631347656,97.28382873535156,7144494.0
2018-06-01,IBM,136.16635131835938,136.55831909179688,135.3919677734375,135.70745849609375,97.72444915771484,4034945.0
2018-06-04,IBM,136.0420684814453,136.87380981445312,135.92733764648438,136.74952697753906,98.47484588623047,3174924.0
2018-06-05,IBM,136.7590789794922,137.74378967285156,136.74952697753906,137.3804931640625,98.92920684814453,2966456.0
2018-06-06,IBM,137.9923553466797,138.3556365966797,137.2275390625,138.34608459472656,99.62454986572266,3368225.0
2018-06-07,IBM,138.62332153320312,140.24856567382812,138.55641174316406,138.96749877929688,100.0720443725586,4515059.0
2018-06-08,IBM,138.62332153320312,139.9904327392578,138.02102661132812,139.71319580078125,100.60904693603516,5450183.0
2018-06-11,IBM,140.17208862304688,140.92733764648438,139.71319580078125,140.13385009765625,100.91194152832031,3409960.0
2018-06-12,IBM,140.6309814453125,141.03250122070312,140.17208862304688,140.4110870361328,101.111572265625,2761963.0
2018-06-13,IBM,140.33460998535156,140.98471069335938,139.7705535888672,139.91395568847656,100.75361633300781,3104737.0
2018-06-14,IBM,140.2007598876953,140.51625061035156,138.70936584472656,138.8145294189453,99.96189880371094,3479310.0
2018-06-15,IBM,138.52772521972656,139.07266235351562,137.3804931640625,138.9961700439453,100.09268188476562,9535336.0
2018-06-18,IBM,137.83938598632812,138.1644287109375,136.84512329101562,138.12619018554688,99.4662094116211,4483574.0
2018-06-19,IBM,136.8260040283203,137.87762451171875,136.66348266601562,137.5717010498047,99.06690216064453,3647402.0
2018-06-20,IBM,137.87762451171875,138.1644287109375,136.14723205566406,136.35755920410156,98.1926040649414,3483075.0
2018-06-21,IBM,136.31930541992188,136.84512329101562,134.63670349121094,135.03823852539062,97.2425537109375,4066534.0
2018-06-22,IBM,135.4110870361328,135.5736083984375,134.5889129638672,135.06692504882812,97.2632064819336,5869420.0
2018-06-25,IBM,134.22561645507812,134.22561645507812,132.1988525390625,132.68641662597656,95.5489730834961,9348207.0
2018-06-26,IBM,133.23135375976562,133.69981384277344,132.2466583251953,132.9636688232422,95.74861145019531,4329917.0
2018-06-27,IBM,132.9923553466797,133.6328887939453,131.4053497314453,131.4340362548828,94.64710998535156,4290483.0
2018-06-28,IBM,132.02676391601562,134.35946655273438,131.88336181640625,133.88145446777344,96.4095458984375,4731790.0
2018-06-29,IBM,134.14913940429688,135.14340209960938,133.47036743164062,133.55641174316406,96.17546081542969,3880765.0
2018-07-02,IBM,132.1988525390625,134.0535430908203,132.12237548828125,133.70936584472656,96.28561401367188,3562048.0
2018-07-03,IBM,134.46463012695312,134.7418670654297,133.2409210205078,133.43212890625,96.08596801757812,2053507.0
2018-07-05,IBM,134.30210876464844,135.2103271484375,133.7762908935547,135.2103271484375,97.36644744873047,3916956.0
2018-07-06,IBM,135.30592346191406,136.65391540527344,134.96176147460938,136.21414184570312,98.0893325805664,2980054.0
2018-07-09,IBM,136.31930541992188,138.3556365966797,136.20458984375,138.04014587402344,99.40423583984375,4084316.0
2018-07-10,IBM,138.15487670898438,139.1873779296875,137.91586303710938,138.34608459472656,99.62454986572266,3950742.0
2018-07-11,IBM,137.66729736328125,139.76100158691406,137.66729736328125,138.5659637451172,99.78289794921875,3688824.0
2018-07-12,IBM,139.43594360351562,140.3728485107422,139.33078002929688,140.0095672607422,100.82244110107422,3262997.0
2018-07-13,IBM,140.0095672607422,140.51625061035156,139.3881378173828,139.48374938964844,100.44380950927734,3203480.0
2018-07-16,IBM,139.26385498046875,139.3785858154297,137.86807250976562,139.06309509277344,100.14088439941406,3628365.0
2018-07-17,IBM,138.3843231201172,138.62332153320312,137.0363311767578,137.1797332763672,98.78466796875,5331148.0
2018-07-18,IBM,137.1988525390625,138.43212890625,136.46270751953125,138.1644287109375,99.49374389648438,7254324.0
2018-07-19,IBM,141.34799194335938,143.91969299316406,140.77438354492188,142.67686462402344,102.74320220947266,15329967.0
2018-07-20,IBM,142.04588317871094,142.31358337402344,139.82791137695312,139.91395568847656,100.75361633300781,6709672.0
2018-07-23,IBM,139.91395568847656,140.24856567382812,138.6328887939453,139.29254150390625,100.30612182617188,4077203.0
2018-07-24,IBM,140.24856567382812,140.5736083984375,139.50286865234375,139.94264221191406,100.77425384521484,4070614.0
2018-07-25,IBM,139.5889129638672,140.2007598876953,139.10133361816406,140.17208862304688,100.93948364257812,3797921.0
2018-07-26,IBM,140.9464569091797,142.70555114746094,140.181640625,140.2581329345703,101.0014419555664,4997788.0
2018-07-27,IBM,140.43020629882812,140.66921997070312,138.29827880859375,138.7667236328125,99.92747497558594,3921768.0
2018-07-30,IBM,138.43212890625,139.8087921142578,138.32696533203125,139.09178161621094,100.16156768798828,3774177.0
2018-07-31,IBM,139.33078002929688,139.3881378173828,137.8202667236328,138.55641174316406,99.7760238647461,5726013.0
2018-08-01,IBM,138.3938751220703,138.8049774169922,137.0363311767578,137.18930053710938,98.79157257080078,3544266.0
2018-08-02,IBM,136.5774383544922,137.05545043945312,136.07073974609375,136.67303466796875,98.41979217529297,4018104.0
2018-08-03,IBM,136.9407196044922,141.4149169921875,136.71128845214844,141.20458984375,101.68299865722656,8424066.0
2018-08-06,IBM,140.48757934570312,140.72657775878906,139.1682586669922,139.6080322265625,100.53328704833984,4093730.0
2018-08-07,IBM,140.2007598876953,141.14723205566406,139.91395568847656,140.54493713378906,101.2079849243164,3670205.0
2018-08-08,IBM,140.85086059570312,140.9464569091797,139.8087921142578,140.43020629882812,101.12535095214844,3745831.0
2018-08-09,IBM,139.13002014160156,139.52198791503906,138.36520385742188,138.4034423828125,100.74262237548828,3235801.0
2018-08-10,IBM,138.1453094482422,138.69024658203125,137.55258178710938,138.12619018554688,100.54080963134766,3141243.0
2018-08-13,IBM,137.81069946289062,137.95411682128906,136.26194763183594,136.4340362548828,99.30912780761719,2989991.0
2018-08-14,IBM,136.71128845214844,137.49522399902344,136.6443634033203,137.05545043945312,99.76142120361328,2991560.0
2018-08-15,IBM,136.28106689453125,137.66729736328125,135.75526428222656,137.58126831054688,100.14415740966797,4436609.0
2018-08-16,IBM,138.02102661132812,139.27342224121094,138.02102661132812,138.94837951660156,101.13926696777344,5492232.0
2018-08-17,IBM,138.4225616455078,139.9521942138672,138.32696533203125,139.63670349121094,101.64031219482422,2801816.0
2018-08-20,IBM,139.93307495117188,140.68833923339844,139.72274780273438,140.06692504882812,101.95345306396484,2614686.0
2018-08-21,IBM,140.53536987304688,140.6501007080078,139.47418212890625,139.55067443847656,101.57767486572266,3249817.0
2018-08-22,IBM,139.5889129638672,139.73231506347656,138.8049774169922,138.85276794433594,101.06968688964844,2498894.0
2018-08-23,IBM,138.6615753173828,139.12045288085938,138.3843231201172,138.97705078125,101.16014099121094,2322538.0
2018-08-24,IBM,139.06309509277344,139.66539001464844,138.49903869628906,139.61758422851562,101.62638854980469,2904324.0
2018-08-27,IBM,140.47801208496094,141.12811279296875,140.07647705078125,140.23899841308594,102.07872009277344,3652214.0
2018-08-28,IBM,140.48757934570312,140.52581787109375,139.76100158691406,140.14340209960938,102.00910949707031,2568244.0
2018-08-29,IBM,140.4110870361328,141.42446899414062,140.15296936035156,141.05162048339844,102.67020416259766,3298875.0
2018-08-30,IBM,140.56405639648438,140.82217407226562,138.86233520507812,139.51242065429688,101.54987335205078,3494058.0
2018-08-31,IBM,139.31166076660156,140.32504272460938,139.1395721435547,140.03823852539062,101.93260192871094,3648971.0
2018-09-04,IBM,139.5602264404297,139.76100158691406,138.44168090820312,139.27342224121094,101.3758773803711,3479205.0
2018-09-05,IBM,138.8049774169922,140.29637145996094,138.67112731933594,140.2103271484375,102.05783081054688,3270319.0
2018-09-06,IBM,140.420654296875,141.16635131835938,139.1395721435547,139.9521942138672,101.86995697021484,4444245.0
2018-09-07,IBM,139.52198791503906,140.05735778808594,138.73805236816406,139.0535430908203,101.21582794189453,4908983.0
2018-09-10,IBM,140.15296936035156,140.82217407226562,139.15870666503906,139.24473571777344,101.3550033569336,3784742.0
2018-09-11,IBM,139.579345703125,140.52581787109375,138.86233520507812,140.0478057861328,101.93954467773438,3529936.0
2018-09-12,IBM,139.93307495117188,141.47227478027344,139.6080322265625,140.12428283691406,101.99519348144531,4714008.0
2018-09-13,IBM,140.86997985839844,142.44741821289062,140.6501007080078,142.3996124267578,103.65140533447266,5592439.0
2018-09-14,IBM,142.30401611328125,142.73422241210938,141.28106689453125,141.806884765625,103.219970703125,3610897.0
2018-09-17,IBM,141.91204833984375,142.51434326171875,141.27151489257812,141.4340362548828,102.94859313964844,3715287.0
2018-09-18,IBM,141.26194763183594,142.4378662109375,140.98471069335938,142.02676391601562,103.3800048828125,3796352.0
2018-09-19,IBM,142.09368896484375,143.36520385742188,141.71128845214844,142.50477600097656,103.72796630859375,4441525.0
2018-09-20,IBM,143.0019073486328,144.72274780273438,142.86807250976562,144.50286865234375,105.18233489990234,6226001.0
2018-09-21,IBM,144.818359375,145.88909912109375,144.11090087890625,144.69407653808594,105.321533203125,20865085.0
2018-09-24,IBM,144.45506286621094,144.55067443847656,142.88719177246094,143.43212890625,104.40293884277344,4461190.0
2018-09-25,IBM,143.31739807128906,143.79541015625,141.8355712890625,142.3613739013672,103.62357330322266,4599785.0
2018-09-26,IBM,145.69789123535156,146.6061248779297,144.68450927734375,144.94264221191406,105.50244903564453,7742387.0
2018-09-27,IBM,145.32504272460938,145.68833923339844,144.51242065429688,144.8374786376953,105.42588806152344,3637570.0
2018-09-28,IBM,144.51242065429688,144.96176147460938,144.15870666503906,144.5602264404297,105.22411346435547,3457867.0
2018-10-01,IBM,145.03823852539062,146.67303466796875,145.03823852539062,146.27151489257812,106.4697036743164,3930240.0
2018-10-02,IBM,146.26194763183594,147.07456970214844,145.7935028076172,146.988525390625,106.99163818359375,3169275.0
2018-10-03,IBM,147.2275390625,147.5717010498047,146.08030700683594,146.48184204101562,106.62281036376953,3467804.0
2018-10-04,IBM,145.0191192626953,146.08030700683594,143.7476043701172,144.6558380126953,105.29366302490234,4432843.0
2018-10-05,IBM,144.26385498046875,145.11471557617188,141.3671112060547,142.47610473632812,103.70706939697266,4813901.0
2018-10-08,IBM,141.9694061279297,142.51434326171875,140.70745849609375,141.86424255371094,103.26171875,3388308.0
2018-10-09,IBM,141.56787109375,141.8355712890625,140.46844482421875,140.7648162841797,102.46146392822266,3809950.0
2018-10-10,IBM,141.0133819580078,141.1950225830078,136.2332763671875,136.4149169921875,99.2951889038086,5802894.0
2018-10-11,IBM,136.34799194335938,137.8489532470703,132.67686462402344,132.90631103515625,96.74131774902344,9111183.0
2018-10-12,IBM,134.91395568847656,135.31549072265625,132.9636688232422,134.6558380126953,98.01477813720703,6865316.0
2018-10-15,IBM,134.2064971923828,136.0038299560547,133.97705078125,134.92352294921875,98.20964050292969,5193913.0
2018-10-16,IBM,136.6443634033203,139.0535430908203,135.35372924804688,138.73805236816406,100.9861831665039,9095493.0
2018-10-17,IBM,129.91395568847656,131.11854553222656,127.55258178710938,128.15487670898438,93.28279876708984,20359344.0
2018-10-18,IBM,126.8929214477539,127.53346252441406,124.32122039794922,124.80879211425781,90.84721374511719,10472238.0
2018-10-19,IBM,124.9043960571289,126.0898666381836,122.33269500732422,123.42256164550781,89.83816528320312,8150014.0
2018-10-22,IBM,123.88145446777344,124.7036361694336,122.75334930419922,124.3021011352539,90.47837829589844,5982597.0
2018-10-23,IBM,123.34607696533203,126.09942626953125,122.76290893554688,125.43977355957031,91.30648040771484,6760926.0
2018-10-24,IBM,125.40152740478516,125.8986587524414,121.4149169921875,121.61567687988281,88.52297973632812,5972974.0
2018-10-25,IBM,121.65392303466797,122.17017364501953,119.63671112060547,120.88909912109375,87.99407958984375,10778298.0
2018-10-26,IBM,119.7036361694336,120.24856567382812,118.26959991455078,119.3021011352539,86.83893585205078,9170282.0
2018-10-29,IBM,114.09178161621094,118.4990463256836,113.0975112915039,114.37858581542969,83.25513458251953,21391118.0
2018-10-30,IBM,115.181640625,116.15679168701172,110.08604431152344,110.3250503540039,80.30459594726562,22445696.0
2018-10-31,IBM,111.36711120605469,111.37667083740234,109.0726547241211,110.35372924804688,80.32549285888672,22640670.0
2018-11-01,IBM,110.42064666748047,111.85468292236328,110.04779815673828,111.6921615600586,81.29973602294922,14253528.0
2018-11-02,IBM,112.34225463867188,112.57170104980469,109.50286865234375,110.58317565917969,80.49248504638672,11079964.0
2018-11-05,IBM,110.9942626953125,115.45889282226562,110.8986587524414,114.78011322021484,83.54740142822266,9565252.0
2018-11-06,IBM,115.3919677734375,118.36520385742188,115.01911926269531,117.7055435180664,85.67681884765625,10038880.0
2018-11-07,IBM,118.34607696533203,119.56022644042969,116.95028686523438,119.34990692138672,86.87372589111328,12952304.0
2018-11-08,IBM,117.26577758789062,118.92925262451172,117.23709106445312,117.95410919189453,86.95124053955078,10874634.0
2018-11-09,IBM,118.17399597167969,119.09178161621094,116.5965576171875,118.1070785522461,87.06400299072266,7282043.0
2018-11-12,IBM,118.06883239746094,118.13575744628906,115.34416961669922,115.58317565917969,85.20348358154297,5626539.0
2018-11-13,IBM,115.86042022705078,116.8738021850586,114.62715148925781,115.52581024169922,85.16120910644531,4272282.0
2018-11-14,IBM,115.783935546875,116.56787872314453,114.50286865234375,114.91395568847656,84.71017456054688,4981366.0
2018-11-15,IBM,114.397705078125,116.09942626953125,114.25430297851562,116.09942626953125,85.58403778076172,5447463.0
2018-11-16,IBM,115.57361602783203,116.49139404296875,115.23900604248047,116.22370910644531,85.67565155029297,4263810.0
2018-11-19,IBM,116.28107452392578,116.806884765625,114.50286865234375,115.01911926269531,84.7876968383789,4321235.0
2018-11-20,IBM,113.27915954589844,114.23518371582031,111.56787872314453,112.04589080810547,82.59593963623047,6520555.0
2018-11-21,IBM,112.43785858154297,114.25430297851562,112.22753143310547,113.35564422607422,83.56143188476562,5581247.0
2018-11-23,IBM,112.8967514038086,113.13575744628906,111.76863861083984,112.03633117675781,82.5888900756836,2442096.0
2018-11-26,IBM,113.16443634033203,114.96176147460938,112.86807250976562,114.3021011352539,84.25911712646484,5241611.0
2018-11-27,IBM,113.17399597167969,114.76099395751953,113.16443634033203,114.75143432617188,84.5903549194336,5129375.0
2018-11-28,IBM,115.68833923339844,117.67686462402344,114.93307495117188,117.5908203125,86.68343353271484,5339307.0
2018-11-29,IBM,117.05545043945312,117.7055435180664,116.06118774414062,116.13766479492188,85.61222076416016,5439305.0
2018-11-30,IBM,116.30975341796875,119.20649719238281,116.13766479492188,118.80496978759766,87.57844543457031,7585174.0
2018-12-03,IBM,120.14340209960938,121.02294158935547,118.8910140991211,119.79923248291016,88.31138610839844,6115334.0
2018-12-04,IBM,119.01529693603516,119.42638397216797,115.9942626953125,116.25238800048828,85.69680786132812,6276732.0
2018-12-06,IBM,114.45507049560547,118.46080017089844,114.05353546142578,118.46080017089844,87.32475280761719,7257148.0
2018-12-07,IBM,118.45124053955078,118.59464263916016,113.64244842529297,114.09178161621094,84.1041030883789,7342502.0
2018-12-10,IBM,114.47418975830078,116.32887268066406,113.3078384399414,115.80306243896484,85.36557006835938,6850777.0
2018-12-11,IBM,117.82982635498047,118.36520385742188,114.7227554321289,115.57361602783203,85.19644927978516,5275083.0
2018-12-12,IBM,117.12236785888672,117.4760971069336,115.67877960205078,115.83174133300781,85.38672637939453,3724283.0
2018-12-13,IBM,115.9273452758789,116.43403625488281,114.8852767944336,115.42064666748047,85.08366394042969,4177306.0
2018-12-14,IBM,114.24474334716797,115.783935546875,114.1873779296875,114.62715148925781,84.49874114990234,4763693.0
2018-12-17,IBM,113.83364868164062,114.5124282836914,110.00955963134766,110.9942626953125,81.82072448730469,7713727.0
2018-12-18,IBM,111.75907897949219,113.03059387207031,110.91778564453125,111.52007293701172,82.20832061767578,6579549.0
2018-12-19,IBM,111.99808502197266,114.98088073730469,110.86997985839844,111.30975341796875,82.05327606201172,7300871.0
2018-12-20,IBM,110.61185455322266,111.32887268066406,106.78776550292969,108.04971313476562,79.65010833740234,8843302.0
2018-12-21,IBM,107.55258178710938,110.2103271484375,105.58317565917969,106.06118774414062,78.18423461914062,10864279.0
2018-12-24,IBM,105.06692504882812,106.11854553222656,102.77246856689453,102.83938598632812,75.8092269897461,3997184.0
2018-12-26,IBM,103.25048065185547,106.49139404296875,101.28107452392578,106.49139404296875,78.50138092041016,6951507.0
2018-12-27,IBM,105.15296173095703,108.77629089355469,104.65583038330078,108.77629089355469,80.18570709228516,6323698.0
2018-12-28,IBM,109.19693756103516,109.75143432617188,107.55258178710938,108.05927276611328,79.65714263916016,5352905.0
2018-12-31,IBM,108.34607696533203,109.32122039794922,107.4760971069336,108.67112731933594,80.10819244384766,5212009.0
2019-01-02,IBM,107.0841293334961,110.8795394897461,106.77820587158203,110.14340209960938,81.19349670410156,4434935.0
2019-01-03,IBM,109.4933090209961,109.82791900634766,107.73422241210938,107.94454956054688,79.57257843017578,4546648.0
2019-01-04,IBM,109.85659790039062,112.32313537597656,109.40726470947266,112.16061401367188,82.68050384521484,4683779.0
2019-01-07,IBM,112.33269500732422,113.60420989990234,111.53919982910156,112.95410919189453,83.26544952392578,3923755.0
2019-01-08,IBM,114.397705078125,115.26768493652344,113.74761199951172,114.56022644042969,84.44940948486328,4982726.0
2019-01-09,IBM,115.59273529052734,116.06118774414062,114.59847259521484,115.38240814208984,85.05547332763672,3800850.0
2019-01-10,IBM,114.79923248291016,116.5009536743164,114.6749496459961,116.43403625488281,85.83070373535156,4089860.0
2019-01-11,IBM,116.23326873779297,116.2715072631836,114.91395568847656,116.11854553222656,85.59812927246094,3893630.0
2019-01-14,IBM,115.2103271484375,115.34416961669922,114.4933090209961,115.0956039428711,84.84407806396484,5469220.0
2019-01-15,IBM,115.64053344726562,116.56787872314453,115.5066909790039,116.37667083740234,85.7884292602539,3668845.0
2019-01-16,IBM,116.23326873779297,116.63479614257812,115.51625061035156,116.2715072631836,85.71089935302734,4017791.0
2019-01-17,IBM,115.25812530517578,117.02677154541016,115.24856567382812,116.81644439697266,86.11258697509766,5261275.0
2019-01-18,IBM,117.84894561767578,119.23518371582031,117.3135757446289,118.37476348876953,87.2613296508789,6284891.0
2019-01-22,IBM,117.87763214111328,118.35564422607422,116.19503021240234,117.13192749023438,86.34516143798828,10514810.0
2019-01-23,IBM,125.59273529052734,129.06309509277344,124.57935333251953,127.04589080810547,93.65335845947266,23078630.0
2019-01-24,IBM,126.79732513427734,127.35181427001953,125.65009307861328,126.70172119140625,93.39966583251953,6613753.0
2019-01-25,IBM,127.02677154541016,128.52772521972656,126.60611724853516,128.07839965820312,94.41449737548828,5969940.0
2019-01-28,IBM,127.24665069580078,128.88145446777344,126.74951934814453,128.36520385742188,94.62591552734375,5604154.0
2019-01-29,IBM,128.3843231201172,129.45506286621094,127.72466278076172,128.4225616455078,94.66818237304688,5268807.0
2019-01-30,IBM,128.10707092285156,129.09178161621094,127.39006042480469,128.47036743164062,94.70342254638672,4707941.0
2019-01-31,IBM,128.53729248046875,128.79541015625,127.85850524902344,128.50860595703125,94.73162078857422,5108664.0
2019-02-01,IBM,129.034423828125,129.25430297851562,127.48565673828125,128.2026824951172,94.50611114501953,3981076.0
2019-02-04,IBM,128.12619018554688,129.25430297851562,127.14149475097656,129.24473571777344,95.2742691040039,4149064.0
2019-02-05,IBM,129.33078002929688,129.84703063964844,128.9866180419922,129.5889129638672,95.52796173095703,5647249.0
2019-02-06,IBM,129.27342224121094,130.64053344726562,129.22561645507812,130.32504272460938,96.07062530517578,5104166.0
2019-02-07,IBM,127.67686462402344,128.55641174316406,126.30975341796875,127.33269500732422,94.95843505859375,4580852.0
2019-02-08,IBM,126.52007293701172,127.82982635498047,126.37667083740234,127.82982635498047,95.32914733886719,3399291.0
2019-02-11,IBM,128.3843231201172,129.2064971923828,128.02102661132812,128.09751892089844,95.52881622314453,3237475.0
2019-02-12,IBM,129.2064971923828,130.2103271484375,128.92926025390625,130.06692504882812,96.99748229980469,3469791.0
2019-02-13,IBM,130.89866638183594,131.8546905517578,130.4110870361328,131.47227478027344,98.0455093383789,4448638.0
2019-02-14,IBM,131.13766479492188,131.5487518310547,130.21987915039062,130.47801208496094,97.30403900146484,2917712.0
2019-02-15,IBM,131.52963256835938,132.11280822753906,131.34799194335938,131.95985412597656,98.40911865234375,4020929.0
2019-02-19,IBM,131.74952697753906,132.6003875732422,131.31930541992188,132.6003875732422,98.8868179321289,3541442.0
2019-02-20,IBM,132.65774536132812,133.11663818359375,131.1854705810547,131.93116760253906,98.38772583007812,3976892.0
2019-02-21,IBM,131.7590789794922,132.26577758789062,131.30975341796875,131.7781982421875,98.2736587524414,3072416.0
2019-02-22,IBM,132.62905883789062,133.25047302246094,132.34225463867188,133.12619018554688,99.27891540527344,3256930.0
2019-02-25,IBM,133.8432159423828,134.29254150390625,133.193115234375,133.32696533203125,99.42863464355469,3341133.0
2019-02-26,IBM,133.52772521972656,134.31166076660156,133.33651733398438,133.57553100585938,99.61400604248047,3201178.0
2019-02-27,IBM,133.12619018554688,133.43212890625,132.31358337402344,133.04971313476562,99.22189331054688,2647321.0
2019-02-28,IBM,132.66729736328125,132.94454956054688,131.66348266601562,132.05545043945312,98.48042297363281,3616859.0
2019-03-01,IBM,133.18356323242188,133.88145446777344,132.5430145263672,133.07839965820312,99.2432861328125,3169380.0
2019-03-04,IBM,133.83364868164062,133.91969299316406,131.13766479492188,132.34225463867188,98.69430541992188,3563617.0
2019-03-05,IBM,132.28489685058594,132.6386260986328,131.51051330566406,131.81643676757812,98.30218505859375,4445814.0
2019-03-06,IBM,132.04588317871094,132.30401611328125,130.70745849609375,130.95602416992188,97.6605224609375,2895642.0
2019-03-07,IBM,130.602294921875,130.86997985839844,128.70936584472656,129.4072723388672,96.50553131103516,4559305.0
2019-03-08,IBM,128.30784606933594,129.29254150390625,127.7055435180664,129.14913940429688,96.31301879882812,3947186.0
2019-03-11,IBM,130.0478057861328,131.67303466796875,129.86614990234375,131.65391540527344,98.18099212646484,4120508.0
2019-03-12,IBM,132.4282989501953,133.55641174316406,131.7973175048828,132.1988525390625,98.58735656738281,4136616.0
2019-03-13,IBM,131.97897338867188,133.193115234375,131.7877655029297,132.46653747558594,98.78697967529297,3319167.0
2019-03-14,IBM,132.41873168945312,132.829833984375,131.988525390625,132.68641662597656,98.95095825195312,2864576.0
2019-03-15,IBM,133.2409210205078,134.15870666503906,133.10707092285156,133.29827880859375,99.40724182128906,7482770.0
2019-03-18,IBM,133.68069458007812,134.1969451904297,132.6195068359375,134.04397583007812,99.96336364746094,3418851.0
2019-03-19,IBM,134.76100158691406,135.46844482421875,133.8432159423828,134.31166076660156,100.16297912597656,3642486.0
2019-03-20,IBM,134.3498992919922,134.51242065429688,132.86807250976562,133.46080017089844,99.52845001220703,3817377.0
2019-03-21,IBM,132.9827880859375,135.86997985839844,132.7724609375,135.21987915039062,100.84027862548828,3771248.0
2019-03-22,IBM,134.7705535888672,135.21987915039062,132.7915802001953,133.31739807128906,99.42151641845703,4055551.0
2019-03-25,IBM,132.94454956054688,133.75717163085938,132.26577758789062,133.0592803955078,99.2290267944336,2970431.0
2019-03-26,IBM,133.7762908935547,134.818359375,133.28871154785156,134.0535430908203,99.97050476074219,2671170.0
2019-03-27,IBM,134.2351837158203,134.31166076660156,132.31358337402344,133.11663818359375,99.27178955078125,3240717.0
2019-03-28,IBM,133.75717163085938,134.26385498046875,132.9827880859375,133.7667236328125,99.756591796875,2786439.0
2019-03-29,IBM,134.32122802734375,135.0095672607422,133.9866180419922,134.89483642578125,100.59789276123047,3244064.0
2019-04-01,IBM,135.28680419921875,137.10325622558594,135.28680419921875,136.9980926513672,102.16639709472656,4167578.0
2019-04-02,IBM,137.04588317871094,137.6195068359375,136.32887268066406,136.71128845214844,101.9525146484375,2515421.0
2019-04-03,IBM,137.33270263671875,137.87762451171875,136.72084045410156,137.31358337402344,102.40169525146484,2804535.0
2019-04-04,IBM,137.30401611328125,137.8011474609375,136.27151489257812,136.50096130371094,101.795654296875,2898571.0
2019-04-05,IBM,136.988525390625,137.18930053710938,136.1950225830078,136.97897338867188,102.15214538574219,2857463.0
2019-04-08,IBM,136.73040771484375,137.11280822753906,136.58700561523438,137.08413696289062,102.23055267333984,2215637.0
2019-04-09,IBM,136.38623046875,136.66348266601562,135.602294921875,135.8604278564453,101.31797790527344,3178271.0
2019-04-10,IBM,135.9464569091797,137.18930053710938,135.73614501953125,136.73040771484375,101.9667739868164,2801188.0
2019-04-11,IBM,137.47610473632812,137.7724609375,136.73995971679688,137.4569854736328,102.50860595703125,3077332.0
2019-04-12,IBM,137.91586303710938,138.08795166015625,137.3804931640625,138.0019073486328,102.91497039794922,3032249.0
2019-04-15,IBM,138.04971313476562,138.10707092285156,136.9694061279297,137.5717010498047,102.59414672851562,3768947.0
2019-04-16,IBM,138.04971313476562,138.9961700439453,137.68641662597656,138.75717163085938,103.47823333740234,6591578.0
2019-04-17,IBM,131.32887268066406,135.73614501953125,130.26768493652344,132.9923553466797,99.17913055419922,13101882.0
2019-04-18,IBM,132.88719177246094,134.31166076660156,132.6003875732422,134.15870666503906,100.0489273071289,5188160.0
2019-04-22,IBM,133.28871154785156,134.3785858154297,132.3900604248047,132.7820281982422,99.02226257324219,4700724.0
2019-04-23,IBM,133.0305938720703,134.72274780273438,132.829833984375,134.26385498046875,100.1273193359375,4667461.0
2019-04-24,IBM,134.4168243408203,135.09559631347656,133.6328887939453,133.79541015625,99.77799987792969,2902545.0
2019-04-25,IBM,133.55641174316406,133.6042022705078,131.65391540527344,132.53346252441406,98.83688354492188,3043965.0
2019-04-26,IBM,133.2122344970703,133.73805236816406,132.70555114746094,133.30784606933594,99.41438293457031,2426511.0
2019-04-29,IBM,133.0305938720703,133.48948669433594,132.70555114746094,132.93499755859375,99.1363525390625,3094382.0
2019-04-30,IBM,132.9923553466797,134.26385498046875,132.58126831054688,134.10133361816406,100.00613403320312,4852185.0
2019-05-01,IBM,134.3690185546875,135.5736083984375,134.0057373046875,134.3785858154297,100.21290588378906,3194170.0
2019-05-02,IBM,134.32122802734375,135.06692504882812,133.27915954589844,133.4512481689453,99.52133178710938,3704304.0
2019-05-03,IBM,133.55641174316406,134.7992401123047,133.48948669433594,134.08221435546875,99.99186706542969,2698575.0
2019-05-06,IBM,132.2179718017578,134.50286865234375,131.8355712890625,134.2064971923828,100.0845718383789,2921792.0
2019-05-07,IBM,133.0305938720703,133.374755859375,130.2007598876953,131.58700561523438,98.13107299804688,4944233.0
2019-05-08,IBM,131.71128845214844,132.6003875732422,131.09942626953125,131.93116760253906,98.38772583007812,3994569.0
2019-05-09,IBM,128.9579315185547,129.61758422851562,127.17973327636719,129.3881378173828,97.63744354248047,4385564.0
2019-05-10,IBM,128.94837951660156,129.78012084960938,126.5965576171875,129.3690185546875,97.62301635742188,4160570.0
2019-05-13,IBM,127.41873931884766,127.69598388671875,125.20076751708984,125.64053344726562,94.80947875976562,5186068.0
2019-05-14,IBM,126.02294158935547,128.41299438476562,125.88909912109375,127.44741821289062,96.1729507446289,3431298.0
2019-05-15,IBM,126.75907897949219,128.67112731933594,126.54875946044922,128.48948669433594,96.9593276977539,2668346.0
2019-05-16,IBM,128.8145294189453,130.12428283691406,128.71893310546875,129.90440368652344,98.02703094482422,3156096.0
2019-05-17,IBM,128.75717163085938,129.45506286621094,128.04971313476562,128.41299438476562,96.9015884399414,2739579.0
2019-05-20,IBM,127.65774536132812,129.47418212890625,127.0841293334961,129.17782592773438,97.47872924804688,3414667.0
2019-05-21,IBM,130.13385009765625,131.03250122070312,129.818359375,130.44932556152344,98.43822479248047,2618661.0
2019-05-22,IBM,130.0191192626953,130.73614501953125,129.7418670654297,130.35372924804688,98.36607360839844,1934891.0
2019-05-23,IBM,129.1873779296875,129.1873779296875,124.7036361694336,126.56787872314453,95.50926208496094,5589196.0
2019-05-24,IBM,127.65774536132812,128.34608459472656,125.80306243896484,126.46271514892578,95.42988586425781,2715521.0
2019-05-28,IBM,126.3193130493164,126.806884765625,124.54110717773438,124.7227554321289,94.11688995361328,5134605.0
2019-05-29,IBM,124.2829818725586,124.55066680908203,122.67686462402344,123.98661804199219,93.56140899658203,3848234.0
2019-05-30,IBM,124.03441619873047,124.25430297851562,123.26004028320312,123.87189483642578,93.47482299804688,2868027.0
2019-05-31,IBM,122.79158782958984,122.79158782958984,121.2715072631836,121.40535736083984,91.61357116699219,3702108.0
2019-06-03,IBM,121.51051330566406,122.90631103515625,121.47227478027344,122.62906646728516,92.53700256347656,4463177.0
2019-06-04,IBM,123.86233520507812,126.9024887084961,123.41300201416016,126.85468292236328,95.72567749023438,4093521.0
2019-06-05,IBM,127.51434326171875,127.73422241210938,124.73231506347656,125.70745849609375,94.8599624633789,3306720.0
2019-06-06,IBM,126.37667083740234,126.81644439697266,125.14340209960938,126.40535736083984,95.38660430908203,2403917.0
2019-06-07,IBM,126.64435577392578,128.79541015625,126.39579010009766,127.44741821289062,96.1729507446289,2670856.0
2019-06-10,IBM,128.47036743164062,129.397705078125,128.02102661132812,128.8145294189453,97.20458221435547,3045220.0
2019-06-11,IBM,129.3690185546875,130.45889282226562,129.11090087890625,129.9713134765625,98.07750701904297,3564036.0
2019-06-12,IBM,129.5984649658203,129.96176147460938,128.49903869628906,128.93881225585938,97.29838562011719,2358416.0
2019-06-13,IBM,129.1873779296875,130.27725219726562,129.14913940429688,129.7896728515625,97.94046020507812,3091244.0
2019-06-14,IBM,129.48374938964844,129.90440368652344,128.51815795898438,129.2064971923828,97.5003890991211,2294192.0
2019-06-17,IBM,129.43594360351562,130.0478057861328,128.7762908935547,129.01528930664062,97.35609436035156,2295029.0
2019-06-18,IBM,129.25430297851562,131.1567840576172,129.25430297851562,130.38241577148438,98.38773345947266,3048776.0
2019-06-19,IBM,130.43020629882812,132.27532958984375,130.24856567382812,131.05162048339844,98.8927230834961,2491990.0
2019-06-20,IBM,132.8202667236328,133.4034423828125,132.12237548828125,132.74378967285156,100.1696548461914,3212266.0
2019-06-21,IBM,132.35182189941406,133.4034423828125,132.30401611328125,133.07839965820312,100.42216491699219,5531980.0
2019-06-24,IBM,133.07839965820312,133.9866180419922,132.93499755859375,133.2218017578125,100.53038024902344,2286556.0
2019-06-25,IBM,133.32696533203125,133.41299438476562,132.05545043945312,132.27532958984375,99.81614685058594,2930055.0
2019-06-26,IBM,132.76290893554688,133.53729248046875,132.32313537597656,132.4282989501953,99.93160247802734,2389692.0
2019-06-27,IBM,132.6195068359375,133.1739959716797,131.88336181640625,132.4282989501953,99.93160247802734,2248691.0
2019-06-28,IBM,132.47610473632812,133.02102661132812,131.7781982421875,131.8355712890625,99.48430633544922,6436979.0
2019-07-01,IBM,133.46080017089844,135.26768493652344,133.15487670898438,133.72848510742188,100.91270446777344,3533074.0
2019-07-02,IBM,133.6042022705078,134.25430297851562,133.33651733398438,134.0535430908203,101.15801239013672,2520546.0
2019-07-03,IBM,134.53155517578125,135.5831756591797,134.25430297851562,135.31549072265625,102.11026000976562,2019198.0
2019-07-05,IBM,134.67495727539062,135.26768493652344,133.75717163085938,135.1625213623047,101.9948501586914,2232896.0
2019-07-08,IBM,134.84703063964844,135.07647705078125,134.10133361816406,134.3881378173828,101.41047668457031,2505484.0
2019-07-09,IBM,134.4263916015625,134.7896728515625,133.011474609375,133.2026824951172,100.51593017578125,3519999.0
2019-07-10,IBM,133.8432159423828,135.66921997070312,133.64244079589844,134.29254150390625,101.33834838867188,2629539.0
2019-07-11,IBM,134.5984649658203,135.35372924804688,134.13002014160156,135.0286865234375,101.8938217163086,2231013.0
2019-07-12,IBM,135.67877197265625,136.63479614257812,135.43020629882812,136.46270751953125,102.9759750366211,2914365.0
2019-07-15,IBM,136.6061248779297,137.1988525390625,135.86997985839844,137.0172119140625,103.39441680908203,2477242.0
2019-07-16,IBM,136.87380981445312,137.70555114746094,136.73040771484375,137.2179718017578,103.54591369628906,3634536.0
2019-07-17,IBM,137.29444885253906,137.47610473632812,135.70745849609375,136.7781982421875,103.21405792236328,6343258.0
2019-07-18,IBM,136.2332763671875,143.69981384277344,135.9464569091797,143.04971313476562,107.94656372070312,13276460.0
2019-07-19,IBM,143.36520385742188,144.91395568847656,142.97323608398438,143.09751892089844,107.98268127441406,7626072.0
2019-07-22,IBM,143.55641174316406,145.2581329345703,143.11663818359375,143.15487670898438,108.02597045898438,4280860.0
2019-07-23,IBM,143.94837951660156,144.09178161621094,141.8546905517578,143.7667236328125,108.48764038085938,3914341.0
2019-07-24,IBM,143.51815795898438,144.7896728515625,142.6386260986328,143.43212890625,108.23514556884766,3088210.0
2019-07-25,IBM,143.23135375976562,143.9961700439453,142.07456970214844,143.7762908935547,108.49488067626953,3244797.0
2019-07-26,IBM,144.35946655273438,144.75143432617188,143.49903869628906,144.70362854003906,109.19465637207031,3037898.0
2019-07-29,IBM,144.46463012695312,144.818359375,143.70936584472656,144.24473571777344,108.84838104248047,2170973.0
2019-07-30,IBM,143.4034423828125,143.78585815429688,142.65774536132812,143.18356323242188,108.04759979248047,2753804.0
2019-07-31,IBM,143.11663818359375,143.57553100585938,139.9521942138672,141.72084045410156,106.94379425048828,3894153.0
2019-08-01,IBM,142.35182189941406,146.09942626953125,141.9694061279297,143.70936584472656,108.44438934326172,6635824.0
2019-08-02,IBM,142.47610473632812,146.2237091064453,139.1873779296875,140.77438354492188,106.22962188720703,8474378.0
2019-08-05,IBM,138.6042022705078,138.71893310546875,133.0305938720703,134.56979370117188,101.54757690429688,7442185.0
2019-08-06,IBM,135.783935546875,136.20458984375,133.18356323242188,134.54110717773438,101.52593231201172,5303952.0
2019-08-07,IBM,132.6386260986328,133.44168090820312,130.4110870361328,132.9923553466797,100.35723114013672,6204767.0
2019-08-08,IBM,132.3613739013672,134.24473571777344,131.70172119140625,133.93881225585938,102.2623291015625,5503111.0
2019-08-09,IBM,133.1453094482422,133.18356323242188,129.397705078125,130.14340209960938,99.36450958251953,5485852.0
2019-08-12,IBM,129.69407653808594,129.89483642578125,127.32313537597656,127.79158782958984,97.56890869140625,4271759.0
2019-08-13,IBM,127.9158706665039,130.56405639648438,126.96940612792969,129.818359375,99.1163558959961,4730117.0
2019-08-14,IBM,128.02102661132812,128.26004028320312,125.21988677978516,125.47801208496094,95.8024673461914,5349453.0
2019-08-15,IBM,125.44933319091797,126.54875946044922,124.52198791503906,126.11854553222656,96.29154205322266,3910889.0
2019-08-16,IBM,127.18929290771484,128.67112731933594,127.1032485961914,127.87763214111328,97.63460540771484,3150552.0
2019-08-19,IBM,128.94837951660156,130.33460998535156,128.94837951660156,129.10133361816406,98.56890106201172,3310695.0
2019-08-20,IBM,129.29254150390625,129.33078002929688,126.96940612792969,127.15105438232422,97.0798568725586,3157456.0
2019-08-21,IBM,129.0248565673828,129.96176147460938,127.9158706665039,128.34608459472656,97.99226379394531,2934762.0
2019-08-22,IBM,128.7667236328125,129.71319580078125,127.92543029785156,128.41299438476562,98.0433578491211,2818865.0
2019-08-23,IBM,127.75334930419922,128.3556365966797,123.16443634033203,123.87189483642578,94.57621002197266,5040046.0
2019-08-26,IBM,125.28680419921875,125.52581024169922,123.47992706298828,124.27342224121094,94.88277435302734,2964259.0
2019-08-27,IBM,125.43020629882812,125.90821838378906,124.57935333251953,125.40152740478516,95.74407958984375,4945488.0
2019-08-28,IBM,124.7036361694336,127.04589080810547,124.32122039794922,126.9216079711914,96.9046630859375,2838426.0
2019-08-29,IBM,128.27915954589844,129.72274780273438,128.1453094482422,128.94837951660156,98.45211791992188,3108503.0
2019-08-30,IBM,129.61758422851562,130.08604431152344,128.4512481689453,129.56979370117188,98.92657470703125,3096788.0
2019-09-03,IBM,128.91969299316406,128.96749877929688,127.46653747558594,128.2026824951172,97.88279724121094,2957983.0
2019-09-04,IBM,129.7418670654297,130.43020629882812,129.2064971923828,130.32504272460938,99.50320434570312,2351303.0
2019-09-05,IBM,132.2179718017578,135.46844482421875,131.97897338867188,134.7705535888672,102.89733123779297,5242134.0
2019-09-06,IBM,135.29637145996094,135.30592346191406,134.28298950195312,134.3881378173828,102.60537719726562,2695333.0
2019-09-09,IBM,134.4072723388672,136.73040771484375,134.28298950195312,136.32887268066406,104.08714294433594,4421024.0
2019-09-10,IBM,136.71128845214844,139.06309509277344,136.67303466796875,138.67112731933594,105.87541961669922,5208766.0
2019-09-11,IBM,138.47991943359375,138.73805236816406,136.4340362548828,137.28489685058594,104.81706237792969,4047706.0
2019-09-12,IBM,137.69598388671875,137.70555114746094,135.64053344726562,137.30401611328125,104.8316421508789,2620648.0
2019-09-13,IBM,137.97323608398438,138.28871154785156,136.95985412597656,137.35182189941406,104.86815643310547,2308104.0
2019-09-16,IBM,136.29063415527344,137.32313537597656,136.0133819580078,136.21414184570312,103.9995346069336,2017211.0
2019-09-17,IBM,136.21414184570312,136.21414184570312,134.47418212890625,135.9464569091797,103.79515075683594,3068127.0
2019-09-18,IBM,135.8030548095703,136.0420684814453,134.33078002929688,135.965576171875,103.80973815917969,2074846.0
2019-09-19,IBM,136.1950225830078,138.65200805664062,136.1854705810547,136.68260192871094,104.35721588134766,3232035.0
2019-09-20,IBM,136.95028686523438,137.50477600097656,135.5831756591797,135.64053344726562,103.56156921386719,5432296.0
2019-09-23,IBM,134.9808807373047,135.965576171875,134.3785858154297,135.82217407226562,103.70027923583984,1901523.0
2019-09-24,IBM,136.2332763671875,136.6061248779297,134.86614990234375,135.44932556152344,103.41559600830078,3380254.0
2019-09-25,IBM,135.50669860839844,137.31358337402344,134.66539001464844,136.86424255371094,104.49588775634766,2642928.0
2019-09-26,IBM,136.87380981445312,137.55258178710938,135.1912078857422,137.23709106445312,104.78054809570312,2416051.0
2019-09-27,IBM,138.0592803955078,138.70936584472656,136.11854553222656,136.9407196044922,104.55425262451172,2465213.0
2019-09-30,IBM,137.4091796875,140.12428283691406,137.4091796875,139.0248565673828,106.1455307006836,4171866.0
2019-10-01,IBM,139.1873779296875,140.86997985839844,137.2275390625,137.34225463867188,104.86083984375,3096997.0
2019-10-02,IBM,135.93690490722656,136.0133819580078,134.3881378173828,135.45889282226562,103.42290496826172,3494477.0
2019-10-03,IBM,135.3919677734375,135.82217407226562,133.0592803955078,135.77438354492188,103.66378784179688,3063525.0
2019-10-04,IBM,135.8126220703125,136.76864624023438,134.82791137695312,136.70172119140625,104.3718032836914,2524626.0
2019-10-07,IBM,136.0038299560547,136.42446899414062,135.0095672607422,135.06692504882812,103.12362670898438,2538119.0
2019-10-08,IBM,134.07266235351562,134.29254150390625,132.170166015625,132.29444885253906,101.00684356689453,3373768.0
2019-10-09,IBM,133.62332153320312,134.15870666503906,132.68641662597656,133.52772521972656,101.94844818115234,2741357.0
2019-10-10,IBM,133.62332153320312,135.54493713378906,133.4225616455078,134.92352294921875,103.01416015625,2713010.0
2019-10-11,IBM,136.49139404296875,138.1453094482422,136.3384246826172,136.48184204101562,104.20391845703125,3134653.0
2019-10-14,IBM,136.05162048339844,136.16635131835938,135.10516357421875,135.7935028076172,103.67838287353516,2415737.0
2019-10-15,IBM,136.27151489257812,137.3996124267578,135.5736083984375,136.71128845214844,104.37910461425781,3164673.0
2019-10-16,IBM,136.2237091064453,136.66348266601562,135.17208862304688,135.8604278564453,103.72946166992188,5577900.0
2019-10-17,IBM,129.06309509277344,130.0191192626953,127.06501007080078,128.3556365966797,97.99955749511719,16484751.0
2019-10-18,IBM,128.31739807128906,128.57553100585938,126.43403625488281,128.193115234375,97.87548828125,7507665.0
2019-10-21,IBM,126.77820587158203,127.24665069580078,125.14340209960938,126.74951934814453,96.77330017089844,6596181.0
2019-10-22,IBM,126.72084045410156,128.15487670898438,125.82218170166016,128.06883239746094,97.78057861328125,4353034.0
2019-10-23,IBM,127.64818572998047,128.65200805664062,126.86424255371094,128.47036743164062,98.087158203125,3777001.0
2019-10-24,IBM,128.90057373046875,129.13002014160156,127.43785858154297,128.1739959716797,97.86087799072266,2718031.0
2019-10-25,IBM,128.2218017578125,129.9521942138672,128.2026824951172,129.48374938964844,98.86087799072266,2697739.0
2019-10-28,IBM,130.0191192626953,130.6214141845703,129.49330139160156,129.9904327392578,99.24773406982422,3374501.0
2019-10-29,IBM,129.46463012695312,129.6080322265625,127.57170104980469,127.93498992919922,97.67839813232422,4352092.0
2019-10-30,IBM,127.94454956054688,129.33078002929688,127.34225463867188,129.30210876464844,98.72219848632812,2356638.0
2019-10-31,IBM,129.1682586669922,129.30210876464844,127.37093353271484,127.84894561767578,97.6126937866211,3569057.0
2019-11-01,IBM,128.5850830078125,129.5984649658203,128.193115234375,129.56979370117188,98.92657470703125,3231931.0
2019-11-04,IBM,130.24856567382812,131.68260192871094,130.23899841308594,131.6156768798828,100.48860931396484,3488828.0
2019-11-05,IBM,131.73995971679688,132.65774536132812,131.5774383544922,131.8260040283203,100.64916229248047,3153690.0
2019-11-06,IBM,131.93116760253906,132.67686462402344,131.50096130371094,132.67686462402344,101.29882049560547,4683256.0
2019-11-07,IBM,131.806884765625,133.02102661132812,131.52963256835938,131.63479614257812,101.69023132324219,4261195.0
2019-11-08,IBM,131.52963256835938,131.55831909179688,130.17208862304688,131.55831909179688,101.63117980957031,2383206.0
2019-11-11,IBM,131.16635131835938,131.16635131835938,129.06309509277344,129.51242065429688,100.0506820678711,2686128.0
2019-11-12,IBM,129.89483642578125,130.6501007080078,129.08221435546875,129.6271514892578,100.1393051147461,3186639.0
2019-11-13,IBM,129.43594360351562,129.61758422851562,127.96366882324219,128.5659637451172,99.31950378417969,3052646.0
2019-11-14,IBM,128.23135375976562,128.4225616455078,127.46653747558594,128.10707092285156,98.96501159667969,4425940.0
2019-11-15,IBM,128.47991943359375,129.17782592773438,128.13575744628906,128.48948669433594,99.26043701171875,3412575.0
2019-11-18,IBM,128.3938751220703,128.5659637451172,127.37093353271484,128.4034423828125,99.19396209716797,3358078.0
2019-11-19,IBM,128.94837951660156,129.4263916015625,128.54684448242188,128.6042022705078,99.34905242919922,3132770.0
2019-11-20,IBM,128.1644287109375,128.54684448242188,126.91204833984375,127.34225463867188,98.37419128417969,4328557.0
2019-11-21,IBM,127.53346252441406,128.26959228515625,127.13192749023438,127.95410919189453,98.84685516357422,3499184.0
2019-11-22,IBM,128.28871154785156,128.72848510742188,127.71510314941406,128.43212890625,99.21614074707031,3449185.0
2019-11-25,IBM,128.55641174316406,130.0191192626953,128.44168090820312,129.9904327392578,100.41995239257812,2709245.0
2019-11-26,IBM,130.1625213623047,130.1625213623047,128.8432159423828,129.14913940429688,99.77001953125,3967687.0
2019-11-27,IBM,129.397705078125,129.7418670654297,127.74378967285156,127.88719177246094,98.79515075683594,3431821.0
2019-11-29,IBM,127.72466278076172,128.6042022705078,127.17973327636719,128.53729248046875,99.29736328125,1909264.0
2019-12-02,IBM,128.53729248046875,128.5850830078125,126.65392303466797,127.06501007080078,98.16000366210938,3208187.0
2019-12-03,IBM,126.19503021240234,126.61567687988281,124.94264221191406,126.30975341796875,97.57656860351562,3810055.0
2019-12-04,IBM,127.01720428466797,127.8011474609375,126.15679168701172,126.18547058105469,97.48054504394531,3692380.0
2019-12-05,IBM,127.14149475097656,127.38050079345703,125.84130096435547,126.1089859008789,97.42147064208984,3760788.0
2019-12-06,IBM,126.91204833984375,128.0019073486328,126.86424255371094,127.36137390136719,98.38893127441406,3595625.0
2019-12-09,IBM,127.48565673828125,128.67112731933594,127.39962005615234,128.0305938720703,98.90592956542969,3105051.0
2019-12-10,IBM,128.0305938720703,128.91014099121094,127.6864242553711,128.02102661132812,98.89852905273438,3640498.0
2019-12-11,IBM,128.2122344970703,128.5946502685547,127.79158782958984,127.87763214111328,98.78776550292969,4135152.0
2019-12-12,IBM,127.82026672363281,129.69407653808594,127.78202819824219,129.3690185546875,99.93988037109375,5046009.0
2019-12-13,IBM,128.8240966796875,129.54110717773438,128.11663818359375,128.30784606933594,99.12010955810547,2651610.0
2019-12-16,IBM,129.0057373046875,129.49330139160156,127.96366882324219,128.23135375976562,99.06102752685547,3189463.0
2019-12-17,IBM,128.374755859375,128.7667236328125,127.5908203125,128.31739807128906,99.12747955322266,3040931.0
2019-12-18,IBM,128.6328887939453,129.06309509277344,128.25047302246094,128.49903869628906,99.26781463623047,3244483.0
2019-12-19,IBM,128.54684448242188,128.8049774169922,128.28871154785156,128.64244079589844,99.37860107421875,4044359.0
2019-12-20,IBM,129.7705535888672,130.420654296875,129.01528930664062,129.6271514892578,100.1393051147461,7438943.0
2019-12-23,IBM,129.8087921142578,130.1625213623047,129.06309509277344,129.5889129638672,100.10975646972656,2932147.0
2019-12-24,IBM,129.64627075195312,129.6558380126953,128.69024658203125,129.04397583007812,99.68878936767578,1257397.0
2019-12-26,IBM,129.04397583007812,129.35946655273438,128.72848510742188,128.97705078125,99.63707733154297,2227666.0
2019-12-27,IBM,129.06309509277344,129.78012084960938,128.93881225585938,129.32122802734375,99.9029769897461,2878801.0
2019-12-30,IBM,129.25430297851562,129.3498992919922,126.67304229736328,126.96940612792969,98.08614349365234,4308369.0
2019-12-31,IBM,126.70172119140625,128.2218017578125,126.57743835449219,128.1453094482422,98.99454498291016,3951265.0
2020-01-02,IBM,129.06309509277344,129.94264221191406,128.8432159423828,129.46463012695312,100.01374816894531,3293436.0
2020-01-03,IBM,127.69598388671875,128.92926025390625,127.6864242553711,128.43212890625,99.21614074707031,2482890.0
2020-01-06,IBM,127.55258178710938,128.33651733398438,127.34225463867188,128.2026824951172,99.03889465332031,2537073.0
2020-01-07,IBM,127.81070709228516,129.0248565673828,127.53346252441406,128.28871154785156,99.10533142089844,3232977.0
2020-01-08,IBM,128.5946502685547,129.88528442382812,128.0305938720703,129.35946655273438,99.93250274658203,4545916.0
2020-01-09,IBM,129.7705535888672,130.77438354492188,129.35946655273438,130.72657775878906,100.9886474609375,3902208.0
2020-01-10,IBM,130.9751434326172,131.806884765625,130.31549072265625,130.67877197265625,100.95169830322266,3405148.0
2020-01-13,IBM,129.52198791503906,130.6309814453125,129.13002014160156,130.5927276611328,100.88522338867188,3693426.0
2020-01-14,IBM,130.28680419921875,131.10899353027344,129.5889129638672,129.84703063964844,100.30915832519531,3850326.0
2020-01-15,IBM,130.0191192626953,131.988525390625,129.7418670654297,130.6118621826172,100.90000915527344,4232011.0
2020-01-16,IBM,131.28106689453125,132.11280822753906,130.98471069335938,131.91204833984375,101.9044189453125,4519661.0
2020-01-17,IBM,130.53536987304688,132.2466583251953,130.17208862304688,132.2275390625,102.14816284179688,5881972.0
2020-01-21,IBM,131.74952697753906,133.2218017578125,131.5487518310547,133.04971313476562,102.78328704833984,7577329.0
2020-01-22,IBM,137.0172119140625,139.3785858154297,136.28106689453125,137.5621337890625,106.26920318603516,17228038.0
2020-01-23,IBM,137.85850524902344,138.0592803955078,135.89866638183594,136.58700561523438,105.51593017578125,5918059.0
2020-01-24,IBM,137.08413696289062,137.5908203125,134.28298950195312,134.3785858154297,103.80989837646484,5836889.0
2020-01-27,IBM,132.4091796875,133.91014099121094,132.02676391601562,132.52389526367188,102.37709045410156,4358264.0
2020-01-28,IBM,133.36520385742188,134.29254150390625,132.64817810058594,133.41299438476562,103.06394958496094,3610374.0
2020-01-29,IBM,133.04971313476562,133.44168090820312,131.5487518310547,131.63479614257812,101.69023132324219,3194275.0
2020-01-30,IBM,130.74569702148438,130.9464569091797,129.034423828125,130.75526428222656,101.01078033447266,5290563.0
2020-01-31,IBM,136.6156768798828,137.71510314941406,134.5984649658203,137.4091796875,106.15106201171875,19868352.0
2020-02-03,IBM,137.90631103515625,140.8030548095703,137.5717010498047,139.8374786376953,108.02696228027344,9295488.0
2020-02-04,IBM,141.28106689453125,142.81069946289062,140.420654296875,142.55258178710938,110.12442016601562,5879566.0
2020-02-05,IBM,143.6042022705078,150.51625061035156,143.54684448242188,149.45506286621094,115.45674133300781,15048593.0
2020-02-06,IBM,149.92352294921875,151.76864624023438,148.5850830078125,149.86614990234375,115.77428436279297,8786923.0
2020-02-07,IBM,147.7533416748047,148.69981384277344,146.1950225830078,146.66348266601562,114.48328399658203,6718876.0
2020-02-10,IBM,146.24282836914062,147.64817810058594,144.91395568847656,147.6386260986328,115.24443817138672,5480831.0
2020-02-11,IBM,148.29827880859375,148.3938751220703,146.0133819580078,146.73040771484375,114.53553771972656,4011515.0
2020-02-12,IBM,146.988525390625,148.75717163085938,146.76864624023438,148.47991943359375,115.90117645263672,4641939.0
2020-02-13,IBM,147.58126831054688,148.02102661132812,146.66348266601562,147.52389526367188,115.15489959716797,3996452.0
2020-02-14,IBM,147.62905883789062,147.76290893554688,143.18356323242188,144.07266235351562,112.46089172363281,6379763.0
2020-02-18,IBM,143.2026824951172,144.72274780273438,143.0592803955078,144.45506286621094,112.7594223022461,3496778.0
2020-02-19,IBM,144.87571716308594,145.2103271484375,143.69981384277344,144.22561645507812,112.5803451538086,2858613.0
2020-02-20,IBM,144.17782592773438,144.9521942138672,142.93499755859375,144.56979370117188,112.84898376464844,3013003.0
2020-02-21,IBM,144.397705078125,144.397705078125,142.29444885253906,143.25047302246094,111.81912231445312,3699597.0
2020-02-24,IBM,139.11090087890625,141.53919982910156,138.9866180419922,139.9904327392578,109.27436828613281,5703210.0
2020-02-25,IBM,140.06692504882812,140.602294921875,135.0478057861328,135.47801208496094,105.7520751953125,6497229.0
2020-02-26,IBM,136.6156768798828,137.72467041015625,133.46080017089844,133.6042022705078,104.2894058227539,5656663.0
2020-02-27,IBM,131.20458984375,132.5908203125,127.16061401367188,127.25621032714844,99.33424377441406,8808471.0
2020-02-28,IBM,124.26386260986328,125.3250503540039,120.80306243896484,124.42638397216797,97.12533569335938,13607832.0
2020-03-02,IBM,125.0,128.52772521972656,122.32313537597656,128.3938751220703,100.2223129272461,8923844.0
2020-03-03,IBM,128.5659637451172,130.11471557617188,122.17973327636719,123.23136138916016,96.19252014160156,8259321.0
2020-03-04,IBM,125.79350280761719,128.374755859375,123.32695770263672,128.31739807128906,100.16258239746094,5226234.0
2020-03-05,IBM,124.76099395751953,126.47227478027344,122.8011474609375,123.85277557373047,96.67758178710938,5696725.0
2020-03-06,IBM,121.12810516357422,122.6864242553711,119.04397583007812,122.11280822753906,95.31940460205078,8570192.0
2020-03-09,IBM,114.87571716308594,117.02677154541016,112.12236785888672,112.62906646728516,87.91653442382812,11252345.0
2020-03-10,IBM,117.38050079345703,119.38814544677734,110.6692123413086,119.2829818725586,93.1104736328125,11935592.0
2020-03-11,IBM,115.68833923339844,117.18929290771484,111.26194763183594,112.78202819824219,88.03593444824219,8835039.0
2020-03-12,IBM,104.82791900634766,104.97132110595703,97.78202819824219,98.2887191772461,76.72267150878906,13088284.0
2020-03-13,IBM,103.90057373046875,104.35946655273438,96.37667083740234,103.20267486572266,80.55842590332031,13077197.0
2020-03-16,IBM,93.69024658203125,102.6864242553711,90.82218170166016,94.7227554321289,73.9391098022461,11054128.0
2020-03-17,IBM,96.18547058105469,102.67686462402344,92.82982635498047,101.95984649658203,79.58829498291016,9684182.0
2020-03-18,IBM,95.03823852539062,102.22753143310547,95.02867889404297,98.99617767333984,77.27490234375,9176035.0
2020-03-19,IBM,97.82982635498047,99.13002014160156,93.91969299316406,95.9273452758789,74.87942504882812,8782739.0
2020-03-20,IBM,96.4818344116211,96.54875946044922,90.54492950439453,91.19503021240234,71.18544006347656,11031639.0
2020-03-23,IBM,90.43977355957031,93.44168090820312,86.57743835449219,90.602294921875,70.72277069091797,10176952.0
2020-03-24,IBM,95.59273529052734,101.37667083740234,94.89483642578125,100.84130096435547,78.71517944335938,8340699.0
2020-03-25,IBM,100.84130096435547,107.53346252441406,98.3078384399414,101.19503021240234,78.99128723144531,9052084.0
2020-03-26,IBM,102.20841217041016,108.17399597167969,100.9273452758789,107.92543029785156,84.24493408203125,7482561.0
2020-03-27,IBM,103.80496978759766,106.5965576171875,102.9158706665039,103.27915954589844,80.61812591552734,6718458.0
2020-03-30,IBM,103.33651733398438,108.4703598022461,103.06883239746094,107.96366882324219,84.2748031616211,5820467.0
2020-03-31,IBM,107.07456970214844,108.80496978759766,105.3250503540039,106.05162811279297,82.78227233886719,6635092.0
2020-04-01,IBM,101.68260192871094,105.08604431152344,99.92351531982422,100.51625061035156,78.46143341064453,6394093.0
2020-04-02,IBM,100.73613739013672,105.46845245361328,100.51625061035156,105.16252136230469,82.08824920654297,6619820.0
2020-04-03,IBM,104.13002014160156,105.22944641113281,100.30592346191406,101.66348266601562,79.35694885253906,4747585.0
2020-04-06,IBM,105.49713134765625,110.54492950439453,105.28680419921875,109.77055358886719,85.68521881103516,7357773.0
2020-04-07,IBM,113.57552337646484,114.31166076660156,109.818359375,109.8852767944336,85.77477264404297,5852684.0
2020-04-08,IBM,111.19503021240234,114.68450927734375,110.00955963134766,114.04397583007812,89.0209732055664,5395896.0
2020-04-09,IBM,115.181640625,117.51434326171875,114.8852767944336,116.15679168701172,90.67021179199219,5832705.0
2020-04-13,IBM,116.28107452392578,116.44359588623047,112.84894561767578,115.82218170166016,90.40904235839844,5355206.0
2020-04-14,IBM,118.03059387207031,119.6749496459961,117.22753143310547,118.46080017089844,92.46868896484375,5322780.0
2020-04-15,IBM,113.88145446777344,114.9043960571289,111.62523651123047,113.4703598022461,88.57323455810547,5896616.0
2020-04-16,IBM,113.77629089355469,114.48374938964844,109.38814544677734,110.64053344726562,86.36431884765625,6754650.0
2020-04-17,IBM,114.05353546142578,115.0956039428711,112.73422241210938,114.83747863769531,89.64037322998047,5194436.0
2020-04-20,IBM,113.9101333618164,117.45697784423828,112.94454956054688,115.1147232055664,89.85679626464844,8558058.0
2020-04-21,IBM,108.98661804199219,111.99808502197266,107.13192749023438,111.62523651123047,87.13296508789062,15009054.0
2020-04-22,IBM,114.59847259521484,115.03823852539062,112.38050079345703,114.06309509277344,89.035888671875,7412479.0
2020-04-23,IBM,114.31166076660156,117.61949920654297,113.88145446777344,116.01338195800781,90.55827331542969,7198154.0
2020-04-24,IBM,117.02677154541016,119.50286865234375,115.44933319091797,119.23518371582031,93.07316589355469,5215251.0
2020-04-27,IBM,120.03823852539062,121.40535736083984,119.95220184326172,120.38240814208984,93.96865844726562,5150295.0
2020-04-28,IBM,122.39962005615234,122.56214141845703,119.86615753173828,120.7170181274414,94.2298812866211,4997893.0
2020-04-29,IBM,123.21223449707031,123.62332916259766,121.9216079711914,123.03059387207031,96.03580474853516,5499450.0
2020-04-30,IBM,120.95602416992188,121.67304229736328,119.71319580078125,120.03823852539062,93.70001220703125,6941047.0
2020-05-01,IBM,117.77246856689453,118.04015350341797,116.05162811279297,116.51051330566406,90.94632720947266,5152073.0
2020-05-04,IBM,115.5066909790039,116.60611724853516,114.13957977294922,116.32887268066406,90.80452728271484,4202723.0
2020-05-05,IBM,117.96366882324219,118.85277557373047,117.0841293334961,117.18929290771484,91.47616577148438,4078772.0
2020-05-06,IBM,117.82026672363281,118.59464263916016,117.02677154541016,117.75334930419922,91.91647338867188,4042372.0
2020-05-07,IBM,117.57170104980469,117.83938598632812,115.53536987304688,115.8986587524414,91.68201446533203,4615580.0
2020-05-08,IBM,117.27533721923828,117.81070709228516,115.73613739013672,117.58126068115234,93.0130386352539,5232615.0
2020-05-11,IBM,116.45315551757812,118.02103424072266,115.36328887939453,117.1988525390625,92.71052551269531,3697924.0
2020-05-12,IBM,117.60037994384766,118.85277557373047,114.97132110595703,114.97132110595703,90.94843292236328,5004587.0
2020-05-13,IBM,114.6749496459961,114.71319580078125,109.79923248291016,110.64053344726562,87.52256774902344,6153409.0
2020-05-14,IBM,109.53154754638672,111.94072723388672,106.8929214477539,111.806884765625,88.4452133178711,5501332.0
2020-05-15,IBM,110.83174133300781,112.22753143310547,110.181640625,111.83556365966797,88.46791076660156,5006470.0
2020-05-18,IBM,114.6080322265625,116.97896575927734,114.48374938964844,116.21414947509766,91.93158721923828,4399162.0
2020-05-19,IBM,115.86042022705078,116.79732513427734,114.85659790039062,115.0,90.97111511230469,3390191.0
2020-05-20,IBM,115.61185455322266,117.0841293334961,115.2963638305664,116.04206848144531,91.79546356201172,4017372.0
2020-05-21,IBM,115.6692123413086,116.36711120605469,113.73805236816406,113.88145446777344,90.08629608154297,4184941.0
2020-05-22,IBM,114.1204605102539,114.216064453125,112.41873931884766,113.18355560302734,89.53422546386719,4373117.0
2020-05-26,IBM,115.96558380126953,117.22753143310547,115.68833923339844,116.40535736083984,92.08283233642578,5720888.0
2020-05-27,IBM,118.48948669433594,120.2963638305664,118.04015350341797,120.01911926269531,94.94152069091797,5990965.0
2020-05-28,IBM,121.29063415527344,121.38623046875,118.75717163085938,119.05353546142578,94.1777114868164,4095404.0
2020-05-29,IBM,118.23136138916016,119.62715148925781,116.86424255371094,119.40726470947266,94.45751953125,8294675.0
2020-06-01,IBM,119.15869903564453,120.21988677978516,118.57552337646484,119.397705078125,94.44995880126953,3003798.0
2020-06-02,IBM,120.14340209960938,120.45889282226562,119.17781829833984,120.45889282226562,95.2894058227539,3115093.0
2020-06-03,IBM,121.55831909179688,123.90057373046875,121.4149169921875,123.37476348876953,97.59602355957031,4097914.0
2020-06-04,IBM,122.16061401367188,123.27915954589844,121.43403625488281,123.22179412841797,97.47501373291016,4042581.0
2020-06-05,IBM,128.0019073486328,128.32696533203125,125.95602416992188,126.25238800048828,99.87235260009766,6163764.0
2020-06-08,IBM,126.45315551757812,129.90440368652344,126.45315551757812,129.78012084960938,102.66300964355469,5617543.0
2020-06-09,IBM,127.64818572998047,127.72466278076172,125.25812530517578,126.07074737548828,99.72867584228516,5641706.0
2020-06-10,IBM,126.33843231201172,126.4149169921875,124.09178161621094,124.15869903564453,98.21614837646484,4952601.0
2020-06-11,IBM,120.4875717163086,120.55449676513672,112.65774536132812,112.82026672363281,89.24685668945312,12304726.0
2020-06-12,IBM,115.91778564453125,117.7055435180664,114.03441619873047,116.54875946044922,92.19628143310547,6506434.0
2020-06-15,IBM,113.94837188720703,116.988525390625,113.08795166015625,116.3001937866211,91.9996566772461,5385959.0
2020-06-16,IBM,119.50286865234375,121.8929214477539,117.74378967285156,119.64627075195312,94.64657592773438,5864608.0
2020-06-17,IBM,120.2963638305664,120.6978988647461,117.97322845458984,118.69024658203125,93.89030456542969,3302013.0
2020-06-18,IBM,117.5908203125,118.92925262451172,116.95028686523438,118.6998062133789,93.89788055419922,2997208.0
2020-06-19,IBM,120.62141418457031,121.24282836914062,116.8738021850586,117.0841293334961,92.61978149414062,8471554.0
2020-06-22,IBM,116.74951934814453,117.11280822753906,115.22944641113281,115.74569702148438,91.56100463867188,4993081.0
2020-06-23,IBM,116.64435577392578,117.4952163696289,113.98661804199219,114.15869903564453,90.30560302734375,6937700.0
2020-06-24,IBM,113.11663818359375,113.11663818359375,110.783935546875,111.3001937866211,88.04438781738281,7061546.0
2020-06-25,IBM,111.62523651123047,113.96749877929688,110.9942626953125,113.79541015625,90.01823425292969,6412608.0
2020-06-26,IBM,113.05927276611328,113.75717163085938,111.14722442626953,112.03633117675781,88.62670135498047,11244605.0
2020-06-29,IBM,112.79158782958984,114.5124282836914,112.20841217041016,114.48374938964844,90.56275177001953,4350837.0
2020-06-30,IBM,113.94837188720703,115.86997985839844,113.76673126220703,115.45889282226562,91.3341293334961,4099797.0
2020-07-01,IBM,114.98088073730469,115.8986587524414,113.16443634033203,113.32695770263672,89.64768981933594,4869967.0
2020-07-02,IBM,114.42638397216797,116.08030700683594,114.01529693603516,114.43594360351562,90.52494049072266,3919362.0
2020-07-06,IBM,115.91778564453125,116.49139404296875,114.20649719238281,114.9043960571289,90.89550018310547,4231488.0
2020-07-07,IBM,113.76673126220703,114.25430297851562,112.17017364501953,112.4091796875,88.9216537475586,4474893.0
2020-07-08,IBM,112.86807250976562,113.42256164550781,111.35755157470703,112.53346252441406,89.01996612548828,5431669.0
2020-07-09,IBM,112.81070709228516,112.81070709228516,110.13384246826172,110.62141418457031,87.50743103027344,4982098.0
2020-07-10,IBM,110.42064666748047,113.35564422607422,110.21988677978516,113.14531707763672,89.50398254394531,4482842.0
2020-07-13,IBM,114.5124282836914,115.6692123413086,113.44168090820312,113.95793151855469,90.14680480957031,4864632.0
2020-07-14,IBM,113.4034423828125,115.57361602783203,112.73422241210938,115.2963638305664,91.20556640625,4742982.0
2020-07-15,IBM,117.01720428466797,118.50860595703125,116.77820587158203,117.5908203125,93.02059936523438,4679176.0
2020-07-16,IBM,117.28489685058594,119.0057373046875,116.78776550292969,118.55640411376953,93.7844467163086,4530121.0
2020-07-17,IBM,118.91969299316406,120.10516357421875,117.78202819824219,119.6080322265625,94.6163330078125,4167892.0
2020-07-20,IBM,120.52581024169922,121.4818344116211,119.63671112060547,120.8126220703125,95.56922912597656,10384374.0
2020-07-21,IBM,125.3919677734375,126.35755157470703,120.26768493652344,120.51625061035156,95.33477020263672,16063004.0
2020-07-22,IBM,120.36328887939453,123.77629089355469,120.26768493652344,123.011474609375,97.30863952636719,8572388.0
2020-07-23,IBM,123.42256164550781,123.6806869506836,121.55831909179688,121.73040008544922,96.29524230957031,4414225.0
2020-07-24,IBM,120.91778564453125,122.03633117675781,119.98088073730469,120.25812530517578,95.1305923461914,3693531.0
2020-07-27,IBM,119.36902618408203,120.76481628417969,119.22562408447266,120.65965270996094,95.44821166992188,3905136.0
2020-07-28,IBM,120.28680419921875,120.783935546875,118.69024658203125,118.99617767333984,94.1323013305664,4370397.0
2020-07-29,IBM,119.08221435546875,120.44933319091797,118.61376953125,119.80879211425781,94.77513122558594,2963109.0
2020-07-30,IBM,118.26959991455078,118.45124053955078,116.29063415527344,117.4952163696289,92.94497680664062,4171553.0
2020-07-31,IBM,117.3135757446289,117.58126068115234,115.76481628417969,117.53346252441406,92.97525787353516,5519847.0
2020-08-03,IBM,118.06883239746094,118.93881225585938,116.77820587158203,118.84320831298828,94.01131439208984,3688301.0
2020-08-04,IBM,118.37476348876953,120.3250503540039,118.37476348876953,120.30592346191406,95.16840362548828,3625541.0
2020-08-05,IBM,121.15679168701172,121.17591094970703,119.13002014160156,119.93307495117188,94.87344360351562,3786102.0
2020-08-06,IBM,119.50286865234375,120.70745849609375,119.50286865234375,120.57361602783203,95.38016510009766,3574287.0
2020-08-07,IBM,118.06883239746094,119.56979370117188,117.79158782958984,119.46463012695312,95.74024963378906,3818946.0
2020-08-10,IBM,119.9043960571289,121.64435577392578,119.6749496459961,121.52007293701172,97.38751220703125,4150842.0
2020-08-11,IBM,123.0975112915039,124.73231506347656,121.04206848144531,121.17591094970703,97.1116943359375,5231255.0
2020-08-12,IBM,121.99808502197266,122.17017364501953,120.34416961669922,121.12810516357422,97.0733642578125,3692066.0
2020-08-13,IBM,120.42064666748047,120.83174133300781,119.2829818725586,119.53154754638672,95.79389190673828,3317180.0
2020-08-14,IBM,118.73805236816406,120.03823852539062,118.46080017089844,119.76099395751953,95.97777557373047,3099716.0
2020-08-17,IBM,119.74187469482422,120.06692504882812,118.93881225585938,118.96749877929688,95.34185028076172,3514665.0
2020-08-18,IBM,119.50286865234375,119.98088073730469,118.77629089355469,119.42638397216797,95.70960235595703,3014990.0
2020-08-19,IBM,119.34034729003906,119.98088073730469,118.06883239746094,118.39388275146484,94.88214111328125,3916119.0
2020-08-20,IBM,117.78202819824219,118.5850830078125,117.4091796875,117.73422241210938,94.35350036621094,2679015.0
2020-08-21,IBM,117.60037994384766,118.04971313476562,116.93116760253906,117.74378967285156,94.36116027832031,3540815.0
2020-08-24,IBM,118.34607696533203,120.51625061035156,117.93498992919922,120.15296173095703,96.2918930053711,4258057.0
2020-08-25,IBM,120.45889282226562,121.24282836914062,119.01529693603516,119.15869903564453,95.49507904052734,3114674.0
2020-08-26,IBM,119.45507049560547,119.61759185791016,118.4990463256836,118.70936584472656,95.1349868774414,3544162.0
2020-08-27,IBM,119.1204605102539,119.59847259521484,118.52772521972656,119.16825866699219,95.50273132324219,3580144.0
2020-08-28,IBM,119.46463012695312,119.7896728515625,118.75717163085938,119.56979370117188,95.82453155517578,3242182.0
2020-08-31,IBM,119.74187469482422,119.74187469482422,117.61949920654297,117.88719177246094,94.47607421875,5049983.0
2020-09-01,IBM,117.44741821289062,118.4990463256836,116.77820587158203,117.97322845458984,94.54502868652344,3300444.0
2020-09-02,IBM,118.27915954589844,123.04015350341797,118.14531707763672,122.54302215576172,98.20732116699219,6895650.0
2020-09-03,IBM,122.55258178710938,124.23518371582031,118.21223449707031,118.97705841064453,95.34951782226562,5979773.0
2020-09-04,IBM,118.88145446777344,119.83747863769531,115.90821838378906,116.9216079711914,93.70223236083984,6295037.0
2020-09-08,IBM,116.78776550292969,117.46653747558594,115.40152740478516,115.8795394897461,92.86713409423828,5449974.0
2020-09-09,IBM,116.75907897949219,118.26004028320312,115.95602416992188,116.88336181640625,93.67159271240234,3944152.0
2020-09-10,IBM,117.14149475097656,118.14531707763672,114.95220184326172,115.25812530517578,92.36910247802734,4161406.0
2020-09-11,IBM,116.05162811279297,117.30401611328125,115.42064666748047,116.11854553222656,93.05867004394531,3711313.0
2020-09-14,IBM,116.97896575927734,117.95410919189453,116.40535736083984,116.72084045410156,93.54134368896484,3809009.0
2020-09-15,IBM,117.41873931884766,117.97322845458984,116.86424255371094,117.05545043945312,93.80952453613281,3049299.0
2020-09-16,IBM,117.3135757446289,120.28680419921875,117.3135757446289,118.75717163085938,95.17328643798828,3962666.0
2020-09-17,IBM,117.22753143310547,120.02867889404297,116.60611724853516,119.42638397216797,95.70960235595703,3317180.0
2020-09-18,IBM,118.79541015625,119.42638397216797,117.25621032714844,117.36137390136719,94.0546875,5639614.0
2020-09-21,IBM,115.181640625,115.3919677734375,113.36520385742188,114.96176147460938,92.1316146850586,5555724.0
2020-09-22,IBM,115.03823852539062,116.1089859008789,114.27342224121094,115.2103271484375,92.33081817626953,3093859.0
2020-09-23,IBM,115.4875717163086,116.24282836914062,113.22179412841797,113.60420989990234,91.04363250732422,4120612.0
2020-09-24,IBM,112.90631103515625,114.26386260986328,111.35755157470703,112.8967514038086,90.47669219970703,3709325.0
2020-09-25,IBM,112.42829895019531,114.15869903564453,111.79732513427734,113.71892547607422,91.13560485839844,3089570.0
2020-09-28,IBM,115.26768493652344,116.95028686523438,115.1147232055664,116.37667083740234,93.2655258178711,3670623.0
2020-09-29,IBM,116.07074737548828,116.81644439697266,114.92351531982422,115.62141418457031,92.66026306152344,2203504.0
2020-09-30,IBM,116.04206848144531,117.5047836303711,115.4875717163086,116.3193130493164,93.21956634521484,3411111.0
2020-10-01,IBM,116.97896575927734,117.87763214111328,115.06692504882812,115.76481628417969,92.77518463134766,3359438.0
2020-10-02,IBM,113.80496978759766,116.39579010009766,113.59464263916016,115.26768493652344,92.37678527832031,3059759.0
2020-10-05,IBM,116.4818344116211,117.35181427001953,115.72657775878906,116.64435577392578,93.48007202148438,3190823.0
2020-10-06,IBM,117.18929290771484,119.34034729003906,116.24282836914062,116.60611724853516,93.44943237304688,4050426.0
2020-10-07,IBM,117.27533721923828,118.91969299316406,116.94072723388672,118.61376953125,95.05835723876953,2944908.0
2020-10-08,IBM,125.10516357421875,129.54110717773438,124.06309509277344,125.70745849609375,100.74331665039062,26452189.0
2020-10-09,IBM,126.19503021240234,126.19503021240234,121.988525390625,122.17017364501953,97.90850067138672,8737970.0
2020-10-12,IBM,122.43785858154297,122.60993957519531,120.8795394897461,121.61567687988281,97.46414184570312,4848315.0
2020-10-13,IBM,121.00382232666016,121.55831909179688,118.98661804199219,119.59847259521484,95.84752655029297,5654781.0
2020-10-14,IBM,119.62715148925781,121.35755157470703,119.62715148925781,120.40152740478516,96.49109649658203,3899593.0
2020-10-15,IBM,118.62332916259766,119.71319580078125,118.4034423828125,119.397705078125,95.68663787841797,3541024.0
2020-10-16,IBM,119.66539001464844,120.86997985839844,119.17781829833984,120.3919677734375,96.48343658447266,4927078.0
2020-10-19,IBM,121.22370910644531,121.74951934814453,119.57935333251953,120.0,96.1693115234375,7822720.0
2020-10-20,IBM,114.53154754638672,114.86615753173828,111.70172119140625,112.20841217041016,89.92503356933594,22490151.0
2020-10-21,IBM,111.5296401977539,112.51434326171875,109.74187469482422,110.0,88.15520477294922,10204044.0
2020-10-22,IBM,109.94264221191406,110.95602416992188,108.011474609375,110.6692123413086,88.69152069091797,8217167.0
2020-10-23,IBM,111.37667083740234,111.49139404296875,110.44933319091797,110.8986587524414,88.87541198730469,4072496.0
2020-10-26,IBM,109.41682434082031,109.84703826904297,106.9216079711914,107.28489685058594,85.97928619384766,7534756.0
2020-10-27,IBM,107.21797180175781,107.28489685058594,105.19120788574219,105.6978988647461,84.70742797851562,6209161.0
2020-10-28,IBM,103.88145446777344,104.9043960571289,101.26194763183594,101.95984649658203,81.71173858642578,9860956.0
2020-10-29,IBM,102.53346252441406,104.818359375,101.86424255371094,104.1204605102539,83.44328308105469,7071169.0
2020-10-30,IBM,103.15487670898438,106.88336181640625,103.011474609375,106.74951934814453,85.55023956298828,8285889.0
2020-11-02,IBM,107.69598388671875,108.82408905029297,107.3135757446289,107.94454956054688,86.50794219970703,5555829.0
2020-11-03,IBM,108.98661804199219,110.56405639648438,108.63288879394531,109.13957977294922,87.46564483642578,4397698.0
2020-11-04,IBM,107.39006042480469,108.90057373046875,106.2715072631836,106.97896575927734,85.73411560058594,6066905.0
2020-11-05,IBM,108.31739807128906,110.21988677978516,108.04015350341797,109.7227554321289,87.93301391601562,5127701.0
2020-11-06,IBM,110.01911926269531,110.03823852539062,108.4034423828125,109.02485656738281,87.37371063232422,5490663.0
2020-11-09,IBM,112.69598388671875,114.47418975830078,110.20076751708984,110.44933319091797,89.798828125,9405841.0
2020-11-10,IBM,111.55831909179688,112.97322845458984,111.13766479492188,112.72466278076172,91.64872741699219,5881449.0
2020-11-11,IBM,112.92543029785156,113.14531707763672,111.1089859008789,112.04589080810547,91.09687805175781,4486922.0
2020-11-12,IBM,110.54492950439453,111.25238800048828,108.48948669433594,109.46463012695312,88.99822998046875,6797117.0
2020-11-13,IBM,110.12428283691406,112.20841217041016,109.95220184326172,111.7112808227539,90.8248062133789,4898000.0
2020-11-16,IBM,113.0975112915039,113.33651733398438,111.96940612792969,113.15487670898438,91.99850463867188,5536896.0
2020-11-17,IBM,112.42829895019531,113.32695770263672,111.9216079711914,112.5239028930664,91.48551177978516,4324687.0
2020-11-18,IBM,112.54302215576172,113.65200805664062,111.61567687988281,111.63479614257812,90.76264953613281,4818713.0
2020-11-19,IBM,111.4149169921875,112.28489685058594,110.79350280761719,112.02677154541016,91.08131408691406,3597822.0
2020-11-20,IBM,112.42829895019531,112.84894561767578,111.55831909179688,111.79732513427734,90.89478302001953,5255418.0
2020-11-23,IBM,112.26577758789062,115.21988677978516,112.11280822753906,114.80879211425781,93.34320068359375,5910318.0
2020-11-24,IBM,115.54492950439453,119.24474334716797,115.49713134765625,118.94837188720703,96.70880889892578,8109115.0
2020-11-25,IBM,117.5239028930664,118.86233520507812,116.73995971679688,118.73805236816406,96.53779602050781,4326151.0
2020-11-27,IBM,118.73805236816406,119.79923248291016,118.46080017089844,118.88145446777344,96.6544189453125,2187395.0
2020-11-30,IBM,118.64244842529297,119.50286865234375,117.67686462402344,118.08795166015625,96.0092544555664,6263448.0
2020-12-01,IBM,118.45124053955078,120.2963638305664,117.66730499267578,117.74378967285156,95.72944641113281,5553319.0
2020-12-02,IBM,117.44741821289062,119.15869903564453,117.02677154541016,119.13957977294922,96.86427307128906,3860472.0
2020-12-03,IBM,118.6998062133789,119.36902618408203,117.86807250976562,118.17399597167969,96.07920837402344,4757417.0
2020-12-04,IBM,118.5181655883789,121.77820587158203,118.20267486572266,121.60611724853516,98.8696517944336,5776849.0
2020-12-07,IBM,120.9273452758789,121.38623046875,119.09178161621094,119.216064453125,96.92644500732422,8701151.0
2020-12-08,IBM,119.80879211425781,120.77437591552734,119.15869903564453,120.181640625,97.71147918701172,5643170.0
2020-12-09,IBM,120.26768493652344,122.07456970214844,120.17208099365234,121.21414947509766,98.55096435546875,6813121.0
2020-12-10,IBM,120.79350280761719,121.34799194335938,119.44550323486328,119.46463012695312,97.12853240966797,5024147.0
2020-12-11,IBM,118.62332916259766,119.99044036865234,118.17399597167969,118.80496978759766,96.59222412109375,4687544.0
2020-12-14,IBM,119.80879211425781,120.68833923339844,118.04015350341797,118.0975112915039,96.01703643798828,5282300.0
2020-12-15,IBM,118.91969299316406,120.3919677734375,118.011474609375,120.3919677734375,97.88249969482422,4556585.0
2020-12-16,IBM,120.3919677734375,121.00382232666016,119.78011322021484,120.02867889404297,97.58712768554688,4738485.0
2020-12-17,IBM,120.53536987304688,120.54492950439453,119.41682434082031,120.02867889404297,97.58712768554688,3962248.0
2020-12-18,IBM,120.06692504882812,120.84130096435547,119.47418975830078,120.31549072265625,97.8203125,7900229.0
2020-12-21,IBM,118.5181655883789,118.71892547607422,116.36711120605469,117.96366882324219,95.90821838378906,6397022.0
2020-12-22,IBM,117.88719177246094,118.75717163085938,117.02677154541016,118.17399597167969,96.07920837402344,4535561.0
2020-12-23,IBM,118.43212127685547,119.7036361694336,118.29827880859375,118.45124053955078,96.30463409423828,2817819.0
2020-12-24,IBM,119.50286865234375,119.59847259521484,118.74761199951172,119.20649719238281,96.91866302490234,1842111.0
2020-12-28,IBM,119.59847259521484,121.03250122070312,118.98661804199219,119.3307876586914,97.01972198486328,3781499.0
2020-12-29,IBM,119.83747863769531,119.96176147460938,117.82026672363281,118.35564422607422,96.22689056396484,3647402.0
2020-12-30,IBM,118.35564422607422,119.35946655273438,118.193115234375,118.87189483642578,96.64662170410156,3535794.0
2020-12-31,IBM,118.75717163085938,120.4875717163086,118.53728485107422,120.34416961669922,97.8436279296875,3738822.0
2021-01-04,IBM,120.31549072265625,120.38240814208984,117.62906646728516,118.48948669433594,96.3357162475586,5417443.0
2021-01-05,IBM,119.5124282836914,121.1089859008789,119.13002014160156,120.59273529052734,98.04573059082031,6395872.0
2021-01-06,IBM,121.3193130493164,126.08030700683594,121.14722442626953,123.60420989990234,100.49414825439453,8322708.0
2021-01-07,IBM,124.32122039794922,124.7227554321289,122.61949920654297,123.31739807128906,100.26094818115234,4714740.0
2021-01-08,IBM,122.9158706665039,123.63288879394531,121.39579010009766,122.87763214111328,99.90340423583984,4891305.0
2021-01-11,IBM,122.32313537597656,123.97705841064453,122.04589080810547,122.92543029785156,99.94226837158203,5859587.0
2021-01-12,IBM,123.41300201416016,124.13957977294922,122.3135757446289,123.52772521972656,100.43195343017578,3921663.0
2021-01-13,IBM,123.4703598022461,124.04397583007812,120.8986587524414,121.33843231201172,98.65199279785156,8030874.0
2021-01-14,IBM,122.39006042480469,124.43594360351562,121.94072723388672,123.29827880859375,100.24541473388672,7848347.0
2021-01-15,IBM,122.63862609863281,123.55640411376953,122.05545043945312,122.74378967285156,99.79460906982422,5131153.0
2021-01-19,IBM,123.59464263916016,123.8910140991211,122.45697784423828,123.34607696533203,100.2842788696289,5646308.0
2021-01-20,IBM,123.99617767333984,125.2963638305664,122.90631103515625,124.35946655273438,101.10819244384766,5856240.0
2021-01-21,IBM,124.397705078125,126.42447662353516,124.3307876586914,125.86042022705078,102.32853698730469,13116003.0
2021-01-22,IBM,115.3919677734375,115.3919677734375,112.1988525390625,113.39388275146484,92.19284057617188,39814421.0
2021-01-25,IBM,113.53728485107422,114.2829818725586,112.28489685058594,113.36520385742188,92.16950988769531,14315974.0
2021-01-26,IBM,113.93881225585938,117.1988525390625,113.21223449707031,117.1032485961914,95.20865631103516,11186656.0
2021-01-27,IBM,116.7112808227539,119.3021011352539,116.2715072631836,117.0841293334961,95.193115234375,12705239.0
2021-01-28,IBM,117.39962005615234,117.78202819824219,114.7896728515625,114.79923248291016,93.33540344238281,8455969.0
2021-01-29,IBM,114.93307495117188,115.96558380126953,113.67112731933594,113.87189483642578,92.58145141601562,12369473.0
2021-02-01,IBM,114.62715148925781,115.63097381591797,113.50860595703125,115.23900604248047,93.69297790527344,6538023.0
2021-02-02,IBM,114.11090087890625,115.67877960205078,114.03441619873047,114.1873779296875,92.83797454833984,6633627.0
2021-02-03,IBM,113.80496978759766,114.53154754638672,112.92543029785156,113.88145446777344,92.5892333984375,7024308.0
2021-02-04,IBM,114.63671112060547,115.77437591552734,113.64244842529297,115.6978988647461,94.06607055664062,4771957.0
2021-02-05,IBM,115.67877960205078,116.45315551757812,115.21988677978516,116.43403625488281,94.6645736694336,4775722.0
2021-02-08,IBM,117.22753143310547,118.52772521972656,117.01720428466797,118.17399597167969,96.07920837402344,6158848.0
2021-02-09,IBM,116.53919982910156,117.20841217041016,115.72657775878906,116.73040008544922,96.17373657226562,4933982.0
2021-02-10,IBM,117.61949920654297,117.98279571533203,115.8795394897461,116.86424255371094,96.28399658203125,5090673.0
2021-02-11,IBM,116.63479614257812,116.83556365966797,115.3250503540039,115.59273529052734,95.23641967773438,5629154.0
2021-02-12,IBM,115.67877960205078,116.02294158935547,114.80879211425781,115.4875717163086,95.14977264404297,4049275.0
2021-02-16,IBM,114.86615753173828,115.2963638305664,114.11090087890625,114.7896728515625,94.57476043701172,6945231.0
2021-02-17,IBM,114.02485656738281,115.25812530517578,113.78585052490234,114.69407653808594,94.49600219726562,4141219.0
2021-02-18,IBM,115.20076751708984,115.62141418457031,114.43594360351562,115.42064666748047,95.09465026855469,5646413.0
2021-02-19,IBM,115.43977355957031,115.44933319091797,113.17399597167969,113.75717163085938,93.72410583496094,6881320.0
2021-02-22,IBM,113.2887191772461,115.80306243896484,113.23136138916016,115.54492950439453,95.19702911376953,6149643.0
2021-02-23,IBM,115.602294921875,116.01338195800781,114.53154754638672,115.40152740478516,95.07887268066406,4739740.0
2021-02-24,IBM,115.4875717163086,118.05927276611328,115.21988677978516,117.79158782958984,97.04804229736328,6087720.0
2021-02-25,IBM,117.94454956054688,118.88145446777344,116.95984649658203,117.0841293334961,96.46516418457031,5953623.0
2021-02-26,IBM,116.8738021850586,116.8738021850586,113.65200805664062,113.6998062133789,93.67681884765625,9467346.0
2021-03-01,IBM,115.05735778808594,116.94072723388672,114.58891296386719,115.43020629882812,95.1025161743164,5977367.0
2021-03-02,IBM,115.43020629882812,116.53919982910156,114.97132110595703,115.03823852539062,94.7795639038086,4732418.0
2021-03-03,IBM,115.20076751708984,117.23709106445312,114.7036361694336,116.97896575927734,96.37852478027344,7744898.0
2021-03-04,IBM,116.63479614257812,117.8011474609375,113.53728485107422,114.82791900634766,94.60628509521484,8439651.0
2021-03-05,IBM,115.33460998535156,118.3078384399414,114.96176147460938,117.42829895019531,96.74872589111328,7268968.0
2021-03-08,IBM,117.58126068115234,121.2715072631836,117.4760971069336,119.32122039794922,98.30830383300781,7572203.0
2021-03-09,IBM,119.8852767944336,120.86997985839844,118.6998062133789,118.71892547607422,97.81207275390625,5867014.0
2021-03-10,IBM,119.55066680908203,122.60037994384766,119.13002014160156,122.24665069580078,100.71855163574219,7581199.0
2021-03-11,IBM,122.45697784423828,122.98279571533203,121.20458984375,121.54875946044922,100.14356994628906,5383657.0
2021-03-12,IBM,121.5965576171875,122.06501007080078,121.04206848144531,121.99808502197266,100.51375579833984,4194565.0
2021-03-15,IBM,122.15105438232422,123.08795166015625,121.93116760253906,122.92543029785156,101.27778625488281,3577948.0
2021-03-16,IBM,122.63862609863281,122.86807250976562,121.73995971679688,122.60037994384766,101.00997924804688,4867247.0
2021-03-17,IBM,122.81070709228516,123.79541015625,121.88336181640625,123.35564422607422,101.63223266601562,4488804.0
2021-03-18,IBM,123.26959991455078,125.23900604248047,122.17017364501953,124.34034729003906,102.44352722167969,6104142.0
2021-03-19,IBM,124.3021011352539,124.7036361694336,122.87763214111328,123.23136138916016,101.52984619140625,10297870.0
2021-03-22,IBM,122.84894561767578,124.97132110595703,122.26577758789062,124.80879211425781,102.82948303222656,4356485.0
2021-03-23,IBM,124.7036361694336,125.77437591552734,124.09178161621094,124.7227554321289,102.75859832763672,4556794.0
2021-03-24,IBM,125.19120788574219,126.3001937866211,124.82791900634766,124.87571716308594,102.8846206665039,4189230.0
2021-03-25,IBM,124.59847259521484,127.38050079345703,124.06309509277344,127.21797180175781,104.81439971923828,5809484.0
2021-03-26,IBM,127.42829895019531,130.47801208496094,127.26577758789062,130.38241577148438,107.42156219482422,5823710.0
2021-03-29,IBM,130.0,131.0420684814453,129.55067443847656,129.88528442382812,107.0119857788086,4835344.0
2021-03-30,IBM,129.88528442382812,130.27725219726562,128.12619018554688,128.79541015625,106.11404418945312,5010758.0
2021-03-31,IBM,128.62332153320312,128.78585815429688,126.8738021850586,127.39962005615234,104.96406555175781,5172575.0
2021-04-01,IBM,127.87763214111328,128.04014587402344,126.45315551757812,127.37093353271484,104.9404296875,4261404.0
2021-04-05,IBM,127.76290893554688,130.67877197265625,127.53346252441406,129.9521942138672,107.06710052490234,5722980.0
2021-04-06,IBM,129.61758422851562,129.67495727539062,128.193115234375,128.31739807128906,105.72020721435547,3787566.0
2021-04-07,IBM,127.95410919189453,129.0057373046875,127.8967514038086,128.9961700439453,106.2794418334961,3112896.0
2021-04-08,IBM,128.65200805664062,129.66539001464844,128.26004028320312,129.17782592773438,106.42913055419922,4275211.0
2021-04-09,IBM,128.93881225585938,129.7705535888672,128.78585815429688,129.76100158691406,106.90959167480469,3162999.0
2021-04-12,IBM,129.08221435546875,129.4168243408203,127.96366882324219,128.67112731933594,106.01164245605469,3926684.0
2021-04-13,IBM,127.15105438232422,127.74378967285156,124.64627075195312,125.41108703613281,103.32572174072266,8403041.0
2021-04-14,IBM,125.53536987304688,126.94072723388672,124.78011322021484,126.79732513427734,104.46781921386719,6137928.0
2021-04-15,IBM,127.41873931884766,127.98279571533203,126.40535736083984,126.74951934814453,104.42843627929688,4062664.0
2021-04-16,IBM,127.15105438232422,128.2026824951172,127.1032485961914,127.71510314941406,105.22399139404297,5535223.0
2021-04-19,IBM,127.72466278076172,127.93498992919922,126.74951934814453,127.26577758789062,104.85376739501953,8575736.0
2021-04-20,IBM,131.0420684814453,133.62332153320312,130.68833923339844,132.08413696289062,108.82363891601562,16192708.0
2021-04-21,IBM,131.988525390625,137.4091796875,131.65391540527344,137.23709106445312,113.0691146850586,12456814.0
2021-04-22,IBM,137.3804931640625,138.374755859375,134.7992401123047,135.06692504882812,111.28111267089844,7428064.0
2021-04-23,IBM,135.09559631347656,137.29444885253906,134.75143432617188,136.16635131835938,112.18692016601562,4765576.0
2021-04-26,IBM,136.1567840576172,137.31358337402344,135.2581329345703,135.3441619873047,111.50955200195312,4927497.0
2021-04-27,IBM,135.45889282226562,136.29063415527344,134.5602264404297,135.7648162841797,111.85612487792969,4062664.0
2021-04-28,IBM,136.63479614257812,137.09368896484375,135.85086059570312,136.71128845214844,112.63592529296875,3941433.0
2021-04-29,IBM,137.7915802001953,142.1988525390625,136.69215393066406,137.89674377441406,113.61258697509766,4554179.0
2021-04-30,IBM,137.3804931640625,137.50477600097656,134.3690185546875,135.64053344726562,111.75370788574219,9280321.0
2021-05-03,IBM,137.48565673828125,139.34034729003906,137.23709106445312,138.3843231201172,114.01433563232422,5997241.0
2021-05-04,IBM,138.0592803955078,140.14340209960938,137.9827880859375,139.34034729003906,114.80198669433594,6642623.0
2021-05-05,IBM,139.52198791503906,139.52198791503906,138.5946502685547,138.83364868164062,114.384521484375,5229895.0
2021-05-06,IBM,138.87188720703125,141.97897338867188,138.79541015625,141.89292907714844,116.90504455566406,7848661.0
2021-05-07,IBM,139.50286865234375,139.71319580078125,138.2122344970703,139.06309509277344,115.85372161865234,7325661.0
2021-05-10,IBM,139.3881378173828,141.8546905517578,139.3881378173828,139.7418670654297,116.419189453125,7304636.0
2021-05-11,IBM,138.61376953125,138.8049774169922,136.6156768798828,137.87762451171875,114.86611938476562,7454214.0
2021-05-12,IBM,137.51434326171875,137.81069946289062,134.93307495117188,135.08604431152344,112.5404052734375,6233742.0
2021-05-13,IBM,135.2294464111328,138.52772521972656,135.06692504882812,137.829833984375,114.82625579833984,4807207.0
2021-05-14,IBM,138.72848510742188,139.28298950195312,137.62905883789062,138.31739807128906,115.23246765136719,2873780.0
2021-05-17,IBM,138.08795166015625,139.3881378173828,137.9827880859375,138.72848510742188,115.57494354248047,4471755.0
2021-05-18,IBM,138.41299438476562,138.91014099121094,136.93116760253906,137.58126831054688,114.61919403076172,4000009.0
2021-05-19,IBM,136.06118774414062,136.90248107910156,134.72274780273438,136.89292907714844,114.04573822021484,4498532.0
2021-05-20,IBM,136.8260040283203,138.53729248046875,135.90821838378906,137.55258178710938,114.59529113769531,4301675.0
2021-05-21,IBM,137.93499755859375,139.29254150390625,137.93499755859375,138.374755859375,115.28024291992188,4219041.0
2021-05-24,IBM,138.68069458007812,138.9961700439453,137.83938598632812,138.3556365966797,115.26433563232422,3449290.0
2021-05-25,IBM,138.54684448242188,138.62332153320312,136.90248107910156,137.46653747558594,114.52359771728516,4118311.0
2021-05-26,IBM,137.18930053710938,137.65774536132812,136.74952697753906,137.07456970214844,114.19708251953125,3225655.0
2021-05-27,IBM,137.49522399902344,138.4034423828125,137.31358337402344,137.49522399902344,114.54750061035156,5889294.0
2021-05-28,IBM,137.86807250976562,137.9827880859375,137.1797332763672,137.41873168945312,114.48379516601562,2651192.0
2021-06-01,IBM,138.62332153320312,139.4168243408203,137.4282989501953,137.8489532470703,114.84219360351562,2528705.0
2021-06-02,IBM,138.26004028320312,139.34034729003906,137.7724609375,139.31166076660156,116.06080627441406,2915097.0
2021-06-03,IBM,138.53729248046875,139.46463012695312,137.70555114746094,139.14913940429688,115.92539978027344,4320608.0
2021-06-04,IBM,139.579345703125,141.06118774414062,139.3498992919922,140.93690490722656,117.414794921875,3261323.0
2021-06-07,IBM,141.06118774414062,142.1988525390625,140.69789123535156,141.51051330566406,117.89264678955078,3621984.0
2021-06-08,IBM,141.6061248779297,143.5946502685547,141.6061248779297,142.51434326171875,118.72895050048828,5313785.0
2021-06-09,IBM,142.47610473632812,144.4263916015625,142.27532958984375,144.04397583007812,120.00326538085938,5547252.0
2021-06-10,IBM,144.8087921142578,146.11854553222656,143.1739959716797,143.91969299316406,119.8997573852539,4977391.0
2021-06-11,IBM,143.8145294189453,145.17208862304688,143.75717163085938,144.6271514892578,120.48914337158203,3596462.0
2021-06-14,IBM,144.08221435546875,144.3881378173828,142.12237548828125,143.43212890625,119.49353790283203,3498661.0
2021-06-15,IBM,143.26004028320312,143.31739807128906,142.06500244140625,142.7915802001953,118.95993041992188,2628912.0
2021-06-16,IBM,143.1739959716797,143.1739959716797,140.74569702148438,141.32887268066406,117.74132537841797,4057329.0
2021-06-17,IBM,141.06118774414062,141.5487518310547,138.89100646972656,139.1969451904297,115.9652328491211,4568300.0
2021-06-18,IBM,138.12619018554688,138.31739807128906,136.74952697753906,136.8260040283203,113.98998260498047,9577699.0
2021-06-21,IBM,137.7724609375,140.602294921875,137.72467041015625,140.2007598876953,116.80146789550781,4482633.0
2021-06-22,IBM,140.07647705078125,140.35372924804688,138.9579315185547,139.92352294921875,116.57052612304688,2549102.0
2021-06-23,IBM,139.9904327392578,140.05735778808594,138.2122344970703,138.25047302246094,115.17671966552734,3349920.0
2021-06-24,IBM,139.3881378173828,139.76100158691406,138.32696533203125,139.04397583007812,115.83777618408203,3775746.0
2021-06-25,IBM,138.9866180419922,140.46844482421875,138.57553100585938,140.38241577148438,116.95283508300781,3759533.0
2021-06-28,IBM,140.54493713378906,140.82217407226562,138.53729248046875,138.90057373046875,115.71830749511719,4067789.0
2021-06-29,IBM,138.87188720703125,140.28680419921875,138.71893310546875,139.14913940429688,115.92539978027344,2540211.0
2021-06-30,IBM,138.7476043701172,140.46844482421875,138.34608459472656,140.14340209960938,116.75371551513672,3394375.0
2021-07-01,IBM,140.49713134765625,141.0133819580078,140.12428283691406,140.38241577148438,116.95283508300781,2809661.0
2021-07-02,IBM,140.44932556152344,140.48757934570312,133.32696533203125,133.86233520507812,111.52092742919922,17584515.0
2021-07-06,IBM,133.83364868164062,134.24473571777344,131.07073974609375,132.67686462402344,110.53334045410156,8466010.0
2021-07-07,IBM,132.65774536132812,134.15870666503906,132.65774536132812,133.67112731933594,111.36165618896484,4246446.0
2021-07-08,IBM,131.72084045410156,135.09559631347656,131.6061248779297,134.55067443847656,112.09440612792969,5739820.0
2021-07-09,IBM,135.2294464111328,135.73614501953125,134.64627075195312,135.29637145996094,112.71563720703125,4083689.0
2021-07-12,IBM,135.2103271484375,135.71701049804688,133.9579315185547,134.72274780273438,112.23776245117188,3496360.0
2021-07-13,IBM,134.72274780273438,134.72274780273438,133.48948669433594,134.11090087890625,111.72803497314453,3309858.0
2021-07-14,IBM,134.53155517578125,134.5602264404297,132.8202667236328,133.67112731933594,111.36165618896484,4606061.0
2021-07-15,IBM,133.193115234375,134.28298950195312,132.69598388671875,134.27342224121094,111.86341857910156,3807126.0
2021-07-16,IBM,134.7992401123047,134.7992401123047,132.49522399902344,132.7915802001953,110.62889862060547,4298328.0
2021-07-19,IBM,130.44932556152344,132.3996124267578,130.21987915039062,131.8546905517578,109.84838104248047,8977086.0
2021-07-20,IBM,136.71128845214844,138.54684448242188,132.6003875732422,133.8145294189453,111.4811019897461,14237838.0
2021-07-21,IBM,133.8145294189453,135.17208862304688,133.50860595703125,135.08604431152344,112.5404052734375,5024984.0
2021-07-22,IBM,135.43020629882812,135.5736083984375,134.2351837158203,134.52198791503906,112.07050323486328,3466653.0
2021-07-23,IBM,134.76100158691406,135.46844482421875,134.15870666503906,135.12428283691406,112.57225799560547,4680013.0
2021-07-26,IBM,135.17208862304688,136.71128845214844,134.92352294921875,136.49139404296875,113.71121215820312,4441630.0
2021-07-27,IBM,136.26194763183594,137.32313537597656,135.3728485107422,136.47227478027344,113.69529724121094,3281302.0
2021-07-28,IBM,136.72084045410156,136.806884765625,135.4110870361328,135.53536987304688,112.91475677490234,2660815.0
2021-07-29,IBM,136.07073974609375,136.67303466796875,135.3728485107422,135.68833923339844,113.04216003417969,2793761.0
2021-07-30,IBM,135.29637145996094,135.6118621826172,134.5984649658203,134.76100158691406,112.26961517333984,3698238.0
2021-08-02,IBM,135.2294464111328,136.76864624023438,134.82791137695312,135.2007598876953,112.635986328125,3064257.0
2021-08-03,IBM,135.65965270996094,138.33651733398438,135.420654296875,137.73422241210938,114.7466049194336,4272596.0
2021-08-04,IBM,137.47610473632812,137.83938598632812,136.20458984375,136.48184204101562,113.70325469970703,2960285.0
2021-08-05,IBM,136.73995971679688,137.10325622558594,135.965576171875,136.49139404296875,113.71121215820312,2884240.0
2021-08-06,IBM,136.71128845214844,138.04014587402344,136.6061248779297,137.7533416748047,114.76256561279297,4002833.0
2021-08-09,IBM,135.9464569091797,136.2332763671875,134.7705535888672,135.03823852539062,113.79580688476562,5129689.0
2021-08-10,IBM,135.0,135.5736083984375,134.1682586669922,135.1625213623047,113.90052795410156,5543695.0
2021-08-11,IBM,135.54493713378906,136.49139404296875,135.27725219726562,135.87954711914062,114.5047607421875,4455960.0
2021-08-12,IBM,136.0038299560547,136.8546905517578,135.8317413330078,136.7781982421875,115.26203918457031,2184780.0
2021-08-13,IBM,136.3671112060547,137.26577758789062,136.1759033203125,136.88336181640625,115.35066223144531,1997965.0
2021-08-16,IBM,136.93116760253906,137.41873168945312,135.9751434326172,137.27532958984375,115.68096923828125,2913319.0
2021-08-17,IBM,136.71128845214844,136.86424255371094,134.88528442382812,136.1567840576172,114.73835754394531,3215195.0
2021-08-18,IBM,135.4397735595703,135.67877197265625,133.26004028320312,133.33651733398438,112.36177062988281,3672192.0
2021-08-19,IBM,132.5908203125,133.31739807128906,131.1759033203125,131.95028686523438,111.193603515625,4351465.0
2021-08-20,IBM,131.68260192871094,133.25047302246094,131.2332763671875,132.9923553466797,112.07173919677734,2780059.0
2021-08-23,IBM,133.47991943359375,133.9866180419922,132.69598388671875,133.47991943359375,112.48262023925781,3179422.0
2021-08-24,IBM,133.6328887939453,134.06309509277344,133.193115234375,133.69024658203125,112.65984344482422,2474418.0
2021-08-25,IBM,133.7667236328125,134.6080322265625,133.32696533203125,133.70936584472656,112.67594909667969,2105389.0
2021-08-26,IBM,133.8145294189453,134.6080322265625,132.6099395751953,132.67686462402344,111.80589294433594,2613640.0
2021-08-27,IBM,132.6099395751953,133.4512481689453,132.31358337402344,133.27915954589844,112.31341552734375,2572637.0
2021-08-30,IBM,133.36520385742188,133.72848510742188,132.71510314941406,132.85850524902344,111.95893859863281,2087293.0
2021-08-31,IBM,133.4034423828125,134.7418670654297,132.83938598632812,134.1682586669922,113.06266784667969,4429915.0
2021-09-01,IBM,133.8240966796875,133.91014099121094,133.06883239746094,133.1739959716797,112.22479248046875,2588327.0
2021-09-02,IBM,133.57553100585938,133.89100646972656,132.91586303710938,133.85276794433594,112.79679107666016,2840413.0
2021-09-03,IBM,133.53729248046875,134.29254150390625,133.1739959716797,133.44168090820312,112.45038604736328,2009575.0
2021-09-07,IBM,133.50860595703125,133.64244079589844,131.70172119140625,131.988525390625,111.22581481933594,3436110.0
2021-09-08,IBM,132.06500244140625,132.97323608398438,131.5487518310547,132.5717010498047,111.7172622680664,3122728.0
2021-09-09,IBM,131.7877655029297,132.8489532470703,131.51051330566406,131.68260192871094,110.96802520751953,3669682.0
2021-09-10,IBM,132.71510314941406,133.2409210205078,130.9751434326172,130.9942626953125,110.38794708251953,4157955.0
2021-09-13,IBM,132.31358337402344,132.87762451171875,131.46270751953125,132.07456970214844,111.29832458496094,4334729.0
2021-09-14,IBM,132.31358337402344,132.47610473632812,129.3881378173828,130.2294464111328,109.7434310913086,4659198.0
2021-09-15,IBM,130.2294464111328,131.73995971679688,129.70362854003906,131.16635131835938,110.5329818725586,3403579.0
2021-09-16,IBM,131.24282836914062,131.88336181640625,129.7418670654297,130.43020629882812,109.91264343261719,2765624.0
2021-09-17,IBM,129.78012084960938,129.94264221191406,129.11090087890625,129.28298950195312,108.94588470458984,5890340.0
2021-09-20,IBM,128.011474609375,129.2351837158203,126.94072723388672,128.4034423828125,108.20469665527344,4990152.0
2021-09-21,IBM,129.1682586669922,129.68450927734375,127.09368896484375,127.12236785888672,107.1251449584961,4261927.0
2021-09-22,IBM,127.83938598632812,129.4168243408203,127.60037994384766,128.70936584472656,108.46248626708984,3767901.0
2021-09-23,IBM,129.30210876464844,131.37667846679688,129.09178161621094,130.71701049804688,110.15432739257812,3151807.0
2021-09-24,IBM,131.0038299560547,132.3900604248047,130.73614501953125,131.44358825683594,110.76659393310547,3100762.0
2021-09-27,IBM,131.89292907714844,132.95411682128906,131.4340362548828,132.46653747558594,111.62864685058594,3459017.0
2021-09-28,IBM,133.04971313476562,133.54684448242188,131.1759033203125,131.42446899414062,110.75048828125,4513072.0
2021-09-29,IBM,131.67303466796875,133.7762908935547,130.4397735595703,133.0592803955078,112.12812805175781,3947499.0
2021-09-30,IBM,133.8432159423828,134.3881378173828,132.4091796875,132.8202667236328,111.92672729492188,6090230.0
2021-10-01,IBM,134.7992401123047,137.6386260986328,134.1969451904297,137.0172119140625,115.4634780883789,6907889.0
2021-10-04,IBM,136.46270751953125,139.579345703125,136.08985900878906,137.7724609375,116.09989166259766,7689251.0
2021-10-05,IBM,138.3843231201172,138.62332153320312,136.3671112060547,136.8546905517578,115.32652282714844,7297524.0
2021-10-06,IBM,136.21414184570312,137.06500244140625,134.69407653808594,136.09942626953125,114.6900405883789,5573506.0
2021-10-07,IBM,136.45315551757812,137.09368896484375,135.30592346191406,135.5736083984375,114.24694061279297,3999695.0
2021-10-08,IBM,135.5736083984375,137.33270263671875,134.84703063964844,136.92160034179688,115.38288879394531,3902940.0
2021-10-11,IBM,137.18930053710938,137.74378967285156,136.13766479492188,136.16635131835938,114.7464370727539,2921792.0
2021-10-12,IBM,135.95602416992188,136.0420684814453,134.13002014160156,134.29254150390625,113.16739654541016,3293436.0
2021-10-13,IBM,134.34034729003906,135.1912078857422,133.51815795898438,134.56979370117188,113.40103912353516,3013003.0
2021-10-14,IBM,134.8374786376953,137.5908203125,134.8087921142578,137.08413696289062,115.5198745727539,4410668.0
2021-10-15,IBM,137.08413696289062,138.47991943359375,136.51051330566406,138.25047302246094,116.50273132324219,3371049.0
2021-10-18,IBM,137.66729736328125,138.5659637451172,135.52581787109375,136.06118774414062,114.65782928466797,6437189.0
2021-10-19,IBM,134.87571716308594,136.65391540527344,134.34034729003906,135.73614501953125,114.3839111328125,4539117.0
2021-10-20,IBM,135.44932556152344,135.9464569091797,134.51242065429688,135.65965270996094,114.31946563720703,6474008.0
2021-10-21,IBM,127.63862609863281,127.83938598632812,122.46653747558594,122.6864242553711,103.38699340820312,32913959.0
2021-10-22,IBM,122.41873931884766,124.52198791503906,121.04206848144531,122.25621032714844,103.02446746826172,12114981.0
2021-10-25,IBM,121.9216079711914,122.99235534667969,121.35755157470703,122.02677154541016,102.83113098144531,6667204.0
2021-10-26,IBM,121.91204833984375,122.65774536132812,121.18547058105469,121.53919982910156,102.42023468017578,8912861.0
2021-10-27,IBM,121.83556365966797,122.25621032714844,119.5124282836914,119.66539001464844,100.8412094116211,7294176.0
2021-10-28,IBM,119.66539001464844,120.75525665283203,119.13957977294922,120.30592346191406,101.3809814453125,6802138.0
2021-10-29,IBM,119.91395568847656,120.76481628417969,119.41682434082031,119.59847259521484,100.78480529785156,6188973.0
2021-11-01,IBM,119.55066680908203,120.75525665283203,118.39388275146484,120.72657775878906,101.73546600341797,6177153.0
2021-11-02,IBM,120.74569702148438,121.57743835449219,119.41682434082031,120.63097381591797,101.65489196777344,4722062.0
2021-11-03,IBM,120.67877960205078,121.6921615600586,120.15296173095703,121.53919982910156,102.42023468017578,5670784.0
2021-11-04,IBM,123.05000305175781,123.33999633789062,119.9000015258789,120.8499984741211,101.83946990966797,7208700.0
2021-11-05,IBM,121.43000030517578,123.7699966430664,121.43000030517578,123.61000061035156,104.1653060913086,6790500.0
2021-11-08,IBM,123.98999786376953,124.77999877929688,123.52999877929688,124.54000091552734,104.94901275634766,5625300.0
2021-11-09,IBM,122.55999755859375,122.9000015258789,120.26000213623047,120.8499984741211,103.19842529296875,7236600.0
2021-11-10,IBM,121.0,122.43000030517578,119.93000030517578,120.22000122070312,102.66045379638672,6270300.0
2021-11-11,IBM,120.9000015258789,121.79000091552734,120.08000183105469,120.2699966430664,102.70311737060547,4643300.0
2021-11-12,IBM,120.0,120.63999938964844,118.77999877929688,118.95999908447266,101.58448028564453,5418300.0
2021-11-15,IBM,119.54000091552734,120.16000366210938,118.30999755859375,118.87000274658203,101.50762939453125,5046300.0
2021-11-16,IBM,118.91999816894531,119.9000015258789,118.41999816894531,118.45999908447266,101.15752410888672,4750800.0
2021-11-17,IBM,118.37999725341797,119.33000183105469,117.77999877929688,118.05999755859375,100.81593322753906,4043300.0
2021-11-18,IBM,118.36000061035156,118.36000061035156,116.30999755859375,116.66000366210938,99.62044525146484,5046900.0
2021-11-19,IBM,116.48999786376953,116.55999755859375,115.2699966430664,116.05000305175781,99.09952545166016,5380200.0
2021-11-22,IBM,116.0,118.80999755859375,115.19000244140625,116.47000122070312,99.45816802978516,6416200.0
2021-11-23,IBM,116.79000091552734,117.94000244140625,116.04000091552734,116.79000091552734,99.73143005371094,4912800.0
2021-11-24,IBM,116.16000366210938,117.2699966430664,116.08000183105469,116.7300033569336,99.68019104003906,3220800.0
2021-11-26,IBM,115.0,116.33999633789062,114.55999755859375,115.80999755859375,98.89456176757812,3322000.0
2021-11-29,IBM,118.62000274658203,119.61000061035156,117.52999877929688,118.5,101.19166564941406,8949800.0
2021-11-30,IBM,117.5,119.23999786376953,116.44999694824219,117.0999984741211,99.99615478515625,9252700.0
2021-12-01,IBM,118.25,118.93000030517578,116.8499984741211,116.91999816894531,99.84244537353516,5958300.0
2021-12-02,IBM,117.37000274658203,117.9800033569336,116.55999755859375,116.9000015258789,99.82536315917969,5267100.0
2021-12-03,IBM,117.36000061035156,119.36000061035156,117.36000061035156,118.83999633789062,101.48200225830078,6630100.0
2021-12-06,IBM,119.4000015258789,121.1500015258789,119.4000015258789,119.91000366210938,102.3957290649414,4785600.0
2021-12-07,IBM,120.4800033569336,122.08000183105469,120.06999969482422,121.58000183105469,103.82182312011719,5194000.0
2021-12-08,IBM,122.0,123.37999725341797,121.5199966430664,123.0199966430664,105.05146789550781,5483900.0
2021-12-09,IBM,122.1500015258789,123.94999694824219,121.79000091552734,123.56999969482422,105.52113342285156,4601100.0
2021-12-10,IBM,124.30000305175781,125.33000183105469,123.36000061035156,124.08999633789062,105.96520233154297,4966900.0
2021-12-13,IBM,123.76000213623047,124.36000061035156,120.79000091552734,122.58000183105469,104.6757583618164,6847500.0
2021-12-14,IBM,122.3499984741211,125.02999877929688,122.30000305175781,123.76000213623047,105.68339538574219,5716100.0
2021-12-15,IBM,123.80000305175781,124.81999969482422,122.18000030517578,123.11000061035156,105.12833404541016,4990000.0
2021-12-16,IBM,123.51000213623047,126.63999938964844,123.4800033569336,125.93000030517578,107.53643798828125,7280500.0
2021-12-17,IBM,125.87000274658203,128.63999938964844,125.20999908447266,127.4000015258789,108.79171752929688,10379000.0
2021-12-20,IBM,125.72000122070312,127.19999694824219,124.69999694824219,127.05999755859375,108.5013656616211,4941400.0
2021-12-21,IBM,127.66000366210938,129.33999633789062,127.66000366210938,128.97000122070312,110.13239288330078,4856000.0
2021-12-22,IBM,129.05999755859375,129.7899932861328,127.5999984741211,129.75,110.79846954345703,3923200.0
2021-12-23,IBM,130.0,130.9600067138672,129.52000427246094,130.6300048828125,111.54994201660156,3649000.0
2021-12-27,IBM,130.6300048828125,131.64999389648438,129.9499969482422,131.6199951171875,112.39534759521484,4293900.0
2021-12-28,IBM,131.60000610351562,133.22000122070312,131.58999633789062,132.6300048828125,113.25782012939453,3445200.0
2021-12-29,IBM,132.39999389648438,134.2100067138672,132.3000030517578,133.35000610351562,113.8726577758789,4239900.0
2021-12-30,IBM,133.75,134.3699951171875,133.3300018310547,133.91000366210938,114.35087585449219,3158100.0
2021-12-31,IBM,134.0,134.99000549316406,133.61000061035156,133.66000366210938,114.13737487792969,3362100.0
2022-01-03,IBM,134.07000732421875,136.2899932861328,133.6300048828125,136.0399932861328,116.16972351074219,4605900.0
2022-01-04,IBM,136.10000610351562,139.9499969482422,135.89999389648438,138.02000427246094,117.86053466796875,7300000.0
2022-01-05,IBM,138.30999755859375,142.1999969482422,137.8800048828125,138.22000122070312,118.03132629394531,8956900.0
2022-01-06,IBM,138.1999969482422,138.41000366210938,132.50999450683594,135.33999633789062,115.57199096679688,9908100.0
2022-01-07,IBM,134.89999389648438,135.66000366210938,133.50999450683594,134.8300018310547,115.1364974975586,5238100.0
2022-01-10,IBM,134.47000122070312,136.1999969482422,133.3800048828125,135.02999877929688,115.3072509765625,5432800.0
2022-01-11,IBM,130.52000427246094,133.25,127.97000122070312,132.8699951171875,113.4627685546875,11105300.0
2022-01-12,IBM,133.25,134.47000122070312,131.3699951171875,133.58999633789062,114.07759857177734,5352000.0
2022-01-13,IBM,133.89999389648438,136.0500030517578,133.55999755859375,134.75999450683594,115.07669067382812,4868300.0
2022-01-14,IBM,134.5500030517578,135.13999938964844,133.3000030517578,134.2100067138672,114.60704040527344,5310300.0
2022-01-18,IBM,132.9499969482422,133.88999938964844,131.77999877929688,132.94000244140625,113.52255249023438,5246700.0
2022-01-19,IBM,132.89999389648438,133.89999389648438,131.5,131.5800018310547,112.3611831665039,4103700.0
2022-01-20,IBM,131.25999450683594,132.8800048828125,130.57000732421875,130.82000732421875,111.71219635009766,5278200.0
2022-01-21,IBM,131.64999389648438,131.8699951171875,129.27000427246094,129.35000610351562,110.4569091796875,5907000.0
2022-01-24,IBM,127.98999786376953,129.14999389648438,124.19000244140625,128.82000732421875,110.00431060791016,13484000.0
2022-01-25,IBM,129.13999938964844,137.33999633789062,128.3000030517578,136.10000610351562,116.22099304199219,19715700.0
2022-01-26,IBM,136.47000122070312,137.07000732421875,133.1300048828125,134.25999450683594,114.64974975585938,8336000.0
2022-01-27,IBM,133.66000366210938,134.75,132.0800018310547,132.52000427246094,113.16388702392578,5497300.0
2022-01-28,IBM,133.19000244140625,134.52999877929688,131.7899932861328,134.5,114.85469055175781,5471500.0
2022-01-31,IBM,134.08999633789062,134.08999633789062,132.3000030517578,133.57000732421875,114.0605239868164,5859000.0
2022-02-01,IBM,133.75999450683594,135.9600067138672,132.5,135.52999877929688,115.73422241210938,6206400.0
2022-02-02,IBM,135.6999969482422,137.55999755859375,135.25999450683594,137.25,117.20301818847656,5357200.0
2022-02-03,IBM,137.0,138.75999450683594,135.8300018310547,137.77999877929688,117.65559387207031,6100800.0
2022-02-04,IBM,137.86000061035156,138.82000732421875,136.22000122070312,137.14999389648438,117.11759948730469,4142000.0
2022-02-07,IBM,137.4499969482422,137.82000732421875,136.27000427246094,137.24000549316406,117.19447326660156,3759000.0
2022-02-08,IBM,137.22999572753906,137.52000427246094,135.77999877929688,137.02000427246094,117.00660705566406,4181800.0
2022-02-09,IBM,137.83999633789062,138.35000610351562,136.8300018310547,137.7899932861328,117.66413879394531,5393500.0
2022-02-10,IBM,135.47000122070312,136.55999755859375,133.1699981689453,133.52000427246094,115.39124298095703,5978600.0
2022-02-11,IBM,133.89999389648438,134.7100067138672,132.3800048828125,132.69000244140625,114.67391204833984,4176200.0
2022-02-14,IBM,132.58999633789062,132.64999389648438,129.07000732421875,130.14999389648438,112.47877502441406,5345300.0
2022-02-15,IBM,130.63999938964844,131.67999267578125,129.61000061035156,129.94000244140625,112.29730987548828,4394000.0
2022-02-16,IBM,129.4499969482422,130.44000244140625,128.25999450683594,129.17999267578125,111.6404800415039,4875600.0
2022-02-17,IBM,128.0500030517578,128.5,124.8499984741211,124.97000122070312,108.00210571289062,6797000.0
2022-02-18,IBM,124.94000244140625,125.44000244140625,123.61000061035156,124.3499984741211,107.46630096435547,4609200.0
2022-02-22,IBM,124.19999694824219,125.0,122.68000030517578,123.91999816894531,107.09466552734375,5349700.0
2022-02-23,IBM,124.37999725341797,124.69999694824219,121.87000274658203,122.06999969482422,105.495849609375,4086400.0
2022-02-24,IBM,120.0,122.0999984741211,118.80999755859375,121.97000122070312,105.40943908691406,6563200.0
2022-02-25,IBM,122.05000305175781,124.26000213623047,121.44999694824219,124.18000030517578,107.31936645507812,4460900.0
2022-02-28,IBM,122.20999908447266,123.38999938964844,121.04000091552734,122.51000213623047,105.8761215209961,6757300.0
2022-03-01,IBM,122.66999816894531,123.38999938964844,120.69999694824219,121.3499984741211,104.87361145019531,4873300.0
2022-03-02,IBM,122.58999633789062,124.63999938964844,121.80000305175781,123.86000061035156,107.04281616210938,4891400.0
2022-03-03,IBM,124.95999908447266,126.66999816894531,124.23999786376953,125.93000030517578,108.83177185058594,5206600.0
2022-03-04,IBM,124.4000015258789,127.3499984741211,124.20999908447266,126.62000274658203,109.42809295654297,4402400.0
2022-03-07,IBM,126.47000122070312,127.91000366210938,125.62000274658203,126.06999969482422,108.9527587890625,5047400.0
2022-03-08,IBM,126.62000274658203,128.35000610351562,124.81999969482422,125.68000030517578,108.61571502685547,4887600.0
2022-03-09,IBM,127.41000366210938,128.10000610351562,125.91000366210938,126.22000122070312,109.08238983154297,4403500.0
2022-03-10,IBM,125.75,126.02999877929688,123.12999725341797,124.3499984741211,107.46630096435547,5326800.0
2022-03-11,IBM,125.0,126.7699966430664,123.91000366210938,123.95999908447266,107.1292495727539,4119600.0
2022-03-14,IBM,124.44999694824219,125.16000366210938,122.69000244140625,123.94000244140625,107.11196899414062,3289200.0
2022-03-15,IBM,124.0,125.94000244140625,123.22000122070312,125.63999938964844,108.58113861083984,4021200.0
2022-03-16,IBM,126.5,127.27999877929688,124.70999908447266,127.04000091552734,109.79104614257812,4292800.0
2022-03-17,IBM,127.0999984741211,128.2899932861328,126.52999877929688,127.95999908447266,110.58613586425781,3671900.0
2022-03-18,IBM,127.37999725341797,128.92999267578125,126.37000274658203,128.75999450683594,111.27751159667969,7466000.0
2022-03-21,IBM,129.0,129.74000549316406,127.4000015258789,128.10000610351562,110.70713806152344,3384600.0
2022-03-22,IBM,128.5,129.3000030517578,127.8499984741211,129.05999755859375,111.53678894042969,2690200.0
2022-03-23,IBM,129.0800018310547,129.32000732421875,128.25,128.3000030517578,110.8799819946289,2924500.0
2022-03-24,IBM,128.3300018310547,129.3699951171875,127.80000305175781,129.25,111.70098876953125,2971100.0
2022-03-25,IBM,129.5,131.39999389648438,129.30999755859375,131.35000610351562,113.51587677001953,3530200.0
2022-03-28,IBM,130.82000732421875,131.5,129.60000610351562,131.47000122070312,113.61956787109375,2483500.0
2022-03-29,IBM,132.0399932861328,132.83999633789062,130.42999267578125,131.94000244140625,114.02576446533203,5791000.0
2022-03-30,IBM,132.00999450683594,133.0800018310547,131.38999938964844,132.1300048828125,114.18995666503906,2622900.0
2022-03-31,IBM,130.72000122070312,131.8800048828125,130.0,130.02000427246094,112.36643981933594,4274000.0
2022-04-01,IBM,129.66000366210938,130.27000427246094,128.05999755859375,130.14999389648438,112.47877502441406,4012400.0
2022-04-04,IBM,130.25999450683594,130.4499969482422,128.92999267578125,130.27000427246094,112.58251953125,2809800.0
2022-04-05,IBM,129.85000610351562,131.22999572753906,128.66000366210938,128.88999938964844,111.3898696899414,3107200.0
2022-04-06,IBM,127.77999877929688,129.50999450683594,127.25,129.38999938964844,111.82197570800781,3958100.0
2022-04-07,IBM,128.8699951171875,129.25,126.7300033569336,128.5500030517578,111.09603881835938,3538300.0
2022-04-08,IBM,128.00999450683594,128.77999877929688,127.2699966430664,127.7300033569336,110.38738250732422,3143300.0
2022-04-11,IBM,127.94999694824219,128.17999267578125,126.18000030517578,126.37000274658203,109.21204376220703,3202500.0
2022-04-12,IBM,126.41999816894531,127.33999633789062,125.58000183105469,125.9800033569336,108.8749771118164,2691000.0
2022-04-13,IBM,125.63999938964844,126.66999816894531,124.91000366210938,126.13999938964844,109.01326751708984,3064900.0
2022-04-14,IBM,128.92999267578125,130.5800018310547,126.37999725341797,126.55999755859375,109.37621307373047,6384200.0
2022-04-18,IBM,126.5999984741211,127.38999938964844,125.52999877929688,126.16999816894531,109.03919219970703,4884200.0
2022-04-19,IBM,126.08000183105469,129.39999389648438,126.0,129.14999389648438,111.61456298828125,7971400.0
2022-04-20,IBM,135.0,139.55999755859375,133.3800048828125,138.32000732421875,119.53952026367188,17859200.0
2022-04-21,IBM,138.22999572753906,141.8800048828125,137.35000610351562,139.85000610351562,120.86178588867188,9922300.0
2022-04-22,IBM,139.6999969482422,140.44000244140625,137.35000610351562,138.25,119.47900390625,6508600.0
2022-04-25,IBM,137.58999633789062,139.64999389648438,135.19000244140625,139.10000610351562,120.21358489990234,5748300.0
2022-04-26,IBM,139.0,139.8699951171875,136.1699981689453,136.19000244140625,117.69869232177734,4956200.0
2022-04-27,IBM,135.77999877929688,137.1199951171875,134.6300048828125,135.05999755859375,116.72211456298828,4369100.0
2022-04-28,IBM,136.85000610351562,136.99000549316406,134.80999755859375,135.74000549316406,117.30982971191406,4474300.0
2022-04-29,IBM,135.1300048828125,135.5500030517578,132.0,132.2100067138672,114.25910186767578,5078700.0
2022-05-02,IBM,133.0,133.77000427246094,130.88999938964844,133.0399932861328,114.97640228271484,4213500.0
2022-05-03,IBM,133.0,133.60000610351562,131.99000549316406,132.52000427246094,114.52700805664062,3688600.0
2022-05-04,IBM,132.8699951171875,137.8699951171875,132.13999938964844,137.39999389648438,118.74443054199219,5932600.0
2022-05-05,IBM,136.4600067138672,137.25999450683594,134.75999450683594,135.9199981689453,117.46536254882812,5957400.0
2022-05-06,IBM,135.47000122070312,137.99000549316406,135.47000122070312,137.6699981689453,118.9777603149414,7306400.0
2022-05-09,IBM,134.41000366210938,136.35000610351562,133.32000732421875,134.44000244140625,117.59571838378906,7647900.0
2022-05-10,IBM,135.0,135.41000366210938,128.42999267578125,129.1300048828125,112.9510269165039,8642400.0
2022-05-11,IBM,129.86000061035156,132.9600067138672,129.86000061035156,130.75,114.36805725097656,5301100.0
2022-05-12,IBM,131.27000427246094,133.6199951171875,130.41000366210938,132.89999389648438,116.2486572265625,5384800.0
2022-05-13,IBM,133.0,133.8000030517578,131.0500030517578,133.60000610351562,116.8609848022461,4195100.0
2022-05-16,IBM,133.10000610351562,136.50999450683594,132.41000366210938,135.02999877929688,118.11177825927734,4250400.0
2022-05-17,IBM,137.19000244140625,138.3699951171875,135.63999938964844,138.3699951171875,121.03331756591797,4372900.0
2022-05-18,IBM,137.10000610351562,137.6199951171875,132.1699981689453,132.94000244140625,116.28367614746094,6003000.0
2022-05-19,IBM,132.0,132.32000732421875,128.7100067138672,129.66000366210938,113.41462707519531,5819700.0
2022-05-20,IBM,130.17999267578125,130.3699951171875,125.80000305175781,128.47999572753906,112.3824691772461,6914500.0
2022-05-23,IBM,129.5,131.9499969482422,129.4199981689453,131.1699981689453,114.73541259765625,3591500.0
2022-05-24,IBM,130.57000732421875,134.3699951171875,130.4199981689453,133.8000030517578,117.0359115600586,4189700.0
2022-05-25,IBM,132.86000061035156,134.82000732421875,132.86000061035156,134.38999938964844,117.55198669433594,3299300.0
2022-05-26,IBM,135.0,137.5500030517578,134.52000427246094,136.88999938964844,119.73876953125,3929300.0
2022-05-27,IBM,137.38999938964844,139.74000549316406,137.24000549316406,139.27000427246094,121.82057189941406,4608000.0
2022-05-31,IBM,138.1999969482422,139.8300018310547,136.80999755859375,138.83999633789062,121.4444351196289,7978100.0
2022-06-01,IBM,139.6699981689453,140.47000122070312,138.52000427246094,139.42999267578125,121.96050262451172,3796500.0
2022-06-02,IBM,139.4499969482422,140.2899932861328,136.85000610351562,140.14999389648438,122.5903091430664,3734800.0
2022-06-03,IBM,140.25999450683594,142.5800018310547,139.74000549316406,141.17999267578125,123.49124908447266,4352200.0
2022-06-06,IBM,142.97999572753906,144.72999572753906,142.0,142.8800048828125,124.97825622558594,4766900.0
2022-06-07,IBM,142.60000610351562,142.97999572753906,140.9600067138672,142.77999877929688,124.89080047607422,2887100.0
2022-06-08,IBM,142.07000732421875,142.8000030517578,140.14999389648438,140.8300018310547,123.18514251708984,3005700.0
2022-06-09,IBM,140.14999389648438,141.0399932861328,137.92999267578125,137.9600067138672,120.67472839355469,3591000.0
2022-06-10,IBM,137.8000030517578,137.8000030517578,135.25,136.19000244140625,119.1264419555664,4659500.0
2022-06-13,IBM,133.97000122070312,137.57000732421875,133.75999450683594,135.11000061035156,118.18179321289062,6486000.0
2022-06-14,IBM,135.0,136.9499969482422,134.86000061035156,135.72000122070312,118.71534729003906,4607800.0
2022-06-15,IBM,136.00999450683594,138.4499969482422,135.5800018310547,137.05999755859375,119.8874282836914,4606900.0
2022-06-16,IBM,135.3000030517578,136.24000549316406,134.38999938964844,135.6699981689453,118.67158508300781,5386400.0
2022-06-17,IBM,135.99000549316406,136.97999572753906,132.85000610351562,135.02000427246094,118.10306549072266,12968500.0
2022-06-21,IBM,135.89999389648438,138.5,135.89999389648438,137.85000610351562,120.5784912109375,4089300.0
2022-06-22,IBM,136.10000610351562,138.17999267578125,136.02999877929688,137.0800018310547,119.90492248535156,3791500.0
2022-06-23,IBM,137.13999938964844,138.6199951171875,136.5,138.44000244140625,121.09456634521484,4547900.0
2022-06-24,IBM,139.1999969482422,142.3699951171875,139.1300048828125,142.05999755859375,124.26100158691406,11493000.0
2022-06-27,IBM,142.25999450683594,143.8300018310547,141.9499969482422,142.8000030517578,124.90827941894531,3936000.0
2022-06-28,IBM,142.9199981689453,144.16000366210938,141.32000732421875,141.86000061035156,124.08604431152344,4064800.0
2022-06-29,IBM,142.74000549316406,143.52000427246094,139.5,140.7100067138672,123.08014678955078,4161500.0
2022-06-30,IBM,139.5800018310547,142.4600067138672,139.27999877929688,141.19000244140625,123.50003051757812,4878000.0
2022-07-01,IBM,141.0,141.6699981689453,139.25999450683594,141.1199951171875,123.43876647949219,4011900.0
2022-07-05,IBM,139.97000122070312,139.97000122070312,135.27000427246094,137.6199951171875,120.37726593017578,6273400.0
2022-07-06,IBM,138.0,139.13999938964844,137.1300048828125,138.0800018310547,120.77965545654297,3237000.0
2022-07-07,IBM,138.91000366210938,141.32000732421875,138.8300018310547,140.8300018310547,123.18514251708984,3897100.0
2022-07-08,IBM,140.75999450683594,141.32000732421875,139.82000732421875,140.47000122070312,122.8702163696289,2820800.0
2022-07-11,IBM,140.6199951171875,141.8699951171875,140.1300048828125,141.0,123.33380126953125,3904700.0
2022-07-12,IBM,140.83999633789062,141.5500030517578,138.57000732421875,139.17999267578125,121.74183654785156,3235400.0
2022-07-13,IBM,137.17999267578125,138.89999389648438,136.8000030517578,137.17999267578125,119.99238586425781,4123200.0
2022-07-14,IBM,135.60000610351562,139.42999267578125,135.02000427246094,139.05999755859375,121.63688659667969,5298400.0
2022-07-15,IBM,140.67999267578125,140.67999267578125,138.61000061035156,139.9199981689453,122.38910675048828,4519300.0
2022-07-18,IBM,140.14999389648438,140.30999755859375,137.77999877929688,138.1300048828125,120.82341003417969,8231700.0
2022-07-19,IBM,131.5800018310547,132.55999755859375,127.72000122070312,130.8800048828125,114.48176574707031,29690500.0
2022-07-20,IBM,130.6999969482422,130.72000122070312,128.05999755859375,129.17999267578125,112.99474334716797,9882000.0
2022-07-21,IBM,128.75,128.80999755859375,125.12999725341797,127.1500015258789,111.21910858154297,11975400.0
2022-07-22,IBM,127.02999877929688,128.32000732421875,125.70999908447266,128.25,112.18128204345703,6467200.0
2022-07-25,IBM,128.44000244140625,129.1300048828125,127.9000015258789,128.5399932861328,112.4349365234375,4702400.0
2022-07-26,IBM,128.25999450683594,129.3000030517578,127.62999725341797,128.0800018310547,112.0325927734375,3645300.0
2022-07-27,IBM,127.97000122070312,129.42999267578125,127.58000183105469,129.1199951171875,112.94226837158203,4175600.0
2022-07-28,IBM,128.75,129.80999755859375,128.61000061035156,129.22000122070312,113.02973175048828,3913700.0
2022-07-29,IBM,129.52000427246094,131.0,129.30999755859375,130.7899932861328,114.40302276611328,5786800.0
2022-08-01,IBM,130.75,132.6999969482422,130.6999969482422,132.0399932861328,115.49641418457031,4142100.0
2022-08-02,IBM,132.1999969482422,132.77999877929688,130.50999450683594,131.80999755859375,115.29522705078125,4403600.0
2022-08-03,IBM,131.82000732421875,132.86000061035156,131.32000732421875,132.33999633789062,115.75882720947266,3088500.0
2022-08-04,IBM,132.14999389648438,132.2899932861328,131.02000427246094,131.63999938964844,115.14653015136719,3179800.0
2022-08-05,IBM,131.25,132.6699981689453,131.07000732421875,132.47999572753906,115.88128662109375,2586500.0
2022-08-08,IBM,133.10000610351562,133.35000610351562,132.02000427246094,132.61000061035156,115.99503326416016,3821200.0
2022-08-09,IBM,129.9199981689453,130.7899932861328,129.1199951171875,129.47000122070312,114.67527770996094,3496000.0
2022-08-10,IBM,130.75,131.77999877929688,130.33999633789062,131.5,116.47330474853516,3664000.0
2022-08-11,IBM,132.36000061035156,133.22999572753906,132.0,132.5399932861328,117.39444732666016,3501900.0
2022-08-12,IBM,132.6199951171875,134.08999633789062,131.97999572753906,134.00999450683594,118.69647979736328,2766900.0
2022-08-15,IBM,132.9600067138672,135.19000244140625,132.24000549316406,134.92999267578125,119.51136779785156,2791200.0
2022-08-16,IBM,134.60000610351562,137.3699951171875,134.4499969482422,136.55999755859375,120.95509338378906,4313600.0
2022-08-17,IBM,136.4600067138672,138.4199981689453,136.3000030517578,137.7899932861328,122.0445327758789,3667600.0
2022-08-18,IBM,137.7899932861328,139.1199951171875,137.75,139.07000732421875,123.17827606201172,3177700.0
2022-08-19,IBM,138.75,139.33999633789062,137.66000366210938,138.3699951171875,122.5582504272461,3155800.0
2022-08-22,IBM,137.64999389648438,137.85000610351562,135.47000122070312,135.5500030517578,120.06048583984375,3093600.0
2022-08-23,IBM,135.3699951171875,136.10000610351562,134.72000122070312,134.74000549316406,119.34307098388672,4141800.0
2022-08-24,IBM,134.88999938964844,135.11000061035156,133.11000061035156,133.22999572753906,118.00559997558594,2855400.0
2022-08-25,IBM,133.64999389648438,134.42999267578125,133.07000732421875,133.97999572753906,118.66990661621094,2706000.0
2022-08-26,IBM,134.10000610351562,134.17999267578125,130.33999633789062,130.3800048828125,115.48129272460938,4185300.0
2022-08-29,IBM,129.99000549316406,131.4199981689453,129.57000732421875,130.30999755859375,115.41928100585938,2783000.0
2022-08-30,IBM,130.55999755859375,130.77000427246094,129.2899932861328,129.5800018310547,114.77269744873047,2407900.0
2022-08-31,IBM,129.9199981689453,130.0,128.39999389648438,128.4499969482422,113.7718276977539,3490400.0
2022-09-01,IBM,128.39999389648438,129.82000732421875,127.73999786376953,129.66000366210938,114.84356689453125,3396200.0
2022-09-02,IBM,130.3000030517578,130.55999755859375,127.23999786376953,127.79000091552734,113.18724060058594,3040600.0
2022-09-06,IBM,127.80000305175781,128.05999755859375,126.30000305175781,126.72000122070312,112.23950958251953,3347100.0
2022-09-07,IBM,126.69000244140625,127.87000274658203,126.27999877929688,127.70999908447266,113.11637878417969,2401500.0
2022-09-08,IBM,127.19999694824219,128.5399932861328,126.58999633789062,128.47000122070312,113.78953552246094,2964600.0
2022-09-09,IBM,128.89999389648438,129.49000549316406,128.05999755859375,129.19000244140625,114.4272689819336,3291900.0
2022-09-12,IBM,130.3300018310547,130.99000549316406,129.88999938964844,130.66000366210938,115.72929382324219,3741100.0
2022-09-13,IBM,129.13999938964844,129.91000366210938,126.7699966430664,127.25,112.70895385742188,4565600.0
2022-09-14,IBM,127.5,129.0,126.8499984741211,127.69000244140625,113.09867095947266,3819100.0
2022-09-15,IBM,127.38999938964844,127.47000122070312,124.9000015258789,125.48999786376953,111.15007019042969,5141700.0
2022-09-16,IBM,124.36000061035156,127.52999877929688,123.83000183105469,127.2699966430664,112.72669219970703,9839700.0
2022-09-19,IBM,126.48999786376953,128.05999755859375,126.27999877929688,127.7300033569336,113.13410949707031,3981600.0
2022-09-20,IBM,126.9000015258789,126.98999786376953,125.5199966430664,126.30000305175781,111.86750030517578,2837500.0
2022-09-21,IBM,126.88999938964844,127.83999633789062,124.91999816894531,124.93000030517578,110.65406036376953,3389500.0
2022-09-22,IBM,124.76000213623047,126.51000213623047,124.41000366210938,125.30999755859375,110.9906234741211,4046600.0
2022-09-23,IBM,124.52999877929688,125.0,121.73999786376953,122.70999908447266,108.6877670288086,5195600.0
2022-09-26,IBM,122.30000305175781,124.26000213623047,121.75,122.01000213623047,108.06773376464844,3987800.0
2022-09-27,IBM,122.5999984741211,123.94999694824219,121.08000183105469,121.73999786376953,107.82857513427734,4117200.0
2022-09-28,IBM,121.6500015258789,123.2300033569336,119.80999755859375,122.76000213623047,108.73204803466797,4996400.0
2022-09-29,IBM,121.8499984741211,122.62000274658203,120.56999969482422,121.62999725341797,107.73115539550781,3817700.0
2022-09-30,IBM,121.66000366210938,122.43000030517578,118.61000061035156,118.80999755859375,105.23339080810547,5346100.0
2022-10-03,IBM,120.16000366210938,122.20999908447266,119.5999984741211,121.51000213623047,107.62487030029297,4261700.0
2022-10-04,IBM,122.80000305175781,125.6500015258789,122.5199966430664,125.5,111.15894317626953,4566100.0
2022-10-05,IBM,124.70999908447266,126.45999908447266,124.2300033569336,125.73999786376953,111.37152099609375,3212900.0
2022-10-06,IBM,124.87999725341797,125.30000305175781,121.7699966430664,122.2300033569336,108.26260375976562,5074600.0
2022-10-07,IBM,121.5,121.80000305175781,118.06999969482422,118.81999969482422,105.24226379394531,4499700.0
2022-10-10,IBM,119.79000091552734,119.95999908447266,117.04000091552734,117.75,104.2945327758789,5990000.0
2022-10-11,IBM,117.45999908447266,119.2300033569336,116.94000244140625,117.80000305175781,104.33882141113281,4043100.0
2022-10-12,IBM,118.0,118.80999755859375,117.19999694824219,117.56999969482422,104.13509368896484,3338800.0
2022-10-13,IBM,116.0999984741211,122.1500015258789,115.55000305175781,121.79000091552734,107.87286376953125,5837500.0
2022-10-14,IBM,121.80000305175781,122.54000091552734,119.83999633789062,120.04000091552734,106.3228530883789,3762400.0
2022-10-17,IBM,121.80000305175781,122.87999725341797,121.43000030517578,121.5199966430664,107.63373565673828,5458600.0
2022-10-18,IBM,123.0,123.94000244140625,121.81999969482422,122.94000244140625,108.8914566040039,5120300.0
2022-10-19,IBM,122.36000061035156,123.94000244140625,121.98999786376953,122.51000213623047,108.51061248779297,5906600.0
2022-10-20,IBM,126.25,128.9600067138672,125.1500015258789,128.3000030517578,113.63896942138672,13623100.0
2022-10-21,IBM,128.38999938964844,130.85000610351562,127.58999633789062,129.89999389648438,115.05612182617188,7201300.0
2022-10-24,IBM,130.89999389648438,133.11000061035156,129.85000610351562,132.69000244140625,117.52730560302734,5610900.0
2022-10-25,IBM,132.0,133.3000030517578,131.3000030517578,132.92999267578125,117.7398910522461,5957600.0
2022-10-26,IBM,133.72000122070312,135.86000061035156,132.80999755859375,135.00999450683594,119.58219909667969,5139000.0
2022-10-27,IBM,135.5500030517578,136.39999389648438,134.4499969482422,134.77000427246094,119.36963653564453,3993200.0
2022-10-28,IBM,135.55999755859375,138.86000061035156,135.22000122070312,138.50999450683594,122.6822738647461,5965500.0
2022-10-31,IBM,138.05999755859375,138.77000427246094,136.60000610351562,138.2899932861328,122.48741149902344,4915300.0
2022-11-01,IBM,138.25,138.64999389648438,136.6999969482422,138.1999969482422,122.4076919555664,3590600.0
2022-11-02,IBM,137.75,140.1699981689453,136.8000030517578,136.8300018310547,121.19426727294922,5360500.0
2022-11-03,IBM,136.4199981689453,136.47999572753906,133.97000122070312,134.47000122070312,119.10393524169922,4442400.0
2022-11-04,IBM,135.64999389648438,137.72999572753906,134.94000244140625,136.9600067138672,121.30937194824219,4178000.0
2022-11-07,IBM,136.63999938964844,138.6999969482422,136.50999450683594,138.33999633789062,122.53169250488281,4043100.0
2022-11-08,IBM,139.0,140.92999267578125,138.72000122070312,140.0399932861328,124.03739166259766,5042800.0
2022-11-09,IBM,137.9499969482422,138.89999389648438,136.94000244140625,137.38999938964844,123.14112091064453,4720000.0
2022-11-10,IBM,140.25999450683594,141.3699951171875,138.2899932861328,141.22999572753906,126.5828857421875,5389000.0
2022-11-11,IBM,141.5,144.1300048828125,140.9600067138672,143.1699981689453,128.3217010498047,5871300.0
2022-11-14,IBM,142.6300048828125,146.0800018310547,142.17999267578125,144.1999969482422,129.24484252929688,5293500.0
2022-11-15,IBM,144.0800018310547,146.16000366210938,142.0,144.33999633789062,129.37034606933594,4727100.0
2022-11-16,IBM,144.1300048828125,144.9499969482422,144.00999450683594,144.52000427246094,129.5316925048828,3445200.0
2022-11-17,IBM,143.41000366210938,146.17999267578125,143.25,146.08999633789062,130.9388427734375,3954000.0
2022-11-18,IBM,146.55999755859375,148.30999755859375,145.94000244140625,147.63999938964844,132.3280792236328,4661700.0
2022-11-21,IBM,147.5500030517578,147.92999267578125,146.4499969482422,146.67999267578125,131.46763610839844,3476200.0
2022-11-22,IBM,147.60000610351562,149.35000610351562,147.02000427246094,149.10000610351562,133.63668823242188,7062100.0
2022-11-23,IBM,149.10000610351562,150.4600067138672,148.3000030517578,148.75,133.322998046875,3658200.0
2022-11-25,IBM,148.27000427246094,149.49000549316406,148.10000610351562,148.3699951171875,132.98239135742188,2075200.0
2022-11-28,IBM,147.97999572753906,148.24000549316406,145.94000244140625,146.17999267578125,131.01951599121094,3538100.0
2022-11-29,IBM,145.91000366210938,147.1699981689453,145.6999969482422,146.49000549316406,131.29737854003906,2754700.0
2022-11-30,IBM,146.19000244140625,149.63999938964844,145.6699981689453,148.89999389648438,133.45742797851562,6377600.0
2022-12-01,IBM,149.97999572753906,150.00999450683594,147.33999633789062,149.16000366210938,133.69044494628906,4495900.0
2022-12-02,IBM,148.1300048828125,149.16000366210938,147.72999572753906,148.6699981689453,133.2512664794922,2900000.0
2022-12-05,IBM,147.94000244140625,148.92999267578125,146.8000030517578,147.41000366210938,132.1219482421875,2784600.0
2022-12-06,IBM,147.3000030517578,147.8000030517578,146.6999969482422,147.5,132.20260620117188,2847600.0
2022-12-07,IBM,147.3300018310547,148.10000610351562,146.2899932861328,147.27000427246094,131.9964599609375,3971300.0
2022-12-08,IBM,147.89999389648438,149.14999389648438,147.3699951171875,147.77999877929688,132.45358276367188,2665700.0
2022-12-09,IBM,147.39999389648438,148.33999633789062,146.97000122070312,147.0500030517578,131.79928588867188,3047600.0
2022-12-12,IBM,147.82000732421875,149.2100067138672,146.94000244140625,149.2100067138672,133.73526000976562,4032800.0
2022-12-13,IBM,150.3699951171875,153.2100067138672,149.9499969482422,150.57000732421875,134.95425415039062,8811500.0
2022-12-14,IBM,150.47000122070312,151.91000366210938,148.4499969482422,149.86000061035156,134.31784057617188,4205900.0
2022-12-15,IBM,148.52000427246094,148.97999572753906,141.5800018310547,142.36000061035156,127.59569549560547,6687000.0
2022-12-16,IBM,141.25,141.9199981689453,138.97000122070312,140.16000366210938,125.62385559082031,9834400.0
2022-12-19,IBM,140.16000366210938,140.44000244140625,137.1999969482422,138.8699951171875,124.46765899658203,5282900.0
2022-12-20,IBM,138.83999633789062,141.42999267578125,138.33999633789062,141.27999877929688,126.62767791748047,5156500.0
2022-12-21,IBM,141.83999633789062,143.08999633789062,140.97999572753906,142.13999938964844,127.39852142333984,3793700.0
2022-12-22,IBM,140.9499969482422,141.44000244140625,138.6199951171875,140.8800048828125,126.26918029785156,3337100.0
2022-12-23,IBM,140.58999633789062,141.86000061035156,139.60000610351562,141.64999389648438,126.95932006835938,2092500.0
2022-12-27,IBM,141.72999572753906,142.72000122070312,141.22999572753906,142.4199981689453,127.64948272705078,2742400.0
2022-12-28,IBM,142.39999389648438,142.80999755859375,139.9499969482422,140.02000427246094,125.49837493896484,2539500.0
2022-12-29,IBM,140.5800018310547,142.25999450683594,140.4499969482422,141.05999755859375,126.43052673339844,2337200.0
2022-12-30,IBM,140.5399932861328,140.89999389648438,139.4499969482422,140.88999938964844,126.27816009521484,2858000.0
2023-01-03,IBM,141.10000610351562,141.89999389648438,140.47999572753906,141.5500030517578,126.86971282958984,3338600.0
2023-01-04,IBM,142.07000732421875,143.6199951171875,141.3699951171875,142.60000610351562,127.81082153320312,3869200.0
2023-01-05,IBM,142.44000244140625,142.5,140.00999450683594,141.11000061035156,126.47530364990234,2866600.0
2023-01-06,IBM,142.3800048828125,144.25,141.5800018310547,143.6999969482422,128.7967071533203,3574000.0
2023-01-09,IBM,144.0800018310547,145.47000122070312,143.39999389648438,143.5500030517578,128.6622772216797,3987700.0
2023-01-10,IBM,143.61000061035156,144.85000610351562,142.89999389648438,144.8000030517578,129.78265380859375,2152100.0
2023-01-11,IBM,145.0,145.52999877929688,143.4499969482422,145.25999450683594,130.19497680664062,3268700.0
2023-01-12,IBM,144.8800048828125,146.66000366210938,144.52000427246094,145.5500030517578,130.45484924316406,2715900.0
2023-01-13,IBM,144.05999755859375,146.10000610351562,144.00999450683594,145.88999938964844,130.7595977783203,2455700.0
2023-01-17,IBM,146.4199981689453,147.17999267578125,145.00999450683594,145.19000244140625,130.1322021484375,2986500.0
2023-01-18,IBM,144.39999389648438,144.67999267578125,140.22999572753906,140.41000366210938,125.847900390625,6445600.0
2023-01-19,IBM,140.0,142.22999572753906,139.75,140.6199951171875,126.03612518310547,4833900.0
2023-01-20,IBM,141.6699981689453,141.86000061035156,140.50999450683594,141.1999969482422,126.55598449707031,7153300.0
2023-01-23,IBM,141.39999389648438,142.99000549316406,141.05999755859375,141.86000061035156,127.14754486083984,5898400.0
2023-01-24,IBM,141.25,142.75,140.0,141.49000549316406,126.81591796875,4407600.0
2023-01-25,IBM,140.47000122070312,141.02999877929688,139.36000061035156,140.75999450683594,126.16162872314453,7347500.0
2023-01-26,IBM,137.52999877929688,138.27000427246094,132.97999572753906,134.4499969482422,120.50603485107422,17548500.0
2023-01-27,IBM,134.44000244140625,135.49000549316406,133.77000427246094,134.38999938964844,120.45226287841797,8143100.0
2023-01-30,IBM,134.32000732421875,136.11000061035156,133.97999572753906,135.3000030517578,121.26789093017578,5375700.0
2023-01-31,IBM,135.5,135.64999389648438,133.75999450683594,134.72999572753906,120.75698852539062,7206400.0
2023-02-01,IBM,134.49000549316406,135.7899932861328,132.8000030517578,135.08999633789062,121.07965087890625,5428900.0
2023-02-02,IBM,135.9600067138672,136.72000122070312,134.85000610351562,136.38999938964844,122.24484252929688,6107800.0
2023-02-03,IBM,136.35000610351562,136.9499969482422,135.52999877929688,136.94000244140625,122.73779296875,3755700.0
2023-02-06,IBM,135.8300018310547,136.32000732421875,134.9499969482422,136.17999267578125,122.0566177368164,4841300.0
2023-02-07,IBM,135.6699981689453,136.39999389648438,134.4499969482422,135.83999633789062,121.75189208984375,3737600.0
2023-02-08,IBM,135.7100067138672,136.74000549316406,135.16000366210938,135.97999572753906,121.8773422241211,4593700.0
2023-02-09,IBM,134.99000549316406,135.72999572753906,133.33999633789062,133.75,121.35112762451172,3918800.0
2023-02-10,IBM,133.77999877929688,135.77000427246094,133.5,135.60000610351562,123.02962493896484,5049600.0
2023-02-13,IBM,136.0,137.38999938964844,135.85000610351562,137.35000610351562,124.61740112304688,4403000.0
2023-02-14,IBM,137.0500030517578,137.24000549316406,135.0500030517578,136.00999450683594,123.4016342163086,3202200.0
2023-02-15,IBM,135.1999969482422,136.4499969482422,135.07000732421875,136.39999389648438,123.75546264648438,2506700.0
2023-02-16,IBM,135.57000732421875,135.97000122070312,134.58999633789062,135.0,122.4852294921875,2965500.0
2023-02-17,IBM,134.5,135.5800018310547,133.88999938964844,135.02000427246094,122.50341033935547,3466200.0
2023-02-21,IBM,134.0,134.38999938964844,131.66000366210938,131.7100067138672,119.500244140625,4257200.0
2023-02-22,IBM,131.89999389648438,131.99000549316406,130.2899932861328,130.97000122070312,118.8288345336914,3200200.0
2023-02-23,IBM,131.5,131.6999969482422,128.86000061035156,130.7899932861328,118.66551971435547,3725600.0
2023-02-24,IBM,129.6199951171875,130.6699981689453,129.22000122070312,130.57000732421875,118.4659423828125,3015800.0
2023-02-27,IBM,131.4199981689453,131.8699951171875,130.1300048828125,130.49000549316406,118.3933334350586,2761300.0
2023-02-28,IBM,130.5500030517578,130.61000061035156,129.13999938964844,129.3000030517578,117.31365966796875,5143100.0
2023-03-01,IBM,128.89999389648438,129.47000122070312,127.73999786376953,128.19000244140625,116.30655670166016,3760700.0
2023-03-02,IBM,128.38999938964844,129.22000122070312,127.70999908447266,128.92999267578125,116.97794342041016,3340100.0
2023-03-03,IBM,129.35000610351562,129.91000366210938,128.77000427246094,129.63999938964844,117.62213897705078,2860300.0
2023-03-06,IBM,129.63999938964844,130.86000061035156,129.58999633789062,130.19000244140625,118.12115478515625,3131200.0
2023-03-07,IBM,130.27999877929688,130.4199981689453,128.19000244140625,128.25,116.3609848022461,3530400.0
2023-03-08,IBM,128.47999572753906,128.74000549316406,127.55000305175781,128.0500030517578,116.1795425415039,2778800.0
2023-03-09,IBM,128.3000030517578,128.52999877929688,125.9800033569336,126.16000366210938,114.46473693847656,5478300.0
2023-03-10,IBM,126.12000274658203,127.29000091552734,125.12999725341797,125.44999694824219,113.82054138183594,5990900.0
2023-03-13,IBM,125.1500015258789,128.19000244140625,124.8499984741211,125.58000183105469,113.9384994506836,8188400.0
2023-03-14,IBM,126.48999786376953,126.63999938964844,123.19999694824219,124.6500015258789,113.09471893310547,8114800.0
2023-03-15,IBM,122.98999786376953,123.3499984741211,121.70999908447266,123.27999877929688,111.85172271728516,5989300.0
2023-03-16,IBM,122.95999908447266,124.81999969482422,121.91999816894531,124.69999694824219,113.14007568359375,6438700.0
2023-03-17,IBM,124.08000183105469,124.5199966430664,122.93000030517578,123.69000244140625,112.22371673583984,37400200.0
2023-03-20,IBM,124.30999755859375,126.16000366210938,124.19000244140625,125.94000244140625,114.26514434814453,4588300.0
2023-03-21,IBM,126.9000015258789,127.1500015258789,125.66000366210938,126.56999969482422,114.83673858642578,3856300.0
2023-03-22,IBM,127.0,127.22000122070312,124.01000213623047,124.05000305175781,112.55034637451172,3549000.0
2023-03-23,IBM,123.80999755859375,124.93000030517578,122.5999984741211,123.37000274658203,111.93338012695312,4651900.0
2023-03-24,IBM,123.36000061035156,125.4000015258789,122.87999725341797,125.29000091552734,113.67540740966797,3812300.0
2023-03-27,IBM,126.47000122070312,130.25999450683594,126.47000122070312,129.30999755859375,117.32271575927734,6524100.0
2023-03-28,IBM,129.17999267578125,129.66000366210938,128.8000030517578,129.33999633789062,117.34992980957031,2888900.0
2023-03-29,IBM,130.1199951171875,130.35000610351562,129.17999267578125,129.7100067138672,117.6856460571289,3279600.0
2023-03-30,IBM,130.16000366210938,131.47999572753906,129.10000610351562,129.22000122070312,117.24105834960938,3561800.0
2023-03-31,IBM,129.47000122070312,131.22999572753906,129.4199981689453,131.08999633789062,118.93770599365234,4524700.0
2023-04-03,IBM,130.97000122070312,132.61000061035156,130.77000427246094,132.05999755859375,119.81780242919922,3840100.0
2023-04-04,IBM,131.99000549316406,132.14999389648438,130.88999938964844,131.60000610351562,119.40042877197266,3382800.0
2023-04-05,IBM,131.3699951171875,132.61000061035156,131.3699951171875,132.13999938964844,119.890380859375,2898700.0
2023-04-06,IBM,132.16000366210938,132.60000610351562,130.32000732421875,130.5,118.40240478515625,3050600.0
2023-04-10,IBM,129.8300018310547,131.0800018310547,129.24000549316406,131.02999877929688,118.88326263427734,2614400.0
2023-04-11,IBM,130.5800018310547,131.10000610351562,130.17999267578125,130.4199981689453,118.32984161376953,3132400.0
2023-04-12,IBM,130.39999389648438,130.88999938964844,128.1699981689453,128.5399932861328,116.62409973144531,3957500.0
2023-04-13,IBM,128.00999450683594,128.38999938964844,126.0,127.9000015258789,116.04345703125,5621500.0
2023-04-14,IBM,128.4600067138672,129.83999633789062,127.30999755859375,128.13999938964844,116.26118469238281,4180600.0
2023-04-17,IBM,128.3000030517578,128.72000122070312,126.80000305175781,127.81999969482422,115.97086334228516,3662700.0
2023-04-18,IBM,128.13999938964844,128.67999267578125,127.3499984741211,127.77999877929688,115.93456268310547,3193800.0
2023-04-19,IBM,126.5,126.9800033569336,125.30000305175781,126.31999969482422,114.60990905761719,7014400.0
2023-04-20,IBM,130.14999389648438,130.97999572753906,125.83999633789062,126.36000061035156,114.64619445800781,9749600.0
2023-04-21,IBM,126.0,126.69999694824219,125.2699966430664,125.7300033569336,114.07460021972656,6725400.0
2023-04-24,IBM,125.55000305175781,126.05000305175781,124.55999755859375,125.4000015258789,113.77519226074219,4043900.0
2023-04-25,IBM,124.9000015258789,126.19000244140625,124.76000213623047,125.88999938964844,114.21977233886719,4275400.0
2023-04-26,IBM,125.80999755859375,126.55000305175781,125.12000274658203,125.8499984741211,114.18347930908203,4070200.0
2023-04-27,IBM,126.37000274658203,127.0199966430664,125.45999908447266,126.97000122070312,115.19966125488281,3204900.0
2023-04-28,IBM,126.58000183105469,127.25,125.63999938964844,126.41000366210938,114.69155883789062,5061200.0
2023-05-01,IBM,126.3499984741211,126.75,126.05999755859375,126.08999633789062,114.40122985839844,2725000.0
2023-05-02,IBM,126.30000305175781,126.44999694824219,123.2699966430664,125.16000366210938,113.55744934082031,4445300.0
2023-05-03,IBM,125.45999908447266,125.56999969482422,123.26000213623047,123.44999694824219,112.00595092773438,4554200.0
2023-05-04,IBM,123.02999877929688,123.5199966430664,121.76000213623047,122.56999969482422,111.2075424194336,4468200.0
2023-05-05,IBM,123.11000061035156,124.0999984741211,122.80999755859375,123.6500015258789,112.18742370605469,4971900.0
2023-05-08,IBM,123.76000213623047,123.91999816894531,122.55000305175781,123.4000015258789,111.96060180664062,3663800.0
2023-05-09,IBM,121.9000015258789,121.97000122070312,120.66000366210938,121.16999816894531,111.43638610839844,4540000.0
2023-05-10,IBM,121.98999786376953,122.48999786376953,121.0999984741211,122.0199966430664,112.21810150146484,4189200.0
2023-05-11,IBM,122.0199966430664,122.23999786376953,120.55000305175781,120.9000015258789,111.18807983398438,3446500.0
2023-05-12,IBM,121.41000366210938,122.86000061035156,121.11000061035156,122.83999633789062,112.97223663330078,4564800.0
2023-05-15,IBM,123.0,123.69000244140625,122.33999633789062,123.36000061035156,113.45045471191406,2915700.0
2023-05-16,IBM,123.3499984741211,123.86000061035156,122.44999694824219,123.45999908447266,113.54242706298828,2748400.0
2023-05-17,IBM,123.94000244140625,125.8499984741211,123.47000122070312,125.70999908447266,115.61168670654297,4515100.0
2023-05-18,IBM,125.30000305175781,126.51000213623047,125.19000244140625,126.1500015258789,116.01634216308594,3797900.0
2023-05-19,IBM,126.79000091552734,128.2899932861328,126.55000305175781,127.26000213623047,117.03717803955078,4306700.0
2023-05-22,IBM,127.5,128.19000244140625,127.1500015258789,127.5,117.25790405273438,2806800.0
2023-05-23,IBM,127.23999786376953,129.08999633789062,127.12999725341797,128.17999267578125,117.88326263427734,4592300.0
2023-05-24,IBM,127.81999969482422,127.9000015258789,125.47000122070312,125.68000030517578,115.58409118652344,3915500.0
2023-05-25,IBM,125.61000061035156,127.2300033569336,125.01000213623047,126.76000213623047,116.57733917236328,4102900.0
2023-05-26,IBM,127.05999755859375,129.66000366210938,126.80999755859375,128.88999938964844,118.53622436523438,5612600.0
2023-05-30,IBM,129.55999755859375,130.07000732421875,128.25999450683594,129.47999572753906,119.0788345336914,3741100.0
2023-05-31,IBM,128.50999450683594,129.44000244140625,127.45999908447266,128.58999633789062,118.26033020019531,11590200.0
2023-06-01,IBM,128.44000244140625,130.14999389648438,127.77999877929688,129.82000732421875,119.39153289794922,4136100.0
2023-06-02,IBM,130.3800048828125,133.1199951171875,130.14999389648438,132.4199981689453,121.78266906738281,5375800.0
2023-06-05,IBM,133.1199951171875,133.5800018310547,132.27000427246094,132.63999938964844,121.9850082397461,3993500.0
2023-06-06,IBM,132.42999267578125,132.94000244140625,131.8800048828125,132.69000244140625,122.03097534179688,3298000.0
2023-06-07,IBM,132.5,134.44000244140625,132.19000244140625,134.3800048828125,123.58524322509766,5772000.0
2023-06-08,IBM,134.69000244140625,135.97999572753906,134.00999450683594,134.41000366210938,123.61282348632812,4128500.0
2023-06-09,IBM,134.36000061035156,136.10000610351562,134.1699981689453,135.3000030517578,124.43132019042969,3981500.0
2023-06-12,IBM,136.0,136.6199951171875,135.82000732421875,136.4199981689453,125.46134185791016,4494500.0
2023-06-13,IBM,136.50999450683594,138.1699981689453,136.0,137.60000610351562,126.54653930664062,3927300.0
2023-06-14,IBM,137.8000030517578,138.92999267578125,136.94000244140625,137.1999969482422,126.17868041992188,4514900.0
2023-06-15,IBM,137.27000427246094,138.8000030517578,137.17999267578125,138.39999389648438,127.28227233886719,3812600.0
2023-06-16,IBM,139.22999572753906,139.47000122070312,137.47000122070312,137.47999572753906,126.4361801147461,7473700.0
2023-06-20,IBM,136.36000061035156,137.22999572753906,135.88999938964844,135.9600067138672,125.0383071899414,4271300.0
2023-06-21,IBM,135.11000061035156,135.38999938964844,133.2899932861328,133.69000244140625,122.95064544677734,5501300.0
2023-06-22,IBM,131.67999267578125,132.9600067138672,130.67999267578125,131.1699981689453,120.6330795288086,6012800.0
2023-06-23,IBM,130.39999389648438,130.6199951171875,129.17999267578125,129.42999267578125,119.03285217285156,11324700.0
2023-06-26,IBM,129.38999938964844,131.41000366210938,129.30999755859375,131.33999633789062,120.78942108154297,4845600.0
2023-06-27,IBM,131.3000030517578,132.9499969482422,130.8300018310547,132.33999633789062,121.7091064453125,3219900.0
2023-06-28,IBM,132.05999755859375,132.1699981689453,130.91000366210938,131.75999450683594,121.17568969726562,2753800.0
2023-06-29,IBM,131.75,134.35000610351562,131.69000244140625,134.05999755859375,123.29093170166016,3639800.0
2023-06-30,IBM,134.69000244140625,135.02999877929688,133.42999267578125,133.80999755859375,123.06099700927734,4236700.0
2023-07-03,IBM,133.4199981689453,134.35000610351562,132.8699951171875,133.6699981689453,122.93226623535156,1477100.0
2023-07-05,IBM,133.32000732421875,134.30999755859375,132.58999633789062,134.24000549316406,123.45646667480469,2955100.0
2023-07-06,IBM,133.24000549316406,133.89999389648438,131.5500030517578,132.16000366210938,121.54354858398438,3507700.0
2023-07-07,IBM,131.77999877929688,133.85000610351562,131.75,132.0800018310547,121.46998596191406,2982700.0
2023-07-10,IBM,131.75999450683594,133.0500030517578,131.6999969482422,132.89999389648438,122.22409057617188,2369200.0
2023-07-11,IBM,133.66000366210938,134.55999755859375,133.22999572753906,134.44000244140625,123.6404037475586,2924000.0
2023-07-12,IBM,135.07000732421875,135.3300018310547,132.57000732421875,132.83999633789062,122.1689224243164,3732200.0
2023-07-13,IBM,133.50999450683594,135.07000732421875,133.36000061035156,133.9199981689453,123.16215515136719,3221400.0
2023-07-14,IBM,133.91000366210938,133.9199981689453,132.94000244140625,133.39999389648438,122.68395233154297,2861500.0
2023-07-17,IBM,133.25999450683594,134.61000061035156,133.10000610351562,134.24000549316406,123.45646667480469,3167400.0
2023-07-18,IBM,134.7100067138672,135.9499969482422,134.2899932861328,135.36000061035156,124.48648071289062,3852100.0
2023-07-19,IBM,135.52999877929688,136.4499969482422,135.19000244140625,135.47999572753906,124.59685516357422,5520000.0
2023-07-20,IBM,137.19000244140625,140.32000732421875,136.55999755859375,138.3800048828125,127.26390075683594,10896300.0
2023-07-21,IBM,138.2100067138672,139.77999877929688,137.75999450683594,138.94000244140625,127.77891540527344,5858600.0
2023-07-24,IBM,139.35000610351562,140.1199951171875,138.77999877929688,139.5399932861328,128.3306884765625,3475200.0
2023-07-25,IBM,139.4199981689453,140.42999267578125,139.0399932861328,140.3300018310547,129.0572509765625,3770800.0
2023-07-26,IBM,140.44000244140625,141.25,139.8800048828125,141.07000732421875,129.73782348632812,4046400.0
2023-07-27,IBM,142.3000030517578,143.3800048828125,141.89999389648438,142.97000122070312,131.48519897460938,6331600.0
2023-07-28,IBM,143.44000244140625,143.9499969482422,142.85000610351562,143.4499969482422,131.9266357421875,6686400.0
2023-07-31,IBM,143.80999755859375,144.60000610351562,143.52999877929688,144.17999267578125,132.5979766845703,6138100.0
2023-08-01,IBM,144.25,144.47999572753906,142.1699981689453,143.3300018310547,131.81626892089844,4797700.0
2023-08-02,IBM,142.77999877929688,144.3000030517578,142.30999755859375,144.1699981689453,132.58877563476562,4957400.0
2023-08-03,IBM,143.77999877929688,145.22000122070312,143.30999755859375,144.4499969482422,132.84629821777344,3951900.0
2023-08-04,IBM,145.08999633789062,146.08999633789062,143.99000549316406,144.24000549316406,132.65318298339844,4223100.0
2023-08-07,IBM,145.0,146.5,144.92999267578125,146.17999267578125,134.4373321533203,3438700.0
2023-08-08,IBM,145.6999969482422,146.14999389648438,144.11000061035156,145.91000366210938,134.18899536132812,4654600.0
2023-08-09,IBM,144.94000244140625,144.94000244140625,142.3000030517578,142.49000549316406,132.55177307128906,4072900.0
2023-08-10,IBM,143.0399932861328,144.5800018310547,142.69000244140625,143.25,133.25875854492188,4735800.0
2023-08-11,IBM,143.1199951171875,143.4499969482422,142.2100067138672,143.1199951171875,133.1378173828125,2526400.0
2023-08-14,IBM,143.0500030517578,143.3699951171875,141.8000030517578,141.91000366210938,132.01220703125,4226400.0
2023-08-15,IBM,141.5,142.30999755859375,141.1999969482422,141.8699951171875,131.97500610351562,3656600.0
2023-08-16,IBM,141.6999969482422,142.08999633789062,140.55999755859375,140.63999938964844,130.830810546875,3285300.0
2023-08-17,IBM,141.00999450683594,142.66000366210938,140.60000610351562,140.66000366210938,130.84942626953125,3742100.0
2023-08-18,IBM,140.0,141.8300018310547,139.75999450683594,141.41000366210938,131.54710388183594,3915500.0
2023-08-21,IBM,141.4199981689453,142.38999938964844,141.11000061035156,142.27999877929688,132.35643005371094,2937800.0
2023-08-22,IBM,142.66000366210938,143.22999572753906,141.3000030517578,141.49000549316406,131.62152099609375,3557500.0
2023-08-23,IBM,141.72000122070312,143.47999572753906,141.5800018310547,143.41000366210938,133.40760803222656,2559100.0
2023-08-24,IBM,143.50999450683594,144.47000122070312,143.22000122070312,143.5500030517578,133.537841796875,2900200.0
2023-08-25,IBM,144.17999267578125,145.47000122070312,143.5,145.35000610351562,135.21231079101562,3660100.0
2023-08-28,IBM,145.41000366210938,146.74000549316406,145.2100067138672,146.02000427246094,135.83555603027344,3561100.0
2023-08-29,IBM,146.3000030517578,146.72999572753906,145.6199951171875,146.4499969482422,136.23558044433594,2778100.0
2023-08-30,IBM,146.4199981689453,146.9199981689453,145.75,146.86000061035156,136.61697387695312,2245400.0
2023-08-31,IBM,146.94000244140625,147.72999572753906,146.5399932861328,146.8300018310547,136.5890350341797,3885900.0
2023-09-01,IBM,147.25999450683594,148.10000610351562,146.9199981689453,147.94000244140625,137.6216278076172,2727800.0
2023-09-05,IBM,147.91000366210938,149.0,147.57000732421875,148.1300048828125,137.79840087890625,3731300.0
2023-09-06,IBM,147.66000366210938,148.3300018310547,147.1199951171875,148.05999755859375,137.7332763671875,2932200.0
2023-09-07,IBM,148.1300048828125,148.77999877929688,147.39999389648438,147.52000427246094,137.23094177246094,3332900.0
2023-09-08,IBM,147.35000610351562,148.58999633789062,147.25999450683594,147.67999267578125,137.3797607421875,3722800.0
2023-09-11,IBM,148.57000732421875,148.77999877929688,147.5800018310547,148.3800048828125,138.03097534179688,3273600.0
2023-09-12,IBM,147.9199981689453,148.0,145.8000030517578,146.3000030517578,136.0960235595703,4457700.0
2023-09-13,IBM,145.9499969482422,146.97999572753906,145.9199981689453,146.5500030517578,136.32859802246094,2627800.0
2023-09-14,IBM,147.3800048828125,147.72999572753906,146.47999572753906,147.35000610351562,137.07281494140625,2723100.0
2023-09-15,IBM,147.11000061035156,147.85000610351562,145.52999877929688,145.99000549316406,135.8076629638672,6234000.0
2023-09-18,IBM,145.77000427246094,146.47999572753906,145.05999755859375,145.08999633789062,134.9704132080078,2508100.0
2023-09-19,IBM,145.0,146.72000122070312,144.66000366210938,146.52000427246094,136.3007049560547,3945400.0
2023-09-20,IBM,148.36000061035156,151.92999267578125,148.1300048828125,149.8300018310547,139.37982177734375,9632400.0
2023-09-21,IBM,149.0,149.25,147.30999755859375,147.3800048828125,137.1007080078125,4944600.0
2023-09-22,IBM,147.41000366210938,148.10000610351562,146.82000732421875,146.91000366210938,136.66351318359375,2562000.0
2023-09-25,IBM,146.57000732421875,147.42999267578125,146.25,146.47999572753906,136.26348876953125,2694200.0
2023-09-26,IBM,145.50999450683594,146.1699981689453,143.02000427246094,143.24000549316406,133.2494659423828,4824700.0
2023-09-27,IBM,143.6699981689453,143.82000732421875,141.75999450683594,143.1699981689453,133.18434143066406,4439800.0
2023-09-28,IBM,142.13999938964844,142.27999877929688,140.2100067138672,141.5800018310547,131.70523071289062,5783200.0
2023-09-29,IBM,142.0,142.1300048828125,139.61000061035156,140.3000030517578,130.51451110839844,5704000.0
2023-10-02,IBM,140.0399932861328,141.4499969482422,139.86000061035156,140.8000030517578,130.9796600341797,3275300.0
2023-10-03,IBM,140.8699951171875,141.63999938964844,140.0,140.38999938964844,130.5982208251953,3284400.0
2023-10-04,IBM,140.3699951171875,141.1999969482422,139.99000549316406,141.07000732421875,131.23080444335938,2637600.0
2023-10-05,IBM,140.89999389648438,141.6999969482422,140.19000244140625,141.52000427246094,131.64942932128906,3223900.0
2023-10-06,IBM,141.39999389648438,142.94000244140625,140.11000061035156,142.02999877929688,132.1238555908203,3511100.0
2023-10-09,IBM,142.3000030517578,142.39999389648438,140.67999267578125,142.1999969482422,132.28201293945312,2354400.0
2023-10-10,IBM,142.60000610351562,143.4199981689453,141.72000122070312,142.11000061035156,132.19827270507812,3015800.0
2023-10-11,IBM,142.50999450683594,143.33999633789062,142.13999938964844,143.22999572753906,133.2401580810547,2511500.0
2023-10-12,IBM,142.50999450683594,142.92999267578125,140.9499969482422,141.24000549316406,131.38894653320312,3921100.0
2023-10-13,IBM,139.77000427246094,140.1199951171875,138.27000427246094,138.4600067138672,128.80284118652344,4582800.0
2023-10-16,IBM,139.27999877929688,139.77999877929688,138.52000427246094,139.2100067138672,129.5005645751953,3361500.0
2023-10-17,IBM,137.1199951171875,140.6199951171875,136.30999755859375,140.32000732421875,130.5331268310547,4172800.0
2023-10-18,IBM,140.0,140.42999267578125,139.5800018310547,139.97000122070312,130.20755004882812,3330000.0
2023-10-19,IBM,138.63999938964844,139.41000366210938,137.92999267578125,138.00999450683594,128.38421630859375,5314200.0
2023-10-20,IBM,138.14999389648438,139.27000427246094,137.1199951171875,137.16000366210938,127.59353637695312,4865600.0
2023-10-23,IBM,136.6300048828125,137.67999267578125,135.8699951171875,136.3800048828125,126.86792755126953,3457500.0
2023-10-24,IBM,136.74000549316406,137.97999572753906,136.0500030517578,137.7899932861328,128.1795654296875,3698000.0
2023-10-25,IBM,137.5,138.49000549316406,136.3300018310547,137.0800018310547,127.51908111572266,6472500.0
2023-10-26,IBM,142.1999969482422,144.41000366210938,141.5800018310547,143.75999450683594,133.73318481445312,11130200.0
2023-10-27,IBM,143.6199951171875,144.6999969482422,141.7100067138672,142.52000427246094,132.57969665527344,5469200.0
2023-10-30,IBM,143.19000244140625,144.5,142.5800018310547,142.6300048828125,132.68202209472656,4204100.0
2023-10-31,IBM,143.0,144.75999450683594,142.58999633789062,144.63999938964844,134.5518035888672,6591800.0
2023-11-01,IBM,145.0,146.50999450683594,144.4499969482422,145.39999389648438,135.2587890625,4750100.0
2023-11-02,IBM,145.77000427246094,147.10000610351562,144.83999633789062,147.00999450683594,136.75648498535156,3902700.0
2023-11-03,IBM,147.4499969482422,148.4499969482422,147.27999877929688,147.89999389648438,137.5844268798828,3510500.0
2023-11-06,IBM,147.88999938964844,149.22999572753906,147.85000610351562,148.97000122070312,138.57980346679688,4597200.0
2023-11-07,IBM,149.02999877929688,149.27999877929688,148.02999877929688,148.8300018310547,138.4495849609375,3549900.0
2023-11-08,IBM,149.25,149.67999267578125,147.58999633789062,148.02999877929688,137.70535278320312,3618600.0
2023-11-09,IBM,146.5500030517578,146.99000549316406,145.27999877929688,146.6199951171875,137.94056701660156,3412700.0
2023-11-10,IBM,147.44000244140625,149.1699981689453,146.85000610351562,149.02000427246094,140.19851684570312,3179000.0
2023-11-13,IBM,148.4600067138672,148.49000549316406,147.35000610351562,148.10000610351562,139.3329620361328,2647200.0
2023-11-14,IBM,149.4499969482422,150.80999755859375,149.0500030517578,150.41000366210938,141.50621032714844,4321900.0
2023-11-15,IBM,150.39999389648438,153.22000122070312,150.39999389648438,152.5800018310547,143.54776000976562,4632500.0
2023-11-16,IBM,153.0,153.35000610351562,152.1300048828125,153.05999755859375,143.9993438720703,3519200.0
2023-11-17,IBM,153.2899932861328,153.5,152.4600067138672,152.88999938964844,143.8394012451172,4426500.0
2023-11-20,IBM,152.50999450683594,154.67999267578125,152.35000610351562,154.35000610351562,145.2129669189453,3658500.0
2023-11-21,IBM,154.60000610351562,154.66000366210938,153.50999450683594,153.91000366210938,144.79905700683594,2859500.0
2023-11-22,IBM,154.5,155.7100067138672,154.16000366210938,155.1300048828125,145.94680786132812,3044700.0
2023-11-24,IBM,155.1300048828125,155.39999389648438,153.9199981689453,155.17999267578125,145.99383544921875,1799200.0
2023-11-27,IBM,154.99000549316406,156.13999938964844,154.75,155.57000732421875,146.36077880859375,4053100.0
2023-11-28,IBM,155.44000244140625,155.75,154.86000061035156,155.64999389648438,146.43600463867188,2666200.0
2023-11-29,IBM,156.14999389648438,157.50999450683594,156.02000427246094,156.41000366210938,147.15103149414062,3568900.0
2023-11-30,IBM,156.9499969482422,158.60000610351562,156.88999938964844,158.55999755859375,149.17376708984375,6740600.0
2023-12-01,IBM,158.41000366210938,160.58999633789062,158.0,160.5500030517578,151.04595947265625,4871900.0
2023-12-04,IBM,160.2899932861328,162.7899932861328,160.2899932861328,161.10000610351562,151.56338500976562,5779000.0
2023-12-05,IBM,160.75999450683594,162.47000122070312,160.72000122070312,161.38999938964844,151.8362274169922,4556700.0
2023-12-06,IBM,161.58999633789062,162.35000610351562,160.00999450683594,160.27999877929688,150.7919158935547,3555900.0
2023-12-07,IBM,161.0,161.47000122070312,159.97000122070312,160.22000122070312,150.73548889160156,3665500.0
2023-12-08,IBM,160.0,162.0399932861328,160.0,161.9600067138672,152.3725128173828,4561300.0
2023-12-11,IBM,162.67999267578125,163.64999389648438,161.9499969482422,163.50999450683594,153.83071899414062,6077200.0
2023-12-12,IBM,163.27000427246094,166.33999633789062,162.9199981689453,164.7100067138672,154.95970153808594,5292300.0
2023-12-13,IBM,164.3699951171875,164.97000122070312,162.74000549316406,163.6199951171875,153.9342041015625,4989100.0
2023-12-14,IBM,162.92999267578125,163.5,160.14999389648438,162.91000366210938,153.26626586914062,6129800.0
2023-12-15,IBM,162.3000030517578,164.08999633789062,162.0399932861328,162.22999572753906,152.6265106201172,11016100.0
2023-12-18,IBM,162.22999572753906,163.3300018310547,161.5800018310547,162.74000549316406,153.10629272460938,3677300.0
2023-12-19,IBM,161.8000030517578,162.27999877929688,161.32000732421875,161.55999755859375,151.99620056152344,3766600.0
2023-12-20,IBM,161.2899932861328,161.8000030517578,160.00999450683594,160.0500030517578,150.57557678222656,4865800.0
2023-12-21,IBM,160.58999633789062,161.0800018310547,159.52999877929688,160.77999877929688,151.26234436035156,2982900.0
2023-12-22,IBM,161.10000610351562,162.41000366210938,161.0,162.13999938964844,152.54185485839844,2442700.0
2023-12-26,IBM,162.22999572753906,163.30999755859375,162.0500030517578,163.2100067138672,153.5485076904297,1772400.0
2023-12-27,IBM,163.13999938964844,163.63999938964844,162.67999267578125,163.4600067138672,153.78372192382812,3234600.0
2023-12-28,IBM,163.9600067138672,163.9600067138672,163.39999389648438,163.75,154.05653381347656,2071300.0
2023-12-29,IBM,163.75,164.17999267578125,162.8300018310547,163.5500030517578,153.8683624267578,2526200.0
2024-01-02,IBM,162.8300018310547,163.2899932861328,160.4600067138672,161.5,151.93972778320312,3825000.0
2024-01-03,IBM,161.0,161.72999572753906,160.0800018310547,160.10000610351562,150.6226043701172,4086100.0
2024-01-04,IBM,160.22000122070312,161.80999755859375,160.1699981689453,160.86000061035156,151.33763122558594,3212000.0
2024-01-05,IBM,159.91000366210938,160.5500030517578,158.6699981689453,159.16000366210938,149.73825073242188,4199400.0
2024-01-08,IBM,158.69000244140625,161.22000122070312,157.88999938964844,161.13999938964844,151.6010284423828,3321700.0
2024-01-09,IBM,160.0,160.47999572753906,159.50999450683594,160.0800018310547,150.6038055419922,2617200.0
2024-01-10,IBM,160.27999877929688,161.33999633789062,159.74000549316406,161.22999572753906,151.68569946289062,2967800.0
2024-01-11,IBM,161.02000427246094,162.22999572753906,160.2899932861328,162.16000366210938,152.5606689453125,3778200.0
2024-01-12,IBM,162.97000122070312,165.97999572753906,162.35000610351562,165.8000030517578,155.98516845703125,4958300.0
2024-01-16,IBM,165.8000030517578,167.25,165.33999633789062,166.9600067138672,157.0764923095703,4869600.0
2024-01-17,IBM,166.7899932861328,167.82000732421875,165.5,166.0800018310547,156.2486114501953,4288600.0
2024-01-18,IBM,166.49000549316406,166.99000549316406,165.0399932861328,166.83999633789062,156.96360778808594,3776900.0
2024-01-19,IBM,170.58999633789062,171.5800018310547,169.17999267578125,171.47999572753906,161.32894897460938,6929100.0
2024-01-22,IBM,172.82000732421875,174.4499969482422,172.39999389648438,172.8300018310547,162.59902954101562,4926000.0
2024-01-23,IBM,172.89999389648438,174.02000427246094,172.47999572753906,173.94000244140625,163.64334106445312,3983500.0
2024-01-24,IBM,174.75999450683594,174.86000061035156,172.89999389648438,173.92999267578125,163.63389587402344,9097800.0
2024-01-25,IBM,184.9600067138672,196.89999389648438,184.8300018310547,190.42999267578125,179.15716552734375,29596200.0
2024-01-26,IBM,191.30999755859375,192.38999938964844,186.16000366210938,187.4199981689453,176.32533264160156,9895900.0
2024-01-29,IBM,187.4600067138672,189.4600067138672,186.0500030517578,187.13999938964844,176.06192016601562,6107900.0
2024-01-30,IBM,187.7100067138672,188.64999389648438,186.77000427246094,187.8699951171875,176.74868774414062,4575100.0
2024-01-31,IBM,187.0500030517578,187.64999389648438,183.13999938964844,183.66000366210938,172.78793334960938,8876100.0
2024-02-01,IBM,183.6300048828125,187.50999450683594,182.7100067138672,186.89999389648438,175.83612060546875,4669400.0
2024-02-02,IBM,187.10000610351562,187.38999938964844,185.6199951171875,185.7899932861328,174.79183959960938,4055400.0
2024-02-05,IBM,185.50999450683594,185.77999877929688,183.25999450683594,183.4199981689453,172.5621337890625,4379600.0
2024-02-06,IBM,183.5500030517578,184.67999267578125,183.0399932861328,183.41000366210938,172.55271911621094,3337600.0
2024-02-07,IBM,183.33999633789062,184.02000427246094,182.6300048828125,183.74000549316406,172.8632049560547,4841200.0
2024-02-08,IBM,182.6300048828125,184.5500030517578,181.49000549316406,184.36000061035156,175.02777099609375,5161200.0
2024-02-09,IBM,184.44000244140625,187.17999267578125,183.85000610351562,186.33999633789062,176.9075469970703,5064600.0
2024-02-12,IBM,185.89999389648438,186.47999572753906,184.02999877929688,186.16000366210938,176.73667907714844,4724000.0
2024-02-13,IBM,184.27999877929688,184.77000427246094,182.36000061035156,183.6999969482422,174.40118408203125,4290500.0
2024-02-14,IBM,185.0,185.0,182.25999450683594,183.57000732421875,174.2777862548828,3173400.0
2024-02-15,IBM,183.6199951171875,186.97999572753906,183.6199951171875,186.8699951171875,177.41070556640625,4714300.0
2024-02-16,IBM,186.6300048828125,188.9499969482422,185.9499969482422,187.63999938964844,178.14173889160156,4842800.0
2024-02-20,IBM,187.63999938964844,188.77000427246094,183.05999755859375,183.44000244140625,174.15435791015625,4247200.0
2024-02-21,IBM,182.55999755859375,183.02999877929688,178.75,179.6999969482422,170.60365295410156,4723700.0
2024-02-22,IBM,182.4499969482422,184.5500030517578,181.92999267578125,184.2100067138672,174.8853759765625,5078400.0
2024-02-23,IBM,184.89999389648438,186.4600067138672,184.57000732421875,185.72000122070312,176.3189239501953,3433800.0
2024-02-26,IBM,185.60000610351562,186.1300048828125,184.05999755859375,184.1300048828125,174.80941772460938,4620800.0
2024-02-27,IBM,184.16000366210938,185.1300048828125,182.6199951171875,184.8699951171875,175.51193237304688,3641400.0
2024-02-28,IBM,184.6300048828125,185.3699951171875,183.5500030517578,185.3000030517578,175.92019653320312,3216300.0
2024-02-29,IBM,186.14999389648438,186.85000610351562,184.69000244140625,185.02999877929688,175.6638641357422,6458500.0
2024-03-01,IBM,185.49000549316406,188.3800048828125,185.17999267578125,188.1999969482422,178.6733856201172,4018400.0
2024-03-04,IBM,187.75999450683594,193.89999389648438,187.60000610351562,193.05999755859375,183.28736877441406,7938300.0
2024-03-05,IBM,192.0,193.94000244140625,190.57000732421875,191.9499969482422,182.2335662841797,5653600.0
2024-03-06,IBM,193.5,198.1300048828125,192.9600067138672,196.16000366210938,186.23046875,6945800.0
2024-03-07,IBM,197.5800018310547,198.72999572753906,196.13999938964844,196.5399932861328,186.59121704101562,4604500.0
2024-03-08,IBM,196.05999755859375,197.77000427246094,194.3800048828125,195.9499969482422,186.03109741210938,3943100.0
2024-03-11,IBM,195.08999633789062,195.3800048828125,190.8800048828125,191.72999572753906,182.02468872070312,4725100.0
2024-03-12,IBM,192.4600067138672,199.17999267578125,192.14999389648438,197.77999877929688,187.76846313476562,5880100.0
2024-03-13,IBM,197.5500030517578,198.10000610351562,195.32000732421875,196.6999969482422,186.7431182861328,3993300.0
2024-03-14,IBM,196.9499969482422,197.75,192.1199951171875,193.42999267578125,183.63864135742188,4109600.0
2024-03-15,IBM,191.99000549316406,193.05999755859375,190.6999969482422,191.07000732421875,181.39813232421875,8828200.0
2024-03-18,IBM,191.6999969482422,193.22999572753906,190.32000732421875,191.69000244140625,181.98672485351562,5410600.0
2024-03-19,IBM,191.49000549316406,193.5800018310547,190.27999877929688,193.33999633789062,183.55319213867188,5317300.0
2024-03-20,IBM,192.8699951171875,193.97999572753906,191.30999755859375,193.9600067138672,184.14183044433594,3238600.0
2024-03-21,IBM,193.0,193.3699951171875,190.00999450683594,191.89999389648438,182.18609619140625,6013600.0
2024-03-22,IBM,192.0,192.99000549316406,190.50999450683594,190.83999633789062,181.1797637939453,3988400.0
2024-03-25,IBM,190.25999450683594,190.82000732421875,188.75,188.7899932861328,179.23350524902344,3718300.0
2024-03-26,IBM,189.02000427246094,190.0,188.5,188.5,178.95822143554688,4229500.0
2024-03-27,IBM,189.60000610351562,190.9600067138672,188.60000610351562,190.8000030517578,181.1417694091797,3693300.0
2024-03-28,IBM,190.94000244140625,191.92999267578125,190.33999633789062,190.9600067138672,181.29367065429688,3742200.0
2024-04-01,IBM,190.0,190.4600067138672,188.52000427246094,189.8300018310547,180.22088623046875,2364300.0
2024-04-02,IBM,189.13999938964844,189.8000030517578,187.60000610351562,188.8800048828125,179.3189697265625,2693500.0
2024-04-03,IBM,188.60000610351562,191.35000610351562,188.49000549316406,190.89999389648438,181.2367401123047,2826200.0
2024-04-04,IBM,192.0,193.27999877929688,187.33999633789062,187.94000244140625,178.4265594482422,2983900.0
2024-04-05,IBM,188.58999633789062,190.32000732421875,188.02000427246094,189.13999938964844,179.56582641601562,2014300.0
2024-04-08,IBM,189.24000549316406,190.24000549316406,188.91000366210938,189.82000732421875,180.21141052246094,2678300.0
2024-04-09,IBM,190.5399932861328,191.25,186.66000366210938,189.30999755859375,179.7272186279297,2794200.0
2024-04-10,IBM,187.4199981689453,187.9199981689453,185.52000427246094,186.0399932861328,176.62274169921875,3081700.0
2024-04-11,IBM,186.0399932861328,186.8000030517578,184.5800018310547,185.89999389648438,176.48980712890625,2861700.0
2024-04-12,IBM,184.0,185.1699981689453,181.69000244140625,182.27000427246094,173.0435791015625,3547400.0
2024-04-15,IBM,185.57000732421875,187.47999572753906,180.8800048828125,181.25,172.07521057128906,3528100.0
2024-04-16,IBM,185.58999633789062,185.7100067138672,182.86000061035156,183.75,174.44866943359375,4473700.0
2024-04-17,IBM,184.16000366210938,184.6699981689453,181.77999877929688,183.10000610351562,173.83157348632812,3003000.0
2024-04-18,IBM,182.35000610351562,183.4600067138672,180.1699981689453,181.47000122070312,172.28407287597656,2886700.0
2024-04-19,IBM,182.42999267578125,182.8000030517578,180.57000732421875,181.5800018310547,172.38848876953125,3038000.0
2024-04-22,IBM,182.4499969482422,183.32000732421875,180.4499969482422,181.89999389648438,172.69229125976562,3076500.0
2024-04-23,IBM,182.72999572753906,184.67999267578125,179.0,182.19000244140625,172.9676055908203,5950200.0
2024-04-24,IBM,183.1699981689453,184.2899932861328,181.39999389648438,184.10000610351562,174.78094482421875,7616600.0
2024-04-25,IBM,168.1999969482422,172.4499969482422,165.66000366210938,168.91000366210938,160.35986328125,16702200.0
2024-04-26,IBM,167.5,167.8699951171875,165.72999572753906,167.1300048828125,158.66995239257812,8983800.0
2024-04-29,IBM,167.39999389648438,168.22000122070312,166.22999572753906,167.42999267578125,158.95474243164062,5242200.0
2024-04-30,IBM,166.49000549316406,166.75999450683594,165.25999450683594,166.1999969482422,157.78701782226562,6011600.0
2024-05-01,IBM,165.69000244140625,166.27000427246094,164.3000030517578,164.42999267578125,156.10662841796875,4029900.0
2024-05-02,IBM,164.35000610351562,164.8800048828125,162.6199951171875,164.69000244140625,156.3534698486328,3829900.0
2024-05-03,IBM,165.0,166.61000061035156,164.9199981689453,165.7100067138672,157.32183837890625,3400400.0
2024-05-06,IBM,166.5,168.6699981689453,166.3800048828125,168.61000061035156,160.07504272460938,4222300.0
2024-05-07,IBM,169.0,169.2899932861328,167.94000244140625,168.3800048828125,159.85667419433594,3155300.0
2024-05-08,IBM,168.00999450683594,170.25999450683594,167.89999389648438,169.89999389648438,161.29974365234375,3522000.0
2024-05-09,IBM,167.5,167.5500030517578,165.8800048828125,166.27000427246094,159.42047119140625,4266600.0
2024-05-10,IBM,167.1300048828125,168.07000732421875,166.32000732421875,167.14999389648438,160.26422119140625,2255400.0
2024-05-13,IBM,167.5,168.05999755859375,166.75999450683594,167.55999755859375,160.65733337402344,2414900.0
2024-05-14,IBM,167.86000061035156,168.1300048828125,166.47999572753906,167.36000061035156,160.465576171875,2601000.0
2024-05-15,IBM,167.94000244140625,168.35000610351562,167.33999633789062,168.25999450683594,161.3284912109375,4468800.0
2024-05-16,IBM,168.25999450683594,169.6300048828125,167.7899932861328,168.97000122070312,162.00924682617188,3492300.0
2024-05-17,IBM,168.97000122070312,169.11000061035156,167.3300018310547,169.02999877929688,162.0667724609375,2956400.0
2024-05-20,IBM,169.0,170.16000366210938,168.3800048828125,169.9199981689453,162.92010498046875,2726300.0
2024-05-21,IBM,169.94000244140625,174.97000122070312,169.94000244140625,173.47000122070312,166.3238525390625,6459800.0
2024-05-22,IBM,173.38999938964844,174.99000549316406,172.75999450683594,173.69000244140625,166.53480529785156,3294900.0
2024-05-23,IBM,175.38999938964844,175.4600067138672,170.44000244140625,170.6699981689453,163.63922119140625,3341300.0
2024-05-24,IBM,171.47999572753906,172.00999450683594,170.2100067138672,170.88999938964844,163.8501434326172,2587400.0
2024-05-28,IBM,170.44000244140625,171.08999633789062,168.64999389648438,169.66000366210938,162.6708221435547,2629500.0
2024-05-29,IBM,168.0,168.6300048828125,166.2100067138672,167.0500030517578,160.16835021972656,4206600.0
2024-05-30,IBM,165.55999755859375,166.72999572753906,164.22999572753906,165.6300048828125,158.8068389892578,3842400.0
2024-05-31,IBM,165.6999969482422,166.97000122070312,163.83999633789062,166.85000610351562,159.97659301757812,4905000.0
2024-06-03,IBM,166.5399932861328,166.77999877929688,163.52999877929688,165.27999877929688,158.47125244140625,2776100.0
2024-06-04,IBM,164.60000610351562,166.39999389648438,163.8800048828125,165.80999755859375,158.97943115234375,2594200.0
2024-06-05,IBM,166.41000366210938,167.7899932861328,165.77999877929688,167.3800048828125,160.4847412109375,3049400.0
2024-06-06,IBM,167.3800048828125,168.44000244140625,166.8000030517578,168.1999969482422,161.2709503173828,2207100.0
2024-06-07,IBM,168.17999267578125,171.30999755859375,168.05999755859375,170.00999450683594,163.0063934326172,3475500.0
2024-06-10,IBM,169.5500030517578,170.75999450683594,168.8800048828125,170.3800048828125,163.3611602783203,3440000.0
2024-06-11,IBM,169.97999572753906,170.0,166.80999755859375,169.32000732421875,162.34481811523438,2951300.0
2024-06-12,IBM,171.35000610351562,172.47000122070312,168.10000610351562,169.0,162.0380096435547,3522700.0
2024-06-13,IBM,169.00999450683594,169.58999633789062,168.33999633789062,169.1199951171875,162.15306091308594,3525700.0
2024-06-14,IBM,168.2899932861328,169.47000122070312,167.22999572753906,169.2100067138672,162.23936462402344,2777700.0
2024-06-17,IBM,168.75999450683594,169.72000122070312,167.5,169.5,162.5174102783203,3239800.0
2024-06-18,IBM,170.0,170.75,168.3800048828125,170.5500030517578,163.52413940429688,3386400.0
2024-06-20,IBM,174.0800018310547,174.27999877929688,171.22000122070312,173.9199981689453,166.7553253173828,4723100.0
2024-06-21,IBM,173.97000122070312,174.9600067138672,171.39999389648438,172.4600067138672,165.35548400878906,10181500.0
2024-06-24,IBM,175.0,178.4600067138672,174.14999389648438,175.00999450683594,167.8004150390625,4864700.0
2024-06-25,IBM,175.13999938964844,175.75,171.4199981689453,172.60000610351562,165.48971557617188,4069800.0
2024-06-26,IBM,171.27999877929688,172.67999267578125,170.41000366210938,171.8699951171875,164.78977966308594,2779000.0
2024-06-27,IBM,171.1199951171875,172.5,170.47999572753906,170.85000610351562,163.81179809570312,2894000.0
2024-06-28,IBM,170.85000610351562,173.4600067138672,170.52999877929688,172.9499969482422,165.82528686523438,4193300.0
2024-07-01,IBM,173.4499969482422,176.4600067138672,173.3800048828125,175.10000610351562,167.88673400878906,3321000.0
2024-07-02,IBM,174.83999633789062,177.49000549316406,174.32000732421875,177.3000030517578,169.99609375,2883300.0
2024-07-03,IBM,177.8800048828125,177.97999572753906,175.1699981689453,175.72999572753906,168.4907684326172,1649000.0
2024-07-05,IBM,175.74000549316406,176.08999633789062,173.9499969482422,176.02000427246094,168.76881408691406,2086000.0
2024-07-08,IBM,176.41000366210938,178.58999633789062,176.00999450683594,177.63999938964844,170.32208251953125,2503000.0
2024-07-09,IBM,177.60000610351562,177.6999969482422,175.5800018310547,176.47999572753906,169.20985412597656,2512700.0
2024-07-10,IBM,176.60000610351562,178.22000122070312,174.4499969482422,177.83999633789062,170.51385498046875,3462200.0
2024-07-11,IBM,177.64999389648438,179.44000244140625,176.6199951171875,178.30999755859375,170.9644775390625,2806800.0
2024-07-12,IBM,178.55999755859375,184.16000366210938,178.5,182.8300018310547,175.29827880859375,4785600.0
2024-07-15,IBM,183.3800048828125,184.89999389648438,182.60000610351562,182.8800048828125,175.3462371826172,2925700.0
2024-07-16,IBM,184.6699981689453,186.60000610351562,184.52000427246094,185.80999755859375,178.15550231933594,3374500.0
2024-07-17,IBM,185.44000244140625,187.94000244140625,185.07000732421875,187.4499969482422,179.72796630859375,4225300.0
2024-07-18,IBM,186.63999938964844,189.47000122070312,185.10000610351562,185.22000122070312,177.58981323242188,3487800.0
2024-07-19,IBM,186.3300018310547,187.0,181.9499969482422,183.25,175.70098876953125,3816000.0
2024-07-22,IBM,183.39999389648438,184.97000122070312,182.86000061035156,184.14999389648438,176.5638885498047,2488500.0
2024-07-23,IBM,184.36000061035156,185.3800048828125,183.00999450683594,184.10000610351562,176.51596069335938,2180200.0
2024-07-24,IBM,184.13999938964844,185.07000732421875,183.14999389648438,184.02000427246094,176.4392547607422,6962100.0
2024-07-25,IBM,186.8000030517578,196.25999450683594,185.3000030517578,191.97999572753906,184.0713348388672,9532800.0
2024-07-26,IBM,190.50999450683594,193.57000732421875,189.6199951171875,191.75,183.85081481933594,4294900.0
2024-07-29,IBM,193.17999267578125,193.2899932861328,189.17999267578125,191.5,183.61111450195312,3336800.0
2024-07-30,IBM,191.47999572753906,192.77000427246094,189.08999633789062,191.0399932861328,183.17005920410156,3065000.0
2024-07-31,IBM,191.0,194.5500030517578,189.99000549316406,192.13999938964844,184.22476196289062,5558400.0
2024-08-01,IBM,192.80999755859375,193.63999938964844,188.2899932861328,189.66000366210938,181.84689331054688,4085400.0
2024-08-02,IBM,188.77999877929688,189.25999450683594,185.6999969482422,189.1199951171875,181.3291473388672,4548800.0
2024-08-05,IBM,184.5500030517578,185.25999450683594,181.80999755859375,183.30999755859375,175.7584991455078,4975000.0
2024-08-06,IBM,184.6999969482422,188.89999389648438,183.63999938964844,186.8000030517578,179.104736328125,3632500.0
2024-08-07,IBM,188.0800018310547,189.8699951171875,186.6999969482422,186.8000030517578,179.104736328125,3801900.0
2024-08-08,IBM,187.5,192.8800048828125,187.0,192.61000061035156,184.67538452148438,3712700.0
2024-08-09,IBM,191.17999267578125,192.6300048828125,189.0399932861328,191.4499969482422,185.1686553955078,2773700.0
2024-08-12,IBM,191.25,191.5800018310547,189.0,189.47999572753906,183.26329040527344,2290300.0
2024-08-13,IBM,190.2899932861328,191.30999755859375,189.2100067138672,190.99000549316406,184.7237548828125,2178900.0
2024-08-14,IBM,191.14999389648438,193.08999633789062,190.72999572753906,192.32000732421875,186.0101318359375,1895100.0
2024-08-15,IBM,193.50999450683594,194.25,193.27999877929688,193.9499969482422,187.5866241455078,2472000.0
2024-08-16,IBM,193.5800018310547,194.35000610351562,192.86000061035156,193.77999877929688,187.42221069335938,2494400.0
2024-08-19,IBM,193.83999633789062,195.52999877929688,193.72000122070312,194.72999572753906,188.34104919433594,2361400.0
2024-08-20,IBM,194.58999633789062,196.2100067138672,193.75,196.02999877929688,189.598388671875,1790400.0
2024-08-21,IBM,195.97000122070312,197.3300018310547,194.1199951171875,197.2100067138672,190.73968505859375,2579300.0
2024-08-22,IBM,197.25,197.9199981689453,195.57000732421875,195.9600067138672,189.53070068359375,1969500.0
2024-08-23,IBM,196.7899932861328,197.3800048828125,194.38999938964844,196.10000610351562,189.6660919189453,2322000.0
2024-08-26,IBM,196.0,198.35000610351562,195.89999389648438,197.97999572753906,191.4844207763672,2567200.0
2024-08-27,IBM,197.44000244140625,199.39999389648438,196.97000122070312,198.72999572753906,192.20980834960938,2617100.0
2024-08-28,IBM,199.0,200.0,197.49000549316406,198.4600067138672,191.9486846923828,2645200.0
2024-08-29,IBM,199.3000030517578,201.1199951171875,198.27000427246094,198.89999389648438,192.3742218017578,2989600.0
2024-08-30,IBM,199.11000061035156,202.1699981689453,198.72999572753906,202.1300048828125,195.49826049804688,4751000.0
2024-09-03,IBM,201.91000366210938,204.72000122070312,200.2100067138672,201.27999877929688,194.67613220214844,3874700.0
2024-09-04,IBM,200.75999450683594,204.36000061035156,200.5,204.11000061035156,197.41329956054688,3142500.0
2024-09-05,IBM,204.0800018310547,205.9499969482422,200.9600067138672,202.58999633789062,195.94317626953125,3229200.0
2024-09-06,IBM,202.3800048828125,204.10000610351562,199.33999633789062,200.74000549316406,194.15386962890625,3304500.0
2024-09-09,IBM,201.94000244140625,205.0500030517578,201.42999267578125,203.52999877929688,196.85231018066406,3705000.0
2024-09-10,IBM,204.1999969482422,205.8300018310547,202.8699951171875,205.32000732421875,198.58360290527344,3070600.0
2024-09-11,IBM,207.75999450683594,210.1199951171875,203.0399932861328,209.88999938964844,203.00364685058594,5554300.0
2024-09-12,IBM,210.0,212.64999389648438,208.27000427246094,211.61000061035156,204.667236328125,4615300.0
2024-09-13,IBM,212.47999572753906,216.08999633789062,212.1300048828125,214.7899932861328,207.74288940429688,4572300.0
2024-09-16,IBM,215.8800048828125,217.89999389648438,215.52000427246094,217.16000366210938,210.03514099121094,4176100.0
2024-09-17,IBM,217.25,218.83999633789062,213.0,214.1300048828125,207.10455322265625,5635200.0
2024-09-18,IBM,214.1300048828125,216.86000061035156,213.58999633789062,214.94000244140625,207.8879852294922,3482800.0
2024-09-19,IBM,218.00999450683594,218.47999572753906,210.3699951171875,213.88999938964844,206.87242126464844,5279600.0
2024-09-20,IBM,214.3300018310547,217.85000610351562,213.74000549316406,217.6999969482422,210.5574188232422,9958800.0
2024-09-23,IBM,218.0,220.6199951171875,217.27000427246094,220.5,213.26556396484375,4074800.0
2024-09-24,IBM,219.77999877929688,221.19000244140625,218.16000366210938,220.97000122070312,213.72012329101562,3183900.0
2024-09-25,IBM,221.1699981689453,221.85000610351562,220.16000366210938,221.22999572753906,213.97157287597656,2537800.0
2024-09-26,IBM,222.11000061035156,224.0,221.36000061035156,223.42999267578125,216.09939575195312,2673200.0
2024-09-27,IBM,223.0,224.14999389648438,220.77000427246094,220.83999633789062,213.59439086914062,3830300.0
2024-09-30,IBM,220.64999389648438,221.32000732421875,219.02000427246094,221.0800018310547,213.82652282714844,3543400.0
2024-10-01,IBM,220.6300048828125,221.10000610351562,215.89999389648438,219.35000610351562,212.15328979492188,3548400.0
2024-10-02,IBM,218.30999755859375,220.1999969482422,215.8000030517578,219.72999572753906,212.52081298828125,3343400.0
2024-10-03,IBM,219.5,222.8300018310547,219.27000427246094,222.72000122070312,215.4127197265625,3788300.0
2024-10-04,IBM,223.75,226.0800018310547,223.27000427246094,226.0,218.58509826660156,3553800.0
2024-10-07,IBM,225.3800048828125,227.6699981689453,225.02000427246094,227.1199951171875,219.66835021972656,3458000.0
2024-10-08,IBM,228.11000061035156,229.35000610351562,227.0399932861328,228.6199951171875,221.119140625,3245100.0
2024-10-09,IBM,229.1999969482422,234.9499969482422,228.5,234.3000030517578,226.61279296875,5083600.0
2024-10-10,IBM,235.10000610351562,235.8300018310547,231.80999755859375,233.02000427246094,225.3748016357422,3142000.0
2024-10-11,IBM,233.25,233.44000244140625,230.4600067138672,233.25999450683594,225.60690307617188,3469200.0
2024-10-14,IBM,233.57000732421875,236.1199951171875,233.1699981689453,235.25999450683594,227.54127502441406,2524400.0
2024-10-15,IBM,236.39999389648438,237.3699951171875,232.7100067138672,232.9600067138672,225.31675720214844,3350600.0
2024-10-16,IBM,232.11000061035156,233.8800048828125,231.1199951171875,233.6699981689453,226.00344848632812,2846700.0
2024-10-17,IBM,232.0,233.14999389648438,230.66000366210938,232.8800048828125,225.2393798828125,5040100.0
2024-10-18,IBM,231.9199981689453,232.64999389648438,230.1699981689453,232.1999969482422,224.58168029785156,4715700.0
2024-10-21,IBM,231.2100067138672,232.4199981689453,230.25999450683594,231.75,224.14645385742188,2733300.0
2024-10-22,IBM,231.99000549316406,232.97000122070312,230.6699981689453,232.25,224.6300506591797,3180800.0
2024-10-23,IBM,230.41000366210938,233.33999633789062,230.25999450683594,232.75,225.1136474609375,5791000.0
2024-10-24,IBM,220.8000030517578,221.32000732421875,216.16000366210938,218.38999938964844,211.2247772216797,11193400.0
2024-10-25,IBM,216.8000030517578,218.64999389648438,214.38999938964844,214.6699981689453,207.62681579589844,8482200.0
2024-10-28,IBM,215.5,216.25,212.6999969482422,212.91000366210938,205.92459106445312,4993300.0
2024-10-29,IBM,211.99000549316406,213.33999633789062,209.85000610351562,210.42999267578125,203.52593994140625,5258400.0
2024-10-30,IBM,209.47999572753906,211.1199951171875,204.25999450683594,204.89999389648438,198.1773681640625,6956600.0
2024-10-31,IBM,204.1300048828125,208.1300048828125,203.50999450683594,206.72000122070312,199.93765258789062,5925300.0
2024-11-01,IBM,207.77000427246094,209.83999633789062,207.41000366210938,208.25,201.41748046875,3334100.0
2024-11-04,IBM,207.64999389648438,207.6999969482422,205.8000030517578,206.32000732421875,199.55081176757812,2593900.0
2024-11-05,IBM,206.1699981689453,208.1199951171875,205.57000732421875,207.57000732421875,200.75978088378906,2441500.0
2024-11-06,IBM,213.47999572753906,214.3300018310547,210.3699951171875,213.60000610351562,206.59193420410156,3934400.0
2024-11-07,IBM,213.63999938964844,214.52000427246094,211.92999267578125,213.69000244140625,206.67897033691406,3675800.0
2024-11-08,IBM,214.16000366210938,216.6999969482422,212.77999877929688,213.72000122070312,206.70799255371094,3201000.0
2024-11-11,IBM,214.39999389648438,215.41000366210938,213.47999572753906,213.57000732421875,206.56292724609375,3013000.0
2024-11-12,IBM,211.89999389648438,213.02999877929688,209.05999755859375,210.86000061035156,205.5491180419922,2817800.0
2024-11-13,IBM,209.5,211.41000366210938,209.07000732421875,210.9199981689453,205.60760498046875,3247800.0
2024-11-14,IBM,210.0,210.5,206.35000610351562,208.99000549316406,203.72622680664062,6372900.0
2024-11-15,IBM,207.4600067138672,208.49000549316406,204.07000732421875,204.99000549316406,199.82696533203125,3986500.0
2024-11-18,IBM,207.0,208.4199981689453,205.3699951171875,208.08999633789062,202.84889221191406,3405900.0
2024-11-19,IBM,206.5,210.3300018310547,206.19000244140625,210.25,204.9544677734375,2860700.0
2024-11-20,IBM,211.0,214.9600067138672,209.77000427246094,214.60000610351562,209.19493103027344,4562900.0
2024-11-21,IBM,215.80999755859375,222.6300048828125,215.27000427246094,222.39999389648438,216.79844665527344,5236400.0
2024-11-22,IBM,223.35000610351562,227.1999969482422,220.88999938964844,222.97000122070312,217.35409545898438,5320700.0
2024-11-25,IBM,223.35000610351562,226.4199981689453,222.64999389648438,226.1300048828125,220.43450927734375,7189300.0
2024-11-26,IBM,226.72999572753906,228.97999572753906,225.50999450683594,228.8300018310547,223.06649780273438,4449500.0
2024-11-27,IBM,228.8300018310547,229.19000244140625,224.27000427246094,226.9199981689453,221.20460510253906,2995100.0
2024-11-29,IBM,227.75,230.36000061035156,227.19000244140625,227.41000366210938,221.68228149414062,2640300.0
2024-12-02,IBM,227.5,228.3800048828125,225.50999450683594,227.38999938964844,221.66278076171875,2655900.0
2024-12-03,IBM,227.24000549316406,229.11000061035156,226.6699981689453,229.0,223.23223876953125,3163800.0
2024-12-04,IBM,230.0,233.74000549316406,229.35000610351562,233.49000549316406,227.60914611816406,4104200.0
2024-12-05,IBM,233.5500030517578,236.52000427246094,233.4600067138672,234.75,228.83740234375,4791100.0
2024-12-06,IBM,234.42999267578125,238.3800048828125,234.22000122070312,238.0399932861328,232.0445556640625,4028400.0
2024-12-09,IBM,238.0,239.35000610351562,228.91000366210938,230.0,224.20704650878906,4970400.0
2024-12-10,IBM,228.39999389648438,234.38999938964844,227.8000030517578,231.72000122070312,225.88372802734375,4769500.0
2024-12-11,IBM,232.69000244140625,233.0,229.1300048828125,230.1199951171875,224.3240203857422,3872700.0
2024-12-12,IBM,230.66000366210938,233.88999938964844,230.3800048828125,232.25999450683594,226.41012573242188,4515700.0
2024-12-13,IBM,232.25,233.77999877929688,230.25999450683594,230.82000732421875,225.0063934326172,2757400.0
2024-12-16,IBM,230.72999572753906,231.02999877929688,226.8800048828125,229.3300018310547,223.55392456054688,3610300.0
2024-12-17,IBM,229.22999572753906,230.1999969482422,227.6199951171875,228.97000122070312,223.20298767089844,3651300.0
2024-12-18,IBM,229.0399932861328,229.0399932861328,220.02999877929688,220.1699981689453,214.6246337890625,4152500.0
2024-12-19,IBM,224.4199981689453,226.1999969482422,222.97999572753906,223.9199981689453,218.28016662597656,4427200.0
2024-12-20,IBM,222.72999572753906,227.67999267578125,221.67999267578125,223.36000061035156,217.7342987060547,12423200.0
2024-12-23,IBM,222.80999755859375,223.74000549316406,221.0800018310547,221.92999267578125,216.34030151367188,2988100.0
2024-12-24,IBM,222.27000427246094,224.44000244140625,221.5399932861328,224.41000366210938,218.75784301757812,1186200.0
2024-12-26,IBM,223.30999755859375,225.39999389648438,222.5500030517578,224.88999938964844,219.2257537841797,3286500.0
2024-12-27,IBM,223.13999938964844,224.4199981689453,221.41000366210938,222.77999877929688,217.16888427734375,1810800.0
2024-12-30,IBM,220.5399932861328,221.58999633789062,217.64999389648438,220.25,214.70260620117188,2095600.0
2024-12-31,IBM,220.72000122070312,221.0500030517578,218.44000244140625,219.8300018310547,214.29319763183594,2270200.0
2025-01-02,IBM,221.82000732421875,222.49000549316406,217.60000610351562,219.94000244140625,214.40042114257812,2579500.0
2025-01-03,IBM,220.5500030517578,223.66000366210938,220.5500030517578,222.64999389648438,217.04217529296875,3872100.0
2025-01-06,IBM,223.0,224.35000610351562,220.75,222.6699981689453,217.0616455078125,2846700.0
2025-01-07,IBM,223.35000610351562,226.7100067138672,222.8300018310547,223.9600067138672,218.31918334960938,3299300.0
2025-01-08,IBM,223.91000366210938,224.89999389648438,220.8300018310547,223.17999267578125,217.5587921142578,2619800.0
2025-01-10,IBM,222.0,222.42999267578125,216.8000030517578,219.75,214.2152099609375,3570300.0
2025-01-13,IBM,217.88999938964844,219.58999633789062,214.75,217.39999389648438,211.9243927001953,3716800.0
2025-01-14,IBM,218.0,218.1300048828125,214.61000061035156,217.75,212.2655792236328,3485500.0
2025-01-15,IBM,220.8699951171875,221.67999267578125,218.00999450683594,220.02999877929688,214.4881591796875,2951600.0
2025-01-16,IBM,219.69000244140625,222.67999267578125,217.3800048828125,222.66000366210938,217.05191040039062,3329100.0
2025-01-17,IBM,225.9600067138672,225.9600067138672,223.63999938964844,224.7899932861328,219.12826538085938,5506800.0
2025-01-21,IBM,224.99000549316406,227.4499969482422,222.8300018310547,224.25999450683594,218.6116180419922,3982200.0
2025-01-22,IBM,221.97999572753906,224.39999389648438,220.35000610351562,223.25999450683594,217.6367950439453,4759500.0
2025-01-23,IBM,223.94000244140625,226.0399932861328,223.14999389648438,226.0399932861328,220.34677124023438,3619700.0
2025-01-24,IBM,225.27000427246094,226.80999755859375,223.8000030517578,224.8000030517578,219.13803100585938,3232900.0
2025-01-27,IBM,222.19000244140625,224.3000030517578,219.83999633789062,224.1300048828125,218.48489379882812,4898400.0
2025-01-28,IBM,224.32000732421875,225.77000427246094,221.77000427246094,225.66000366210938,219.9763641357422,4485400.0
2025-01-29,IBM,225.6199951171875,229.47000122070312,223.72999572753906,228.6300048828125,222.87155151367188,7079800.0
2025-01-30,IBM,250.0,261.79998779296875,247.00999450683594,258.2699890136719,251.76499938964844,15381900.0
2025-01-31,IBM,256.04998779296875,257.239990234375,251.88999938964844,255.6999969482422,249.25973510742188,7199800.0
2025-02-03,IBM,252.39999389648438,262.05999755859375,251.83999633789062,260.7300109863281,254.16305541992188,8408500.0
2025-02-04,IBM,260.0,265.25,258.1199951171875,264.4599914550781,257.7991027832031,6077700.0
2025-02-05,IBM,265.7099914550781,265.7200012207031,261.17999267578125,263.29998779296875,256.6683349609375,6165100.0
2025-02-06,IBM,262.9800109863281,263.3800048828125,252.72999572753906,253.44000244140625,247.05667114257812,6128300.0
2025-02-07,IBM,255.27999877929688,256.92999267578125,252.02000427246094,252.33999633789062,245.984375,3370300.0
2025-02-10,IBM,250.86000061035156,251.9499969482422,246.8699951171875,249.27000427246094,244.61056518554688,3564400.0
2025-02-11,IBM,251.10000610351562,256.75,250.5800018310547,254.6999969482422,249.9390411376953,4801600.0
2025-02-12,IBM,252.72000122070312,256.3999938964844,252.02000427246094,255.80999755859375,251.02828979492188,3075300.0
2025-02-13,IBM,255.66000366210938,259.2799987792969,254.41000366210938,259.19000244140625,254.34512329101562,4531500.0
2025-02-14,IBM,259.0,261.94000244140625,257.9100036621094,261.2799987792969,256.39605712890625,3925300.0
2025-02-18,IBM,261.92999267578125,263.9599914550781,259.8299865722656,263.07000732421875,258.1526184082031,4262800.0
2025-02-19,IBM,262.0,264.3599853515625,260.0899963378906,264.32000732421875,259.3792419433594,3718700.0
2025-02-20,IBM,263.6499938964844,265.0899963378906,262.1499938964844,264.739990234375,259.7913818359375,4884800.0
2025-02-21,IBM,263.8500061035156,264.8299865722656,261.1000061035156,261.4800109863281,256.5923156738281,5667900.0
2025-02-24,IBM,261.5,263.8500061035156,259.5799865722656,261.8699951171875,256.9750061035156,4398100.0
2025-02-25,IBM,261.0799865722656,263.4800109863281,256.7699890136719,257.75,252.93203735351562,6292200.0
2025-02-26,IBM,258.1000061035156,258.3299865722656,254.41000366210938,255.83999633789062,251.05772399902344,3460100.0
2025-02-27,IBM,255.22000122070312,257.6300048828125,253.0500030517578,253.22999572753906,248.49652099609375,3402200.0
2025-02-28,IBM,250.86000061035156,252.80999755859375,246.5399932861328,252.44000244140625,247.72128295898438,7988800.0
2025-03-03,IBM,254.74000549316406,255.99000549316406,248.25,250.19000244140625,245.5133514404297,2977700.0
2025-03-04,IBM,248.75,255.47999572753906,248.10000610351562,253.2100067138672,248.47691345214844,5342100.0
2025-03-05,IBM,251.5800018310547,252.74000549316406,247.00999450683594,251.35000610351562,246.65167236328125,4009800.0
2025-03-06,IBM,249.75,252.10000610351562,246.8000030517578,248.69000244140625,244.04139709472656,3254400.0
2025-03-07,IBM,245.9499969482422,261.9599914550781,245.17999267578125,261.5400085449219,256.65118408203125,6700200.0
2025-03-10,IBM,261.55999755859375,266.45001220703125,254.75,256.8999938964844,252.09791564941406,8165500.0
2025-03-11,IBM,255.99000549316406,256.70001220703125,245.86000061035156,248.9499969482422,244.29652404785156,5630600.0
2025-03-12,IBM,250.35000610351562,253.1300048828125,245.52999877929688,249.6300048828125,244.9638214111328,3848800.0
2025-03-13,IBM,248.8000030517578,249.27000427246094,243.0399932861328,245.8000030517578,241.20541381835938,3862400.0
2025-03-14,IBM,242.75,248.9499969482422,241.67999267578125,248.35000610351562,243.70774841308594,4045200.0
2025-03-17,IBM,249.25,254.6300048828125,249.0,252.97000122070312,248.24139404296875,3233900.0
2025-03-18,IBM,252.50999450683594,252.57000732421875,245.1199951171875,246.9499969482422,242.33392333984375,4171900.0
2025-03-19,IBM,248.3300018310547,253.66000366210938,246.63999938964844,252.2899932861328,247.5740966796875,3853600.0
2025-03-20,IBM,244.24000549316406,246.8000030517578,237.22000122070312,243.32000732421875,238.7717742919922,7026800.0
2025-03-21,IBM,241.69000244140625,245.2100067138672,238.5,243.8699951171875,239.3114776611328,9580100.0
2025-03-24,IBM,247.30999755859375,248.82000732421875,245.97000122070312,248.4499969482422,243.8058624267578,4753300.0
2025-03-25,IBM,248.36000061035156,250.89999389648438,248.1999969482422,249.89999389648438,245.22877502441406,3133800.0
2025-03-26,IBM,251.25,254.32000732421875,249.52999877929688,250.33999633789062,245.66055297851562,4450100.0
2025-03-27,IBM,249.7100067138672,250.3000030517578,245.72999572753906,246.2100067138672,241.6077423095703,2889300.0
2025-03-28,IBM,246.27000427246094,247.57000732421875,242.07000732421875,244.0,239.43905639648438,3125300.0
2025-03-31,IBM,242.74000549316406,250.88999938964844,242.49000549316406,248.66000366210938,244.01194763183594,6795000.0
2025-04-01,IBM,248.02999877929688,250.6199951171875,243.49000549316406,250.33999633789062,245.66055297851562,4412900.0
2025-04-02,IBM,248.22000122070312,252.7899932861328,247.22999572753906,249.97999572753906,245.30726623535156,4080800.0
2025-04-03,IBM,242.7100067138672,250.61000061035156,242.52999877929688,243.49000549316406,238.9385986328125,5309600.0
2025-04-04,IBM,238.0,240.16000366210938,226.8800048828125,227.47999572753906,223.22784423828125,7407100.0
2025-04-07,IBM,219.24000549316406,232.2899932861328,214.5,225.77999877929688,221.55963134765625,7797900.0
2025-04-08,IBM,232.55999755859375,233.0500030517578,217.27999877929688,221.02999877929688,216.89842224121094,6850000.0
2025-04-09,IBM,217.1199951171875,236.3000030517578,215.16000366210938,235.30999755859375,230.91148376464844,7302800.0
2025-04-10,IBM,231.0,232.57000732421875,222.02000427246094,229.5500030517578,225.2591552734375,5656100.0
2025-04-11,IBM,229.72000122070312,237.5800018310547,227.50999450683594,235.47999572753906,231.07830810546875,4325900.0
2025-04-14,IBM,239.77000427246094,241.77000427246094,236.72999572753906,239.05999755859375,234.5913848876953,3321500.0
2025-04-15,IBM,239.5500030517578,241.52999877929688,238.27000427246094,240.6999969482422,236.2007293701172,3363700.0
2025-04-16,IBM,240.27999877929688,243.3000030517578,235.88999938964844,238.57000732421875,234.1105499267578,4869900.0
2025-04-17,IBM,239.67999267578125,241.77999877929688,237.39999389648438,238.80999755859375,234.3460693359375,4635200.0
2025-04-21,IBM,238.07000732421875,240.80999755859375,232.92999267578125,236.22000122070312,231.80447387695312,4908900.0
2025-04-22,IBM,238.5,242.63999938964844,238.02000427246094,240.89999389648438,236.39700317382812,4232700.0
2025-04-23,IBM,246.0,249.33999633789062,243.66000366210938,245.47999572753906,240.8914031982422,7948300.0
2025-04-24,IBM,231.17999267578125,232.77999877929688,224.44000244140625,229.3300018310547,225.04327392578125,15428100.0
2025-04-25,IBM,228.9499969482422,233.36000061035156,226.32000732421875,232.41000366210938,228.06570434570312,6700100.0
2025-04-28,IBM,232.86000061035156,236.6300048828125,232.07000732421875,236.16000366210938,231.74560546875,3653500.0
2025-04-29,IBM,237.0,239.97999572753906,236.13999938964844,239.38999938964844,234.9152374267578,3426500.0
2025-04-30,IBM,236.72999572753906,242.47000122070312,234.33999633789062,241.82000732421875,237.2998046875,5143000.0
2025-05-01,IBM,241.44000244140625,242.3699951171875,237.9499969482422,239.66000366210938,235.18017578125,4243300.0
2025-05-02,IBM,243.1300048828125,245.69000244140625,241.3300018310547,245.5500030517578,240.9600830078125,3731900.0
2025-05-05,IBM,243.74000549316406,249.8000030517578,243.63999938964844,249.17999267578125,244.52223205566406,4137800.0
2025-05-06,IBM,247.75999450683594,250.19000244140625,246.11000061035156,249.1199951171875,244.46334838867188,2900600.0
2025-05-07,IBM,249.4499969482422,254.47000122070312,248.8300018310547,253.3699951171875,248.63389587402344,3399700.0
2025-05-08,IBM,255.0,256.5199890136719,253.25,254.13999938964844,249.38951110839844,3637000.0
2025-05-09,IBM,252.50999450683594,253.0,247.63999938964844,249.1999969482422,246.16915893554688,2901300.0
2025-05-12,IBM,252.5,253.80999755859375,244.64999389648438,253.69000244140625,250.60455322265625,4609500.0
2025-05-13,IBM,254.42999267578125,259.5799865722656,252.8800048828125,258.5899963378906,255.44496154785156,3521400.0
2025-05-14,IBM,257.6000061035156,260.54998779296875,256.2200012207031,257.82000732421875,254.684326171875,3634700.0
2025-05-15,IBM,259.010009765625,267.42999267578125,258.6099853515625,266.67999267578125,263.4365539550781,4856300.0
2025-05-16,IBM,266.3500061035156,267.9800109863281,264.5899963378906,266.760009765625,263.515625,3817900.0
2025-05-19,IBM,265.45001220703125,269.1400146484375,265.0799865722656,268.4100036621094,265.1455078125,3198600.0
2025-05-20,IBM,267.3999938964844,269.2799987792969,265.6199951171875,266.95001220703125,263.70330810546875,2437900.0
2025-05-21,IBM,264.9700012207031,265.6499938964844,260.4100036621094,260.8699951171875,257.6972351074219,3753900.0
2025-05-22,IBM,260.7699890136719,261.2699890136719,257.9100036621094,258.3699951171875,255.2276153564453,3091300.0
2025-05-23,IBM,258.5799865722656,259.8699951171875,255.7899932861328,258.6300048828125,255.48446655273438,2722600.0
2025-05-27,IBM,261.0,263.7900085449219,259.6300048828125,263.2300109863281,260.0285339355469,3284200.0
2025-05-28,IBM,263.1600036621094,265.0,259.94000244140625,260.239990234375,257.0748596191406,2318400.0
2025-05-29,IBM,260.75,261.1300048828125,256.7699890136719,258.69000244140625,255.5437469482422,2295000.0
2025-05-30,IBM,258.75,260.1199951171875,257.1000061035156,259.05999755859375,255.9092254638672,9668900.0
2025-06-02,IBM,257.8500061035156,263.9800109863281,257.2200012207031,263.8999938964844,260.69036865234375,2831900.0
2025-06-03,IBM,263.3500061035156,265.55999755859375,262.5799865722656,265.20001220703125,261.9745788574219,2494700.0
2025-06-04,IBM,264.8999938964844,267.0,264.7900085449219,265.5199890136719,262.2906494140625,2588600.0
2025-06-05,IBM,265.20001220703125,267.510009765625,265.1000061035156,266.8599853515625,263.6143798828125,2658400.0
2025-06-06,IBM,267.989990234375,270.1700134277344,267.5299987792969,268.8699951171875,265.5999450683594,2495200.0
2025-06-09,IBM,268.1000061035156,273.4700012207031,266.7099914550781,272.0799865722656,268.7708740234375,4331500.0
2025-06-10,IBM,273.19000244140625,277.4700012207031,272.55999755859375,276.239990234375,272.8802795410156,5163500.0
2025-06-11,IBM,276.70001220703125,281.75,275.1099853515625,281.5199890136719,278.0960693359375,4656000.0
2025-06-12,IBM,281.5299987792969,283.05999755859375,279.8299865722656,281.0299987792969,277.6120300292969,3418000.0
2025-06-13,IBM,278.2099914550781,279.8399963378906,275.8299865722656,277.2200012207031,273.8483581542969,3243800.0
2025-06-16,IBM,279.30999755859375,284.5,278.6700134277344,281.8299865722656,278.40228271484375,3685300.0
2025-06-17,IBM,281.1499938964844,284.7900085449219,281.0,283.04998779296875,279.6074523925781,3069600.0
2025-06-18,IBM,285.0,286.9100036621094,282.94000244140625,283.2099914550781,279.7655029296875,3534100.0
2025-06-20,IBM,279.2799987792969,284.1199951171875,277.20001220703125,280.9700012207031,277.5527648925781,7677000.0
2025-06-23,IBM,281.6499938964844,289.5799865722656,280.2099914550781,289.17999267578125,285.66290283203125,3786200.0
2025-06-24,IBM,290.4599914550781,294.3399963378906,288.4100036621094,293.7900085449219,290.21685791015625,4219100.0
2025-06-25,IBM,294.489990234375,296.1600036621094,289.5,291.05999755859375,287.52001953125,3862300.0
2025-06-26,IBM,291.79998779296875,292.9100036621094,290.1700134277344,291.92999267578125,288.37945556640625,3621100.0
2025-06-27,IBM,292.9700012207031,293.1199951171875,288.5199890136719,289.70001220703125,286.1766052246094,3562500.0
2025-06-30,IBM,290.92999267578125,294.80999755859375,290.0,294.7799987792969,291.1947937011719,3495400.0
2025-07-01,IBM,294.54998779296875,295.1099853515625,290.0799865722656,291.20001220703125,287.6583557128906,3272800.0
2025-07-02,IBM,290.0,290.19000244140625,286.8999938964844,287.6499938964844,284.1515197753906,3257500.0
2025-07-03,IBM,287.94000244140625,292.32000732421875,287.8999938964844,291.9700012207031,288.4189758300781,1853300.0
2025-07-07,IBM,292.5,295.2200012207031,290.3599853515625,292.4700012207031,288.91290283203125,4488100.0
2025-07-08,IBM,293.1000061035156,295.6099853515625,289.489990234375,290.4200134277344,286.8878173828125,2925300.0
2025-07-09,IBM,291.3900146484375,291.6000061035156,288.6300048828125,290.1400146484375,286.61126708984375,2971300.0
2025-07-10,IBM,288.8999938964844,288.8999938964844,282.2099914550781,287.42999267578125,283.9342041015625,3487800.0
2025-07-11,IBM,285.010009765625,287.42999267578125,282.9200134277344,283.5899963378906,280.1408996582031,3790700.0
2025-07-14,IBM,282.8299865722656,284.92999267578125,281.7099914550781,283.7900085449219,280.3384704589844,2857100.0
2025-07-15,IBM,283.7699890136719,284.1499938964844,280.7300109863281,282.70001220703125,279.2617492675781,2864100.0
2025-07-16,IBM,282.75,283.8699951171875,279.8699951171875,281.9200134277344,278.4912414550781,2804800.0
2025-07-17,IBM,281.5,283.4599914550781,280.8999938964844,282.0,278.5702209472656,3337200.0
2025-07-18,IBM,283.3800048828125,287.1600036621094,282.2200012207031,285.8699951171875,282.3931579589844,4478200.0
2025-07-21,IBM,286.2900085449219,287.7300109863281,284.3800048828125,284.7099914550781,281.24725341796875,3051800.0
2025-07-22,IBM,284.739990234375,284.8800048828125,281.25,281.9599914550781,278.5307312011719,4824200.0
2025-07-23,IBM,284.29998779296875,288.0799865722656,281.44000244140625,282.010009765625,278.58013916015625,8105900.0
2025-07-24,IBM,261.25,262.04998779296875,252.75,260.510009765625,257.34161376953125,22647700.0
2025-07-25,IBM,260.0199890136719,260.79998779296875,256.3500061035156,259.7200012207031,256.56121826171875,7758700.0
2025-07-28,IBM,260.29998779296875,264.0,259.6099853515625,263.2099914550781,260.0087585449219,5192500.0
2025-07-29,IBM,264.29998779296875,265.79998779296875,261.0199890136719,262.4100036621094,259.218505859375,4627300.0
2025-07-30,IBM,261.6000061035156,262.0,258.8999938964844,260.260009765625,257.09466552734375,3718300.0
2025-07-31,IBM,259.57000732421875,259.989990234375,252.22000122070312,253.14999389648438,250.07110595703125,6739100.0
2025-08-01,IBM,251.41000366210938,251.47999572753906,245.61000061035156,250.0500030517578,247.00881958007812,9683400.0
2025-08-04,IBM,251.0500030517578,252.0800018310547,248.11000061035156,251.97999572753906,248.91534423828125,5280600.0
2025-08-05,IBM,252.0,252.8000030517578,249.0,250.6699981689453,247.62127685546875,5823000.0
2025-08-06,IBM,251.52999877929688,254.32000732421875,249.27999877929688,252.27999877929688,249.21170043945312,3692100.0
2025-08-07,IBM,252.80999755859375,255.0,248.8800048828125,250.16000366210938,247.11749267578125,6251300.0
2025-08-08,IBM,248.8800048828125,249.47999572753906,241.64999389648438,242.27000427246094,240.94154357910156,6828400.0
2025-08-11,IBM,242.24000549316406,243.14999389648438,234.6999969482422,236.3000030517578,235.0042724609375,9382000.0
2025-08-12,IBM,236.52999877929688,237.9600067138672,233.36000061035156,234.77000427246094,233.482666015625,8792800.0
2025-08-13,IBM,236.1999969482422,240.83999633789062,236.1999969482422,240.07000732421875,238.7536163330078,5663600.0
2025-08-14,IBM,238.25,239.0,235.6199951171875,237.11000061035156,235.80982971191406,4556700.0
2025-08-15,IBM,237.61000061035156,240.6199951171875,236.77000427246094,239.72000122070312,238.405517578125,4344300.0
2025-08-18,IBM,239.57000732421875,241.4199981689453,239.1199951171875,239.4499969482422,238.13699340820312,3569600.0
2025-08-19,IBM,240.0,242.8300018310547,239.49000549316406,241.27999877929688,239.95697021484375,3328300.0
2025-08-20,IBM,242.11000061035156,242.8800048828125,240.33999633789062,242.5500030517578,241.22000122070312,3240100.0
2025-08-21,IBM,242.2100067138672,242.5,238.64999389648438,239.39999389648438,238.08726501464844,2991900.0
2025-08-22,IBM,240.74000549316406,243.67999267578125,240.22000122070312,242.08999633789062,240.7625274658203,3134900.0
2025-08-25,IBM,242.57000732421875,242.57000732421875,239.42999267578125,239.42999267578125,238.1171112060547,3513300.0
2025-08-26,IBM,241.02000427246094,244.97999572753906,240.3800048828125,242.6300048828125,241.29957580566406,5386600.0
2025-08-27,IBM,242.8699951171875,245.9600067138672,242.0,244.83999633789062,243.4974365234375,3698400.0
2025-08-28,IBM,245.42999267578125,245.8800048828125,243.36000061035156,245.72999572753906,244.382568359375,2820800.0
2025-08-29,IBM,245.22999572753906,245.4600067138672,241.72000122070312,243.49000549316406,242.1548614501953,2967600.0
2025-09-02,IBM,240.89999389648438,241.5500030517578,238.25,241.5,240.17576599121094,3469500.0
2025-09-03,IBM,240.02000427246094,244.25,239.41000366210938,244.10000610351562,242.76150512695312,3163200.0
2025-09-04,IBM,245.4199981689453,249.27999877929688,242.85000610351562,247.17999267578125,245.82461547851562,4765100.0
2025-09-05,IBM,248.22999572753906,249.02999877929688,245.4499969482422,248.52999877929688,247.16720581054688,3147500.0
2025-09-08,IBM,248.6300048828125,257.1499938964844,247.02000427246094,256.0899963378906,254.68576049804688,6940300.0
2025-09-09,IBM,256.1199951171875,260.6600036621094,254.8800048828125,259.1099853515625,257.6891784667969,4931100.0
2025-09-10,IBM,259.6499938964844,260.0799865722656,254.55999755859375,256.8800048828125,255.471435546875,5185400.0
2025-09-11,IBM,257.55999755859375,258.54998779296875,255.66000366210938,257.010009765625,255.60072326660156,3576000.0
2025-09-12,IBM,256.95001220703125,257.25,252.42999267578125,253.44000244140625,252.05029296875,3433300.0
2025-09-15,IBM,254.02000427246094,259.04998779296875,254.0,256.239990234375,254.83493041992188,4028400.0
2025-09-16,IBM,256.260009765625,258.0,254.41000366210938,257.5199890136719,256.10791015625,2719900.0
2025-09-17,IBM,257.5,260.9599914550781,257.010009765625,259.0799865722656,257.65936279296875,3974800.0
2025-09-18,IBM,258.8599853515625,265.2300109863281,256.79998779296875,265.0,263.5469055175781,4988400.0
2025-09-19,IBM,266.04998779296875,267.8699951171875,263.6400146484375,266.3999938964844,264.939208984375,9858100.0
2025-09-22,IBM,266.6199951171875,272.30999755859375,266.0,271.3699951171875,269.8819580078125,5030500.0
2025-09-23,IBM,272.70001220703125,273.29998779296875,269.2699890136719,272.239990234375,270.7471923828125,5394100.0
2025-09-24,IBM,272.6199951171875,273.6499938964844,267.29998779296875,267.5299987792969,266.0630187988281,3159900.0
2025-09-25,IBM,272.94000244140625,284.2300109863281,271.1499938964844,281.44000244140625,279.8967590332031,11506200.0
2025-09-26,IBM,280.510009765625,288.8500061035156,280.1099853515625,284.30999755859375,282.7510070800781,9063900.0
2025-09-29,IBM,286.0,286.0,279.6600036621094,279.79998779296875,278.2657470703125,6022100.0
2025-09-30,IBM,280.8800048828125,286.0199890136719,280.5199890136719,282.1600036621094,280.6128234863281,5926900.0
2025-10-01,IBM,280.20001220703125,286.5899963378906,280.1499938964844,286.489990234375,284.9190673828125,4381300.0
2025-10-02,IBM,285.7900085449219,288.5400085449219,282.7900085449219,286.7200012207031,285.1477966308594,3814200.0
2025-10-03,IBM,287.5,293.32000732421875,287.29998779296875,288.3699951171875,286.78875732421875,4375100.0
2025-10-06,IBM,288.6099853515625,291.45001220703125,287.79998779296875,289.4200134277344,287.8330078125,2881900.0
2025-10-07,IBM,295.54998779296875,301.0400085449219,293.2900085449219,293.8699951171875,292.25860595703125,7190100.0
2025-10-08,IBM,294.1600036621094,294.20001220703125,286.4700012207031,289.4599914550781,287.8727722167969,5297000.0
2025-10-09,IBM,289.82000732421875,290.1300048828125,283.32000732421875,288.2300109863281,286.6495361328125,4912400.0
2025-10-10,IBM,288.9700012207031,290.3900146484375,277.5,277.82000732421875,276.2966003417969,4508500.0
2025-10-13,IBM,279.7900085449219,282.44000244140625,274.6400146484375,277.2200012207031,275.69989013671875,4333800.0
2025-10-14,IBM,275.5199890136719,277.5299987792969,272.54998779296875,276.1499938964844,274.6357421875,3058100.0
2025-10-15,IBM,278.3800048828125,285.45001220703125,277.0,280.75,279.2105407714844,3346800.0
2025-10-16,IBM,281.1099853515625,282.55999755859375,275.6000061035156,275.9700012207031,274.4567565917969,2956900.0
2025-10-17,IBM,276.1499938964844,283.3999938964844,275.3500061035156,281.2799987792969,279.7376403808594,5309600.0
2025-10-20,IBM,281.25,285.5,280.9599914550781,283.6499938964844,282.0946350097656,3494300.0
2025-10-21,IBM,283.30999755859375,285.30999755859375,281.6000061035156,282.04998779296875,280.5033874511719,4081000.0
2025-10-22,IBM,281.989990234375,289.1700134277344,281.3500061035156,287.510009765625,285.9334716796875,10538500.0
2025-10-23,IBM,264.95001220703125,285.5799865722656,263.55999755859375,285.0,283.4372253417969,16676400.0
2025-10-24,IBM,283.7699890136719,310.75,282.2099914550781,307.4599914550781,305.7740783691406,16914200.0
2025-10-27,IBM,307.79998779296875,313.5,302.8800048828125,313.0899963378906,311.3731994628906,9868200.0
2025-10-28,IBM,312.6000061035156,319.3500061035156,311.4100036621094,312.57000732421875,310.8560791015625,6044800.0
2025-10-29,IBM,312.7900085449219,314.3299865722656,307.5199890136719,308.2099914550781,306.51995849609375,4135900.0
2025-10-30,IBM,306.6499938964844,313.75,305.0199890136719,310.05999755859375,308.3598327636719,4694300.0
2025-10-31,IBM,312.0,313.5,301.6300048828125,307.4100036621094,305.724365234375,7697500.0
2025-11-03,IBM,308.0,312.1400146484375,304.2300109863281,304.7300109863281,303.0590515136719,4958000.0
2025-11-04,IBM,300.0,303.1700134277344,296.0,300.8500061035156,299.2003173828125,5677300.0
2025-11-05,IBM,301.3800048828125,307.20001220703125,299.7099914550781,306.7699890136719,305.0878601074219,4650400.0
2025-11-06,IBM,306.75,315.44000244140625,301.0899963378906,312.4200134277344,310.7068786621094,6818500.0
2025-11-07,IBM,309.67999267578125,310.0,302.6300048828125,306.3800048828125,304.70001220703125,5070800.0
2025-11-10,IBM,306.82000732421875,309.94000244140625,304.2300109863281,309.1300048828125,309.1300048828125,2975200.0
2025-11-11,IBM,309.0,317.9100036621094,308.42999267578125,313.7200012207031,313.7200012207031,4381900.0
2025-11-12,IBM,319.8900146484375,324.8999938964844,314.5299987792969,314.9800109863281,314.9800109863281,6042700.0
2025-11-13,IBM,312.2900085449219,314.6000061035156,303.67999267578125,304.8599853515625,304.8599853515625,5310200.0
2025-11-14,IBM,300.0,307.7200012207031,297.5899963378906,305.69000244140625,305.69000244140625,3592500.0
2025-11-17,IBM,305.5899963378906,306.0,296.510009765625,297.1700134277344,297.1700134277344,3909700.0
2025-11-18,IBM,297.0,297.0,289.9200134277344,289.95001220703125,289.95001220703125,4861900.0
2025-11-19,IBM,290.5,291.1099853515625,288.07000732421875,288.5299987792969,288.5299987792969,3595900.0
2025-11-20,IBM,294.6400146484375,300.7099914550781,290.1600036621094,290.3999938964844,290.3999938964844,5597000.0
2025-11-21,IBM,293.4800109863281,300.4800109863281,291.8900146484375,297.44000244140625,297.44000244140625,5710900.0
2025-11-24,IBM,299.17999267578125,307.17999267578125,297.510009765625,304.1199951171875,304.1199951171875,6050600.0
2025-11-25,IBM,304.1300048828125,306.0,297.05999755859375,304.4800109863281,304.4800109863281,2825300.0
2025-11-26,IBM,305.17999267578125,306.6000061035156,301.6400146484375,303.2099914550781,303.2099914550781,2196400.0
2025-11-28,IBM,304.05999755859375,309.17999267578125,303.6000061035156,308.5799865722656,308.5799865722656,1689000.0
2025-12-01,IBM,306.510009765625,307.1199951171875,302.79998779296875,305.6700134277344,305.6700134277344,3166600.0
2025-12-02,IBM,307.0,310.4700012207031,301.57000732421875,301.7799987792969,301.7799987792969,4261100.0
2025-12-03,IBM,302.8800048828125,303.9700012207031,298.9100036621094,302.6199951171875,302.6199951171875,3953400.0
2025-12-04,IBM,302.8800048828125,309.6099853515625,302.5400085449219,307.989990234375,307.989990234375,2962500.0
2025-12-05,IBM,308.5899963378906,311.8299865722656,307.17999267578125,307.94000244140625,307.94000244140625,2344700.0
2025-12-08,IBM,309.6199951171875,315.3500061035156,307.95001220703125,309.17999267578125,309.17999267578125,3630200.0
2025-12-09,IBM,309.6300048828125,313.9700012207031,308.75,310.4800109863281,310.4800109863281,2935300.0
2025-12-10,IBM,310.2300109863281,314.69000244140625,306.6499938964844,312.6700134277344,312.6700134277344,3411500.0
2025-12-11,IBM,312.0,313.44000244140625,308.3999938964844,310.739990234375,310.739990234375,2755700.0
2025-12-12,IBM,310.57000732421875,311.04998779296875,303.3299865722656,309.239990234375,309.239990234375,2953400.0
2025-12-15,IBM,308.989990234375,311.3599853515625,306.3500061035156,308.6600036621094,308.6600036621094,3566700.0
2025-12-16,IBM,307.32000732421875,307.3800048828125,300.4200134277344,303.17999267578125,303.17999267578125,3366900.0
2025-12-17,IBM,303.7900085449219,306.25,303.0799865722656,303.32000732421875,303.32000732421875,3131000.0
2025-12-18,IBM,303.1499938964844,304.45001220703125,295.70001220703125,300.45001220703125,300.45001220703125,5411700.0
2025-12-19,IBM,300.3500061035156,306.8599853515625,299.1000061035156,300.9800109863281,300.9800109863281,11031000.0
2025-12-22,IBM,301.0299987792969,303.17999267578125,298.32000732421875,302.7900085449219,302.7900085449219,2612100.0
2025-12-23,IBM,301.3399963378906,305.1300048828125,300.6499938964844,303.7799987792969,303.7799987792969,2923000.0
2025-12-24,IBM,303.760009765625,305.1499938964844,302.29998779296875,304.55999755859375,304.55999755859375,1210600.0
2025-12-26,IBM,304.69000244140625,305.75,303.6700134277344,305.0899963378906,305.0899963378906,2814700.0
2025-12-29,IBM,304.6499938964844,310.0,303.75,305.739990234375,305.739990234375,4664500.0
2025-12-30,IBM,306.1499938964844,306.239990234375,302.0,302.04998779296875,302.04998779296875,1883700.0
