Date,Ticker,Open,High,Low,Close,Adj Close,Volume
2015-01-02,SBUX,41.064998626708984,41.4900016784668,40.44499969482422,40.720001220703125,32.65935134887695,6886000.0
2015-01-05,SBUX,40.06999969482422,40.334999084472656,39.744998931884766,39.939998626708984,32.03376007080078,11623800.0
2015-01-06,SBUX,40.16999816894531,40.19499969482422,39.279998779296875,39.6150016784668,31.773088455200195,7664400.0
2015-01-07,SBUX,39.875,40.6150016784668,39.70000076293945,40.59000015258789,32.555076599121094,9732600.0
2015-01-08,SBUX,41.165000915527344,41.650001525878906,41.0099983215332,41.244998931884766,33.080413818359375,13170600.0
2015-01-09,SBUX,40.494998931884766,40.755001068115234,39.560001373291016,39.89500045776367,31.997663497924805,27556800.0
2015-01-12,SBUX,40.14500045776367,40.415000915527344,39.90999984741211,40.1150016784668,32.17411422729492,10021400.0
2015-01-13,SBUX,40.7400016784668,41.06999969482422,40.064998626708984,40.435001373291016,32.43077087402344,11040800.0
2015-01-14,SBUX,40.025001525878906,40.38999938964844,39.80500030517578,40.209999084472656,32.25029373168945,9295000.0
2015-01-15,SBUX,40.29999923706055,40.45000076293945,39.595001220703125,39.790000915527344,31.913450241088867,8126600.0
2015-01-16,SBUX,39.630001068115234,40.38999938964844,39.5,40.30500030517578,32.32651138305664,9015600.0
2015-01-20,SBUX,40.400001525878906,40.73500061035156,40.165000915527344,40.61000061035156,32.57112121582031,10738400.0
2015-01-21,SBUX,40.525001525878906,40.814998626708984,40.26499938964844,40.64500045776367,32.59918975830078,10844200.0
2015-01-22,SBUX,40.68000030517578,41.41999816894531,40.44499969482422,41.369998931884766,33.18067169189453,23913000.0
2015-01-23,SBUX,43.25,44.349998474121094,43.220001220703125,44.11000061035156,35.378292083740234,38107200.0
2015-01-26,SBUX,44.04499816894531,44.25,43.70500183105469,44.060001373291016,35.33818435668945,14098600.0
2015-01-27,SBUX,43.88999938964844,44.60499954223633,43.724998474121094,44.16999816894531,35.426414489746094,10994200.0
2015-01-28,SBUX,44.349998474121094,44.79499816894531,43.744998931884766,43.78499984741211,35.11762619018555,11963200.0
2015-01-29,SBUX,44.005001068115234,44.650001525878906,43.78499984741211,44.525001525878906,35.711143493652344,12475800.0
2015-01-30,SBUX,44.290000915527344,44.470001220703125,43.69499969482422,43.76499938964844,35.101585388183594,10070400.0
2015-02-02,SBUX,43.84000015258789,44.04499816894531,42.93000030517578,43.994998931884766,35.28605651855469,13638800.0
2015-02-03,SBUX,43.9900016784668,44.244998931884766,43.46500015258789,44.244998931884766,35.6160888671875,9252400.0
2015-02-04,SBUX,44.0,44.71500015258789,43.994998931884766,44.349998474121094,35.70060348510742,11496600.0
2015-02-05,SBUX,44.35499954223633,44.8849983215332,44.35499954223633,44.81999969482422,36.07896041870117,7598600.0
2015-02-06,SBUX,44.75,44.84000015258789,44.34000015258789,44.5,35.82135772705078,7835400.0
2015-02-09,SBUX,44.255001068115234,44.60499954223633,44.06999969482422,44.40999984741211,35.74890899658203,6911600.0
2015-02-10,SBUX,44.685001373291016,45.689998626708984,44.665000915527344,45.59000015258789,36.698787689208984,12469600.0
2015-02-11,SBUX,45.58000183105469,45.89500045776367,45.35499954223633,45.39500045776367,36.54181671142578,6467000.0
2015-02-12,SBUX,45.54499816894531,45.970001220703125,45.04499816894531,45.915000915527344,36.96039962768555,7197600.0
2015-02-13,SBUX,45.994998931884766,45.994998931884766,45.45500183105469,45.790000915527344,36.85977554321289,6109600.0
2015-02-17,SBUX,45.8849983215332,46.119998931884766,45.630001068115234,46.01499938964844,37.040889739990234,6387000.0
2015-02-18,SBUX,46.19499969482422,46.665000915527344,46.0,46.5,37.43130111694336,6542000.0
2015-02-19,SBUX,46.57500076293945,46.88999938964844,46.505001068115234,46.584999084472656,37.49972152709961,6109200.0
2015-02-20,SBUX,46.72999954223633,46.834999084472656,46.48500061035156,46.755001068115234,37.63656997680664,6461400.0
2015-02-23,SBUX,46.92499923706055,46.96500015258789,46.540000915527344,46.790000915527344,37.66474533081055,5854600.0
2015-02-24,SBUX,46.630001068115234,46.994998931884766,46.58000183105469,46.724998474121094,37.61241912841797,6337800.0
2015-02-25,SBUX,46.650001525878906,47.415000915527344,46.625,47.130001068115234,37.93844223022461,8119600.0
2015-02-26,SBUX,47.150001525878906,47.40999984741211,47.040000915527344,47.275001525878906,38.055171966552734,6816400.0
2015-02-27,SBUX,47.39500045776367,47.400001525878906,46.6349983215332,46.744998931884766,37.6285285949707,8658400.0
2015-03-02,SBUX,46.665000915527344,47.275001525878906,46.665000915527344,47.1150016784668,37.9263801574707,7947000.0
2015-03-03,SBUX,47.04999923706055,47.10499954223633,46.599998474121094,47.0,37.83378982543945,7578400.0
2015-03-04,SBUX,46.904998779296875,47.095001220703125,46.005001068115234,46.529998779296875,37.45545959472656,7774600.0
2015-03-05,SBUX,46.63999938964844,46.97999954223633,46.529998779296875,46.814998626708984,37.68486022949219,5848400.0
2015-03-06,SBUX,46.650001525878906,46.849998474121094,45.939998626708984,46.11000061035156,37.117366790771484,6814400.0
2015-03-09,SBUX,46.19499969482422,46.564998626708984,46.04499816894531,46.52000045776367,37.447410583496094,5984800.0
2015-03-10,SBUX,46.08000183105469,46.45500183105469,45.8849983215332,46.09000015258789,37.10126876831055,6077000.0
2015-03-11,SBUX,46.060001373291016,46.4900016784668,45.61000061035156,45.709999084472656,36.79537582397461,8185800.0
2015-03-12,SBUX,45.98500061035156,46.76499938964844,45.91999816894531,46.689998626708984,37.584251403808594,7295400.0
2015-03-13,SBUX,46.34000015258789,47.185001373291016,46.34000015258789,46.64500045776367,37.548038482666016,5835200.0
2015-03-16,SBUX,47.0,47.310001373291016,46.869998931884766,47.025001525878906,37.85393524169922,6772600.0
2015-03-17,SBUX,46.880001068115234,47.2400016784668,46.79999923706055,47.19499969482422,37.99075698852539,5508800.0
2015-03-18,SBUX,47.0,48.28499984741211,46.67499923706055,47.91999816894531,38.574371337890625,15430000.0
2015-03-19,SBUX,48.380001068115234,49.599998474121094,48.189998626708984,48.880001068115234,39.34714889526367,22020600.0
2015-03-20,SBUX,49.244998931884766,49.45000076293945,48.505001068115234,48.72999954223633,39.226409912109375,17360600.0
2015-03-23,SBUX,48.939998626708984,48.95000076293945,48.35499954223633,48.685001373291016,39.190189361572266,7986000.0
2015-03-24,SBUX,48.55500030517578,49.165000915527344,48.380001068115234,48.959999084472656,39.41154861450195,7718400.0
2015-03-25,SBUX,49.06999969482422,49.2400016784668,47.8849983215332,47.8849983215332,38.54619598388672,9907200.0
2015-03-26,SBUX,47.67499923706055,47.875,46.83000183105469,47.540000915527344,38.26849365234375,10344400.0
2015-03-27,SBUX,47.5,47.974998474121094,47.375,47.53499984741211,38.26445007324219,7993400.0
2015-03-30,SBUX,48.02000045776367,48.25,47.75,47.9900016784668,38.6307258605957,6830200.0
2015-03-31,SBUX,47.834999084472656,48.099998474121094,47.345001220703125,47.349998474121094,38.11553955078125,8717800.0
2015-04-01,SBUX,47.13999938964844,47.25,46.279998779296875,46.5099983215332,37.439361572265625,14125400.0
2015-04-02,SBUX,46.709999084472656,47.31999969482422,46.61000061035156,47.19499969482422,37.99075698852539,8863000.0
2015-04-06,SBUX,46.92499923706055,47.400001525878906,46.724998474121094,47.2599983215332,38.0430908203125,6058800.0
2015-04-07,SBUX,47.20500183105469,47.47999954223633,46.97999954223633,47.03499984741211,37.86196517944336,5354600.0
2015-04-08,SBUX,46.91999816894531,47.63999938964844,46.91999816894531,47.6150016784668,38.328853607177734,6827800.0
2015-04-09,SBUX,47.650001525878906,47.9900016784668,47.25,47.959999084472656,38.606571197509766,7109600.0
2015-04-10,SBUX,48.599998474121094,48.599998474121094,47.880001068115234,48.16999816894531,38.77561569213867,6643100.0
2015-04-13,SBUX,48.560001373291016,48.88999938964844,48.380001068115234,48.5,39.041255950927734,8171000.0
2015-04-14,SBUX,48.52000045776367,48.709999084472656,47.970001220703125,48.29999923706055,38.880271911621094,5952400.0
2015-04-15,SBUX,48.810001373291016,48.810001373291016,48.130001068115234,48.13999938964844,38.751468658447266,5162200.0
2015-04-16,SBUX,48.22999954223633,48.47999954223633,48.15999984741211,48.25,38.84001541137695,5312500.0
2015-04-17,SBUX,47.900001525878906,48.0,47.38999938964844,47.619998931884766,38.33287811279297,7539900.0
2015-04-20,SBUX,47.900001525878906,48.119998931884766,47.70000076293945,47.970001220703125,38.61461639404297,4868400.0
2015-04-21,SBUX,48.349998474121094,48.47999954223633,48.02000045776367,48.369998931884766,38.93662643432617,6213400.0
2015-04-22,SBUX,48.5,48.599998474121094,47.97999954223633,48.34000015258789,38.912452697753906,7248100.0
2015-04-23,SBUX,48.54999923706055,49.70000076293945,48.279998779296875,49.43000030517578,39.78988265991211,15866100.0
2015-04-24,SBUX,51.31999969482422,52.09000015258789,50.619998931884766,51.84000015258789,41.7298698425293,22284900.0
2015-04-27,SBUX,51.810001373291016,51.939998626708984,50.7599983215332,50.869998931884766,40.94903564453125,11222600.0
2015-04-28,SBUX,50.599998474121094,50.79999923706055,49.97999954223633,50.61000061035156,40.73976135253906,8882900.0
2015-04-29,SBUX,50.41999816894531,50.95000076293945,50.20000076293945,50.650001525878906,40.77194595336914,7162000.0
2015-04-30,SBUX,50.630001068115234,50.68000030517578,49.43000030517578,49.58000183105469,39.910640716552734,8492000.0
2015-05-01,SBUX,49.95000076293945,50.41999816894531,49.68000030517578,50.290000915527344,40.482154846191406,5916500.0
2015-05-04,SBUX,50.29999923706055,50.93000030517578,50.27000045776367,50.45000076293945,40.61095428466797,7493400.0
2015-05-05,SBUX,49.939998626708984,50.04999923706055,49.36000061035156,49.40999984741211,39.900333404541016,10691200.0
2015-05-06,SBUX,49.68000030517578,49.70000076293945,48.56999969482422,48.93000030517578,39.51271438598633,8033500.0
2015-05-07,SBUX,48.7400016784668,49.54999923706055,48.720001220703125,49.349998474121094,39.85186767578125,5681400.0
2015-05-08,SBUX,49.9900016784668,50.43000030517578,49.459999084472656,49.779998779296875,40.19911575317383,6039800.0
2015-05-11,SBUX,49.709999084472656,50.220001220703125,49.380001068115234,49.5,39.97300338745117,5047200.0
2015-05-12,SBUX,49.150001525878906,49.9900016784668,49.0,49.709999084472656,40.14258575439453,5868600.0
2015-05-13,SBUX,49.849998474121094,50.150001525878906,49.43000030517578,49.59000015258789,40.045684814453125,4927100.0
2015-05-14,SBUX,49.97999954223633,50.59000015258789,49.66999816894531,50.560001373291016,40.8289794921875,7339700.0
2015-05-15,SBUX,50.790000915527344,50.849998474121094,50.38999938964844,50.79999923706055,41.022804260253906,6016700.0
2015-05-18,SBUX,50.650001525878906,51.290000915527344,50.560001373291016,51.18000030517578,41.32967758178711,8999800.0
2015-05-19,SBUX,51.47999954223633,51.720001220703125,50.959999084472656,51.41999816894531,41.52347183227539,6976100.0
2015-05-20,SBUX,51.310001373291016,51.439998626708984,50.43000030517578,51.029998779296875,41.20854568481445,5644700.0
2015-05-21,SBUX,50.939998626708984,51.45000076293945,50.779998779296875,51.33000183105469,41.4507942199707,5084000.0
2015-05-22,SBUX,51.33000183105469,51.650001525878906,51.209999084472656,51.47999954223633,41.57193374633789,5857700.0
2015-05-26,SBUX,51.380001068115234,51.779998779296875,50.65999984741211,50.84000015258789,41.055110931396484,7369900.0
2015-05-27,SBUX,51.040000915527344,51.70000076293945,50.90999984741211,51.59000015258789,41.66075897216797,6213600.0
2015-05-28,SBUX,51.84000015258789,51.939998626708984,51.45000076293945,51.810001373291016,41.838409423828125,5874400.0
2015-05-29,SBUX,51.95000076293945,52.22999954223633,51.45000076293945,51.959999084472656,41.95954132080078,9399100.0
2015-06-01,SBUX,51.959999084472656,52.459999084472656,51.66999816894531,52.220001220703125,42.16950225830078,7075100.0
2015-06-02,SBUX,51.97999954223633,52.29999923706055,51.65999984741211,51.72999954223633,41.773807525634766,7877800.0
2015-06-03,SBUX,52.0,52.27000045776367,51.66999816894531,52.119998931884766,42.08875274658203,5522700.0
2015-06-04,SBUX,51.869998931884766,52.18000030517578,51.56999969482422,51.720001220703125,41.76573181152344,6230800.0
2015-06-05,SBUX,51.56999969482422,52.439998626708984,51.27000045776367,52.189998626708984,42.1452751159668,7123200.0
2015-06-08,SBUX,52.0,52.22999954223633,51.4900016784668,51.529998779296875,41.612308502197266,6320200.0
2015-06-09,SBUX,51.349998474121094,51.70000076293945,51.099998474121094,51.540000915527344,41.6203727722168,5034000.0
2015-06-10,SBUX,51.79999923706055,52.86000061035156,51.65999984741211,52.689998626708984,42.54903793334961,8003600.0
2015-06-11,SBUX,52.810001373291016,53.0,52.439998626708984,52.4900016784668,42.387535095214844,6030200.0
2015-06-12,SBUX,52.40999984741211,52.7400016784668,52.15999984741211,52.630001068115234,42.500587463378906,5236700.0
2015-06-15,SBUX,52.22999954223633,52.459999084472656,52.0099983215332,52.27000045776367,42.20987319946289,5555000.0
2015-06-16,SBUX,52.27000045776367,53.13999938964844,52.20000076293945,52.970001220703125,42.775146484375,6106500.0
2015-06-17,SBUX,53.09000015258789,53.470001220703125,52.720001220703125,53.2400016784668,42.99318313598633,6735300.0
2015-06-18,SBUX,53.5,54.279998779296875,53.400001525878906,54.11000061035156,43.695735931396484,10711000.0
2015-06-19,SBUX,54.08000183105469,54.439998626708984,53.84000015258789,53.93000030517578,43.550384521484375,10609700.0
2015-06-22,SBUX,54.33000183105469,54.43000030517578,53.880001068115234,53.900001525878906,43.52615737915039,7100700.0
2015-06-23,SBUX,54.040000915527344,54.18000030517578,53.720001220703125,54.119998931884766,43.70381546020508,5679000.0
2015-06-24,SBUX,53.75,53.970001220703125,53.52000045776367,53.709999084472656,43.37273406982422,5525000.0
2015-06-25,SBUX,54.09000015258789,54.45000076293945,54.0,54.06999969482422,43.6634407043457,5389900.0
2015-06-26,SBUX,54.459999084472656,54.75,54.29999923706055,54.619998931884766,44.107574462890625,6637200.0
2015-06-29,SBUX,53.869998931884766,54.38999938964844,53.5099983215332,53.54999923706055,43.24352264404297,6534100.0
2015-06-30,SBUX,54.150001525878906,54.29999923706055,53.13999938964844,53.619998931884766,43.300045013427734,9794000.0
2015-07-01,SBUX,53.86000061035156,54.209999084472656,53.599998474121094,53.88999938964844,43.51808166503906,6107700.0
2015-07-02,SBUX,54.029998779296875,54.70000076293945,53.95000076293945,54.2400016784668,43.80073928833008,5684700.0
2015-07-06,SBUX,53.63999938964844,54.40999984741211,53.630001068115234,54.310001373291016,43.85725402832031,5396400.0
2015-07-07,SBUX,54.290000915527344,54.540000915527344,53.36000061035156,54.380001068115234,43.91377258300781,9462300.0
2015-07-08,SBUX,53.86000061035156,54.02000045776367,53.310001373291016,53.38999938964844,43.114322662353516,8139300.0
2015-07-09,SBUX,54.06999969482422,54.5,53.880001068115234,54.04999923706055,43.64729309082031,7681000.0
2015-07-10,SBUX,54.540000915527344,54.72999954223633,54.18000030517578,54.56999969482422,44.06720733642578,8087800.0
2015-07-13,SBUX,55.0,55.88999938964844,54.900001525878906,55.70000076293945,44.97972106933594,7477200.0
2015-07-14,SBUX,55.959999084472656,56.060001373291016,55.52000045776367,55.75,45.020111083984375,7028000.0
2015-07-15,SBUX,55.91999816894531,55.95000076293945,55.290000915527344,55.34000015258789,44.68901443481445,8212600.0
2015-07-16,SBUX,56.060001373291016,56.15999984741211,55.65999984741211,55.7400016784668,45.012020111083984,7305500.0
2015-07-17,SBUX,55.900001525878906,55.900001525878906,55.369998931884766,55.689998626708984,44.971649169921875,8715400.0
2015-07-20,SBUX,55.72999954223633,56.7400016784668,55.70000076293945,56.209999084472656,45.391563415527344,8029600.0
2015-07-21,SBUX,56.380001068115234,56.470001220703125,55.779998779296875,56.20000076293945,45.38349151611328,6717500.0
2015-07-22,SBUX,56.43000030517578,56.869998931884766,56.25,56.689998626708984,45.77918243408203,6876100.0
2015-07-23,SBUX,56.97999954223633,57.0,56.15999984741211,56.560001373291016,45.6742057800293,12439200.0
2015-07-24,SBUX,59.119998931884766,59.310001373291016,57.150001525878906,57.290000915527344,46.26370620727539,14559700.0
2015-07-27,SBUX,57.209999084472656,57.470001220703125,56.849998474121094,56.97999954223633,46.01335525512695,8993500.0
2015-07-28,SBUX,57.38999938964844,57.400001525878906,56.560001373291016,57.13999938964844,46.142578125,8689200.0
2015-07-29,SBUX,57.380001068115234,57.79999923706055,57.13999938964844,57.5099983215332,46.44136428833008,8470500.0
2015-07-30,SBUX,57.29999923706055,58.150001525878906,57.0099983215332,58.060001373291016,46.88551712036133,7337900.0
2015-07-31,SBUX,58.439998626708984,58.439998626708984,57.72999954223633,57.93000030517578,46.7805290222168,6519500.0
2015-08-03,SBUX,58.619998931884766,58.959999084472656,58.040000915527344,58.189998626708984,46.9904899597168,7664000.0
2015-08-04,SBUX,58.25,58.720001220703125,58.029998779296875,58.70000076293945,47.53302764892578,9113100.0
2015-08-05,SBUX,59.150001525878906,59.31999969482422,58.83000183105469,59.0099983215332,47.78404998779297,7349100.0
2015-08-06,SBUX,59.130001068115234,59.20000076293945,57.09000015258789,57.22999954223633,46.34267044067383,11064500.0
2015-08-07,SBUX,57.33000183105469,57.36000061035156,56.5099983215332,57.20000076293945,46.318389892578125,7782000.0
2015-08-10,SBUX,57.290000915527344,57.630001068115234,55.75,56.27000045776367,45.5653076171875,12029200.0
2015-08-11,SBUX,55.790000915527344,56.439998626708984,55.2400016784668,56.349998474121094,45.630096435546875,8062600.0
2015-08-12,SBUX,55.689998626708984,56.400001525878906,54.95000076293945,56.380001068115234,45.65436935424805,10064400.0
2015-08-13,SBUX,56.52000045776367,57.25,56.5099983215332,56.849998474121094,46.03496170043945,6731500.0
2015-08-14,SBUX,56.95000076293945,57.119998931884766,56.65999984741211,57.099998474121094,46.237403869628906,4803900.0
2015-08-17,SBUX,57.0,57.7599983215332,56.72999954223633,57.7400016784668,46.75565719604492,5768400.0
2015-08-18,SBUX,57.959999084472656,58.060001373291016,57.65999984741211,57.83000183105469,46.82853698730469,5575400.0
2015-08-19,SBUX,57.58000183105469,58.08000183105469,57.119998931884766,57.59000015258789,46.63418960571289,6044200.0
2015-08-20,SBUX,57.0,57.150001525878906,55.77000045776367,55.810001373291016,45.19282150268555,7470900.0
2015-08-21,SBUX,54.720001220703125,54.86000061035156,52.599998474121094,52.84000015258789,42.7878303527832,20211500.0
2015-08-24,SBUX,48.04999923706055,52.66999816894531,42.04999923706055,50.34000015258789,40.763423919677734,27158800.0
2015-08-25,SBUX,52.959999084472656,53.61000061035156,51.04999923706055,51.09000015258789,41.3707389831543,19659000.0
2015-08-26,SBUX,52.9900016784668,54.150001525878906,51.27000045776367,53.959999084472656,43.69475173950195,15517600.0
2015-08-27,SBUX,54.7599983215332,56.209999084472656,54.40999984741211,55.95000076293945,45.306190490722656,15987900.0
2015-08-28,SBUX,55.70000076293945,56.310001373291016,55.20000076293945,55.630001068115234,45.047061920166016,7584800.0
2015-08-31,SBUX,55.189998626708984,55.470001220703125,54.5,54.709999084472656,44.30207443237305,7971200.0
2015-09-01,SBUX,53.0,54.36000061035156,52.7400016784668,53.5,43.322261810302734,13424900.0
2015-09-02,SBUX,54.5,55.290000915527344,53.75,55.2599983215332,44.747432708740234,9891100.0
2015-09-03,SBUX,55.720001220703125,55.7599983215332,54.47999954223633,54.689998626708984,44.28587341308594,7968900.0
2015-09-04,SBUX,53.869998931884766,54.56999969482422,53.84000015258789,54.279998779296875,43.953880310058594,6994300.0
2015-09-08,SBUX,55.310001373291016,55.45000076293945,54.529998779296875,55.209999084472656,44.70695877075195,8051700.0
2015-09-09,SBUX,55.900001525878906,56.0,54.56999969482422,54.689998626708984,44.28587341308594,8406700.0
2015-09-10,SBUX,54.34000015258789,55.689998626708984,54.33000183105469,55.369998931884766,44.83652114868164,8924800.0
2015-09-11,SBUX,55.189998626708984,56.540000915527344,55.029998779296875,56.529998779296875,45.775848388671875,8363100.0
2015-09-14,SBUX,56.540000915527344,56.90999984741211,56.04999923706055,56.290000915527344,45.58150863647461,5463900.0
2015-09-15,SBUX,56.43000030517578,57.209999084472656,56.119998931884766,56.90999984741211,46.08355712890625,6741300.0
2015-09-16,SBUX,56.83000183105469,57.349998474121094,56.209999084472656,57.2599983215332,46.36697006225586,6593400.0
2015-09-17,SBUX,57.31999969482422,58.099998474121094,57.040000915527344,57.279998779296875,46.3831672668457,7525300.0
2015-09-18,SBUX,56.4900016784668,57.630001068115234,56.279998779296875,56.84000015258789,46.02687454223633,16268000.0
2015-09-21,SBUX,57.20000076293945,57.84000015258789,56.959999084472656,57.540000915527344,46.59370803833008,6220100.0
2015-09-22,SBUX,56.849998474121094,57.25,56.70000076293945,57.119998931884766,46.253597259521484,8585100.0
2015-09-23,SBUX,57.15999984741211,57.93000030517578,57.04999923706055,57.790000915527344,46.79615020751953,6829200.0
2015-09-24,SBUX,57.380001068115234,58.540000915527344,57.16999816894531,58.369998931884766,47.265804290771484,10027300.0
2015-09-25,SBUX,58.91999816894531,58.959999084472656,57.7400016784668,57.9900016784668,46.95811080932617,10627000.0
2015-09-28,SBUX,58.0099983215332,58.43000030517578,55.619998931884766,55.77000045776367,45.160423278808594,11548100.0
2015-09-29,SBUX,55.849998474121094,56.29999923706055,54.810001373291016,55.720001220703125,45.11992645263672,9392100.0
2015-09-30,SBUX,56.400001525878906,56.900001525878906,55.61000061035156,56.84000015258789,46.02687454223633,9799600.0
2015-10-01,SBUX,56.9900016784668,57.5,55.88999938964844,57.47999954223633,46.54510498046875,8497100.0
2015-10-02,SBUX,56.9900016784668,58.09000015258789,56.540000915527344,58.08000183105469,47.03097915649414,9036800.0
2015-10-05,SBUX,58.4900016784668,59.18000030517578,58.06999969482422,59.040000915527344,47.808349609375,8199000.0
2015-10-06,SBUX,58.81999969482422,59.13999938964844,58.220001220703125,58.689998626708984,47.52493667602539,5538000.0
2015-10-07,SBUX,58.619998931884766,58.83000183105469,57.900001525878906,58.779998779296875,47.597808837890625,8138300.0
2015-10-08,SBUX,58.779998779296875,59.709999084472656,58.38999938964844,59.459999084472656,48.14844512939453,6834800.0
2015-10-09,SBUX,59.470001220703125,60.11000061035156,59.29999923706055,60.06999969482422,48.64240646362305,7969900.0
2015-10-12,SBUX,60.349998474121094,60.88999938964844,60.040000915527344,60.540000915527344,49.02299499511719,6430300.0
2015-10-13,SBUX,60.34000015258789,60.75,60.02000045776367,60.15999984741211,48.715293884277344,6262800.0
2015-10-14,SBUX,60.0,60.16999816894531,58.43000030517578,58.81999969482422,47.63019943237305,8365600.0
2015-10-15,SBUX,58.95000076293945,59.83000183105469,58.08000183105469,59.689998626708984,48.33469009399414,9745900.0
2015-10-16,SBUX,59.959999084472656,60.290000915527344,59.459999084472656,59.93000030517578,48.52903747558594,12860800.0
2015-10-19,SBUX,60.130001068115234,61.290000915527344,59.869998931884766,60.970001220703125,49.371177673339844,8117200.0
2015-10-20,SBUX,61.220001220703125,61.36000061035156,60.560001373291016,60.880001068115234,49.29831314086914,6089100.0
2015-10-21,SBUX,61.06999969482422,61.119998931884766,60.15999984741211,60.529998779296875,49.01490020751953,6055300.0
2015-10-22,SBUX,60.959999084472656,61.709999084472656,60.16999816894531,61.4900016784668,49.79227066040039,9182000.0
2015-10-23,SBUX,62.11000061035156,62.79999923706055,61.619998931884766,62.61000061035156,50.699195861816406,8206000.0
2015-10-26,SBUX,62.97999954223633,63.84000015258789,62.970001220703125,63.43000030517578,51.36319351196289,9751700.0
2015-10-27,SBUX,63.369998931884766,63.40999984741211,62.189998626708984,62.709999084472656,50.78015899658203,8973200.0
2015-10-28,SBUX,63.11000061035156,63.52000045776367,62.41999816894531,63.5099983215332,51.427978515625,9627300.0
2015-10-29,SBUX,63.41999816894531,63.5,61.709999084472656,62.5,50.6101188659668,14839100.0
2015-10-30,SBUX,63.689998626708984,64.0,62.2599983215332,62.56999969482422,50.66680145263672,16822300.0
2015-11-02,SBUX,63.0099983215332,63.099998474121094,62.119998931884766,62.2400016784668,50.399600982666016,8547200.0
2015-11-03,SBUX,62.0,62.97999954223633,61.650001525878906,62.79999923706055,50.85305404663086,8847700.0
2015-11-04,SBUX,63.040000915527344,63.040000915527344,61.34000015258789,61.959999084472656,50.1728515625,9085100.0
2015-11-05,SBUX,62.16999816894531,62.459999084472656,62.0099983215332,62.279998779296875,50.431976318359375,6145000.0
2015-11-06,SBUX,62.04999923706055,62.2400016784668,61.61000061035156,61.970001220703125,50.18095016479492,6616300.0
2015-11-09,SBUX,61.75,61.970001220703125,60.86000061035156,61.34000015258789,49.83163070678711,6838300.0
2015-11-10,SBUX,61.540000915527344,62.31999969482422,61.209999084472656,62.18000030517578,50.5140266418457,6689000.0
2015-11-11,SBUX,62.54999923706055,62.56999969482422,61.810001373291016,61.869998931884766,50.26218795776367,4437300.0
2015-11-12,SBUX,61.34000015258789,61.650001525878906,60.75,61.06999969482422,49.612274169921875,6793800.0
2015-11-13,SBUX,60.88999938964844,61.349998474121094,59.61000061035156,59.7400016784668,48.53181838989258,8821600.0
2015-11-16,SBUX,59.5,60.689998626708984,59.5,60.68000030517578,49.295448303222656,8096600.0
2015-11-17,SBUX,60.95000076293945,61.560001373291016,60.439998626708984,60.54999923706055,49.18983840942383,6695300.0
2015-11-18,SBUX,60.65999984741211,61.869998931884766,60.33000183105469,61.79999923706055,50.205322265625,7215300.0
2015-11-19,SBUX,61.79999923706055,61.93000030517578,61.38999938964844,61.459999084472656,49.929107666015625,5154400.0
2015-11-20,SBUX,61.959999084472656,62.150001525878906,61.58000183105469,61.9900016784668,50.35966873168945,8302500.0
2015-11-23,SBUX,62.13999938964844,63.189998626708984,62.099998474121094,62.63999938964844,50.88772964477539,8493500.0
2015-11-24,SBUX,62.060001373291016,62.369998931884766,61.220001220703125,61.959999084472656,50.33529281616211,7908200.0
2015-11-25,SBUX,62.04999923706055,62.5,62.0,62.189998626708984,50.52215576171875,4549900.0
2015-11-27,SBUX,62.189998626708984,62.380001068115234,61.93000030517578,62.18000030517578,50.5140266418457,2447900.0
2015-11-30,SBUX,62.099998474121094,62.290000915527344,61.20000076293945,61.38999938964844,49.87223434448242,9863800.0
2015-12-01,SBUX,61.08000183105469,61.68000030517578,60.5099983215332,61.369998931884766,49.85599899291992,10910800.0
2015-12-02,SBUX,61.630001068115234,61.709999084472656,61.119998931884766,61.220001220703125,49.73413848876953,6587500.0
2015-12-03,SBUX,61.369998931884766,61.45000076293945,59.150001525878906,59.54999923706055,48.37745666503906,12056100.0
2015-12-04,SBUX,59.86000061035156,61.869998931884766,59.599998474121094,61.75,50.164695739746094,9100600.0
2015-12-07,SBUX,61.75,61.95000076293945,61.439998626708984,61.88999938964844,50.27842330932617,5967800.0
2015-12-08,SBUX,61.689998626708984,62.43000030517578,61.52000045776367,62.15999984741211,50.49777603149414,6664900.0
2015-12-09,SBUX,61.709999084472656,62.540000915527344,60.81999969482422,61.18000030517578,49.70164108276367,8541600.0
2015-12-10,SBUX,61.130001068115234,62.13999938964844,61.0099983215332,61.869998931884766,50.26218795776367,6623900.0
2015-12-11,SBUX,60.86000061035156,61.189998626708984,59.599998474121094,59.81999969482422,48.5967903137207,11489300.0
2015-12-14,SBUX,60.040000915527344,60.13999938964844,58.61000061035156,59.91999816894531,48.67802810668945,13406100.0
2015-12-15,SBUX,60.54999923706055,60.68000030517578,59.970001220703125,59.97999954223633,48.72677993774414,7842100.0
2015-12-16,SBUX,60.31999969482422,60.5,59.5099983215332,60.349998474121094,49.02735900878906,9281800.0
2015-12-17,SBUX,60.65999984741211,60.83000183105469,59.470001220703125,59.52000045776367,48.353092193603516,9079400.0
2015-12-18,SBUX,59.20000076293945,59.5,58.27000045776367,58.619998931884766,47.621944427490234,18099500.0
2015-12-21,SBUX,58.88999938964844,59.619998931884766,58.65999984741211,59.540000915527344,48.36933517456055,7187500.0
2015-12-22,SBUX,59.939998626708984,60.06999969482422,59.279998779296875,59.9900016784668,48.734901428222656,6501400.0
2015-12-23,SBUX,60.2599983215332,60.369998931884766,59.959999084472656,60.34000015258789,49.01924133300781,4510200.0
2015-12-24,SBUX,60.369998931884766,60.5099983215332,60.16999816894531,60.31999969482422,49.00299072265625,2204300.0
2015-12-28,SBUX,60.02000045776367,60.33000183105469,59.58000183105469,60.189998626708984,48.897396087646484,4437200.0
2015-12-29,SBUX,60.459999084472656,61.31999969482422,60.349998474121094,61.130001068115234,49.6610107421875,5477300.0
2015-12-30,SBUX,61.220001220703125,61.400001525878906,60.75,60.81999969482422,49.409175872802734,3973900.0
2015-12-31,SBUX,60.650001525878906,60.810001373291016,60.02000045776367,60.029998779296875,48.76740264892578,4960900.0
2016-01-04,SBUX,58.77000045776367,58.83000183105469,57.599998474121094,58.2599983215332,47.329490661621094,13521500.0
2016-01-05,SBUX,58.790000915527344,58.790000915527344,57.97999954223633,58.650001525878906,47.64630889892578,9617800.0
2016-01-06,SBUX,57.70000076293945,58.529998779296875,57.63999938964844,58.130001068115234,47.223880767822266,8266300.0
2016-01-07,SBUX,56.880001068115234,57.90999984741211,56.15999984741211,56.689998626708984,46.05404281616211,11140900.0
2016-01-08,SBUX,57.40999984741211,57.72999954223633,56.529998779296875,56.630001068115234,46.00529861450195,10427000.0
2016-01-11,SBUX,57.0,58.119998931884766,56.779998779296875,57.81999969482422,46.97202682495117,10757300.0
2016-01-12,SBUX,58.38999938964844,59.529998779296875,58.18000030517578,59.459999084472656,48.30433654785156,12375800.0
2016-01-13,SBUX,59.79999923706055,60.0,57.79999923706055,57.869998931884766,47.01264572143555,11303600.0
2016-01-14,SBUX,57.5099983215332,59.43000030517578,56.91999816894531,58.97999954223633,47.91439437866211,11444100.0
2016-01-15,SBUX,57.06999969482422,58.38999938964844,56.75,58.0,47.118263244628906,15246100.0
2016-01-19,SBUX,58.66999816894531,59.38999938964844,58.119998931884766,58.54999923706055,47.56507873535156,12289000.0
2016-01-20,SBUX,57.56999969482422,57.959999084472656,54.939998626708984,56.91999816894531,46.24089050292969,22786400.0
2016-01-21,SBUX,57.84000015258789,59.380001068115234,57.66999816894531,59.029998779296875,47.95500946044922,20888500.0
2016-01-22,SBUX,57.54999923706055,59.400001525878906,57.40999984741211,59.16999816894531,48.06874465942383,32820200.0
2016-01-25,SBUX,59.36000061035156,59.380001068115234,57.61000061035156,57.709999084472656,46.88266372680664,13554300.0
2016-01-26,SBUX,57.91999816894531,58.869998931884766,57.79999923706055,58.61000061035156,47.61381912231445,8898100.0
2016-01-27,SBUX,58.869998931884766,58.959999084472656,57.2599983215332,57.630001068115234,46.81767272949219,12491300.0
2016-01-28,SBUX,58.290000915527344,59.41999816894531,58.0,59.290000915527344,48.16623306274414,11832400.0
2016-01-29,SBUX,59.779998779296875,60.880001068115234,59.63999938964844,60.77000045776367,49.36855697631836,13224400.0
2016-02-01,SBUX,60.65999984741211,61.790000915527344,60.27000045776367,61.400001525878906,49.88036346435547,9529100.0
2016-02-02,SBUX,60.65999984741211,60.900001525878906,60.18000030517578,60.70000076293945,49.47285079956055,9407400.0
2016-02-03,SBUX,60.880001068115234,61.130001068115234,58.5,59.529998779296875,48.51924514770508,12254500.0
2016-02-04,SBUX,59.40999984741211,59.45000076293945,57.9900016784668,58.290000915527344,47.50858688354492,13944900.0
2016-02-05,SBUX,58.099998474121094,58.20000076293945,54.25,54.4900016784668,44.41145706176758,24529000.0
2016-02-08,SBUX,53.09000015258789,54.470001220703125,52.630001068115234,54.13999938964844,44.126197814941406,21457500.0
2016-02-09,SBUX,53.189998626708984,55.290000915527344,53.16999816894531,54.41999816894531,44.354408264160156,11605100.0
2016-02-10,SBUX,55.279998779296875,56.349998474121094,55.0099983215332,55.13999938964844,44.94122314453125,11663900.0
2016-02-11,SBUX,53.88999938964844,55.38999938964844,53.54999923706055,54.91999816894531,44.76191711425781,12106100.0
2016-02-12,SBUX,55.560001373291016,56.040000915527344,55.040000915527344,55.86000061035156,45.52806091308594,8680200.0
2016-02-16,SBUX,56.790000915527344,56.849998474121094,55.97999954223633,56.40999984741211,45.976318359375,11594800.0
2016-02-17,SBUX,56.70000076293945,57.65999984741211,56.15999984741211,57.630001068115234,46.97068405151367,11955200.0
2016-02-18,SBUX,57.56999969482422,57.56999969482422,56.66999816894531,56.959999084472656,46.42460250854492,8494000.0
2016-02-19,SBUX,56.91999816894531,57.86000061035156,56.52000045776367,57.66999816894531,47.0032958984375,9033600.0
2016-02-22,SBUX,58.630001068115234,58.95000076293945,58.16999816894531,58.869998931884766,47.981319427490234,8390700.0
2016-02-23,SBUX,58.45000076293945,58.900001525878906,58.0,58.459999084472656,47.64716339111328,7064100.0
2016-02-24,SBUX,57.209999084472656,58.349998474121094,56.279998779296875,58.11000061035156,47.361900329589844,10780900.0
2016-02-25,SBUX,58.459999084472656,58.75,58.0,58.75,47.883514404296875,6262100.0
2016-02-26,SBUX,59.0,59.209999084472656,57.91999816894531,58.34000015258789,47.549354553222656,7473400.0
2016-02-29,SBUX,58.25,59.150001525878906,58.099998474121094,58.209999084472656,47.44340896606445,7645100.0
2016-03-01,SBUX,58.77000045776367,60.20000076293945,58.5,60.040000915527344,48.93492126464844,9183600.0
2016-03-02,SBUX,59.83000183105469,60.0,58.83000183105469,59.560001373291016,48.54370880126953,8856400.0
2016-03-03,SBUX,59.119998931884766,59.20000076293945,58.20000076293945,59.040000915527344,48.1198844909668,8261900.0
2016-03-04,SBUX,59.13999938964844,59.189998626708984,58.22999954223633,58.70000076293945,47.8427734375,8344800.0
2016-03-07,SBUX,58.439998626708984,58.66999816894531,57.310001373291016,58.0,47.27224349975586,9199100.0
2016-03-08,SBUX,57.58000183105469,58.22999954223633,57.2599983215332,57.599998474121094,46.94622802734375,8127400.0
2016-03-09,SBUX,57.779998779296875,57.970001220703125,56.790000915527344,57.06999969482422,46.514251708984375,9734600.0
2016-03-10,SBUX,57.5099983215332,57.86000061035156,56.91999816894531,57.52000045776367,46.88102722167969,7014500.0
2016-03-11,SBUX,58.099998474121094,58.099998474121094,56.56999969482422,57.59000015258789,46.938072204589844,15497600.0
2016-03-14,SBUX,57.58000183105469,58.779998779296875,57.5,58.650001525878906,47.80202102661133,9053300.0
2016-03-15,SBUX,58.31999969482422,59.15999984741211,58.16999816894531,59.08000183105469,48.15247344970703,7428500.0
2016-03-16,SBUX,58.650001525878906,59.81999969482422,58.650001525878906,59.66999816894531,48.63334655761719,8069400.0
2016-03-17,SBUX,59.470001220703125,59.97999954223633,59.369998931884766,59.54999923706055,48.535552978515625,7734700.0
2016-03-18,SBUX,59.90999984741211,60.45000076293945,59.43000030517578,59.70000076293945,48.65781784057617,14313600.0
2016-03-21,SBUX,59.560001373291016,59.86000061035156,59.02000045776367,59.099998474121094,48.16877746582031,6487200.0
2016-03-22,SBUX,59.0,59.54999923706055,58.56999969482422,59.380001068115234,48.397003173828125,8246800.0
2016-03-23,SBUX,59.13999938964844,59.400001525878906,58.689998626708984,58.83000183105469,47.94872283935547,5794500.0
2016-03-24,SBUX,58.70000076293945,58.790000915527344,58.279998779296875,58.36000061035156,47.5656623840332,5948300.0
2016-03-28,SBUX,58.560001373291016,59.470001220703125,58.400001525878906,58.959999084472656,48.05467224121094,5791600.0
2016-03-29,SBUX,58.81999969482422,59.7400016784668,58.81999969482422,59.54999923706055,48.535552978515625,6031400.0
2016-03-30,SBUX,60.0,60.2599983215332,59.5099983215332,60.0099983215332,48.91048049926758,5723500.0
2016-03-31,SBUX,59.77000045776367,60.209999084472656,59.68000030517578,59.70000076293945,48.65781784057617,5622800.0
2016-04-01,SBUX,59.61000061035156,61.16999816894531,59.40999984741211,61.02000045776367,49.73365783691406,9401100.0
2016-04-04,SBUX,61.099998474121094,61.18000030517578,60.08000183105469,60.25,49.106075286865234,5799900.0
2016-04-05,SBUX,59.880001068115234,60.22999954223633,59.439998626708984,60.040000915527344,48.93492126464844,4994800.0
2016-04-06,SBUX,60.02000045776367,60.90999984741211,59.90999984741211,60.83000183105469,49.57880783081055,5667300.0
2016-04-07,SBUX,60.59000015258789,61.540000915527344,60.540000915527344,61.16999816894531,49.85590744018555,8239200.0
2016-04-08,SBUX,61.5,61.63999938964844,60.70000076293945,61.040000915527344,49.749961853027344,5064900.0
2016-04-11,SBUX,61.220001220703125,61.5,60.779998779296875,60.900001525878906,49.6358528137207,6103400.0
2016-04-12,SBUX,58.95000076293945,59.68000030517578,58.369998931884766,59.5,48.49480438232422,17565800.0
2016-04-13,SBUX,60.31999969482422,61.08000183105469,59.75,60.209999084472656,49.073482513427734,9898500.0
2016-04-14,SBUX,60.2599983215332,60.400001525878906,59.90999984741211,60.130001068115234,49.008270263671875,5157400.0
2016-04-15,SBUX,60.2400016784668,60.619998931884766,60.0099983215332,60.5099983215332,49.31800079345703,5965300.0
2016-04-18,SBUX,60.689998626708984,61.06999969482422,60.36000061035156,60.88999938964844,49.62770462036133,7228600.0
2016-04-19,SBUX,61.15999984741211,61.25,60.47999954223633,60.900001525878906,49.6358528137207,7283600.0
2016-04-20,SBUX,61.040000915527344,61.43000030517578,60.849998474121094,60.900001525878906,49.6358528137207,5558800.0
2016-04-21,SBUX,60.900001525878906,61.099998474121094,60.47999954223633,60.63999938964844,49.423946380615234,12799100.0
2016-04-22,SBUX,59.0099983215332,59.099998474121094,57.029998779296875,57.68000030517578,47.01142120361328,29836700.0
2016-04-25,SBUX,57.619998931884766,57.959999084472656,57.58000183105469,57.77000045776367,47.08478546142578,8428000.0
2016-04-26,SBUX,58.04999923706055,58.66999816894531,57.560001373291016,57.720001220703125,47.04404067993164,8839100.0
2016-04-27,SBUX,57.5099983215332,57.650001525878906,56.619998931884766,56.900001525878906,46.375694274902344,12390800.0
2016-04-28,SBUX,56.59000015258789,57.36000061035156,56.31999969482422,56.41999816894531,45.984474182128906,9196600.0
2016-04-29,SBUX,56.02000045776367,56.43000030517578,55.290000915527344,56.22999954223633,45.82962417602539,12133400.0
2016-05-02,SBUX,56.290000915527344,57.369998931884766,56.11000061035156,57.36000061035156,46.75062561035156,8616200.0
2016-05-03,SBUX,56.70000076293945,57.060001373291016,56.13999938964844,56.25,46.006343841552734,7854300.0
2016-05-04,SBUX,55.97999954223633,56.650001525878906,55.79999923706055,56.38999938964844,46.1208381652832,6508500.0
2016-05-05,SBUX,56.369998931884766,56.77000045776367,56.0099983215332,56.25,46.006343841552734,6215400.0
2016-05-06,SBUX,55.959999084472656,56.31999969482422,55.380001068115234,56.310001373291016,46.05541229248047,6378700.0
2016-05-09,SBUX,56.31999969482422,56.93000030517578,56.22999954223633,56.63999938964844,46.3253173828125,5976200.0
2016-05-10,SBUX,56.849998474121094,57.599998474121094,56.709999084472656,57.4900016784668,47.020538330078125,7931200.0
2016-05-11,SBUX,57.130001068115234,57.38999938964844,56.09000015258789,56.22999954223633,45.9899787902832,8118900.0
2016-05-12,SBUX,56.56999969482422,56.790000915527344,55.81999969482422,56.29999923706055,46.0472412109375,6870300.0
2016-05-13,SBUX,56.43000030517578,56.599998474121094,55.72999954223633,55.81999969482422,45.65464401245117,5466000.0
2016-05-16,SBUX,55.70000076293945,55.77000045776367,55.20000076293945,55.529998779296875,45.41745376586914,9536200.0
2016-05-17,SBUX,55.380001068115234,55.63999938964844,54.5099983215332,54.880001068115234,44.88582992553711,10530000.0
2016-05-18,SBUX,54.7599983215332,55.16999816894531,54.380001068115234,54.79999923706055,44.82040786743164,7455200.0
2016-05-19,SBUX,54.43000030517578,54.619998931884766,54.189998626708984,54.54999923706055,44.615928649902344,7582800.0
2016-05-20,SBUX,54.880001068115234,55.369998931884766,54.58000183105469,54.619998931884766,44.67317581176758,8430800.0
2016-05-23,SBUX,54.619998931884766,54.81999969482422,54.290000915527344,54.599998474121094,44.65682601928711,7352100.0
2016-05-24,SBUX,54.7400016784668,55.619998931884766,54.68000030517578,55.439998626708984,45.343841552734375,7748700.0
2016-05-25,SBUX,55.20000076293945,55.459999084472656,54.95000076293945,55.150001525878906,45.10666275024414,8115500.0
2016-05-26,SBUX,55.54999923706055,55.869998931884766,54.95000076293945,55.290000915527344,45.22117233276367,9451700.0
2016-05-27,SBUX,55.36000061035156,55.54999923706055,55.099998474121094,55.150001525878906,45.10666275024414,6631100.0
2016-05-31,SBUX,55.5,55.5,54.70000076293945,54.88999938964844,44.89399719238281,12044000.0
2016-06-01,SBUX,54.7599983215332,55.4900016784668,54.720001220703125,54.81999969482422,44.836761474609375,8761600.0
2016-06-02,SBUX,54.900001525878906,55.0,54.459999084472656,54.619998931884766,44.67317581176758,8307500.0
2016-06-03,SBUX,54.709999084472656,55.08000183105469,54.400001525878906,54.61000061035156,44.665000915527344,6649200.0
2016-06-06,SBUX,54.720001220703125,55.869998931884766,54.689998626708984,55.59000015258789,45.466522216796875,9900900.0
2016-06-07,SBUX,55.650001525878906,56.099998474121094,55.279998779296875,55.29999923706055,45.229347229003906,7173100.0
2016-06-08,SBUX,55.5,55.5,54.900001525878906,55.220001220703125,45.16390609741211,7623900.0
2016-06-09,SBUX,55.150001525878906,55.61000061035156,55.060001373291016,55.58000183105469,45.45835876464844,5927900.0
2016-06-10,SBUX,54.91999816894531,55.20000076293945,54.5,54.869998931884766,44.877647399902344,8118700.0
2016-06-13,SBUX,54.790000915527344,55.599998474121094,54.7599983215332,55.040000915527344,45.01669692993164,7908400.0
2016-06-14,SBUX,55.04999923706055,55.58000183105469,55.0099983215332,55.56999969482422,45.450172424316406,8036500.0
2016-06-15,SBUX,55.63999938964844,56.09000015258789,55.27000045776367,55.349998474121094,45.27023696899414,7447300.0
2016-06-16,SBUX,54.900001525878906,55.59000015258789,54.40999984741211,55.529998779296875,45.41745376586914,7968000.0
2016-06-17,SBUX,55.61000061035156,55.619998931884766,55.040000915527344,55.310001373291016,45.237525939941406,9503000.0
2016-06-20,SBUX,55.77000045776367,56.279998779296875,55.380001068115234,55.380001068115234,45.294769287109375,7286700.0
2016-06-21,SBUX,55.52000045776367,56.029998779296875,55.45000076293945,55.810001373291016,45.6464729309082,7445100.0
2016-06-22,SBUX,55.880001068115234,55.97999954223633,55.4900016784668,55.61000061035156,45.482887268066406,7215400.0
2016-06-23,SBUX,55.97999954223633,56.20000076293945,55.900001525878906,56.130001068115234,45.90819549560547,5569400.0
2016-06-24,SBUX,54.04999923706055,55.56999969482422,54.0099983215332,54.68000030517578,44.72224807739258,14654700.0
2016-06-27,SBUX,54.20000076293945,54.47999954223633,53.40999984741211,53.689998626708984,43.91254425048828,11631900.0
2016-06-28,SBUX,54.099998474121094,54.900001525878906,53.95000076293945,54.849998474121094,44.86129379272461,8417000.0
2016-06-29,SBUX,55.41999816894531,56.95000076293945,55.36000061035156,56.7400016784668,46.40712356567383,11103800.0
2016-06-30,SBUX,56.810001373291016,57.189998626708984,56.52000045776367,57.119998931884766,46.71791458129883,10215200.0
2016-07-01,SBUX,57.040000915527344,57.36000061035156,56.849998474121094,56.9900016784668,46.61158752441406,8330300.0
2016-07-05,SBUX,56.810001373291016,56.959999084472656,56.54999923706055,56.77000045776367,46.431644439697266,7274200.0
2016-07-06,SBUX,56.52000045776367,57.11000061035156,56.31999969482422,56.75,46.415279388427734,8474200.0
2016-07-07,SBUX,56.65999984741211,57.0,56.470001220703125,56.90999984741211,46.546146392822266,6813300.0
2016-07-08,SBUX,56.91999816894531,57.0,56.36000061035156,56.5099983215332,46.218997955322266,12655500.0
2016-07-11,SBUX,56.79999923706055,56.91999816894531,56.060001373291016,56.31999969482422,46.06358337402344,10394400.0
2016-07-12,SBUX,56.650001525878906,57.599998474121094,56.5099983215332,57.47999954223633,47.012351989746094,10998500.0
2016-07-13,SBUX,56.79999923706055,57.2599983215332,56.349998474121094,56.47999954223633,46.194461822509766,12183600.0
2016-07-14,SBUX,57.0,57.68000030517578,56.970001220703125,57.59000015258789,47.1023063659668,11353600.0
2016-07-15,SBUX,57.689998626708984,57.7400016784668,57.130001068115234,57.40999984741211,46.955078125,8494000.0
2016-07-18,SBUX,57.59000015258789,57.59000015258789,56.849998474121094,56.91999816894531,46.554317474365234,7614600.0
2016-07-19,SBUX,56.849998474121094,57.13999938964844,56.54999923706055,56.7599983215332,46.423458099365234,8719800.0
2016-07-20,SBUX,57.0,57.65999984741211,56.709999084472656,57.540000915527344,47.0614128112793,9446400.0
2016-07-21,SBUX,57.619998931884766,57.66999816894531,57.040000915527344,57.599998474121094,47.11049270629883,16151700.0
2016-07-22,SBUX,57.599998474121094,58.2400016784668,57.20000076293945,57.900001525878906,47.35585403442383,23899300.0
2016-07-25,SBUX,57.720001220703125,58.09000015258789,57.5,57.95000076293945,47.39676284790039,10486000.0
2016-07-26,SBUX,58.58000183105469,58.84000015258789,58.20000076293945,58.310001373291016,47.691192626953125,10106700.0
2016-07-27,SBUX,58.380001068115234,58.400001525878906,57.66999816894531,57.849998474121094,47.3149528503418,6551800.0
2016-07-28,SBUX,57.880001068115234,58.310001373291016,57.7400016784668,58.209999084472656,47.609413146972656,6830100.0
2016-07-29,SBUX,58.18000030517578,58.43000030517578,57.91999816894531,58.04999923706055,47.47854995727539,6914900.0
2016-08-01,SBUX,58.0,58.04999923706055,57.43000030517578,57.630001068115234,47.13502883911133,7997600.0
2016-08-02,SBUX,57.25,57.34000015258789,56.540000915527344,56.72999954223633,46.560508728027344,7574600.0
2016-08-03,SBUX,56.459999084472656,56.59000015258789,55.720001220703125,55.939998626708984,45.91212463378906,11484800.0
2016-08-04,SBUX,56.04999923706055,56.290000915527344,55.380001068115234,55.41999816894531,45.485347747802734,11193700.0
2016-08-05,SBUX,55.79999923706055,56.119998931884766,55.52000045776367,55.900001525878906,45.879295349121094,9206200.0
2016-08-08,SBUX,55.970001220703125,55.9900016784668,55.16999816894531,55.36000061035156,45.436092376708984,9129300.0
2016-08-09,SBUX,55.38999938964844,55.709999084472656,55.18000030517578,55.20000076293945,45.30478286743164,7136700.0
2016-08-10,SBUX,55.369998931884766,55.709999084472656,55.11000061035156,55.619998931884766,45.64948654174805,6991100.0
2016-08-11,SBUX,55.75,55.959999084472656,55.459999084472656,55.470001220703125,45.526371002197266,6191400.0
2016-08-12,SBUX,55.27000045776367,55.75,55.22999954223633,55.470001220703125,45.526371002197266,5039800.0
2016-08-15,SBUX,55.650001525878906,55.70000076293945,55.18000030517578,55.25,45.3458137512207,5968700.0
2016-08-16,SBUX,55.25,55.56999969482422,54.91999816894531,55.369998931884766,45.444297790527344,5750900.0
2016-08-17,SBUX,55.77000045776367,55.91999816894531,55.43000030517578,55.79999923706055,45.79722595214844,7410600.0
2016-08-18,SBUX,55.779998779296875,55.900001525878906,55.4900016784668,55.529998779296875,45.575626373291016,5390800.0
2016-08-19,SBUX,55.459999084472656,55.560001373291016,54.849998474121094,54.939998626708984,45.09137725830078,8981200.0
2016-08-22,SBUX,54.97999954223633,55.91999816894531,54.95000076293945,55.849998474121094,45.83824920654297,8837800.0
2016-08-23,SBUX,56.16999816894531,56.540000915527344,56.0,56.400001525878906,46.28965377807617,7827900.0
2016-08-24,SBUX,57.0,57.97999954223633,56.95000076293945,57.09000015258789,46.855979919433594,13200500.0
2016-08-25,SBUX,57.040000915527344,57.45000076293945,56.900001525878906,57.290000915527344,47.02011489868164,6686600.0
2016-08-26,SBUX,57.47999954223633,57.83000183105469,57.0,57.290000915527344,47.02011489868164,6940500.0
2016-08-29,SBUX,57.220001220703125,57.47999954223633,56.61000061035156,56.79999923706055,46.61796188354492,7026700.0
2016-08-30,SBUX,56.65999984741211,56.75,56.0099983215332,56.400001525878906,46.28965377807617,6377700.0
2016-08-31,SBUX,56.310001373291016,56.41999816894531,55.90999984741211,56.22999954223633,46.150142669677734,6996900.0
2016-09-01,SBUX,56.29999923706055,56.560001373291016,55.83000183105469,56.310001373291016,46.21580505371094,6230100.0
2016-09-02,SBUX,56.52000045776367,56.650001525878906,55.9900016784668,56.18000030517578,46.109107971191406,7441500.0
2016-09-06,SBUX,56.18000030517578,56.41999816894531,55.689998626708984,56.02000045776367,45.977779388427734,6472900.0
2016-09-07,SBUX,56.189998626708984,56.599998474121094,56.119998931884766,56.31999969482422,46.22400665283203,11428600.0
2016-09-08,SBUX,56.099998474121094,56.150001525878906,55.20000076293945,55.29999923706055,45.38684844970703,12673600.0
2016-09-09,SBUX,55.13999938964844,55.20000076293945,54.29999923706055,54.349998474121094,44.607147216796875,10658100.0
2016-09-12,SBUX,53.91999816894531,54.790000915527344,53.91999816894531,54.709999084472656,44.902610778808594,11002500.0
2016-09-13,SBUX,54.38999938964844,54.54999923706055,53.75,53.97999954223633,44.303470611572266,10050200.0
2016-09-14,SBUX,54.2599983215332,54.349998474121094,53.79999923706055,53.900001525878906,44.237831115722656,6688400.0
2016-09-15,SBUX,53.959999084472656,54.130001068115234,53.540000915527344,54.11000061035156,44.41017150878906,8076800.0
2016-09-16,SBUX,53.939998626708984,54.09000015258789,53.40999984741211,53.7400016784668,44.106502532958984,10207800.0
2016-09-19,SBUX,53.959999084472656,53.970001220703125,52.900001525878906,53.0099983215332,43.50735855102539,9231600.0
2016-09-20,SBUX,53.400001525878906,53.439998626708984,53.04999923706055,53.29999923706055,43.74536895751953,8731500.0
2016-09-21,SBUX,53.43000030517578,54.029998779296875,53.279998779296875,53.97999954223633,44.303470611572266,9213600.0
2016-09-22,SBUX,54.20000076293945,54.599998474121094,53.970001220703125,54.38999938964844,44.63996887207031,9096700.0
2016-09-23,SBUX,54.0,54.560001373291016,54.0,54.43000030517578,44.672813415527344,6945100.0
2016-09-26,SBUX,54.279998779296875,54.34000015258789,53.86000061035156,54.040000915527344,44.35271453857422,7755600.0
2016-09-27,SBUX,54.0,54.209999084472656,53.81999969482422,54.189998626708984,44.475833892822266,6463700.0
2016-09-28,SBUX,53.880001068115234,54.08000183105469,53.529998779296875,53.97999954223633,44.303470611572266,8593500.0
2016-09-29,SBUX,53.880001068115234,54.0,52.90999984741211,53.45000076293945,43.86847686767578,11993500.0
2016-09-30,SBUX,53.650001525878906,54.38999938964844,53.560001373291016,54.13999938964844,44.43479537963867,13767800.0
2016-10-03,SBUX,54.099998474121094,54.150001525878906,53.66999816894531,53.84000015258789,44.18858337402344,5478600.0
2016-10-04,SBUX,54.130001068115234,54.130001068115234,53.40999984741211,53.529998779296875,43.934146881103516,6176400.0
2016-10-05,SBUX,53.5,53.7599983215332,53.279998779296875,53.349998474121094,43.786415100097656,7451400.0
2016-10-06,SBUX,53.29999923706055,53.47999954223633,53.029998779296875,53.13999938964844,43.61405563354492,6130300.0
2016-10-07,SBUX,53.369998931884766,53.61000061035156,53.0,53.459999084472656,43.876686096191406,7279700.0
2016-10-10,SBUX,53.529998779296875,53.599998474121094,53.27000045776367,53.29999923706055,43.74536895751953,7224300.0
2016-10-11,SBUX,53.130001068115234,53.400001525878906,52.7400016784668,52.91999816894531,43.433502197265625,9720400.0
2016-10-12,SBUX,53.0099983215332,53.470001220703125,52.779998779296875,53.15999984741211,43.63047409057617,6320500.0
2016-10-13,SBUX,52.880001068115234,53.130001068115234,52.66999816894531,52.95000076293945,43.45811080932617,6958100.0
2016-10-14,SBUX,53.119998931884766,53.369998931884766,52.959999084472656,53.08000183105469,43.5648193359375,6430100.0
2016-10-17,SBUX,52.939998626708984,53.150001525878906,52.689998626708984,52.7599983215332,43.30217361450195,5223500.0
2016-10-18,SBUX,53.2400016784668,53.31999969482422,52.59000015258789,52.61000061035156,43.1790771484375,6550400.0
2016-10-19,SBUX,52.90999984741211,53.7400016784668,52.900001525878906,53.150001525878906,43.62226867675781,9095300.0
2016-10-20,SBUX,53.36000061035156,53.7400016784668,52.90999984741211,53.59000015258789,43.9833869934082,9286800.0
2016-10-21,SBUX,53.41999816894531,53.70000076293945,53.25,53.630001068115234,44.0162239074707,6767200.0
2016-10-24,SBUX,53.900001525878906,54.459999084472656,53.88999938964844,54.18000030517578,44.467620849609375,6919700.0
2016-10-25,SBUX,54.099998474121094,54.16999816894531,53.5,53.66999816894531,44.04904556274414,6052800.0
2016-10-26,SBUX,53.599998474121094,53.84000015258789,53.36000061035156,53.630001068115234,44.0162239074707,5817800.0
2016-10-27,SBUX,53.599998474121094,53.83000183105469,53.130001068115234,53.59000015258789,43.9833869934082,7900000.0
2016-10-28,SBUX,53.650001525878906,53.84000015258789,53.11000061035156,53.529998779296875,43.934146881103516,6620300.0
2016-10-31,SBUX,53.70000076293945,53.70000076293945,53.060001373291016,53.06999969482422,43.55660629272461,9142500.0
2016-11-01,SBUX,53.13999938964844,53.209999084472656,52.09000015258789,52.5,43.08879089355469,15425800.0
2016-11-02,SBUX,52.34000015258789,53.459999084472656,52.310001373291016,52.97999954223633,43.48274230957031,10851700.0
2016-11-03,SBUX,52.9900016784668,53.0,51.34000015258789,51.77000045776367,42.489646911621094,21847300.0
2016-11-04,SBUX,51.43000030517578,53.7400016784668,50.84000015258789,52.75,43.29396438598633,21956800.0
2016-11-07,SBUX,53.5,54.68000030517578,53.189998626708984,54.4900016784668,44.72206115722656,14916800.0
2016-11-08,SBUX,54.400001525878906,54.790000915527344,54.119998931884766,54.619998931884766,44.828758239746094,9352000.0
2016-11-09,SBUX,53.20000076293945,54.81999969482422,52.79999923706055,54.58000183105469,44.79591751098633,13727800.0
2016-11-10,SBUX,54.63999938964844,54.81999969482422,53.5099983215332,53.56999969482422,43.96697998046875,13621700.0
2016-11-11,SBUX,53.43000030517578,53.9900016784668,53.25,53.93000030517578,44.26244354248047,8436400.0
2016-11-14,SBUX,53.93000030517578,54.470001220703125,53.5,54.220001220703125,44.500450134277344,10489800.0
2016-11-15,SBUX,54.09000015258789,54.689998626708984,53.900001525878906,54.59000015258789,45.01167678833008,9588000.0
2016-11-16,SBUX,54.33000183105469,55.52000045776367,54.2599983215332,55.439998626708984,45.7125358581543,10779200.0
2016-11-17,SBUX,55.220001220703125,55.900001525878906,55.060001373291016,55.849998474121094,46.05059051513672,8744500.0
2016-11-18,SBUX,55.720001220703125,56.119998931884766,55.41999816894531,55.77000045776367,45.98463439941406,8741000.0
2016-11-21,SBUX,55.5099983215332,56.15999984741211,55.5099983215332,56.099998474121094,46.256736755371094,8004000.0
2016-11-22,SBUX,56.31999969482422,57.150001525878906,55.880001068115234,57.119998931884766,47.097755432128906,10268700.0
2016-11-23,SBUX,56.90999984741211,57.63999938964844,56.900001525878906,57.59000015258789,47.48530197143555,8183600.0
2016-11-25,SBUX,57.70000076293945,57.70000076293945,57.2599983215332,57.43000030517578,47.35336685180664,3228800.0
2016-11-28,SBUX,57.0,57.86000061035156,56.7599983215332,57.59000015258789,47.48530197143555,8750900.0
2016-11-29,SBUX,57.63999938964844,58.209999084472656,57.5,58.16999816894531,47.963523864746094,10582900.0
2016-11-30,SBUX,58.189998626708984,58.25,57.86000061035156,57.970001220703125,47.79863357543945,9528000.0
2016-12-01,SBUX,57.34000015258789,58.52000045776367,57.20000076293945,58.5099983215332,48.24386978149414,12381600.0
2016-12-02,SBUX,56.650001525878906,57.75,56.56999969482422,57.209999084472656,47.17196273803711,16870000.0
2016-12-05,SBUX,56.959999084472656,57.84000015258789,56.959999084472656,57.5,47.411075592041016,7701200.0
2016-12-06,SBUX,57.65999984741211,57.70000076293945,57.13999938964844,57.439998626708984,47.361602783203125,7035700.0
2016-12-07,SBUX,57.540000915527344,58.849998474121094,57.45000076293945,58.7599983215332,48.45000076293945,9094800.0
2016-12-08,SBUX,59.0,59.25,58.40999984741211,58.650001525878906,48.35929870605469,7972500.0
2016-12-09,SBUX,58.91999816894531,58.95000076293945,58.43000030517578,58.75,48.441749572753906,7091300.0
2016-12-12,SBUX,58.540000915527344,58.790000915527344,58.34000015258789,58.77000045776367,48.45825958251953,7736200.0
2016-12-13,SBUX,58.9900016784668,59.540000915527344,58.65999984741211,59.310001373291016,48.903499603271484,8878100.0
2016-12-14,SBUX,59.029998779296875,59.25,58.599998474121094,58.75,48.441749572753906,9022900.0
2016-12-15,SBUX,57.970001220703125,58.209999084472656,57.52000045776367,57.709999084472656,47.584232330322266,11837800.0
2016-12-16,SBUX,58.0099983215332,58.06999969482422,57.560001373291016,57.65999984741211,47.54301071166992,10611500.0
2016-12-19,SBUX,57.439998626708984,57.97999954223633,57.439998626708984,57.650001525878906,47.5347785949707,6433800.0
2016-12-20,SBUX,57.810001373291016,58.060001373291016,57.31999969482422,57.70000076293945,47.57599639892578,4888300.0
2016-12-21,SBUX,57.5,57.869998931884766,57.40999984741211,57.439998626708984,47.361602783203125,5380500.0
2016-12-22,SBUX,57.310001373291016,57.400001525878906,56.720001220703125,57.11000061035156,47.089508056640625,6777700.0
2016-12-23,SBUX,57.290000915527344,57.36000061035156,56.88999938964844,57.0099983215332,47.00706100463867,4298500.0
2016-12-27,SBUX,56.9900016784668,57.38999938964844,56.810001373291016,56.86000061035156,46.88337326049805,4186200.0
2016-12-28,SBUX,56.79999923706055,56.900001525878906,56.25,56.349998474121094,46.46285629272461,5548700.0
2016-12-29,SBUX,56.349998474121094,56.470001220703125,56.13999938964844,56.31999969482422,46.43812942504883,3780900.0
2016-12-30,SBUX,56.279998779296875,56.45000076293945,55.400001525878906,55.52000045776367,45.77850341796875,8344500.0
2017-01-03,SBUX,55.90999984741211,55.95000076293945,55.040000915527344,55.349998474121094,45.63833236694336,7809300.0
2017-01-04,SBUX,55.560001373291016,56.20000076293945,55.380001068115234,55.9900016784668,46.16603469848633,7796300.0
2017-01-05,SBUX,56.08000183105469,56.529998779296875,55.810001373291016,56.459999084472656,46.55356216430664,7602300.0
2017-01-06,SBUX,56.630001068115234,57.27000045776367,56.08000183105469,57.130001068115234,47.106014251708984,8587800.0
2017-01-09,SBUX,57.2599983215332,58.34000015258789,57.25,58.20000076293945,47.988258361816406,12640500.0
2017-01-10,SBUX,58.220001220703125,58.2599983215332,57.83000183105469,57.880001068115234,47.72441482543945,6671800.0
2017-01-11,SBUX,57.79999923706055,58.119998931884766,57.59000015258789,58.099998474121094,47.90579605102539,6028000.0
2017-01-12,SBUX,58.0,58.130001068115234,57.63999938964844,58.029998779296875,47.84809112548828,4733000.0
2017-01-13,SBUX,58.029998779296875,58.099998474121094,57.650001525878906,57.849998474121094,47.69967269897461,4745600.0
2017-01-17,SBUX,57.619998931884766,58.25,57.40999984741211,58.0,47.823360443115234,5734700.0
2017-01-18,SBUX,58.31999969482422,58.58000183105469,58.029998779296875,58.45000076293945,48.19438934326172,7375700.0
2017-01-19,SBUX,58.310001373291016,58.45000076293945,57.720001220703125,57.88999938964844,47.732666015625,7850500.0
2017-01-20,SBUX,58.13999938964844,58.20000076293945,57.40999984741211,57.65999984741211,47.54301071166992,7651600.0
2017-01-23,SBUX,57.41999816894531,57.900001525878906,57.150001525878906,57.7599983215332,47.625465393066406,6814400.0
2017-01-24,SBUX,57.93000030517578,58.5,57.7599983215332,58.439998626708984,48.1861572265625,10704100.0
2017-01-25,SBUX,58.66999816894531,58.93000030517578,58.45000076293945,58.70000076293945,48.40053176879883,7117600.0
2017-01-26,SBUX,58.70000076293945,59.0,58.2599983215332,58.459999084472656,48.202640533447266,12382400.0
2017-01-27,SBUX,55.75,56.59000015258789,55.650001525878906,56.119998931884766,46.273223876953125,28884900.0
2017-01-30,SBUX,56.0,56.2400016784668,55.58000183105469,55.900001525878906,46.09181594848633,13322000.0
2017-01-31,SBUX,55.79999923706055,55.869998931884766,54.880001068115234,55.220001220703125,45.53113555908203,14308000.0
2017-02-01,SBUX,55.4900016784668,55.5,53.810001373291016,53.900001525878906,44.4427375793457,18796900.0
2017-02-02,SBUX,54.040000915527344,54.38999938964844,53.849998474121094,53.869998931884766,44.417991638183594,15289700.0
2017-02-03,SBUX,54.209999084472656,55.099998474121094,54.0099983215332,55.060001373291016,45.39921188354492,14161700.0
2017-02-06,SBUX,55.0099983215332,55.75,54.900001525878906,55.72999954223633,45.95165252685547,13029800.0
2017-02-07,SBUX,55.790000915527344,55.84000015258789,55.18000030517578,55.2400016784668,45.75286865234375,9910500.0
2017-02-08,SBUX,55.189998626708984,55.5,55.099998474121094,55.220001220703125,45.736289978027344,11681900.0
2017-02-09,SBUX,55.22999954223633,56.119998931884766,55.209999084472656,55.810001373291016,46.224971771240234,11106800.0
2017-02-10,SBUX,55.72999954223633,56.400001525878906,55.560001373291016,56.220001220703125,46.564552307128906,11179000.0
2017-02-13,SBUX,56.5,56.65999984741211,56.029998779296875,56.11000061035156,46.473453521728516,8027900.0
2017-02-14,SBUX,56.02000045776367,56.61000061035156,56.02000045776367,56.58000183105469,46.86274337768555,8865900.0
2017-02-15,SBUX,56.560001373291016,56.880001068115234,56.310001373291016,56.86000061035156,47.09463119506836,6967200.0
2017-02-16,SBUX,56.959999084472656,56.9900016784668,56.529998779296875,56.72999954223633,46.986968994140625,8524500.0
2017-02-17,SBUX,56.79999923706055,57.56999969482422,56.709999084472656,57.349998474121094,47.50048828125,11008400.0
2017-02-21,SBUX,57.40999984741211,57.810001373291016,57.400001525878906,57.540000915527344,47.65785598754883,8289200.0
2017-02-22,SBUX,57.52000045776367,57.849998474121094,57.349998474121094,57.56999969482422,47.682701110839844,7876600.0
2017-02-23,SBUX,57.599998474121094,57.790000915527344,57.38999938964844,57.63999938964844,47.74068069458008,7178600.0
2017-02-24,SBUX,57.61000061035156,57.709999084472656,57.150001525878906,57.47999954223633,47.608158111572266,7806200.0
2017-02-27,SBUX,57.2400016784668,57.29999923706055,56.65999984741211,56.779998779296875,47.028385162353516,7702400.0
2017-02-28,SBUX,56.709999084472656,57.060001373291016,56.54999923706055,56.869998931884766,47.10292434692383,8750700.0
2017-03-01,SBUX,57.27000045776367,57.400001525878906,56.939998626708984,57.13999938964844,47.32656478881836,7198000.0
2017-03-02,SBUX,57.06999969482422,57.189998626708984,56.849998474121094,57.119998931884766,47.30998611450195,6595400.0
2017-03-03,SBUX,56.70000076293945,57.2599983215332,56.70000076293945,57.099998474121094,47.293418884277344,7735900.0
2017-03-06,SBUX,56.779998779296875,56.810001373291016,56.33000183105469,56.68000030517578,46.945552825927734,9160000.0
2017-03-07,SBUX,56.58000183105469,56.75,56.02000045776367,56.20000076293945,46.54799270629883,10890300.0
2017-03-08,SBUX,56.150001525878906,56.349998474121094,55.540000915527344,55.7400016784668,46.166996002197266,13061600.0
2017-03-09,SBUX,55.75,55.79999923706055,54.810001373291016,55.189998626708984,45.711448669433594,17844200.0
2017-03-10,SBUX,55.38999938964844,55.400001525878906,54.41999816894531,54.529998779296875,45.1648063659668,13886400.0
2017-03-13,SBUX,54.56999969482422,54.880001068115234,54.400001525878906,54.630001068115234,45.247642517089844,9090200.0
2017-03-14,SBUX,54.619998931884766,54.7400016784668,54.189998626708984,54.27000045776367,44.949459075927734,7892900.0
2017-03-15,SBUX,54.38999938964844,54.650001525878906,54.09000015258789,54.540000915527344,45.173091888427734,8712000.0
2017-03-16,SBUX,54.849998474121094,54.9900016784668,54.65999984741211,54.79999923706055,45.38843536376953,8074300.0
2017-03-17,SBUX,55.040000915527344,56.130001068115234,54.95000076293945,55.779998779296875,46.20012283325195,15822100.0
2017-03-20,SBUX,55.869998931884766,56.04999923706055,55.5099983215332,55.810001373291016,46.224971771240234,7948400.0
2017-03-21,SBUX,56.04999923706055,56.45000076293945,55.4900016784668,55.540000915527344,46.0013427734375,8030600.0
2017-03-22,SBUX,55.68000030517578,56.040000915527344,55.5099983215332,55.88999938964844,46.29123306274414,8452100.0
2017-03-23,SBUX,56.150001525878906,56.43000030517578,55.779998779296875,55.849998474121094,46.25810241699219,7357200.0
2017-03-24,SBUX,56.11000061035156,57.380001068115234,55.900001525878906,56.810001373291016,47.05323028564453,15763000.0
2017-03-27,SBUX,56.65999984741211,57.45000076293945,56.459999084472656,57.22999954223633,47.40108871459961,8861800.0
2017-03-28,SBUX,57.099998474121094,57.52000045776367,57.029998779296875,57.349998474121094,47.50048828125,8331600.0
2017-03-29,SBUX,57.16999816894531,57.849998474121094,57.130001068115234,57.540000915527344,47.65785598754883,7001600.0
2017-03-30,SBUX,57.45000076293945,58.29999923706055,57.41999816894531,58.15999984741211,48.171363830566406,8677900.0
2017-03-31,SBUX,58.11000061035156,58.65999984741211,58.060001373291016,58.38999938964844,48.36187744140625,9156700.0
2017-04-03,SBUX,58.279998779296875,58.470001220703125,57.88999938964844,58.439998626708984,48.40328598022461,8989000.0
2017-04-04,SBUX,58.369998931884766,58.40999984741211,58.0099983215332,58.31999969482422,48.30388641357422,6474800.0
2017-04-05,SBUX,57.959999084472656,59.27000045776367,57.810001373291016,58.220001220703125,48.2210693359375,13656200.0
2017-04-06,SBUX,58.130001068115234,58.36000061035156,57.72999954223633,57.91999816894531,47.97258377075195,9112500.0
2017-04-07,SBUX,57.79999923706055,58.25,57.54999923706055,58.02000045776367,48.055419921875,6773800.0
2017-04-10,SBUX,58.0,58.209999084472656,57.72999954223633,57.95000076293945,47.997440338134766,5266300.0
2017-04-11,SBUX,57.7400016784668,58.15999984741211,57.380001068115234,57.880001068115234,47.93947219848633,5855100.0
2017-04-12,SBUX,57.880001068115234,57.900001525878906,57.47999954223633,57.58000183105469,47.69099044799805,5450300.0
2017-04-13,SBUX,57.61000061035156,57.790000915527344,57.45000076293945,57.5099983215332,47.632999420166016,4871700.0
2017-04-17,SBUX,57.68000030517578,58.25,57.68000030517578,58.08000183105469,48.1051139831543,5626000.0
2017-04-18,SBUX,57.59000015258789,58.47999954223633,57.59000015258789,58.349998474121094,48.3287467956543,5449300.0
2017-04-19,SBUX,58.599998474121094,59.4900016784668,58.5,59.040000915527344,48.90023422241211,12000600.0
2017-04-20,SBUX,59.709999084472656,60.34000015258789,59.560001373291016,60.08000183105469,49.76163101196289,12445900.0
2017-04-21,SBUX,60.20000076293945,60.689998626708984,60.150001525878906,60.61000061035156,50.200599670410156,8800000.0
2017-04-24,SBUX,61.0,61.380001068115234,60.88999938964844,61.11000061035156,50.61472702026367,10721300.0
2017-04-25,SBUX,60.650001525878906,61.209999084472656,59.91999816894531,60.959999084472656,50.49049377441406,11031500.0
2017-04-26,SBUX,61.22999954223633,61.75,60.97999954223633,61.560001373291016,50.987457275390625,8525400.0
2017-04-27,SBUX,61.630001068115234,61.939998626708984,61.189998626708984,61.29999923706055,50.772098541259766,15285300.0
2017-04-28,SBUX,59.40999984741211,60.18000030517578,58.9900016784668,60.060001373291016,49.745059967041016,25046100.0
2017-05-01,SBUX,60.0,60.599998474121094,59.7599983215332,60.18000030517578,49.84446716308594,10910300.0
2017-05-02,SBUX,60.150001525878906,60.52000045776367,60.040000915527344,60.5,50.109493255615234,9152100.0
2017-05-03,SBUX,60.52000045776367,60.66999816894531,60.2599983215332,60.59000015258789,50.18403244018555,7706400.0
2017-05-04,SBUX,60.650001525878906,60.849998474121094,60.38999938964844,60.83000183105469,50.382816314697266,6874300.0
2017-05-05,SBUX,60.95000076293945,60.9900016784668,60.58000183105469,60.95000076293945,50.48221969604492,6443300.0
2017-05-08,SBUX,61.06999969482422,61.06999969482422,60.70000076293945,60.939998626708984,50.47392272949219,5588400.0
2017-05-09,SBUX,60.58000183105469,61.08000183105469,60.56999969482422,60.97999954223633,50.715110778808594,5806600.0
2017-05-10,SBUX,60.880001068115234,60.97999954223633,60.209999084472656,60.65999984741211,50.448974609375,7198400.0
2017-05-11,SBUX,60.45000076293945,60.5099983215332,60.029998779296875,60.27000045776367,50.1246337890625,5516900.0
2017-05-12,SBUX,60.279998779296875,60.34000015258789,59.83000183105469,59.93000030517578,49.841854095458984,5647500.0
2017-05-15,SBUX,60.41999816894531,60.4900016784668,60.130001068115234,60.45000076293945,50.274322509765625,5904100.0
2017-05-16,SBUX,60.68000030517578,60.70000076293945,59.880001068115234,59.97999954223633,49.88344192504883,6303500.0
2017-05-17,SBUX,59.970001220703125,60.31999969482422,59.54999923706055,59.72999954223633,49.67551803588867,7581200.0
2017-05-18,SBUX,59.72999954223633,59.939998626708984,58.869998931884766,59.81999969482422,49.75037384033203,8602400.0
2017-05-19,SBUX,59.939998626708984,61.91999816894531,59.939998626708984,61.36000061035156,51.03114318847656,12531000.0
2017-05-22,SBUX,61.029998779296875,61.720001220703125,61.029998779296875,61.22999954223633,50.92302703857422,6391600.0
2017-05-23,SBUX,61.400001525878906,61.5,60.86000061035156,61.150001525878906,50.85649490356445,5622500.0
2017-05-24,SBUX,61.400001525878906,62.0,60.939998626708984,61.88999938964844,51.471927642822266,7249300.0
2017-05-25,SBUX,62.0099983215332,63.11000061035156,61.900001525878906,62.900001525878906,52.31190872192383,8931800.0
2017-05-26,SBUX,63.0099983215332,63.41999816894531,62.970001220703125,63.29999923706055,52.64458084106445,6098000.0
2017-05-30,SBUX,63.06999969482422,63.40999984741211,63.0099983215332,63.2599983215332,52.61130905151367,7094600.0
2017-05-31,SBUX,63.27000045776367,63.61000061035156,63.08000183105469,63.61000061035156,52.90239715576172,7314600.0
2017-06-01,SBUX,63.5099983215332,63.81999969482422,63.349998474121094,63.75,53.01882553100586,6058300.0
2017-06-02,SBUX,63.880001068115234,64.68000030517578,63.70000076293945,64.56999969482422,53.700801849365234,7840400.0
2017-06-05,SBUX,64.8499984741211,64.87000274658203,64.18000030517578,64.2699966430664,53.451297760009766,6808900.0
2017-06-06,SBUX,64.22000122070312,64.3499984741211,64.05000305175781,64.16000366210938,53.35981750488281,5448400.0
2017-06-07,SBUX,64.12999725341797,64.30000305175781,63.34000015258789,63.5,52.8109130859375,8365000.0
2017-06-08,SBUX,63.439998626708984,63.58000183105469,62.02000045776367,62.2400016784668,51.76300811767578,11289300.0
2017-06-09,SBUX,62.369998931884766,62.47999954223633,61.869998931884766,62.189998626708984,51.721431732177734,11240500.0
2017-06-12,SBUX,61.79999923706055,61.9900016784668,60.630001068115234,61.290000915527344,50.97292709350586,11071600.0
2017-06-13,SBUX,61.119998931884766,61.2599983215332,60.59000015258789,60.91999816894531,50.66522216796875,9384900.0
2017-06-14,SBUX,60.66999816894531,60.81999969482422,59.86000061035156,60.27000045776367,50.1246337890625,9703300.0
2017-06-15,SBUX,59.91999816894531,60.279998779296875,59.5099983215332,60.09000015258789,49.97493362426758,7516000.0
2017-06-16,SBUX,59.88999938964844,60.15999984741211,59.470001220703125,60.13999938964844,50.01651382446289,11522400.0
2017-06-19,SBUX,60.349998474121094,61.0,60.11000061035156,60.900001525878906,50.64857864379883,6778000.0
2017-06-20,SBUX,60.97999954223633,61.0,59.70000076293945,59.86000061035156,49.78363800048828,6985700.0
2017-06-21,SBUX,60.0,60.310001373291016,59.709999084472656,59.959999084472656,49.86680221557617,6027600.0
2017-06-22,SBUX,60.09000015258789,60.099998474121094,59.400001525878906,59.5099983215332,49.4925651550293,5602000.0
2017-06-23,SBUX,59.7599983215332,60.16999816894531,59.58000183105469,59.810001373291016,49.7420654296875,6469500.0
2017-06-26,SBUX,60.02000045776367,60.150001525878906,59.33000183105469,59.63999938964844,49.60068130493164,5674600.0
2017-06-27,SBUX,59.540000915527344,59.689998626708984,58.810001373291016,58.959999084472656,49.035152435302734,5652400.0
2017-06-28,SBUX,59.060001373291016,59.25,58.79999923706055,59.18000030517578,49.21809768676758,5419200.0
2017-06-29,SBUX,59.16999816894531,59.18000030517578,57.959999084472656,58.36000061035156,48.5361328125,7421200.0
2017-06-30,SBUX,58.68000030517578,58.95000076293945,58.290000915527344,58.310001373291016,48.49454879760742,8117100.0
2017-07-03,SBUX,58.900001525878906,58.9900016784668,58.25,58.25,48.44464874267578,4575300.0
2017-07-05,SBUX,58.43000030517578,58.5,57.79999923706055,57.939998626708984,48.186832427978516,7773600.0
2017-07-06,SBUX,57.79999923706055,57.91999816894531,57.400001525878906,57.599998474121094,47.90407180786133,8886600.0
2017-07-07,SBUX,57.790000915527344,58.36000061035156,57.540000915527344,58.040000915527344,48.27001190185547,7278300.0
2017-07-10,SBUX,58.18000030517578,58.349998474121094,57.75,57.810001373291016,48.0787239074707,4832100.0
2017-07-11,SBUX,57.90999984741211,58.08000183105469,57.529998779296875,57.900001525878906,48.1535758972168,5422300.0
2017-07-12,SBUX,58.209999084472656,58.709999084472656,58.02000045776367,58.540000915527344,48.685848236083984,7141900.0
2017-07-13,SBUX,58.79999923706055,58.869998931884766,58.119998931884766,58.380001068115234,48.55277633666992,8460200.0
2017-07-14,SBUX,58.400001525878906,58.91999816894531,58.279998779296875,58.7599983215332,48.868797302246094,5441400.0
2017-07-17,SBUX,58.72999954223633,58.869998931884766,58.279998779296875,58.33000183105469,48.51118087768555,6774500.0
2017-07-18,SBUX,58.119998931884766,58.58000183105469,57.689998626708984,58.209999084472656,48.41138458251953,7857500.0
2017-07-19,SBUX,58.150001525878906,58.40999984741211,57.900001525878906,58.11000061035156,48.32822036743164,8203600.0
2017-07-20,SBUX,58.40999984741211,58.84000015258789,58.0,58.029998779296875,48.26168441772461,10546700.0
2017-07-21,SBUX,57.91999816894531,58.2599983215332,57.83000183105469,57.97999954223633,48.220115661621094,6717200.0
2017-07-24,SBUX,58.0,58.25,57.93000030517578,58.02000045776367,48.253379821777344,7442600.0
2017-07-25,SBUX,58.220001220703125,58.84000015258789,57.97999954223633,58.54999923706055,48.694156646728516,7933100.0
2017-07-26,SBUX,58.79999923706055,58.84000015258789,57.779998779296875,57.939998626708984,48.186832427978516,8775900.0
2017-07-27,SBUX,58.25,59.65999984741211,57.93000030517578,59.5,49.48423385620117,23286700.0
2017-07-28,SBUX,55.22999954223633,55.959999084472656,53.40999984741211,54.0,44.910057067871094,53454800.0
2017-07-31,SBUX,54.47999954223633,54.68000030517578,53.95000076293945,53.97999954223633,44.89342498779297,20299400.0
2017-08-01,SBUX,54.56999969482422,54.790000915527344,53.970001220703125,54.72999954223633,45.51718521118164,18120900.0
2017-08-02,SBUX,54.75,55.45000076293945,54.66999816894531,55.43000030517578,46.0993537902832,14764900.0
2017-08-03,SBUX,55.63999938964844,56.119998931884766,55.5,55.68000030517578,46.30727005004883,13331500.0
2017-08-04,SBUX,55.970001220703125,56.04999923706055,55.09000015258789,55.439998626708984,46.10767364501953,9179800.0
2017-08-07,SBUX,55.599998474121094,55.93000030517578,55.41999816894531,55.630001068115234,46.26569747924805,7253900.0
2017-08-08,SBUX,55.54999923706055,55.58000183105469,54.36000061035156,54.52000045776367,45.5472297668457,11095300.0
2017-08-09,SBUX,54.43000030517578,54.43000030517578,53.29999923706055,53.7400016784668,44.89558792114258,16717700.0
2017-08-10,SBUX,53.52000045776367,53.75,52.9900016784668,53.06999969482422,44.33585739135742,13235300.0
2017-08-11,SBUX,53.04999923706055,53.400001525878906,53.04999923706055,53.18000030517578,44.427757263183594,9235000.0
2017-08-14,SBUX,53.599998474121094,53.599998474121094,53.18000030517578,53.220001220703125,44.461177825927734,7426500.0
2017-08-15,SBUX,53.40999984741211,53.41999816894531,52.88999938964844,53.150001525878906,44.40268325805664,6674600.0
2017-08-16,SBUX,53.2599983215332,53.91999816894531,53.25,53.5,44.69508743286133,7667100.0
2017-08-17,SBUX,53.31999969482422,53.779998779296875,52.9900016784668,53.040000915527344,44.31079864501953,7451700.0
2017-08-18,SBUX,52.91999816894531,53.09000015258789,52.58000183105469,52.70000076293945,44.026763916015625,10370500.0
2017-08-21,SBUX,53.13999938964844,53.52000045776367,52.79999923706055,53.150001525878906,44.40268325805664,12753200.0
2017-08-22,SBUX,53.4900016784668,54.7400016784668,53.38999938964844,54.45000076293945,45.48875045776367,14547600.0
2017-08-23,SBUX,53.959999084472656,54.099998474121094,53.650001525878906,54.08000183105469,45.17963790893555,11838500.0
2017-08-24,SBUX,54.2599983215332,54.45000076293945,53.77000045776367,53.939998626708984,45.06267166137695,8716700.0
2017-08-25,SBUX,54.619998931884766,54.689998626708984,54.189998626708984,54.36000061035156,45.41354751586914,8601100.0
2017-08-28,SBUX,54.540000915527344,54.58000183105469,54.02000045776367,54.400001525878906,45.44697189331055,6643700.0
2017-08-29,SBUX,54.040000915527344,54.290000915527344,54.0,54.099998474121094,45.19635009765625,6212400.0
2017-08-30,SBUX,54.040000915527344,54.619998931884766,54.040000915527344,54.52000045776367,45.5472297668457,5596600.0
2017-08-31,SBUX,54.68000030517578,54.9900016784668,54.56999969482422,54.86000061035156,45.831268310546875,8245300.0
2017-09-01,SBUX,54.900001525878906,55.15999984741211,54.880001068115234,54.93000030517578,45.889747619628906,7696300.0
2017-09-05,SBUX,54.95000076293945,55.20000076293945,54.599998474121094,55.130001068115234,46.05683135986328,9160500.0
2017-09-06,SBUX,55.119998931884766,55.279998779296875,54.130001068115234,54.310001373291016,45.37178421020508,11372300.0
2017-09-07,SBUX,54.41999816894531,54.68000030517578,53.25,53.470001220703125,44.67002868652344,13801900.0
2017-09-08,SBUX,53.38999938964844,53.779998779296875,53.04999923706055,53.4900016784668,44.686729431152344,11774500.0
2017-09-11,SBUX,53.790000915527344,54.130001068115234,53.61000061035156,54.02000045776367,45.12950897216797,9314100.0
2017-09-12,SBUX,53.97999954223633,54.04999923706055,53.33000183105469,53.540000915527344,44.72850036621094,10339400.0
2017-09-13,SBUX,53.54999923706055,54.720001220703125,53.4900016784668,54.290000915527344,45.355064392089844,12787900.0
2017-09-14,SBUX,54.380001068115234,54.709999084472656,54.099998474121094,54.529998779296875,45.555580139160156,8260800.0
2017-09-15,SBUX,54.439998626708984,54.790000915527344,54.15999984741211,54.66999816894531,45.672523498535156,10744800.0
2017-09-18,SBUX,54.79999923706055,54.970001220703125,54.56999969482422,54.689998626708984,45.68924331665039,6348400.0
2017-09-19,SBUX,54.84000015258789,54.880001068115234,54.560001373291016,54.619998931884766,45.63076400756836,5187100.0
2017-09-20,SBUX,54.58000183105469,55.18000030517578,54.58000183105469,55.150001525878906,46.07353973388672,7080000.0
2017-09-21,SBUX,55.04999923706055,55.16999816894531,54.86000061035156,55.0099983215332,45.95657730102539,7178500.0
2017-09-22,SBUX,55.04999923706055,55.20000076293945,54.86000061035156,55.09000015258789,46.02341079711914,6950000.0
2017-09-25,SBUX,54.97999954223633,55.220001220703125,54.70000076293945,54.95000076293945,45.90644454956055,10242700.0
2017-09-26,SBUX,55.060001373291016,55.220001220703125,54.79999923706055,55.130001068115234,46.05683135986328,8021900.0
2017-09-27,SBUX,55.25,55.599998474121094,54.959999084472656,54.9900016784668,45.93986892700195,8671300.0
2017-09-28,SBUX,54.810001373291016,55.08000183105469,54.45000076293945,54.5,45.53050994873047,7607500.0
2017-09-29,SBUX,54.310001373291016,54.470001220703125,53.36000061035156,53.709999084472656,44.87053298950195,11944400.0
2017-10-02,SBUX,53.86000061035156,54.040000915527344,53.75,53.810001373291016,44.95408630371094,5956000.0
2017-10-03,SBUX,54.0,54.34000015258789,53.900001525878906,53.9900016784668,45.10444641113281,6137100.0
2017-10-04,SBUX,54.119998931884766,54.20000076293945,53.689998626708984,53.93000030517578,45.054317474365234,5569100.0
2017-10-05,SBUX,54.060001373291016,54.970001220703125,53.91999816894531,54.599998474121094,45.614051818847656,7994300.0
2017-10-06,SBUX,54.5099983215332,55.45000076293945,54.25,55.16999816894531,46.09024429321289,10576300.0
2017-10-09,SBUX,55.369998931884766,55.4900016784668,54.959999084472656,55.02000045776367,45.964935302734375,5822900.0
2017-10-10,SBUX,55.099998474121094,55.849998474121094,55.08000183105469,55.41999816894531,46.29909133911133,6573900.0
2017-10-11,SBUX,55.459999084472656,55.79999923706055,55.2599983215332,55.63999938964844,46.48289489746094,8881900.0
2017-10-12,SBUX,55.66999816894531,56.27000045776367,55.310001373291016,55.970001220703125,46.758583068847656,7234300.0
2017-10-13,SBUX,56.0,56.43000030517578,55.61000061035156,55.720001220703125,46.54972457885742,6231100.0
2017-10-16,SBUX,55.66999816894531,55.79999923706055,54.88999938964844,54.90999984741211,45.873043060302734,7256900.0
2017-10-17,SBUX,54.86000061035156,55.22999954223633,54.290000915527344,54.5099983215332,45.53887939453125,11227300.0
2017-10-18,SBUX,54.459999084472656,55.43000030517578,54.220001220703125,55.209999084472656,46.1236572265625,8299500.0
2017-10-19,SBUX,55.08000183105469,55.540000915527344,54.900001525878906,55.400001525878906,46.28239440917969,5720200.0
2017-10-20,SBUX,55.310001373291016,55.400001525878906,54.18000030517578,54.56999969482422,45.58899688720703,11741100.0
2017-10-23,SBUX,54.77000045776367,54.939998626708984,54.18000030517578,54.27000045776367,45.3383674621582,10111100.0
2017-10-24,SBUX,54.369998931884766,54.560001373291016,54.02000045776367,54.279998779296875,45.34672164916992,7818500.0
2017-10-25,SBUX,54.2400016784668,54.38999938964844,53.65999984741211,54.15999984741211,45.24646759033203,8281200.0
2017-10-26,SBUX,54.5,55.75,54.5,54.90999984741211,45.873043060302734,12211400.0
2017-10-27,SBUX,54.83000183105469,55.119998931884766,54.68000030517578,54.880001068115234,45.84796905517578,9922600.0
2017-10-30,SBUX,54.790000915527344,55.22999954223633,54.400001525878906,55.16999816894531,46.09024429321289,6430900.0
2017-10-31,SBUX,55.15999984741211,55.310001373291016,54.70000076293945,54.84000015258789,45.81455993652344,8857800.0
2017-11-01,SBUX,55.099998474121094,55.59000015258789,54.939998626708984,55.130001068115234,46.05683135986328,7189800.0
2017-11-02,SBUX,55.150001525878906,55.38999938964844,54.77000045776367,54.869998931884766,45.839622497558594,16879000.0
2017-11-03,SBUX,54.15999984741211,56.939998626708984,54.04999923706055,56.029998779296875,46.80870819091797,28773800.0
2017-11-06,SBUX,55.9900016784668,56.689998626708984,55.630001068115234,56.56999969482422,47.25983810424805,10835700.0
2017-11-07,SBUX,56.33000183105469,57.290000915527344,56.33000183105469,57.220001220703125,47.8028564453125,11167400.0
2017-11-08,SBUX,57.029998779296875,58.0099983215332,57.0,57.90999984741211,48.37930679321289,13533700.0
2017-11-09,SBUX,57.20000076293945,57.65999984741211,56.790000915527344,57.36000061035156,47.919822692871094,14778900.0
2017-11-10,SBUX,57.36000061035156,57.38999938964844,56.540000915527344,57.040000915527344,47.652488708496094,7930300.0
2017-11-13,SBUX,56.810001373291016,57.13999938964844,56.54999923706055,56.63999938964844,47.31831741333008,7648200.0
2017-11-14,SBUX,56.470001220703125,57.0,56.40999984741211,56.93000030517578,47.56058120727539,7758200.0
2017-11-15,SBUX,56.81999969482422,57.060001373291016,56.5099983215332,56.70000076293945,47.619380950927734,8880500.0
2017-11-16,SBUX,56.91999816894531,57.41999816894531,56.75,57.2400016784668,48.07289505004883,8310200.0
2017-11-17,SBUX,57.2400016784668,57.43000030517578,56.84000015258789,56.93000030517578,47.81253433227539,6310800.0
2017-11-20,SBUX,56.66999816894531,57.04999923706055,56.58000183105469,56.810001373291016,47.71176528930664,6360100.0
2017-11-21,SBUX,56.959999084472656,57.560001373291016,56.880001068115234,57.2599983215332,48.08970260620117,6284300.0
2017-11-22,SBUX,57.06999969482422,57.18000030517578,56.79999923706055,57.13999938964844,47.98891067504883,7308500.0
2017-11-24,SBUX,57.189998626708984,57.189998626708984,56.709999084472656,56.79999923706055,47.703365325927734,3479000.0
2017-11-27,SBUX,56.83000183105469,56.91999816894531,55.75,55.90999984741211,46.955902099609375,10580300.0
2017-11-28,SBUX,56.029998779296875,56.720001220703125,55.90999984741211,56.65999984741211,47.58578109741211,9734400.0
2017-11-29,SBUX,56.709999084472656,57.68000030517578,56.70000076293945,57.5099983215332,48.299659729003906,10017900.0
2017-11-30,SBUX,57.63999938964844,58.13999938964844,57.470001220703125,57.81999969482422,48.56001663208008,11509200.0
2017-12-01,SBUX,57.5,57.709999084472656,56.459999084472656,57.31999969482422,48.140071868896484,12756400.0
2017-12-04,SBUX,57.540000915527344,59.189998626708984,57.5,58.7599983215332,49.349464416503906,13302100.0
2017-12-05,SBUX,59.25,59.68000030517578,58.90999984741211,59.34000015258789,49.83658218383789,11295600.0
2017-12-06,SBUX,59.380001068115234,59.83000183105469,59.22999954223633,59.279998779296875,49.78618621826172,8458200.0
2017-12-07,SBUX,59.119998931884766,59.279998779296875,58.7599983215332,59.13999938964844,49.66859817504883,6033800.0
2017-12-08,SBUX,58.52000045776367,58.849998474121094,58.099998474121094,58.61000061035156,49.223487854003906,9950500.0
2017-12-11,SBUX,58.38999938964844,59.349998474121094,58.290000915527344,59.06999969482422,49.60981369018555,10286600.0
2017-12-12,SBUX,58.9900016784668,59.36000061035156,58.869998931884766,59.27000045776367,49.77778244018555,6042900.0
2017-12-13,SBUX,59.439998626708984,59.88999938964844,59.29999923706055,59.4900016784668,49.962554931640625,7726300.0
2017-12-14,SBUX,59.72999954223633,60.04999923706055,59.439998626708984,59.70000076293945,50.13892364501953,8945900.0
2017-12-15,SBUX,59.25,59.369998931884766,58.15999984741211,58.290000915527344,48.95473098754883,22595000.0
2017-12-18,SBUX,58.439998626708984,58.790000915527344,57.88999938964844,58.029998779296875,48.736366271972656,8751600.0
2017-12-19,SBUX,58.130001068115234,58.58000183105469,57.93000030517578,58.0099983215332,48.71958541870117,7945700.0
2017-12-20,SBUX,58.220001220703125,58.290000915527344,57.689998626708984,57.72999954223633,48.48441696166992,7188700.0
2017-12-21,SBUX,57.939998626708984,58.150001525878906,57.4900016784668,57.58000183105469,48.35844802856445,5974500.0
2017-12-22,SBUX,57.56999969482422,57.90999984741211,57.119998931884766,57.29999923706055,48.123291015625,7148700.0
2017-12-26,SBUX,57.27000045776367,57.58000183105469,57.04999923706055,57.13999938964844,47.98891067504883,5546200.0
2017-12-27,SBUX,57.189998626708984,57.650001525878906,57.18000030517578,57.27000045776367,48.09808349609375,4812200.0
2017-12-28,SBUX,57.470001220703125,58.0,57.29999923706055,57.810001373291016,48.551612854003906,5044500.0
2017-12-29,SBUX,57.7400016784668,57.970001220703125,57.41999816894531,57.43000030517578,48.23247528076172,5365600.0
2018-01-02,SBUX,57.95000076293945,58.209999084472656,57.47999954223633,57.630001068115234,48.40043258666992,7216000.0
2018-01-03,SBUX,57.93000030517578,58.959999084472656,57.79999923706055,58.709999084472656,49.307464599609375,7478400.0
2018-01-04,SBUX,58.9900016784668,59.40999984741211,58.72999954223633,58.93000030517578,49.49223709106445,5775900.0
2018-01-05,SBUX,59.25,59.689998626708984,59.06999969482422,59.61000061035156,50.06333541870117,6047700.0
2018-01-08,SBUX,59.47999954223633,59.66999816894531,58.560001373291016,59.310001373291016,49.811378479003906,6335800.0
2018-01-09,SBUX,59.20000076293945,59.470001220703125,58.86000061035156,59.18000030517578,49.70219802856445,5233400.0
2018-01-10,SBUX,60.0,60.130001068115234,58.86000061035156,59.81999969482422,50.23970031738281,8656500.0
2018-01-11,SBUX,59.52000045776367,60.02000045776367,59.45000076293945,60.0,50.390865325927734,5806300.0
2018-01-12,SBUX,60.400001525878906,60.5099983215332,59.650001525878906,60.400001525878906,50.726829528808594,6989100.0
2018-01-16,SBUX,60.33000183105469,61.099998474121094,60.29999923706055,60.560001373291016,50.86119842529297,8040700.0
2018-01-17,SBUX,61.0,61.33000183105469,60.52000045776367,60.65999984741211,50.9451789855957,8433800.0
2018-01-18,SBUX,61.43000030517578,61.439998626708984,60.7400016784668,61.09000015258789,51.30631637573242,9170900.0
2018-01-19,SBUX,61.209999084472656,61.459999084472656,60.95000076293945,61.2599983215332,51.449092864990234,8361900.0
2018-01-22,SBUX,61.040000915527344,61.470001220703125,60.77000045776367,61.40999984741211,51.57506561279297,11945800.0
2018-01-23,SBUX,61.31999969482422,61.90999984741211,61.13999938964844,61.689998626708984,51.81022262573242,10806800.0
2018-01-24,SBUX,61.5099983215332,61.939998626708984,60.22999954223633,60.83000183105469,51.087955474853516,11911900.0
2018-01-25,SBUX,61.029998779296875,61.20000076293945,60.400001525878906,60.54999923706055,50.85279083251953,16225600.0
2018-01-26,SBUX,57.939998626708984,58.16999816894531,56.54999923706055,57.9900016784668,48.702789306640625,51851700.0
2018-01-29,SBUX,57.54999923706055,58.349998474121094,56.90999984741211,57.02000045776367,47.88813400268555,18899900.0
2018-01-30,SBUX,56.959999084472656,57.540000915527344,56.7400016784668,57.189998626708984,48.030906677246094,14341200.0
2018-01-31,SBUX,57.22999954223633,57.45000076293945,56.70000076293945,56.810001373291016,47.71176528930664,13118400.0
2018-02-01,SBUX,56.279998779296875,56.41999816894531,55.88999938964844,56.0,47.0314826965332,14690100.0
2018-02-02,SBUX,55.900001525878906,56.31999969482422,55.70000076293945,55.77000045776367,46.83832550048828,15358900.0
2018-02-05,SBUX,55.529998779296875,56.2599983215332,54.56999969482422,54.689998626708984,45.9312858581543,16060000.0
2018-02-06,SBUX,53.689998626708984,56.060001373291016,53.560001373291016,55.61000061035156,46.70393753051758,17415100.0
2018-02-07,SBUX,55.08000183105469,55.43000030517578,54.439998626708984,54.459999084472656,45.98619842529297,13927000.0
2018-02-08,SBUX,54.5,54.790000915527344,53.75,53.77000045776367,45.403568267822266,17736700.0
2018-02-09,SBUX,54.20000076293945,55.060001373291016,53.650001525878906,54.58000183105469,46.08753204345703,19382000.0
2018-02-12,SBUX,54.86000061035156,55.72999954223633,54.54999923706055,55.380001068115234,46.7630500793457,10969000.0
2018-02-13,SBUX,55.25,55.720001220703125,55.02000045776367,55.66999816894531,47.007930755615234,10416400.0
2018-02-14,SBUX,55.470001220703125,56.70000076293945,55.290000915527344,55.9900016784668,47.27814483642578,14190300.0
2018-02-15,SBUX,56.36000061035156,56.83000183105469,55.900001525878906,56.58000183105469,47.776344299316406,10294900.0
2018-02-16,SBUX,56.650001525878906,57.04999923706055,56.34000015258789,56.47999954223633,47.6919059753418,10151300.0
2018-02-20,SBUX,56.290000915527344,56.540000915527344,55.83000183105469,55.970001220703125,47.261253356933594,9450900.0
2018-02-21,SBUX,55.93000030517578,56.7400016784668,55.86000061035156,56.099998474121094,47.37102127075195,7851000.0
2018-02-22,SBUX,55.95000076293945,56.13999938964844,55.2599983215332,55.400001525878906,46.779945373535156,10172400.0
2018-02-23,SBUX,55.650001525878906,56.150001525878906,54.79999923706055,56.13999938964844,47.404808044433594,11394400.0
2018-02-26,SBUX,56.41999816894531,57.349998474121094,56.31999969482422,57.16999816894531,48.27452850341797,8713800.0
2018-02-27,SBUX,57.290000915527344,57.63999938964844,56.560001373291016,56.56999969482422,47.76788330078125,8821400.0
2018-02-28,SBUX,56.84000015258789,57.91999816894531,56.83000183105469,57.099998474121094,48.21542739868164,11541100.0
2018-03-01,SBUX,57.0,57.560001373291016,55.83000183105469,56.16999816894531,47.43012619018555,11127600.0
2018-03-02,SBUX,55.720001220703125,57.20000076293945,55.68000030517578,56.93000030517578,48.07188415527344,11555100.0
2018-03-05,SBUX,56.83000183105469,57.41999816894531,56.68000030517578,56.9900016784668,48.12254333496094,7835400.0
2018-03-06,SBUX,57.25,57.25,56.540000915527344,57.029998779296875,48.156314849853516,8046800.0
2018-03-07,SBUX,56.619998931884766,57.16999816894531,56.619998931884766,57.029998779296875,48.156314849853516,7044100.0
2018-03-08,SBUX,57.290000915527344,57.79999923706055,57.130001068115234,57.470001220703125,48.52785110473633,7434700.0
2018-03-09,SBUX,57.66999816894531,58.630001068115234,57.66999816894531,58.459999084472656,49.36381530761719,9539600.0
2018-03-12,SBUX,58.66999816894531,59.68000030517578,58.47999954223633,59.400001525878906,50.15755081176758,10550300.0
2018-03-13,SBUX,59.70000076293945,60.70000076293945,58.88999938964844,59.04999923706055,49.86201477050781,10411400.0
2018-03-14,SBUX,59.279998779296875,59.720001220703125,58.709999084472656,58.83000183105469,49.67625045776367,6488500.0
2018-03-15,SBUX,58.93000030517578,60.06999969482422,58.81999969482422,59.369998931884766,50.13222885131836,7377000.0
2018-03-16,SBUX,59.380001068115234,59.650001525878906,58.939998626708984,59.0,49.81978988647461,13030900.0
2018-03-19,SBUX,58.70000076293945,58.849998474121094,57.79999923706055,58.29999923706055,49.22871398925781,9350600.0
2018-03-20,SBUX,58.45000076293945,58.97999954223633,58.45000076293945,58.65999984741211,49.53269577026367,5888400.0
2018-03-21,SBUX,58.75,59.54999923706055,58.38999938964844,58.470001220703125,49.37226104736328,6569100.0
2018-03-22,SBUX,58.029998779296875,58.720001220703125,57.75,57.77000045776367,48.78118133544922,6846500.0
2018-03-23,SBUX,57.779998779296875,57.93000030517578,56.310001373291016,56.310001373291016,47.54833984375,9476800.0
2018-03-26,SBUX,56.959999084472656,58.0,56.54999923706055,57.79999923706055,48.80651092529297,8444900.0
2018-03-27,SBUX,58.099998474121094,58.5,57.13999938964844,57.459999084472656,48.5194091796875,7562900.0
2018-03-28,SBUX,57.5,58.099998474121094,57.220001220703125,57.900001525878906,48.890960693359375,9301900.0
2018-03-29,SBUX,57.2599983215332,58.13999938964844,56.83000183105469,57.88999938964844,48.882503509521484,12015200.0
2018-04-02,SBUX,57.52000045776367,57.72999954223633,55.380001068115234,56.2400016784668,47.48923873901367,16778300.0
2018-04-03,SBUX,56.54999923706055,58.04999923706055,56.45000076293945,58.0,48.97538375854492,10908200.0
2018-04-04,SBUX,57.25,58.970001220703125,57.209999084472656,58.83000183105469,49.67625045776367,7893100.0
2018-04-05,SBUX,59.0,59.27000045776367,58.86000061035156,59.13999938964844,49.93800735473633,6305100.0
2018-04-06,SBUX,58.779998779296875,59.13999938964844,58.09000015258789,58.34000015258789,49.262489318847656,8264500.0
2018-04-09,SBUX,58.540000915527344,59.369998931884766,58.41999816894531,58.70000076293945,49.566471099853516,8023800.0
2018-04-10,SBUX,59.11000061035156,59.4900016784668,58.869998931884766,59.40999984741211,50.16598892211914,6545000.0
2018-04-11,SBUX,59.189998626708984,59.709999084472656,59.0,59.41999816894531,50.174434661865234,5508000.0
2018-04-12,SBUX,59.65999984741211,60.119998931884766,59.41999816894531,59.43000030517578,50.182891845703125,6088200.0
2018-04-13,SBUX,59.0,59.54999923706055,58.959999084472656,59.2400016784668,50.02245330810547,6689800.0
2018-04-16,SBUX,59.130001068115234,59.689998626708984,58.84000015258789,59.43000030517578,50.182891845703125,6119200.0
2018-04-17,SBUX,59.75,60.0,59.400001525878906,59.83000183105469,50.52064514160156,6139600.0
2018-04-18,SBUX,59.72999954223633,59.83000183105469,59.439998626708984,59.5,50.24199295043945,5914200.0
2018-04-19,SBUX,59.41999816894531,59.4900016784668,58.72999954223633,59.220001220703125,50.00556182861328,6280100.0
2018-04-20,SBUX,59.029998779296875,59.18000030517578,57.79999923706055,58.0,48.97538375854492,12037600.0
2018-04-23,SBUX,58.0099983215332,58.72999954223633,57.689998626708984,58.15999984741211,49.11049270629883,8444400.0
2018-04-24,SBUX,58.47999954223633,58.65999984741211,57.650001525878906,57.810001373291016,48.81494903564453,7793600.0
2018-04-25,SBUX,58.27000045776367,58.27000045776367,57.290000915527344,57.709999084472656,48.73051071166992,8367400.0
2018-04-26,SBUX,58.11000061035156,60.18000030517578,57.849998474121094,59.380001068115234,50.14067459106445,14516600.0
2018-04-27,SBUX,58.06999969482422,58.97999954223633,57.5,58.36000061035156,49.27936935424805,11975200.0
2018-04-30,SBUX,58.38999938964844,58.5099983215332,57.459999084472656,57.56999969482422,48.6122932434082,7854600.0
2018-05-01,SBUX,57.66999816894531,58.25,57.439998626708984,58.130001068115234,49.08516311645508,7257500.0
2018-05-02,SBUX,58.060001373291016,58.09000015258789,56.529998779296875,56.70000076293945,47.877662658691406,7299100.0
2018-05-03,SBUX,56.52000045776367,56.56999969482422,55.540000915527344,56.130001068115234,47.396366119384766,7152400.0
2018-05-04,SBUX,56.540000915527344,57.93000030517578,56.4900016784668,57.68000030517578,48.70517349243164,9279200.0
2018-05-07,SBUX,58.9900016784668,59.040000915527344,57.27000045776367,57.45000076293945,48.51096725463867,10630600.0
2018-05-08,SBUX,57.45000076293945,57.709999084472656,57.0,57.66999816894531,48.696739196777344,7234000.0
2018-05-09,SBUX,57.43000030517578,57.619998931884766,56.790000915527344,57.040000915527344,48.4166259765625,7015300.0
2018-05-10,SBUX,57.18000030517578,57.70000076293945,57.02000045776367,57.650001525878906,48.93440246582031,6565800.0
2018-05-11,SBUX,57.720001220703125,57.86000061035156,57.06999969482422,57.27000045776367,48.61185073852539,5843400.0
2018-05-14,SBUX,57.36000061035156,57.5099983215332,56.9900016784668,57.130001068115234,48.49302291870117,5871800.0
2018-05-15,SBUX,57.0,57.099998474121094,56.349998474121094,56.63999938964844,48.07710266113281,7415800.0
2018-05-16,SBUX,56.83000183105469,57.33000183105469,56.790000915527344,57.150001525878906,48.5099983215332,4843900.0
2018-05-17,SBUX,57.20000076293945,57.349998474121094,56.97999954223633,57.20000076293945,48.552425384521484,6110100.0
2018-05-18,SBUX,57.27000045776367,57.38999938964844,56.86000061035156,57.15999984741211,48.51848602294922,7786000.0
2018-05-21,SBUX,57.400001525878906,57.81999969482422,57.2599983215332,57.34000015258789,48.6712760925293,5379300.0
2018-05-22,SBUX,57.5,57.619998931884766,56.90999984741211,56.959999084472656,48.348716735839844,5355600.0
2018-05-23,SBUX,56.79999923706055,57.56999969482422,56.7599983215332,57.4900016784668,48.79859161376953,5339900.0
2018-05-24,SBUX,57.439998626708984,57.7400016784668,57.119998931884766,57.68000030517578,48.959869384765625,5681600.0
2018-05-25,SBUX,57.68000030517578,58.380001068115234,57.58000183105469,57.91999816894531,49.163578033447266,6783800.0
2018-05-29,SBUX,57.70000076293945,57.880001068115234,57.0099983215332,57.22999954223633,48.57789611816406,6475900.0
2018-05-30,SBUX,57.43000030517578,57.65999984741211,57.150001525878906,57.47999954223633,48.790103912353516,5762400.0
2018-05-31,SBUX,57.18000030517578,57.470001220703125,56.54999923706055,56.66999816894531,48.1025505065918,9433000.0
2018-06-01,SBUX,56.84000015258789,57.029998779296875,56.61000061035156,56.90999984741211,48.3062858581543,4967700.0
2018-06-04,SBUX,57.099998474121094,57.20000076293945,56.79999923706055,57.06999969482422,48.44208526611328,7484100.0
2018-06-05,SBUX,56.689998626708984,56.70000076293945,55.279998779296875,55.68000030517578,47.26224136352539,18278800.0
2018-06-06,SBUX,55.84000015258789,57.18000030517578,55.619998931884766,57.16999816894531,48.52696228027344,13709800.0
2018-06-07,SBUX,57.290000915527344,57.939998626708984,57.09000015258789,57.13999938964844,48.501502990722656,7919800.0
2018-06-08,SBUX,56.91999816894531,57.060001373291016,56.52000045776367,56.599998474121094,48.043155670166016,8433500.0
2018-06-11,SBUX,56.61000061035156,56.7400016784668,56.27000045776367,56.47999954223633,47.941287994384766,7181700.0
2018-06-12,SBUX,56.599998474121094,56.900001525878906,56.29999923706055,56.47999954223633,47.941287994384766,8249700.0
2018-06-13,SBUX,56.5099983215332,56.70000076293945,56.18000030517578,56.209999084472656,47.712100982666016,8283200.0
2018-06-14,SBUX,56.459999084472656,57.06999969482422,56.310001373291016,57.02000045776367,48.399662017822266,11049700.0
2018-06-15,SBUX,57.040000915527344,57.209999084472656,56.459999084472656,57.11000061035156,48.476051330566406,12408300.0
2018-06-18,SBUX,56.77000045776367,57.31999969482422,56.11000061035156,57.220001220703125,48.56942367553711,9676900.0
2018-06-19,SBUX,56.650001525878906,57.5,56.34000015258789,57.43000030517578,48.74766540527344,9965500.0
2018-06-20,SBUX,54.83000183105469,55.0099983215332,51.58000183105469,52.220001220703125,44.3253173828125,62091100.0
2018-06-21,SBUX,52.290000915527344,52.630001068115234,50.36000061035156,50.619998931884766,42.967201232910156,30723000.0
2018-06-22,SBUX,51.0,51.720001220703125,50.81999969482422,51.2400016784668,43.49346923828125,24429600.0
2018-06-25,SBUX,51.15999984741211,51.439998626708984,50.209999084472656,50.65999984741211,43.00115966796875,15578600.0
2018-06-26,SBUX,50.5099983215332,50.630001068115234,50.11000061035156,50.380001068115234,42.763484954833984,12930600.0
2018-06-27,SBUX,50.52000045776367,50.529998779296875,49.84000015258789,49.84000015258789,42.30513000488281,14576900.0
2018-06-28,SBUX,49.45000076293945,49.47999954223633,47.369998931884766,48.540000915527344,41.20167541503906,33210100.0
2018-06-29,SBUX,48.08000183105469,49.2599983215332,48.08000183105469,48.849998474121094,41.46479034423828,17413000.0
2018-07-02,SBUX,48.63999938964844,49.099998474121094,48.54999923706055,49.060001373291016,41.64305877685547,9870900.0
2018-07-03,SBUX,49.150001525878906,49.29999923706055,48.7599983215332,48.77000045776367,41.39690399169922,7517500.0
2018-07-05,SBUX,48.91999816894531,49.029998779296875,48.400001525878906,48.61000061035156,41.26108932495117,9630500.0
2018-07-06,SBUX,48.900001525878906,49.189998626708984,48.58000183105469,48.97999954223633,41.57513427734375,10712000.0
2018-07-09,SBUX,49.209999084472656,50.04999923706055,49.209999084472656,49.900001525878906,42.35606002807617,12811700.0
2018-07-10,SBUX,50.08000183105469,50.5099983215332,49.959999084472656,50.41999816894531,42.79743576049805,9038000.0
2018-07-11,SBUX,50.220001220703125,50.47999954223633,50.02000045776367,50.13999938964844,42.559776306152344,9542400.0
2018-07-12,SBUX,50.36000061035156,50.65999984741211,50.20000076293945,50.25,42.653141021728516,9339200.0
2018-07-13,SBUX,50.2599983215332,51.650001525878906,50.2599983215332,51.619998931884766,43.81603240966797,21718400.0
2018-07-16,SBUX,51.54999923706055,51.54999923706055,50.689998626708984,50.939998626708984,43.23883056640625,16974900.0
2018-07-17,SBUX,50.65999984741211,51.29999923706055,50.599998474121094,51.279998779296875,43.527427673339844,11421300.0
2018-07-18,SBUX,51.34000015258789,51.619998931884766,51.0,51.150001525878906,43.417083740234375,13549500.0
2018-07-19,SBUX,51.11000061035156,51.4900016784668,51.0,51.34000015258789,43.57835006713867,11415600.0
2018-07-20,SBUX,51.060001373291016,51.2400016784668,50.75,50.90999984741211,43.21335983276367,11024100.0
2018-07-23,SBUX,50.7599983215332,51.27000045776367,50.7599983215332,51.189998626708984,43.4510383605957,8406800.0
2018-07-24,SBUX,51.29999923706055,51.720001220703125,51.060001373291016,51.16999816894531,43.43405532836914,9921500.0
2018-07-25,SBUX,51.0099983215332,51.720001220703125,51.0099983215332,51.619998931884766,43.81603240966797,11368000.0
2018-07-26,SBUX,51.68000030517578,51.84000015258789,51.34000015258789,51.45000076293945,43.67171859741211,11114800.0
2018-07-27,SBUX,51.5,52.599998474121094,50.209999084472656,52.150001525878906,44.26590347290039,15770300.0
2018-07-30,SBUX,52.20000076293945,52.849998474121094,51.7599983215332,51.900001525878906,44.05369186401367,14448400.0
2018-07-31,SBUX,52.029998779296875,52.689998626708984,51.849998474121094,52.38999938964844,44.46961212158203,9228200.0
2018-08-01,SBUX,52.2400016784668,52.2400016784668,51.25,51.93000030517578,44.079166412353516,11952400.0
2018-08-02,SBUX,52.099998474121094,52.349998474121094,51.43000030517578,51.68000030517578,43.86695098876953,13636400.0
2018-08-03,SBUX,51.70000076293945,52.45000076293945,51.58000183105469,52.22999954223633,44.33380889892578,8246100.0
2018-08-06,SBUX,52.099998474121094,52.27000045776367,51.79999923706055,52.06999969482422,44.19800567626953,6505800.0
2018-08-07,SBUX,52.08000183105469,52.209999084472656,51.79999923706055,52.06999969482422,44.19800567626953,5869400.0
2018-08-08,SBUX,51.83000183105469,51.93000030517578,51.36000061035156,51.54999923706055,44.06123733520508,7257200.0
2018-08-09,SBUX,51.529998779296875,52.02000045776367,51.31999969482422,51.91999816894531,44.377471923828125,7175400.0
2018-08-10,SBUX,51.59000015258789,51.630001068115234,51.20000076293945,51.5099983215332,44.02705001831055,10539300.0
2018-08-13,SBUX,51.619998931884766,51.959999084472656,51.470001220703125,51.810001373291016,44.28346633911133,7911300.0
2018-08-14,SBUX,51.849998474121094,52.7400016784668,51.790000915527344,52.59000015258789,44.95016098022461,9385400.0
2018-08-15,SBUX,52.310001373291016,52.939998626708984,52.29999923706055,52.75,45.086910247802734,9566000.0
2018-08-16,SBUX,52.97999954223633,53.36000061035156,52.91999816894531,53.040000915527344,45.33478927612305,8721200.0
2018-08-17,SBUX,52.95000076293945,53.61000061035156,52.95000076293945,53.560001373291016,45.779239654541016,8166900.0
2018-08-20,SBUX,53.709999084472656,54.15999984741211,53.70000076293945,53.91999816894531,46.086944580078125,9791200.0
2018-08-21,SBUX,54.16999816894531,54.439998626708984,53.95000076293945,54.0,46.15531539916992,7990000.0
2018-08-22,SBUX,53.54999923706055,53.63999938964844,52.65999984741211,52.81999969482422,45.1467399597168,10369600.0
2018-08-23,SBUX,52.7599983215332,53.189998626708984,52.560001373291016,52.65999984741211,45.009986877441406,8567600.0
2018-08-24,SBUX,52.81999969482422,52.91999816894531,52.41999816894531,52.75,45.086910247802734,9849800.0
2018-08-27,SBUX,52.9900016784668,53.18000030517578,52.810001373291016,52.970001220703125,45.27494812011719,6443200.0
2018-08-28,SBUX,53.02000045776367,53.470001220703125,52.97999954223633,53.04999923706055,45.34333419799805,7171900.0
2018-08-29,SBUX,53.06999969482422,53.439998626708984,52.720001220703125,53.25,45.5142707824707,6604900.0
2018-08-30,SBUX,53.119998931884766,53.40999984741211,52.970001220703125,53.099998474121094,45.386070251464844,5576400.0
2018-08-31,SBUX,52.459999084472656,53.709999084472656,52.45000076293945,53.45000076293945,45.68521499633789,10892800.0
2018-09-04,SBUX,53.439998626708984,53.689998626708984,53.209999084472656,53.529998779296875,45.75360870361328,8235200.0
2018-09-05,SBUX,53.470001220703125,53.97999954223633,53.290000915527344,53.790000915527344,45.975830078125,7966300.0
2018-09-06,SBUX,53.65999984741211,54.349998474121094,53.650001525878906,54.209999084472656,46.33481216430664,7803400.0
2018-09-07,SBUX,54.20000076293945,54.959999084472656,54.15999984741211,54.86000061035156,46.890377044677734,10231700.0
2018-09-10,SBUX,54.939998626708984,55.11000061035156,54.56999969482422,54.970001220703125,46.984413146972656,8621000.0
2018-09-11,SBUX,54.83000183105469,55.400001525878906,54.77000045776367,55.119998931884766,47.11262512207031,7873900.0
2018-09-12,SBUX,55.20000076293945,55.20000076293945,54.33000183105469,54.970001220703125,46.984413146972656,7297300.0
2018-09-13,SBUX,55.119998931884766,55.56999969482422,54.7400016784668,54.88999938964844,46.91602325439453,8566600.0
2018-09-14,SBUX,55.0,55.0,54.61000061035156,54.75,46.796356201171875,6827700.0
2018-09-17,SBUX,54.70000076293945,54.86000061035156,54.279998779296875,54.56999969482422,46.64251708984375,9277200.0
2018-09-18,SBUX,54.47999954223633,55.279998779296875,54.099998474121094,55.06999969482422,47.069889068603516,7569600.0
2018-09-19,SBUX,55.220001220703125,55.790000915527344,54.900001525878906,55.43000030517578,47.37758255004883,7451600.0
2018-09-20,SBUX,55.599998474121094,56.72999954223633,55.599998474121094,56.43000030517578,48.23231887817383,10582600.0
2018-09-21,SBUX,56.54999923706055,57.56999969482422,56.52000045776367,57.45000076293945,49.10413360595703,25800500.0
2018-09-24,SBUX,56.939998626708984,57.36000061035156,56.58000183105469,56.689998626708984,48.45454025268555,10616000.0
2018-09-25,SBUX,56.97999954223633,57.290000915527344,56.83000183105469,56.900001525878906,48.63404083251953,9445500.0
2018-09-26,SBUX,56.77000045776367,57.84000015258789,56.75,57.27000045776367,48.95027160644531,7757300.0
2018-09-27,SBUX,57.099998474121094,57.790000915527344,57.099998474121094,57.34000015258789,49.010108947753906,6606200.0
2018-09-28,SBUX,57.38999938964844,57.38999938964844,56.779998779296875,56.84000015258789,48.58275604248047,8975900.0
2018-10-01,SBUX,56.90999984741211,56.95000076293945,55.529998779296875,55.58000183105469,47.505794525146484,12726900.0
2018-10-02,SBUX,55.54999923706055,56.0099983215332,55.290000915527344,55.59000015258789,47.51434326171875,12680800.0
2018-10-03,SBUX,55.79999923706055,56.11000061035156,55.459999084472656,55.470001220703125,47.41177749633789,7383500.0
2018-10-04,SBUX,55.779998779296875,56.08000183105469,55.5,55.88999938964844,47.77075958251953,9722000.0
2018-10-05,SBUX,55.95000076293945,55.95000076293945,55.310001373291016,55.7599983215332,47.65964126586914,9734000.0
2018-10-08,SBUX,55.81999969482422,56.75,55.45000076293945,56.540000915527344,48.326332092285156,9623900.0
2018-10-09,SBUX,56.83000183105469,59.70000076293945,56.810001373291016,57.709999084472656,49.32636642456055,24855700.0
2018-10-10,SBUX,57.66999816894531,57.869998931884766,55.939998626708984,56.0099983215332,47.87332534790039,14190500.0
2018-10-11,SBUX,55.70000076293945,56.27000045776367,54.709999084472656,54.86000061035156,46.890377044677734,15316900.0
2018-10-12,SBUX,55.709999084472656,56.779998779296875,55.279998779296875,56.45000076293945,48.24940490722656,13980500.0
2018-10-15,SBUX,56.369998931884766,57.189998626708984,56.310001373291016,56.75,48.50582504272461,10175100.0
2018-10-16,SBUX,56.939998626708984,58.0099983215332,56.77000045776367,57.810001373291016,49.41183853149414,11731400.0
2018-10-17,SBUX,57.900001525878906,59.400001525878906,57.779998779296875,59.099998474121094,50.51443862915039,14631000.0
2018-10-18,SBUX,59.0,59.529998779296875,58.150001525878906,58.63999938964844,50.12126922607422,12184700.0
2018-10-19,SBUX,58.38999938964844,59.06999969482422,58.38999938964844,58.65999984741211,50.138370513916016,10180500.0
2018-10-22,SBUX,58.93000030517578,59.36000061035156,58.58000183105469,58.900001525878906,50.343502044677734,8680200.0
2018-10-23,SBUX,58.36000061035156,59.29999923706055,58.209999084472656,58.810001373291016,50.266563415527344,12834200.0
2018-10-24,SBUX,58.56999969482422,59.279998779296875,57.95000076293945,58.060001373291016,49.625526428222656,12189700.0
2018-10-25,SBUX,58.290000915527344,59.470001220703125,57.70000076293945,58.959999084472656,50.394775390625,9569600.0
2018-10-26,SBUX,58.040000915527344,58.36000061035156,57.38999938964844,58.06999969482422,49.634071350097656,13367600.0
2018-10-29,SBUX,58.68000030517578,59.68000030517578,57.70000076293945,58.369998931884766,49.89048385620117,14412800.0
2018-10-30,SBUX,58.43000030517578,58.869998931884766,57.689998626708984,58.59000015258789,50.07853317260742,14230100.0
2018-10-31,SBUX,58.97999954223633,59.119998931884766,58.209999084472656,58.27000045776367,49.80500793457031,11560400.0
2018-11-01,SBUX,58.29999923706055,59.06999969482422,58.06999969482422,58.630001068115234,50.11272430419922,18772400.0
2018-11-02,SBUX,61.9900016784668,65.68000030517578,61.900001525878906,64.31999969482422,54.97611618041992,45573000.0
2018-11-05,SBUX,63.93000030517578,65.12999725341797,63.81999969482422,64.4800033569336,55.11288833618164,23242600.0
2018-11-06,SBUX,64.30000305175781,66.08000183105469,64.25,66.01000213623047,56.420597076416016,16065400.0
2018-11-07,SBUX,66.29000091552734,68.20999908447266,66.04000091552734,68.16000366210938,58.25828170776367,16465000.0
2018-11-08,SBUX,67.77999877929688,68.9800033569336,67.62999725341797,68.72000122070312,58.73692321777344,14081700.0
2018-11-09,SBUX,68.48999786376953,68.95999908447266,68.08000183105469,68.5999984741211,58.63434600830078,8637200.0
2018-11-12,SBUX,68.44000244140625,68.94000244140625,67.80000305175781,67.91000366210938,58.04460525512695,12789600.0
2018-11-13,SBUX,67.94000244140625,68.27999877929688,67.0999984741211,67.41000366210938,57.61724090576172,16637000.0
2018-11-14,SBUX,67.30000305175781,67.94999694824219,66.7300033569336,67.04000091552734,57.60862350463867,13350500.0
2018-11-15,SBUX,66.70999908447266,67.76000213623047,66.36000061035156,67.62000274658203,58.107051849365234,15246500.0
2018-11-16,SBUX,67.30000305175781,68.52999877929688,67.08999633789062,68.16000366210938,58.57107925415039,9287900.0
2018-11-19,SBUX,68.0999984741211,68.47000122070312,67.2300033569336,67.91000366210938,58.35625457763672,10855400.0
2018-11-20,SBUX,67.38999938964844,67.87999725341797,66.76000213623047,67.18000030517578,57.728919982910156,11208900.0
2018-11-21,SBUX,67.47000122070312,67.9800033569336,66.75,66.7699966430664,57.376609802246094,10978100.0
2018-11-23,SBUX,66.23999786376953,66.23999786376953,65.26000213623047,65.69999694824219,56.4571533203125,7779800.0
2018-11-26,SBUX,65.9800033569336,66.12000274658203,65.20999908447266,65.69000244140625,56.448551177978516,13066800.0
2018-11-27,SBUX,65.45999908447266,66.55000305175781,65.30999755859375,66.08000183105469,56.78369140625,13169100.0
2018-11-28,SBUX,66.18000030517578,66.98999786376953,65.4800033569336,66.81999969482422,57.41959762573242,12867600.0
2018-11-29,SBUX,66.68000030517578,67.27999877929688,66.12000274658203,66.87999725341797,57.47114944458008,9605500.0
2018-11-30,SBUX,66.86000061035156,67.37999725341797,66.6500015258789,66.72000122070312,57.333648681640625,27308900.0
2018-12-03,SBUX,67.37000274658203,68.05999755859375,66.66000366210938,67.5,58.003944396972656,13834300.0
2018-12-04,SBUX,67.47000122070312,68.1500015258789,66.44999694824219,66.6500015258789,57.27351379394531,13555100.0
2018-12-06,SBUX,66.12999725341797,66.66999816894531,65.58999633789062,66.55000305175781,57.187564849853516,17222200.0
2018-12-07,SBUX,66.16999816894531,66.63999938964844,65.19999694824219,65.47000122070312,56.259521484375,11057500.0
2018-12-10,SBUX,65.47000122070312,65.80000305175781,64.44999694824219,65.48999786376953,56.27669143676758,12148300.0
2018-12-11,SBUX,66.22000122070312,66.91999816894531,65.5199966430664,65.91999816894531,56.64620590209961,10903100.0
2018-12-12,SBUX,66.0,66.93000030517578,66.0,66.12999725341797,56.82666015625,11115800.0
2018-12-13,SBUX,66.29000091552734,67.22000122070312,66.12999725341797,66.91000366210938,57.49692153930664,10016200.0
2018-12-14,SBUX,64.44000244140625,65.83999633789062,63.58000183105469,65.33999633789062,56.147789001464844,16834000.0
2018-12-17,SBUX,65.0,65.62999725341797,64.08000183105469,64.47000122070312,55.400184631347656,15143100.0
2018-12-18,SBUX,64.7699966430664,65.4000015258789,64.55000305175781,64.91999816894531,55.78688049316406,10523500.0
2018-12-19,SBUX,65.16000366210938,65.9000015258789,63.68000030517578,64.05999755859375,55.04787063598633,14390100.0
2018-12-20,SBUX,63.61000061035156,63.79999923706055,61.45000076293945,62.150001525878906,53.406578063964844,20264600.0
2018-12-21,SBUX,62.310001373291016,63.209999084472656,61.380001068115234,61.38999938964844,52.75349426269531,23524900.0
2018-12-24,SBUX,61.47999954223633,61.81999969482422,60.41999816894531,60.560001373291016,52.04025650024414,6323300.0
2018-12-26,SBUX,60.95000076293945,63.22999954223633,60.66999816894531,63.08000183105469,54.205753326416016,16646200.0
2018-12-27,SBUX,62.619998931884766,63.2400016784668,61.619998931884766,63.20000076293945,54.30885696411133,11308100.0
2018-12-28,SBUX,63.310001373291016,64.12000274658203,63.16999816894531,63.38999938964844,54.47213363647461,7711900.0
2018-12-31,SBUX,63.77000045776367,64.61000061035156,63.65999984741211,64.4000015258789,55.34003829956055,7689800.0
2019-01-02,SBUX,63.68000030517578,64.37000274658203,63.209999084472656,64.31999969482422,55.271305084228516,10094000.0
2019-01-03,SBUX,63.459999084472656,63.720001220703125,61.400001525878906,61.529998779296875,52.87379455566406,14390100.0
2019-01-04,SBUX,62.400001525878906,64.25,62.08000183105469,63.56999969482422,54.62680435180664,12694400.0
2019-01-07,SBUX,63.349998474121094,64.23999786376953,62.7400016784668,63.56999969482422,54.62680435180664,10337600.0
2019-01-08,SBUX,63.939998626708984,64.29000091552734,63.04999923706055,63.619998931884766,54.669769287109375,10809700.0
2019-01-09,SBUX,63.650001525878906,64.04000091552734,62.95000076293945,63.880001068115234,54.89318084716797,13080300.0
2019-01-10,SBUX,63.61000061035156,64.38999938964844,63.2400016784668,64.19000244140625,55.15959167480469,10397600.0
2019-01-11,SBUX,62.290000915527344,63.84000015258789,61.66999816894531,63.72999954223633,54.76430130004883,13805700.0
2019-01-14,SBUX,63.349998474121094,64.05999755859375,62.97999954223633,63.369998931884766,54.454933166503906,9929600.0
2019-01-15,SBUX,63.58000183105469,64.62999725341797,63.45000076293945,64.08000183105469,55.0650634765625,7930400.0
2019-01-16,SBUX,64.19999694824219,64.81999969482422,63.75,63.77000045776367,54.79866409301758,8091300.0
2019-01-17,SBUX,63.68000030517578,64.38999938964844,63.599998474121094,64.27999877929688,55.236915588378906,6767100.0
2019-01-18,SBUX,64.80999755859375,64.80999755859375,63.86000061035156,64.69999694824219,55.59783172607422,9835200.0
2019-01-22,SBUX,64.9000015258789,66.20999908447266,64.75,65.38999938964844,56.190765380859375,16414300.0
2019-01-23,SBUX,65.87999725341797,66.69999694824219,65.80999755859375,66.43000030517578,57.08444595336914,12372400.0
2019-01-24,SBUX,66.61000061035156,66.76000213623047,62.93000030517578,64.73999786376953,55.6322135925293,29719800.0
2019-01-25,SBUX,67.02999877929688,67.69000244140625,66.0999984741211,67.08999633789062,57.651607513427734,21885800.0
2019-01-28,SBUX,66.19000244140625,66.95999908447266,65.91000366210938,66.9000015258789,57.488319396972656,11537700.0
2019-01-29,SBUX,67.0,67.5,66.19999694824219,67.04000091552734,57.60862350463867,10703400.0
2019-01-30,SBUX,67.11000061035156,68.20999908447266,67.05000305175781,68.1500015258789,58.562503814697266,11702500.0
2019-01-31,SBUX,68.18000030517578,69.48999786376953,67.08000183105469,68.13999938964844,58.55388641357422,24233300.0
2019-02-01,SBUX,68.58999633789062,69.31999969482422,68.0,68.11000061035156,58.52810287475586,10309200.0
2019-02-04,SBUX,68.02999877929688,68.11000061035156,67.08000183105469,67.58000183105469,58.07267379760742,13562400.0
2019-02-05,SBUX,67.76000213623047,69.41000366210938,67.63999938964844,69.33999633789062,59.58506393432617,12781600.0
2019-02-06,SBUX,69.2300033569336,69.38999938964844,68.5,68.8499984741211,59.47277069091797,10283400.0
2019-02-07,SBUX,68.5999984741211,69.20999908447266,68.4800033569336,69.13999938964844,59.723289489746094,10109200.0
2019-02-08,SBUX,68.7699966430664,69.81999969482422,68.5999984741211,69.75,60.25020217895508,8862000.0
2019-02-11,SBUX,70.0,70.47000122070312,69.8499984741211,69.98999786376953,60.45750427246094,9229700.0
2019-02-12,SBUX,70.23999786376953,70.45999908447266,69.70999908447266,69.75,60.25020217895508,8848900.0
2019-02-13,SBUX,69.80999755859375,70.5999984741211,69.80000305175781,70.51000213623047,60.90669250488281,10264000.0
2019-02-14,SBUX,70.12999725341797,71.54000091552734,69.97000122070312,70.83999633789062,61.191715240478516,9441100.0
2019-02-15,SBUX,71.1500015258789,71.37000274658203,70.19000244140625,70.70999908447266,61.079444885253906,13924600.0
2019-02-19,SBUX,70.45999908447266,70.5999984741211,69.77999877929688,70.19999694824219,60.638916015625,9208400.0
2019-02-20,SBUX,70.2300033569336,70.5999984741211,70.05000305175781,70.38999938964844,60.80303192138672,9671800.0
2019-02-21,SBUX,70.13999938964844,70.93000030517578,70.13999938964844,70.69999694824219,61.07080078125,10933500.0
2019-02-22,SBUX,70.76000213623047,71.38999938964844,70.75,71.30000305175781,61.58909225463867,11311600.0
2019-02-25,SBUX,71.9000015258789,72.06999969482422,70.9800033569336,71.05000305175781,61.37311553955078,12071200.0
2019-02-26,SBUX,71.0,71.44999694824219,70.91999816894531,71.13999938964844,61.45087432861328,12302300.0
2019-02-27,SBUX,70.83000183105469,71.12999725341797,69.91999816894531,70.1500015258789,60.59572219848633,13274800.0
2019-02-28,SBUX,70.13999938964844,70.48999786376953,69.77999877929688,70.26000213623047,60.69073486328125,18956700.0
2019-03-01,SBUX,70.62999725341797,71.11000061035156,70.44999694824219,70.8499984741211,61.200382232666016,8067700.0
2019-03-04,SBUX,70.98999786376953,71.3499984741211,70.37000274658203,70.94999694824219,61.2867546081543,9219700.0
2019-03-05,SBUX,71.19000244140625,71.88999938964844,71.05999755859375,71.58000183105469,61.83094787597656,10496100.0
2019-03-06,SBUX,71.80999755859375,72.18000030517578,71.16000366210938,71.2699966430664,61.56315994262695,7666100.0
2019-03-07,SBUX,71.19999694824219,71.36000061035156,70.45999908447266,70.61000061035156,60.99307632446289,7814700.0
2019-03-08,SBUX,70.1500015258789,70.2699966430664,69.02999877929688,69.36000061035156,59.91331100463867,12363900.0
2019-03-11,SBUX,69.37999725341797,70.01000213623047,69.13999938964844,69.68000030517578,60.18972396850586,11518300.0
2019-03-12,SBUX,69.73999786376953,70.58000183105469,69.69000244140625,70.05000305175781,60.50935363769531,12751700.0
2019-03-13,SBUX,70.08999633789062,70.9000015258789,69.9800033569336,70.0999984741211,60.552520751953125,13798600.0
2019-03-14,SBUX,70.19000244140625,70.88999938964844,70.19000244140625,70.73999786376953,61.10535430908203,9249200.0
2019-03-15,SBUX,70.80000305175781,71.20999908447266,70.54000091552734,70.66999816894531,61.04488754272461,13096900.0
2019-03-18,SBUX,70.77999877929688,71.12000274658203,70.44000244140625,70.83999633789062,61.191715240478516,5682400.0
2019-03-19,SBUX,70.94999694824219,71.69999694824219,70.87000274658203,71.37999725341797,61.65818786621094,7810700.0
2019-03-20,SBUX,71.80000305175781,72.4000015258789,71.33999633789062,71.62999725341797,61.87415313720703,9512400.0
2019-03-21,SBUX,71.31999969482422,72.44000244140625,71.31999969482422,72.26000213623047,62.41834259033203,8044400.0
2019-03-22,SBUX,72.05000305175781,72.41000366210938,71.69000244140625,71.95999908447266,62.15919494628906,8022800.0
2019-03-25,SBUX,72.0,72.4800033569336,71.7300033569336,72.30000305175781,62.452884674072266,6453800.0
2019-03-26,SBUX,72.72000122070312,73.19000244140625,72.33000183105469,72.95999908447266,63.02300262451172,7624000.0
2019-03-27,SBUX,72.94000244140625,73.26000213623047,72.62000274658203,72.73999786376953,62.83294677734375,7662700.0
2019-03-28,SBUX,72.97000122070312,73.9800033569336,72.88999938964844,73.95999908447266,63.88679885864258,6709600.0
2019-03-29,SBUX,74.01000213623047,74.4800033569336,73.52999877929688,74.33999633789062,64.21504211425781,9099500.0
2019-04-01,SBUX,74.76000213623047,74.93000030517578,73.7300033569336,73.95999908447266,63.88679885864258,8108400.0
2019-04-02,SBUX,74.01000213623047,74.44999694824219,73.83999633789062,74.2699966430664,64.1545639038086,5520900.0
2019-04-03,SBUX,74.55999755859375,74.77999877929688,73.87000274658203,74.33000183105469,64.2063980102539,6755600.0
2019-04-04,SBUX,74.5,74.66999816894531,73.9800033569336,74.3499984741211,64.22366333007812,5449800.0
2019-04-05,SBUX,74.3499984741211,75.08000183105469,74.3499984741211,75.02999877929688,64.8110580444336,5346200.0
2019-04-08,SBUX,74.47000122070312,75.30000305175781,74.47000122070312,75.19999694824219,64.95791625976562,5140400.0
2019-04-09,SBUX,74.87000274658203,75.2300033569336,74.80000305175781,75.12000274658203,64.88880920410156,4905800.0
2019-04-10,SBUX,75.20999908447266,75.81999969482422,75.20999908447266,75.4800033569336,65.19978332519531,6066300.0
2019-04-11,SBUX,75.75,76.06999969482422,75.6500015258789,75.87000274658203,65.53667449951172,6042600.0
2019-04-12,SBUX,76.0999984741211,76.94999694824219,76.06999969482422,76.6500015258789,66.21044921875,5194800.0
2019-04-15,SBUX,76.66999816894531,76.69999694824219,76.08000183105469,76.16000366210938,65.78716278076172,7632200.0
2019-04-16,SBUX,76.4800033569336,76.55999755859375,75.36000061035156,75.69999694824219,65.38980865478516,8336600.0
2019-04-17,SBUX,75.61000061035156,75.95999908447266,74.80000305175781,75.12000274658203,64.88880920410156,9439000.0
2019-04-18,SBUX,75.4800033569336,76.26000213623047,75.20999908447266,76.05999755859375,65.7007827758789,6607800.0
2019-04-22,SBUX,75.70999908447266,76.05999755859375,75.20999908447266,75.4000015258789,65.13068389892578,4883100.0
2019-04-23,SBUX,75.4800033569336,76.05999755859375,75.41000366210938,75.98999786376953,65.64028930664062,5273900.0
2019-04-24,SBUX,76.05000305175781,76.87999725341797,75.91000366210938,76.38999938964844,65.98583984375,9347300.0
2019-04-25,SBUX,76.11000061035156,77.2300033569336,75.94999694824219,77.11000061035156,66.6077880859375,11084500.0
2019-04-26,SBUX,76.94999694824219,77.5199966430664,75.05999755859375,77.44999694824219,66.90145111083984,12550500.0
2019-04-29,SBUX,77.30000305175781,77.66999816894531,76.58999633789062,76.91000366210938,66.4350357055664,5426800.0
2019-04-30,SBUX,77.0,77.79000091552734,76.69000244140625,77.68000030517578,67.10015106201172,7384400.0
2019-05-01,SBUX,77.66999816894531,78.1500015258789,77.37000274658203,77.5199966430664,66.96192169189453,6678000.0
2019-05-02,SBUX,77.66000366210938,77.76000213623047,76.75,77.47000122070312,66.91874694824219,6247500.0
2019-05-03,SBUX,77.58999633789062,78.4000015258789,77.33999633789062,78.05000305175781,67.41974639892578,4967900.0
2019-05-06,SBUX,77.19999694824219,78.08000183105469,77.0199966430664,78.05999755859375,67.42838287353516,5607500.0
2019-05-07,SBUX,77.56999969482422,78.73999786376953,77.41999816894531,77.95999908447266,67.34200286865234,8115800.0
2019-05-08,SBUX,77.58000183105469,78.63999938964844,77.12000274658203,78.05000305175781,67.73252868652344,7799900.0
2019-05-09,SBUX,77.58000183105469,78.2300033569336,77.3499984741211,77.9000015258789,67.60234832763672,7326600.0
2019-05-10,SBUX,77.62999725341797,78.80000305175781,77.16000366210938,78.41999816894531,68.0536117553711,6448600.0
2019-05-13,SBUX,77.25,77.77999877929688,76.08000183105469,76.68000030517578,66.54361724853516,9778500.0
2019-05-14,SBUX,76.75,77.73999786376953,76.68000030517578,77.05999755859375,66.8733901977539,6870900.0
2019-05-15,SBUX,76.69000244140625,77.94000244140625,76.52999877929688,77.76000213623047,67.4808578491211,5415500.0
2019-05-16,SBUX,77.66000366210938,79.23999786376953,77.56999969482422,78.9000015258789,68.47016143798828,6941800.0
2019-05-17,SBUX,78.5199966430664,79.6500015258789,78.37000274658203,78.91000366210938,68.47884368896484,7379900.0
2019-05-20,SBUX,78.30000305175781,78.41999816894531,76.56999969482422,76.66000366210938,66.5262680053711,11475000.0
2019-05-21,SBUX,77.05000305175781,77.8499984741211,76.75,77.52999877929688,67.28125762939453,5808500.0
2019-05-22,SBUX,77.19999694824219,77.72000122070312,76.91000366210938,77.25,67.03826904296875,5602300.0
2019-05-23,SBUX,76.87999725341797,76.94000244140625,75.69000244140625,76.41000366210938,66.309326171875,9213200.0
2019-05-24,SBUX,76.83000183105469,77.05999755859375,75.97000122070312,76.1500015258789,66.08368682861328,5627600.0
2019-05-28,SBUX,76.36000061035156,76.68000030517578,75.31999969482422,75.69999694824219,65.69316101074219,16205200.0
2019-05-29,SBUX,75.33000183105469,75.48999786376953,74.33000183105469,75.27999877929688,65.32869720458984,10511600.0
2019-05-30,SBUX,75.6500015258789,76.43000030517578,75.62999725341797,76.16999816894531,66.10102844238281,7178400.0
2019-05-31,SBUX,75.5999984741211,76.31999969482422,75.37999725341797,76.05999755859375,66.00557708740234,7625700.0
2019-06-03,SBUX,76.12000274658203,76.52999877929688,75.6500015258789,76.22000122070312,66.14444732666016,8122200.0
2019-06-04,SBUX,76.7699966430664,78.76000213623047,76.66000366210938,78.5199966430664,68.14041137695312,11685000.0
2019-06-05,SBUX,78.79000091552734,79.97000122070312,78.66000366210938,79.95999908447266,69.3900375366211,7437100.0
2019-06-06,SBUX,80.02999877929688,81.62999725341797,79.9000015258789,81.4000015258789,70.63968658447266,10457200.0
2019-06-07,SBUX,81.5999984741211,83.33000183105469,81.51000213623047,82.4800033569336,71.57693481445312,11278800.0
2019-06-10,SBUX,82.8499984741211,82.86000061035156,81.37999725341797,81.93000030517578,71.09964752197266,8102800.0
2019-06-11,SBUX,82.30000305175781,82.86000061035156,81.8499984741211,82.37000274658203,71.4814682006836,6226400.0
2019-06-12,SBUX,82.58999633789062,83.66999816894531,82.31999969482422,82.93000030517578,71.96742248535156,6088800.0
2019-06-13,SBUX,83.33000183105469,84.05000305175781,83.0199966430664,83.3499984741211,72.3319091796875,7156800.0
2019-06-14,SBUX,83.54000091552734,84.61000061035156,83.38999938964844,84.23999786376953,73.1042709350586,9226500.0
2019-06-17,SBUX,84.6500015258789,84.69000244140625,82.88999938964844,83.0199966430664,72.04552459716797,9313700.0
2019-06-18,SBUX,83.55000305175781,84.11000061035156,82.88999938964844,82.91999816894531,71.95874786376953,10582600.0
2019-06-19,SBUX,83.08000183105469,83.91999816894531,82.08000183105469,83.80999755859375,72.73109436035156,5401400.0
2019-06-20,SBUX,84.41000366210938,84.83000183105469,83.83000183105469,84.69000244140625,73.4947509765625,5215800.0
2019-06-21,SBUX,84.43000030517578,84.7699966430664,83.80999755859375,83.81999969482422,72.73978424072266,12610000.0
2019-06-24,SBUX,84.08000183105469,84.55999755859375,83.61000061035156,83.6500015258789,72.59226989746094,6692500.0
2019-06-25,SBUX,84.19999694824219,85.19999694824219,83.95999908447266,84.25,73.11296081542969,7312300.0
2019-06-26,SBUX,84.30000305175781,84.30000305175781,83.18000030517578,83.37999725341797,72.35795593261719,7576400.0
2019-06-27,SBUX,83.55000305175781,83.88999938964844,83.20999908447266,83.55999755859375,72.51415252685547,6084200.0
2019-06-28,SBUX,83.55999755859375,83.95999908447266,83.31999969482422,83.83000183105469,72.74847412109375,6735300.0
2019-07-01,SBUX,84.62000274658203,84.95999908447266,84.02999877929688,84.55000305175781,73.37328338623047,7935100.0
2019-07-02,SBUX,84.73999786376953,85.58999633789062,84.5199966430664,85.51000213623047,74.20639038085938,6205800.0
2019-07-03,SBUX,86.04000091552734,87.81999969482422,85.9800033569336,87.79000091552734,76.18498229980469,7818600.0
2019-07-05,SBUX,87.5,87.88999938964844,86.87999725341797,87.79000091552734,76.18498229980469,5733100.0
2019-07-08,SBUX,87.5999984741211,87.94999694824219,87.18000030517578,87.44000244140625,75.8812484741211,6359500.0
2019-07-09,SBUX,87.29000091552734,87.6500015258789,86.88999938964844,87.2300033569336,75.69900512695312,5355400.0
2019-07-10,SBUX,87.41999816894531,88.54000091552734,87.41999816894531,88.37999725341797,76.69699096679688,5293000.0
2019-07-11,SBUX,88.66000366210938,89.29000091552734,88.2699966430664,89.06999969482422,77.2957763671875,6191400.0
2019-07-12,SBUX,89.27999877929688,89.81999969482422,88.8499984741211,89.7699966430664,77.90325164794922,5628000.0
2019-07-15,SBUX,89.87000274658203,90.33999633789062,89.66000366210938,90.16000366210938,78.24169921875,6061300.0
2019-07-16,SBUX,90.22000122070312,90.4800033569336,89.58999633789062,90.08000183105469,78.17227935791016,5591900.0
2019-07-17,SBUX,90.08000183105469,90.37999725341797,89.7300033569336,90.25,78.3198013305664,4635900.0
2019-07-18,SBUX,90.33000183105469,91.54000091552734,89.94999694824219,91.5,79.404541015625,6470200.0
2019-07-19,SBUX,91.41000366210938,91.61000061035156,90.2300033569336,90.30000305175781,78.36320495605469,10804800.0
2019-07-22,SBUX,90.5199966430664,91.18000030517578,90.05000305175781,90.91999816894531,78.90123748779297,5636600.0
2019-07-23,SBUX,91.25,91.36000061035156,89.16999816894531,90.11000061035156,78.19828796386719,7609200.0
2019-07-24,SBUX,89.9000015258789,90.75,89.68000030517578,90.6500015258789,78.66693115234375,5388100.0
2019-07-25,SBUX,91.48999786376953,91.55000305175781,90.47000122070312,90.9800033569336,78.95329284667969,8106300.0
2019-07-26,SBUX,96.4000015258789,99.72000122070312,95.20999908447266,99.11000061035156,86.00859832763672,20846500.0
2019-07-29,SBUX,98.05000305175781,98.94000244140625,97.20999908447266,98.0199966430664,85.06268310546875,11184500.0
2019-07-30,SBUX,97.5,98.27999877929688,96.5199966430664,96.6500015258789,83.87378692626953,7248300.0
2019-07-31,SBUX,96.6500015258789,96.6500015258789,93.5,94.69000244140625,82.1728744506836,9912100.0
2019-08-01,SBUX,95.0,97.58000183105469,94.58000183105469,95.37999725341797,82.77165222167969,8342300.0
2019-08-02,SBUX,95.0,96.04000091552734,94.80000305175781,95.51000213623047,82.88447570800781,6381700.0
2019-08-05,SBUX,94.51000213623047,95.5199966430664,93.02999877929688,93.69999694824219,81.31372833251953,8917400.0
2019-08-06,SBUX,94.30999755859375,95.70999908447266,93.80000305175781,95.33999633789062,82.73694610595703,7438000.0
2019-08-07,SBUX,94.5999984741211,95.69999694824219,94.16999816894531,95.22000122070312,82.94599914550781,6414000.0
2019-08-08,SBUX,95.2300033569336,96.41000366210938,94.44000244140625,96.2699966430664,83.86067199707031,7423600.0
2019-08-09,SBUX,96.1500015258789,96.83999633789062,95.41999816894531,96.30000305175781,83.88680267333984,5209200.0
2019-08-12,SBUX,95.77999877929688,96.0199966430664,94.30000305175781,94.91000366210938,82.67597961425781,5513800.0
2019-08-13,SBUX,94.5199966430664,96.66999816894531,94.20999908447266,96.62999725341797,84.17425537109375,8915600.0
2019-08-14,SBUX,95.91000366210938,97.0199966430664,94.87000274658203,94.91999816894531,82.6846694946289,9989500.0
2019-08-15,SBUX,95.5,96.2699966430664,94.61000061035156,95.52999877929688,83.21604919433594,5559400.0
2019-08-16,SBUX,96.29000091552734,96.83000183105469,95.8499984741211,96.5199966430664,84.07844543457031,4852200.0
2019-08-19,SBUX,97.2300033569336,97.41000366210938,96.22000122070312,96.66000366210938,84.20039367675781,5324900.0
2019-08-20,SBUX,96.3499984741211,97.12000274658203,95.58999633789062,95.62999725341797,83.30314636230469,6809100.0
2019-08-21,SBUX,96.2699966430664,96.6500015258789,95.7300033569336,96.31999969482422,83.90422821044922,4740500.0
2019-08-22,SBUX,96.58999633789062,96.8499984741211,95.69999694824219,96.48999786376953,84.05230712890625,5146200.0
2019-08-23,SBUX,96.41000366210938,97.0999984741211,94.38999938964844,94.69999694824219,82.49302673339844,8076600.0
2019-08-26,SBUX,95.37999725341797,96.5,95.0,96.5,84.0610122680664,5802600.0
2019-08-27,SBUX,96.69999694824219,97.0999984741211,96.02999877929688,96.08999633789062,83.70387268066406,6539800.0
2019-08-28,SBUX,96.2300033569336,97.20999908447266,96.0,97.06999969482422,84.55753326416016,4948800.0
2019-08-29,SBUX,97.8499984741211,98.06999969482422,97.05999755859375,97.69999694824219,85.10633850097656,4514300.0
2019-08-30,SBUX,98.13999938964844,98.13999938964844,96.11000061035156,96.55999755859375,84.11328887939453,5209500.0
2019-09-03,SBUX,96.41999816894531,97.20999908447266,96.05000305175781,96.7699966430664,84.29621887207031,5150700.0
2019-09-04,SBUX,94.4800033569336,96.33000183105469,93.02999877929688,96.11000061035156,83.72128295898438,12937000.0
2019-09-05,SBUX,96.54000091552734,96.95999908447266,95.16999816894531,95.55999755859375,83.24215698242188,5514400.0
2019-09-06,SBUX,95.75,96.33999633789062,95.51000213623047,95.73999786376953,83.39897918701172,3991800.0
2019-09-09,SBUX,95.80000305175781,95.93000030517578,93.73999786376953,94.16000366210938,82.02263641357422,6523300.0
2019-09-10,SBUX,93.80999755859375,93.87999725341797,89.30000305175781,90.3499984741211,78.70374298095703,12490900.0
2019-09-11,SBUX,90.18000030517578,91.44999694824219,89.61000061035156,90.9800033569336,79.25255584716797,8406600.0
2019-09-12,SBUX,92.16000366210938,93.31999969482422,91.7699966430664,92.05999755859375,80.19332122802734,6862200.0
2019-09-13,SBUX,92.1500015258789,92.1500015258789,90.31999969482422,90.4800033569336,78.81700897216797,6972300.0
2019-09-16,SBUX,90.0199966430664,90.44999694824219,89.37999725341797,89.41999816894531,77.89363098144531,6339200.0
2019-09-17,SBUX,89.66999816894531,91.45999908447266,89.6500015258789,90.75,79.05221557617188,6493200.0
2019-09-18,SBUX,90.9800033569336,91.36000061035156,90.05999755859375,90.95999908447266,79.23513793945312,4510700.0
2019-09-19,SBUX,90.98999786376953,92.0999984741211,90.30000305175781,91.55999755859375,79.75779724121094,4843600.0
2019-09-20,SBUX,91.61000061035156,92.08000183105469,90.05999755859375,90.06999969482422,78.45986938476562,10913800.0
2019-09-23,SBUX,90.31999969482422,91.16000366210938,89.93000030517578,90.80999755859375,79.10447692871094,4532400.0
2019-09-24,SBUX,91.5999984741211,91.7699966430664,89.51000213623047,89.91999816894531,78.32917785644531,5662600.0
2019-09-25,SBUX,89.94000244140625,90.61000061035156,89.0199966430664,90.3499984741211,78.70374298095703,4764000.0
2019-09-26,SBUX,90.83999633789062,91.1500015258789,89.5,89.80000305175781,78.22466278076172,5026400.0
2019-09-27,SBUX,90.30000305175781,90.30000305175781,87.79000091552734,88.37000274658203,76.97898864746094,5987700.0
2019-09-30,SBUX,88.41000366210938,88.55999755859375,87.61000061035156,88.41999816894531,77.02252960205078,6588300.0
2019-10-01,SBUX,88.62999725341797,88.88999938964844,86.44999694824219,86.51000213623047,75.3587417602539,6719400.0
2019-10-02,SBUX,85.94999694824219,86.01000213623047,84.16000366210938,84.31999969482422,73.45103454589844,9858200.0
2019-10-03,SBUX,84.30000305175781,84.91000366210938,83.61000061035156,84.66999816894531,73.75591278076172,5989000.0
2019-10-04,SBUX,84.9000015258789,85.97000122070312,84.75,85.91999816894531,74.84479522705078,5869000.0
2019-10-07,SBUX,85.70999908447266,86.16000366210938,85.48999786376953,85.8499984741211,74.78382110595703,4382900.0
2019-10-08,SBUX,85.48999786376953,86.33000183105469,84.69000244140625,84.91000366210938,73.96498107910156,6100400.0
2019-10-09,SBUX,85.37000274658203,86.16999816894531,85.27999877929688,85.8499984741211,74.78382110595703,4427200.0
2019-10-10,SBUX,85.91000366210938,86.06999969482422,85.37999725341797,85.95999908447266,74.8796157836914,3986000.0
2019-10-11,SBUX,87.0199966430664,87.25,86.26000213623047,86.36000061035156,75.22808074951172,5611000.0
2019-10-14,SBUX,86.5,87.68000030517578,86.4000015258789,86.62000274658203,75.45455932617188,4881000.0
2019-10-15,SBUX,87.0,87.25,85.76000213623047,86.44999694824219,75.30646514892578,4695100.0
2019-10-16,SBUX,86.52999877929688,86.83000183105469,86.05000305175781,86.70999908447266,75.532958984375,3698700.0
2019-10-17,SBUX,86.87999725341797,87.0199966430664,86.16000366210938,86.29000091552734,75.16710662841797,4359400.0
2019-10-18,SBUX,86.3499984741211,86.75,85.5199966430664,86.02999877929688,74.94061279296875,4631200.0
2019-10-21,SBUX,86.0,86.23999786376953,85.08000183105469,85.3499984741211,74.34828186035156,4861200.0
2019-10-22,SBUX,85.2300033569336,85.3499984741211,83.38999938964844,83.45999908447266,72.70187377929688,5767500.0
2019-10-23,SBUX,84.30999755859375,84.41000366210938,82.12999725341797,82.73999786376953,72.07467651367188,7136200.0
2019-10-24,SBUX,82.80000305175781,83.52999877929688,82.66000366210938,83.18000030517578,72.45799255371094,4591100.0
2019-10-25,SBUX,83.20999908447266,83.56999969482422,82.62999725341797,83.37999725341797,72.6322021484375,5235300.0
2019-10-28,SBUX,84.47000122070312,84.9800033569336,83.36000061035156,83.5999984741211,72.8238296508789,6653400.0
2019-10-29,SBUX,83.80999755859375,84.62999725341797,83.63999938964844,84.12999725341797,73.28553009033203,5699100.0
2019-10-30,SBUX,84.61000061035156,84.69999694824219,83.31999969482422,84.19000244140625,73.33779907226562,8731300.0
2019-10-31,SBUX,86.70999908447266,87.22000122070312,83.27999877929688,84.55999755859375,73.66009521484375,14008800.0
2019-11-01,SBUX,84.79000091552734,85.30999755859375,82.61000061035156,83.20999908447266,72.48412322998047,10658500.0
2019-11-04,SBUX,83.30000305175781,83.44000244140625,81.9000015258789,82.37000274658203,71.75241088867188,8271200.0
2019-11-05,SBUX,82.33999633789062,82.33999633789062,81.02999877929688,81.88999938964844,71.33425903320312,7054400.0
2019-11-06,SBUX,82.08000183105469,83.37000274658203,82.0,82.98999786376953,72.2924575805664,6365300.0
2019-11-07,SBUX,83.05999755859375,83.29000091552734,81.83999633789062,81.94999694824219,71.38654327392578,7221400.0
2019-11-08,SBUX,82.19000244140625,82.63999938964844,81.44999694824219,81.7699966430664,71.22972106933594,7054800.0
2019-11-11,SBUX,81.75,82.52999877929688,81.37000274658203,82.43000030517578,71.80467224121094,5828200.0
2019-11-12,SBUX,82.69000244140625,83.9800033569336,82.61000061035156,83.31999969482422,72.9427490234375,8551400.0
2019-11-13,SBUX,83.29000091552734,84.29000091552734,83.19999694824219,83.94000244140625,73.48552703857422,7407900.0
2019-11-14,SBUX,84.0999984741211,84.5199966430664,83.80000305175781,84.37999725341797,73.87071228027344,5285100.0
2019-11-15,SBUX,84.68000030517578,84.94000244140625,83.56999969482422,84.20999908447266,73.72189331054688,7533000.0
2019-11-18,SBUX,83.91999816894531,84.11000061035156,83.25,84.0199966430664,73.55555725097656,6432200.0
2019-11-19,SBUX,84.05999755859375,84.27999877929688,83.56999969482422,83.66000366210938,73.24040222167969,6008400.0
2019-11-20,SBUX,83.54000091552734,84.48999786376953,82.9800033569336,83.5999984741211,73.1878662109375,6248700.0
2019-11-21,SBUX,83.75,84.04000091552734,81.76000213623047,82.30000305175781,72.0497817993164,8300500.0
2019-11-22,SBUX,82.69000244140625,83.38999938964844,82.66000366210938,83.0199966430664,72.68010711669922,6080400.0
2019-11-25,SBUX,83.16000366210938,84.0,82.93000030517578,83.75,73.31918334960938,5450400.0
2019-11-26,SBUX,84.12999725341797,84.6500015258789,84.0,84.55999755859375,74.02831268310547,7651500.0
2019-11-27,SBUX,84.8499984741211,85.80999755859375,84.41999816894531,85.7699966430664,75.08758544921875,7502400.0
2019-11-29,SBUX,85.91000366210938,86.7300033569336,85.25,85.43000030517578,74.78996276855469,3857000.0
2019-12-02,SBUX,85.37999725341797,85.7699966430664,83.81999969482422,84.56999969482422,74.03707122802734,6425800.0
2019-12-03,SBUX,84.02999877929688,85.0,83.81999969482422,84.81999969482422,74.25593566894531,6049800.0
2019-12-04,SBUX,85.12999725341797,85.54000091552734,84.69999694824219,85.4000015258789,74.7636947631836,5940300.0
2019-12-05,SBUX,85.44000244140625,85.4800033569336,84.31999969482422,84.44999694824219,73.9320068359375,5170800.0
2019-12-06,SBUX,85.02999877929688,86.52999877929688,85.02999877929688,86.31999969482422,75.56908416748047,8499800.0
2019-12-09,SBUX,86.30999755859375,86.62999725341797,85.95999908447266,86.27999877929688,75.53407287597656,7164700.0
2019-12-10,SBUX,86.5,87.47000122070312,85.91000366210938,86.04000091552734,75.32398986816406,7944800.0
2019-12-11,SBUX,86.26000213623047,86.87000274658203,85.8499984741211,86.58999633789062,75.80548858642578,4921900.0
2019-12-12,SBUX,88.0,88.88999938964844,87.54000091552734,88.20999908447266,77.22369384765625,10282100.0
2019-12-13,SBUX,88.0199966430664,88.79000091552734,87.58000183105469,88.66999816894531,77.62642669677734,6714100.0
2019-12-16,SBUX,89.13999938964844,89.30000305175781,88.43000030517578,88.77999877929688,77.72270202636719,6705600.0
2019-12-17,SBUX,88.87000274658203,88.97000122070312,87.47000122070312,88.12999725341797,77.15367126464844,7296900.0
2019-12-18,SBUX,88.38999938964844,88.8499984741211,87.81999969482422,87.98999786376953,77.0311050415039,5859200.0
2019-12-19,SBUX,87.83000183105469,88.58999633789062,87.58000183105469,88.5199966430664,77.49508666992188,6022100.0
2019-12-20,SBUX,88.79000091552734,89.0,87.88999938964844,88.45999908447266,77.44256591796875,14271500.0
2019-12-23,SBUX,88.62000274658203,88.8499984741211,88.18000030517578,88.2300033569336,77.2412109375,4349700.0
2019-12-24,SBUX,88.19999694824219,88.5999984741211,88.0,88.5199966430664,77.49508666992188,1847800.0
2019-12-26,SBUX,88.7300033569336,88.76000213623047,87.79000091552734,88.08000183105469,77.1098861694336,4177700.0
2019-12-27,SBUX,88.11000061035156,88.45999908447266,87.69000244140625,88.12999725341797,77.15367126464844,4129300.0
2019-12-30,SBUX,88.01000213623047,88.19999694824219,87.05999755859375,87.44000244140625,76.54959869384766,4655600.0
2019-12-31,SBUX,87.44000244140625,87.98999786376953,87.30999755859375,87.91999816894531,76.96980285644531,4115600.0
2020-01-02,SBUX,88.12000274658203,89.3499984741211,88.05000305175781,89.3499984741211,78.22173309326172,6473800.0
2020-01-03,SBUX,88.66000366210938,89.0999984741211,88.0999984741211,88.83000183105469,77.7665023803711,4874100.0
2020-01-06,SBUX,88.11000061035156,88.41000366210938,87.47000122070312,88.12999725341797,77.15367126464844,5409800.0
2020-01-07,SBUX,87.95999908447266,88.02999877929688,87.12999725341797,87.86000061035156,76.91731262207031,6514700.0
2020-01-08,SBUX,87.94000244140625,89.3499984741211,87.77999877929688,88.87999725341797,77.81026458740234,7296300.0
2020-01-09,SBUX,90.25,91.16000366210938,90.06999969482422,90.52999877929688,79.2547836303711,9443500.0
2020-01-10,SBUX,90.80000305175781,90.88999938964844,89.62999725341797,90.16000366210938,78.93083190917969,7097900.0
2020-01-13,SBUX,90.62000274658203,91.72000122070312,90.20999908447266,91.08000183105469,79.73626708984375,7382500.0
2020-01-14,SBUX,91.19000244140625,91.44000244140625,90.86000061035156,90.98999786376953,79.65747833251953,5855200.0
2020-01-15,SBUX,91.0,92.05999755859375,91.0,91.54000091552734,80.13898468017578,6145300.0
2020-01-16,SBUX,91.98999786376953,92.61000061035156,91.62999725341797,92.58000183105469,81.04943084716797,5180300.0
2020-01-17,SBUX,92.93000030517578,93.75,92.80999755859375,93.62000274658203,81.95991516113281,6962800.0
2020-01-21,SBUX,92.83000183105469,93.5999984741211,92.19000244140625,92.52999877929688,81.00566101074219,7094600.0
2020-01-22,SBUX,93.13999938964844,93.75,92.47000122070312,92.52999877929688,81.00566101074219,6157400.0
2020-01-23,SBUX,91.91999816894531,93.8499984741211,90.73999786376953,93.75,82.0737075805664,6100600.0
2020-01-24,SBUX,94.0,94.12999725341797,91.33999633789062,92.02999877929688,80.56794738769531,7815500.0
2020-01-27,SBUX,88.62999725341797,89.44999694824219,87.55000305175781,88.7300033569336,77.67894744873047,11066500.0
2020-01-28,SBUX,89.05000305175781,89.19000244140625,87.72000122070312,88.5999984741211,77.56513977050781,11922400.0
2020-01-29,SBUX,88.1500015258789,88.44000244140625,85.5999984741211,86.72000122070312,75.91930389404297,17678700.0
2020-01-30,SBUX,85.44999694824219,86.58999633789062,84.69000244140625,85.83999633789062,75.14887237548828,12224900.0
2020-01-31,SBUX,85.79000091552734,85.98999786376953,84.5199966430664,84.83000183105469,74.2646713256836,11693900.0
2020-02-03,SBUX,85.06999969482422,86.79000091552734,85.06999969482422,86.01000213623047,75.29771423339844,9090600.0
2020-02-04,SBUX,87.13999938964844,89.0,86.62000274658203,88.37999725341797,77.37252044677734,9997100.0
2020-02-05,SBUX,88.87999725341797,89.19999694824219,86.62999725341797,87.55999755859375,77.01190185546875,9982700.0
2020-02-06,SBUX,87.6500015258789,87.69999694824219,86.1500015258789,86.1500015258789,75.77178192138672,8901400.0
2020-02-07,SBUX,85.76000213623047,86.62000274658203,85.31999969482422,86.41999816894531,76.0092544555664,8073900.0
2020-02-10,SBUX,86.43000030517578,87.62000274658203,86.16999816894531,87.52999877929688,76.98553466796875,7289300.0
2020-02-11,SBUX,87.86000061035156,88.2300033569336,87.3499984741211,87.51000213623047,76.96794891357422,5098500.0
2020-02-12,SBUX,87.70999908447266,89.0999984741211,87.38999938964844,88.56999969482422,77.90025329589844,7747800.0
2020-02-13,SBUX,88.5,90.51000213623047,88.26000213623047,89.93000030517578,79.09642028808594,8576600.0
2020-02-14,SBUX,90.18000030517578,90.41000366210938,88.98999786376953,89.27999877929688,78.52473449707031,5686900.0
2020-02-18,SBUX,89.37000274658203,89.47000122070312,88.29000091552734,89.2300033569336,78.48075866699219,5288800.0
2020-02-19,SBUX,89.48999786376953,90.44000244140625,89.30000305175781,90.13999938964844,79.28111267089844,5210800.0
2020-02-20,SBUX,89.7300033569336,90.25,87.7300033569336,88.5999984741211,77.9266357421875,5969200.0
2020-02-21,SBUX,88.0,88.38999938964844,87.0,87.36000061035156,76.83602142333984,5800500.0
2020-02-24,SBUX,84.52999877929688,86.05000305175781,84.26000213623047,84.5199966430664,74.338134765625,8313600.0
2020-02-25,SBUX,85.0199966430664,85.3499984741211,81.66999816894531,82.19000244140625,72.28885650634766,9404000.0
2020-02-26,SBUX,82.5999984741211,83.23999786376953,80.63999938964844,80.66999816894531,70.95194244384766,10541500.0
2020-02-27,SBUX,78.83000183105469,80.87000274658203,77.36000061035156,78.29000091552734,68.85865020751953,17120800.0
2020-02-28,SBUX,76.16999816894531,78.80999755859375,75.72000122070312,78.43000030517578,68.98176574707031,19108600.0
2020-03-02,SBUX,77.91999816894531,82.41000366210938,77.66000366210938,82.37999725341797,72.45594787597656,14258700.0
2020-03-03,SBUX,82.30000305175781,82.62000274658203,78.11000061035156,78.5999984741211,69.13130187988281,12395900.0
2020-03-04,SBUX,79.29000091552734,80.19999694824219,77.87999725341797,79.66999816894531,70.07240295410156,10999600.0
2020-03-05,SBUX,77.9000015258789,77.9000015258789,75.27999877929688,76.19000244140625,67.01162719726562,12545300.0
2020-03-06,SBUX,73.45999908447266,75.70999908447266,72.05000305175781,75.33999633789062,66.26403045654297,18080100.0
2020-03-09,SBUX,70.58000183105469,74.02999877929688,70.08000183105469,70.83000183105469,62.29734420776367,15930300.0
2020-03-10,SBUX,72.55999755859375,74.94999694824219,70.02999877929688,74.87000274658203,65.85065460205078,18414000.0
2020-03-11,SBUX,72.83000183105469,74.2699966430664,67.4000015258789,68.30000305175781,60.07211685180664,17138000.0
2020-03-12,SBUX,62.95000076293945,66.79000091552734,61.459999084472656,62.099998474121094,54.61901092529297,25170600.0
2020-03-13,SBUX,65.6500015258789,70.18000030517578,63.5099983215332,69.91999816894531,61.49695587158203,19247200.0
2020-03-16,SBUX,60.630001068115234,63.95000076293945,58.11000061035156,58.59000015258789,51.53185272216797,23354300.0
2020-03-17,SBUX,59.54999923706055,59.619998931884766,53.61000061035156,58.97999954223633,51.8748664855957,25045200.0
2020-03-18,SBUX,55.54999923706055,57.650001525878906,50.02000045776367,56.33000183105469,49.54410171508789,28770600.0
2020-03-19,SBUX,56.22999954223633,63.36000061035156,53.54999923706055,61.40999984741211,54.01212692260742,25167400.0
2020-03-20,SBUX,62.29999923706055,65.68000030517578,57.90999984741211,58.029998779296875,51.039310455322266,28420600.0
2020-03-23,SBUX,57.22999954223633,57.439998626708984,54.0,56.54999923706055,49.737606048583984,24905800.0
2020-03-24,SBUX,62.61000061035156,65.16000366210938,61.0,64.87999725341797,57.06410598754883,28286200.0
2020-03-25,SBUX,66.83000183105469,69.63999938964844,63.4900016784668,65.80999755859375,57.88206481933594,22977200.0
2020-03-26,SBUX,66.70999908447266,71.58000183105469,66.25,69.9000015258789,61.479366302490234,20997500.0
2020-03-27,SBUX,66.68000030517578,68.25,64.81999969482422,66.33999633789062,58.348228454589844,18950500.0
2020-03-30,SBUX,66.55999755859375,68.22000122070312,64.58000183105469,67.86000061035156,59.68513107299805,14199700.0
2020-03-31,SBUX,67.18000030517578,68.31999969482422,65.30999755859375,65.73999786376953,57.82050704956055,20109800.0
2020-04-01,SBUX,63.0,64.76000213623047,61.58000183105469,62.619998931884766,55.07636642456055,12880400.0
2020-04-02,SBUX,65.75,68.69999694824219,62.90999984741211,65.0,57.16966247558594,18175000.0
2020-04-03,SBUX,64.47000122070312,64.75,60.900001525878906,63.04999923706055,55.454566955566406,14676500.0
2020-04-06,SBUX,66.2699966430664,68.33999633789062,64.41000366210938,67.79000091552734,59.623565673828125,18010800.0
2020-04-07,SBUX,71.56999969482422,72.4800033569336,68.33000183105469,68.70999908447266,60.4327278137207,13799400.0
2020-04-08,SBUX,69.58000183105469,71.91999816894531,68.54000091552734,71.56999969482422,62.94819259643555,10417600.0
2020-04-09,SBUX,71.19999694824219,74.26000213623047,70.13999938964844,73.87999725341797,64.97991180419922,19748100.0
2020-04-13,SBUX,73.5199966430664,73.5999984741211,70.3499984741211,71.76000213623047,63.11530685424805,11191800.0
2020-04-14,SBUX,73.69000244140625,74.33000183105469,72.66000366210938,73.66999816894531,64.79522705078125,10912000.0
2020-04-15,SBUX,72.01000213623047,73.18000030517578,70.70999908447266,72.55000305175781,63.810123443603516,10642500.0
2020-04-16,SBUX,73.11000061035156,73.76000213623047,71.3499984741211,73.51000213623047,64.65447235107422,11946800.0
2020-04-17,SBUX,76.62000274658203,77.38999938964844,74.97000122070312,77.0999984741211,67.81201934814453,14268400.0
2020-04-20,SBUX,76.0199966430664,76.9800033569336,75.08000183105469,75.31999969482422,66.24642944335938,9684700.0
2020-04-21,SBUX,73.4000015258789,73.95999908447266,71.73999786376953,72.72000122070312,63.95965576171875,10345800.0
2020-04-22,SBUX,74.55000305175781,78.05999755859375,74.43000030517578,77.44999694824219,68.1198501586914,11347000.0
2020-04-23,SBUX,77.33000183105469,77.66999816894531,74.26000213623047,75.1500015258789,66.09693145751953,15513400.0
2020-04-24,SBUX,75.75,76.02999877929688,74.20999908447266,75.58000183105469,66.47513580322266,8456000.0
2020-04-27,SBUX,76.68000030517578,78.04000091552734,76.54000091552734,77.73999786376953,68.37492370605469,8258500.0
2020-04-28,SBUX,78.66999816894531,79.61000061035156,76.95999908447266,78.69000244140625,69.2104721069336,12801400.0
2020-04-29,SBUX,78.18000030517578,78.75,76.72000122070312,76.86000061035156,67.6009292602539,24575500.0
2020-04-30,SBUX,76.83000183105469,77.63999938964844,75.19000244140625,76.7300033569336,67.48658752441406,15186000.0
2020-05-01,SBUX,74.9000015258789,75.87999725341797,73.20999908447266,73.79000091552734,64.90074157714844,11216700.0
2020-05-04,SBUX,72.58000183105469,72.62000274658203,71.26000213623047,71.88999938964844,63.22964859008789,12921800.0
2020-05-05,SBUX,74.95999908447266,75.08000183105469,72.88999938964844,72.9000015258789,64.11797332763672,12976000.0
2020-05-06,SBUX,73.7699966430664,74.8499984741211,72.86000061035156,72.95999908447266,64.17073822021484,12740900.0
2020-05-07,SBUX,73.80999755859375,76.02999877929688,73.37000274658203,76.0,67.22229766845703,13360500.0
2020-05-08,SBUX,77.25,77.93000030517578,75.76000213623047,77.87000274658203,68.87630462646484,11917200.0
2020-05-11,SBUX,76.62000274658203,77.18000030517578,75.80000305175781,75.87000274658203,67.10729217529297,9004500.0
2020-05-12,SBUX,76.0,76.7300033569336,74.33999633789062,74.3499984741211,65.76283264160156,8549900.0
2020-05-13,SBUX,74.45999908447266,75.75,72.91999816894531,73.62000274658203,65.11717224121094,11532700.0
2020-05-14,SBUX,72.31999969482422,74.29000091552734,70.6500015258789,74.19000244140625,65.62133026123047,11932300.0
2020-05-15,SBUX,72.80999755859375,74.63999938964844,72.66999816894531,74.16000366210938,65.59478759765625,9489100.0
2020-05-18,SBUX,76.86000061035156,77.5,76.19999694824219,76.2300033569336,67.42572021484375,8903200.0
2020-05-19,SBUX,76.4000015258789,77.22000122070312,75.76000213623047,75.86000061035156,67.09845733642578,6484900.0
2020-05-20,SBUX,77.2300033569336,77.83999633789062,76.5199966430664,77.76000213623047,68.77901458740234,7790500.0
2020-05-21,SBUX,78.5999984741211,79.37999725341797,77.88999938964844,78.05000305175781,69.0355224609375,10312600.0
2020-05-22,SBUX,77.9000015258789,78.05000305175781,76.5199966430664,77.62000274658203,68.6551742553711,7653300.0
2020-05-26,SBUX,79.5999984741211,79.91999816894531,77.58000183105469,77.76000213623047,68.77901458740234,8422200.0
2020-05-27,SBUX,78.9800033569336,78.9800033569336,77.38999938964844,78.5999984741211,69.52198028564453,8245300.0
2020-05-28,SBUX,78.63999938964844,80.05999755859375,77.93000030517578,78.54000091552734,69.46892547607422,8331400.0
2020-05-29,SBUX,78.62000274658203,78.63999938964844,77.26000213623047,77.98999786376953,68.9824447631836,10043600.0
2020-06-01,SBUX,77.66000366210938,78.6500015258789,76.7699966430664,78.31999969482422,69.27434539794922,7922000.0
2020-06-02,SBUX,77.97000122070312,78.26000213623047,76.79000091552734,77.77999877929688,68.79669189453125,9521000.0
2020-06-03,SBUX,78.44999694824219,79.94999694824219,78.30000305175781,79.58000183105469,70.38880157470703,9956700.0
2020-06-04,SBUX,79.30999755859375,80.16999816894531,78.47000122070312,78.73999786376953,69.64582824707031,7667600.0
2020-06-05,SBUX,80.33000183105469,82.33000183105469,79.97000122070312,82.13999938964844,72.65312194824219,12030800.0
2020-06-08,SBUX,83.08000183105469,83.62000274658203,82.18000030517578,83.55999755859375,73.90914154052734,10229600.0
2020-06-09,SBUX,82.62000274658203,83.22000122070312,81.76000213623047,82.37000274658203,72.85657501220703,7999800.0
2020-06-10,SBUX,79.87999725341797,80.02999877929688,78.19999694824219,79.01000213623047,69.88462829589844,19683800.0
2020-06-11,SBUX,75.75,76.79000091552734,72.1500015258789,72.56999969482422,64.18842315673828,26422200.0
2020-06-12,SBUX,75.0,76.72000122070312,73.80999755859375,76.37999725341797,67.55838775634766,18529800.0
2020-06-15,SBUX,74.30000305175781,77.91000366210938,74.08000183105469,76.95999908447266,68.07141876220703,14644700.0
2020-06-16,SBUX,78.79000091552734,78.94000244140625,76.38999938964844,77.83999633789062,68.84976196289062,10890100.0
2020-06-17,SBUX,78.06999969482422,78.29000091552734,76.68000030517578,77.0999984741211,68.19524383544922,6906700.0
2020-06-18,SBUX,76.72000122070312,76.79000091552734,75.80000305175781,76.30999755859375,67.4964599609375,8486000.0
2020-06-19,SBUX,77.02999877929688,77.37999725341797,74.87999725341797,75.4000015258789,66.69158935546875,12538600.0
2020-06-22,SBUX,74.9000015258789,75.6500015258789,73.91999816894531,75.4000015258789,66.69158935546875,8238600.0
2020-06-23,SBUX,76.33000183105469,76.37000274658203,75.06999969482422,75.48999786376953,66.77117919921875,8076600.0
2020-06-24,SBUX,74.9000015258789,74.91999816894531,72.0,73.63999938964844,65.13485717773438,12306400.0
2020-06-25,SBUX,73.22000122070312,74.11000061035156,72.16999816894531,73.8499984741211,65.3205795288086,8624800.0
2020-06-26,SBUX,73.62999725341797,73.7699966430664,71.25,71.56999969482422,63.30392837524414,17627800.0
2020-06-29,SBUX,71.41000366210938,73.5,71.05999755859375,73.4800033569336,64.99333190917969,8653000.0
2020-06-30,SBUX,73.58000183105469,73.87999725341797,72.80999755859375,73.58999633789062,65.09062957763672,11324000.0
2020-07-01,SBUX,74.0,74.69000244140625,73.37999725341797,74.02999877929688,65.47981262207031,6750000.0
2020-07-02,SBUX,75.04000091552734,75.08999633789062,73.63999938964844,73.77999877929688,65.25868225097656,6544400.0
2020-07-06,SBUX,74.93000030517578,75.4800033569336,74.16000366210938,75.44000244140625,66.72696685791016,7235300.0
2020-07-07,SBUX,75.12999725341797,75.2300033569336,74.0,74.25,65.67440795898438,7515100.0
2020-07-08,SBUX,74.06999969482422,74.5,73.33000183105469,74.13999938964844,65.57711029052734,7346200.0
2020-07-09,SBUX,73.7300033569336,74.22000122070312,71.93000030517578,73.56999969482422,65.07293701171875,9618200.0
2020-07-10,SBUX,73.0,74.55999755859375,72.73999786376953,74.29000091552734,65.70977020263672,7524200.0
2020-07-13,SBUX,74.55999755859375,74.83999633789062,72.48999786376953,72.6500015258789,64.25918579101562,9464500.0
2020-07-14,SBUX,72.0,72.97000122070312,71.81999969482422,72.7300033569336,64.32996368408203,8780900.0
2020-07-15,SBUX,74.45999908447266,75.80999755859375,73.95999908447266,75.61000061035156,66.8773422241211,10300700.0
2020-07-16,SBUX,74.9000015258789,75.13999938964844,73.68000030517578,74.38999938964844,65.7982177734375,6649300.0
2020-07-17,SBUX,74.43000030517578,74.55000305175781,73.20999908447266,74.16000366210938,65.59478759765625,6087500.0
2020-07-20,SBUX,74.16000366210938,75.22000122070312,73.62999725341797,74.95999908447266,66.30239868164062,8832700.0
2020-07-21,SBUX,75.77999877929688,76.80000305175781,75.2699966430664,75.44000244140625,66.72696685791016,10637500.0
2020-07-22,SBUX,75.5199966430664,77.33000183105469,75.12000274658203,77.23999786376953,68.3190689086914,9213100.0
2020-07-23,SBUX,76.87999725341797,77.06999969482422,74.9000015258789,75.36000061035156,66.65621185302734,7795100.0
2020-07-24,SBUX,75.27999877929688,76.0,75.11000061035156,75.77999877929688,67.0276870727539,5673400.0
2020-07-27,SBUX,75.88999938964844,76.70999908447266,75.54000091552734,76.45999908447266,67.629150390625,6771100.0
2020-07-28,SBUX,76.30000305175781,76.38999938964844,74.55999755859375,74.63999938964844,66.01935577392578,12273400.0
2020-07-29,SBUX,77.55999755859375,78.48999786376953,76.9000015258789,77.41999816894531,68.47825622558594,15261100.0
2020-07-30,SBUX,76.62999725341797,76.9800033569336,75.4000015258789,76.63999938964844,67.78836822509766,7889800.0
2020-07-31,SBUX,76.23999786376953,76.54000091552734,75.4800033569336,76.52999877929688,67.6910629272461,7423800.0
2020-08-03,SBUX,76.4800033569336,76.5999984741211,75.44000244140625,75.5,66.780029296875,7138300.0
2020-08-04,SBUX,75.37000274658203,75.48999786376953,74.76000213623047,75.12999725341797,66.4527587890625,12792400.0
2020-08-05,SBUX,75.3499984741211,75.98999786376953,75.33000183105469,75.77999877929688,67.0276870727539,7780800.0
2020-08-06,SBUX,75.19999694824219,75.91999816894531,74.94000244140625,75.66000366210938,67.28559112548828,6764800.0
2020-08-07,SBUX,75.4800033569336,75.93000030517578,75.20999908447266,75.79000091552734,67.40119171142578,6569300.0
2020-08-10,SBUX,75.81999969482422,77.66999816894531,75.80999755859375,77.47000122070312,68.89524841308594,6604300.0
2020-08-11,SBUX,78.2699966430664,79.9800033569336,78.0,78.87000274658203,70.14029693603516,10238500.0
2020-08-12,SBUX,79.58999633789062,79.69000244140625,78.66999816894531,79.29000091552734,70.51380157470703,5378000.0
2020-08-13,SBUX,78.91999816894531,79.63999938964844,78.83999633789062,79.0199966430664,70.27368927001953,4383400.0
2020-08-14,SBUX,78.54000091552734,78.93000030517578,78.0199966430664,78.37000274658203,69.69563293457031,3771300.0
2020-08-17,SBUX,78.5999984741211,78.95999908447266,78.12000274658203,78.94999694824219,70.21143341064453,5360400.0
2020-08-18,SBUX,79.1500015258789,79.36000061035156,78.3499984741211,78.98999786376953,70.24700164794922,5272700.0
2020-08-19,SBUX,79.18000030517578,79.38999938964844,77.43000030517578,77.62999725341797,69.03755950927734,6840600.0
2020-08-20,SBUX,77.02999877929688,77.6500015258789,76.45999908447266,77.22000122070312,68.67292785644531,5099500.0
2020-08-21,SBUX,76.94000244140625,77.2699966430664,76.69000244140625,77.06999969482422,68.5395278930664,5594100.0
2020-08-24,SBUX,77.70999908447266,79.13999938964844,77.25,78.68000030517578,69.97132110595703,5867400.0
2020-08-25,SBUX,80.05999755859375,83.06999969482422,79.79000091552734,82.72000122070312,73.56414031982422,17659500.0
2020-08-26,SBUX,82.41999816894531,82.75,81.87999725341797,82.41000366210938,73.2884750366211,7934300.0
2020-08-27,SBUX,82.75,83.63999938964844,82.5,83.41000366210938,74.17778778076172,9099200.0
2020-08-28,SBUX,83.79000091552734,85.29000091552734,83.43000030517578,85.0,75.59178161621094,9303900.0
2020-08-31,SBUX,84.62999725341797,85.36000061035156,84.02999877929688,84.47000122070312,75.12045288085938,6401600.0
2020-09-01,SBUX,84.69999694824219,86.08999633789062,84.2300033569336,86.05000305175781,76.52556610107422,8166100.0
2020-09-02,SBUX,86.51000213623047,88.75,86.29000091552734,88.3499984741211,78.57099914550781,11378900.0
2020-09-03,SBUX,88.5999984741211,88.9800033569336,85.69000244140625,86.4800033569336,76.90798950195312,11036600.0
2020-09-04,SBUX,87.08999633789062,87.77999877929688,85.30999755859375,86.2699966430664,76.72122192382812,10349400.0
2020-09-08,SBUX,85.2699966430664,87.58000183105469,84.7699966430664,85.41000366210938,75.95642852783203,11083100.0
2020-09-09,SBUX,85.93000030517578,86.83000183105469,84.45999908447266,85.86000061035156,76.35662078857422,6928700.0
2020-09-10,SBUX,85.80000305175781,87.06999969482422,84.52999877929688,84.87999725341797,75.48507690429688,7552000.0
2020-09-11,SBUX,84.94999694824219,85.8499984741211,84.1500015258789,85.2699966430664,75.83190155029297,7103300.0
2020-09-14,SBUX,85.75,87.05999755859375,85.63999938964844,86.62999725341797,77.04137420654297,5535800.0
2020-09-15,SBUX,87.18000030517578,88.25,87.16999816894531,87.70999908447266,78.00186157226562,8361900.0
2020-09-16,SBUX,88.0,89.43000030517578,87.75,88.37999725341797,78.59768676757812,7146400.0
2020-09-17,SBUX,87.05000305175781,87.31999969482422,85.36000061035156,86.75,77.14807891845703,7386600.0
2020-09-18,SBUX,86.80999755859375,87.23999786376953,84.5999984741211,84.94999694824219,75.54732513427734,10113400.0
2020-09-21,SBUX,82.86000061035156,83.94999694824219,81.75,83.88999938964844,74.60465240478516,7188800.0
2020-09-22,SBUX,84.05000305175781,84.38999938964844,83.18000030517578,83.94999694824219,74.65802001953125,4465000.0
2020-09-23,SBUX,84.37999725341797,84.9000015258789,82.81999969482422,82.98999786376953,73.80426025390625,6414700.0
2020-09-24,SBUX,82.62999725341797,84.13999938964844,81.91999816894531,83.04000091552734,73.84874725341797,4881500.0
2020-09-25,SBUX,82.52999877929688,84.69000244140625,82.22000122070312,84.30000305175781,74.96926879882812,5981500.0
2020-09-28,SBUX,85.5199966430664,86.23999786376953,84.98999786376953,86.06999969482422,76.5433578491211,5976200.0
2020-09-29,SBUX,86.25,86.25,84.62999725341797,84.80000305175781,75.41393280029297,4064000.0
2020-09-30,SBUX,86.62999725341797,87.16000366210938,85.47000122070312,85.91999816894531,76.40994262695312,10134400.0
2020-10-01,SBUX,87.04000091552734,87.44999694824219,86.19999694824219,86.73999786376953,77.13920593261719,7241200.0
2020-10-02,SBUX,85.1500015258789,87.12999725341797,85.08999633789062,86.56999969482422,76.9880142211914,5602300.0
2020-10-05,SBUX,87.2699966430664,88.68000030517578,87.19999694824219,88.47000122070312,78.6777114868164,7004800.0
2020-10-06,SBUX,88.6500015258789,89.27999877929688,86.80000305175781,87.01000213623047,77.37931823730469,7951100.0
2020-10-07,SBUX,87.81999969482422,88.9800033569336,87.44000244140625,88.44999694824219,78.65991973876953,5179300.0
2020-10-08,SBUX,88.45999908447266,89.61000061035156,88.41000366210938,89.52999877929688,79.6203842163086,4958800.0
2020-10-09,SBUX,89.80000305175781,90.33000183105469,89.58000183105469,90.01000213623047,80.04727172851562,6197700.0
2020-10-12,SBUX,90.45999908447266,91.0999984741211,89.93000030517578,90.77999877929688,80.7320327758789,5909100.0
2020-10-13,SBUX,90.58000183105469,90.8499984741211,89.7699966430664,90.16000366210938,80.18067169189453,5732000.0
2020-10-14,SBUX,90.16999816894531,90.5999984741211,88.55999755859375,89.30999755859375,79.42475128173828,4760700.0
2020-10-15,SBUX,88.16000366210938,88.87000274658203,87.66999816894531,88.83000183105469,78.99786376953125,5002200.0
2020-10-16,SBUX,89.38999938964844,89.62999725341797,88.44000244140625,88.5199966430664,78.7221908569336,4721300.0
2020-10-19,SBUX,88.69999694824219,89.56999969482422,87.36000061035156,87.5999984741211,77.90401458740234,5426600.0
2020-10-20,SBUX,88.68000030517578,89.72000122070312,88.04000091552734,88.51000213623047,78.71328735351562,4939700.0
2020-10-21,SBUX,88.37999725341797,89.16000366210938,88.19000244140625,88.2699966430664,78.4998550415039,4119200.0
2020-10-22,SBUX,88.0199966430664,89.37999725341797,87.69999694824219,89.36000061035156,79.46920776367188,4257800.0
2020-10-23,SBUX,89.80000305175781,90.95999908447266,89.44000244140625,90.80000305175781,80.74982452392578,7811500.0
2020-10-26,SBUX,90.02999877929688,91.12999725341797,88.6500015258789,89.66000366210938,79.73600006103516,7756400.0
2020-10-27,SBUX,89.4800033569336,90.3499984741211,89.16999816894531,90.05000305175781,80.08285522460938,8027500.0
2020-10-28,SBUX,88.6500015258789,88.94999694824219,86.61000061035156,87.16999816894531,77.52161407470703,12738800.0
2020-10-29,SBUX,87.16999816894531,89.11000061035156,86.61000061035156,88.30000305175781,78.52654266357422,8440000.0
2020-10-30,SBUX,87.75,88.38999938964844,85.62999725341797,86.95999908447266,77.3348617553711,11400700.0
2020-11-02,SBUX,87.54000091552734,87.7699966430664,85.44999694824219,85.97000122070312,76.45443725585938,8904900.0
2020-11-03,SBUX,86.77999877929688,89.05999755859375,86.18000030517578,88.38999938964844,78.60658264160156,6910400.0
2020-11-04,SBUX,88.9000015258789,91.29000091552734,88.73999786376953,89.79000091552734,79.85162353515625,10509400.0
2020-11-05,SBUX,90.69000244140625,91.16000366210938,89.9000015258789,90.62000274658203,80.5897445678711,6169700.0
2020-11-06,SBUX,90.1500015258789,91.19999694824219,89.77999877929688,90.6500015258789,80.6164321899414,6626100.0
2020-11-09,SBUX,97.31999969482422,97.6500015258789,95.63999938964844,95.87999725341797,85.26751708984375,16225800.0
2020-11-10,SBUX,93.73999786376953,95.2699966430664,93.13999938964844,93.91999816894531,83.91835021972656,10474700.0
2020-11-11,SBUX,94.11000061035156,95.83000183105469,94.0199966430664,95.04000091552734,84.91907501220703,8296500.0
2020-11-12,SBUX,94.66000366210938,94.76000213623047,92.66000366210938,93.52999877929688,83.56988525390625,7058400.0
2020-11-13,SBUX,94.37999725341797,95.58999633789062,93.69999694824219,95.55999755859375,85.38370513916016,5516100.0
2020-11-16,SBUX,96.79000091552734,97.80999755859375,96.0199966430664,97.77999877929688,87.3672866821289,9371300.0
2020-11-17,SBUX,97.20999908447266,98.77999877929688,96.80999755859375,98.5999984741211,88.09996795654297,8722300.0
2020-11-18,SBUX,98.62999725341797,99.33000183105469,97.91000366210938,97.91000366210938,87.48345184326172,6039500.0
2020-11-19,SBUX,97.23999786376953,97.91999816894531,96.86000061035156,97.76000213623047,87.34941864013672,4252300.0
2020-11-20,SBUX,97.41999816894531,97.54000091552734,96.94999694824219,97.01000213623047,86.67930603027344,4609700.0
2020-11-23,SBUX,97.62000274658203,97.86000061035156,96.41999816894531,96.87999725341797,86.56312561035156,4803200.0
2020-11-24,SBUX,97.51000213623047,98.72000122070312,97.4000015258789,98.30000305175781,87.8319320678711,6319900.0
2020-11-25,SBUX,98.5,98.54000091552734,97.94000244140625,98.19999694824219,87.74254608154297,4027100.0
2020-11-27,SBUX,98.4800033569336,98.9800033569336,98.27999877929688,98.66000366210938,88.15357971191406,2169700.0
2020-11-30,SBUX,98.19999694824219,98.29000091552734,96.95999908447266,98.0199966430664,87.58171081542969,5197300.0
2020-12-01,SBUX,99.0,99.26000213623047,98.25,98.81999969482422,88.29652404785156,4970000.0
2020-12-02,SBUX,98.51000213623047,99.04000091552734,98.20999908447266,98.91000366210938,88.376953125,3377900.0
2020-12-03,SBUX,99.0199966430664,101.0,98.97000122070312,100.11000061035156,89.44915008544922,6264100.0
2020-12-04,SBUX,101.3499984741211,102.94000244140625,101.06999969482422,102.27999877929688,91.38807678222656,6952700.0
2020-12-07,SBUX,102.01000213623047,102.22000122070312,100.69000244140625,101.41000366210938,90.61072540283203,4514800.0
2020-12-08,SBUX,100.37000274658203,101.56999969482422,100.01000213623047,101.20999908447266,90.4320297241211,3911300.0
2020-12-09,SBUX,101.94000244140625,102.20999908447266,100.0999984741211,100.4000015258789,89.70828247070312,6629900.0
2020-12-10,SBUX,103.51000213623047,106.08999633789062,102.75,105.38999938964844,94.16690826416016,12939200.0
2020-12-11,SBUX,104.41000366210938,104.77999877929688,102.33000183105469,103.0,92.0313949584961,6262600.0
2020-12-14,SBUX,103.83000183105469,104.70999908447266,103.25,103.31999969482422,92.31734466552734,5156200.0
2020-12-15,SBUX,104.23999786376953,104.86000061035156,103.77999877929688,104.18000030517578,93.08573913574219,5195200.0
2020-12-16,SBUX,104.0999984741211,104.80000305175781,102.72000122070312,103.2699966430664,92.27265167236328,6409300.0
2020-12-17,SBUX,103.55000305175781,104.04000091552734,102.61000061035156,103.20999908447266,92.21904754638672,4535700.0
2020-12-18,SBUX,103.33000183105469,104.11000061035156,102.94999694824219,103.27999877929688,92.28158569335938,10215000.0
2020-12-21,SBUX,101.22000122070312,103.1500015258789,100.0199966430664,102.94000244140625,91.97779846191406,7175900.0
2020-12-22,SBUX,102.12000274658203,103.16999816894531,101.88999938964844,102.41000366210938,91.50422668457031,4302700.0
2020-12-23,SBUX,102.29000091552734,102.69000244140625,101.97000122070312,102.05999755859375,91.1915054321289,3817300.0
2020-12-24,SBUX,102.30000305175781,102.36000061035156,101.68000030517578,102.01000213623047,91.14683532714844,1949200.0
2020-12-28,SBUX,102.91999816894531,104.37999725341797,102.30999755859375,104.33999633789062,93.22869873046875,5055200.0
2020-12-29,SBUX,104.88999938964844,105.77999877929688,104.47000122070312,105.62999725341797,94.3813247680664,4780900.0
2020-12-30,SBUX,105.98999786376953,106.62000274658203,105.77999877929688,105.97000122070312,94.68513488769531,3654100.0
2020-12-31,SBUX,106.0,107.13999938964844,105.62000274658203,106.9800033569336,95.58758544921875,3566300.0
2021-01-04,SBUX,107.66000366210938,107.75,102.13999938964844,103.0999984741211,92.12074279785156,8041500.0
2021-01-05,SBUX,102.91999816894531,104.26000213623047,102.80000305175781,103.44000244140625,92.42455291748047,5721900.0
2021-01-06,SBUX,102.98999786376953,105.20999908447266,102.91000366210938,104.19000244140625,93.09468078613281,5017200.0
2021-01-07,SBUX,104.48999786376953,104.63999938964844,102.94999694824219,103.3499984741211,92.34413146972656,5057000.0
2021-01-08,SBUX,103.86000061035156,105.76000213623047,103.41999816894531,105.66999816894531,94.41707611083984,5869700.0
2021-01-11,SBUX,105.0999984741211,105.63999938964844,104.2699966430664,104.5999984741211,93.46101379394531,4257400.0
2021-01-12,SBUX,104.01000213623047,104.31999969482422,102.30999755859375,102.81999969482422,91.87056732177734,4332600.0
2021-01-13,SBUX,102.31999969482422,103.37999725341797,101.48999786376953,102.88999938964844,91.93313598632812,4804500.0
2021-01-14,SBUX,103.80000305175781,104.19000244140625,101.70999908447266,101.81999969482422,90.97706604003906,4528300.0
2021-01-15,SBUX,101.37999725341797,102.69000244140625,101.20999908447266,102.33000183105469,91.43274688720703,5522900.0
2021-01-19,SBUX,102.80000305175781,103.5999984741211,101.33999633789062,102.54000091552734,91.6203842163086,6519600.0
2021-01-20,SBUX,102.41000366210938,105.8499984741211,102.19999694824219,105.45999908447266,94.22945404052734,5844300.0
2021-01-21,SBUX,105.45999908447266,105.48999786376953,104.44999694824219,104.58000183105469,93.44315338134766,5731500.0
2021-01-22,SBUX,104.16000366210938,104.47000122070312,103.05999755859375,103.91000366210938,92.84449768066406,5231600.0
2021-01-25,SBUX,103.75,103.94999694824219,102.16999816894531,103.44999694824219,92.4334945678711,5009000.0
2021-01-26,SBUX,103.4000015258789,105.20999908447266,103.23999786376953,104.69000244140625,93.54142761230469,7195300.0
2021-01-27,SBUX,101.4800033569336,101.77999877929688,96.7300033569336,97.87000274658203,87.44771575927734,18139500.0
2021-01-28,SBUX,98.94000244140625,100.52999877929688,98.0999984741211,98.1500015258789,87.69789123535156,8868200.0
2021-01-29,SBUX,97.38999938964844,97.79000091552734,95.91999816894531,96.80999755859375,86.5005874633789,8203000.0
2021-02-01,SBUX,96.98999786376953,99.62000274658203,96.91999816894531,98.58000183105469,88.08209991455078,7206300.0
2021-02-02,SBUX,99.05000305175781,102.4800033569336,98.77999877929688,101.6500015258789,90.82518768310547,6917700.0
2021-02-03,SBUX,101.25,102.6500015258789,100.80999755859375,101.0199966430664,90.26224517822266,3934800.0
2021-02-04,SBUX,101.36000061035156,104.23999786376953,101.11000061035156,103.63999938964844,92.6032485961914,6926800.0
2021-02-05,SBUX,105.08999633789062,107.54000091552734,104.77999877929688,106.4800033569336,95.14083862304688,8072100.0
2021-02-08,SBUX,106.41999816894531,106.52999877929688,105.33999633789062,106.26000213623047,94.94424438476562,4836600.0
2021-02-09,SBUX,106.0,106.83000183105469,105.22000122070312,106.22000122070312,94.90852355957031,4095200.0
2021-02-10,SBUX,106.77999877929688,106.9000015258789,104.93000030517578,105.87000274658203,94.59578704833984,4293200.0
2021-02-11,SBUX,106.12000274658203,106.2300033569336,105.02999877929688,105.86000061035156,94.58683013916016,2976000.0
2021-02-12,SBUX,105.73999786376953,105.94000244140625,104.72000122070312,105.30000305175781,94.08648681640625,3169800.0
2021-02-16,SBUX,104.87999725341797,106.58999633789062,104.69999694824219,106.1500015258789,94.84596252441406,4928100.0
2021-02-17,SBUX,105.11000061035156,105.45999908447266,104.1500015258789,104.44000244140625,93.71533966064453,5733800.0
2021-02-18,SBUX,103.77999877929688,105.33999633789062,103.41000366210938,104.97000122070312,94.19092559814453,4098700.0
2021-02-19,SBUX,104.75,105.27999877929688,103.22000122070312,103.37000274658203,92.75521087646484,4128900.0
2021-02-22,SBUX,102.98999786376953,102.98999786376953,101.75,101.80999755859375,91.35539245605469,5211800.0
2021-02-23,SBUX,103.33999633789062,103.33999633789062,99.93000030517578,101.37000274658203,90.96060180664062,8740300.0
2021-02-24,SBUX,101.16000366210938,104.51000213623047,100.5999984741211,104.37999725341797,93.66149139404297,7542700.0
2021-02-25,SBUX,104.0,105.7699966430664,103.11000061035156,103.47000122070312,92.8449478149414,7534000.0
2021-02-26,SBUX,104.1500015258789,109.4800033569336,103.68000030517578,108.02999877929688,96.93669128417969,15122900.0
2021-03-01,SBUX,108.5999984741211,110.47000122070312,106.54000091552734,106.87000274658203,95.89581298828125,7930300.0
2021-03-02,SBUX,107.30999755859375,108.25,105.81999969482422,107.19999694824219,96.1919174194336,5016800.0
2021-03-03,SBUX,106.94000244140625,107.95999908447266,106.12000274658203,106.22000122070312,95.31255340576172,5313400.0
2021-03-04,SBUX,106.26000213623047,107.16999816894531,103.8499984741211,104.88999938964844,94.11914825439453,7211800.0
2021-03-05,SBUX,106.05999755859375,106.05999755859375,102.75,105.19999694824219,94.39730834960938,5559900.0
2021-03-08,SBUX,104.80000305175781,106.88999938964844,104.2300033569336,105.02999877929688,94.2447738647461,5119500.0
2021-03-09,SBUX,106.27999877929688,107.97000122070312,105.83000183105469,106.55000305175781,95.60868072509766,5510900.0
2021-03-10,SBUX,107.22000122070312,109.06999969482422,106.95999908447266,107.77999877929688,96.71236419677734,6077000.0
2021-03-11,SBUX,108.41000366210938,108.56999969482422,107.26000213623047,107.31999969482422,96.29962158203125,4670700.0
2021-03-12,SBUX,107.41999816894531,107.98999786376953,106.58000183105469,107.80999755859375,96.73928833007812,3356000.0
2021-03-15,SBUX,107.88999938964844,108.94999694824219,107.05999755859375,108.9000015258789,97.71736145019531,7107300.0
2021-03-16,SBUX,110.56999969482422,112.33999633789062,109.88999938964844,111.33999633789062,99.90680694580078,11376200.0
2021-03-17,SBUX,111.30999755859375,111.45999908447266,108.93000030517578,110.45999908447266,99.1171646118164,10128400.0
2021-03-18,SBUX,109.27999877929688,110.2699966430664,107.5,107.62000274658203,96.56878662109375,7813400.0
2021-03-19,SBUX,108.3499984741211,108.8499984741211,105.83000183105469,106.33999633789062,95.42022705078125,21452000.0
2021-03-22,SBUX,106.4000015258789,108.41999816894531,106.0,107.56999969482422,96.52394104003906,7605100.0
2021-03-23,SBUX,107.73999786376953,107.94999694824219,105.66999816894531,106.25,95.33948516845703,5657800.0
2021-03-24,SBUX,106.62999725341797,107.27999877929688,104.94000244140625,104.97000122070312,94.19092559814453,5731300.0
2021-03-25,SBUX,105.01000213623047,107.69999694824219,104.05999755859375,107.3499984741211,96.3265151977539,8149000.0
2021-03-26,SBUX,107.25,110.0,107.18000030517578,109.9000015258789,98.61466979980469,6167600.0
2021-03-29,SBUX,109.01000213623047,110.25,106.58999633789062,109.12999725341797,97.9237289428711,5167100.0
2021-03-30,SBUX,108.41999816894531,110.44999694824219,108.27999877929688,110.2699966430664,98.94667053222656,4552900.0
2021-03-31,SBUX,110.33000183105469,111.62000274658203,109.19000244140625,109.2699966430664,98.04937744140625,6478400.0
2021-04-01,SBUX,110.05999755859375,110.05999755859375,108.19999694824219,109.37999725341797,98.14806365966797,5793000.0
2021-04-05,SBUX,109.91000366210938,111.3499984741211,109.87000274658203,111.0199966430664,99.6196517944336,6913100.0
2021-04-06,SBUX,111.37999725341797,113.81999969482422,111.0999984741211,113.1500015258789,101.53093719482422,6745200.0
2021-04-07,SBUX,112.91000366210938,113.76000213623047,112.6500015258789,113.19000244140625,101.56683349609375,5629600.0
2021-04-08,SBUX,113.6500015258789,113.95999908447266,112.68000030517578,113.04000091552734,101.43223571777344,5011300.0
2021-04-09,SBUX,112.91000366210938,113.2699966430664,111.97000122070312,113.18000030517578,101.55785369873047,4114300.0
2021-04-12,SBUX,113.0199966430664,113.88999938964844,112.7699966430664,113.80999755859375,102.12315368652344,4707800.0
2021-04-13,SBUX,113.77999877929688,115.5999984741211,113.68000030517578,115.36000061035156,103.51400756835938,4607400.0
2021-04-14,SBUX,115.22000122070312,116.23999786376953,114.72000122070312,115.16000366210938,103.33453369140625,3994600.0
2021-04-15,SBUX,115.0999984741211,116.88999938964844,114.77999877929688,116.66000366210938,104.68050384521484,5079100.0
2021-04-16,SBUX,117.81999969482422,118.5,116.94000244140625,118.33999633789062,106.18798065185547,5777900.0
2021-04-19,SBUX,118.16999816894531,118.9800033569336,117.04000091552734,117.5999984741211,105.52398681640625,4889700.0
2021-04-20,SBUX,116.95999908447266,117.26000213623047,115.3499984741211,116.2699966430664,104.33055114746094,5662400.0
2021-04-21,SBUX,116.08999633789062,117.26000213623047,115.86000061035156,116.73999786376953,104.75227355957031,4397400.0
2021-04-22,SBUX,116.87000274658203,116.87999725341797,115.2300033569336,115.91999816894531,104.0164794921875,5744900.0
2021-04-23,SBUX,116.0199966430664,117.9800033569336,115.83999633789062,117.55999755859375,105.48808288574219,4555800.0
2021-04-26,SBUX,116.94999694824219,117.25,115.05999755859375,115.91999816894531,104.0164794921875,5924900.0
2021-04-27,SBUX,115.66999816894531,116.38999938964844,115.2699966430664,116.1500015258789,104.2228775024414,7260900.0
2021-04-28,SBUX,113.44000244140625,114.1500015258789,111.61000061035156,112.4000015258789,100.85794067382812,14793500.0
2021-04-29,SBUX,113.20999908447266,115.1500015258789,112.76000213623047,114.62999725341797,102.85896301269531,8936600.0
2021-04-30,SBUX,114.0,114.94999694824219,113.48999786376953,114.48999786376953,102.73333740234375,6478700.0
2021-05-03,SBUX,115.18000030517578,116.73999786376953,115.12999725341797,115.72000122070312,103.83704376220703,5049800.0
2021-05-04,SBUX,115.1500015258789,115.4000015258789,113.54000091552734,114.11000061035156,102.39236450195312,6265100.0
2021-05-05,SBUX,114.20999908447266,114.87999725341797,113.16000366210938,113.4800033569336,101.8270492553711,4677700.0
2021-05-06,SBUX,113.6500015258789,114.80999755859375,113.0999984741211,114.73999786376953,102.95764923095703,4113300.0
2021-05-07,SBUX,115.11000061035156,115.83999633789062,114.23999786376953,114.33999633789062,102.59872436523438,4867500.0
2021-05-10,SBUX,114.56999969482422,116.08999633789062,114.20999908447266,114.30000305175781,102.5628433227539,5759500.0
2021-05-11,SBUX,113.31999969482422,113.69000244140625,112.16999816894531,113.55000305175781,101.8898696899414,7775400.0
2021-05-12,SBUX,111.87000274658203,112.38999938964844,109.55999755859375,109.79000091552734,98.90794372558594,7965300.0
2021-05-13,SBUX,110.16000366210938,111.18000030517578,109.16000366210938,110.48999786376953,99.53856658935547,7999400.0
2021-05-14,SBUX,111.01000213623047,111.58999633789062,110.25,111.19999694824219,100.17818450927734,6836300.0
2021-05-17,SBUX,111.22000122070312,111.2699966430664,109.83000183105469,110.9800033569336,99.97999572753906,4521200.0
2021-05-18,SBUX,111.37000274658203,112.20999908447266,111.01000213623047,111.06999969482422,100.06108093261719,5177300.0
2021-05-19,SBUX,109.5999984741211,109.94000244140625,108.87999725341797,109.66999816894531,98.79983520507812,5997400.0
2021-05-20,SBUX,109.9800033569336,111.69000244140625,109.87000274658203,111.41000366210938,100.36736297607422,5345500.0
2021-05-21,SBUX,111.62999725341797,112.22000122070312,110.56999969482422,110.91999816894531,99.92594146728516,5146500.0
2021-05-24,SBUX,111.80000305175781,113.02999877929688,111.5199966430664,112.5199966430664,101.36736297607422,5476100.0
2021-05-25,SBUX,112.91999816894531,113.1500015258789,112.18000030517578,112.62999725341797,101.46642303466797,5391800.0
2021-05-26,SBUX,113.30000305175781,113.87000274658203,112.62999725341797,112.8499984741211,101.66462707519531,3841600.0
2021-05-27,SBUX,113.47000122070312,114.08999633789062,112.76000213623047,113.51000213623047,102.25922393798828,7378400.0
2021-05-28,SBUX,114.3499984741211,114.3499984741211,113.05000305175781,113.87999725341797,102.59254455566406,4239800.0
2021-06-01,SBUX,114.55999755859375,114.62000274658203,113.0999984741211,113.33999633789062,102.1060791015625,4306900.0
2021-06-02,SBUX,113.70999908447266,113.70999908447266,112.75,113.0,101.79976654052734,5045000.0
2021-06-03,SBUX,112.01000213623047,112.23999786376953,110.1500015258789,111.12000274658203,100.10610961914062,5723900.0
2021-06-04,SBUX,111.62000274658203,112.06999969482422,111.05000305175781,111.98999786376953,100.8898696899414,4477500.0
2021-06-07,SBUX,111.9800033569336,112.27999877929688,110.98999786376953,111.33000183105469,100.29529571533203,4009000.0
2021-06-08,SBUX,111.37999725341797,111.98999786376953,110.86000061035156,111.5199966430664,100.46646118164062,4669800.0
2021-06-09,SBUX,111.73999786376953,112.19000244140625,111.33000183105469,111.38999938964844,100.3493423461914,3669400.0
2021-06-10,SBUX,111.80000305175781,112.43000030517578,111.44000244140625,112.20999908447266,101.08806610107422,3833200.0
2021-06-11,SBUX,112.27999877929688,112.83000183105469,112.19000244140625,112.55999755859375,101.40338897705078,3231200.0
2021-06-14,SBUX,112.77999877929688,113.2300033569336,111.5,112.44999694824219,101.30428314208984,4222400.0
2021-06-15,SBUX,112.45999908447266,112.5,111.55999755859375,111.88999938964844,100.7998046875,3487300.0
2021-06-16,SBUX,112.41999816894531,112.56999969482422,110.19999694824219,111.36000061035156,100.32231903076172,4822000.0
2021-06-17,SBUX,111.0,111.94999694824219,110.70999908447266,111.38999938964844,100.3493423461914,4008500.0
2021-06-18,SBUX,110.73999786376953,110.75,109.26000213623047,109.69999694824219,98.82685089111328,7024400.0
2021-06-21,SBUX,110.0,111.37000274658203,109.68000030517578,110.97000122070312,99.97099304199219,5628500.0
2021-06-22,SBUX,111.06999969482422,112.26000213623047,110.5999984741211,111.8499984741211,100.76374816894531,3583500.0
2021-06-23,SBUX,111.27999877929688,111.97000122070312,111.13999938964844,111.55999755859375,100.50250244140625,3552100.0
2021-06-24,SBUX,111.77999877929688,112.91000366210938,111.77999877929688,111.98999786376953,100.8898696899414,3840000.0
2021-06-25,SBUX,112.75,113.22000122070312,112.22000122070312,113.04000091552734,101.83582305908203,12171200.0
2021-06-28,SBUX,112.93000030517578,113.05000305175781,111.44999694824219,112.23999786376953,101.11512756347656,4546600.0
2021-06-29,SBUX,112.06999969482422,112.69000244140625,111.52999877929688,112.2699966430664,101.14212036132812,3789500.0
2021-06-30,SBUX,112.33999633789062,112.58999633789062,111.2699966430664,111.80999755859375,100.72772216796875,6759100.0
2021-07-01,SBUX,111.94999694824219,113.48999786376953,111.80999755859375,113.41000366210938,102.16914367675781,4810600.0
2021-07-02,SBUX,113.97000122070312,115.30000305175781,113.70999908447266,114.97000122070312,103.57450103759766,4722000.0
2021-07-06,SBUX,115.08000183105469,115.8499984741211,114.31999969482422,115.7300033569336,104.25916290283203,5294700.0
2021-07-07,SBUX,115.87999725341797,117.7699966430664,115.6500015258789,117.13999938964844,105.52942657470703,5382300.0
2021-07-08,SBUX,115.44999694824219,116.76000213623047,115.23999786376953,115.98999786376953,104.49339294433594,4486100.0
2021-07-09,SBUX,116.05999755859375,117.73999786376953,116.0,117.47000122070312,105.82672882080078,3533600.0
2021-07-12,SBUX,117.75,118.77999877929688,117.38999938964844,118.45999908447266,106.7186050415039,5683400.0
2021-07-13,SBUX,118.54000091552734,119.98999786376953,118.44999694824219,119.55000305175781,107.70056915283203,5529300.0
2021-07-14,SBUX,119.94000244140625,120.83000183105469,119.68000030517578,119.80000305175781,107.92577362060547,5701800.0
2021-07-15,SBUX,119.29000091552734,119.58000183105469,118.18000030517578,118.97000122070312,107.17803192138672,6467500.0
2021-07-16,SBUX,119.68000030517578,120.4800033569336,118.5,118.7300033569336,106.96183013916016,5024800.0
2021-07-19,SBUX,117.54000091552734,117.55000305175781,114.33000183105469,115.31999969482422,103.88982391357422,7731300.0
2021-07-20,SBUX,115.62999725341797,118.06999969482422,115.33000183105469,117.41999816894531,105.78168487548828,5117800.0
2021-07-21,SBUX,117.54000091552734,119.6500015258789,117.4800033569336,119.2699966430664,107.44830322265625,4377500.0
2021-07-22,SBUX,119.33999633789062,122.91999816894531,119.06999969482422,122.62999725341797,110.47526550292969,7172300.0
2021-07-23,SBUX,124.55000305175781,126.31999969482422,123.91999816894531,125.97000122070312,113.48420715332031,7934200.0
2021-07-26,SBUX,125.73999786376953,126.0999984741211,124.25,126.05999755859375,113.5653076171875,4827500.0
2021-07-27,SBUX,126.08000183105469,126.16000366210938,124.80999755859375,126.02999877929688,113.53827667236328,6110900.0
2021-07-28,SBUX,122.55999755859375,123.33000183105469,121.38999938964844,122.41000366210938,110.2770767211914,11747000.0
2021-07-29,SBUX,122.93000030517578,123.47000122070312,122.13999938964844,122.37999725341797,110.25005340576172,6618400.0
2021-07-30,SBUX,122.19000244140625,122.9800033569336,121.0999984741211,121.43000030517578,109.39422607421875,5712300.0
2021-08-02,SBUX,122.02999877929688,122.9800033569336,120.06999969482422,120.37000274658203,108.43927764892578,5996800.0
2021-08-03,SBUX,120.56999969482422,120.75,117.5199966430664,119.12999725341797,107.32218933105469,6030500.0
2021-08-04,SBUX,119.12999725341797,119.20999908447266,117.56999969482422,118.25,106.52941131591797,6675500.0
2021-08-05,SBUX,118.72000122070312,119.08999633789062,118.11000061035156,119.02999877929688,107.23208618164062,4281900.0
2021-08-06,SBUX,119.13999938964844,119.20999908447266,118.08000183105469,119.05000305175781,107.2501220703125,6832600.0
2021-08-09,SBUX,118.98999786376953,119.0199966430664,117.75,117.94000244140625,106.2501449584961,4557900.0
2021-08-10,SBUX,118.38999938964844,118.5,115.9800033569336,116.38999938964844,104.85376739501953,9839700.0
2021-08-11,SBUX,116.33999633789062,117.29000091552734,115.9000015258789,116.5,105.3602294921875,6472300.0
2021-08-12,SBUX,116.41000366210938,116.77999877929688,115.51000213623047,115.75,104.68193054199219,4358300.0
2021-08-13,SBUX,115.94000244140625,116.83000183105469,115.4000015258789,116.76000213623047,105.59536743164062,4361700.0
2021-08-16,SBUX,116.69000244140625,117.7300033569336,116.41000366210938,117.54000091552734,106.30078887939453,5976000.0
2021-08-17,SBUX,116.62000274658203,116.94000244140625,115.55999755859375,116.56999969482422,105.42351531982422,4719800.0
2021-08-18,SBUX,116.27999877929688,116.73999786376953,115.5999984741211,115.68000030517578,104.61863708496094,4520500.0
2021-08-19,SBUX,114.51000213623047,115.06999969482422,113.61000061035156,114.31999969482422,103.38867950439453,5317100.0
2021-08-20,SBUX,113.9800033569336,115.0,113.66000366210938,114.62999725341797,103.66902923583984,3486300.0
2021-08-23,SBUX,114.70999908447266,115.45999908447266,114.70999908447266,115.1500015258789,104.13929748535156,4235100.0
2021-08-24,SBUX,115.38999938964844,115.8499984741211,114.94000244140625,115.08000183105469,104.07599639892578,3447300.0
2021-08-25,SBUX,115.58999633789062,115.98999786376953,115.0,115.56999969482422,104.5191421508789,3881500.0
2021-08-26,SBUX,115.62000274658203,115.7699966430664,113.86000061035156,114.31999969482422,103.38867950439453,5188200.0
2021-08-27,SBUX,114.61000061035156,115.38999938964844,114.18000030517578,115.12000274658203,104.11216735839844,4204700.0
2021-08-30,SBUX,115.61000061035156,115.81999969482422,114.62999725341797,115.61000061035156,104.55532836914062,3078200.0
2021-08-31,SBUX,115.7699966430664,117.5999984741211,115.6500015258789,117.48999786376953,106.25555419921875,6995500.0
2021-09-01,SBUX,118.01000213623047,118.33000183105469,117.27999877929688,117.44999694824219,106.2193832397461,4402700.0
2021-09-02,SBUX,118.29000091552734,118.36000061035156,116.9000015258789,117.37000274658203,106.14704132080078,3801900.0
2021-09-03,SBUX,116.83999633789062,117.58000183105469,116.33999633789062,117.19000244140625,105.9842300415039,2921300.0
2021-09-07,SBUX,117.08999633789062,117.12999725341797,115.47000122070312,115.79000091552734,104.71810150146484,4264900.0
2021-09-08,SBUX,116.0999984741211,118.19000244140625,115.51000213623047,118.04000091552734,106.75296783447266,5548400.0
2021-09-09,SBUX,117.9800033569336,120.06999969482422,117.80000305175781,118.79000091552734,107.43122863769531,4711200.0
2021-09-10,SBUX,119.3499984741211,120.76000213623047,118.88999938964844,119.33999633789062,107.92864990234375,6517900.0
2021-09-13,SBUX,119.88999938964844,120.1500015258789,118.55999755859375,119.18000030517578,107.78396606445312,4381100.0
2021-09-14,SBUX,119.72000122070312,119.86000061035156,118.36000061035156,118.86000061035156,107.49456024169922,4722800.0
2021-09-15,SBUX,116.95999908447266,117.0199966430664,113.12000274658203,114.63999938964844,103.6780776977539,11556200.0
2021-09-16,SBUX,114.79000091552734,115.2699966430664,113.19000244140625,114.66999816894531,103.70521545410156,7997000.0
2021-09-17,SBUX,114.54000091552734,114.8499984741211,113.12000274658203,113.41000366210938,102.56568908691406,9261000.0
2021-09-20,SBUX,111.3499984741211,112.2699966430664,110.37999725341797,111.81999969482422,101.12772369384766,7795200.0
2021-09-21,SBUX,111.91999816894531,113.5999984741211,111.75,112.22000122070312,101.4894790649414,5468400.0
2021-09-22,SBUX,113.05999755859375,114.02999877929688,112.31999969482422,113.06999969482422,102.2582015991211,4578200.0
2021-09-23,SBUX,113.38999938964844,114.70999908447266,113.0999984741211,114.13999938964844,103.22587585449219,3842000.0
2021-09-24,SBUX,114.12999725341797,114.86000061035156,113.76000213623047,114.11000061035156,103.19874572753906,3955000.0
2021-09-27,SBUX,113.61000061035156,114.66999816894531,112.91000366210938,113.68000030517578,102.80985260009766,3988800.0
2021-09-28,SBUX,112.68000030517578,113.0,111.08000183105469,111.70999908447266,101.02823638916016,5917700.0
2021-09-29,SBUX,111.9000015258789,112.5199966430664,111.56999969482422,112.16999816894531,101.4442367553711,4389100.0
2021-09-30,SBUX,111.5199966430664,112.16000366210938,110.30999755859375,110.30999755859375,99.76209259033203,5974500.0
2021-10-01,SBUX,110.88999938964844,113.45999908447266,110.54000091552734,112.91999816894531,102.12254333496094,5636900.0
2021-10-04,SBUX,112.43000030517578,113.08000183105469,111.0199966430664,111.45999908447266,100.80213928222656,4497700.0
2021-10-05,SBUX,111.12999725341797,111.4800033569336,110.02999877929688,110.8499984741211,100.25048065185547,5884000.0
2021-10-06,SBUX,110.18000030517578,112.0199966430664,109.4800033569336,111.63999938964844,100.96493530273438,5734500.0
2021-10-07,SBUX,112.37999725341797,112.9800033569336,112.05000305175781,112.20999908447266,101.48043060302734,5549500.0
2021-10-08,SBUX,112.58000183105469,112.66000366210938,111.12999725341797,111.22000122070312,100.5850830078125,3787000.0
2021-10-11,SBUX,112.88999938964844,113.55999755859375,110.91999816894531,110.94000244140625,100.33187103271484,5987300.0
2021-10-12,SBUX,111.72000122070312,111.87000274658203,110.66000366210938,111.0,100.3861312866211,3866800.0
2021-10-13,SBUX,111.38999938964844,111.4800033569336,109.41000366210938,110.76000213623047,100.16908264160156,4806500.0
2021-10-14,SBUX,111.08000183105469,112.61000061035156,111.01000213623047,111.87000274658203,101.17294311523438,5194900.0
2021-10-15,SBUX,112.44999694824219,112.91999816894531,110.94999694824219,111.44999694824219,100.79310607910156,5860900.0
2021-10-18,SBUX,111.44000244140625,113.56999969482422,110.95999908447266,113.37000274658203,102.52950286865234,4958400.0
2021-10-19,SBUX,113.73999786376953,114.54000091552734,112.76000213623047,113.48999786376953,102.6380386352539,5799300.0
2021-10-20,SBUX,113.05999755859375,115.11000061035156,112.70999908447266,113.86000061035156,102.97267150878906,7645200.0
2021-10-21,SBUX,113.93000030517578,114.55999755859375,113.61000061035156,114.44000244140625,103.49720764160156,3684300.0
2021-10-22,SBUX,114.41000366210938,114.9800033569336,114.06999969482422,114.55000305175781,103.59668731689453,3396400.0
2021-10-25,SBUX,114.73999786376953,114.87999725341797,113.36000061035156,114.70999908447266,103.74138641357422,4290600.0
2021-10-26,SBUX,114.91999816894531,115.27999877929688,114.25,114.91999816894531,103.93128967285156,5948000.0
2021-10-27,SBUX,115.56999969482422,115.56999969482422,113.08000183105469,113.51000213623047,102.6561279296875,5853900.0
2021-10-28,SBUX,113.73999786376953,114.5999984741211,112.45999908447266,113.19999694824219,102.3757553100586,7697600.0
2021-10-29,SBUX,107.5,107.98999786376953,104.0199966430664,106.06999969482422,95.92752838134766,27419600.0
2021-11-01,SBUX,107.2300033569336,110.1500015258789,107.19999694824219,109.80000305175781,99.30086517333984,14184600.0
2021-11-02,SBUX,110.25,111.81999969482422,109.79000091552734,111.44999694824219,100.79310607910156,11538900.0
2021-11-03,SBUX,111.33000183105469,112.91999816894531,110.11000061035156,112.61000061035156,101.84217071533203,6422600.0
2021-11-04,SBUX,111.5999984741211,112.41999816894531,110.93000030517578,112.16000366210938,101.43521118164062,8212600.0
2021-11-05,SBUX,113.23999786376953,117.33000183105469,113.13999938964844,116.91000366210938,105.73102569580078,10256800.0
2021-11-08,SBUX,116.5199966430664,117.47000122070312,114.56999969482422,115.16000366210938,104.14835357666016,8753300.0
2021-11-09,SBUX,114.6500015258789,115.5999984741211,113.37000274658203,114.12999725341797,103.21684265136719,6754700.0
2021-11-10,SBUX,112.91000366210938,114.45999908447266,112.5999984741211,113.25,102.86260223388672,6563700.0
2021-11-11,SBUX,113.25,113.25,110.54000091552734,111.44000244140625,101.2186279296875,7191900.0
2021-11-12,SBUX,111.73999786376953,112.23999786376953,111.08999633789062,111.72000122070312,101.47293853759766,7350400.0
2021-11-15,SBUX,112.12000274658203,113.6500015258789,111.58000183105469,111.87000274658203,101.60917663574219,6566100.0
2021-11-16,SBUX,112.27999877929688,113.11000061035156,111.51000213623047,112.2300033569336,101.9361572265625,7965000.0
2021-11-17,SBUX,112.22000122070312,113.11000061035156,111.66000366210938,112.5199966430664,102.19957733154297,5768600.0
2021-11-18,SBUX,112.12000274658203,113.2300033569336,111.33999633789062,112.9000015258789,102.54470825195312,5632100.0
2021-11-19,SBUX,112.7300033569336,112.9000015258789,109.7699966430664,110.77999877929688,100.61914825439453,6921800.0
2021-11-22,SBUX,111.11000061035156,112.58999633789062,110.66999816894531,111.44999694824219,101.22771453857422,5967300.0
2021-11-23,SBUX,112.0,114.11000061035156,111.77999877929688,113.58000183105469,103.16234588623047,7911000.0
2021-11-24,SBUX,113.41000366210938,114.26000213623047,113.08000183105469,113.97000122070312,103.51655578613281,4464300.0
2021-11-26,SBUX,110.01000213623047,110.83000183105469,109.25,110.66000366210938,100.51016235351562,6703200.0
2021-11-29,SBUX,111.36000061035156,111.69000244140625,109.62000274658203,110.7300033569336,100.5737533569336,7114100.0
2021-11-30,SBUX,109.55000305175781,111.08999633789062,109.05000305175781,109.63999938964844,99.58370971679688,9483300.0
2021-12-01,SBUX,110.95999908447266,113.3499984741211,108.55000305175781,108.66000366210938,98.69361877441406,7618500.0
2021-12-02,SBUX,109.16999816894531,112.08000183105469,109.16999816894531,111.41999816894531,101.20045471191406,7709400.0
2021-12-03,SBUX,111.8499984741211,112.8499984741211,110.08000183105469,111.23999786376953,101.0369644165039,7014100.0
2021-12-06,SBUX,112.01000213623047,114.16999816894531,111.70999908447266,113.36000061035156,102.9625015258789,8280200.0
2021-12-07,SBUX,115.05999755859375,117.19000244140625,114.79000091552734,116.26000213623047,105.5965347290039,8786900.0
2021-12-08,SBUX,115.77999877929688,116.6500015258789,115.1500015258789,116.25,105.58744812011719,5807000.0
2021-12-09,SBUX,115.80000305175781,116.41000366210938,115.23999786376953,115.3499984741211,104.76998901367188,5664700.0
2021-12-10,SBUX,115.81999969482422,117.08999633789062,115.77999877929688,116.7300033569336,106.02342224121094,6110800.0
2021-12-13,SBUX,116.16000366210938,116.83000183105469,115.22000122070312,115.55999755859375,104.96073150634766,6479400.0
2021-12-14,SBUX,114.56999969482422,115.30000305175781,114.02999877929688,114.70999908447266,104.18870544433594,6854600.0
2021-12-15,SBUX,114.80999755859375,115.19999694824219,112.76000213623047,114.68000030517578,104.16143035888672,6902400.0
2021-12-16,SBUX,115.0,115.4000015258789,113.22000122070312,113.58999633789062,103.17142486572266,7544400.0
2021-12-17,SBUX,111.2699966430664,111.80000305175781,108.22000122070312,108.62999725341797,98.66634368896484,13696900.0
2021-12-20,SBUX,107.06999969482422,108.12000274658203,106.61000061035156,108.08999633789062,98.17589569091797,6313700.0
2021-12-21,SBUX,109.0,110.9000015258789,108.87000274658203,110.37000274658203,100.24675750732422,4682200.0
2021-12-22,SBUX,110.19999694824219,111.77999877929688,110.0,111.73999786376953,101.49110412597656,3643300.0
2021-12-23,SBUX,112.2300033569336,112.91000366210938,111.98999786376953,112.37000274658203,102.0633316040039,3359600.0
2021-12-27,SBUX,112.5999984741211,114.37000274658203,112.38999938964844,114.22000122070312,103.74364471435547,3716700.0
2021-12-28,SBUX,114.0,116.27999877929688,113.80999755859375,115.56999969482422,104.96981811523438,4561600.0
2021-12-29,SBUX,115.4000015258789,116.95999908447266,115.30999755859375,116.37999725341797,105.70552062988281,4215300.0
2021-12-30,SBUX,116.37999725341797,117.33999633789062,116.08000183105469,116.23999786376953,105.578369140625,4068700.0
2021-12-31,SBUX,115.66999816894531,117.4800033569336,115.5999984741211,116.97000122070312,106.24141693115234,3674900.0
2022-01-03,SBUX,116.47000122070312,117.80000305175781,114.77999877929688,116.68000030517578,105.97799682617188,5475700.0
2022-01-04,SBUX,116.9000015258789,117.05000305175781,114.16999816894531,114.23999786376953,103.76180267333984,8367600.0
2022-01-05,SBUX,114.4000015258789,114.95999908447266,110.4000015258789,110.44000244140625,100.31033325195312,8662300.0
2022-01-06,SBUX,110.0,111.87999725341797,109.98999786376953,111.13999938964844,100.94613647460938,6099900.0
2022-01-07,SBUX,108.22000122070312,109.70999908447266,107.4800033569336,107.56999969482422,97.70358276367188,11266400.0
2022-01-10,SBUX,106.62000274658203,107.01000213623047,104.41999816894531,106.02999877929688,96.3048324584961,8499400.0
2022-01-11,SBUX,106.04000091552734,106.16999816894531,103.70999908447266,104.04000091552734,94.49736022949219,13073200.0
2022-01-12,SBUX,104.44000244140625,105.31999969482422,103.68000030517578,103.87000274658203,94.34294128417969,11810500.0
2022-01-13,SBUX,104.1500015258789,104.66999816894531,102.08999633789062,102.4000015258789,93.00778198242188,9818500.0
2022-01-14,SBUX,101.91000366210938,101.91000366210938,99.08999633789062,100.12000274658203,90.9369125366211,13703200.0
2022-01-18,SBUX,99.16999816894531,99.36000061035156,97.51000213623047,97.7300033569336,88.76610565185547,11396000.0
2022-01-19,SBUX,97.94000244140625,98.38999938964844,96.77999877929688,96.87000274658203,87.98497772216797,10856800.0
2022-01-20,SBUX,97.48999786376953,98.94000244140625,95.58999633789062,95.72000122070312,86.94047546386719,20311500.0
2022-01-21,SBUX,95.9000015258789,98.41000366210938,95.47000122070312,96.30999755859375,87.47636413574219,13438300.0
2022-01-24,SBUX,94.75,98.3499984741211,94.41000366210938,98.0999984741211,89.10218811035156,17201400.0
2022-01-25,SBUX,96.66999816894531,98.08999633789062,95.12999725341797,97.01000213623047,88.1121597290039,12368500.0
2022-01-26,SBUX,97.69999694824219,98.63999938964844,94.9000015258789,95.58000183105469,86.81332397460938,11863000.0
2022-01-27,SBUX,96.62000274658203,97.16999816894531,95.05999755859375,95.31999969482422,86.57715606689453,7322200.0
2022-01-28,SBUX,95.05999755859375,97.22000122070312,93.79000091552734,97.20999908447266,88.29380798339844,8345400.0
2022-01-31,SBUX,97.02999877929688,98.4000015258789,96.41999816894531,98.31999969482422,89.302001953125,8807700.0
2022-02-01,SBUX,98.41999816894531,99.02999877929688,96.80000305175781,98.76000213623047,89.70164489746094,11601900.0
2022-02-02,SBUX,95.80000305175781,99.1500015258789,94.73999786376953,97.7300033569336,88.76610565185547,15578800.0
2022-02-03,SBUX,96.83999633789062,97.47000122070312,95.66999816894531,95.94000244140625,87.14028930664062,8901100.0
2022-02-04,SBUX,95.41000366210938,95.94000244140625,93.83000183105469,95.0,86.28652954101562,8267600.0
2022-02-07,SBUX,95.3499984741211,96.11000061035156,94.87999725341797,95.19000244140625,86.45909118652344,6849000.0
2022-02-08,SBUX,95.29000091552734,96.02999877929688,94.3499984741211,94.91999816894531,86.21385192871094,7161000.0
2022-02-09,SBUX,96.25,97.97000122070312,96.19999694824219,97.12999725341797,88.22113800048828,9353700.0
2022-02-10,SBUX,95.45999908447266,96.80999755859375,94.9800033569336,95.30999755859375,87.00701141357422,9098800.0
2022-02-11,SBUX,95.58999633789062,96.48999786376953,93.36000061035156,93.7300033569336,85.56465911865234,6924800.0
2022-02-14,SBUX,93.75,94.48999786376953,92.41999816894531,93.6500015258789,85.49162292480469,7948500.0
2022-02-15,SBUX,95.1500015258789,95.45999908447266,94.36000061035156,94.51000213623047,86.27670288085938,7722200.0
2022-02-16,SBUX,94.33999633789062,95.55000305175781,93.16000366210938,95.18000030517578,86.8883285522461,6545800.0
2022-02-17,SBUX,94.41999816894531,94.62999725341797,92.77999877929688,93.05000305175781,84.94387817382812,6578200.0
2022-02-18,SBUX,92.55999755859375,94.05000305175781,92.52999877929688,93.33999633789062,85.20863342285156,6210600.0
2022-02-22,SBUX,93.5999984741211,94.04000091552734,92.36000061035156,93.11000061035156,84.99866485595703,8622500.0
2022-02-23,SBUX,93.87999725341797,93.87999725341797,89.44000244140625,89.6500015258789,81.84007263183594,9674800.0
2022-02-24,SBUX,87.5,91.19999694824219,87.25,91.01000213623047,83.08161926269531,9260500.0
2022-02-25,SBUX,91.30000305175781,92.79000091552734,90.27999877929688,92.58000183105469,84.51483917236328,7039400.0
2022-02-28,SBUX,91.29000091552734,92.30999755859375,90.62000274658203,91.79000091552734,83.79364776611328,8591500.0
2022-03-01,SBUX,91.48999786376953,91.51000213623047,89.6500015258789,90.13999938964844,82.28739929199219,7100700.0
2022-03-02,SBUX,90.7699966430664,93.27999877929688,90.58999633789062,92.7699966430664,84.68828582763672,10721100.0
2022-03-03,SBUX,93.4800033569336,93.5,91.08000183105469,91.52999877929688,83.55631256103516,6587400.0
2022-03-04,SBUX,90.97000122070312,91.16000366210938,89.44999694824219,90.02999877929688,82.18697357177734,7179800.0
2022-03-07,SBUX,90.04000091552734,90.05000305175781,84.3499984741211,84.45999908447266,77.1021957397461,14608700.0
2022-03-08,SBUX,84.76000213623047,86.91999816894531,83.76000213623047,84.0,76.68228149414062,10692000.0
2022-03-09,SBUX,86.5,88.12999725341797,86.33000183105469,87.5999984741211,79.96865844726562,8811600.0
2022-03-10,SBUX,86.08999633789062,87.36000061035156,85.5999984741211,87.16000366210938,79.56700134277344,9114300.0
2022-03-11,SBUX,88.3499984741211,88.80999755859375,82.54000091552734,82.7300033569336,75.52294158935547,15351700.0
2022-03-14,SBUX,82.31999969482422,82.33999633789062,78.91999816894531,79.29000091552734,72.38260650634766,18199300.0
2022-03-15,SBUX,80.5,83.44000244140625,80.27999877929688,83.12000274658203,75.87896728515625,12542300.0
2022-03-16,SBUX,88.01000213623047,90.08999633789062,85.62000274658203,87.41000366210938,79.79522705078125,21207900.0
2022-03-17,SBUX,87.45999908447266,87.94999694824219,86.01000213623047,87.66000366210938,80.0234375,8554200.0
2022-03-18,SBUX,86.12000274658203,89.75,84.9800033569336,89.5999984741211,81.79444122314453,23784200.0
2022-03-21,SBUX,89.61000061035156,89.72000122070312,85.97000122070312,86.86000061035156,79.29315185546875,11925300.0
2022-03-22,SBUX,87.4000015258789,89.0999984741211,87.1500015258789,87.88999938964844,80.23340606689453,8447400.0
2022-03-23,SBUX,87.36000061035156,87.70999908447266,86.0999984741211,86.22000122070312,78.70890808105469,7670500.0
2022-03-24,SBUX,86.83000183105469,87.1500015258789,85.55999755859375,87.12000274658203,79.5304946899414,6163400.0
2022-03-25,SBUX,87.38999938964844,87.66999816894531,86.22000122070312,87.44999694824219,79.83174133300781,7048100.0
2022-03-28,SBUX,87.4800033569336,88.41999816894531,86.75,88.37999725341797,80.68071746826172,5981000.0
2022-03-29,SBUX,89.69999694824219,91.9000015258789,89.66000366210938,91.2300033569336,83.28244018554688,8963200.0
2022-03-30,SBUX,90.75,91.54000091552734,90.4000015258789,91.02999877929688,83.09986114501953,8122100.0
2022-03-31,SBUX,91.31999969482422,92.62999725341797,90.97000122070312,90.97000122070312,83.04509735107422,11306100.0
2022-04-01,SBUX,91.5,91.88999938964844,90.4800033569336,91.48999786376953,83.5197982788086,6516300.0
2022-04-04,SBUX,87.88999938964844,88.45999908447266,86.18000030517578,88.08999633789062,80.41598510742188,16243100.0
2022-04-05,SBUX,86.55999755859375,86.62000274658203,83.81999969482422,84.12000274658203,76.79183197021484,17525800.0
2022-04-06,SBUX,83.6500015258789,83.88999938964844,82.06999969482422,83.36000061035156,76.0980453491211,10567000.0
2022-04-07,SBUX,82.98999786376953,83.5,81.44999694824219,83.12000274658203,75.87896728515625,10869100.0
2022-04-08,SBUX,83.19000244140625,83.19000244140625,81.33999633789062,81.5199966430664,74.4183349609375,9286800.0
2022-04-11,SBUX,80.87999725341797,81.73999786376953,80.29000091552734,80.68000030517578,73.6515121459961,8623200.0
2022-04-12,SBUX,80.83000183105469,81.2699966430664,79.6500015258789,79.79000091552734,72.83905029296875,8472500.0
2022-04-13,SBUX,79.87999725341797,81.30999755859375,79.61000061035156,80.91999816894531,73.87060546875,8604400.0
2022-04-14,SBUX,80.75,81.08000183105469,79.25,79.5,72.57431030273438,9567200.0
2022-04-18,SBUX,79.04000091552734,79.97000122070312,78.87999725341797,79.5999984741211,72.66561889648438,7797300.0
2022-04-19,SBUX,79.62000274658203,81.54000091552734,79.41000366210938,81.22000122070312,74.14447784423828,8622100.0
2022-04-20,SBUX,81.30999755859375,81.5199966430664,80.0,80.16999816894531,73.18594360351562,8368800.0
2022-04-21,SBUX,81.05000305175781,81.19000244140625,78.7300033569336,78.95999908447266,72.08135223388672,8152500.0
2022-04-22,SBUX,78.88999938964844,79.4800033569336,77.77999877929688,77.91999816894531,71.13194274902344,10315500.0
2022-04-25,SBUX,77.37999725341797,78.08000183105469,76.7300033569336,77.9800033569336,71.18672943115234,10259000.0
2022-04-26,SBUX,77.48999786376953,77.58000183105469,75.62999725341797,75.62999725341797,69.04145050048828,8800500.0
2022-04-27,SBUX,75.37999725341797,76.43000030517578,74.68000030517578,74.73999786376953,68.22898864746094,8467300.0
2022-04-28,SBUX,75.62000274658203,77.0999984741211,74.86000061035156,76.58000183105469,69.90867614746094,8818500.0
2022-04-29,SBUX,76.0199966430664,76.7699966430664,74.4800033569336,74.63999938964844,68.13768768310547,9199300.0
2022-05-02,SBUX,75.25,75.72000122070312,73.47000122070312,75.37000274658203,68.80409240722656,12379000.0
2022-05-03,SBUX,75.72000122070312,75.79000091552734,73.37999725341797,74.33000183105469,67.85469055175781,15570100.0
2022-05-04,SBUX,79.30999755859375,82.87000274658203,77.91999816894531,81.63999938964844,74.52787017822266,30199700.0
2022-05-05,SBUX,80.43000030517578,81.22000122070312,77.12999725341797,77.4800033569336,70.73027038574219,19114700.0
2022-05-06,SBUX,77.02999877929688,77.19999694824219,75.20999908447266,76.5199966430664,69.85391235351562,11165800.0
2022-05-09,SBUX,75.23999786376953,76.55000305175781,73.33000183105469,73.48999786376953,67.08787536621094,12863600.0
2022-05-10,SBUX,74.8499984741211,75.05000305175781,71.61000061035156,71.86000061035156,65.59986877441406,14085900.0
2022-05-11,SBUX,71.55000305175781,71.94999694824219,69.95999908447266,70.05999755859375,63.9566650390625,12118100.0
2022-05-12,SBUX,69.1500015258789,70.02999877929688,68.38999938964844,69.9000015258789,64.26005554199219,15460600.0
2022-05-13,SBUX,71.87999725341797,75.7300033569336,71.87999725341797,75.5999984741211,69.50013732910156,18156300.0
2022-05-16,SBUX,74.94000244140625,75.44000244140625,72.30999755859375,72.41999816894531,66.57672119140625,11435300.0
2022-05-17,SBUX,74.01000213623047,74.3499984741211,72.83999633789062,73.72000122070312,67.7718276977539,12454500.0
2022-05-18,SBUX,73.1500015258789,73.54000091552734,70.77999877929688,71.27999877929688,65.52870178222656,10576500.0
2022-05-19,SBUX,71.0999984741211,72.41999816894531,70.33000183105469,71.93000030517578,66.12626647949219,11193700.0
2022-05-20,SBUX,72.87999725341797,73.43000030517578,71.45999908447266,73.38999938964844,67.46846771240234,15941800.0
2022-05-23,SBUX,73.7300033569336,74.2699966430664,72.56999969482422,73.41999816894531,67.49602508544922,10741900.0
2022-05-24,SBUX,72.97000122070312,73.33000183105469,71.2699966430664,72.72000122070312,66.85252380371094,9227700.0
2022-05-25,SBUX,72.72000122070312,73.5,71.93000030517578,72.4800033569336,66.63187408447266,8344400.0
2022-05-26,SBUX,72.94999694824219,74.7699966430664,72.87000274658203,74.48999786376953,68.47970581054688,8940900.0
2022-05-27,SBUX,75.2300033569336,76.72000122070312,75.1500015258789,76.70999908447266,70.52057647705078,8498400.0
2022-05-31,SBUX,76.97000122070312,79.66000366210938,76.55000305175781,78.5,72.16615295410156,23361800.0
2022-06-01,SBUX,78.75,78.87999725341797,76.05000305175781,76.27999877929688,70.12528991699219,7579000.0
2022-06-02,SBUX,76.54000091552734,79.5,75.8499984741211,79.41999816894531,73.01193237304688,10241500.0
2022-06-03,SBUX,79.0,79.9000015258789,78.31999969482422,79.05000305175781,72.67176818847656,10415700.0
2022-06-06,SBUX,79.69999694824219,81.30000305175781,78.52999877929688,78.9800033569336,72.60742950439453,7239400.0
2022-06-07,SBUX,78.56999969482422,79.75,78.26000213623047,79.47000122070312,73.0578842163086,5517100.0
2022-06-08,SBUX,78.9000015258789,79.7699966430664,78.26000213623047,78.47000122070312,72.13856506347656,5178300.0
2022-06-09,SBUX,77.97000122070312,80.2699966430664,77.7300033569336,78.91000366210938,72.54307556152344,13248100.0
2022-06-10,SBUX,77.0199966430664,77.79000091552734,75.66000366210938,75.66999816894531,69.56449890136719,8694300.0
2022-06-13,SBUX,73.08999633789062,74.01000213623047,71.91000366210938,72.36000061035156,66.52156066894531,9282800.0
2022-06-14,SBUX,72.8499984741211,73.83999633789062,71.52999877929688,72.30999755859375,66.4756088256836,7635600.0
2022-06-15,SBUX,73.25,75.2699966430664,73.11000061035156,74.19000244140625,68.20391845703125,7682300.0
2022-06-16,SBUX,72.43000030517578,72.61000061035156,70.3499984741211,70.94999694824219,65.2253189086914,10147000.0
2022-06-17,SBUX,71.08000183105469,72.44000244140625,70.7699966430664,71.87000274658203,66.07109832763672,9824300.0
2022-06-21,SBUX,73.05999755859375,73.16999816894531,72.02999877929688,72.95999908447266,67.0731430053711,7872500.0
2022-06-22,SBUX,72.37000274658203,73.81999969482422,72.22000122070312,73.30000305175781,67.38572692871094,6702200.0
2022-06-23,SBUX,73.86000061035156,75.36000061035156,73.51000213623047,75.19999694824219,69.1324234008789,6586400.0
2022-06-24,SBUX,75.66000366210938,78.1500015258789,75.55000305175781,78.11000061035156,71.8076171875,18012000.0
2022-06-27,SBUX,78.0,78.44000244140625,77.2699966430664,77.68000030517578,71.4123306274414,6672200.0
2022-06-28,SBUX,78.38999938964844,79.88999938964844,76.19000244140625,76.33999633789062,70.180419921875,7206400.0
2022-06-29,SBUX,76.20999908447266,77.1500015258789,75.63999938964844,76.43000030517578,70.26316833496094,8983900.0
2022-06-30,SBUX,76.01000213623047,76.87999725341797,74.87000274658203,76.38999938964844,70.22639465332031,6781100.0
2022-07-01,SBUX,76.7300033569336,79.47000122070312,76.54000091552734,79.26000213623047,72.86483764648438,7539200.0
2022-07-05,SBUX,78.0199966430664,79.55000305175781,77.36000061035156,79.5199966430664,73.10384368896484,8087800.0
2022-07-06,SBUX,79.83000183105469,80.47000122070312,78.18000030517578,78.86000061035156,72.49710845947266,4652800.0
2022-07-07,SBUX,78.80999755859375,79.6500015258789,78.37000274658203,79.23999786376953,72.84644317626953,5395600.0
2022-07-08,SBUX,78.69000244140625,79.62999725341797,78.2699966430664,79.27999877929688,72.88321685791016,3927100.0
2022-07-11,SBUX,78.8499984741211,79.05000305175781,77.43000030517578,77.9000015258789,71.61456298828125,5351500.0
2022-07-12,SBUX,78.36000061035156,79.44000244140625,77.37999725341797,77.76000213623047,71.48587799072266,5393400.0
2022-07-13,SBUX,75.98999786376953,78.54000091552734,75.7300033569336,77.91999816894531,71.63294219970703,3897500.0
2022-07-14,SBUX,77.08999633789062,78.37000274658203,76.80999755859375,78.19999694824219,71.8903579711914,4504500.0
2022-07-15,SBUX,78.61000061035156,80.20999908447266,78.61000061035156,79.62000274658203,73.19579315185547,5584100.0
2022-07-18,SBUX,80.02999877929688,81.66999816894531,80.0,80.2300033569336,73.7565689086914,6768800.0
2022-07-19,SBUX,81.11000061035156,82.66999816894531,80.91000366210938,82.55000305175781,75.88937377929688,5949200.0
2022-07-20,SBUX,82.4800033569336,83.47000122070312,81.88999938964844,83.2699966430664,76.55128479003906,6850600.0
2022-07-21,SBUX,82.94999694824219,83.61000061035156,82.6500015258789,83.54000091552734,76.79950714111328,7695300.0
2022-07-22,SBUX,84.16000366210938,84.43000030517578,82.83999633789062,83.58999633789062,76.8454360961914,6283600.0
2022-07-25,SBUX,83.58999633789062,83.69999694824219,81.04000091552734,81.5,74.92410278320312,5861100.0
2022-07-26,SBUX,81.22000122070312,81.41999816894531,80.0,80.30999755859375,73.8301010131836,6587000.0
2022-07-27,SBUX,81.2300033569336,83.41000366210938,81.12000274658203,82.95999908447266,76.26630401611328,6372600.0
2022-07-28,SBUX,83.19000244140625,84.88999938964844,82.81999969482422,84.66999816894531,77.83832550048828,5594600.0
2022-07-29,SBUX,84.5999984741211,84.9800033569336,83.93000030517578,84.77999877929688,77.93944549560547,5802700.0
2022-08-01,SBUX,84.19000244140625,85.58999633789062,84.02999877929688,84.91000366210938,78.05896759033203,7313700.0
2022-08-02,SBUX,84.69999694824219,85.13999938964844,83.62000274658203,83.70999908447266,76.9557876586914,7254700.0
2022-08-03,SBUX,86.01000213623047,87.97000122070312,83.91000366210938,87.2699966430664,80.2285385131836,12915700.0
2022-08-04,SBUX,87.20999908447266,88.27999877929688,86.56999969482422,86.87999725341797,79.87000274658203,7086700.0
2022-08-05,SBUX,85.76000213623047,86.1500015258789,84.91999816894531,85.7300033569336,78.81278991699219,4835100.0
2022-08-08,SBUX,86.1500015258789,86.86000061035156,85.41999816894531,85.72000122070312,78.80360412597656,4878400.0
2022-08-09,SBUX,85.73999786376953,85.83000183105469,84.45999908447266,84.83999633789062,77.99459075927734,3498400.0
2022-08-10,SBUX,86.5,86.9000015258789,86.08999633789062,86.48999786376953,79.51145935058594,5072300.0
2022-08-11,SBUX,86.94000244140625,87.55000305175781,86.5,87.2699966430664,80.68566131591797,5595700.0
2022-08-12,SBUX,87.30999755859375,88.4000015258789,87.19000244140625,88.30999755859375,81.64717864990234,5154000.0
2022-08-15,SBUX,88.11000061035156,89.25,88.01000213623047,89.16000366210938,82.43305969238281,5601000.0
2022-08-16,SBUX,88.77999877929688,89.93000030517578,88.54000091552734,89.4000015258789,82.65495300292969,4580800.0
2022-08-17,SBUX,88.4000015258789,89.0,87.86000061035156,88.3499984741211,81.6841812133789,3831300.0
2022-08-18,SBUX,88.02999877929688,88.77999877929688,87.68000030517578,88.55000305175781,81.86907196044922,3428300.0
2022-08-19,SBUX,87.7699966430664,87.97000122070312,86.55000305175781,86.91999816894531,80.362060546875,4597700.0
2022-08-22,SBUX,85.37999725341797,85.55000305175781,84.33999633789062,84.94999694824219,78.54069519042969,5915200.0
2022-08-23,SBUX,84.8499984741211,85.61000061035156,84.58000183105469,84.69000244140625,78.30032348632812,4560400.0
2022-08-24,SBUX,84.76000213623047,86.4800033569336,84.4800033569336,86.05000305175781,79.55770111083984,4386000.0
2022-08-25,SBUX,86.3499984741211,87.62999725341797,86.30000305175781,87.38999938964844,80.7966079711914,4236300.0
2022-08-26,SBUX,87.51000213623047,87.98999786376953,83.95999908447266,84.05999755859375,77.71784973144531,6674900.0
2022-08-29,SBUX,83.19999694824219,84.66000366210938,83.04000091552734,84.12000274658203,77.7733383178711,5035500.0
2022-08-30,SBUX,84.18000030517578,85.0199966430664,82.69000244140625,83.41000366210938,77.11689758300781,6812500.0
2022-08-31,SBUX,83.87000274658203,84.76000213623047,83.6500015258789,84.06999969482422,77.72709655761719,6570100.0
2022-09-01,SBUX,83.69999694824219,85.47000122070312,82.93000030517578,85.4000015258789,78.95674896240234,7556800.0
2022-09-02,SBUX,85.47000122070312,85.7699966430664,82.55000305175781,82.94000244140625,76.68236541748047,10336800.0
2022-09-06,SBUX,83.06999969482422,84.62000274658203,81.66999816894531,84.5199966430664,78.14314270019531,11062800.0
2022-09-07,SBUX,85.11000061035156,88.62000274658203,84.91999816894531,88.30999755859375,81.64717864990234,9946800.0
2022-09-08,SBUX,87.30000305175781,89.4800033569336,87.16000366210938,89.45999908447266,82.7104263305664,7721100.0
2022-09-09,SBUX,89.5,89.94999694824219,88.63999938964844,88.69000244140625,81.99851989746094,7094600.0
2022-09-12,SBUX,89.7699966430664,90.37999725341797,88.54000091552734,89.06999969482422,82.349853515625,9078900.0
2022-09-13,SBUX,86.72000122070312,89.30000305175781,86.06999969482422,87.83999633789062,81.21263122558594,16033600.0
2022-09-14,SBUX,89.56999969482422,93.4800033569336,89.51000213623047,92.69999694824219,85.70596313476562,24320600.0
2022-09-15,SBUX,92.08999633789062,93.1500015258789,91.7300033569336,92.22000122070312,85.2621841430664,11052400.0
2022-09-16,SBUX,91.1500015258789,92.0999984741211,90.6500015258789,91.30999755859375,84.42085266113281,11987600.0
2022-09-19,SBUX,90.88999938964844,92.55000305175781,90.83000183105469,92.13999938964844,85.188232421875,6287000.0
2022-09-20,SBUX,91.66000366210938,92.0199966430664,90.0999984741211,90.79000091552734,83.94007873535156,6560000.0
2022-09-21,SBUX,91.29000091552734,91.5199966430664,88.56999969482422,88.5999984741211,81.9153060913086,8806800.0
2022-09-22,SBUX,88.0,88.0199966430664,84.37999725341797,84.69999694824219,78.30956268310547,9953000.0
2022-09-23,SBUX,83.9000015258789,84.44000244140625,83.2300033569336,84.16999816894531,77.81954193115234,7153200.0
2022-09-26,SBUX,84.30999755859375,86.02999877929688,84.27999877929688,84.80999755859375,78.41126251220703,7583500.0
2022-09-27,SBUX,85.97000122070312,86.5,83.16999816894531,84.27999877929688,77.9212417602539,8628800.0
2022-09-28,SBUX,84.68000030517578,87.4800033569336,84.25,87.11000061035156,80.5377197265625,7850800.0
2022-09-29,SBUX,86.80999755859375,87.33999633789062,85.61000061035156,86.56999969482422,80.03846740722656,6881500.0
2022-09-30,SBUX,86.56999969482422,86.69999694824219,84.1500015258789,84.26000213623047,77.90274047851562,7737500.0
2022-10-03,SBUX,84.75,86.22000122070312,83.80000305175781,85.62000274658203,79.16014099121094,6739900.0
2022-10-04,SBUX,87.08999633789062,88.94999694824219,86.86000061035156,88.51000213623047,81.83210754394531,5982400.0
2022-10-05,SBUX,87.7300033569336,90.63999938964844,87.55000305175781,90.12000274658203,83.32063293457031,7980800.0
2022-10-06,SBUX,90.19000244140625,90.9000015258789,89.26000213623047,89.3499984741211,82.60871887207031,6893800.0
2022-10-07,SBUX,88.54000091552734,88.9000015258789,86.30000305175781,87.02999877929688,80.4637680053711,6606400.0
2022-10-10,SBUX,87.01000213623047,87.56999969482422,86.12999725341797,87.05999755859375,80.49150085449219,5092400.0
2022-10-11,SBUX,86.70999908447266,87.19999694824219,85.63999938964844,86.20999908447266,79.70561981201172,5531300.0
2022-10-12,SBUX,87.0,88.05999755859375,86.41000366210938,86.87000274658203,80.31583404541016,5261900.0
2022-10-13,SBUX,85.08999633789062,89.97000122070312,84.70999908447266,89.37000274658203,82.62721252441406,7616600.0
2022-10-14,SBUX,90.01000213623047,90.69999694824219,86.23999786376953,86.37000274658203,79.85357666015625,6315200.0
2022-10-17,SBUX,87.9000015258789,89.22000122070312,87.80999755859375,88.9000015258789,82.19267272949219,6255300.0
2022-10-18,SBUX,90.11000061035156,90.47000122070312,88.08000183105469,88.95999908447266,82.24815368652344,5484400.0
2022-10-19,SBUX,88.38999938964844,89.12999725341797,87.01000213623047,87.5199966430664,80.91679382324219,6473400.0
2022-10-20,SBUX,87.33000183105469,88.2300033569336,86.47000122070312,86.79000091552734,80.24188232421875,4540700.0
2022-10-21,SBUX,87.0,88.97000122070312,86.55999755859375,88.61000061035156,81.92455291748047,9088800.0
2022-10-24,SBUX,86.9000015258789,87.51000213623047,82.43000030517578,83.76000213623047,77.44048309326172,16499300.0
2022-10-25,SBUX,84.0999984741211,86.0,84.0999984741211,85.20999908447266,78.78108215332031,10674000.0
2022-10-26,SBUX,85.61000061035156,88.2300033569336,85.4800033569336,85.88999938964844,79.40977478027344,9987000.0
2022-10-27,SBUX,86.12999725341797,86.4000015258789,84.08000183105469,85.27999877929688,78.84579467773438,9524600.0
2022-10-28,SBUX,85.16999816894531,87.79000091552734,84.30999755859375,87.0999984741211,80.52847290039062,8284900.0
2022-10-31,SBUX,86.5999984741211,87.56999969482422,85.94999694824219,86.58999633789062,80.05695343017578,7401100.0
2022-11-01,SBUX,88.05999755859375,88.87999725341797,86.58000183105469,87.0999984741211,80.52847290039062,6219600.0
2022-11-02,SBUX,87.2699966430664,88.58000183105469,84.52999877929688,84.58000183105469,78.19862365722656,7653200.0
2022-11-03,SBUX,84.06999969482422,85.47000122070312,82.97000122070312,84.68000030517578,78.29106140136719,8855100.0
2022-11-04,SBUX,91.9800033569336,93.5999984741211,90.5199966430664,91.86000061035156,84.92935180664062,20194300.0
2022-11-07,SBUX,91.66999816894531,92.36000061035156,89.27999877929688,90.44999694824219,83.62574005126953,10190200.0
2022-11-08,SBUX,90.91999816894531,93.77999877929688,90.91999816894531,92.75,85.75218963623047,9675500.0
2022-11-09,SBUX,91.61000061035156,92.5999984741211,91.33999633789062,91.62999725341797,85.2035903930664,6271200.0
2022-11-10,SBUX,93.88999938964844,96.41999816894531,93.33000183105469,96.26000213623047,89.50885772705078,10408400.0
2022-11-11,SBUX,96.76000213623047,98.66999816894531,96.56999969482422,97.37999725341797,90.55030822753906,8294400.0
2022-11-14,SBUX,97.12999725341797,98.55999755859375,96.69000244140625,97.41999816894531,90.5875015258789,8521100.0
2022-11-15,SBUX,98.91000366210938,99.52999877929688,97.29000091552734,97.83000183105469,90.96876525878906,6410000.0
2022-11-16,SBUX,96.5199966430664,97.95999908447266,96.26000213623047,97.06999969482422,90.26204681396484,5348900.0
2022-11-17,SBUX,95.20999908447266,97.01000213623047,95.0999984741211,96.97000122070312,90.1690673828125,5245600.0
2022-11-18,SBUX,97.75,98.3499984741211,97.12999725341797,97.94999694824219,91.08032989501953,5964800.0
2022-11-21,SBUX,96.98999786376953,98.48999786376953,96.69999694824219,98.31999969482422,91.42437744140625,4499200.0
2022-11-22,SBUX,98.5,98.7300033569336,97.5199966430664,98.43000030517578,91.52666473388672,5398600.0
2022-11-23,SBUX,98.48999786376953,100.08000183105469,98.2699966430664,99.5199966430664,92.54020690917969,5944900.0
2022-11-25,SBUX,99.63999938964844,99.87999725341797,98.5199966430664,99.55999755859375,92.57740783691406,2320000.0
2022-11-28,SBUX,98.98999786376953,100.16000366210938,98.55999755859375,98.66000366210938,91.74053192138672,5257300.0
2022-11-29,SBUX,98.95999908447266,99.33000183105469,98.19999694824219,98.66000366210938,91.74053192138672,4423900.0
2022-11-30,SBUX,99.05000305175781,102.55999755859375,98.5199966430664,102.19999694824219,95.03225708007812,15000800.0
2022-12-01,SBUX,102.33000183105469,103.55999755859375,101.94999694824219,103.37000274658203,96.12022399902344,7452300.0
2022-12-02,SBUX,102.0199966430664,105.54000091552734,101.81999969482422,105.05000305175781,97.68236541748047,7916900.0
2022-12-05,SBUX,103.38999938964844,104.23999786376953,103.0,103.55000305175781,96.28758239746094,9285800.0
2022-12-06,SBUX,103.81999969482422,104.19000244140625,101.44000244140625,102.08000183105469,94.92066955566406,8383000.0
2022-12-07,SBUX,101.29000091552734,102.97000122070312,101.05999755859375,101.87000274658203,94.72541046142578,4194300.0
2022-12-08,SBUX,102.73999786376953,103.91000366210938,102.4000015258789,103.73999786376953,96.46424102783203,5465100.0
2022-12-09,SBUX,103.43000030517578,103.5,101.75,101.79000091552734,94.65101623535156,7999600.0
2022-12-12,SBUX,101.12999725341797,102.8499984741211,100.81999969482422,102.69999694824219,95.4971923828125,5796000.0
2022-12-13,SBUX,104.81999969482422,105.19999694824219,100.98999786376953,102.11000061035156,94.94857025146484,7066000.0
2022-12-14,SBUX,102.31999969482422,103.30000305175781,100.69999694824219,102.19000244140625,95.02296447753906,5624000.0
2022-12-15,SBUX,101.20999908447266,101.55000305175781,99.44999694824219,99.98999786376953,92.97725677490234,7244400.0
2022-12-16,SBUX,99.27999877929688,99.54000091552734,98.0199966430664,98.83000183105469,91.89862060546875,13862300.0
2022-12-19,SBUX,98.43000030517578,98.80999755859375,97.7300033569336,98.30000305175781,91.40579223632812,5771100.0
2022-12-20,SBUX,98.19000244140625,98.58000183105469,97.2699966430664,98.0,91.12682342529297,4533500.0
2022-12-21,SBUX,96.72000122070312,99.06999969482422,96.3499984741211,98.66999816894531,91.74982452392578,5566300.0
2022-12-22,SBUX,98.44999694824219,98.55999755859375,96.16999816894531,97.76000213623047,90.90365600585938,4756900.0
2022-12-23,SBUX,97.58999633789062,98.30000305175781,96.87999725341797,98.2699966430664,91.37787628173828,3944500.0
2022-12-27,SBUX,98.56999969482422,99.45999908447266,98.20999908447266,99.19999694824219,92.24266052246094,4402500.0
2022-12-28,SBUX,99.41000366210938,99.91000366210938,98.38999938964844,98.5999984741211,91.68473815917969,3491500.0
2022-12-29,SBUX,99.0,100.6500015258789,98.66999816894531,99.7699966430664,92.77268981933594,3976100.0
2022-12-30,SBUX,99.19000244140625,99.25,98.23999786376953,99.19999694824219,92.24266052246094,3988900.0
2023-01-03,SBUX,100.55999755859375,101.16999816894531,99.47000122070312,100.83000183105469,93.75834655761719,6607700.0
2023-01-04,SBUX,102.69000244140625,104.7300033569336,102.55000305175781,104.45999908447266,97.13375091552734,8166600.0
2023-01-05,SBUX,104.48999786376953,105.0999984741211,103.48999786376953,104.43000030517578,97.10587310791016,5575100.0
2023-01-06,SBUX,105.37999725341797,107.0,105.01000213623047,106.69000244140625,99.20736694335938,9644100.0
2023-01-09,SBUX,106.5199966430664,106.68000030517578,104.43000030517578,104.73999786376953,97.39411163330078,10124800.0
2023-01-10,SBUX,104.36000061035156,106.43000030517578,104.16999816894531,106.0,98.56574249267578,4183600.0
2023-01-11,SBUX,105.80999755859375,106.44000244140625,104.86000061035156,106.30000305175781,98.8447036743164,5634400.0
2023-01-12,SBUX,106.29000091552734,106.44000244140625,105.16999816894531,105.8499984741211,98.42628479003906,4882000.0
2023-01-13,SBUX,105.06999969482422,107.30000305175781,105.06999969482422,107.2300033569336,99.70948791503906,5529700.0
2023-01-17,SBUX,106.94999694824219,107.5999984741211,106.30999755859375,106.75,99.26314544677734,7477200.0
2023-01-18,SBUX,107.13999938964844,107.47000122070312,104.91000366210938,105.0,97.63589477539062,5725800.0
2023-01-19,SBUX,105.0,105.69999694824219,104.23999786376953,104.26000213623047,96.94778442382812,5115800.0
2023-01-20,SBUX,104.4000015258789,105.19999694824219,103.88999938964844,105.04000091552734,97.67308807373047,6543500.0
2023-01-23,SBUX,105.04000091552734,106.88999938964844,104.4000015258789,106.20999908447266,98.76103210449219,6320500.0
2023-01-24,SBUX,106.4000015258789,106.87000274658203,105.41000366210938,106.63999938964844,99.16085052490234,5517200.0
2023-01-25,SBUX,106.05999755859375,107.13999938964844,105.9000015258789,106.9800033569336,99.47702026367188,5416900.0
2023-01-26,SBUX,107.30000305175781,108.80000305175781,107.05999755859375,108.76000213623047,101.13218688964844,6324100.0
2023-01-27,SBUX,108.73999786376953,109.76000213623047,108.33999633789062,109.0199966430664,101.37394714355469,6851100.0
2023-01-30,SBUX,108.26000213623047,108.87000274658203,107.41999816894531,108.4000015258789,100.79743194580078,6880700.0
2023-01-31,SBUX,108.26000213623047,109.1500015258789,107.5,109.13999938964844,101.48553466796875,5816300.0
2023-02-01,SBUX,108.97000122070312,110.77999877929688,107.9800033569336,109.98999786376953,102.27591705322266,5841200.0
2023-02-02,SBUX,110.04000091552734,110.83000183105469,108.0,109.1500015258789,101.49482727050781,9852900.0
2023-02-03,SBUX,104.58000183105469,106.44000244140625,103.04000091552734,104.30000305175781,96.9849853515625,15200500.0
2023-02-06,SBUX,104.0,106.16999816894531,103.30000305175781,105.0199966430664,97.65449523925781,6392200.0
2023-02-07,SBUX,104.83000183105469,107.37999725341797,104.55999755859375,106.83000183105469,99.33753967285156,6207500.0
2023-02-08,SBUX,106.31999969482422,106.54000091552734,105.6500015258789,106.30000305175781,98.8447036743164,5557500.0
2023-02-09,SBUX,105.7300033569336,106.61000061035156,105.5999984741211,106.05000305175781,99.10638427734375,5608400.0
2023-02-10,SBUX,105.5199966430664,107.26000213623047,105.47000122070312,107.08999633789062,100.07827758789062,6298600.0
2023-02-13,SBUX,107.44999694824219,108.93000030517578,107.27999877929688,108.5199966430664,101.41463470458984,5192400.0
2023-02-14,SBUX,107.93000030517578,108.47000122070312,106.69999694824219,107.9800033569336,100.9100112915039,5109400.0
2023-02-15,SBUX,107.5,109.0,107.26000213623047,109.0,101.86323547363281,4059100.0
2023-02-16,SBUX,107.76000213623047,109.0999984741211,107.41000366210938,107.54000091552734,100.49881744384766,4596800.0
2023-02-17,SBUX,106.73999786376953,107.45999908447266,106.2300033569336,107.0999984741211,100.08763122558594,6876400.0
2023-02-21,SBUX,105.5,105.94999694824219,104.70999908447266,104.77999877929688,97.91951751708984,5438000.0
2023-02-22,SBUX,105.41000366210938,105.94000244140625,104.38999938964844,104.7699966430664,97.9101791381836,7523700.0
2023-02-23,SBUX,105.51000213623047,105.51000213623047,102.62999725341797,103.51000213623047,96.73268127441406,6857900.0
2023-02-24,SBUX,102.6500015258789,102.72000122070312,100.81999969482422,101.5999984741211,94.9477310180664,6019700.0
2023-02-27,SBUX,102.33000183105469,103.30000305175781,102.1500015258789,102.44000244140625,95.73274993896484,5235100.0
2023-02-28,SBUX,101.98999786376953,102.94999694824219,101.9000015258789,102.08999633789062,95.40564727783203,5186500.0
2023-03-01,SBUX,102.19000244140625,102.33000183105469,100.91000366210938,101.43000030517578,94.78887176513672,5382200.0
2023-03-02,SBUX,101.27999877929688,103.16999816894531,100.94000244140625,103.01000213623047,96.26541137695312,4777600.0
2023-03-03,SBUX,103.4000015258789,104.69000244140625,103.01000213623047,104.55000305175781,97.70459747314453,4882100.0
2023-03-06,SBUX,104.44999694824219,105.94000244140625,104.44000244140625,104.98999786376953,98.11576843261719,5237100.0
2023-03-07,SBUX,104.98999786376953,105.68000030517578,103.12000274658203,103.33999633789062,96.57380676269531,3976300.0
2023-03-08,SBUX,102.9000015258789,103.0199966430664,101.7300033569336,102.5,95.78880310058594,4225500.0
2023-03-09,SBUX,102.73999786376953,102.75,99.95999908447266,100.30000305175781,93.73287200927734,5732300.0
2023-03-10,SBUX,100.62000274658203,101.23999786376953,99.02999877929688,99.37999725341797,92.87308502197266,6641900.0
2023-03-13,SBUX,98.91000366210938,100.19999694824219,98.37000274658203,99.08000183105469,92.59274291992188,6408200.0
2023-03-14,SBUX,100.11000061035156,100.37999725341797,98.47000122070312,99.45999908447266,92.94786834716797,6248800.0
2023-03-15,SBUX,98.4000015258789,99.37000274658203,97.27999877929688,99.33999633789062,92.83570861816406,6603300.0
2023-03-16,SBUX,99.13999938964844,100.70999908447266,99.02999877929688,100.43000030517578,93.8543472290039,8188600.0
2023-03-17,SBUX,99.06999969482422,99.29000091552734,97.83999633789062,98.69999694824219,92.23760986328125,10189700.0
2023-03-20,SBUX,99.0999984741211,100.22000122070312,98.93000030517578,99.8499984741211,93.31232452392578,4864000.0
2023-03-21,SBUX,100.51000213623047,101.19000244140625,100.13999938964844,100.54000091552734,93.95713806152344,4743700.0
2023-03-22,SBUX,100.69000244140625,101.4800033569336,99.05999755859375,99.12000274658203,92.6301040649414,5917700.0
2023-03-23,SBUX,99.33999633789062,100.12999725341797,97.5199966430664,98.41999816894531,91.9759521484375,6879200.0
2023-03-24,SBUX,98.22000122070312,98.43000030517578,97.19000244140625,98.33999633789062,91.90117645263672,4685400.0
2023-03-27,SBUX,98.91999816894531,99.72000122070312,98.58000183105469,98.66000366210938,92.20023345947266,6022200.0
2023-03-28,SBUX,98.13999938964844,98.91000366210938,98.08000183105469,98.72000122070312,92.25630950927734,4709800.0
2023-03-29,SBUX,99.33000183105469,100.69000244140625,98.73999786376953,100.62000274658203,94.03190612792969,4946600.0
2023-03-30,SBUX,101.44000244140625,101.69999694824219,100.6500015258789,101.31999969482422,94.68606567382812,4082600.0
2023-03-31,SBUX,101.83999633789062,104.27999877929688,101.83999633789062,104.12999725341797,97.31208038330078,6900100.0
2023-04-03,SBUX,104.05999755859375,104.94000244140625,103.66999816894531,104.8499984741211,97.98493957519531,3855400.0
2023-04-04,SBUX,104.8499984741211,105.01000213623047,103.3499984741211,104.0,97.19060516357422,3854400.0
2023-04-05,SBUX,103.9800033569336,105.69999694824219,103.93000030517578,104.9000015258789,98.03166961669922,5170900.0
2023-04-06,SBUX,104.9000015258789,105.16000366210938,104.0199966430664,104.68000030517578,97.82606506347656,3155700.0
2023-04-10,SBUX,103.55000305175781,104.81999969482422,103.06999969482422,104.73999786376953,97.88214874267578,3761600.0
2023-04-11,SBUX,105.05999755859375,106.4000015258789,104.91999816894531,105.73999786376953,98.8166732788086,4010600.0
2023-04-12,SBUX,106.23999786376953,106.58000183105469,105.3499984741211,105.5999984741211,98.68583679199219,4606000.0
2023-04-13,SBUX,106.37999725341797,107.2300033569336,106.25,106.98999786376953,99.98482513427734,4367600.0
2023-04-14,SBUX,106.91000366210938,108.16999816894531,106.8499984741211,107.47000122070312,100.43339538574219,3963300.0
2023-04-17,SBUX,107.95999908447266,108.6500015258789,107.55999755859375,108.30999755859375,101.21839141845703,4780700.0
2023-04-18,SBUX,108.87000274658203,109.2300033569336,107.7300033569336,107.91000366210938,100.84459686279297,5300500.0
2023-04-19,SBUX,107.69000244140625,107.86000061035156,107.08000183105469,107.16000366210938,100.14370727539062,4617800.0
2023-04-20,SBUX,106.19000244140625,107.58000183105469,106.19000244140625,107.05000305175781,100.04090881347656,4297200.0
2023-04-21,SBUX,107.30000305175781,108.77999877929688,106.66000366210938,108.19000244140625,101.10625457763672,4522800.0
2023-04-24,SBUX,108.19000244140625,109.29000091552734,108.04000091552734,109.29000091552734,102.13423156738281,5940700.0
2023-04-25,SBUX,108.91000366210938,111.11000061035156,108.83000183105469,109.33999633789062,102.18095397949219,8747100.0
2023-04-26,SBUX,109.01000213623047,112.33000183105469,109.01000213623047,111.47000122070312,104.17150115966797,8081600.0
2023-04-27,SBUX,111.38999938964844,112.87999725341797,111.18000030517578,112.75,105.36769104003906,7618500.0
2023-04-28,SBUX,112.41999816894531,114.30999755859375,112.29000091552734,114.29000091552734,106.80686950683594,5979300.0
2023-05-01,SBUX,114.25,115.4800033569336,114.25,114.55999755859375,107.05917358398438,6495900.0
2023-05-02,SBUX,114.48999786376953,114.55999755859375,112.8499984741211,114.45999908447266,106.9657211303711,9626400.0
2023-05-03,SBUX,109.08000183105469,109.72000122070312,103.80000305175781,103.95999908447266,97.15321350097656,24388600.0
2023-05-04,SBUX,104.2699966430664,105.66999816894531,103.80000305175781,104.72000122070312,97.86346435546875,8858100.0
2023-05-05,SBUX,105.55000305175781,107.4800033569336,105.37999725341797,107.20999908447266,100.19042205810547,7813800.0
2023-05-08,SBUX,107.47000122070312,108.12000274658203,106.93000030517578,107.16999816894531,100.15304565429688,6090700.0
2023-05-09,SBUX,106.98999786376953,107.18000030517578,106.4000015258789,106.70999908447266,99.72317504882812,3682400.0
2023-05-10,SBUX,107.16000366210938,108.11000061035156,105.68000030517578,106.97000122070312,99.96612548828125,4565000.0
2023-05-11,SBUX,106.44000244140625,106.76000213623047,105.12000274658203,105.62999725341797,99.20539855957031,4791700.0
2023-05-12,SBUX,105.76000213623047,106.22000122070312,104.83000183105469,106.12000274658203,99.66559600830078,5175600.0
2023-05-15,SBUX,106.11000061035156,106.76000213623047,105.61000061035156,106.63999938964844,100.15396881103516,4217000.0
2023-05-16,SBUX,106.41000366210938,106.55999755859375,105.19999694824219,105.27999877929688,98.87667846679688,3676600.0
2023-05-17,SBUX,105.95999908447266,106.54000091552734,104.94999694824219,105.69000244140625,99.26174926757812,4757300.0
2023-05-18,SBUX,105.41999816894531,107.13999938964844,105.19999694824219,107.08999633789062,100.57659912109375,5377500.0
2023-05-19,SBUX,107.0,107.1500015258789,105.31999969482422,105.51000213623047,99.09269714355469,4985200.0
2023-05-22,SBUX,105.5199966430664,105.69999694824219,102.7699966430664,102.9000015258789,96.64144134521484,7504300.0
2023-05-23,SBUX,102.12000274658203,102.13999938964844,100.08000183105469,100.33999633789062,94.23713684082031,6766300.0
2023-05-24,SBUX,100.80000305175781,100.80999755859375,99.11000061035156,99.61000061035156,93.55154418945312,6134800.0
2023-05-25,SBUX,98.69999694824219,98.9000015258789,97.7300033569336,98.44000244140625,92.45272064208984,8177000.0
2023-05-26,SBUX,98.62999725341797,99.61000061035156,98.33000183105469,98.52999877929688,92.53722381591797,7276500.0
2023-05-30,SBUX,98.88999938964844,98.95999908447266,97.30999755859375,97.75,91.80467987060547,6505400.0
2023-05-31,SBUX,98.02999877929688,98.08000183105469,96.9800033569336,97.63999938964844,91.70135498046875,10377100.0
2023-06-01,SBUX,97.58999633789062,98.2300033569336,96.5199966430664,97.5199966430664,91.58866119384766,6752200.0
2023-06-02,SBUX,98.30999755859375,99.66000366210938,98.19000244140625,99.5,93.44823455810547,6221400.0
2023-06-05,SBUX,100.04000091552734,100.87000274658203,99.5,99.93000030517578,93.85208129882812,6536500.0
2023-06-06,SBUX,99.73999786376953,100.33000183105469,97.52999877929688,98.22000122070312,92.24608612060547,8657100.0
2023-06-07,SBUX,98.55000305175781,98.86000061035156,97.58999633789062,97.91999816894531,91.96434020996094,6285600.0
2023-06-08,SBUX,97.6500015258789,99.18000030517578,96.91999816894531,99.1500015258789,93.11952209472656,6877800.0
2023-06-09,SBUX,98.80000305175781,98.95999908447266,97.63999938964844,97.95999908447266,92.00190734863281,5550800.0
2023-06-12,SBUX,97.95999908447266,98.51000213623047,97.5199966430664,98.45999908447266,92.47148895263672,6705800.0
2023-06-13,SBUX,98.51000213623047,99.47000122070312,98.51000213623047,99.26000213623047,93.22283935546875,5137900.0
2023-06-14,SBUX,99.55999755859375,101.36000061035156,99.19000244140625,100.66000366210938,94.5376968383789,9279500.0
2023-06-15,SBUX,101.33999633789062,101.98999786376953,100.66000366210938,101.37999725341797,95.21388244628906,6448200.0
2023-06-16,SBUX,102.01000213623047,102.51000213623047,101.4800033569336,101.87000274658203,95.6740951538086,11709200.0
2023-06-20,SBUX,101.86000061035156,102.48999786376953,100.9000015258789,101.2699966430664,95.11058044433594,5506400.0
2023-06-21,SBUX,100.5999984741211,102.45999908447266,100.36000061035156,101.87000274658203,95.6740951538086,5508800.0
2023-06-22,SBUX,101.41999816894531,101.63999938964844,99.63999938964844,100.8499984741211,94.71611785888672,6125500.0
2023-06-23,SBUX,99.6500015258789,99.7300033569336,97.5199966430664,98.33999633789062,92.3587875366211,18770100.0
2023-06-26,SBUX,98.33999633789062,98.7699966430664,97.4800033569336,98.2300033569336,92.2554702758789,6069000.0
2023-06-27,SBUX,98.38999938964844,99.05999755859375,97.7300033569336,98.72000122070312,92.71568298339844,5034100.0
2023-06-28,SBUX,98.63999938964844,98.63999938964844,97.30000305175781,98.61000061035156,92.61238098144531,6581900.0
2023-06-29,SBUX,98.61000061035156,98.83000183105469,97.9800033569336,98.68000030517578,92.67811584472656,5113500.0
2023-06-30,SBUX,99.4000015258789,99.45999908447266,98.54000091552734,99.05999755859375,93.03500366210938,6229900.0
2023-07-03,SBUX,98.7300033569336,99.56999969482422,98.25,99.1500015258789,93.11952209472656,3287000.0
2023-07-05,SBUX,99.1500015258789,99.33000183105469,98.29000091552734,98.45999908447266,92.47148895263672,6365400.0
2023-07-06,SBUX,97.86000061035156,98.06999969482422,95.91000366210938,96.19999694824219,90.34895324707031,7153300.0
2023-07-07,SBUX,95.98999786376953,96.66000366210938,95.55000305175781,96.05000305175781,90.20808410644531,7889500.0
2023-07-10,SBUX,96.30000305175781,99.52999877929688,96.2300033569336,99.12999725341797,93.10075378417969,9294600.0
2023-07-11,SBUX,99.44000244140625,100.2300033569336,99.13999938964844,100.08999633789062,94.0023422241211,5268000.0
2023-07-12,SBUX,101.41999816894531,101.83000183105469,100.76000213623047,101.13999938964844,94.98847961425781,6971900.0
2023-07-13,SBUX,101.51000213623047,102.19999694824219,101.30000305175781,101.5999984741211,95.42050170898438,4511700.0
2023-07-14,SBUX,101.7699966430664,102.08000183105469,100.98999786376953,101.61000061035156,95.42990112304688,3939800.0
2023-07-17,SBUX,100.83000183105469,101.80999755859375,100.04000091552734,100.93000030517578,94.791259765625,5244500.0
2023-07-18,SBUX,100.73999786376953,101.41999816894531,99.86000061035156,100.76000213623047,94.63160705566406,5989000.0
2023-07-19,SBUX,100.62000274658203,101.9800033569336,100.62000274658203,101.83000183105469,95.63652038574219,5556200.0
2023-07-20,SBUX,101.77999877929688,102.4800033569336,100.69999694824219,100.87999725341797,94.74430847167969,5466100.0
2023-07-21,SBUX,101.80000305175781,103.55000305175781,101.61000061035156,102.81999969482422,96.56631469726562,20370300.0
2023-07-24,SBUX,102.87999725341797,103.41000366210938,102.31999969482422,102.77999877929688,96.52873992919922,4746600.0
2023-07-25,SBUX,102.43000030517578,103.7699966430664,102.33000183105469,102.91999816894531,96.66022491455078,5627500.0
2023-07-26,SBUX,102.20999908447266,102.66999816894531,101.30000305175781,101.7300033569336,95.54261016845703,6568300.0
2023-07-27,SBUX,102.02999877929688,102.43000030517578,100.54000091552734,100.77999877929688,94.65038299560547,5373400.0
2023-07-28,SBUX,101.5,101.83000183105469,100.80999755859375,101.25,95.09180450439453,5320700.0
2023-07-31,SBUX,101.30999755859375,101.83000183105469,100.86000061035156,101.56999969482422,95.392333984375,6377400.0
2023-08-01,SBUX,101.47000122070312,101.70999908447266,100.4000015258789,101.26000213623047,95.1011962890625,7784300.0
2023-08-02,SBUX,100.5,104.45999908447266,99.29000091552734,102.12999725341797,95.91827392578125,14463100.0
2023-08-03,SBUX,101.97000122070312,102.9000015258789,101.44999694824219,102.33000183105469,96.10610961914062,5547500.0
2023-08-04,SBUX,102.95999908447266,103.1500015258789,100.5199966430664,100.68000030517578,94.55645751953125,5199200.0
2023-08-07,SBUX,101.41999816894531,101.86000061035156,100.94000244140625,101.73999786376953,95.55199432373047,5222700.0
2023-08-08,SBUX,101.22000122070312,101.41999816894531,99.88999938964844,100.69999694824219,94.57524871826172,4058400.0
2023-08-09,SBUX,101.0,101.58000183105469,99.47000122070312,99.91999816894531,93.84268188476562,4494300.0
2023-08-10,SBUX,100.54000091552734,102.37000274658203,100.4000015258789,101.66000366210938,95.98600006103516,6844200.0
2023-08-11,SBUX,101.4000015258789,101.4000015258789,100.13999938964844,100.98999786376953,95.3533935546875,3180600.0
2023-08-14,SBUX,100.4800033569336,101.22000122070312,100.19999694824219,101.01000213623047,95.37226867675781,3239300.0
2023-08-15,SBUX,100.12999725341797,100.6500015258789,99.77999877929688,100.04000091552734,94.4564208984375,3203700.0
2023-08-16,SBUX,99.61000061035156,100.08999633789062,98.88999938964844,98.9800033569336,93.45557403564453,3679500.0
2023-08-17,SBUX,99.0,99.0999984741211,96.43000030517578,96.56999969482422,91.1800765991211,5291100.0
2023-08-18,SBUX,96.01000213623047,97.48999786376953,95.79000091552734,97.2300033569336,91.80325317382812,4126000.0
2023-08-21,SBUX,97.31999969482422,97.56999969482422,96.16000366210938,96.45999908447266,91.07622528076172,3753200.0
2023-08-22,SBUX,96.48999786376953,96.73999786376953,95.5999984741211,96.06999969482422,90.70799255371094,3639800.0
2023-08-23,SBUX,96.41999816894531,96.55999755859375,94.01000213623047,95.18000030517578,89.86767578125,9704500.0
2023-08-24,SBUX,94.75,95.62999725341797,93.70999908447266,94.83000183105469,89.53720092773438,7824500.0
2023-08-25,SBUX,95.54000091552734,95.95999908447266,94.51000213623047,95.4800033569336,90.15091705322266,5360400.0
2023-08-28,SBUX,95.94000244140625,97.19999694824219,95.83000183105469,97.04000091552734,91.62386322021484,5098900.0
2023-08-29,SBUX,97.36000061035156,99.2300033569336,97.33999633789062,99.1500015258789,93.61608123779297,5512300.0
2023-08-30,SBUX,99.0199966430664,99.72000122070312,99.0,99.23999786376953,93.70105743408203,4212200.0
2023-08-31,SBUX,99.0,99.33000183105469,97.27999877929688,97.44000244140625,92.00152587890625,5624500.0
2023-09-01,SBUX,98.4000015258789,98.75,97.04000091552734,98.0,92.5302734375,4747100.0
2023-09-05,SBUX,97.5199966430664,97.80999755859375,96.58999633789062,96.83999633789062,91.43500518798828,5414300.0
2023-09-06,SBUX,96.41999816894531,96.55000305175781,95.37000274658203,95.94999694824219,90.59468078613281,5428400.0
2023-09-07,SBUX,95.48999786376953,95.81999969482422,95.0199966430664,95.0999984741211,89.79212951660156,6404100.0
2023-09-08,SBUX,95.25,95.8499984741211,94.75,95.27999877929688,89.96208190917969,4754700.0
2023-09-11,SBUX,95.6500015258789,96.2300033569336,95.22000122070312,95.66999816894531,90.33030700683594,5577500.0
2023-09-12,SBUX,95.5,96.51000213623047,95.19999694824219,96.23999786376953,90.86849975585938,5007600.0
2023-09-13,SBUX,96.19999694824219,97.30000305175781,96.04000091552734,96.93000030517578,91.51998901367188,5830200.0
2023-09-14,SBUX,96.7699966430664,97.77999877929688,96.25,97.16000366210938,91.7371597290039,6039700.0
2023-09-15,SBUX,97.25,97.47000122070312,96.05000305175781,96.2300033569336,90.85906219482422,8767600.0
2023-09-18,SBUX,96.30000305175781,96.97000122070312,96.08999633789062,96.76000213623047,91.35948181152344,4477500.0
2023-09-19,SBUX,95.20999908447266,95.47000122070312,94.2699966430664,95.29000091552734,89.97152709960938,6803000.0
2023-09-20,SBUX,95.44999694824219,96.62000274658203,95.05000305175781,95.16000366210938,89.8487777709961,4572100.0
2023-09-21,SBUX,95.16000366210938,95.31999969482422,93.02999877929688,93.0999984741211,87.90375518798828,6108800.0
2023-09-22,SBUX,93.43000030517578,94.33999633789062,93.37000274658203,93.68000030517578,88.45140075683594,5118900.0
2023-09-25,SBUX,92.88999938964844,93.47000122070312,92.25,92.73999786376953,87.5638427734375,4818800.0
2023-09-26,SBUX,92.0,92.48999786376953,91.18000030517578,92.0,86.86515045166016,6086600.0
2023-09-27,SBUX,92.45999908447266,92.7300033569336,90.37999725341797,91.16999816894531,86.08146667480469,4731500.0
2023-09-28,SBUX,91.16999816894531,91.38999938964844,90.20999908447266,91.08000183105469,85.99650573730469,4736300.0
2023-09-29,SBUX,92.61000061035156,93.05999755859375,90.83999633789062,91.2699966430664,86.17588806152344,7700200.0
2023-10-02,SBUX,91.05000305175781,91.73999786376953,90.79000091552734,91.12999725341797,86.043701171875,6430500.0
2023-10-03,SBUX,90.5,91.06999969482422,89.20999908447266,89.4800033569336,84.48580169677734,6666600.0
2023-10-04,SBUX,89.88999938964844,91.43000030517578,89.80999755859375,91.1500015258789,86.0625991821289,6166100.0
2023-10-05,SBUX,91.13999938964844,93.05000305175781,91.13999938964844,92.37000274658203,87.21450805664062,7548600.0
2023-10-06,SBUX,92.0,93.33999633789062,91.68000030517578,92.8499984741211,87.66770935058594,6979300.0
2023-10-09,SBUX,92.44999694824219,92.79000091552734,91.43000030517578,92.68000030517578,87.50719451904297,4120700.0
2023-10-10,SBUX,92.95999908447266,93.97000122070312,92.87000274658203,93.18000030517578,87.97929382324219,4974800.0
2023-10-11,SBUX,93.29000091552734,93.62999725341797,91.8499984741211,91.94999694824219,86.81793975830078,4499200.0
2023-10-12,SBUX,91.83999633789062,92.25,90.7699966430664,91.41999816894531,86.3175277709961,5485200.0
2023-10-13,SBUX,91.27999877929688,92.05999755859375,91.05000305175781,91.4800033569336,86.37416076660156,4780100.0
2023-10-16,SBUX,92.16999816894531,93.86000061035156,91.8499984741211,93.6500015258789,88.42306518554688,4595900.0
2023-10-17,SBUX,92.75,94.19000244140625,92.62999725341797,94.18000030517578,88.9234848022461,6086700.0
2023-10-18,SBUX,93.94000244140625,94.52999877929688,93.5,93.75,88.51747131347656,4110700.0
2023-10-19,SBUX,94.37000274658203,95.66000366210938,94.16999816894531,94.41999816894531,89.15007019042969,5610800.0
2023-10-20,SBUX,94.62000274658203,95.08999633789062,94.13999938964844,94.19000244140625,88.93292236328125,4699000.0
2023-10-23,SBUX,93.93000030517578,95.02999877929688,93.29000091552734,94.19999694824219,88.9423599243164,4481000.0
2023-10-24,SBUX,94.27999877929688,94.9800033569336,94.05999755859375,94.62000274658203,89.33892822265625,3600200.0
2023-10-25,SBUX,94.31999969482422,95.36000061035156,93.97000122070312,94.0,88.75352478027344,5497300.0
2023-10-26,SBUX,93.80999755859375,94.4800033569336,92.5999984741211,92.66999816894531,87.49776458740234,6201700.0
2023-10-27,SBUX,92.63999938964844,93.7300033569336,91.7699966430664,92.0199966430664,86.884033203125,8293600.0
2023-10-30,SBUX,93.12000274658203,93.70999908447266,92.72000122070312,93.1500015258789,87.95097351074219,7852700.0
2023-10-31,SBUX,93.16999816894531,93.31999969482422,92.0,92.23999786376953,87.09175872802734,9308300.0
2023-11-01,SBUX,91.83000183105469,91.86000061035156,90.55000305175781,91.3499984741211,86.25142669677734,14292500.0
2023-11-02,SBUX,100.98999786376953,101.91999816894531,99.73999786376953,100.01000213623047,94.42808532714844,23396300.0
2023-11-03,SBUX,100.62000274658203,103.7699966430664,100.5,102.6500015258789,96.92073059082031,15995700.0
2023-11-06,SBUX,102.87000274658203,104.08999633789062,101.97000122070312,104.02999877929688,98.22371673583984,7532000.0
2023-11-07,SBUX,104.2300033569336,104.38999938964844,103.33000183105469,103.68000030517578,97.89324951171875,6239500.0
2023-11-08,SBUX,103.73999786376953,104.81999969482422,103.6500015258789,104.30000305175781,98.4786376953125,7453000.0
2023-11-09,SBUX,104.30000305175781,104.45999908447266,102.02999877929688,102.2300033569336,97.0545883178711,7607000.0
2023-11-10,SBUX,102.5999984741211,104.3499984741211,101.9800033569336,104.33000183105469,99.04827880859375,7338500.0
2023-11-13,SBUX,103.91999816894531,104.2300033569336,102.95999908447266,103.51000213623047,98.26978302001953,7120800.0
2023-11-14,SBUX,104.4800033569336,105.81999969482422,104.23999786376953,105.5999984741211,100.25397491455078,8323000.0
2023-11-15,SBUX,105.66000366210938,106.54000091552734,105.66000366210938,106.02999877929688,100.66222381591797,7980200.0
2023-11-16,SBUX,106.27999877929688,107.66000366210938,106.19999694824219,107.20999908447266,101.782470703125,8037200.0
2023-11-17,SBUX,107.18000030517578,107.5,105.4800033569336,105.56999969482422,100.2254867553711,6341800.0
2023-11-20,SBUX,105.20999908447266,105.47000122070312,103.86000061035156,104.30000305175781,99.01979064941406,9799500.0
2023-11-21,SBUX,104.44999694824219,104.68000030517578,103.16999816894531,103.69000244140625,98.440673828125,6149000.0
2023-11-22,SBUX,104.16000366210938,104.68000030517578,103.27999877929688,103.44000244140625,98.20333099365234,4828700.0
2023-11-24,SBUX,103.44000244140625,103.5999984741211,102.47000122070312,102.77999877929688,97.57675170898438,3206400.0
2023-11-27,SBUX,102.29000091552734,103.08999633789062,102.06999969482422,102.36000061035156,97.17800903320312,7853600.0
2023-11-28,SBUX,101.95999908447266,102.05000305175781,100.88999938964844,101.18000030517578,96.05775451660156,6848100.0
2023-11-29,SBUX,101.51000213623047,101.69000244140625,99.52999877929688,99.8499984741211,94.7950668334961,8428500.0
2023-11-30,SBUX,100.05999755859375,100.12000274658203,98.41999816894531,99.30000305175781,94.27291870117188,11442600.0
2023-12-01,SBUX,98.5,99.27999877929688,97.5199966430664,99.19999694824219,94.177978515625,12506500.0
2023-12-04,SBUX,98.38999938964844,98.87999725341797,96.7699966430664,97.5999984741211,92.65898895263672,11477400.0
2023-12-05,SBUX,97.37999725341797,97.4800033569336,94.8499984741211,95.54000091552734,90.70326232910156,16027300.0
2023-12-06,SBUX,95.94999694824219,97.16999816894531,95.47000122070312,97.0199966430664,92.10832977294922,12115000.0
2023-12-07,SBUX,97.25,97.69999694824219,96.2699966430664,96.44000244140625,91.55770111083984,7858300.0
2023-12-08,SBUX,96.08000183105469,96.86000061035156,95.80999755859375,96.61000061035156,91.71910095214844,7125200.0
2023-12-11,SBUX,97.22000122070312,99.01000213623047,97.22000122070312,98.12000274658203,93.15266418457031,7639100.0
2023-12-12,SBUX,98.44000244140625,98.5999984741211,97.43000030517578,98.1500015258789,93.18115234375,6313800.0
2023-12-13,SBUX,98.5,98.63999938964844,96.81999969482422,98.11000061035156,93.14317321777344,7741900.0
2023-12-14,SBUX,98.72000122070312,98.79000091552734,97.1500015258789,97.83999633789062,92.88682556152344,9764800.0
2023-12-15,SBUX,97.83999633789062,98.23999786376953,96.55999755859375,96.75,91.85201263427734,12466000.0
2023-12-18,SBUX,97.23999786376953,97.31999969482422,95.91999816894531,96.55999755859375,91.67162322998047,6146400.0
2023-12-19,SBUX,96.94000244140625,98.05000305175781,96.94000244140625,97.72000122070312,92.77290344238281,5992900.0
2023-12-20,SBUX,96.36000061035156,96.87999725341797,94.6500015258789,94.70999908447266,89.915283203125,10057400.0
2023-12-21,SBUX,95.08000183105469,95.44000244140625,94.47000122070312,95.33000183105469,90.50390625,7097200.0
2023-12-22,SBUX,94.88999938964844,95.83000183105469,94.33999633789062,95.27999877929688,90.45642852783203,6361000.0
2023-12-26,SBUX,95.33999633789062,95.69000244140625,94.95999908447266,95.66999816894531,90.8266830444336,3709500.0
2023-12-27,SBUX,95.69000244140625,95.77999877929688,94.79000091552734,95.29000091552734,90.46592712402344,4959300.0
2023-12-28,SBUX,95.5,95.97000122070312,95.11000061035156,95.93000030517578,91.07352447509766,4518300.0
2023-12-29,SBUX,95.87999725341797,96.3499984741211,95.3499984741211,96.01000213623047,91.14947509765625,6135700.0
2024-01-02,SBUX,95.44999694824219,95.94999694824219,93.62000274658203,93.66999816894531,88.92792510986328,8859700.0
2024-01-03,SBUX,93.95999908447266,94.23999786376953,93.05999755859375,93.2300033569336,88.51021575927734,7161700.0
2024-01-04,SBUX,93.0999984741211,94.58000183105469,93.0,93.55000305175781,88.81402587890625,7118600.0
2024-01-05,SBUX,93.33000183105469,93.58000183105469,92.4800033569336,92.98999786376953,88.28236389160156,7191000.0
2024-01-08,SBUX,93.0199966430664,94.56999969482422,92.94999694824219,94.19000244140625,89.42161560058594,7536900.0
2024-01-09,SBUX,93.61000061035156,93.7300033569336,92.86000061035156,93.08999633789062,88.3772964477539,6348500.0
2024-01-10,SBUX,93.01000213623047,93.69000244140625,92.87999725341797,93.5,88.76654052734375,5847700.0
2024-01-11,SBUX,93.33000183105469,93.63999938964844,91.9000015258789,92.94000244140625,88.2348861694336,6483600.0
2024-01-12,SBUX,93.2300033569336,93.4000015258789,91.7699966430664,91.9800033569336,87.323486328125,5641200.0
2024-01-16,SBUX,92.66000366210938,92.7300033569336,91.7300033569336,92.69999694824219,88.00704956054688,7493400.0
2024-01-17,SBUX,91.66000366210938,91.95999908447266,91.4000015258789,91.7699966430664,87.12411499023438,6672900.0
2024-01-18,SBUX,91.95999908447266,93.43000030517578,91.81999969482422,93.33999633789062,88.61463928222656,7549500.0
2024-01-19,SBUX,93.18000030517578,94.23999786376953,92.63999938964844,93.86000061035156,89.10830688476562,9565900.0
2024-01-22,SBUX,93.80000305175781,93.91999816894531,92.80999755859375,93.06999969482422,88.35832214355469,9421000.0
2024-01-23,SBUX,93.02999877929688,93.6500015258789,91.7699966430664,91.97000122070312,87.31400299072266,10227100.0
2024-01-24,SBUX,92.55000305175781,92.83999633789062,91.98999786376953,92.04000091552734,87.38045501708984,7661400.0
2024-01-25,SBUX,92.22000122070312,92.6500015258789,91.72000122070312,92.61000061035156,87.9216079711914,11991500.0
2024-01-26,SBUX,92.91999816894531,93.48999786376953,92.41000366210938,92.80000305175781,88.10198974609375,9229400.0
2024-01-29,SBUX,93.0199966430664,93.93000030517578,92.23999786376953,93.80000305175781,89.05135345458984,12728100.0
2024-01-30,SBUX,93.0,94.68000030517578,92.58999633789062,94.08000183105469,89.31718444824219,17625200.0
2024-01-31,SBUX,98.27999877929688,98.36000061035156,93.0199966430664,93.02999877929688,88.32034301757812,26751800.0
2024-02-01,SBUX,93.0999984741211,93.5999984741211,91.87000274658203,93.37000274658203,88.64312744140625,15001500.0
2024-02-02,SBUX,92.69000244140625,93.61000061035156,91.66999816894531,92.98999786376953,88.28236389160156,11366600.0
2024-02-05,SBUX,92.77999877929688,92.87000274658203,91.9000015258789,92.51000213623047,87.82666778564453,7335800.0
2024-02-06,SBUX,92.5,95.69999694824219,92.3499984741211,95.66999816894531,90.8266830444336,11531500.0
2024-02-07,SBUX,96.23999786376953,96.66000366210938,94.43000030517578,95.30999755859375,90.48490905761719,9078000.0
2024-02-08,SBUX,95.0999984741211,96.69000244140625,93.93000030517578,96.58999633789062,92.25182342529297,9888100.0
2024-02-09,SBUX,96.31999969482422,97.98999786376953,96.29000091552734,97.30000305175781,92.92993927001953,9385600.0
2024-02-12,SBUX,96.91999816894531,97.13999938964844,95.37999725341797,95.47000122070312,91.18212890625,9224400.0
2024-02-13,SBUX,94.8499984741211,95.55999755859375,93.38999938964844,93.87000274658203,89.65399169921875,8138500.0
2024-02-14,SBUX,94.08000183105469,94.47000122070312,93.76000213623047,94.06999969482422,89.84500885009766,5510600.0
2024-02-15,SBUX,94.02999877929688,94.23999786376953,93.0,93.22000122070312,89.03318786621094,8878000.0
2024-02-16,SBUX,93.0999984741211,94.18000030517578,92.75,93.22000122070312,89.03318786621094,5737500.0
2024-02-20,SBUX,93.36000061035156,94.12000274658203,93.06999969482422,93.45999908447266,89.26239776611328,8844500.0
2024-02-21,SBUX,93.86000061035156,95.7699966430664,93.7699966430664,95.0199966430664,90.75233459472656,8284600.0
2024-02-22,SBUX,94.88999938964844,96.08000183105469,94.13999938964844,95.77999877929688,91.47820281982422,8124700.0
2024-02-23,SBUX,95.87999725341797,96.93000030517578,95.58000183105469,95.62000274658203,91.32538604736328,6845200.0
2024-02-26,SBUX,95.36000061035156,95.56999969482422,94.25,94.27999877929688,90.04557800292969,7043800.0
2024-02-27,SBUX,94.31999969482422,94.66000366210938,93.5999984741211,94.12999725341797,89.90230560302734,5356100.0
2024-02-28,SBUX,93.7699966430664,93.97000122070312,92.7699966430664,93.0,88.82306671142578,5622400.0
2024-02-29,SBUX,94.5,95.0999984741211,93.9800033569336,94.9000015258789,90.63774108886719,11221100.0
2024-03-01,SBUX,94.44999694824219,94.56999969482422,92.91000366210938,93.16000366210938,88.97588348388672,7995400.0
2024-03-04,SBUX,93.05999755859375,93.31999969482422,92.04000091552734,92.45999908447266,88.30731201171875,7321000.0
2024-03-05,SBUX,92.0999984741211,92.16999816894531,91.06999969482422,91.22000122070312,87.12300872802734,7137300.0
2024-03-06,SBUX,91.3499984741211,92.02999877929688,91.12000274658203,91.6500015258789,87.53369140625,4826900.0
2024-03-07,SBUX,91.62000274658203,91.76000213623047,90.30999755859375,90.94999694824219,86.86512756347656,8792400.0
2024-03-08,SBUX,90.62000274658203,91.52999877929688,90.5999984741211,91.05999755859375,86.97018432617188,7673300.0
2024-03-11,SBUX,91.26000213623047,92.95999908447266,91.16999816894531,92.06999969482422,87.93482971191406,6702300.0
2024-03-12,SBUX,92.0,92.72000122070312,91.20999908447266,92.4000015258789,88.25000762939453,9444900.0
2024-03-13,SBUX,92.48999786376953,92.87000274658203,90.87000274658203,91.61000061035156,87.49549865722656,8254500.0
2024-03-14,SBUX,91.0999984741211,91.70999908447266,90.41000366210938,91.66000366210938,87.54324340820312,8544800.0
2024-03-15,SBUX,91.5999984741211,92.0199966430664,90.0999984741211,90.12000274658203,86.0724105834961,18136300.0
2024-03-18,SBUX,90.75,91.43000030517578,90.52999877929688,91.01000213623047,86.92243957519531,7413900.0
2024-03-19,SBUX,91.0,91.9000015258789,90.86000061035156,91.58999633789062,87.47637939453125,5676500.0
2024-03-20,SBUX,91.79000091552734,92.62999725341797,91.5199966430664,92.5999984741211,88.44102478027344,5804400.0
2024-03-21,SBUX,92.62999725341797,93.16999816894531,91.63999938964844,91.66000366210938,87.54324340820312,6287300.0
2024-03-22,SBUX,91.73999786376953,91.77999877929688,90.05999755859375,90.70999908447266,86.63591003417969,6495000.0
2024-03-25,SBUX,90.6500015258789,91.12000274658203,90.47000122070312,90.66999816894531,86.59770202636719,6903000.0
2024-03-26,SBUX,90.9800033569336,91.0,90.2300033569336,90.36000061035156,86.3016357421875,6216100.0
2024-03-27,SBUX,90.6500015258789,91.83000183105469,90.5999984741211,91.5,87.39042663574219,5863700.0
2024-03-28,SBUX,91.79000091552734,92.23999786376953,91.30000305175781,91.38999938964844,87.28536987304688,6784300.0
2024-04-01,SBUX,91.81999969482422,92.06999969482422,91.0199966430664,91.52999877929688,87.41908264160156,4990200.0
2024-04-02,SBUX,91.11000061035156,91.23999786376953,89.2300033569336,89.30000305175781,85.28924560546875,8276800.0
2024-04-03,SBUX,89.5999984741211,89.83999633789062,88.6500015258789,88.69999694824219,84.7161865234375,6316400.0
2024-04-04,SBUX,89.12999725341797,89.33999633789062,87.61000061035156,87.62000274658203,83.68470001220703,8057600.0
2024-04-05,SBUX,87.9000015258789,87.93000030517578,86.83000183105469,86.8499984741211,82.94927978515625,7161400.0
2024-04-08,SBUX,86.97000122070312,87.36000061035156,86.36000061035156,87.19000244140625,83.27400970458984,6322900.0
2024-04-09,SBUX,87.19000244140625,87.5999984741211,86.30999755859375,87.12999725341797,83.2166976928711,6240700.0
2024-04-10,SBUX,86.31999969482422,86.87000274658203,85.5999984741211,85.94999694824219,82.08970642089844,7413900.0
2024-04-11,SBUX,86.0,86.30999755859375,85.26000213623047,85.9000015258789,82.04195404052734,6841600.0
2024-04-12,SBUX,85.41999816894531,85.51000213623047,84.29000091552734,84.91999816894531,81.10595703125,8594800.0
2024-04-15,SBUX,85.4000015258789,86.37000274658203,84.91999816894531,85.16999816894531,81.3447265625,9676900.0
2024-04-16,SBUX,84.81999969482422,86.19000244140625,84.41999816894531,85.41999816894531,81.58349609375,8866800.0
2024-04-17,SBUX,86.0,86.41999816894531,85.33999633789062,86.20999908447266,82.33802032470703,6870100.0
2024-04-18,SBUX,86.44000244140625,87.62999725341797,86.05000305175781,87.1500015258789,83.23580932617188,11403300.0
2024-04-19,SBUX,87.1500015258789,88.08000183105469,87.12000274658203,87.61000061035156,83.67514038085938,11900000.0
2024-04-22,SBUX,88.08000183105469,88.61000061035156,87.33999633789062,88.18000030517578,84.21954345703125,8669000.0
2024-04-23,SBUX,88.7699966430664,88.80999755859375,87.31999969482422,87.87000274658203,83.92347717285156,5670500.0
2024-04-24,SBUX,87.05999755859375,88.94000244140625,86.94999694824219,88.75,84.76393127441406,7183900.0
2024-04-25,SBUX,89.55000305175781,89.7300033569336,87.68000030517578,87.83999633789062,83.89480590820312,7284600.0
2024-04-26,SBUX,87.4000015258789,89.25,87.37000274658203,88.25,84.28639221191406,7185300.0
2024-04-29,SBUX,88.23999786376953,88.61000061035156,87.86000061035156,88.33000183105469,84.36280822753906,8522800.0
2024-04-30,SBUX,87.61000061035156,88.98999786376953,87.18000030517578,88.48999786376953,84.51561737060547,14538400.0
2024-05-01,SBUX,75.81999969482422,76.98999786376953,72.66999816894531,74.44000244140625,71.0966567993164,66610700.0
2024-05-02,SBUX,74.9000015258789,75.1500015258789,73.3499984741211,74.93000030517578,71.56464385986328,23883400.0
2024-05-03,SBUX,75.2699966430664,75.51000213623047,72.98999786376953,73.11000061035156,69.82638549804688,22153800.0
2024-05-06,SBUX,73.30999755859375,74.19000244140625,72.69999694824219,72.9000015258789,69.62581634521484,18632200.0
2024-05-07,SBUX,72.8499984741211,72.8499984741211,71.80000305175781,72.5,69.24378967285156,21901300.0
2024-05-08,SBUX,72.29000091552734,74.47000122070312,72.25,73.5,70.19886779785156,24482600.0
2024-05-09,SBUX,73.56999969482422,75.76000213623047,73.06999969482422,75.68000030517578,72.28096008300781,18591500.0
2024-05-10,SBUX,75.30999755859375,76.30999755859375,75.05999755859375,76.11000061035156,72.691650390625,15761900.0
2024-05-13,SBUX,76.22000122070312,76.83999633789062,75.80000305175781,76.18000030517578,72.75850677490234,10953600.0
2024-05-14,SBUX,76.2300033569336,76.7300033569336,75.5199966430664,75.62999725341797,72.23321533203125,10961100.0
2024-05-15,SBUX,75.9000015258789,76.02999877929688,75.31999969482422,75.69999694824219,72.30006408691406,8826500.0
2024-05-16,SBUX,75.19000244140625,75.55000305175781,74.45999908447266,75.27999877929688,72.44440460205078,10758500.0
2024-05-17,SBUX,75.2699966430664,78.0,74.91999816894531,77.8499984741211,74.9176025390625,14436500.0
2024-05-20,SBUX,77.68000030517578,78.31999969482422,76.70999908447266,77.54000091552734,74.6192855834961,11183800.0
2024-05-21,SBUX,77.55999755859375,78.22000122070312,77.5,77.72000122070312,74.79251098632812,8916600.0
2024-05-22,SBUX,77.69999694824219,81.0199966430664,77.44000244140625,80.72000122070312,77.67950439453125,22072200.0
2024-05-23,SBUX,80.0999984741211,80.69999694824219,77.63999938964844,78.30999755859375,75.36027526855469,15841300.0
2024-05-24,SBUX,78.5,79.22000122070312,78.11000061035156,78.87000274658203,75.8991928100586,10746200.0
2024-05-28,SBUX,78.79000091552734,78.80000305175781,77.41000366210938,77.4800033569336,74.5615463256836,8833300.0
2024-05-29,SBUX,77.0999984741211,78.31999969482422,76.83000183105469,76.87999725341797,73.98413848876953,9268100.0
2024-05-30,SBUX,77.0999984741211,78.87999725341797,77.05999755859375,78.76000213623047,75.79332733154297,9294200.0
2024-05-31,SBUX,79.08000183105469,80.33000183105469,78.61000061035156,80.22000122070312,77.1983413696289,12669700.0
2024-06-03,SBUX,79.68000030517578,82.12000274658203,79.62000274658203,82.08000183105469,78.98827362060547,12443400.0
2024-06-04,SBUX,81.97000122070312,83.43000030517578,81.9000015258789,82.79000091552734,79.6715316772461,12370000.0
2024-06-05,SBUX,82.45999908447266,82.5,80.95999908447266,81.16000366210938,78.10293579101562,11275300.0
2024-06-06,SBUX,81.1500015258789,82.93000030517578,80.91999816894531,81.47000122070312,78.40125274658203,9237800.0
2024-06-07,SBUX,81.62000274658203,82.62999725341797,80.61000061035156,81.43000030517578,78.3627700805664,10852600.0
2024-06-10,SBUX,81.48999786376953,81.8499984741211,80.83999633789062,81.5999984741211,78.52635192871094,8698600.0
2024-06-11,SBUX,80.91999816894531,80.97000122070312,79.75,79.88999938964844,76.8807601928711,9024300.0
2024-06-12,SBUX,79.98999786376953,80.18000030517578,79.18000030517578,79.37999725341797,76.38997650146484,8873400.0
2024-06-13,SBUX,79.5,80.9000015258789,79.18000030517578,80.23999786376953,77.21759033203125,13947300.0
2024-06-14,SBUX,80.0,80.4000015258789,79.11000061035156,79.6500015258789,76.6498031616211,7192400.0
2024-06-17,SBUX,79.58000183105469,81.75,79.2699966430664,81.33000183105469,78.26652526855469,9845900.0
2024-06-18,SBUX,81.01000213623047,81.70999908447266,79.58999633789062,80.19999694824219,77.17909240722656,9664500.0
2024-06-20,SBUX,79.81999969482422,80.77999877929688,79.66999816894531,79.72000122070312,76.71717834472656,10183900.0
2024-06-21,SBUX,80.0,80.25,79.16000366210938,79.91000366210938,76.90001678466797,25648400.0
2024-06-24,SBUX,80.0,80.06999969482422,79.16999816894531,79.7300033569336,76.72679901123047,7396600.0
2024-06-25,SBUX,80.0,80.75,78.87000274658203,79.27999877929688,76.29373931884766,15821600.0
2024-06-26,SBUX,79.0,79.27999877929688,78.37999725341797,79.1500015258789,76.16864776611328,10708100.0
2024-06-27,SBUX,79.05000305175781,79.44000244140625,78.68000030517578,79.23999786376953,76.25524139404297,10289600.0
2024-06-28,SBUX,78.72000122070312,78.87999725341797,77.61000061035156,77.8499984741211,74.9176025390625,13207500.0
2024-07-01,SBUX,77.98999786376953,78.22000122070312,76.77999877929688,77.12999725341797,74.2247314453125,6767600.0
2024-07-02,SBUX,77.12000274658203,77.20999908447266,76.27999877929688,76.83000183105469,73.93603515625,8854100.0
2024-07-03,SBUX,76.83999633789062,77.04000091552734,76.06999969482422,76.26000213623047,73.38749694824219,4906700.0
2024-07-05,SBUX,76.23999786376953,76.2699966430664,75.41999816894531,76.05000305175781,73.1854019165039,9663100.0
2024-07-08,SBUX,76.33999633789062,76.44999694824219,74.47000122070312,74.56999969482422,71.76116180419922,8871200.0
2024-07-09,SBUX,74.62999725341797,74.63999938964844,72.7300033569336,72.75,70.00970458984375,11816900.0
2024-07-10,SBUX,72.98999786376953,73.16999816894531,72.3499984741211,72.51000213623047,69.77875518798828,11132500.0
2024-07-11,SBUX,72.33999633789062,73.5,72.08000183105469,73.30000305175781,70.53900146484375,12316100.0
2024-07-12,SBUX,73.80000305175781,75.05999755859375,73.37999725341797,74.83000183105469,72.01136779785156,10559300.0
2024-07-15,SBUX,74.88999938964844,74.9000015258789,72.5199966430664,72.75,70.00970458984375,9064400.0
2024-07-16,SBUX,72.20999908447266,75.51000213623047,71.55000305175781,75.51000213623047,72.6657485961914,14968700.0
2024-07-17,SBUX,75.22000122070312,76.12999725341797,74.55000305175781,75.0999984741211,72.27120208740234,11567800.0
2024-07-18,SBUX,74.45999908447266,75.11000061035156,73.80999755859375,74.19000244140625,71.3954849243164,10701000.0
2024-07-19,SBUX,74.66000366210938,79.37999725341797,74.19000244140625,79.2699966430664,76.28411865234375,32965900.0
2024-07-22,SBUX,78.33000183105469,78.47000122070312,76.01000213623047,76.55000305175781,73.66658020019531,18851500.0
2024-07-23,SBUX,77.13999938964844,77.13999938964844,76.02999877929688,76.26000213623047,73.38749694824219,9592100.0
2024-07-24,SBUX,76.37000274658203,76.48999786376953,74.0199966430664,74.68000030517578,71.86701202392578,10478200.0
2024-07-25,SBUX,75.05999755859375,75.7699966430664,73.26000213623047,73.31999969482422,70.55824279785156,18973600.0
2024-07-26,SBUX,73.83999633789062,75.0199966430664,73.70999908447266,74.05000305175781,71.26074981689453,12387100.0
2024-07-29,SBUX,74.38999938964844,75.58999633789062,73.72000122070312,75.19999694824219,72.36742401123047,10864700.0
2024-07-30,SBUX,75.25,76.05000305175781,74.8499984741211,75.94000244140625,73.07954406738281,16163600.0
2024-07-31,SBUX,79.55000305175781,81.23999786376953,77.80000305175781,77.94999694824219,75.01383972167969,18901100.0
2024-08-01,SBUX,77.88999938964844,78.13999938964844,73.83000183105469,75.11000061035156,72.28081512451172,17307200.0
2024-08-02,SBUX,75.11000061035156,76.66999816894531,74.91999816894531,75.87999725341797,73.02181243896484,15185700.0
2024-08-05,SBUX,73.8499984741211,75.0,72.72000122070312,73.86000061035156,71.0779037475586,12372900.0
2024-08-06,SBUX,73.91999816894531,75.98999786376953,73.83999633789062,75.37000274658203,72.5310287475586,10525500.0
2024-08-07,SBUX,75.30000305175781,76.83000183105469,75.16000366210938,75.29000091552734,72.45404052734375,7297000.0
2024-08-08,SBUX,75.06999969482422,76.1500015258789,74.80000305175781,75.75,72.8967056274414,8988300.0
2024-08-09,SBUX,75.6500015258789,75.86000061035156,74.75,75.08999633789062,72.26156616210938,4683600.0
2024-08-12,SBUX,76.52999877929688,78.43000030517578,76.29000091552734,77.02999877929688,74.12849426269531,13123000.0
2024-08-13,SBUX,91.0199966430664,96.01000213623047,90.29000091552734,95.9000015258789,92.28772735595703,157215500.0
2024-08-14,SBUX,95.38999938964844,95.86000061035156,91.43000030517578,93.9000015258789,90.36305236816406,45737800.0
2024-08-15,SBUX,94.12000274658203,94.95999908447266,92.9800033569336,94.87999725341797,91.30612182617188,21109800.0
2024-08-16,SBUX,93.36000061035156,95.6500015258789,93.30000305175781,94.80999755859375,91.79021453857422,16336300.0
2024-08-19,SBUX,94.3499984741211,94.88999938964844,92.12999725341797,92.30000305175781,89.36016082763672,14479000.0
2024-08-20,SBUX,92.29000091552734,93.81999969482422,92.12999725341797,93.01000213623047,90.04753875732422,11536200.0
2024-08-21,SBUX,92.48999786376953,93.37999725341797,92.22000122070312,92.77999877929688,89.82486724853516,6769200.0
2024-08-22,SBUX,92.66999816894531,92.83000183105469,91.7699966430664,92.43000030517578,89.48602294921875,10010300.0
2024-08-23,SBUX,92.8499984741211,94.41999816894531,92.83000183105469,94.0199966430664,91.02537536621094,11483700.0
2024-08-26,SBUX,94.19999694824219,95.93000030517578,94.18000030517578,95.62999725341797,92.58409118652344,13882800.0
2024-08-27,SBUX,95.4000015258789,98.72000122070312,95.25,98.5999984741211,95.4594955444336,17456300.0
2024-08-28,SBUX,98.22000122070312,98.70999908447266,94.37999725341797,95.30000305175781,92.26461029052734,14866300.0
2024-08-29,SBUX,95.47000122070312,95.83000183105469,94.27999877929688,94.86000061035156,91.838623046875,8781300.0
2024-08-30,SBUX,94.98999786376953,95.93000030517578,94.44000244140625,94.56999969482422,91.557861328125,7117200.0
2024-09-03,SBUX,94.12999725341797,94.80999755859375,93.04000091552734,93.18000030517578,90.2121353149414,11234000.0
2024-09-04,SBUX,93.37000274658203,93.9800033569336,91.97000122070312,92.33000183105469,89.38920593261719,7193500.0
2024-09-05,SBUX,92.16999816894531,93.0199966430664,91.19999694824219,91.55999755859375,88.64372253417969,8370100.0
2024-09-06,SBUX,91.5,92.16000366210938,90.18000030517578,91.1500015258789,88.24678039550781,9257000.0
2024-09-09,SBUX,91.22000122070312,92.36000061035156,90.41000366210938,92.20999908447266,89.27301788330078,10089700.0
2024-09-10,SBUX,92.12000274658203,93.5199966430664,91.13999938964844,93.33999633789062,90.36703491210938,7327000.0
2024-09-11,SBUX,94.08000183105469,98.3499984741211,93.66000366210938,98.19999694824219,95.07223510742188,19302900.0
2024-09-12,SBUX,98.45999908447266,99.30999755859375,97.33999633789062,99.27999877929688,96.11783599853516,14653500.0
2024-09-13,SBUX,99.12999725341797,99.51000213623047,98.5,98.56999969482422,95.43045806884766,9899900.0
2024-09-16,SBUX,98.5199966430664,98.5999984741211,95.9800033569336,96.30999755859375,93.242431640625,9263400.0
2024-09-17,SBUX,96.48999786376953,96.54000091552734,95.19999694824219,96.44000244140625,93.36829376220703,6281700.0
2024-09-18,SBUX,95.55000305175781,97.5999984741211,95.33000183105469,96.12000274658203,93.0584945678711,8793800.0
2024-09-19,SBUX,97.97000122070312,98.69999694824219,96.33000183105469,96.9000015258789,93.81365203857422,8752600.0
2024-09-20,SBUX,96.8499984741211,97.05999755859375,95.31999969482422,96.05000305175781,92.99072265625,19541000.0
2024-09-23,SBUX,96.05000305175781,96.05000305175781,94.3499984741211,95.4800033569336,92.43888092041016,8382800.0
2024-09-24,SBUX,95.47000122070312,95.81999969482422,94.19000244140625,94.44999694824219,91.44168090820312,8606800.0
2024-09-25,SBUX,94.26000213623047,95.95999908447266,94.22000122070312,95.62000274658203,92.57442474365234,8632900.0
2024-09-26,SBUX,98.5,99.1500015258789,97.0,97.47000122070312,94.3655014038086,9876800.0
2024-09-27,SBUX,97.6500015258789,98.1500015258789,97.19000244140625,97.36000061035156,94.25900268554688,6319900.0
2024-09-30,SBUX,97.38999938964844,97.69000244140625,96.41000366210938,97.48999786376953,94.38484954833984,6436400.0
2024-10-01,SBUX,97.48999786376953,98.13999938964844,96.3499984741211,97.43000030517578,94.3267593383789,7171600.0
2024-10-02,SBUX,96.83000183105469,97.0,95.87000274658203,96.5,93.4263916015625,6346000.0
2024-10-03,SBUX,95.63999938964844,96.38999938964844,95.30999755859375,95.55999755859375,92.51632690429688,5556400.0
2024-10-04,SBUX,96.16999816894531,96.7300033569336,95.1500015258789,96.58000183105469,93.50383758544922,6818900.0
2024-10-07,SBUX,96.19000244140625,96.5199966430664,95.36000061035156,96.08999633789062,93.0294418334961,7478900.0
2024-10-08,SBUX,96.05000305175781,96.87999725341797,95.27999877929688,96.20999908447266,93.14562225341797,6595200.0
2024-10-09,SBUX,96.4800033569336,96.4800033569336,95.45999908447266,95.87999725341797,92.82613372802734,3344800.0
2024-10-10,SBUX,95.41999816894531,95.4800033569336,93.76000213623047,93.87999725341797,90.88983154296875,5459500.0
2024-10-11,SBUX,94.13999938964844,95.95999908447266,94.01000213623047,95.55000305175781,92.50664520263672,4834800.0
2024-10-14,SBUX,95.41000366210938,95.52999877929688,94.33999633789062,94.76000213623047,91.74181365966797,4124700.0
2024-10-15,SBUX,94.66999816894531,95.97000122070312,94.56999969482422,95.04000091552734,92.01289367675781,6264100.0
2024-10-16,SBUX,95.44999694824219,95.83999633789062,94.08999633789062,95.45999908447266,92.41951751708984,7537100.0
2024-10-17,SBUX,95.33000183105469,96.19000244140625,94.77999877929688,95.2699966430664,92.23556518554688,5577300.0
2024-10-18,SBUX,95.68000030517578,96.8499984741211,95.04000091552734,96.83999633789062,93.75554656982422,6178300.0
2024-10-21,SBUX,96.94999694824219,97.19999694824219,95.88999938964844,96.44999694824219,93.37797546386719,3994300.0
2024-10-22,SBUX,96.3499984741211,97.19000244140625,95.94000244140625,96.81999969482422,93.73619079589844,6670900.0
2024-10-23,SBUX,93.87000274658203,97.72000122070312,93.69000244140625,97.6500015258789,94.53974914550781,18858800.0
2024-10-24,SBUX,97.69000244140625,99.41999816894531,96.8499984741211,97.1500015258789,94.0556869506836,9828600.0
2024-10-25,SBUX,97.22000122070312,97.95999908447266,96.43000030517578,97.30999755859375,94.21058654785156,9665600.0
2024-10-28,SBUX,97.6500015258789,99.13999938964844,97.55000305175781,98.0199966430664,94.89795684814453,6790900.0
2024-10-29,SBUX,97.73999786376953,98.05000305175781,96.3499984741211,97.38999938964844,94.28803253173828,7664200.0
2024-10-30,SBUX,97.37000274658203,98.1500015258789,96.80000305175781,97.31999969482422,94.22026824951172,9187200.0
2024-10-31,SBUX,97.31999969482422,99.0,95.3499984741211,97.69999694824219,94.58816528320312,12011500.0
2024-11-01,SBUX,97.5999984741211,99.80000305175781,97.37000274658203,98.87000274658203,95.72090148925781,8860200.0
2024-11-04,SBUX,98.58999633789062,98.80999755859375,96.69999694824219,97.02999877929688,93.93949890136719,7049100.0
2024-11-05,SBUX,96.86000061035156,97.47000122070312,96.1500015258789,97.08999633789062,93.99759674072266,6348300.0
2024-11-06,SBUX,96.97000122070312,98.2300033569336,94.77999877929688,96.08000183105469,93.01976013183594,9708800.0
2024-11-07,SBUX,96.05999755859375,96.69000244140625,95.76000213623047,96.12000274658203,93.0584945678711,6195200.0
2024-11-08,SBUX,96.11000061035156,97.63999938964844,96.02999877929688,97.55000305175781,94.44294738769531,6118700.0
2024-11-11,SBUX,98.0,101.41000366210938,97.94999694824219,100.30999755859375,97.11502838134766,10313300.0
2024-11-12,SBUX,100.12999725341797,100.54000091552734,98.41999816894531,98.80000305175781,95.65313720703125,8438400.0
2024-11-13,SBUX,97.3499984741211,99.94000244140625,96.2300033569336,99.80000305175781,96.62128448486328,8816300.0
2024-11-14,SBUX,99.43000030517578,100.0199966430664,99.13999938964844,99.2300033569336,96.0694351196289,6441500.0
2024-11-15,SBUX,99.0999984741211,100.22000122070312,97.98999786376953,98.41999816894531,95.87459564208984,8119900.0
2024-11-18,SBUX,98.44000244140625,100.61000061035156,97.93000030517578,100.4000015258789,97.80339813232422,7041500.0
2024-11-19,SBUX,99.79000091552734,100.30000305175781,98.19999694824219,98.3499984741211,95.80641174316406,9176200.0
2024-11-20,SBUX,98.0,98.75,97.11000061035156,98.26000213623047,95.71874237060547,7527700.0
2024-11-21,SBUX,99.5,100.33000183105469,98.48999786376953,100.05999755859375,97.4721908569336,6760600.0
2024-11-22,SBUX,100.0,102.55999755859375,99.7699966430664,102.5,99.84908294677734,6563300.0
2024-11-25,SBUX,102.93000030517578,103.31999969482422,101.77999877929688,101.83999633789062,99.2061538696289,8839600.0
2024-11-26,SBUX,101.98999786376953,102.08999633789062,100.47000122070312,100.68000030517578,98.07615661621094,6558300.0
2024-11-27,SBUX,100.75,102.02999877929688,100.72000122070312,101.51000213623047,98.88468933105469,4857800.0
2024-11-29,SBUX,101.37000274658203,102.5,101.2699966430664,102.45999908447266,99.81011962890625,3419300.0
2024-12-02,SBUX,102.0,102.20999908447266,99.87000274658203,101.51000213623047,98.88468933105469,6103200.0
2024-12-03,SBUX,101.08999633789062,102.12000274658203,99.88999938964844,101.56999969482422,98.9431381225586,7101500.0
2024-12-04,SBUX,100.88999938964844,101.98999786376953,100.37000274658203,100.69999694824219,98.09563446044922,6151100.0
2024-12-05,SBUX,101.0,101.30000305175781,99.19000244140625,99.2300033569336,96.66365814208984,7194800.0
2024-12-06,SBUX,98.93000030517578,100.62000274658203,98.44000244140625,100.11000061035156,97.5208969116211,6297000.0
2024-12-09,SBUX,100.06999969482422,100.56999969482422,98.5199966430664,99.30999755859375,96.74158477783203,7271600.0
2024-12-10,SBUX,99.13999938964844,99.25,97.94000244140625,98.16000366210938,95.62133026123047,8192500.0
2024-12-11,SBUX,98.5,99.38999938964844,97.9800033569336,98.41999816894531,95.87459564208984,8007300.0
2024-12-12,SBUX,98.22000122070312,98.97000122070312,97.41999816894531,97.81999969482422,95.29011535644531,6375900.0
2024-12-13,SBUX,97.33999633789062,98.08000183105469,96.94000244140625,97.41999816894531,94.90045928955078,5910900.0
2024-12-16,SBUX,96.94999694824219,97.0,93.0999984741211,93.12000274658203,90.71168518066406,12395900.0
2024-12-17,SBUX,93.01000213623047,93.94000244140625,92.05000305175781,92.08999633789062,89.70830535888672,8536100.0
2024-12-18,SBUX,91.7699966430664,92.25,89.63999938964844,89.9000015258789,87.574951171875,10886600.0
2024-12-19,SBUX,90.23999786376953,91.58000183105469,88.66999816894531,88.76000213623047,86.46443939208984,14628400.0
2024-12-20,SBUX,87.86000061035156,89.16000366210938,87.06999969482422,87.97000122070312,85.69486999511719,26477500.0
2024-12-23,SBUX,87.5,87.87999725341797,86.30000305175781,87.44000244140625,85.17857360839844,11203700.0
2024-12-24,SBUX,87.4000015258789,89.91999816894531,87.16999816894531,89.91000366210938,87.58470153808594,5422000.0
2024-12-26,SBUX,89.37000274658203,92.05000305175781,89.37000274658203,91.86000061035156,89.48426055908203,7538700.0
2024-12-27,SBUX,90.9000015258789,93.19999694824219,90.87999725341797,92.25,89.86417388916016,8200400.0
2024-12-30,SBUX,91.29000091552734,91.31999969482422,89.83999633789062,90.58000183105469,88.23736572265625,8404500.0
2024-12-31,SBUX,90.7300033569336,91.7699966430664,90.58999633789062,91.25,88.89004516601562,4220700.0
2025-01-02,SBUX,91.55000305175781,92.66000366210938,91.41000366210938,92.16999816894531,89.78623962402344,8640900.0
2025-01-03,SBUX,92.4000015258789,93.12000274658203,91.80000305175781,92.58000183105469,90.18563842773438,4964900.0
2025-01-06,SBUX,92.04000091552734,94.5,91.94000244140625,93.12999725341797,90.7214126586914,8768100.0
2025-01-07,SBUX,92.77999877929688,93.6500015258789,91.86000061035156,92.83999633789062,90.43891143798828,6638300.0
2025-01-08,SBUX,92.97000122070312,93.01000213623047,92.01000213623047,92.5999984741211,90.20511627197266,6243700.0
2025-01-10,SBUX,92.19000244140625,92.79000091552734,91.93000030517578,92.25,89.86417388916016,6550300.0
2025-01-13,SBUX,92.2699966430664,93.58999633789062,91.37999725341797,93.51000213623047,91.09159088134766,6912100.0
2025-01-14,SBUX,94.01000213623047,94.88999938964844,92.5199966430664,93.06999969482422,90.66297149658203,6406200.0
2025-01-15,SBUX,94.0999984741211,94.47000122070312,92.94999694824219,93.08000183105469,90.67271423339844,4554700.0
2025-01-16,SBUX,92.87000274658203,94.7699966430664,92.87000274658203,94.43000030517578,91.98780059814453,6548200.0
2025-01-17,SBUX,95.58000183105469,95.86000061035156,95.0999984741211,95.12999725341797,92.66968536376953,8361900.0
2025-01-21,SBUX,95.41000366210938,98.58000183105469,95.41000366210938,97.9800033569336,95.44599151611328,8803100.0
2025-01-22,SBUX,97.9800033569336,98.54000091552734,97.45999908447266,97.7300033569336,95.20246124267578,7678900.0
2025-01-23,SBUX,98.0,98.02999877929688,97.0199966430664,97.98999786376953,95.45572662353516,7901800.0
2025-01-24,SBUX,97.79000091552734,99.01000213623047,97.62000274658203,98.80999755859375,96.25452423095703,6957100.0
2025-01-27,SBUX,98.5199966430664,100.33000183105469,98.0999984741211,100.0199966430664,97.43321990966797,9654900.0
2025-01-28,SBUX,98.94000244140625,100.68000030517578,98.58999633789062,100.41000366210938,97.81314086914062,14736500.0
2025-01-29,SBUX,102.69999694824219,110.08000183105469,102.68000030517578,108.58000183105469,105.77184295654297,40769300.0
2025-01-30,SBUX,109.0,110.33999633789062,108.02999877929688,109.0,106.18098449707031,15023000.0
2025-01-31,SBUX,109.0,109.36000061035156,107.5,107.68000030517578,104.8951187133789,19136900.0
2025-02-03,SBUX,105.72000122070312,108.44000244140625,105.5199966430664,108.16000366210938,105.36270904541016,8894100.0
2025-02-04,SBUX,108.66999816894531,111.06999969482422,108.12999725341797,110.5999984741211,107.73958587646484,11123700.0
2025-02-05,SBUX,110.18000030517578,112.41999816894531,109.86000061035156,112.25,109.346923828125,12826000.0
2025-02-06,SBUX,112.05000305175781,112.30999755859375,111.05000305175781,111.69999694824219,108.81114959716797,11967300.0
2025-02-07,SBUX,111.43000030517578,112.62000274658203,110.05999755859375,112.19999694824219,109.29820251464844,11502400.0
2025-02-10,SBUX,112.58000183105469,112.58000183105469,111.0,111.44999694824219,108.56761169433594,8348400.0
2025-02-11,SBUX,110.87999725341797,112.08000183105469,110.61000061035156,111.02999877929688,108.1584701538086,4683100.0
2025-02-12,SBUX,110.55999755859375,113.19000244140625,110.4000015258789,113.04000091552734,110.11649322509766,7269400.0
2025-02-13,SBUX,113.12000274658203,113.4000015258789,111.52999877929688,113.0,110.07752227783203,10046300.0
2025-02-14,SBUX,112.81999969482422,113.47000122070312,112.02999877929688,112.55000305175781,110.23423767089844,9115000.0
2025-02-18,SBUX,111.80000305175781,113.36000061035156,111.62000274658203,113.02999877929688,110.70435333251953,7574100.0
2025-02-19,SBUX,112.44000244140625,113.33999633789062,112.33999633789062,112.48999786376953,110.17546844482422,8268900.0
2025-02-20,SBUX,112.16999816894531,113.5,111.95999908447266,113.33999633789062,111.00797271728516,6343800.0
2025-02-21,SBUX,113.33000183105469,114.68000030517578,111.62999725341797,111.75,109.45069122314453,9664700.0
2025-02-24,SBUX,112.33999633789062,113.91000366210938,111.88999938964844,113.19000244140625,110.86106872558594,13120500.0
2025-02-25,SBUX,113.08000183105469,115.23999786376953,112.66999816894531,114.58999633789062,112.23225402832031,11001800.0
2025-02-26,SBUX,114.61000061035156,114.79000091552734,112.26000213623047,113.0,110.67498016357422,7466800.0
2025-02-27,SBUX,113.0,115.69999694824219,112.80000305175781,114.48999786376953,112.13431549072266,9013700.0
2025-02-28,SBUX,115.05999755859375,116.08999633789062,114.2699966430664,115.80999755859375,113.4271469116211,11466000.0
2025-03-03,SBUX,116.04000091552734,117.45999908447266,114.0999984741211,115.41000366210938,113.03538513183594,9225500.0
2025-03-04,SBUX,114.98999786376953,115.2699966430664,112.0,112.05999755859375,109.75431823730469,12482400.0
2025-03-05,SBUX,111.56999969482422,112.5199966430664,110.20999908447266,111.69000244140625,109.39192199707031,11926800.0
2025-03-06,SBUX,110.01000213623047,110.43000030517578,104.91000366210938,105.47000122070312,103.29991149902344,16321700.0
2025-03-07,SBUX,104.7300033569336,106.86000061035156,103.44000244140625,106.4800033569336,104.28912353515625,11637400.0
2025-03-10,SBUX,105.7300033569336,106.0,99.80000305175781,101.12999725341797,99.04920196533203,15823300.0
2025-03-11,SBUX,101.88999938964844,103.0,99.0,99.58000183105469,97.53109741210938,10663500.0
2025-03-12,SBUX,100.30000305175781,100.30000305175781,96.97000122070312,98.69000244140625,96.65941619873047,9461200.0
2025-03-13,SBUX,98.70999908447266,98.87000274658203,95.93000030517578,96.04000091552734,94.06392669677734,9274300.0
2025-03-14,SBUX,96.5199966430664,98.25,96.16000366210938,98.11000061035156,96.09133911132812,8240900.0
2025-03-17,SBUX,97.70999908447266,99.44999694824219,97.0,99.08000183105469,97.0413818359375,10131700.0
2025-03-18,SBUX,99.2300033569336,99.37000274658203,97.68000030517578,98.27999877929688,96.25785064697266,7423400.0
2025-03-19,SBUX,98.2699966430664,99.52999877929688,97.94999694824219,99.19000244140625,97.14912414550781,4982700.0
2025-03-20,SBUX,98.8499984741211,99.69000244140625,98.66999816894531,99.27999877929688,97.23726654052734,5952800.0
2025-03-21,SBUX,97.94000244140625,98.01000213623047,96.29000091552734,97.06999969482422,95.07273864746094,11366000.0
2025-03-24,SBUX,98.02999877929688,98.19999694824219,95.62999725341797,95.72000122070312,93.7505111694336,8265000.0
2025-03-25,SBUX,96.19000244140625,96.97000122070312,94.7699966430664,95.87999725341797,93.9072265625,6984800.0
2025-03-26,SBUX,96.0,98.38999938964844,96.0,97.97000122070312,95.95423126220703,9561600.0
2025-03-27,SBUX,97.9000015258789,99.91999816894531,97.54000091552734,98.8499984741211,96.81611633300781,9141000.0
2025-03-28,SBUX,98.0,98.48999786376953,97.05999755859375,97.7300033569336,95.71916961669922,8066200.0
2025-03-31,SBUX,96.62000274658203,98.81999969482422,94.58000183105469,98.08999633789062,96.07174682617188,11302900.0
2025-04-01,SBUX,97.8499984741211,98.9000015258789,97.12999725341797,98.2300033569336,96.20887756347656,5868400.0
2025-04-02,SBUX,97.41000366210938,99.75,97.41000366210938,99.41000366210938,97.3646011352539,6043300.0
2025-04-03,SBUX,93.3499984741211,93.38999938964844,87.6500015258789,88.26000213623047,86.44401550292969,20490100.0
2025-04-04,SBUX,84.66000366210938,85.43000030517578,81.30000305175781,82.0999984741211,80.41075897216797,19700100.0
2025-04-07,SBUX,78.62999725341797,83.2699966430664,76.1500015258789,80.0,78.35396575927734,26099400.0
2025-04-08,SBUX,83.06999969482422,83.4800033569336,78.69000244140625,79.69000244140625,78.05033874511719,20534600.0
2025-04-09,SBUX,79.22000122070312,89.12999725341797,77.93000030517578,88.68000030517578,86.85537719726562,26668100.0
2025-04-10,SBUX,86.11000061035156,86.58000183105469,81.66999816894531,84.5999984741211,82.85931396484375,16209300.0
2025-04-11,SBUX,84.43000030517578,85.81999969482422,82.08000183105469,85.43000030517578,83.67223358154297,10059700.0
2025-04-14,SBUX,86.31999969482422,86.7699966430664,83.4000015258789,85.48999786376953,83.73101043701172,8880500.0
2025-04-15,SBUX,85.5,86.05999755859375,83.45999908447266,83.70999908447266,81.98762512207031,7088600.0
2025-04-16,SBUX,83.30000305175781,83.5199966430664,79.88999938964844,80.76000213623047,79.09833526611328,13080800.0
2025-04-17,SBUX,81.25,82.55000305175781,81.19999694824219,81.5,79.8230972290039,9787500.0
2025-04-21,SBUX,80.36000061035156,80.81999969482422,78.12999725341797,80.68000030517578,79.01997375488281,10595600.0
2025-04-22,SBUX,81.91000366210938,83.48999786376953,81.62000274658203,81.75,80.06796264648438,10408600.0
2025-04-23,SBUX,84.0,85.73999786376953,82.6500015258789,82.80999755859375,81.10614776611328,9114400.0
2025-04-24,SBUX,82.38999938964844,84.13999938964844,81.58000183105469,83.86000061035156,82.13453674316406,6798100.0
2025-04-25,SBUX,83.62999725341797,83.98999786376953,82.45999908447266,83.80999755859375,82.0855712890625,5799400.0
2025-04-28,SBUX,84.33000183105469,85.05999755859375,83.2699966430664,83.9000015258789,82.17372131347656,7091400.0
2025-04-29,SBUX,83.63999938964844,85.06999969482422,83.19999694824219,84.8499984741211,83.10417175292969,16356900.0
2025-04-30,SBUX,76.37000274658203,80.27999877929688,75.5,80.05000305175781,78.40293884277344,41297000.0
2025-05-01,SBUX,80.70999908447266,82.70999908447266,80.2699966430664,82.01000213623047,80.32260131835938,18326700.0
2025-05-02,SBUX,82.58999633789062,84.83000183105469,82.05000305175781,84.69000244140625,82.94746398925781,13512900.0
2025-05-05,SBUX,84.0,84.08000183105469,81.58999633789062,81.66000366210938,79.97981262207031,13361900.0
2025-05-06,SBUX,81.0,83.37000274658203,80.61000061035156,82.77999877929688,81.0767593383789,10709500.0
2025-05-07,SBUX,82.97000122070312,83.2300033569336,82.13999938964844,82.70999908447266,81.0082015991211,8224800.0
2025-05-08,SBUX,83.33999633789062,83.5999984741211,81.69000244140625,82.19000244140625,80.49890899658203,8759800.0
2025-05-09,SBUX,82.41000366210938,82.66999816894531,80.19999694824219,80.30000305175781,78.64779663085938,8210700.0
2025-05-12,SBUX,83.6500015258789,86.54000091552734,83.63999938964844,85.66999816894531,83.90729522705078,17241500.0
2025-05-13,SBUX,85.87000274658203,87.13999938964844,85.0999984741211,86.87999725341797,85.09239959716797,11533700.0
2025-05-14,SBUX,86.70999908447266,87.62999725341797,85.73999786376953,86.54000091552734,84.7593994140625,12741500.0
2025-05-15,SBUX,86.54000091552734,87.77999877929688,85.81999969482422,87.26000213623047,85.46458435058594,13721900.0
2025-05-16,SBUX,86.62000274658203,86.91000366210938,84.27999877929688,85.56999969482422,84.39936828613281,13109500.0
2025-05-19,SBUX,84.44999694824219,85.13999938964844,84.11000061035156,84.61000061035156,83.45249938964844,9568100.0
2025-05-20,SBUX,84.5199966430664,86.1500015258789,84.44999694824219,85.58999633789062,84.4190902709961,9310600.0
2025-05-21,SBUX,84.41000366210938,85.51000213623047,82.51000213623047,82.9800033569336,81.84479522705078,10875400.0
2025-05-22,SBUX,83.22000122070312,84.4800033569336,82.72000122070312,83.97000122070312,82.82125091552734,8440400.0
2025-05-23,SBUX,82.58000183105469,84.83000183105469,82.56999969482422,84.4000015258789,83.24536895751953,7088200.0
2025-05-27,SBUX,85.43000030517578,87.08999633789062,85.22000122070312,87.01000213623047,85.81966400146484,10922300.0
2025-05-28,SBUX,87.43000030517578,87.5999984741211,84.54000091552734,86.0,84.82347869873047,12328500.0
2025-05-29,SBUX,84.9000015258789,85.69999694824219,83.69999694824219,84.05000305175781,82.90015411376953,10308700.0
2025-05-30,SBUX,83.94000244140625,84.2699966430664,83.19000244140625,83.94999694824219,82.80152893066406,7394100.0
2025-06-02,SBUX,83.27999877929688,85.30000305175781,83.19000244140625,85.19000244140625,84.02456665039062,8258900.0
2025-06-03,SBUX,85.06999969482422,87.48999786376953,84.4000015258789,86.5999984741211,85.41526794433594,8287700.0
2025-06-04,SBUX,86.62999725341797,88.54000091552734,86.0199966430664,88.11000061035156,86.90461730957031,8740900.0
2025-06-05,SBUX,88.18000030517578,88.41000366210938,86.86000061035156,86.98999786376953,85.79993438720703,8476100.0
2025-06-06,SBUX,88.4000015258789,89.88999938964844,88.23999786376953,89.63999938964844,88.41368103027344,8772900.0
2025-06-09,SBUX,89.08000183105469,91.13999938964844,89.08000183105469,90.66999816894531,89.4295883178711,8097300.0
2025-06-10,SBUX,89.9000015258789,91.88999938964844,89.52999877929688,91.43000030517578,90.17919158935547,6911100.0
2025-06-11,SBUX,92.11000061035156,95.91000366210938,92.0,95.38999938964844,94.08501434326172,14835500.0
2025-06-12,SBUX,94.68000030517578,95.06999969482422,93.97000122070312,94.31999969482422,93.02965545654297,7183300.0
2025-06-13,SBUX,93.5,94.61000061035156,93.16000366210938,93.26000213623047,91.98416137695312,7119900.0
2025-06-16,SBUX,93.9800033569336,94.43000030517578,92.94000244140625,93.4800033569336,92.2011489868164,5871000.0
2025-06-17,SBUX,93.16000366210938,93.20999908447266,90.79000091552734,91.58999633789062,90.33700561523438,6183000.0
2025-06-18,SBUX,91.87999725341797,92.58000183105469,91.2300033569336,92.27999877929688,91.01756286621094,7319300.0
2025-06-20,SBUX,93.08000183105469,93.80000305175781,92.4000015258789,93.12000274658203,91.84607696533203,9197000.0
2025-06-23,SBUX,93.19999694824219,93.20999908447266,90.73999786376953,92.33999633789062,91.07674407958984,7533000.0
2025-06-24,SBUX,92.91000366210938,93.83999633789062,90.30999755859375,91.5,90.24823760986328,11373900.0
2025-06-25,SBUX,91.76000213623047,92.0,90.62000274658203,91.0999984741211,89.85371398925781,6929600.0
2025-06-26,SBUX,92.0999984741211,92.19999694824219,90.41999816894531,91.83999633789062,90.58358001708984,6571600.0
2025-06-27,SBUX,91.7699966430664,92.72000122070312,90.33000183105469,92.11000061035156,90.84989166259766,21491600.0
2025-06-30,SBUX,92.41999816894531,94.16000366210938,91.08000183105469,91.62999725341797,90.37644958496094,10083300.0
2025-07-01,SBUX,91.54000091552734,95.86000061035156,91.54000091552734,94.91999816894531,93.62144470214844,9828400.0
2025-07-02,SBUX,95.27999877929688,95.30000305175781,93.3499984741211,94.18000030517578,92.89157104492188,7942300.0
2025-07-03,SBUX,94.19999694824219,94.6500015258789,93.76000213623047,94.44000244140625,93.14802551269531,3557300.0
2025-07-07,SBUX,94.16000366210938,94.94999694824219,92.97000122070312,93.63999938964844,92.35896301269531,5311200.0
2025-07-08,SBUX,94.05999755859375,95.75,93.77999877929688,94.94000244140625,93.64118194580078,6985700.0
2025-07-09,SBUX,97.55000305175781,97.88999938964844,94.66000366210938,95.25,93.94693756103516,8322400.0
2025-07-10,SBUX,94.87999725341797,95.73999786376953,93.55000305175781,95.1500015258789,93.84830474853516,6913600.0
2025-07-11,SBUX,94.37000274658203,95.31999969482422,94.13999938964844,94.94000244140625,93.64118194580078,6339800.0
2025-07-14,SBUX,93.68000030517578,93.95999908447266,92.2699966430664,93.41999816894531,92.14197540283203,6048300.0
2025-07-15,SBUX,93.62000274658203,94.30000305175781,92.1500015258789,92.4800033569336,91.21482849121094,8567900.0
2025-07-16,SBUX,92.66000366210938,93.27999877929688,91.55999755859375,92.51000213623047,91.24442291259766,7136900.0
2025-07-17,SBUX,90.7300033569336,93.29000091552734,90.56999969482422,93.19000244140625,91.91512298583984,8589000.0
2025-07-18,SBUX,94.04000091552734,94.45999908447266,93.25,93.80000305175781,92.51676940917969,5172800.0
2025-07-21,SBUX,94.30000305175781,95.29000091552734,92.61000061035156,92.66000366210938,91.39237213134766,7217300.0
2025-07-22,SBUX,92.94999694824219,97.16000366210938,92.8499984741211,96.94000244140625,95.61381530761719,9992400.0
2025-07-23,SBUX,97.3499984741211,98.18000030517578,95.54000091552734,95.91999816894531,94.6077651977539,11275300.0
2025-07-24,SBUX,95.5,95.58000183105469,93.41999816894531,93.69999694824219,92.41813659667969,7897600.0
2025-07-25,SBUX,93.4000015258789,94.4800033569336,92.30999755859375,94.41999816894531,93.12828826904297,7224100.0
2025-07-28,SBUX,94.93000030517578,95.73999786376953,93.45999908447266,93.66999816894531,92.38854217529297,10333600.0
2025-07-29,SBUX,93.25,94.38999938964844,91.77999877929688,92.95999908447266,91.68826293945312,20923600.0
2025-07-30,SBUX,97.83000183105469,98.88999938964844,90.06999969482422,92.76000213623047,91.49100494384766,44794700.0
2025-07-31,SBUX,91.5999984741211,93.06999969482422,88.43000030517578,89.16000366210938,87.94024658203125,16565400.0
2025-08-01,SBUX,88.38999938964844,88.5,85.48999786376953,86.86000061035156,85.67171478271484,16221300.0
2025-08-04,SBUX,87.08000183105469,90.11000061035156,86.94000244140625,89.77999877929688,88.55177307128906,12500400.0
2025-08-05,SBUX,89.6500015258789,90.55999755859375,89.30999755859375,90.19999694824219,88.96601867675781,6994400.0
2025-08-06,SBUX,90.20999908447266,90.36000061035156,88.81999969482422,88.98999786376953,87.77256774902344,7869100.0
2025-08-07,SBUX,89.7300033569336,91.36000061035156,89.48999786376953,91.0199966430664,89.7748031616211,9891800.0
2025-08-08,SBUX,90.7699966430664,92.20999908447266,90.75,92.12000274658203,90.85975646972656,8035300.0
2025-08-11,SBUX,92.04000091552734,92.44000244140625,90.48999786376953,91.73999786376953,90.48495483398438,9504400.0
2025-08-12,SBUX,93.44000244140625,94.8499984741211,93.08000183105469,93.37000274658203,92.09265899658203,9669300.0
2025-08-13,SBUX,93.18000030517578,94.69000244140625,92.73999786376953,94.18000030517578,92.89157104492188,6493400.0
2025-08-14,SBUX,93.61000061035156,93.61000061035156,92.08000183105469,93.05999755859375,91.78689575195312,9803500.0
2025-08-15,SBUX,92.55000305175781,92.7300033569336,90.37000274658203,90.5999984741211,89.95016479492188,8059700.0
2025-08-18,SBUX,90.30999755859375,93.58000183105469,89.9000015258789,92.54000091552734,91.87625122070312,7376200.0
2025-08-19,SBUX,92.54000091552734,92.97000122070312,90.7300033569336,90.93000030517578,90.27779388427734,6815800.0
2025-08-20,SBUX,90.95999908447266,91.31999969482422,89.44999694824219,89.51000213623047,88.86798095703125,5814000.0
2025-08-21,SBUX,89.02999877929688,89.19000244140625,88.11000061035156,88.55999755859375,87.92479705810547,5669200.0
2025-08-22,SBUX,89.12999725341797,89.8499984741211,88.30999755859375,88.37999725341797,87.74608612060547,7625500.0
2025-08-25,SBUX,88.22000122070312,88.31999969482422,85.70999908447266,85.80999755859375,85.19451904296875,11013500.0
2025-08-26,SBUX,85.88999938964844,87.19999694824219,85.56999969482422,86.62999725341797,86.00863647460938,9315200.0
2025-08-27,SBUX,86.62999725341797,88.30999755859375,86.5,87.66000366210938,87.03125762939453,7677900.0
2025-08-28,SBUX,88.22000122070312,88.45999908447266,87.5999984741211,88.0199966430664,87.38866424560547,7905600.0
2025-08-29,SBUX,88.0,88.56999969482422,87.4000015258789,88.19000244140625,87.55744934082031,6315200.0
2025-09-02,SBUX,87.83999633789062,89.98999786376953,87.18000030517578,89.77999877929688,89.13604736328125,10466200.0
2025-09-03,SBUX,89.4000015258789,89.4800033569336,86.29000091552734,87.25,86.62419128417969,10201000.0
2025-09-04,SBUX,87.16999816894531,87.7699966430664,86.38999938964844,87.01000213623047,86.38591766357422,6799200.0
2025-09-05,SBUX,86.86000061035156,87.3499984741211,85.05999755859375,85.43000030517578,84.81724548339844,9047200.0
2025-09-08,SBUX,85.5,85.5,83.68000030517578,84.16999816894531,83.5662841796875,9213700.0
2025-09-09,SBUX,84.19999694824219,84.68000030517578,83.2699966430664,83.80999755859375,83.2088623046875,8635800.0
2025-09-10,SBUX,83.87000274658203,84.0,82.7699966430664,82.87999725341797,82.28553009033203,8108000.0
2025-09-11,SBUX,83.29000091552734,83.93000030517578,82.12999725341797,82.36000061035156,81.7692642211914,12046600.0
2025-09-12,SBUX,82.37000274658203,82.54000091552734,81.19999694824219,81.9000015258789,81.31256866455078,9996200.0
2025-09-15,SBUX,82.08000183105469,83.87000274658203,81.9800033569336,82.68000030517578,82.08696746826172,9685900.0
2025-09-16,SBUX,83.02999877929688,84.7300033569336,83.0,84.37000274658203,83.76485443115234,10244300.0
2025-09-17,SBUX,84.4800033569336,84.86000061035156,82.95999908447266,83.22000122070312,82.62310028076172,6632200.0
2025-09-18,SBUX,83.13999938964844,83.5999984741211,82.62999725341797,83.41999816894531,82.82166290283203,7163700.0
2025-09-19,SBUX,84.12999725341797,85.22000122070312,83.37999725341797,84.55999755859375,83.95348358154297,15315900.0
2025-09-22,SBUX,84.2300033569336,85.4000015258789,83.69000244140625,85.29000091552734,84.67825317382812,7881700.0
2025-09-23,SBUX,85.1500015258789,86.18000030517578,84.8499984741211,85.69000244140625,85.07538604736328,8765500.0
2025-09-24,SBUX,85.58000183105469,85.6500015258789,84.12999725341797,84.2699966430664,83.66556549072266,9664000.0
2025-09-25,SBUX,84.54000091552734,84.66999816894531,82.88999938964844,83.83000183105469,83.22872161865234,8670500.0
2025-09-26,SBUX,83.8499984741211,84.62000274658203,82.9000015258789,83.38999938964844,82.79187774658203,6955500.0
2025-09-29,SBUX,83.6500015258789,85.83999633789062,83.55000305175781,85.63999938964844,85.02574157714844,11222800.0
2025-09-30,SBUX,85.2300033569336,85.25,84.18000030517578,84.5999984741211,83.99319458007812,7574200.0
2025-10-01,SBUX,84.45999908447266,85.13999938964844,83.95999908447266,84.4000015258789,83.79463195800781,8155200.0
2025-10-02,SBUX,84.25,87.26000213623047,84.02999877929688,86.72000122070312,86.09799194335938,9461500.0
2025-10-03,SBUX,86.5,86.9000015258789,85.95999908447266,86.41999816894531,85.80014038085938,7634500.0
2025-10-06,SBUX,86.29000091552734,86.29000091552734,82.05999755859375,82.11000061035156,81.52105712890625,14996700.0
2025-10-07,SBUX,82.16000366210938,82.45999908447266,80.79000091552734,81.29000091552734,80.70693969726562,10070100.0
2025-10-08,SBUX,81.12999725341797,81.12999725341797,79.93000030517578,80.04000091552734,79.46590423583984,12397700.0
2025-10-09,SBUX,80.12000274658203,80.45999908447266,79.43000030517578,79.77999877929688,79.20777130126953,9075700.0
2025-10-10,SBUX,79.66000366210938,81.20999908447266,78.41000366210938,78.45999908447266,77.8972396850586,11129800.0
2025-10-13,SBUX,78.8499984741211,80.44000244140625,78.51000213623047,80.02999877929688,79.45597839355469,8052000.0
2025-10-14,SBUX,79.25,81.4800033569336,79.02999877929688,81.1500015258789,80.56794738769531,7510300.0
2025-10-15,SBUX,81.69999694824219,83.31999969482422,81.56999969482422,82.86000061035156,82.26567840576172,11094300.0
2025-10-16,SBUX,83.19999694824219,84.88999938964844,83.04000091552734,84.33999633789062,83.73506164550781,11552100.0
2025-10-17,SBUX,84.25,85.94000244140625,84.0199966430664,85.36000061035156,84.74774932861328,8527600.0
2025-10-20,SBUX,85.69000244140625,86.33999633789062,84.43000030517578,84.52999877929688,83.92369842529297,7679700.0
2025-10-21,SBUX,84.13999938964844,86.51000213623047,83.6500015258789,85.9000015258789,85.28387451171875,8262500.0
2025-10-22,SBUX,85.76000213623047,86.0,84.9000015258789,85.5,84.8867416381836,5286300.0
2025-10-23,SBUX,85.4800033569336,85.9000015258789,84.9800033569336,85.44000244140625,84.82717895507812,4565500.0
2025-10-24,SBUX,86.0999984741211,86.83999633789062,85.86000061035156,86.08999633789062,85.4725112915039,5844600.0
2025-10-27,SBUX,86.27999877929688,87.44000244140625,86.11000061035156,87.22000122070312,86.59440612792969,7164600.0
2025-10-28,SBUX,86.9000015258789,87.54000091552734,85.30999755859375,85.43000030517578,84.81724548339844,11545600.0
2025-10-29,SBUX,84.13999938964844,84.88999938964844,83.27999877929688,84.16999816894531,83.5662841796875,13881700.0
2025-10-30,SBUX,82.2300033569336,86.05000305175781,81.25,83.1500015258789,82.55360412597656,18337500.0
2025-10-31,SBUX,82.7699966430664,82.77999877929688,80.22000122070312,80.87000274658203,80.28995513916016,13598000.0
2025-11-03,SBUX,80.93000030517578,81.91999816894531,80.5999984741211,80.95999908447266,80.37930297851562,9525100.0
2025-11-04,SBUX,81.18000030517578,81.19999694824219,77.98999786376953,79.5999984741211,79.02906036376953,17774600.0
2025-11-05,SBUX,79.5999984741211,83.11000061035156,79.04000091552734,82.87999725341797,82.28553009033203,17996200.0
2025-11-06,SBUX,82.56999969482422,83.8499984741211,81.86000061035156,82.22000122070312,81.6302719116211,10382800.0
2025-11-07,SBUX,82.33999633789062,85.94999694824219,81.76000213623047,85.56999969482422,84.95624542236328,15009900.0
2025-11-10,SBUX,86.05999755859375,86.1500015258789,84.02999877929688,84.5999984741211,83.99319458007812,10507600.0
2025-11-11,SBUX,84.9800033569336,87.04000091552734,84.9000015258789,86.41999816894531,85.80014038085938,9575800.0
2025-11-12,SBUX,87.62999725341797,89.05999755859375,87.12999725341797,87.26000213623047,86.63412475585938,11975800.0
2025-11-13,SBUX,86.76000213623047,87.29000091552734,86.19000244140625,86.44000244140625,85.82000732421875,10507700.0
2025-11-14,SBUX,85.61000061035156,86.5,84.0,84.77999877929688,84.77999877929688,13434600.0
2025-11-17,SBUX,85.19000244140625,86.8499984741211,83.44999694824219,83.69000244140625,83.69000244140625,8547200.0
2025-11-18,SBUX,83.61000061035156,83.83999633789062,82.33999633789062,83.33000183105469,83.33000183105469,7189400.0
2025-11-19,SBUX,83.26000213623047,84.38999938964844,83.02999877929688,83.68000030517578,83.68000030517578,6195100.0
2025-11-20,SBUX,84.02999877929688,85.2300033569336,82.54000091552734,82.62000274658203,82.62000274658203,8966300.0
2025-11-21,SBUX,82.5199966430664,86.58000183105469,82.5199966430664,85.3499984741211,85.3499984741211,10227700.0
2025-11-24,SBUX,85.26000213623047,85.58999633789062,82.83000183105469,83.33999633789062,83.33999633789062,10805800.0
2025-11-25,SBUX,82.83000183105469,86.0199966430664,82.81999969482422,85.91000366210938,85.91000366210938,9265300.0
2025-11-26,SBUX,85.5,87.29000091552734,85.5,86.69999694824219,86.69999694824219,7602600.0
2025-11-28,SBUX,87.02999877929688,87.27999877929688,86.4000015258789,87.11000061035156,87.11000061035156,3677600.0
2025-12-01,SBUX,86.20999908447266,86.5,84.7699966430664,84.91000366210938,84.91000366210938,8752100.0
2025-12-02,SBUX,85.02999877929688,86.0,84.22000122070312,85.19999694824219,85.19999694824219,9001900.0
2025-12-03,SBUX,85.02999877929688,87.5,84.97000122070312,87.11000061035156,87.11000061035156,9303900.0
2025-12-04,SBUX,87.30000305175781,87.87000274658203,84.75,85.0,85.0,10555100.0
2025-12-05,SBUX,84.91000366210938,86.51000213623047,84.80000305175781,85.12000274658203,85.12000274658203,9402900.0
2025-12-08,SBUX,85.12999725341797,85.5,83.13999938964844,83.41000366210938,83.41000366210938,10277600.0
2025-12-09,SBUX,83.31999969482422,83.33000183105469,82.0199966430664,82.27999877929688,82.27999877929688,10322900.0
2025-12-10,SBUX,82.20999908447266,84.0,81.97000122070312,83.8499984741211,83.8499984741211,10539600.0
2025-12-11,SBUX,84.22000122070312,85.0,83.73999786376953,84.73999786376953,84.73999786376953,6894000.0
2025-12-12,SBUX,85.11000061035156,85.93000030517578,84.86000061035156,85.3499984741211,85.3499984741211,9071500.0
2025-12-15,SBUX,86.0,87.55999755859375,84.66000366210938,85.4000015258789,85.4000015258789,11718600.0
2025-12-16,SBUX,85.63999938964844,86.54000091552734,84.72000122070312,85.08000183105469,85.08000183105469,7481400.0
2025-12-17,SBUX,84.56999969482422,85.83000183105469,84.5,85.20999908447266,85.20999908447266,7947000.0
2025-12-18,SBUX,87.69000244140625,90.58000183105469,87.30000305175781,89.41999816894531,89.41999816894531,16466100.0
2025-12-19,SBUX,89.22000122070312,89.26000213623047,88.25,88.33000183105469,88.33000183105469,16986700.0
2025-12-22,SBUX,88.16000366210938,88.62000274658203,86.04000091552734,86.16999816894531,86.16999816894531,7161600.0
2025-12-23,SBUX,86.0199966430664,86.13999938964844,83.37999725341797,83.86000061035156,83.86000061035156,9511300.0
2025-12-24,SBUX,83.83999633789062,84.62000274658203,83.47000122070312,84.56999969482422,84.56999969482422,3462700.0
2025-12-26,SBUX,84.58000183105469,85.16000366210938,84.41999816894531,85.08000183105469,85.08000183105469,5046200.0
2025-12-29,SBUX,85.12000274658203,86.79000091552734,84.9800033569336,85.56999969482422,85.56999969482422,5352400.0
2025-12-30,SBUX,85.23999786376953,85.75,85.05000305175781,85.25,85.25,4540500.0
