Date,Ticker,Open,High,Low,Close,Adj Close,Volume
2015-01-02,T,25.37009048461914,25.657100677490234,25.37009048461914,25.581571578979492,11.522751808166504,27226736.0
2015-01-05,T,25.581571578979492,25.619335174560547,25.31722068786621,25.33987808227539,11.413884162902832,40288128.0
2015-01-06,T,25.50604248046875,25.5362548828125,25.18882179260254,25.377643585205078,11.430898666381836,39184839.0
2015-01-07,T,25.362537384033203,25.37009048461914,24.720544815063477,25.05286979675293,11.49754524230957,41917840.0
2015-01-08,T,25.10573959350586,25.362537384033203,25.037763595581055,25.302114486694336,11.611929893493652,30186935.0
2015-01-09,T,25.392749786376953,25.445619583129883,25.219032287597656,25.226585388183594,11.577268600463867,28456070.0
2015-01-12,T,25.37009048461914,25.498489379882812,25.28700828552246,25.2945613861084,11.608465194702148,26704948.0
2015-01-13,T,25.468278884887695,25.619335174560547,25.128398895263672,25.2945613861084,11.608465194702148,32120637.0
2015-01-14,T,25.13595199584961,25.26435089111328,24.954683303833008,25.173715591430664,11.553003311157227,29251794.0
2015-01-15,T,25.2945613861084,25.430513381958008,25.060422897338867,25.120845794677734,11.528738021850586,34160392.0
2015-01-16,T,25.030210494995117,25.574018478393555,25.030210494995117,25.528701782226562,11.71591567993164,49685616.0
2015-01-20,T,25.581571578979492,25.649547576904297,25.33987808227539,25.64199447631836,11.76791000366211,26821460.0
2015-01-21,T,25.5362548828125,25.853473663330078,25.415407180786133,25.679758071899414,11.78524398803711,46140473.0
2015-01-22,T,25.55891227722168,25.626888275146484,25.143505096435547,25.521148681640625,11.71245002746582,46017076.0
2015-01-23,T,25.528701782226562,25.528701782226562,25.1812686920166,25.20392608642578,11.566865921020508,33695800.0
2015-01-26,T,25.166162490844727,25.1812686920166,24.962236404418945,25.060422897338867,11.501008033752441,37778354.0
2015-01-27,T,24.992446899414062,25.015106201171875,24.780967712402344,24.780967712402344,11.372761726379395,40787276.0
2015-01-28,T,25.279455184936523,25.407854080200195,24.652568817138672,24.68277931213379,11.327698707580566,60702355.0
2015-01-29,T,24.68277931213379,25.0,24.478851318359375,24.89426040649414,11.424755096435547,41138534.0
2015-01-30,T,24.750755310058594,25.249244689941406,24.71299171447754,24.86404800415039,11.410887718200684,74515912.0
2015-02-02,T,25.15860939025879,25.392749786376953,24.773414611816406,25.347431182861328,11.632726669311523,49371298.0
2015-02-03,T,25.42296028137207,25.936555862426758,25.415407180786133,25.936555862426758,11.903094291687012,55119974.0
2015-02-04,T,25.92900276184082,26.24622344970703,25.853473663330078,25.989425659179688,11.927356719970703,39537685.0
2015-02-05,T,26.049848556518555,26.132930755615234,25.921449661254883,26.08761215209961,11.972419738769531,25257154.0
2015-02-06,T,26.049848556518555,26.472810745239258,25.989425659179688,26.33685874938965,12.086808204650879,36686981.0
2015-02-09,T,26.21601104736328,26.367069244384766,26.125377655029297,26.16314125061035,12.00708293914795,26626434.0
2015-02-10,T,26.32930564880371,26.4879150390625,26.27643585205078,26.321752548217773,12.07987117767334,26313308.0
2015-02-11,T,26.27643585205078,26.3066463470459,25.868579864501953,25.974319458007812,11.920426368713379,42241293.0
2015-02-12,T,25.989425659179688,26.148035049438477,25.861026763916016,26.140483856201172,11.996683120727539,26302054.0
2015-02-13,T,26.095165252685547,26.231117248535156,25.95921516418457,26.178247451782227,12.014016151428223,21293098.0
2015-02-17,T,26.132930755615234,26.231117248535156,26.019636154174805,26.21601104736328,12.031341552734375,25493090.0
2015-02-18,T,26.231117248535156,26.231117248535156,25.944108963012695,26.049848556518555,11.955087661743164,22638546.0
2015-02-19,T,26.042295455932617,26.042295455932617,25.702417373657227,25.74773406982422,11.816436767578125,25044784.0
2015-02-20,T,25.72507667541504,25.74018096923828,25.543806076049805,25.74018096923828,11.812973976135254,28177368.0
2015-02-23,T,25.657100677490234,25.7175235748291,25.483383178710938,25.566465377807617,11.73324966430664,31006491.0
2015-02-24,T,25.490936279296875,25.77039337158203,25.377643585205078,25.7175235748291,11.802573204040527,25661768.0
2015-02-25,T,25.77794647216797,25.84592056274414,25.664653778076172,25.838369369506836,11.85803508758545,23617777.0
2015-02-26,T,25.77039337158203,26.125377655029297,25.72507667541504,26.057401657104492,11.958553314208984,30658809.0
2015-02-27,T,25.996978759765625,26.11782455444336,25.966766357421875,26.102718353271484,11.979353904724121,26299406.0
2015-03-02,T,26.102718353271484,26.17069435119629,25.838369369506836,26.16314125061035,12.00708293914795,28648182.0
2015-03-03,T,26.080059051513672,26.17069435119629,25.944108963012695,25.989425659179688,11.927356719970703,26747978.0
2015-03-04,T,26.019636154174805,26.019636154174805,25.657100677490234,25.679758071899414,11.78524398803711,30971405.0
2015-03-05,T,25.79305076599121,25.8308162689209,25.672204971313477,25.679758071899414,11.78524398803711,19229908.0
2015-03-06,T,25.362537384033203,25.50604248046875,25.20392608642578,25.28700828552246,11.604998588562012,52644226.0
2015-03-09,T,25.26435089111328,25.37009048461914,25.15860939025879,25.18882179260254,11.5599365234375,25771925.0
2015-03-10,T,25.120845794677734,25.120845794677734,24.73564910888672,24.75830841064453,11.362361907958984,42989618.0
2015-03-11,T,24.833837509155273,24.84139060974121,24.561933517456055,24.637462615966797,11.30689811706543,38424598.0
2015-03-12,T,24.803625106811523,25.08308219909668,24.697885513305664,25.022659301757812,11.483678817749023,35770243.0
2015-03-13,T,24.91691780090332,24.94713020324707,24.622356414794922,24.743202209472656,11.355428695678711,35493792.0
2015-03-16,T,24.76586151123047,25.0,24.68277931213379,24.969789505004883,11.459416389465332,27183706.0
2015-03-17,T,24.81117820739746,25.015106201171875,24.750755310058594,24.84894371032715,11.403956413269043,31647837.0
2015-03-18,T,24.871601104736328,25.37009048461914,24.690332412719727,25.37009048461914,11.6431245803833,63352473.0
2015-03-19,T,25.309667587280273,25.309667587280273,25.060422897338867,25.075529098510742,11.50794506072998,26365739.0
2015-03-20,T,25.128398895263672,25.377643585205078,25.08308219909668,25.098186492919922,11.518340110778809,51174983.0
2015-03-23,T,25.20392608642578,25.438066482543945,25.13595199584961,25.13595199584961,11.535673141479492,31754551.0
2015-03-24,T,25.098186492919922,25.24169158935547,24.977340698242188,24.977340698242188,11.46288013458252,26648413.0
2015-03-25,T,24.939577102661133,25.007553100585938,24.637462615966797,24.637462615966797,11.30689811706543,38611944.0
2015-03-26,T,24.645015716552734,25.022659301757812,24.62990951538086,24.78852081298828,11.376226425170898,40546441.0
2015-03-27,T,24.879154205322266,24.886707305908203,24.697885513305664,24.73564910888672,11.351958274841309,27608975.0
2015-03-30,T,24.78852081298828,24.954683303833008,24.773414611816406,24.901813507080078,11.428218841552734,25029293.0
2015-03-31,T,24.901813507080078,24.94713020324707,24.66012191772461,24.66012191772461,11.317298889160156,36939865.0
2015-04-01,T,24.637462615966797,24.856494903564453,24.57703971862793,24.84139060974121,11.40048885345459,33583260.0
2015-04-02,T,24.84894371032715,25.098186492919922,24.78852081298828,25.022659301757812,11.483678817749023,25518644.0
2015-04-06,T,25.037763595581055,25.23413848876953,24.969789505004883,25.173715591430664,11.553003311157227,30415590.0
2015-04-07,T,25.18882179260254,25.26435089111328,25.045316696166992,25.045316696166992,11.494080543518066,31782620.0
2015-04-08,T,24.720544815063477,24.81117820739746,24.59969711303711,24.66012191772461,11.533738136291504,28308709.0
2015-04-09,T,24.607250213623047,24.76586151123047,24.501510620117188,24.690332412719727,11.547869682312012,27901579.0
2015-04-10,T,24.750755310058594,24.79607391357422,24.66012191772461,24.750755310058594,11.576132774353027,19944206.0
2015-04-13,T,24.743202209472656,24.977340698242188,24.697885513305664,24.833837509155273,11.614988327026367,30095844.0
2015-04-14,T,24.86404800415039,24.871601104736328,24.637462615966797,24.690332412719727,11.547869682312012,24182992.0
2015-04-15,T,24.7054386138916,24.89426040649414,24.652568817138672,24.84139060974121,11.618525505065918,26289344.0
2015-04-16,T,24.743202209472656,24.84894371032715,24.697885513305664,24.73564910888672,11.569068908691406,23298825.0
2015-04-17,T,24.66012191772461,24.697885513305664,24.448640823364258,24.554380416870117,11.484283447265625,39344249.0
2015-04-20,T,24.66012191772461,24.826284408569336,24.66012191772461,24.79607391357422,11.597328186035156,32192530.0
2015-04-21,T,24.803625106811523,24.81117820739746,24.607250213623047,24.667673110961914,11.537271499633789,26109810.0
2015-04-22,T,24.75830841064453,24.84139060974121,24.584592819213867,24.8187313079834,11.607924461364746,39422762.0
2015-04-23,T,25.26435089111328,25.98187255859375,25.173715591430664,25.853473663330078,12.091882705688477,120977720.0
2015-04-24,T,25.838369369506836,25.921449661254883,25.649547576904297,25.68731117248535,12.014163970947266,55670096.0
2015-04-27,T,25.7175235748291,25.906343460083008,25.709970474243164,25.74773406982422,12.042427062988281,32396824.0
2015-04-28,T,25.891239166259766,26.427492141723633,25.808156967163086,26.32930564880371,12.314432144165039,64463442.0
2015-04-29,T,26.11782455444336,26.608760833740234,26.08761215209961,26.25377655029297,12.279105186462402,53916590.0
2015-04-30,T,26.208459854125977,26.359516143798828,26.095165252685547,26.16314125061035,12.236715316772461,39313797.0
2015-05-01,T,26.102718353271484,26.22356414794922,25.77794647216797,25.996978759765625,12.159000396728516,45237902.0
2015-05-04,T,25.989425659179688,26.21601104736328,25.868579864501953,26.080059051513672,12.197854995727539,28207820.0
2015-05-05,T,26.049848556518555,26.11782455444336,25.42296028137207,25.468278884887695,11.911722183227539,42109820.0
2015-05-06,T,25.460725784301758,25.521148681640625,24.984893798828125,25.21147918701172,11.791616439819336,40648786.0
2015-05-07,T,25.113292694091797,25.347431182861328,25.007553100585938,25.20392608642578,11.788080215454102,29979994.0
2015-05-08,T,25.468278884887695,25.551359176635742,25.37009048461914,25.445619583129883,11.901126861572266,36650174.0
2015-05-11,T,25.415407180786133,25.45317268371582,25.21147918701172,25.2945613861084,11.830473899841309,28439123.0
2015-05-12,T,25.15860939025879,25.634441375732422,24.94713020324707,25.42296028137207,11.890525817871094,54656838.0
2015-05-13,T,25.40030288696289,25.785497665405273,25.354984283447266,25.604230880737305,11.975309371948242,46007411.0
2015-05-14,T,25.74018096923828,25.8308162689209,25.679758071899414,25.77794647216797,12.056557655334473,31655119.0
2015-05-15,T,25.762840270996094,25.974319458007812,25.68731117248535,25.92900276184082,12.127208709716797,37421668.0
2015-05-18,T,25.891239166259766,26.450151443481445,25.87613296508789,26.33685874938965,12.317963600158691,78926156.0
2015-05-19,T,26.27643585205078,26.321752548217773,25.808156967163086,25.95921516418457,12.14133358001709,50670407.0
2015-05-20,T,26.004531860351562,26.21601104736328,25.898792266845703,26.148035049438477,12.22965145111084,36118852.0
2015-05-21,T,26.095165252685547,26.601207733154297,26.072507858276367,26.4879150390625,12.388614654541016,55046624.0
2015-05-22,T,26.351964950561523,26.457704544067383,26.148035049438477,26.21601104736328,12.261445999145508,34886341.0
2015-05-26,T,26.132930755615234,26.25377655029297,25.87613296508789,26.185800552368164,12.247314453125,53827220.0
2015-05-27,T,26.24622344970703,26.510574340820312,26.132930755615234,26.397281646728516,12.346226692199707,48502886.0
2015-05-28,T,26.404834747314453,26.41238784790039,26.16314125061035,26.28398895263672,12.293238639831543,25939411.0
2015-05-29,T,26.24622344970703,26.29909324645996,26.08761215209961,26.08761215209961,12.20139217376709,39567872.0
2015-06-01,T,26.080059051513672,26.132930755615234,25.861026763916016,25.944108963012695,12.134273529052734,37384067.0
2015-06-02,T,25.95921516418457,26.080059051513672,25.891239166259766,25.951662063598633,12.137809753417969,25829651.0
2015-06-03,T,26.019636154174805,26.563444137573242,25.951662063598633,26.457704544067383,12.37448501586914,51789452.0
2015-06-04,T,26.374622344970703,26.797582626342773,26.268882751464844,26.638973236083984,12.45926570892334,74433956.0
2015-06-05,T,26.555891036987305,26.563444137573242,26.057401657104492,26.110271453857422,12.21198844909668,48608277.0
2015-06-08,T,26.057401657104492,26.22356414794922,26.049848556518555,26.125377655029297,12.2190523147583,34329731.0
2015-06-09,T,26.125377655029297,26.27643585205078,26.057401657104492,26.06495475769043,12.190793991088867,31758258.0
2015-06-10,T,26.125377655029297,26.25377655029297,26.125377655029297,26.22356414794922,12.26497745513916,41457485.0
2015-06-11,T,26.29909324645996,26.419940948486328,26.268882751464844,26.344411849975586,12.321495056152344,40303619.0
2015-06-12,T,26.24622344970703,26.404834747314453,26.16314125061035,26.17069435119629,12.240251541137695,34250688.0
2015-06-15,T,26.08761215209961,26.110271453857422,25.98187255859375,25.989425659179688,12.155465126037598,32392322.0
2015-06-16,T,25.906343460083008,26.24622344970703,25.87613296508789,26.185800552368164,12.247314453125,39362255.0
2015-06-17,T,26.22356414794922,26.321752548217773,26.08761215209961,26.28398895263672,12.293238639831543,40323612.0
2015-06-18,T,26.28398895263672,26.510574340820312,26.25377655029297,26.450151443481445,12.370959281921387,49429157.0
2015-06-19,T,26.374622344970703,26.480363845825195,26.344411849975586,26.427492141723633,12.360355377197266,47215164.0
2015-06-22,T,26.510574340820312,26.548337936401367,26.43504524230957,26.46525764465332,12.378019332885742,31228526.0
2015-06-23,T,26.865558624267578,27.379154205322266,26.820241928100586,27.122356414794922,12.685352325439453,92641472.0
2015-06-24,T,27.12990951538086,27.152568817138672,26.948640823364258,27.024169921875,12.639427185058594,44278797.0
2015-06-25,T,27.28852081298828,27.530210494995117,27.220544815063477,27.326284408569336,12.780730247497559,63002805.0
2015-06-26,T,27.477340698242188,27.492446899414062,27.122356414794922,27.280967712402344,12.75953197479248,39727812.0
2015-06-29,T,27.092145919799805,27.36404800415039,27.001510620117188,27.016616821289062,12.635891914367676,38394941.0
2015-06-30,T,27.21299171447754,27.303625106811523,26.7824764251709,26.827795028686523,12.54758071899414,41560492.0
2015-07-01,T,26.880664825439453,26.91087532043457,26.638973236083984,26.865558624267578,12.565240859985352,48951193.0
2015-07-02,T,27.07703971862793,27.137462615966797,26.918428421020508,26.986404418945312,12.621764183044434,29464693.0
2015-07-06,T,26.88821792602539,26.933534622192383,26.790029525756836,26.895769119262695,12.579370498657227,33947757.0
2015-07-07,T,27.031721115112305,27.07703971862793,26.714502334594727,27.016616821289062,12.635891914367676,35938524.0
2015-07-08,T,26.646526336669922,26.67673683166504,26.238670349121094,26.27643585205078,12.507291793823242,41827411.0
2015-07-09,T,26.450151443481445,26.46525764465332,25.92900276184082,25.974319458007812,12.363490104675293,43786401.0
2015-07-10,T,26.148035049438477,26.321752548217773,26.095165252685547,26.17069435119629,12.45695972442627,41042941.0
2015-07-13,T,26.24622344970703,26.41238784790039,26.185800552368164,26.344411849975586,12.539644241333008,35487437.0
2015-07-14,T,26.238670349121094,26.533233642578125,26.178247451782227,26.525680541992188,12.62592887878418,33288538.0
2015-07-15,T,26.510574340820312,26.533233642578125,26.1933536529541,26.231117248535156,12.485718727111816,38455448.0
2015-07-16,T,26.321752548217773,26.578550338745117,26.321752548217773,26.555891036987305,12.640310287475586,24430845.0
2015-07-17,T,26.510574340820312,26.616313934326172,26.359516143798828,26.442598342895508,12.586380004882812,28995997.0
2015-07-20,T,26.46525764465332,26.480363845825195,26.21601104736328,26.359516143798828,12.546835899353027,29415043.0
2015-07-21,T,26.185800552368164,26.185800552368164,25.974319458007812,26.110271453857422,12.428197860717773,36902131.0
2015-07-22,T,25.868579864501953,25.944108963012695,25.69486427307129,25.883686065673828,12.320343971252441,68577639.0
2015-07-23,T,25.891239166259766,25.936555862426758,25.574018478393555,25.626888275146484,12.198113441467285,49059893.0
2015-07-24,T,26.178247451782227,26.503021240234375,25.898792266845703,25.898792266845703,12.327534675598145,115520192.0
2015-07-27,T,25.84592056274414,26.178247451782227,25.69486427307129,25.921449661254883,12.338323593139648,66893246.0
2015-07-28,T,26.110271453857422,26.11782455444336,25.84592056274414,25.92900276184082,12.341915130615234,70106727.0
2015-07-29,T,26.03474235534668,26.367069244384766,25.95921516418457,26.20090675354004,12.471342086791992,56913596.0
2015-07-30,T,26.32930564880371,26.351964950561523,26.1933536529541,26.28398895263672,12.510886192321777,34369451.0
2015-07-31,T,26.389728546142578,26.427492141723633,26.22356414794922,26.238670349121094,12.489314079284668,39562312.0
2015-08-03,T,26.397281646728516,26.450151443481445,26.057401657104492,26.178247451782227,12.460552215576172,39293142.0
2015-08-04,T,26.27643585205078,26.28398895263672,26.057401657104492,26.11782455444336,12.431795120239258,34754868.0
2015-08-05,T,26.27643585205078,26.3066463470459,26.06495475769043,26.110271453857422,12.428197860717773,30236982.0
2015-08-06,T,26.095165252685547,26.125377655029297,25.64199447631836,25.861026763916016,12.30955982208252,43340081.0
2015-08-07,T,25.762840270996094,25.87613296508789,25.709970474243164,25.838369369506836,12.298773765563965,33930942.0
2015-08-10,T,25.906343460083008,26.268882751464844,25.8308162689209,26.268882751464844,12.503694534301758,38634055.0
2015-08-11,T,26.132930755615234,26.404834747314453,26.110271453857422,26.17069435119629,12.45695972442627,46873175.0
2015-08-12,T,25.574018478393555,25.732627868652344,25.26435089111328,25.69486427307129,12.230473518371582,82054238.0
2015-08-13,T,25.68731117248535,25.808156967163086,25.521148681640625,25.5362548828125,12.154970169067383,47029936.0
2015-08-14,T,25.61178207397461,25.7175235748291,25.513595581054688,25.7175235748291,12.241250991821289,30133710.0
2015-08-17,T,25.649547576904297,25.853473663330078,25.604230880737305,25.853473663330078,12.305967330932617,27870994.0
2015-08-18,T,25.80060386657715,26.004531860351562,25.77039337158203,25.944108963012695,12.349105834960938,27192577.0
2015-08-19,T,25.906343460083008,26.057401657104492,25.732627868652344,25.951662063598633,12.352700233459473,27988433.0
2015-08-20,T,25.808156967163086,26.027189254760742,25.64199447631836,25.64199447631836,12.205300331115723,50793142.0
2015-08-21,T,25.45317268371582,25.64199447631836,25.21147918701172,25.21147918701172,12.000383377075195,55126991.0
2015-08-24,T,24.30513572692871,24.690332412719727,23.391239166259766,24.448640823364258,11.63727855682373,102254241.0
2015-08-25,T,25.007553100585938,25.007553100585938,23.995468139648438,24.01812744140625,11.432361602783203,67092641.0
2015-08-26,T,24.44108772277832,24.81117820739746,24.17673683166504,24.690332412719727,11.752323150634766,65711709.0
2015-08-27,T,24.932024002075195,25.2945613861084,24.78852081298828,25.256797790527344,12.021955490112305,56389028.0
2015-08-28,T,25.1812686920166,25.26435089111328,25.0,25.143505096435547,11.968029975891113,31979896.0
2015-08-31,T,25.075529098510742,25.13595199584961,24.932024002075195,25.075529098510742,11.935669898986816,29507326.0
2015-09-01,T,24.622356414794922,24.76586151123047,24.290029525756836,24.41087532043457,11.619301795959473,43755552.0
2015-09-02,T,24.901813507080078,24.901813507080078,24.54682731628418,24.78852081298828,11.799060821533203,31899132.0
2015-09-03,T,24.901813507080078,25.10573959350586,24.86404800415039,24.954683303833008,11.878153800964355,30231422.0
2015-09-04,T,24.68277931213379,24.75830841064453,24.433534622192383,24.592145919799805,11.705586433410645,38818224.0
2015-09-08,T,24.886707305908203,25.067975997924805,24.780967712402344,25.030210494995117,11.91409969329834,24958724.0
2015-09-09,T,25.226585388183594,25.302114486694336,24.71299171447754,24.75830841064453,11.784679412841797,29868248.0
2015-09-10,T,24.750755310058594,24.803625106811523,24.584592819213867,24.73564910888672,11.773894309997559,33897445.0
2015-09-11,T,24.720544815063477,24.75830841064453,24.592145919799805,24.71299171447754,11.763107299804688,23338016.0
2015-09-14,T,24.728097915649414,24.75830841064453,24.554380416870117,24.584592819213867,11.701994895935059,24500223.0
2015-09-15,T,24.68277931213379,24.871601104736328,24.57703971862793,24.8187313079834,11.813437461853027,29620131.0
2015-09-16,T,24.8187313079834,25.0,24.743202209472656,24.879154205322266,11.842198371887207,31132801.0
2015-09-17,T,24.720544815063477,25.030210494995117,24.478851318359375,24.75830841064453,11.784679412841797,50208860.0
2015-09-18,T,24.68277931213379,24.76586151123047,24.478851318359375,24.584592819213867,11.701994895935059,59086413.0
2015-09-21,T,24.584592819213867,24.690332412719727,24.509063720703125,24.592145919799805,11.705586433410645,26308277.0
2015-09-22,T,24.41087532043457,24.509063720703125,24.267372131347656,24.373111724853516,11.601329803466797,33786759.0
2015-09-23,T,24.38821792602539,24.425981521606445,24.19939613342285,24.320241928100586,11.57615852355957,20838701.0
2015-09-24,T,24.184289932250977,24.342899322509766,24.131420135498047,24.25226593017578,11.543807983398438,32757614.0
2015-09-25,T,24.373111724853516,24.697885513305664,24.290029525756836,24.418428421020508,11.622899055480957,35885961.0
2015-09-28,T,24.365558624267578,24.425981521606445,24.078550338745117,24.093656539916992,11.468308448791504,47564568.0
2015-09-29,T,24.161630630493164,24.30513572692871,24.055891036987305,24.22205352783203,11.529428482055664,44731605.0
2015-09-30,T,24.44108772277832,24.7054386138916,24.350452423095703,24.607250213623047,11.712774276733398,46095722.0
2015-10-01,T,24.531721115112305,24.652568817138672,24.297582626342773,24.569486618041992,11.694805145263672,40799722.0
2015-10-02,T,24.425981521606445,24.652568817138672,24.31268882751465,24.652568817138672,11.734347343444824,37741812.0
2015-10-05,T,24.909366607666016,25.2945613861084,24.901813507080078,25.249244689941406,12.01836109161377,36908751.0
2015-10-06,T,25.302114486694336,25.31722068786621,25.113292694091797,25.15860939025879,11.9752197265625,36895908.0
2015-10-07,T,24.977340698242188,25.1812686920166,24.932024002075195,25.015106201171875,12.133583068847656,27817637.0
2015-10-08,T,25.007553100585938,25.23413848876953,24.826284408569336,25.226585388183594,12.236163139343262,22912085.0
2015-10-09,T,25.24169158935547,25.31722068786621,24.924470901489258,25.030210494995117,12.140910148620605,25621121.0
2015-10-12,T,25.075529098510742,25.15860939025879,24.977340698242188,25.15105628967285,12.199525833129883,18806361.0
2015-10-13,T,25.067975997924805,25.143505096435547,24.969789505004883,25.090633392333984,12.170222282409668,29324746.0
2015-10-14,T,25.098186492919922,25.219032287597656,25.0,25.128398895263672,12.188535690307617,31356160.0
2015-10-15,T,25.173715591430664,25.302114486694336,25.075529098510742,25.2945613861084,12.269133567810059,25381610.0
2015-10-16,T,25.490936279296875,25.574018478393555,25.332326889038086,25.551359176635742,12.393693923950195,44005788.0
2015-10-19,T,25.40030288696289,25.445619583129883,25.24169158935547,25.40030288696289,12.320427894592285,37404059.0
2015-10-20,T,25.37009048461914,25.566465377807617,25.31722068786621,25.490936279296875,12.364385604858398,26593864.0
2015-10-21,T,25.58912467956543,25.634441375732422,25.173715591430664,25.377643585205078,12.309435844421387,36032660.0
2015-10-22,T,25.271902084350586,25.80060386657715,25.271902084350586,25.649547576904297,12.441323280334473,44087479.0
2015-10-23,T,26.208459854125977,26.238670349121094,25.392749786376953,25.483383178710938,12.360722541809082,61210374.0
2015-10-26,T,25.490936279296875,25.498489379882812,25.28700828552246,25.42296028137207,12.33141803741455,33655021.0
2015-10-27,T,25.354984283447266,25.385196685791016,25.045316696166992,25.08308219909668,12.166557312011719,32379744.0
2015-10-28,T,25.196374893188477,25.377643585205078,25.022659301757812,25.24169158935547,12.243489265441895,36829443.0
2015-10-29,T,25.28700828552246,25.430513381958008,25.13595199584961,25.33987808227539,12.291112899780273,23622543.0
2015-10-30,T,25.392749786376953,25.490936279296875,25.309667587280273,25.309667587280273,12.276461601257324,32546303.0
2015-11-02,T,25.445619583129883,25.513595581054688,25.219032287597656,25.385196685791016,12.313095092773438,33813239.0
2015-11-03,T,25.33987808227539,25.490936279296875,25.271902084350586,25.40030288696289,12.320427894592285,23438507.0
2015-11-04,T,25.498489379882812,25.513595581054688,25.256797790527344,25.28700828552246,12.265471458435059,22900036.0
2015-11-05,T,25.2945613861084,25.347431182861328,25.128398895263672,25.1812686920166,12.21418285369873,21372935.0
2015-11-06,T,25.090633392333984,25.128398895263672,24.8187313079834,25.045316696166992,12.148237228393555,28458718.0
2015-11-09,T,24.89426040649414,24.901813507080078,24.73564910888672,24.803625106811523,12.031005859375,27055013.0
2015-11-10,T,24.8187313079834,24.84894371032715,24.67522621154785,24.76586151123047,12.012686729431152,25504609.0
2015-11-11,T,24.803625106811523,24.924470901489258,24.773414611816406,24.86404800415039,12.060312271118164,18587504.0
2015-11-12,T,24.803625106811523,24.8187313079834,24.645015716552734,24.690332412719727,11.976053237915039,23048722.0
2015-11-13,T,24.652568817138672,24.803625106811523,24.403322219848633,24.403322219848633,11.836837768554688,31282016.0
2015-11-16,T,24.433534622192383,24.962236404418945,24.335346221923828,24.954683303833008,12.104278564453125,31248518.0
2015-11-17,T,24.977340698242188,25.31722068786621,24.969789505004883,25.120845794677734,12.184873580932617,26966835.0
2015-11-18,T,25.113292694091797,25.362537384033203,24.939577102661133,25.332326889038086,12.287456512451172,29437551.0
2015-11-19,T,25.31722068786621,25.490936279296875,25.279455184936523,25.392749786376953,12.316761016845703,23783277.0
2015-11-20,T,25.483383178710938,25.513595581054688,25.33987808227539,25.42296028137207,12.33141803741455,27081890.0
2015-11-23,T,25.42296028137207,25.438066482543945,25.249244689941406,25.271902084350586,12.25814151763916,20222379.0
2015-11-24,T,25.143505096435547,25.37009048461914,25.075529098510742,25.219032287597656,12.232501983642578,23457970.0
2015-11-25,T,25.18882179260254,25.302114486694336,25.10573959350586,25.26435089111328,12.254478454589844,19332651.0
2015-11-27,T,25.302114486694336,25.513595581054688,25.28700828552246,25.354984283447266,12.298445701599121,12349080.0
2015-11-30,T,25.37009048461914,25.490936279296875,25.24169158935547,25.430513381958008,12.335075378417969,32970645.0
2015-12-01,T,25.513595581054688,25.657100677490234,25.362537384033203,25.50604248046875,12.371710777282715,22192226.0
2015-12-02,T,25.498489379882812,25.64199447631836,25.332326889038086,25.347431182861328,12.294780731201172,34227518.0
2015-12-03,T,25.385196685791016,25.42296028137207,24.932024002075195,25.0,12.12625789642334,38062749.0
2015-12-04,T,25.067975997924805,25.808156967163086,25.05286979675293,25.762840270996094,12.496272087097168,47248132.0
2015-12-07,T,25.58912467956543,25.974319458007812,25.58912467956543,25.883686065673828,12.554887771606445,44958009.0
2015-12-08,T,25.64199447631836,25.755287170410156,25.40030288696289,25.566465377807617,12.401025772094727,37627948.0
2015-12-09,T,25.490936279296875,25.853473663330078,25.279455184936523,25.354984283447266,12.298445701599121,33169113.0
2015-12-10,T,25.40030288696289,25.702417373657227,25.33987808227539,25.430513381958008,12.335075378417969,36691880.0
2015-12-11,T,25.23413848876953,25.37009048461914,24.992446899414062,25.05286979675293,12.151902198791504,35682992.0
2015-12-14,T,25.037763595581055,25.415407180786133,25.007553100585938,25.377643585205078,12.309435844421387,34951217.0
2015-12-15,T,25.468278884887695,25.626888275146484,25.23413848876953,25.5362548828125,12.38636589050293,33575978.0
2015-12-16,T,25.61178207397461,26.042295455932617,25.604230880737305,25.98187255859375,12.602516174316406,41299135.0
2015-12-17,T,25.996978759765625,26.140483856201172,25.702417373657227,25.702417373657227,12.46696662902832,36701942.0
2015-12-18,T,25.581571578979492,25.679758071899414,25.377643585205078,25.377643585205078,12.309435844421387,67810381.0
2015-12-21,T,25.619335174560547,25.762840270996094,25.490936279296875,25.74773406982422,12.488947868347168,26999538.0
2015-12-22,T,25.898792266845703,26.042295455932617,25.68731117248535,25.989425659179688,12.606178283691406,27045745.0
2015-12-23,T,26.004531860351562,26.374622344970703,26.004531860351562,26.268882751464844,12.741727828979492,25565910.0
2015-12-24,T,26.268882751464844,26.268882751464844,26.08761215209961,26.178247451782227,12.69776439666748,9085818.0
2015-12-28,T,26.148035049438477,26.344411849975586,26.132930755615234,26.25377655029297,12.73440170288086,18441202.0
2015-12-29,T,26.389728546142578,26.427492141723633,26.27643585205078,26.38217544555664,12.796680450439453,19023364.0
2015-12-30,T,26.38217544555664,26.397281646728516,26.1933536529541,26.238670349121094,12.72707462310791,18210826.0
2015-12-31,T,26.102718353271484,26.178247451782227,25.974319458007812,25.989425659179688,12.606178283691406,26826623.0
2016-01-04,T,25.74018096923828,25.944108963012695,25.679758071899414,25.944108963012695,12.584197998046875,42076058.0
2016-01-05,T,25.944108963012695,26.20090675354004,25.77039337158203,26.125377655029297,12.672119140625,40656465.0
2016-01-06,T,25.543806076049805,25.838369369506836,25.468278884887695,25.72507667541504,12.711506843566895,35631223.0
2016-01-07,T,25.392749786376953,25.755287170410156,25.309667587280273,25.309667587280273,12.506241798400879,46487494.0
2016-01-08,T,25.50604248046875,25.649547576904297,25.23413848876953,25.332326889038086,12.517435073852539,37192219.0
2016-01-11,T,25.498489379882812,25.755287170410156,25.32477378845215,25.64199447631836,12.670452117919922,35004971.0
2016-01-12,T,25.755287170410156,25.82326316833496,25.42296028137207,25.604230880737305,12.651790618896484,31940308.0
2016-01-13,T,25.68731117248535,25.906343460083008,25.475830078125,25.483383178710938,12.59207820892334,53279481.0
2016-01-14,T,25.58912467956543,26.095165252685547,25.490936279296875,25.906343460083008,12.801070213317871,48097478.0
2016-01-15,T,25.42296028137207,25.936555862426758,25.385196685791016,25.672204971313477,12.685376167297363,59476860.0
2016-01-19,T,25.838369369506836,26.132930755615234,25.762840270996094,26.06495475769043,12.879449844360352,48662031.0
2016-01-20,T,25.785497665405273,25.944108963012695,25.249244689941406,25.604230880737305,12.651790618896484,66901190.0
2016-01-21,T,25.672204971313477,26.344411849975586,25.521148681640625,26.08761215209961,12.890642166137695,54250503.0
2016-01-22,T,26.344411849975586,26.57099723815918,26.208459854125977,26.54078483581543,13.114568710327148,43877095.0
2016-01-25,T,26.578550338745117,26.75981903076172,26.261329650878906,26.43504524230957,13.0623197555542,40070066.0
2016-01-26,T,26.457704544067383,26.865558624267578,26.38217544555664,26.737159729003906,13.211603164672852,55180480.0
2016-01-27,T,26.427492141723633,27.039274215698242,26.359516143798828,26.797582626342773,13.241460800170898,66548212.0
2016-01-28,T,27.016616821289062,27.031721115112305,26.593656539916992,26.835346221923828,13.26012134552002,34668146.0
2016-01-29,T,26.971298217773438,27.23564910888672,26.948640823364258,27.23564910888672,13.457924842834473,57303382.0
2016-02-01,T,27.220544815063477,27.492446899414062,27.09969711303711,27.326284408569336,13.502707481384277,44156062.0
2016-02-02,T,27.29607391357422,27.34139060974121,27.031721115112305,27.23564910888672,13.457924842834473,38592482.0
2016-02-03,T,27.280967712402344,27.7945613861084,27.114803314208984,27.73413848876953,13.704239845275879,50302335.0
2016-02-04,T,27.74169158935547,27.809667587280273,27.39426040649414,27.590633392333984,13.633333206176758,41099078.0
2016-02-05,T,27.63595199584961,27.975830078125,27.590633392333984,27.854984283447266,13.76395320892334,45893282.0
2016-02-08,T,27.643505096435547,28.0362548828125,27.484893798828125,28.028701782226562,13.84979248046875,54324514.0
2016-02-09,T,27.719032287597656,27.854984283447266,27.31117820739746,27.6812686920166,13.678116798400879,46674045.0
2016-02-10,T,27.6812686920166,27.749244689941406,27.386707305908203,27.515106201171875,13.596007347106934,35586737.0
2016-02-11,T,27.23564910888672,27.454683303833008,27.122356414794922,27.34894371032715,13.513903617858887,55944164.0
2016-02-12,T,27.454683303833008,27.575529098510742,27.228097915649414,27.545316696166992,13.610937118530273,35019800.0
2016-02-16,T,27.70392608642578,27.756797790527344,27.333837509155273,27.6812686920166,13.678116798400879,36663678.0
2016-02-17,T,27.756797790527344,27.78700828552246,27.590633392333984,27.673715591430664,13.674383163452148,34427707.0
2016-02-18,T,27.65860939025879,27.945619583129883,27.575529098510742,27.938066482543945,13.80500602722168,29001823.0
2016-02-19,T,27.87009048461914,27.930513381958008,27.58308219909668,27.620845794677734,13.648260116577148,32715510.0
2016-02-22,T,27.749244689941406,27.83987808227539,27.60573959350586,27.83987808227539,13.756489753723145,28311224.0
2016-02-23,T,27.802114486694336,27.877643585205078,27.575529098510742,27.749244689941406,13.711701393127441,27244478.0
2016-02-24,T,27.719032287597656,28.028701782226562,27.666162490844727,28.021148681640625,13.84605884552002,30137153.0
2016-02-25,T,28.021148681640625,28.32326316833496,27.983383178710938,28.22507667541504,13.94682788848877,30186008.0
2016-02-26,T,28.315710067749023,28.315710067749023,27.990936279296875,28.043806076049805,13.857257843017578,29357184.0
2016-02-29,T,28.0362548828125,28.24018096923828,27.907854080200195,27.907854080200195,13.790077209472656,38657490.0
2016-03-01,T,28.021148681640625,28.24018096923828,27.990936279296875,28.24018096923828,13.954293251037598,25830975.0
2016-03-02,T,28.11178207397461,28.466766357421875,28.028701782226562,28.466766357421875,14.066252708435059,28480034.0
2016-03-03,T,28.466766357421875,28.78398895263672,28.315710067749023,28.6933536529541,14.178213119506836,36671887.0
2016-03-04,T,28.632930755615234,28.8066463470459,28.549848556518555,28.648035049438477,14.155820846557617,27459098.0
2016-03-07,T,28.549848556518555,28.844411849975586,28.406343460083008,28.79909324645996,14.230461120605469,29141372.0
2016-03-08,T,28.678247451782227,29.01812744140625,28.58761215209961,28.768882751464844,14.215533256530762,32579138.0
2016-03-09,T,28.791540145874023,28.942598342895508,28.572507858276367,28.685800552368164,14.174480438232422,29355198.0
2016-03-10,T,28.74622344970703,29.010574340820312,28.70090675354004,28.93504524230957,14.297642707824707,33385719.0
2016-03-11,T,29.04078483581543,29.116313934326172,28.82930564880371,28.972810745239258,14.316303253173828,27586202.0
2016-03-14,T,28.980363845825195,29.063444137573242,28.79909324645996,28.942598342895508,14.301374435424805,23336559.0
2016-03-15,T,28.78398895263672,29.093656539916992,28.77643585205078,29.093656539916992,14.376014709472656,19557201.0
2016-03-16,T,29.108760833740234,29.365558624267578,28.972810745239258,29.2824764251709,14.469319343566895,27863315.0
2016-03-17,T,29.2824764251709,29.59969711303711,29.244712829589844,29.54682731628418,14.59994125366211,36703266.0
2016-03-18,T,29.62990951538086,29.652568817138672,29.12386703491211,29.12386703491211,14.390944480895996,54419180.0
2016-03-21,T,29.19939613342285,29.509063720703125,29.12386703491211,29.395769119262695,14.525293350219727,27379261.0
2016-03-22,T,29.380664825439453,29.418428421020508,29.17673683166504,29.17673683166504,14.41706657409668,29169309.0
2016-03-23,T,29.15407943725586,29.19939613342285,28.980363845825195,29.108760833740234,14.383480072021484,27549660.0
2016-03-24,T,28.9879150390625,29.373111724853516,28.9879150390625,29.365558624267578,14.510367393493652,23560712.0
2016-03-28,T,29.456193923950195,29.667673110961914,29.31268882751465,29.509063720703125,14.581281661987305,28523859.0
2016-03-29,T,29.554380416870117,29.909366607666016,29.418428421020508,29.79607391357422,14.723100662231445,34284848.0
2016-03-30,T,29.91691780090332,30.0,29.516616821289062,29.73564910888672,14.693245887756348,34087174.0
2016-03-31,T,29.773414611816406,29.886707305908203,29.4637451171875,29.584592819213867,14.61860179901123,35881989.0
2016-04-01,T,29.20694923400879,29.54682731628418,29.161630630493164,29.49395751953125,14.573813438415527,36708032.0
2016-04-04,T,29.57703971862793,29.728097915649414,29.509063720703125,29.728097915649414,14.689512252807617,23883239.0
2016-04-05,T,29.67522621154785,29.728097915649414,29.456193923950195,29.59969711303711,14.626057624816895,32950918.0
2016-04-06,T,29.297582626342773,29.403322219848633,29.07099723815918,29.184289932250977,14.658510208129883,29482038.0
2016-04-07,T,28.96525764465332,29.161630630493164,28.867069244384766,29.146526336669922,14.63953971862793,29506267.0
2016-04-08,T,29.25226593017578,29.380664825439453,28.980363845825195,29.078550338745117,14.605400085449219,23253280.0
2016-04-11,T,29.20694923400879,29.22205352783203,28.950151443481445,28.995468139648438,14.563667297363281,23462074.0
2016-04-12,T,29.055891036987305,29.297582626342773,28.9879150390625,29.20694923400879,14.669891357421875,23363834.0
2016-04-13,T,29.290029525756836,29.335346221923828,28.844411849975586,28.889728546142578,14.5105619430542,29930344.0
2016-04-14,T,28.889728546142578,29.138973236083984,28.88217544555664,29.01812744140625,14.575048446655273,18223139.0
2016-04-15,T,29.048337936401367,29.15407943725586,29.003021240234375,29.063444137573242,14.597810745239258,20894838.0
2016-04-18,T,29.063444137573242,29.30513572692871,28.96525764465332,29.191843032836914,14.66230297088623,22947568.0
2016-04-19,T,29.30513572692871,29.403322219848633,29.101207733154297,29.395769119262695,14.764724731445312,21100058.0
2016-04-20,T,29.448640823364258,29.4637451171875,29.19939613342285,29.244712829589844,14.688859939575195,22222148.0
2016-04-21,T,29.101207733154297,29.138973236083984,28.58761215209961,28.595165252685547,14.3626070022583,42681258.0
2016-04-22,T,28.58761215209961,28.82930564880371,28.58761215209961,28.75377655029297,14.442272186279297,32173465.0
2016-04-25,T,28.72356414794922,28.874622344970703,28.595165252685547,28.859516143798828,14.495381355285645,23280024.0
2016-04-26,T,28.942598342895508,29.010574340820312,28.625377655029297,28.768882751464844,14.449858665466309,27672792.0
2016-04-27,T,28.595165252685547,29.38821792602539,28.496978759765625,29.244712829589844,14.688859939575195,54837035.0
2016-04-28,T,29.244712829589844,29.365558624267578,29.116313934326172,29.184289932250977,14.658510208129883,26750361.0
2016-04-29,T,29.184289932250977,29.365558624267578,29.063444137573242,29.320241928100586,14.726791381835938,33557972.0
2016-05-02,T,29.35800552368164,29.569486618041992,29.290029525756836,29.531721115112305,14.833016395568848,29211809.0
2016-05-03,T,29.471298217773438,29.516616821289062,29.214502334594727,29.38821792602539,14.76093578338623,28897624.0
2016-05-04,T,29.267372131347656,29.456193923950195,29.138973236083984,29.365558624267578,14.749554634094238,20496579.0
2016-05-05,T,29.41087532043457,29.448640823364258,29.19939613342285,29.25981903076172,14.696446418762207,21501098.0
2016-05-06,T,29.290029525756836,29.448640823364258,29.055891036987305,29.448640823364258,14.791281700134277,20738739.0
2016-05-09,T,29.448640823364258,29.539274215698242,29.327795028686523,29.350452423095703,14.741964340209961,17867777.0
2016-05-10,T,29.471298217773438,29.743202209472656,29.44108772277832,29.690332412719727,14.912680625915527,23005427.0
2016-05-11,T,29.66012191772461,29.720544815063477,29.471298217773438,29.592145919799805,14.863367080688477,19085195.0
2016-05-12,T,29.68277931213379,29.962236404418945,29.607250213623047,29.871601104736328,15.003726959228516,24805008.0
2016-05-13,T,29.826284408569336,29.84894371032715,29.539274215698242,29.569486618041992,14.851981163024902,21833819.0
2016-05-16,T,29.418428421020508,29.68277931213379,29.380664825439453,29.667673110961914,14.901294708251953,19936527.0
2016-05-17,T,29.637462615966797,29.7054386138916,29.456193923950195,29.539274215698242,14.836809158325195,29202541.0
2016-05-18,T,29.524169921875,29.569486618041992,28.904834747314453,29.04078483581543,14.586429595947266,33592263.0
2016-05-19,T,28.904834747314453,29.055891036987305,28.527189254760742,29.033233642578125,14.582642555236816,36297195.0
2016-05-20,T,29.184289932250977,29.214502334594727,28.93504524230957,29.04078483581543,14.586429595947266,26803718.0
2016-05-23,T,29.07099723815918,29.086103439331055,28.897281646728516,28.942598342895508,14.537113189697266,20364312.0
2016-05-24,T,29.048337936401367,29.12386703491211,28.995468139648438,29.078550338745117,14.605400085449219,18710371.0
2016-05-25,T,29.20694923400879,29.244712829589844,29.04078483581543,29.1691837310791,14.650920867919922,19475378.0
2016-05-26,T,29.22205352783203,29.448640823364258,29.184289932250977,29.335346221923828,14.734384536743164,21206508.0
2016-05-27,T,29.327795028686523,29.448640823364258,29.15407943725586,29.448640823364258,14.791281700134277,20749331.0
2016-05-31,T,29.478851318359375,29.607250213623047,29.41087532043457,29.569486618041992,14.851981163024902,36992560.0
2016-06-01,T,29.531721115112305,29.54682731628418,29.161630630493164,29.25226593017578,14.69265079498291,22581747.0
2016-06-02,T,29.25226593017578,29.335346221923828,29.138973236083984,29.335346221923828,14.734384536743164,16287451.0
2016-06-03,T,29.433534622192383,29.66012191772461,29.403322219848633,29.614803314208984,14.874743461608887,25480248.0
2016-06-06,T,29.622356414794922,29.8187313079834,29.592145919799805,29.71299171447754,14.924062728881836,22162568.0
2016-06-07,T,29.73564910888672,30.128398895263672,29.7054386138916,30.05286979675293,15.094771385192871,32984150.0
2016-06-08,T,30.0,30.113292694091797,29.939577102661133,30.10573959350586,15.121330261230469,19100554.0
2016-06-09,T,30.08308219909668,30.33987808227539,29.94713020324707,30.279455184936523,15.208584785461426,27396738.0
2016-06-10,T,30.173715591430664,30.61178207397461,30.120845794677734,30.460725784301758,15.299628257751465,34245922.0
2016-06-13,T,30.354984283447266,30.55891227722168,30.309667587280273,30.354984283447266,15.246513366699219,22097163.0
2016-06-14,T,30.33987808227539,30.566465377807617,30.15860939025879,30.498489379882812,15.318597793579102,30471860.0
2016-06-15,T,30.543806076049805,30.64199447631836,30.415407180786133,30.430513381958008,15.28445816040039,25792182.0
2016-06-16,T,30.362537384033203,30.634441375732422,30.31722068786621,30.581571578979492,15.36032485961914,26619417.0
2016-06-17,T,30.619335174560547,30.861026763916016,30.460725784301758,30.762840270996094,15.451375961303711,36100184.0
2016-06-20,T,30.996978759765625,31.004531860351562,30.61178207397461,30.80060386657715,15.470341682434082,26784123.0
2016-06-21,T,30.838369369506836,31.20090675354004,30.634441375732422,31.019636154174805,15.580354690551758,26398044.0
2016-06-22,T,31.0120849609375,31.389728546142578,31.0120849609375,31.1933536529541,15.667609214782715,26803453.0
2016-06-23,T,31.38217544555664,31.638973236083984,31.25377655029297,31.631420135498047,15.887639999389648,25202340.0
2016-06-24,T,31.3066463470459,31.895769119262695,31.1933536529541,31.359516143798828,15.751069068908691,75662893.0
2016-06-27,T,31.185800552368164,31.790029525756836,31.185800552368164,31.744712829589844,15.94454288482666,49590950.0
2016-06-28,T,31.827795028686523,31.850452423095703,31.62386703491211,31.737159729003906,15.940750122070312,45570756.0
2016-06-29,T,31.88821792602539,32.12990951538086,31.7824764251709,32.12990951538086,16.138017654418945,31341066.0
2016-06-30,T,32.243202209472656,32.79456329345703,32.12990951538086,32.63595199584961,16.392194747924805,42253342.0
2016-07-01,T,32.63595199584961,32.89274978637695,32.484893798828125,32.83232498168945,16.490825653076172,30766185.0
2016-07-05,T,32.854984283447266,33.1495475769043,32.726585388183594,32.74169158935547,16.445302963256836,47114937.0
2016-07-06,T,32.46223449707031,32.55287170410156,32.05438232421875,32.55287170410156,16.59372329711914,35025361.0
2016-07-07,T,32.26586151123047,32.40181350708008,31.820241928100586,31.948640823364258,16.28572654724121,31389260.0
2016-07-08,T,31.820241928100586,32.243202209472656,31.495468139648438,32.182777404785156,16.405073165893555,37659591.0
2016-07-11,T,32.0770378112793,32.175228118896484,31.880664825439453,32.10725021362305,16.366573333740234,28590059.0
2016-07-12,T,32.024169921875,32.175228118896484,31.895769119262695,32.03172302246094,16.328079223632812,24727818.0
2016-07-13,T,32.06948471069336,32.379154205322266,31.986404418945312,32.16767501831055,16.397371292114258,19664445.0
2016-07-14,T,32.06193542480469,32.44712829589844,32.06193542480469,32.30362319946289,16.466672897338867,22051617.0
2016-07-15,T,32.409366607666016,32.53776550292969,32.250755310058594,32.39426040649414,16.512874603271484,22040098.0
2016-07-18,T,32.37160110473633,32.40181350708008,32.22809600830078,32.36404800415039,16.49747085571289,16339087.0
2016-07-19,T,32.318729400634766,32.36404800415039,32.23564910888672,32.30362319946289,16.466672897338867,18093254.0
2016-07-20,T,32.28852081298828,32.33383560180664,32.114803314208984,32.25830841064453,16.443574905395508,18653042.0
2016-07-21,T,32.1374626159668,32.31117630004883,31.978851318359375,32.114803314208984,16.370424270629883,28652022.0
2016-07-22,T,32.12235641479492,32.809669494628906,32.09969711303711,32.5604248046875,16.59757423400879,40678973.0
2016-07-25,T,32.42447280883789,32.454681396484375,32.25830841064453,32.43202209472656,16.532129287719727,19319278.0
2016-07-26,T,32.3867073059082,32.46223449707031,31.933534622192383,32.009063720703125,16.316518783569336,26584066.0
2016-07-27,T,32.00151062011719,32.41691970825195,32.00151062011719,32.29607391357422,16.46282196044922,26229896.0
2016-07-28,T,32.22809600830078,32.23564910888672,31.986404418945312,32.16012191772461,16.393522262573242,17887770.0
2016-07-29,T,32.190330505371094,32.77190399169922,32.06948471069336,32.69637680053711,16.66687774658203,33425307.0
2016-08-01,T,32.66616439819336,32.854984283447266,32.5604248046875,32.6132926940918,16.624526977539062,27340865.0
2016-08-02,T,32.69637680053711,32.71147918701172,32.41691970825195,32.59818649291992,16.6168212890625,25943780.0
2016-08-03,T,32.545318603515625,32.64350509643555,32.41691970825195,32.58308029174805,16.6091251373291,18049430.0
2016-08-04,T,32.6132926940918,32.65861129760742,32.4395751953125,32.53776550292969,16.586027145385742,15747656.0
2016-08-05,T,32.59818649291992,32.64350509643555,32.30362319946289,32.59818649291992,16.6168212890625,25981117.0
2016-08-08,T,32.60573959350586,32.60573959350586,32.3262825012207,32.42447280883789,16.528278350830078,18580486.0
2016-08-09,T,32.4395751953125,32.545318603515625,32.31117630004883,32.53776550292969,16.586027145385742,19539857.0
2016-08-10,T,32.52265930175781,32.70392608642578,32.52265930175781,32.62839889526367,16.632225036621094,15535154.0
2016-08-11,T,32.71147918701172,32.83987808227539,32.6737174987793,32.77190399169922,16.70537757873535,15861123.0
2016-08-12,T,32.787010192871094,32.824771881103516,32.620845794677734,32.68882369995117,16.663034439086914,13956681.0
2016-08-15,T,32.63595199584961,32.719032287597656,32.49244689941406,32.49244689941406,16.562923431396484,21512352.0
2016-08-16,T,32.47734069824219,32.484893798828125,31.65407943725586,31.691843032836914,16.154821395874023,41899966.0
2016-08-17,T,31.72960662841797,31.7824764251709,31.22356414794922,31.616313934326172,16.116315841674805,38844439.0
2016-08-18,T,31.525680541992188,31.601207733154297,31.049848556518555,31.268882751464844,15.93922233581543,43099510.0
2016-08-19,T,31.140483856201172,31.155588150024414,30.732627868652344,30.974319458007812,15.789063453674316,39007556.0
2016-08-22,T,30.906343460083008,30.95921516418457,30.626888275146484,30.898792266845703,15.750561714172363,23398655.0
2016-08-23,T,30.95921516418457,30.989425659179688,30.80060386657715,30.853473663330078,15.727469444274902,19930834.0
2016-08-24,T,30.891239166259766,30.95921516418457,30.664653778076172,30.868579864501953,15.735161781311035,21407624.0
2016-08-25,T,30.868579864501953,31.102718353271484,30.77794647216797,31.019636154174805,15.812166213989258,22380499.0
2016-08-26,T,31.06495475769043,31.185800552368164,30.664653778076172,30.72507667541504,15.662007331848145,23645978.0
2016-08-29,T,30.815710067749023,31.004531860351562,30.755287170410156,30.966766357421875,15.785218238830566,17139048.0
2016-08-30,T,30.966766357421875,31.072507858276367,30.762840270996094,30.883686065673828,15.742865562438965,14852102.0
2016-08-31,T,30.92900276184082,31.004531860351562,30.709970474243164,30.87613296508789,15.739020347595215,24812422.0
2016-09-01,T,30.853473663330078,30.966766357421875,30.702417373657227,30.936555862426758,15.769818305969238,20795936.0
2016-09-02,T,31.03474235534668,31.25377655029297,30.77039337158203,30.92900276184082,15.765963554382324,25244708.0
2016-09-06,T,30.98187255859375,31.238670349121094,30.82326316833496,31.140483856201172,15.873764991760254,20565295.0
2016-09-07,T,31.16314125061035,31.22356414794922,30.95921516418457,31.17069435119629,15.889168739318848,17915441.0
2016-09-08,T,31.17069435119629,31.261329650878906,31.004531860351562,31.110271453857422,15.85836124420166,17906438.0
2016-09-09,T,30.951662063598633,31.027189254760742,29.969789505004883,29.992446899414062,15.288561820983887,50974132.0
2016-09-12,T,29.886707305908203,30.853473663330078,29.871601104736328,30.74773406982422,15.673567771911621,35568201.0
2016-09-13,T,30.551359176635742,30.55891227722168,30.037763595581055,30.18882179260254,15.388662338256836,33801058.0
2016-09-14,T,30.173715591430664,30.407854080200195,30.030210494995117,30.128398895263672,15.357857704162598,35138298.0
2016-09-15,T,30.060422897338867,30.679758071899414,29.924470901489258,30.551359176635742,15.573466300964355,30367132.0
2016-09-16,T,30.468278884887695,30.521148681640625,30.13595199584961,30.362537384033203,15.477209091186523,54748194.0
2016-09-19,T,30.362537384033203,30.392749786376953,30.10573959350586,30.256797790527344,15.423308372497559,21426027.0
2016-09-20,T,30.332326889038086,30.5362548828125,30.120845794677734,30.1812686920166,15.384809494018555,18797887.0
2016-09-21,T,30.249244689941406,30.68731117248535,30.18882179260254,30.64199447631836,15.619664192199707,25329312.0
2016-09-22,T,30.762840270996094,31.110271453857422,30.74018096923828,31.049848556518555,15.82756233215332,29503089.0
2016-09-23,T,31.080059051513672,31.261329650878906,30.762840270996094,31.178247451782227,15.89301586151123,24980702.0
2016-09-26,T,31.178247451782227,31.27643585205078,31.049848556518555,31.072507858276367,15.839118957519531,22040893.0
2016-09-27,T,31.140483856201172,31.495468139648438,31.0120849609375,31.314199447631836,15.962320327758789,24414825.0
2016-09-28,T,30.974319458007812,31.019636154174805,30.649547576904297,30.853473663330078,15.727469444274902,34874425.0
2016-09-29,T,30.77794647216797,31.019636154174805,30.543806076049805,30.762840270996094,15.681266784667969,22569963.0
2016-09-30,T,30.898792266845703,30.996978759765625,30.664653778076172,30.672204971313477,15.63506031036377,25661238.0
2016-10-03,T,30.679758071899414,30.996978759765625,30.58912467956543,30.79305076599121,15.696661949157715,21954171.0
2016-10-04,T,30.755287170410156,30.785497665405273,29.992446899414062,30.13595199584961,15.361710548400879,43930188.0
2016-10-05,T,29.91691780090332,29.932024002075195,29.327795028686523,29.57703971862793,15.320829391479492,29923592.0
2016-10-06,T,29.554380416870117,29.607250213623047,29.38821792602539,29.539274215698242,15.301270484924316,20853794.0
2016-10-07,T,29.622356414794922,29.67522621154785,29.237159729003906,29.35800552368164,15.207372665405273,25383728.0
2016-10-10,T,29.403322219848633,29.607250213623047,28.859516143798828,29.4637451171875,15.262137413024902,25183407.0
2016-10-11,T,29.41087532043457,29.743202209472656,29.15407943725586,29.531721115112305,15.297357559204102,29544928.0
2016-10-12,T,29.569486618041992,29.826284408569336,29.501510620117188,29.7054386138916,15.387341499328613,22746188.0
2016-10-13,T,29.667673110961914,29.8187313079834,29.471298217773438,29.73564910888672,15.402989387512207,23231698.0
2016-10-14,T,29.76586151123047,29.89426040649414,29.622356414794922,29.622356414794922,15.34431266784668,17896508.0
2016-10-17,T,29.531721115112305,29.826284408569336,29.49395751953125,29.66012191772461,15.363868713378906,18383740.0
2016-10-18,T,29.62990951538086,29.79607391357422,29.569486618041992,29.728097915649414,15.399083137512207,21234974.0
2016-10-19,T,29.803625106811523,29.886707305908203,29.690332412719727,29.743202209472656,15.406900405883789,15506026.0
2016-10-20,T,29.49395751953125,29.516616821289062,29.078550338745117,29.191843032836914,15.121302604675293,41218106.0
2016-10-21,T,29.003021240234375,29.20694923400879,27.915407180786133,28.315710067749023,14.667466163635254,109580860.0
2016-10-24,T,27.575529098510742,28.19486427307129,27.41691780090332,27.83987808227539,14.420987129211426,133176129.0
2016-10-25,T,27.83987808227539,27.990936279296875,27.60573959350586,27.719032287597656,14.358392715454102,53603994.0
2016-10-26,T,27.673715591430664,27.771902084350586,27.39426040649414,27.515106201171875,14.252758026123047,43531399.0
2016-10-27,T,27.643505096435547,27.862537384033203,27.537763595581055,27.58308219909668,14.287970542907715,57172968.0
2016-10-28,T,27.6812686920166,27.802114486694336,27.522659301757812,27.575529098510742,14.284053802490234,30748708.0
2016-10-31,T,27.65105628967285,27.809667587280273,27.58308219909668,27.78700828552246,14.393599510192871,41552019.0
2016-11-01,T,27.92296028137207,28.08912467956543,27.492446899414062,27.613292694091797,14.303617477416992,36561201.0
2016-11-02,T,27.643505096435547,27.719032287597656,27.41691780090332,27.469789505004883,14.229278564453125,34488611.0
2016-11-03,T,27.613292694091797,27.938066482543945,27.484893798828125,27.666162490844727,14.330998420715332,33824096.0
2016-11-04,T,27.779455184936523,27.809667587280273,27.567975997924805,27.567975997924805,14.280141830444336,30791341.0
2016-11-07,T,27.78700828552246,27.847431182861328,27.673715591430664,27.802114486694336,14.401426315307617,28326186.0
2016-11-08,T,27.802114486694336,28.013595581054688,27.802114486694336,27.938066482543945,14.471848487854004,23581499.0
2016-11-09,T,27.92296028137207,28.34592056274414,27.515106201171875,28.27794647216797,14.647907257080078,46028066.0
2016-11-10,T,28.30060386657715,28.30060386657715,27.492446899414062,27.620845794677734,14.307525634765625,50308558.0
2016-11-11,T,27.575529098510742,27.620845794677734,27.41691780090332,27.575529098510742,14.284053802490234,33519443.0
2016-11-14,T,27.65105628967285,27.666162490844727,27.26586151123047,27.28852081298828,14.13538646697998,34594531.0
2016-11-15,T,27.31117820739746,27.771902084350586,27.29607391357422,27.771902084350586,14.385780334472656,27656771.0
2016-11-16,T,27.885196685791016,28.119335174560547,27.832326889038086,28.05891227722168,14.534446716308594,27586467.0
2016-11-17,T,28.172204971313477,28.466766357421875,28.149547576904297,28.255287170410156,14.636170387268066,28048808.0
2016-11-18,T,28.285497665405273,28.406343460083008,28.172204971313477,28.368579864501953,14.694855690002441,22484433.0
2016-11-21,T,28.451662063598633,28.504531860351562,28.29305076599121,28.504531860351562,14.765273094177246,22835558.0
2016-11-22,T,28.6933536529541,29.25981903076172,28.56495475769043,29.116313934326172,15.082175254821777,34625248.0
2016-11-23,T,29.01812744140625,29.433534622192383,29.010574340820312,29.25226593017578,15.152599334716797,28258662.0
2016-11-25,T,29.2824764251709,29.614803314208984,29.25226593017578,29.614803314208984,15.3403959274292,14357986.0
2016-11-28,T,29.592145919799805,29.962236404418945,29.584592819213867,29.86404800415039,15.469502449035645,35293206.0
2016-11-29,T,29.89426040649414,29.932024002075195,29.66012191772461,29.8187313079834,15.446033477783203,26290933.0
2016-11-30,T,29.614803314208984,29.614803314208984,29.1691837310791,29.17673683166504,15.113476753234863,43267393.0
2016-12-01,T,29.17673683166504,29.38821792602539,28.821752548217773,29.365558624267578,15.211286544799805,36275482.0
2016-12-02,T,29.335346221923828,29.54682731628418,29.055891036987305,29.161630630493164,15.105656623840332,21319313.0
2016-12-05,T,29.22960662841797,29.44108772277832,29.17673683166504,29.17673683166504,15.113476753234863,27503982.0
2016-12-06,T,29.290029525756836,29.773414611816406,29.22960662841797,29.720544815063477,15.395171165466309,31206415.0
2016-12-07,T,29.826284408569336,30.581571578979492,29.78852081298828,30.551359176635742,15.825531959533691,43643542.0
2016-12-08,T,30.40030288696289,30.77794647216797,30.354984283447266,30.521148681640625,15.809877395629883,29126808.0
2016-12-09,T,30.42296028137207,30.528701782226562,30.33987808227539,30.498489379882812,15.798141479492188,22647285.0
2016-12-12,T,30.634441375732422,31.238670349121094,30.61178207397461,31.057401657104492,16.087657928466797,42248972.0
2016-12-13,T,31.17069435119629,31.389728546142578,31.132930755615234,31.238670349121094,16.18155288696289,28015708.0
2016-12-14,T,31.1933536529541,31.38217544555664,30.913896560668945,31.042295455932617,16.07982635498047,34865422.0
2016-12-15,T,30.891239166259766,31.480363845825195,30.853473663330078,31.344411849975586,16.236326217651367,32420258.0
2016-12-16,T,31.457704544067383,31.533233642578125,31.28398895263672,31.472810745239258,16.30283546447754,37011758.0
2016-12-19,T,31.472810745239258,31.85800552368164,31.3066463470459,31.81268882751465,16.47889518737793,27226604.0
2016-12-20,T,31.850452423095703,32.29607391357422,31.827795028686523,32.0770378112793,16.61582374572754,28021666.0
2016-12-21,T,32.039276123046875,32.15256881713867,31.971298217773438,31.99395751953125,16.572790145874023,18208972.0
2016-12-22,T,31.903322219848633,32.31117630004883,31.842899322509766,32.26586151123047,16.713632583618164,23250234.0
2016-12-23,T,32.318729400634766,32.3262825012207,32.0770378112793,32.273414611816406,16.717544555664062,12770510.0
2016-12-27,T,32.273414611816406,32.35649490356445,32.114803314208984,32.212989807128906,16.686246871948242,15136895.0
2016-12-28,T,32.212989807128906,32.34138870239258,32.0770378112793,32.114803314208984,16.635391235351562,14599616.0
2016-12-29,T,32.12235641479492,32.3262825012207,32.12235641479492,32.220542907714844,16.69016456604004,16403301.0
2016-12-30,T,32.29607391357422,32.348941802978516,32.06193542480469,32.12235641479492,16.63930320739746,22076376.0
2017-01-03,T,32.243202209472656,32.5,32.114803314208984,32.49244689941406,16.831003189086914,34432738.0
2017-01-04,T,32.43202209472656,32.47734069824219,32.25830841064453,32.30362319946289,16.733196258544922,30720772.0
2017-01-05,T,32.36404800415039,32.39426040649414,32.12235641479492,32.212989807128906,16.686246871948242,34041629.0
2017-01-06,T,31.70694923400879,31.72205352783203,31.125377655029297,31.208459854125977,16.415607452392578,43278780.0
2017-01-09,T,31.185800552368164,31.268882751464844,30.815710067749023,30.815710067749023,16.209022521972656,33741743.0
2017-01-10,T,30.709970474243164,31.0120849609375,30.392749786376953,30.82326316833496,16.212993621826172,28494996.0
2017-01-11,T,30.498489379882812,30.74018096923828,30.42296028137207,30.672204971313477,16.133535385131836,32486194.0
2017-01-12,T,30.64199447631836,31.049848556518555,30.58912467956543,30.974319458007812,16.29244041442871,26347997.0
2017-01-13,T,30.906343460083008,31.102718353271484,30.808156967163086,30.936555862426758,16.27259063720703,18446233.0
2017-01-17,T,30.966766357421875,31.072507858276367,30.785497665405273,31.049848556518555,16.332176208496094,29837399.0
2017-01-18,T,31.080059051513672,31.148035049438477,30.80060386657715,30.815710067749023,16.209022521972656,25786886.0
2017-01-19,T,30.883686065673828,30.98187255859375,30.74773406982422,30.966766357421875,16.288476943969727,22101929.0
2017-01-20,T,31.21601104736328,31.62386703491211,31.185800552368164,31.3066463470459,16.467254638671875,33318328.0
2017-01-23,T,31.314199447631836,31.77492332458496,31.261329650878906,31.72205352783203,16.685752868652344,33379761.0
2017-01-24,T,31.268882751464844,31.525680541992188,31.004531860351562,31.238670349121094,16.43149757385254,38000124.0
2017-01-25,T,31.21601104736328,31.321752548217773,30.883686065673828,31.261329650878906,16.44341278076172,28413702.0
2017-01-26,T,31.095165252685547,31.608760833740234,30.936555862426758,31.548337936401367,16.594379425048828,37253785.0
2017-01-27,T,31.70694923400879,31.948640823364258,31.533233642578125,31.72960662841797,16.689729690551758,25180229.0
2017-01-30,T,31.67673683166504,31.820241928100586,31.46525764465332,31.586103439331055,16.614248275756836,21019956.0
2017-01-31,T,31.480363845825195,31.865558624267578,31.404834747314453,31.842899322509766,16.749319076538086,33636750.0
2017-02-01,T,31.933534622192383,32.06948471069336,31.616313934326172,31.767372131347656,16.709590911865234,42477230.0
2017-02-02,T,31.737159729003906,31.77492332458496,30.92900276184082,31.102718353271484,16.3599853515625,38600293.0
2017-02-03,T,31.32930564880371,31.359516143798828,31.11782455444336,31.155588150024414,16.387800216674805,25355924.0
2017-02-06,T,31.17069435119629,31.17069435119629,30.951662063598633,31.0120849609375,16.312314987182617,15060368.0
2017-02-07,T,31.027189254760742,31.095165252685547,30.8308162689209,31.057401657104492,16.336149215698242,22921220.0
2017-02-08,T,31.095165252685547,31.208459854125977,31.019636154174805,31.125377655029297,16.371910095214844,20771309.0
2017-02-09,T,31.125377655029297,31.291540145874023,31.06495475769043,31.20090675354004,16.411638259887695,15043818.0
2017-02-10,T,31.155588150024414,31.291540145874023,31.11782455444336,31.25377655029297,16.439449310302734,16067534.0
2017-02-13,T,30.8308162689209,31.072507858276367,30.581571578979492,30.702417373657227,16.149431228637695,45494096.0
2017-02-14,T,30.566465377807617,30.80060386657715,30.521148681640625,30.77794647216797,16.189157485961914,26089817.0
2017-02-15,T,30.709970474243164,31.072507858276367,30.634441375732422,31.057401657104492,16.336149215698242,30878990.0
2017-02-16,T,31.057401657104492,31.238670349121094,30.989425659179688,31.155588150024414,16.387800216674805,21951523.0
2017-02-17,T,31.095165252685547,31.374622344970703,30.808156967163086,31.32930564880371,16.47917366027832,31983074.0
2017-02-21,T,31.24622344970703,31.533233642578125,31.208459854125977,31.51812744140625,16.578489303588867,23175826.0
2017-02-22,T,31.480363845825195,31.555891036987305,31.3066463470459,31.41238784790039,16.522872924804688,20729206.0
2017-02-23,T,31.4879150390625,31.714502334594727,31.374622344970703,31.684289932250977,16.6658935546875,25445294.0
2017-02-24,T,31.80513572692871,31.99395751953125,31.75226593017578,31.99395751953125,16.82877540588379,22565197.0
2017-02-27,T,31.948640823364258,31.948640823364258,31.51812744140625,31.586103439331055,16.614248275756836,22956174.0
2017-02-28,T,31.51812744140625,31.62386703491211,31.450151443481445,31.563444137573242,16.602327346801758,25604306.0
2017-03-01,T,31.555891036987305,31.85800552368164,31.389728546142578,31.75226593017578,16.70164680480957,31644924.0
2017-03-02,T,31.646526336669922,31.797582626342773,31.601207733154297,31.77492332458496,16.71356773376465,17454557.0
2017-03-03,T,31.75981903076172,31.767372131347656,31.54078483581543,31.72960662841797,16.689729690551758,22745526.0
2017-03-06,T,31.593656539916992,31.72205352783203,31.503021240234375,31.691843032836914,16.669862747192383,18770348.0
2017-03-07,T,31.646526336669922,31.714502334594727,31.510574340820312,31.631420135498047,16.638086318969727,21516192.0
2017-03-08,T,31.631420135498047,31.631420135498047,31.480363845825195,31.548337936401367,16.594379425048828,23674444.0
2017-03-09,T,31.616313934326172,31.820241928100586,31.533233642578125,31.67673683166504,16.66191864013672,23398522.0
2017-03-10,T,31.744712829589844,32.04682922363281,31.737159729003906,31.986404418945312,16.824804306030273,26128213.0
2017-03-13,T,31.88821792602539,32.039276123046875,31.85800552368164,32.00151062011719,16.832754135131836,19706681.0
2017-03-14,T,32.009063720703125,32.05438232421875,31.75981903076172,31.790029525756836,16.721511840820312,13324471.0
2017-03-15,T,31.827795028686523,32.20543670654297,31.790029525756836,32.16767501831055,16.920150756835938,27878012.0
2017-03-16,T,32.175228118896484,32.220542907714844,31.978851318359375,32.05438232421875,16.86056137084961,19332783.0
2017-03-17,T,32.16767501831055,32.212989807128906,32.00151062011719,32.182777404785156,16.928096771240234,32767544.0
2017-03-20,T,32.182777404785156,32.250755310058594,31.9637451171875,32.039276123046875,16.85261344909668,15691783.0
2017-03-21,T,32.06193542480469,32.10725021362305,31.72205352783203,31.7824764251709,16.7175350189209,26875876.0
2017-03-22,T,31.797582626342773,31.81268882751465,31.314199447631836,31.457704544067383,16.546707153320312,24556360.0
2017-03-23,T,31.442598342895508,31.65407943725586,31.27643585205078,31.457704544067383,16.546707153320312,19410370.0
2017-03-24,T,31.54078483581543,31.638973236083984,31.374622344970703,31.480363845825195,16.55862808227539,18803448.0
2017-03-27,T,31.41238784790039,31.533233642578125,31.25377655029297,31.33685874938965,16.483144760131836,17457205.0
2017-03-28,T,31.27643585205078,31.427492141723633,31.16314125061035,31.389728546142578,16.510955810546875,20635996.0
2017-03-29,T,31.374622344970703,31.533233642578125,31.268882751464844,31.3066463470459,16.467254638671875,18673961.0
2017-03-30,T,31.261329650878906,31.593656539916992,31.21601104736328,31.54078483581543,16.590412139892578,19560644.0
2017-03-31,T,31.563444137573242,31.638973236083984,31.38217544555664,31.38217544555664,16.506980895996094,23214354.0
2017-04-03,T,31.419940948486328,31.548337936401367,31.24622344970703,31.397281646728516,16.51492691040039,23804990.0
2017-04-04,T,31.397281646728516,31.503021240234375,31.268882751464844,31.4879150390625,16.56260108947754,16619775.0
2017-04-05,T,31.51812744140625,31.525680541992188,31.321752548217773,31.351964950561523,16.491092681884766,26421479.0
2017-04-06,T,31.004531860351562,31.027189254760742,30.664653778076172,30.664653778076172,16.385658264160156,27131805.0
2017-04-07,T,30.664653778076172,30.861026763916016,30.604230880737305,30.657100677490234,16.38161849975586,26924732.0
2017-04-10,T,30.664653778076172,30.72507667541504,30.445619583129883,30.498489379882812,16.296863555908203,24116660.0
2017-04-11,T,30.498489379882812,30.50604248046875,30.26435089111328,30.445619583129883,16.26861572265625,25964567.0
2017-04-12,T,30.37009048461914,30.64199447631836,30.26435089111328,30.634441375732422,16.3695125579834,29387239.0
2017-04-13,T,30.596677780151367,30.785497665405273,30.40030288696289,30.42296028137207,16.25650978088379,23244409.0
2017-04-17,T,30.438066482543945,30.581571578979492,30.377643585205078,30.438066482543945,16.264585494995117,16045026.0
2017-04-18,T,30.377643585205078,30.5362548828125,30.347431182861328,30.40030288696289,16.24439811706543,21078345.0
2017-04-19,T,30.45317268371582,30.551359176635742,30.354984283447266,30.40030288696289,16.24439811706543,31510538.0
2017-04-20,T,30.20392608642578,30.596677780151367,30.15105628967285,30.483383178710938,16.288793563842773,28751587.0
2017-04-21,T,30.385196685791016,30.483383178710938,30.067975997924805,30.15860939025879,16.115249633789062,31641084.0
2017-04-24,T,30.28700828552246,30.32477378845215,30.10573959350586,30.226585388183594,16.15157127380371,31820751.0
2017-04-25,T,30.271902084350586,30.40030288696289,29.977340698242188,30.166162490844727,16.119287490844727,50812207.0
2017-04-26,T,30.226585388183594,30.634441375732422,30.098186492919922,30.543806076049805,16.32108497619629,45482445.0
2017-04-27,T,30.490936279296875,30.513595581054688,30.120845794677734,30.143505096435547,16.1071834564209,29983436.0
2017-04-28,T,30.120845794677734,30.256797790527344,29.84894371032715,29.932024002075195,15.994175910949707,33093380.0
2017-05-01,T,29.969789505004883,29.984893798828125,29.501510620117188,29.531721115112305,15.7802734375,32767146.0
2017-05-02,T,29.561933517456055,29.622356414794922,29.365558624267578,29.418428421020508,15.719736099243164,32904710.0
2017-05-03,T,29.41087532043457,29.44108772277832,28.814199447631836,29.003021240234375,15.497763633728027,44675335.0
2017-05-04,T,29.010574340820312,29.010574340820312,28.421449661254883,28.708459854125977,15.340365409851074,41639403.0
2017-05-05,T,28.761329650878906,29.237159729003906,28.72356414794922,29.12386703491211,15.562335014343262,28901861.0
2017-05-08,T,29.290029525756836,29.290029525756836,28.942598342895508,29.131420135498047,15.566375732421875,26664963.0
2017-05-09,T,29.101207733154297,29.116313934326172,28.821752548217773,28.867069244384766,15.425117492675781,28587014.0
2017-05-10,T,28.844411849975586,29.191843032836914,28.79909324645996,29.04078483581543,15.517942428588867,29933257.0
2017-05-11,T,29.04078483581543,29.116313934326172,28.859516143798828,29.033233642578125,15.513906478881836,21902800.0
2017-05-12,T,29.07099723815918,29.161630630493164,28.93504524230957,29.07099723815918,15.534089088439941,18231612.0
2017-05-15,T,29.093656539916992,29.22205352783203,29.010574340820312,29.146526336669922,15.574445724487305,28332276.0
2017-05-16,T,29.214502334594727,29.27492332458496,28.844411849975586,28.844411849975586,15.413010597229004,28597738.0
2017-05-17,T,28.844411849975586,28.844411849975586,28.285497665405273,28.29305076599121,15.118388175964355,39277519.0
2017-05-18,T,28.32326316833496,28.8066463470459,28.29305076599121,28.66314125061035,15.31614875793457,34084924.0
2017-05-19,T,28.731117248535156,28.919940948486328,28.61782455444336,28.88217544555664,15.433191299438477,26944194.0
2017-05-22,T,28.88217544555664,28.96525764465332,28.82930564880371,28.889728546142578,15.437228202819824,19624328.0
2017-05-23,T,28.897281646728516,29.01812744140625,28.859516143798828,28.93504524230957,15.461441993713379,17920737.0
2017-05-24,T,28.93504524230957,28.972810745239258,28.761329650878906,28.814199447631836,15.396867752075195,20659564.0
2017-05-25,T,28.791540145874023,28.957704544067383,28.78398895263672,28.874622344970703,15.429149627685547,19717670.0
2017-05-26,T,28.859516143798828,28.889728546142578,28.708459854125977,28.791540145874023,15.384759902954102,18173092.0
2017-05-30,T,28.844411849975586,29.214502334594727,28.844411849975586,29.116313934326172,15.558298110961914,27178013.0
2017-05-31,T,29.191843032836914,29.35800552368164,29.086103439331055,29.101207733154297,15.550228118896484,31829490.0
2017-06-01,T,29.214502334594727,29.373111724853516,29.093656539916992,29.35800552368164,15.687444686889648,23423149.0
2017-06-02,T,29.456193923950195,29.516616821289062,29.27492332458496,29.35800552368164,15.687444686889648,24532396.0
2017-06-05,T,29.31268882751465,29.350452423095703,29.131420135498047,29.31268882751465,15.66323184967041,18300196.0
2017-06-06,T,29.290029525756836,29.395769119262695,29.191843032836914,29.25226593017578,15.630946159362793,21473029.0
2017-06-07,T,29.342899322509766,29.35800552368164,29.108760833740234,29.27492332458496,15.643054962158203,21752526.0
2017-06-08,T,29.27492332458496,29.335346221923828,29.01812744140625,29.078550338745117,15.53812313079834,26840128.0
2017-06-09,T,29.17673683166504,29.30513572692871,29.116313934326172,29.297582626342773,15.655163764953613,24359349.0
2017-06-12,T,29.297582626342773,29.73564910888672,29.297582626342773,29.509063720703125,15.768171310424805,30160588.0
2017-06-13,T,29.4637451171875,29.4637451171875,29.138973236083984,29.214502334594727,15.610770225524902,24946940.0
2017-06-14,T,29.297582626342773,29.31268882751465,29.078550338745117,29.244712829589844,15.626916885375977,21655609.0
2017-06-15,T,29.20694923400879,29.380664825439453,29.184289932250977,29.335346221923828,15.675345420837402,22092529.0
2017-06-16,T,29.433534622192383,29.456193923950195,29.19939613342285,29.425981521606445,15.723771095275879,39368743.0
2017-06-19,T,29.44108772277832,29.44108772277832,29.22205352783203,29.38821792602539,15.703597068786621,27748127.0
2017-06-20,T,29.2824764251709,29.395769119262695,29.15407943725586,29.19939613342285,15.60269832611084,28782171.0
2017-06-21,T,29.1691837310791,29.20694923400879,28.58761215209961,28.814199447631836,15.396867752075195,32567355.0
2017-06-22,T,28.844411849975586,28.96525764465332,28.678247451782227,28.77643585205078,15.376689910888672,21450124.0
2017-06-23,T,28.821752548217773,28.821752548217773,28.56495475769043,28.66314125061035,15.31614875793457,30328338.0
2017-06-26,T,28.655588150024414,28.91238784790039,28.595165252685547,28.814199447631836,15.396867752075195,24366631.0
2017-06-27,T,28.814199447631836,28.814199447631836,28.398792266845703,28.474319458007812,15.215250968933105,26297288.0
2017-06-28,T,28.610271453857422,28.75377655029297,28.53474235534668,28.655588150024414,15.312114715576172,26937045.0
2017-06-29,T,28.602718353271484,28.685800552368164,28.413896560668945,28.413896560668945,15.182964324951172,31402500.0
2017-06-30,T,28.496978759765625,28.602718353271484,28.353473663330078,28.496978759765625,15.227359771728516,29843887.0
2017-07-03,T,28.580059051513672,28.79909324645996,28.53474235534668,28.78398895263672,15.380724906921387,14728573.0
2017-07-05,T,28.78398895263672,28.859516143798828,28.58761215209961,28.791540145874023,15.384759902954102,26592408.0
2017-07-06,T,28.391239166259766,28.474319458007812,28.081571578979492,28.081571578979492,15.265183448791504,27549395.0
2017-07-07,T,28.081571578979492,28.119335174560547,27.809667587280273,27.930513381958008,15.183069229125977,27593219.0
2017-07-10,T,27.915407180786133,28.00604248046875,27.809667587280273,27.81722068786621,15.121481895446777,30154365.0
2017-07-11,T,27.81722068786621,27.83987808227539,27.598186492919922,27.643505096435547,15.02704906463623,28583174.0
2017-07-12,T,27.756797790527344,27.87009048461914,27.65105628967285,27.81722068786621,15.121481895446777,23151861.0
2017-07-13,T,27.598186492919922,27.643505096435547,27.333837509155273,27.34894371032715,14.866926193237305,40024652.0
2017-07-14,T,27.36404800415039,27.477340698242188,27.3187313079834,27.41691780090332,14.903875350952148,31195294.0
2017-07-17,T,27.432024002075195,27.530210494995117,27.379154205322266,27.484893798828125,14.940828323364258,27203963.0
2017-07-18,T,27.515106201171875,27.515106201171875,27.092145919799805,27.18277931213379,14.77659797668457,38589172.0
2017-07-19,T,27.21299171447754,27.28852081298828,27.04682731628418,27.28852081298828,14.834081649780273,34796441.0
2017-07-20,T,27.439577102661133,27.73413848876953,27.31117820739746,27.58308219909668,14.994210243225098,42225670.0
2017-07-21,T,27.507553100585938,27.65105628967285,27.386707305908203,27.575529098510742,14.990097999572754,26679659.0
2017-07-24,T,27.575529098510742,27.60573959350586,27.326284408569336,27.36404800415039,14.875136375427246,29662234.0
2017-07-25,T,27.409366607666016,27.567975997924805,27.28852081298828,27.356494903564453,14.871028900146484,38987828.0
2017-07-26,T,27.356494903564453,28.77643585205078,27.356494903564453,28.72356414794922,15.61417293548584,95899703.0
2017-07-27,T,28.851964950561523,29.833837509155273,28.851964950561523,29.76586151123047,16.180767059326172,82070788.0
2017-07-28,T,29.645015716552734,29.962236404418945,29.327795028686523,29.456193923950195,16.012434005737305,47681080.0
2017-07-31,T,29.433534622192383,29.554380416870117,29.244712829589844,29.456193923950195,16.012434005737305,37709241.0
2017-08-01,T,29.645015716552734,29.66012191772461,29.237159729003906,29.365558624267578,15.963160514831543,38891838.0
2017-08-02,T,29.44108772277832,29.448640823364258,28.731117248535156,28.904834747314453,15.7127103805542,45824302.0
2017-08-03,T,28.874622344970703,29.078550338745117,28.814199447631836,28.91238784790039,15.716817855834961,24960313.0
2017-08-04,T,29.033233642578125,29.093656539916992,28.731117248535156,29.025680541992188,15.778406143188477,21603708.0
2017-08-07,T,29.033233642578125,29.184289932250977,28.980363845825195,29.093656539916992,15.815354347229004,22277227.0
2017-08-08,T,29.12386703491211,29.25981903076172,28.904834747314453,28.972810745239258,15.749663352966309,20436999.0
2017-08-09,T,28.851964950561523,29.003021240234375,28.74622344970703,28.972810745239258,15.749663352966309,26091671.0
2017-08-10,T,28.904834747314453,29.108760833740234,28.83685874938965,28.844411849975586,15.679862976074219,28208350.0
2017-08-11,T,28.927492141723633,28.957704544067383,28.75377655029297,28.77643585205078,15.642916679382324,17581396.0
2017-08-14,T,28.88217544555664,29.12386703491211,28.83685874938965,29.078550338745117,15.807143211364746,22724606.0
2017-08-15,T,29.078550338745117,29.116313934326172,28.708459854125977,28.821752548217773,15.667545318603516,19622210.0
2017-08-16,T,28.821752548217773,28.957704544067383,28.67069435119629,28.874622344970703,15.696284294128418,19824649.0
2017-08-17,T,28.821752548217773,28.867069244384766,28.383686065673828,28.398792266845703,15.437623977661133,29120056.0
2017-08-18,T,28.32326316833496,28.406343460083008,28.096677780151367,28.22507667541504,15.343192100524902,30475700.0
2017-08-21,T,28.315710067749023,28.61782455444336,28.255287170410156,28.383686065673828,15.429413795471191,22917248.0
2017-08-22,T,28.466766357421875,28.6933536529541,28.368579864501953,28.685800552368164,15.593646049499512,19512847.0
2017-08-23,T,28.58761215209961,28.761329650878906,28.58761215209961,28.640483856201172,15.569005966186523,26393808.0
2017-08-24,T,28.67069435119629,28.685800552368164,28.42900276184082,28.45921516418457,15.47046947479248,14486943.0
2017-08-25,T,28.56495475769043,28.79909324645996,28.519636154174805,28.6933536529541,15.597747802734375,18784780.0
2017-08-28,T,28.70090675354004,28.75377655029297,28.5120849609375,28.655588150024414,15.57721996307373,13410134.0
2017-08-29,T,28.5120849609375,28.72356414794922,28.5120849609375,28.58761215209961,15.540267944335938,12698484.0
2017-08-30,T,28.56495475769043,28.56495475769043,28.406343460083008,28.451662063598633,15.466361999511719,16462086.0
2017-08-31,T,28.504531860351562,28.602718353271484,28.285497665405273,28.29305076599121,15.380144119262695,27457774.0
2017-09-01,T,28.391239166259766,28.398792266845703,28.262840270996094,28.308156967163086,15.388354301452637,16906686.0
2017-09-05,T,28.24773406982422,28.27039337158203,27.892749786376953,28.013595581054688,15.228232383728027,30195541.0
2017-09-06,T,28.043806076049805,28.066465377807617,27.590633392333984,27.620845794677734,15.01473331451416,37562542.0
2017-09-07,T,27.643505096435547,27.78700828552246,26.873111724853516,26.88821792602539,14.616472244262695,64373807.0
2017-09-08,T,26.88821792602539,27.009063720703125,26.510574340820312,26.880664825439453,14.612367630004883,54351524.0
2017-09-11,T,26.948640823364258,27.039274215698242,26.827795028686523,26.99395751953125,14.673958778381348,30516611.0
2017-09-12,T,27.16012191772461,27.515106201171875,27.054380416870117,27.386707305908203,14.887454986572266,37449737.0
2017-09-13,T,27.44713020324707,27.696374893188477,27.401813507080078,27.60573959350586,15.006519317626953,34069433.0
2017-09-14,T,27.643505096435547,27.643505096435547,27.356494903564453,27.432024002075195,14.912091255187988,23678548.0
2017-09-15,T,27.5,28.028701782226562,27.484893798828125,28.021148681640625,15.232337951660156,63476400.0
2017-09-18,T,28.028701782226562,28.32326316833496,27.960725784301758,28.262840270996094,15.363720893859863,42333973.0
2017-09-19,T,28.255287170410156,29.033233642578125,28.149547576904297,28.859516143798828,15.688076972961426,61327680.0
2017-09-20,T,28.942598342895508,29.25981903076172,28.867069244384766,29.025680541992188,15.778406143188477,35574821.0
2017-09-21,T,29.078550338745117,29.108760833740234,28.8066463470459,28.867069244384766,15.692178726196289,22218309.0
2017-09-22,T,29.003021240234375,29.191843032836914,28.859516143798828,29.146526336669922,15.844093322753906,30733482.0
2017-09-25,T,29.101207733154297,29.59969711303711,29.078550338745117,29.54682731628418,16.06170082092285,47901128.0
2017-09-26,T,29.54682731628418,29.690332412719727,29.22960662841797,29.244712829589844,15.897473335266113,29930212.0
2017-09-27,T,29.17673683166504,29.38821792602539,29.086103439331055,29.2824764251709,15.917997360229492,31469494.0
2017-09-28,T,29.214502334594727,29.584592819213867,29.146526336669922,29.486404418945312,16.028852462768555,22996424.0
2017-09-29,T,29.418428421020508,29.622356414794922,29.31268882751465,29.584592819213867,16.082229614257812,29076894.0
2017-10-02,T,29.607250213623047,29.690332412719727,29.509063720703125,29.539274215698242,16.05759048461914,20660093.0
2017-10-03,T,29.59969711303711,29.8187313079834,29.524169921875,29.8187313079834,16.20950698852539,21273502.0
2017-10-04,T,29.73564910888672,29.954683303833008,29.637462615966797,29.833837509155273,16.21771812438965,23717209.0
2017-10-05,T,29.91691780090332,30.060422897338867,29.75830841064453,29.84139060974121,16.221826553344727,29930609.0
2017-10-06,T,29.335346221923828,29.49395751953125,29.108760833740234,29.146526336669922,16.108598709106445,29699836.0
2017-10-09,T,29.191843032836914,29.20694923400879,28.814199447631836,28.927492141723633,15.987545013427734,25484220.0
2017-10-10,T,28.96525764465332,29.161630630493164,28.904834747314453,29.078550338745117,16.071033477783203,22928370.0
2017-10-11,T,29.093656539916992,29.161630630493164,28.738670349121094,28.844411849975586,15.941631317138672,35718872.0
2017-10-12,T,28.315710067749023,28.34592056274414,27.061933517456055,27.084592819213867,14.969016075134277,108536754.0
2017-10-13,T,27.069486618041992,27.220544815063477,26.62386703491211,26.9637451171875,14.902225494384766,74257070.0
2017-10-16,T,27.054380416870117,27.530210494995117,27.001510620117188,27.3187313079834,15.09842300415039,41172560.0
2017-10-17,T,27.3187313079834,27.409366607666016,27.18277931213379,27.36404800415039,15.123466491699219,28682606.0
2017-10-18,T,27.36404800415039,27.401813507080078,26.820241928100586,26.971298217773438,14.906404495239258,48676595.0
2017-10-19,T,27.137462615966797,27.439577102661133,26.880664825439453,26.956193923950195,14.898052215576172,43542918.0
2017-10-20,T,27.031721115112305,27.069486618041992,26.737159729003906,26.842899322509766,14.835442543029785,50094202.0
2017-10-23,T,26.75226593017578,26.933534622192383,26.578550338745117,26.62386703491211,14.714383125305176,40914645.0
2017-10-24,T,26.6691837310791,26.70694923400879,26.291540145874023,26.32930564880371,14.551587104797363,69160199.0
2017-10-25,T,25.87613296508789,25.944108963012695,25.173715591430664,25.2945613861084,13.97970962524414,127603413.0
2017-10-26,T,25.490936279296875,25.596677780151367,25.377643585205078,25.438066482543945,14.05902099609375,59740866.0
2017-10-27,T,25.438066482543945,25.69486427307129,25.332326889038086,25.657100677490234,14.18007755279541,69268105.0
2017-10-30,T,25.69486427307129,25.92900276184082,25.219032287597656,25.332326889038086,14.00058364868164,68444974.0
2017-10-31,T,25.407854080200195,25.55891227722168,25.249244689941406,25.415407180786133,14.046499252319336,48162354.0
2017-11-01,T,25.574018478393555,25.634441375732422,25.143505096435547,25.33987808227539,14.004753112792969,50106383.0
2017-11-02,T,25.354984283447266,25.996978759765625,24.871601104736328,25.05286979675293,13.846134185791016,96609897.0
2017-11-03,T,25.1812686920166,25.219032287597656,24.886707305908203,25.15105628967285,13.900399208068848,53276833.0
2017-11-06,T,24.977340698242188,24.984893798828125,24.584592819213867,24.8187313079834,13.716729164123535,63217028.0
2017-11-07,T,24.79607391357422,25.015106201171875,24.7054386138916,24.977340698242188,13.804389953613281,39800764.0
2017-11-08,T,24.81117820739746,25.302114486694336,24.75830841064453,25.256797790527344,13.958837509155273,115981341.0
2017-11-09,T,25.249244689941406,26.019636154174805,25.18882179260254,25.679758071899414,14.192597389221191,92568652.0
2017-11-10,T,25.808156967163086,26.042295455932617,25.755287170410156,25.84592056274414,14.284435272216797,76099018.0
2017-11-13,T,25.891239166259766,25.951662063598633,25.785497665405273,25.808156967163086,14.263564109802246,38213023.0
2017-11-14,T,25.82326316833496,25.8308162689209,25.362537384033203,25.468278884887695,14.07571792602539,40065829.0
2017-11-15,T,25.69486427307129,25.8308162689209,25.415407180786133,25.5362548828125,14.113287925720215,43536165.0
2017-11-16,T,25.574018478393555,26.178247451782227,25.5362548828125,26.072507858276367,14.409662246704102,52915249.0
2017-11-17,T,26.004531860351562,26.344411849975586,25.944108963012695,26.06495475769043,14.405487060546875,48944573.0
2017-11-20,T,26.095165252685547,26.359516143798828,26.0120849609375,26.16314125061035,14.459748268127441,41394463.0
2017-11-21,T,26.132930755615234,26.24622344970703,25.898792266845703,25.92900276184082,14.330350875854492,46892108.0
2017-11-22,T,25.891239166259766,26.367069244384766,25.8308162689209,26.33685874938965,14.555766105651855,35024964.0
2017-11-24,T,26.33685874938965,26.397281646728516,26.238670349121094,26.291540145874023,14.530721664428711,12184904.0
2017-11-27,T,26.314199447631836,26.442598342895508,26.095165252685547,26.1933536529541,14.476449966430664,35474462.0
2017-11-28,T,26.102718353271484,26.842899322509766,26.102718353271484,26.75226593017578,14.785347938537598,45612330.0
2017-11-29,T,27.469789505004883,27.60573959350586,26.744712829589844,27.55286979675293,15.227823257446289,70407804.0
2017-11-30,T,27.567975997924805,27.87009048461914,27.21299171447754,27.477340698242188,15.186078071594238,65976641.0
2017-12-01,T,27.454683303833008,27.756797790527344,27.12990951538086,27.567975997924805,15.236173629760742,41622720.0
2017-12-04,T,27.7945613861084,28.353473663330078,27.756797790527344,28.149547576904297,15.557594299316406,53598698.0
2017-12-05,T,27.809667587280273,28.164653778076172,27.58308219909668,27.60573959350586,15.25704574584961,43765350.0
2017-12-06,T,27.31117820739746,27.530210494995117,27.21299171447754,27.273414611816406,15.073380470275879,41271993.0
2017-12-07,T,27.28852081298828,27.492446899414062,27.04682731628418,27.3187313079834,15.09842300415039,32475866.0
2017-12-08,T,27.492446899414062,27.756797790527344,27.303625106811523,27.74169158935547,15.33218002319336,33771798.0
2017-12-11,T,27.71147918701172,27.90030288696289,27.58308219909668,27.87009048461914,15.403141975402832,31334711.0
2017-12-12,T,28.72356414794922,28.82930564880371,27.930513381958008,28.77643585205078,15.904060363769531,61433468.0
2017-12-13,T,28.708459854125977,28.844411849975586,28.22507667541504,28.731117248535156,15.879013061523438,52524934.0
2017-12-14,T,28.595165252685547,28.821752548217773,28.45921516418457,28.504531860351562,15.753783226013184,45395326.0
2017-12-15,T,28.8066463470459,28.919940948486328,28.648035049438477,28.88217544555664,15.962501525878906,61974586.0
2017-12-18,T,29.078550338745117,29.373111724853516,28.995468139648438,29.048337936401367,16.054336547851562,41702293.0
2017-12-19,T,29.048337936401367,29.214502334594727,28.72356414794922,28.738670349121094,15.883186340332031,38636703.0
2017-12-20,T,28.904834747314453,29.335346221923828,28.83685874938965,29.116313934326172,16.091901779174805,35706824.0
2017-12-21,T,29.12386703491211,29.67522621154785,29.055891036987305,29.365558624267578,16.22965431213379,42343771.0
2017-12-22,T,29.290029525756836,29.539274215698242,29.22960662841797,29.41087532043457,16.25469970703125,26427702.0
2017-12-26,T,29.418428421020508,29.7054386138916,29.418428421020508,29.501510620117188,16.304790496826172,17977537.0
2017-12-27,T,29.516616821289062,29.561933517456055,29.237159729003906,29.373111724853516,16.233823776245117,21633233.0
2017-12-28,T,29.456193923950195,29.607250213623047,29.365558624267578,29.592145919799805,16.354883193969727,20690678.0
2017-12-29,T,29.622356414794922,29.697885513305664,29.365558624267578,29.365558624267578,16.22965431213379,35059388.0
2018-01-02,T,29.501510620117188,29.501510620117188,28.972810745239258,29.108760833740234,16.08772850036621,42626974.0
2018-01-03,T,29.055891036987305,29.07099723815918,28.34592056274414,28.436555862426758,15.71621322631836,51851150.0
2018-01-04,T,28.5120849609375,28.844411849975586,28.14199447631836,28.70090675354004,15.862317085266113,36894187.0
2018-01-05,T,28.8066463470459,28.821752548217773,28.549848556518555,28.8066463470459,15.920760154724121,29386048.0
2018-01-08,T,28.814199447631836,29.063444137573242,28.58761215209961,28.889728546142578,15.9666748046875,35276524.0
2018-01-09,T,28.421449661254883,28.6933536529541,28.308156967163086,28.315710067749023,15.92504596710205,37152896.0
2018-01-10,T,28.24018096923828,28.24018096923828,27.598186492919922,27.65860939025879,15.555484771728516,54388066.0
2018-01-11,T,27.696374893188477,27.771902084350586,27.469789505004883,27.55286979675293,15.496016502380371,54813997.0
2018-01-12,T,27.55286979675293,27.938066482543945,27.432024002075195,27.87009048461914,15.674422264099121,41285233.0
2018-01-16,T,27.87009048461914,27.960725784301758,27.598186492919922,27.73413848876953,15.5979642868042,32739342.0
2018-01-17,T,27.771902084350586,27.907854080200195,27.560422897338867,27.832326889038086,15.65318775177002,29194465.0
2018-01-18,T,27.82477378845215,28.232627868652344,27.802114486694336,28.05891227722168,15.780617713928223,36623296.0
2018-01-19,T,28.22507667541504,28.22507667541504,27.90030288696289,28.104230880737305,15.80610179901123,36965815.0
2018-01-22,T,28.096677780151367,28.625377655029297,27.930513381958008,28.602718353271484,16.08646011352539,41918634.0
2018-01-23,T,28.66314125061035,28.867069244384766,27.968278884887695,28.08912467956543,15.797605514526367,43739664.0
2018-01-24,T,28.164653778076172,28.24018096923828,27.930513381958008,27.960725784301758,15.7253999710083,37823767.0
2018-01-25,T,28.013595581054688,28.285497665405273,27.82477378845215,28.285497665405273,15.908053398132324,30981997.0
2018-01-26,T,28.29305076599121,28.56495475769043,28.2175235748291,28.56495475769043,16.065217971801758,28609654.0
2018-01-29,T,28.043806076049805,28.45921516418457,27.930513381958008,28.14199447631836,15.82734489440918,40884590.0
2018-01-30,T,28.2175235748291,28.549848556518555,28.172204971313477,28.27794647216797,15.903813362121582,39565357.0
2018-01-31,T,28.262840270996094,28.640483856201172,28.19486427307129,28.285497665405273,15.908053398132324,54843258.0
2018-02-01,T,29.086103439331055,29.67522621154785,29.003021240234375,29.57703971862793,16.634424209594727,79392071.0
2018-02-02,T,29.478851318359375,29.486404418945312,28.557401657104492,28.75377655029297,16.171415328979492,61034679.0
2018-02-05,T,28.557401657104492,28.93504524230957,27.666162490844727,27.666162490844727,15.559728622436523,60368442.0
2018-02-06,T,27.250755310058594,27.998489379882812,26.81268882751465,27.81722068786621,15.644688606262207,83286617.0
2018-02-07,T,27.802114486694336,28.285497665405273,27.749244689941406,27.892749786376953,15.687166213989258,47180078.0
2018-02-08,T,27.862537384033203,27.907854080200195,26.865558624267578,26.865558624267578,15.109467506408691,60563732.0
2018-02-09,T,27.061933517456055,27.454683303833008,26.457704544067383,27.228097915649414,15.313361167907715,66489162.0
2018-02-12,T,27.439577102661133,27.643505096435547,27.167673110961914,27.469789505004883,15.44929313659668,36741927.0
2018-02-13,T,27.409366607666016,27.726585388183594,27.167673110961914,27.643505096435547,15.546988487243652,30289413.0
2018-02-14,T,27.492446899414062,27.771902084350586,27.273414611816406,27.5,15.466282844543457,32880481.0
2018-02-15,T,27.545316696166992,27.945619583129883,27.36404800415039,27.945619583129883,15.716902732849121,36419533.0
2018-02-16,T,27.930513381958008,28.24018096923828,27.83987808227539,28.051359176635742,15.776368141174316,26349718.0
2018-02-20,T,27.854984283447266,28.013595581054688,27.696374893188477,27.771902084350586,15.619195938110352,29222666.0
2018-02-21,T,27.771902084350586,27.975830078125,27.401813507080078,27.424470901489258,15.423805236816406,27529402.0
2018-02-22,T,27.545316696166992,27.938066482543945,27.5,27.545316696166992,15.491767883300781,24543650.0
2018-02-23,T,27.60573959350586,27.756797790527344,27.409366607666016,27.73413848876953,15.5979642868042,23098901.0
2018-02-26,T,27.892749786376953,28.3308162689209,27.802114486694336,28.29305076599121,15.912294387817383,26309734.0
2018-02-27,T,28.262840270996094,28.42900276184082,27.847431182861328,27.847431182861328,15.661683082580566,28360874.0
2018-02-28,T,28.081571578979492,28.081571578979492,27.41691780090332,27.41691780090332,15.419556617736816,38768971.0
2018-03-01,T,27.424470901489258,27.756797790527344,27.092145919799805,27.190332412719727,15.292120933532715,37798744.0
2018-03-02,T,27.190332412719727,27.492446899414062,27.152568817138672,27.454683303833008,15.440792083740234,28285936.0
2018-03-05,T,27.34139060974121,27.809667587280273,27.26586151123047,27.719032287597656,15.589470863342285,25551876.0
2018-03-06,T,27.81722068786621,27.87009048461914,27.567975997924805,27.847431182861328,15.661683082580566,23119820.0
2018-03-07,T,27.63595199584961,27.968278884887695,27.613292694091797,27.877643585205078,15.678672790527344,24475464.0
2018-03-08,T,27.877643585205078,28.028701782226562,27.613292694091797,28.028701782226562,15.76362419128418,26170581.0
2018-03-09,T,28.074018478393555,28.11178207397461,27.809667587280273,27.983383178710938,15.738140106201172,24918077.0
2018-03-12,T,27.983383178710938,28.37613296508789,27.975830078125,28.2175235748291,15.869824409484863,29531820.0
2018-03-13,T,28.361026763916016,28.557401657104492,28.14199447631836,28.24018096923828,15.882566452026367,25399351.0
2018-03-14,T,28.391239166259766,28.391239166259766,27.915407180786133,27.968278884887695,15.729646682739258,24633285.0
2018-03-15,T,28.013595581054688,28.164653778076172,27.95317268371582,27.975830078125,15.733894348144531,28967928.0
2018-03-16,T,28.013595581054688,28.202417373657227,27.87009048461914,27.945619583129883,15.716902732849121,49124372.0
2018-03-19,T,27.930513381958008,28.021148681640625,27.545316696166992,27.628398895263672,15.538493156433105,26000580.0
2018-03-20,T,27.70392608642578,27.809667587280273,27.326284408569336,27.44713020324707,15.436545372009277,26701240.0
2018-03-21,T,27.44713020324707,27.567975997924805,27.190332412719727,27.190332412719727,15.292120933532715,23086853.0
2018-03-22,T,27.152568817138672,27.220544815063477,26.70694923400879,26.714502334594727,15.024510383605957,37332696.0
2018-03-23,T,26.714502334594727,27.18277931213379,26.095165252685547,26.208459854125977,14.739907264709473,46377072.0
2018-03-26,T,26.480363845825195,26.65407943725586,26.0120849609375,26.20090675354004,14.735660552978516,41696070.0
2018-03-27,T,26.321752548217773,26.586103439331055,26.20090675354004,26.359516143798828,14.824862480163574,44831567.0
2018-03-28,T,26.65407943725586,27.07703971862793,26.616313934326172,26.85800552368164,15.105222702026367,40707969.0
2018-03-29,T,26.948640823364258,27.107250213623047,26.450151443481445,26.925981521606445,15.143450736999512,36494868.0
2018-04-02,T,26.873111724853516,26.933534622192383,26.3066463470459,26.510574340820312,14.909815788269043,38704360.0
2018-04-03,T,26.555891036987305,26.75226593017578,26.321752548217773,26.714502334594727,15.024510383605957,28969385.0
2018-04-04,T,26.555891036987305,27.145015716552734,26.419940948486328,27.09969711303711,15.241146087646484,27224220.0
2018-04-05,T,27.137462615966797,27.34894371032715,26.948640823364258,27.29607391357422,15.351592063903809,22644769.0
2018-04-06,T,27.197885513305664,27.34139060974121,26.75226593017578,26.91087532043457,15.134949684143066,33255438.0
2018-04-09,T,26.616313934326172,26.9637451171875,26.480363845825195,26.563444137573242,15.222381591796875,28968590.0
2018-04-10,T,26.67673683166504,27.484893798828125,26.472810745239258,27.04682731628418,15.499388694763184,52696259.0
2018-04-11,T,26.933534622192383,26.986404418945312,26.57099723815918,26.62386703491211,15.25700569152832,27864639.0
2018-04-12,T,26.75226593017578,26.790029525756836,26.480363845825195,26.555891036987305,15.218050956726074,29062065.0
2018-04-13,T,26.593656539916992,26.714502334594727,26.450151443481445,26.54078483581543,15.209397315979004,19032235.0
2018-04-16,T,26.714502334594727,27.054380416870117,26.601207733154297,26.918428421020508,15.425809860229492,32964025.0
2018-04-17,T,26.956193923950195,27.016616821289062,26.6691837310791,26.70694923400879,15.30461597442627,27255599.0
2018-04-18,T,26.797582626342773,26.842899322509766,26.555891036987305,26.593656539916992,15.239699363708496,28599724.0
2018-04-19,T,26.616313934326172,26.638973236083984,26.291540145874023,26.29909324645996,15.070893287658691,31172124.0
2018-04-20,T,26.32930564880371,26.480363845825195,25.79305076599121,26.185800552368164,15.00597095489502,42967507.0
2018-04-23,T,26.21601104736328,26.351964950561523,26.125377655029297,26.351964950561523,15.101187705993652,28084556.0
2018-04-24,T,26.548337936401367,26.684289932250977,26.25377655029297,26.43504524230957,15.14880084991455,28561593.0
2018-04-25,T,26.33685874938965,26.616313934326172,26.231117248535156,26.586103439331055,15.235365867614746,33485549.0
2018-04-26,T,25.256797790527344,25.45317268371582,24.524169921875,25.0,14.326437950134277,175073050.0
2018-04-27,T,25.030210494995117,25.347431182861328,24.939577102661133,24.954683303833008,14.300467491149902,71773908.0
2018-04-30,T,25.128398895263672,25.23413848876953,24.67522621154785,24.697885513305664,14.153312683105469,61108955.0
2018-05-01,T,24.73564910888672,24.856494903564453,24.44108772277832,24.57703971862793,14.084057807922363,47421840.0
2018-05-02,T,24.645015716552734,24.645015716552734,24.093656539916992,24.214502334594727,13.876301765441895,53196466.0
2018-05-03,T,24.19939613342285,24.2824764251709,23.874622344970703,24.12386703491211,13.824363708496094,53352169.0
2018-05-04,T,24.12386703491211,24.373111724853516,24.033233642578125,24.27492332458496,13.910926818847656,33814298.0
2018-05-07,T,24.335346221923828,24.35800552368164,24.055891036987305,24.19939613342285,13.867646217346191,34776581.0
2018-05-08,T,24.146526336669922,24.1691837310791,23.851964950561523,23.942598342895508,13.720488548278809,44372404.0
2018-05-09,T,23.889728546142578,23.950151443481445,23.542295455932617,23.71601104736328,13.590638160705566,49642586.0
2018-05-10,T,23.851964950561523,24.191843032836914,23.791540145874023,24.078550338745117,13.798392295837402,39600046.0
2018-05-11,T,24.1691837310791,24.403322219848633,24.161630630493164,24.38821792602539,13.975851058959961,36426285.0
2018-05-14,T,24.4637451171875,24.531721115112305,24.244712829589844,24.31268882751465,13.932565689086914,35608980.0
2018-05-15,T,24.27492332458496,24.350452423095703,24.025680541992188,24.237159729003906,13.889288902282715,35095003.0
2018-05-16,T,24.237159729003906,24.478851318359375,24.20694923400879,24.395769119262695,13.980173110961914,25230541.0
2018-05-17,T,24.456193923950195,24.478851318359375,24.093656539916992,24.116313934326172,13.820032119750977,33656874.0
2018-05-18,T,24.12386703491211,24.244712829589844,24.003021240234375,24.20694923400879,13.87197494506836,28969650.0
2018-05-21,T,24.290029525756836,24.66012191772461,24.093656539916992,24.614803314208984,14.105695724487305,37984104.0
2018-05-22,T,24.645015716552734,24.780967712402344,24.471298217773438,24.49395751953125,14.036450386047363,38908785.0
2018-05-23,T,24.486404418945312,24.569486618041992,24.20694923400879,24.418428421020508,13.993163108825684,34379249.0
2018-05-24,T,24.4637451171875,24.780967712402344,24.327795028686523,24.75830841064453,14.18793773651123,46677223.0
2018-05-25,T,24.697885513305664,24.71299171447754,24.4637451171875,24.554380416870117,14.071074485778809,28884781.0
2018-05-29,T,24.516616821289062,24.539274215698242,24.27492332458496,24.418428421020508,13.993163108825684,35691200.0
2018-05-30,T,24.44108772277832,24.652568817138672,24.380664825439453,24.59969711303711,14.097041130065918,31955799.0
2018-05-31,T,24.561933517456055,24.584592819213867,24.290029525756836,24.41087532043457,13.98883056640625,38948770.0
2018-06-01,T,24.531721115112305,24.62990951538086,24.44108772277832,24.524169921875,14.05375862121582,31463933.0
2018-06-04,T,24.607250213623047,24.68277931213379,24.448640823364258,24.478851318359375,14.027790069580078,24333399.0
2018-06-05,T,24.478851318359375,24.7054386138916,24.395769119262695,24.68277931213379,14.144655227661133,30999209.0
2018-06-06,T,24.750755310058594,25.347431182861328,24.622356414794922,25.21147918701172,14.447627067565918,45205729.0
2018-06-07,T,24.977340698242188,25.657100677490234,24.84894371032715,25.5362548828125,14.633742332458496,56352882.0
2018-06-08,T,25.42296028137207,25.702417373657227,25.362537384033203,25.551359176635742,14.642401695251465,43935086.0
2018-06-11,T,25.657100677490234,26.042295455932617,25.5362548828125,25.815710067749023,14.7938871383667,49197060.0
2018-06-12,T,26.06495475769043,26.080059051513672,25.74018096923828,25.944108963012695,14.867463111877441,78647321.0
2018-06-13,T,24.924470901489258,25.030210494995117,24.327795028686523,24.335346221923828,13.945550918579102,258289495.0
2018-06-14,T,24.622356414794922,24.909366607666016,24.244712829589844,24.561933517456055,14.075400352478027,117442904.0
2018-06-15,T,24.637462615966797,25.128398895263672,24.2824764251709,25.037763595581055,14.348078727722168,150914551.0
2018-06-18,T,24.939577102661133,24.954683303833008,24.244712829589844,24.31268882751465,13.932565689086914,104138823.0
2018-06-19,T,24.1691837310791,24.622356414794922,24.138973236083984,24.4637451171875,14.019128799438477,115643059.0
2018-06-20,T,24.54682731628418,24.607250213623047,24.131420135498047,24.1691837310791,13.850333213806152,73886085.0
2018-06-21,T,24.244712829589844,24.395769119262695,23.79909324645996,23.867069244384766,13.677206993103027,68087230.0
2018-06-22,T,23.96525764465332,24.086103439331055,23.79909324645996,23.93504524230957,13.716160774230957,82958662.0
2018-06-25,T,23.904834747314453,24.131420135498047,23.851964950561523,23.950151443481445,13.72481632232666,64377382.0
2018-06-26,T,23.96525764465332,24.025680541992188,23.71601104736328,23.88217544555664,13.68586254119873,59108126.0
2018-06-27,T,24.15407943725586,24.20694923400879,23.897281646728516,23.904834747314453,13.698846817016602,61469348.0
2018-06-28,T,23.980363845825195,24.41087532043457,23.91238784790039,24.31268882751465,13.932565689086914,55928276.0
2018-06-29,T,24.35800552368164,24.539274215698242,24.20694923400879,24.25226593017578,13.897944450378418,55645999.0
2018-07-02,T,24.290029525756836,24.403322219848633,24.1691837310791,24.327795028686523,13.941226959228516,50002449.0
2018-07-03,T,24.35800552368164,24.76586151123047,24.30513572692871,24.7054386138916,14.157633781433105,44857650.0
2018-07-05,T,24.73564910888672,24.773414611816406,24.516616821289062,24.622356414794922,14.110025405883789,46895286.0
2018-07-06,T,24.667673110961914,24.728097915649414,24.509063720703125,24.68277931213379,14.144655227661133,54541518.0
2018-07-09,T,24.350452423095703,24.448640823364258,24.25226593017578,24.2824764251709,14.202963829040527,57539848.0
2018-07-10,T,24.350452423095703,24.54682731628418,24.267372131347656,24.54682731628418,14.357586860656738,51435414.0
2018-07-11,T,24.380664825439453,24.433534622192383,24.063444137573242,24.07099723815918,14.079272270202637,51941182.0
2018-07-12,T,24.214502334594727,24.403322219848633,24.093656539916992,24.342899322509766,14.23830795288086,58851800.0
2018-07-13,T,24.078550338745117,24.108760833740234,23.791540145874023,23.919940948486328,13.99091911315918,70635135.0
2018-07-16,T,23.950151443481445,24.161630630493164,23.904834747314453,24.093656539916992,14.092524528503418,43981029.0
2018-07-17,T,24.07099723815918,24.25226593017578,23.950151443481445,23.9879150390625,14.03067398071289,48245236.0
2018-07-18,T,24.033233642578125,24.131420135498047,23.942598342895508,23.950151443481445,14.008590698242188,59012004.0
2018-07-19,T,23.96525764465332,24.003021240234375,23.602718353271484,23.61782455444336,13.814207077026367,68428822.0
2018-07-20,T,23.66314125061035,23.70090675354004,23.444108963012695,23.489425659179688,13.739107131958008,48517053.0
2018-07-23,T,23.519636154174805,23.56495475769043,23.262840270996094,23.413896560668945,13.694931030273438,49376329.0
2018-07-24,T,23.602718353271484,23.927492141723633,23.421449661254883,23.927492141723633,13.995332717895508,67484015.0
2018-07-25,T,23.489425659179688,23.549848556518555,22.756797790527344,22.847431182861328,13.363598823547363,127781491.0
2018-07-26,T,22.930513381958008,23.081571578979492,22.885196685791016,22.92296028137207,13.407777786254883,58705498.0
2018-07-27,T,22.998489379882812,23.572507858276367,22.92296028137207,23.474319458007812,13.730270385742188,60943985.0
2018-07-30,T,23.83685874938965,24.267372131347656,23.75377655029297,24.1691837310791,14.136699676513672,84792932.0
2018-07-31,T,24.27492332458496,24.425981521606445,24.12386703491211,24.146526336669922,14.12344741821289,62956068.0
2018-08-01,T,24.320241928100586,24.373111724853516,24.025680541992188,24.093656539916992,14.092524528503418,41515609.0
2018-08-02,T,24.055891036987305,24.244712829589844,23.995468139648438,24.055891036987305,14.07043170928955,41306020.0
2018-08-03,T,24.093656539916992,24.380664825439453,23.9879150390625,24.373111724853516,14.255980491638184,35197746.0
2018-08-06,T,24.327795028686523,24.41087532043457,24.1691837310791,24.25226593017578,14.185295104980469,39835585.0
2018-08-07,T,24.237159729003906,24.501510620117188,24.146526336669922,24.471298217773438,14.3134126663208,36200146.0
2018-08-08,T,24.531721115112305,24.569486618041992,24.395769119262695,24.44108772277832,14.295738220214844,29064448.0
2018-08-09,T,24.471298217773438,24.54682731628418,24.350452423095703,24.539274215698242,14.353171348571777,22388046.0
2018-08-10,T,24.4637451171875,24.478851318359375,24.290029525756836,24.365558624267578,14.25156307220459,28441506.0
2018-08-13,T,24.365558624267578,24.425981521606445,24.30513572692871,24.327795028686523,14.229474067687988,30159926.0
2018-08-14,T,24.350452423095703,24.456193923950195,24.327795028686523,24.350452423095703,14.242725372314453,23881650.0
2018-08-15,T,24.380664825439453,24.584592819213867,24.267372131347656,24.524169921875,14.34433364868164,39232106.0
2018-08-16,T,24.569486618041992,25.030210494995117,24.569486618041992,24.992446899414062,14.618231773376465,49497475.0
2018-08-17,T,24.969789505004883,25.120845794677734,24.89426040649414,24.94713020324707,14.591727256774902,34647226.0
2018-08-20,T,25.030210494995117,25.113292694091797,24.932024002075195,25.007553100585938,14.627070426940918,31105394.0
2018-08-21,T,25.173715591430664,25.362537384033203,25.15860939025879,25.226585388183594,14.755182266235352,37627153.0
2018-08-22,T,25.075529098510742,25.075529098510742,24.667673110961914,24.68277931213379,14.437104225158691,45223736.0
2018-08-23,T,24.690332412719727,24.76586151123047,24.478851318359375,24.539274215698242,14.353171348571777,28404566.0
2018-08-24,T,24.516616821289062,24.728097915649414,24.516616821289062,24.652568817138672,14.419434547424316,21492889.0
2018-08-27,T,24.728097915649414,24.94713020324707,24.71299171447754,24.79607391357422,14.503371238708496,23296972.0
2018-08-28,T,24.780967712402344,24.79607391357422,24.645015716552734,24.67522621154785,14.432687759399414,21825743.0
2018-08-29,T,24.667673110961914,24.697885513305664,24.327795028686523,24.342899322509766,14.23830795288086,33315018.0
2018-08-30,T,24.320241928100586,24.41087532043457,24.07099723815918,24.138973236083984,14.119032859802246,33840646.0
2018-08-31,T,24.131420135498047,24.161630630493164,23.957704544067383,24.12386703491211,14.110191345214844,41386784.0
2018-09-04,T,24.003021240234375,24.12386703491211,23.77643585205078,24.063444137573242,14.074850082397461,33314753.0
2018-09-05,T,23.980363845825195,24.20694923400879,23.821752548217773,24.184289932250977,14.145537376403809,35382046.0
2018-09-06,T,24.267372131347656,24.403322219848633,24.1691837310791,24.30513572692871,14.216218948364258,33955436.0
2018-09-07,T,24.290029525756836,24.4637451171875,24.237159729003906,24.25981903076172,14.189712524414062,34103327.0
2018-09-10,T,24.380664825439453,24.690332412719727,24.320241928100586,24.4637451171875,14.308989524841309,34780156.0
2018-09-11,T,24.531721115112305,24.773414611816406,24.524169921875,24.67522621154785,14.432687759399414,34892431.0
2018-09-12,T,24.803625106811523,25.415407180786133,24.803625106811523,25.24169158935547,14.764012336730957,65719388.0
2018-09-13,T,25.256797790527344,25.445619583129883,24.992446899414062,25.438066482543945,14.878875732421875,45818079.0
2018-09-14,T,25.385196685791016,25.415407180786133,25.15105628967285,25.377643585205078,14.843533515930176,43936675.0
2018-09-17,T,25.377643585205078,25.5362548828125,25.249244689941406,25.392749786376953,14.852371215820312,33820653.0
2018-09-18,T,25.347431182861328,25.619335174560547,25.21147918701172,25.468278884887695,14.8965482711792,44568356.0
2018-09-19,T,25.626888275146484,25.649547576904297,25.113292694091797,25.20392608642578,14.741929054260254,41038704.0
2018-09-20,T,25.2945613861084,25.32477378845215,25.037763595581055,25.256797790527344,14.772855758666992,32803159.0
2018-09-21,T,25.7175235748291,25.861026763916016,25.513595581054688,25.513595581054688,14.92305850982666,172328000.0
2018-09-24,T,25.868579864501953,25.891239166259766,25.490936279296875,25.61178207397461,14.980486869812012,48180625.0
2018-09-25,T,25.513595581054688,25.82326316833496,25.445619583129883,25.498489379882812,14.91422176361084,40622306.0
2018-09-26,T,25.551359176635742,25.61178207397461,25.1812686920166,25.18882179260254,14.73309326171875,43533782.0
2018-09-27,T,25.249244689941406,25.50604248046875,25.128398895263672,25.24169158935547,14.764012336730957,32880878.0
2018-09-28,T,25.23413848876953,25.438066482543945,25.15860939025879,25.362537384033203,14.834701538085938,29197113.0
2018-10-01,T,25.42296028137207,25.490936279296875,25.219032287597656,25.2945613861084,14.794941902160645,29813567.0
2018-10-02,T,25.32477378845215,25.626888275146484,25.28700828552246,25.619335174560547,14.984902381896973,39724502.0
2018-10-03,T,25.74018096923828,25.77039337158203,25.50604248046875,25.619335174560547,14.984902381896973,35349608.0
2018-10-04,T,25.551359176635742,25.785497665405273,25.32477378845215,25.77039337158203,15.07325553894043,36434097.0
2018-10-05,T,25.82326316833496,25.906343460083008,25.574018478393555,25.672204971313477,15.015827178955078,37956167.0
2018-10-08,T,25.68731117248535,25.815710067749023,25.513595581054688,25.762840270996094,15.068840026855469,37166931.0
2018-10-09,T,25.445619583129883,25.45317268371582,25.302114486694336,25.302114486694336,15.092268943786621,36894716.0
2018-10-10,T,25.40030288696289,25.672204971313477,24.803625106811523,24.81117820739746,14.799428939819336,60268612.0
2018-10-11,T,24.79607391357422,24.969789505004883,23.91238784790039,23.980363845825195,14.30386734008789,84334960.0
2018-10-12,T,24.31268882751465,24.44108772277832,24.055891036987305,24.35800552368164,14.529122352600098,57132718.0
2018-10-15,T,24.373111724853516,24.67522621154785,24.327795028686523,24.44108772277832,14.578679084777832,44013202.0
2018-10-16,T,24.448640823364258,24.524169921875,24.2824764251709,24.4637451171875,14.592193603515625,37136479.0
2018-10-17,T,24.478851318359375,24.71299171447754,24.380664825439453,24.59969711303711,14.673286437988281,39605606.0
2018-10-18,T,24.59969711303711,24.81117820739746,24.350452423095703,24.54682731628418,14.641751289367676,40679900.0
2018-10-19,T,24.509063720703125,24.886707305908203,24.403322219848633,24.826284408569336,14.808440208435059,46516092.0
2018-10-22,T,24.856494903564453,24.89426040649414,24.614803314208984,24.67522621154785,14.718338012695312,30573676.0
2018-10-23,T,24.697885513305664,25.13595199584961,24.20694923400879,24.939577102661133,14.876022338867188,70738937.0
2018-10-24,T,23.96525764465332,24.01812744140625,22.854984283447266,22.930513381958008,13.67764663696289,157361240.0
2018-10-25,T,23.149547576904297,23.19486427307129,22.477340698242188,22.643505096435547,13.506452560424805,101822750.0
2018-10-26,T,22.575529098510742,22.60573959350586,21.790029525756836,21.971298217773438,13.105497360229492,102825150.0
2018-10-29,T,22.34894371032715,22.90030288696289,22.122356414794922,22.386707305908203,13.353276252746582,65233480.0
2018-10-30,T,22.545316696166992,23.104230880737305,22.522659301757812,23.013595581054688,13.72720718383789,65072879.0
2018-10-31,T,23.179758071899414,23.398792266845703,22.749244689941406,23.172204971313477,13.821813583374023,59387755.0
2018-11-01,T,23.406343460083008,23.451662063598633,22.945619583129883,23.028701782226562,13.736214637756348,46842988.0
2018-11-02,T,23.134441375732422,23.34592056274414,22.92296028137207,23.051359176635742,13.749732971191406,44376640.0
2018-11-05,T,23.134441375732422,23.308156967163086,23.08912467956543,23.134441375732422,13.799287796020508,36206766.0
2018-11-06,T,23.14199447631836,23.391239166259766,23.043806076049805,23.383686065673828,13.947958946228027,32187234.0
2018-11-07,T,23.406343460083008,23.5120849609375,23.179758071899414,23.489425659179688,14.011030197143555,40827261.0
2018-11-08,T,23.474319458007812,23.53474235534668,23.32326316833496,23.444108963012695,13.984004974365234,39121022.0
2018-11-09,T,23.398792266845703,23.474319458007812,22.990936279296875,23.179758071899414,13.82632064819336,52952983.0
2018-11-12,T,23.18731117248535,23.58761215209961,23.149547576904297,23.24773406982422,13.866867065429688,34338337.0
2018-11-13,T,23.30060386657715,23.338369369506836,22.87009048461914,22.907854080200195,13.664129257202148,33948684.0
2018-11-14,T,23.074018478393555,23.202417373657227,22.74169158935547,23.043806076049805,13.74522590637207,41432594.0
2018-11-15,T,22.92296028137207,22.938066482543945,22.58308219909668,22.749244689941406,13.569522857666016,51526638.0
2018-11-16,T,22.71147918701172,22.975830078125,22.620845794677734,22.877643585205078,13.646112442016602,38302658.0
2018-11-19,T,22.915407180786133,23.18731117248535,22.81722068786621,22.92296028137207,13.673144340515137,37015995.0
2018-11-20,T,22.63595199584961,22.7945613861084,22.2054386138916,22.220544815063477,13.254162788391113,54806053.0
2018-11-21,T,22.280967712402344,22.6812686920166,22.21299171447754,22.484893798828125,13.411845207214355,40125806.0
2018-11-23,T,22.477340698242188,22.477340698242188,22.167673110961914,22.17522621154785,13.227132797241211,17742924.0
2018-11-26,T,22.39426040649414,22.771902084350586,22.386707305908203,22.620845794677734,13.492938041687012,47387946.0
2018-11-27,T,22.537763595581055,23.028701782226562,22.44713020324707,22.990936279296875,13.713691711425781,42574147.0
2018-11-28,T,22.990936279296875,23.315710067749023,22.92296028137207,23.2175235748291,13.848844528198242,45639472.0
2018-11-29,T,22.938066482543945,23.19486427307129,22.809667587280273,23.08912467956543,13.772256851196289,40881545.0
2018-11-30,T,23.19486427307129,23.738670349121094,23.172204971313477,23.595165252685547,14.074100494384766,106538705.0
2018-12-03,T,23.972810745239258,24.093656539916992,23.648035049438477,23.950151443481445,14.285848617553711,57899712.0
2018-12-04,T,23.96525764465332,24.17673683166504,23.164653778076172,23.209970474243164,13.844342231750488,59356641.0
2018-12-06,T,23.021148681640625,23.081571578979492,22.545316696166992,23.05891227722168,13.75423812866211,68847073.0
2018-12-07,T,22.82477378845215,23.32326316833496,22.666162490844727,22.76435089111328,13.578536987304688,49616370.0
2018-12-10,T,22.719032287597656,22.726585388183594,22.031721115112305,22.590633392333984,13.474915504455566,54352980.0
2018-12-11,T,22.990936279296875,23.164653778076172,22.34894371032715,22.432024002075195,13.380308151245117,65621809.0
2018-12-12,T,22.74169158935547,22.877643585205078,22.60573959350586,22.779455184936523,13.587543487548828,54156499.0
2018-12-13,T,22.726585388183594,22.802114486694336,22.3187313079834,22.590633392333984,13.474915504455566,65005487.0
2018-12-14,T,22.530210494995117,22.960725784301758,22.432024002075195,22.82477378845215,13.614580154418945,56589614.0
2018-12-17,T,22.756797790527344,22.83987808227539,22.356494903564453,22.55286979675293,13.452387809753418,58284731.0
2018-12-18,T,22.379154205322266,22.673715591430664,22.356494903564453,22.469789505004883,13.40283489227295,58914160.0
2018-12-19,T,22.598186492919922,22.885196685791016,22.36404800415039,22.522659301757812,13.434370040893555,68079550.0
2018-12-20,T,22.537763595581055,22.55286979675293,21.291540145874023,21.638973236083984,12.907270431518555,101572381.0
2018-12-21,T,21.404834747314453,22.084592819213867,21.25377655029297,21.38217544555664,12.754091262817383,105470767.0
2018-12-24,T,21.3066463470459,21.367069244384766,20.664653778076172,20.664653778076172,12.326102256774902,54429772.0
2018-12-26,T,20.77039337158203,21.22356414794922,20.24169158935547,21.208459854125977,12.650474548339844,75985949.0
2018-12-27,T,21.004531860351562,21.268882751464844,20.521148681640625,21.261329650878906,12.682011604309082,77548269.0
2018-12-28,T,21.291540145874023,21.75226593017578,21.27643585205078,21.495468139648438,12.82166862487793,66978909.0
2018-12-31,T,21.578550338745117,21.631420135498047,21.21601104736328,21.555891036987305,12.857710838317871,69988626.0
2019-01-02,T,21.525680541992188,22.34894371032715,21.374622344970703,22.31117820739746,13.308225631713867,52025256.0
2019-01-03,T,22.29607391357422,22.515106201171875,22.061933517456055,22.34139060974121,13.326247215270996,49787166.0
2019-01-04,T,22.628398895263672,22.945619583129883,22.575529098510742,22.915407180786133,13.6686372756958,55703858.0
2019-01-07,T,23.209970474243164,23.61782455444336,22.975830078125,23.3308162689209,13.916420936584473,54377872.0
2019-01-08,T,23.648035049438477,23.70090675354004,23.436555862426758,23.625377655029297,14.092123985290527,57683105.0
2019-01-09,T,23.32326316833496,23.32326316833496,22.63595199584961,22.73413848876953,13.859702110290527,58660217.0
2019-01-10,T,22.696374893188477,23.021148681640625,22.522659301757812,22.960725784301758,13.997843742370605,42388654.0
2019-01-11,T,22.960725784301758,23.37613296508789,22.892749786376953,23.315710067749023,14.214254379272461,38308086.0
2019-01-14,T,23.18731117248535,23.24773406982422,22.95317268371582,23.126888275146484,14.099138259887695,32395897.0
2019-01-15,T,23.051359176635742,23.11178207397461,22.832326889038086,23.11178207397461,14.089929580688477,35397670.0
2019-01-16,T,23.05891227722168,23.22507667541504,22.92296028137207,23.081571578979492,14.071511268615723,32430586.0
2019-01-17,T,23.074018478393555,23.22507667541504,22.968278884887695,23.14199447631836,14.108349800109863,34777508.0
2019-01-18,T,23.27794647216797,23.436555862426758,23.051359176635742,23.383686065673828,14.255696296691895,57261808.0
2019-01-22,T,23.353473663330078,23.406343460083008,22.975830078125,23.096677780151367,14.08072280883789,49859854.0
2019-01-23,T,23.202417373657227,23.338369369506836,23.104230880737305,23.3308162689209,14.22346305847168,36879490.0
2019-01-24,T,23.24773406982422,23.24773406982422,22.862537384033203,23.11178207397461,14.089929580688477,32297391.0
2019-01-25,T,23.172204971313477,23.444108963012695,23.14199447631836,23.157100677490234,14.117559432983398,40353402.0
2019-01-28,T,23.126888275146484,23.172204971313477,22.983383178710938,23.164653778076172,14.122161865234375,41081866.0
2019-01-29,T,23.126888275146484,23.18731117248535,22.998489379882812,23.18731117248535,14.135977745056152,41497735.0
2019-01-30,T,22.628398895263672,22.960725784301758,21.91087532043457,22.18277931213379,13.523571968078613,123070434.0
2019-01-31,T,22.280967712402344,22.726585388183594,22.016616821289062,22.70392608642578,13.84128189086914,69082348.0
2019-02-01,T,22.81722068786621,22.930513381958008,22.58308219909668,22.65860939025879,13.813658714294434,54384889.0
2019-02-04,T,22.6812686920166,22.6812686920166,22.326284408569336,22.36404800415039,13.634078025817871,51681413.0
2019-02-05,T,22.409366607666016,22.439577102661133,22.250755310058594,22.379154205322266,13.643289566040039,38762616.0
2019-02-06,T,22.432024002075195,22.5,22.29607391357422,22.326284408569336,13.611059188842773,30356937.0
2019-02-07,T,22.31117820739746,22.326284408569336,21.842899322509766,22.243202209472656,13.560405731201172,50163315.0
2019-02-08,T,22.2054386138916,22.326284408569336,21.978851318359375,22.3187313079834,13.606449127197266,32148838.0
2019-02-11,T,22.34139060974121,22.537763595581055,22.250755310058594,22.439577102661133,13.680126190185547,38471865.0
2019-02-12,T,22.545316696166992,22.6812686920166,22.454683303833008,22.515106201171875,13.726168632507324,39705568.0
2019-02-13,T,22.515106201171875,22.567975997924805,22.280967712402344,22.537763595581055,13.739982604980469,39773092.0
2019-02-14,T,22.432024002075195,22.666162490844727,22.3187313079834,22.5,13.716965675354004,34220369.0
2019-02-15,T,22.6812686920166,23.051359176635742,22.60573959350586,23.013595581054688,14.030073165893555,49237839.0
2019-02-19,T,23.00604248046875,23.172204971313477,22.892749786376953,23.134441375732422,14.103744506835938,32719218.0
2019-02-20,T,23.14199447631836,23.368579864501953,23.00604248046875,23.30060386657715,14.205041885375977,32767808.0
2019-02-21,T,23.308156967163086,23.45921516418457,23.134441375732422,23.285497665405273,14.195836067199707,35192450.0
2019-02-22,T,23.37613296508789,23.557401657104492,23.27794647216797,23.527189254760742,14.343182563781738,30924933.0
2019-02-25,T,23.602718353271484,23.632930755615234,23.42900276184082,23.5120849609375,14.33397388458252,32325063.0
2019-02-26,T,23.519636154174805,23.738670349121094,23.383686065673828,23.580059051513672,14.375411033630371,39276195.0
2019-02-27,T,23.58761215209961,23.61782455444336,23.24773406982422,23.45921516418457,14.301738739013672,34886738.0
2019-02-28,T,23.45921516418457,23.61782455444336,23.391239166259766,23.504531860351562,14.32936954498291,37371224.0
2019-03-01,T,23.56495475769043,23.595165252685547,23.14199447631836,23.27794647216797,14.191228866577148,40505000.0
2019-03-04,T,23.37613296508789,23.37613296508789,22.409366607666016,22.643505096435547,13.804448127746582,65515095.0
2019-03-05,T,22.673715591430664,22.696374893188477,22.507553100585938,22.620845794677734,13.79063606262207,34463455.0
2019-03-06,T,22.65860939025879,22.76435089111328,22.484893798828125,22.515106201171875,13.726168632507324,32544317.0
2019-03-07,T,22.55286979675293,22.71147918701172,22.507553100585938,22.598186492919922,13.77682113647461,32869756.0
2019-03-08,T,22.545316696166992,22.70392608642578,22.462236404418945,22.628398895263672,13.795238494873047,29797812.0
2019-03-11,T,22.643505096435547,22.892749786376953,22.620845794677734,22.82477378845215,13.914961814880371,34448494.0
2019-03-12,T,22.847431182861328,23.338369369506836,22.82477378845215,23.134441375732422,14.103744506835938,43009610.0
2019-03-13,T,23.149547576904297,23.202417373657227,22.81722068786621,22.87009048461914,13.942585945129395,36677713.0
2019-03-14,T,22.87009048461914,23.028701782226562,22.81722068786621,22.87009048461914,13.942585945129395,29249014.0
2019-03-15,T,23.043806076049805,23.172204971313477,22.885196685791016,23.164653778076172,14.122161865234375,70650758.0
2019-03-18,T,23.172204971313477,23.29305076599121,23.104230880737305,23.262840270996094,14.182022094726562,30882432.0
2019-03-19,T,23.315710067749023,23.451662063598633,23.081571578979492,23.172204971313477,14.1267671585083,38039182.0
2019-03-20,T,23.104230880737305,23.232627868652344,22.960725784301758,23.043806076049805,14.048489570617676,32656328.0
2019-03-21,T,22.998489379882812,23.527189254760742,22.998489379882812,23.45921516418457,14.301738739013672,34878529.0
2019-03-22,T,23.413896560668945,23.67069435119629,23.413896560668945,23.466766357421875,14.306344985961914,43918934.0
2019-03-25,T,23.489425659179688,23.527189254760742,23.149547576904297,23.24018096923828,14.168209075927734,33938489.0
2019-03-26,T,23.391239166259766,23.731117248535156,23.368579864501953,23.708459854125977,14.453692436218262,32179688.0
2019-03-27,T,23.648035049438477,23.897281646728516,23.602718353271484,23.71601104736328,14.458292961120605,35408526.0
2019-03-28,T,23.731117248535156,23.791540145874023,23.315710067749023,23.421449661254883,14.278714179992676,35743234.0
2019-03-29,T,23.53474235534668,23.708459854125977,23.391239166259766,23.685800552368164,14.4398775100708,41847006.0
2019-04-01,T,23.867069244384766,24.161630630493164,23.821752548217773,24.131420135498047,14.711545944213867,50012511.0
2019-04-02,T,24.101207733154297,24.131420135498047,23.82930564880371,23.889728546142578,14.564197540283203,42296239.0
2019-04-03,T,24.01812744140625,24.138973236083984,23.897281646728516,24.07099723815918,14.674708366394043,38104720.0
2019-04-04,T,24.131420135498047,24.267372131347656,24.108760833740234,24.15407943725586,14.725362777709961,37352688.0
2019-04-05,T,24.22205352783203,24.44108772277832,24.108760833740234,24.433534622192383,14.895727157592773,52865599.0
2019-04-08,T,24.509063720703125,24.561933517456055,24.31268882751465,24.4637451171875,14.914144515991211,49321648.0
2019-04-09,T,24.055891036987305,24.086103439331055,23.821752548217773,23.980363845825195,14.930718421936035,35455396.0
2019-04-10,T,23.980363845825195,24.19939613342285,23.972810745239258,24.078550338745117,14.991851806640625,26990932.0
2019-04-11,T,24.108760833740234,24.35800552368164,24.078550338745117,24.320241928100586,15.14233112335205,33008512.0
2019-04-12,T,24.395769119262695,24.41087532043457,24.138973236083984,24.320241928100586,15.14233112335205,34451936.0
2019-04-15,T,24.327795028686523,24.35800552368164,24.12386703491211,24.184289932250977,15.057684898376465,25769939.0
2019-04-16,T,24.25981903076172,24.35800552368164,24.12386703491211,24.35800552368164,15.165846824645996,28733316.0
2019-04-17,T,24.22960662841797,24.320241928100586,24.131420135498047,24.131420135498047,15.024767875671387,29610995.0
2019-04-18,T,24.131420135498047,24.244712829589844,24.055891036987305,24.191843032836914,15.062390327453613,30872370.0
2019-04-22,T,24.184289932250977,24.30513572692871,24.108760833740234,24.22960662841797,15.08590030670166,29444568.0
2019-04-23,T,24.214502334594727,24.380664825439453,24.078550338745117,24.244712829589844,15.095303535461426,41937700.0
2019-04-24,T,23.466766357421875,23.859516143798828,23.051359176635742,23.255287170410156,14.479272842407227,95658073.0
2019-04-25,T,23.14199447631836,23.149547576904297,22.696374893188477,22.915407180786133,14.267654418945312,58284201.0
2019-04-26,T,23.013595581054688,23.383686065673828,22.87009048461914,23.172204971313477,14.42754077911377,46593943.0
2019-04-29,T,23.34592056274414,23.648035049438477,23.27794647216797,23.32326316833496,14.521592140197754,42053815.0
2019-04-30,T,23.368579864501953,23.519636154174805,23.232627868652344,23.383686065673828,14.559215545654297,46341721.0
2019-05-01,T,23.451662063598633,23.572507858276367,23.24773406982422,23.255287170410156,14.479272842407227,35810228.0
2019-05-02,T,23.383686065673828,23.421449661254883,23.104230880737305,23.126888275146484,14.399323463439941,39338026.0
2019-05-03,T,23.157100677490234,23.255287170410156,23.08912467956543,23.18731117248535,14.436946868896484,37370694.0
2019-05-06,T,23.00604248046875,23.14199447631836,22.945619583129883,23.104230880737305,14.385218620300293,33340968.0
2019-05-07,T,23.051359176635742,23.104230880737305,22.87009048461914,23.05891227722168,14.357004165649414,34121069.0
2019-05-08,T,22.95317268371582,23.0362548828125,22.78700828552246,22.885196685791016,14.248844146728516,33120125.0
2019-05-09,T,22.862537384033203,22.998489379882812,22.756797790527344,22.945619583129883,14.28646469116211,35851802.0
2019-05-10,T,22.847431182861328,23.202417373657227,22.779455184936523,23.126888275146484,14.399323463439941,29145609.0
2019-05-13,T,22.92296028137207,23.149547576904297,22.915407180786133,23.013595581054688,14.328787803649902,36692409.0
2019-05-14,T,23.18731117248535,23.70090675354004,23.126888275146484,23.48187255859375,14.620342254638672,49683365.0
2019-05-15,T,23.444108963012695,23.640483856201172,23.3308162689209,23.602718353271484,14.695589065551758,31685041.0
2019-05-16,T,23.678247451782227,24.078550338745117,23.678247451782227,23.88217544555664,14.869585037231445,31292608.0
2019-05-17,T,23.72356414794922,24.1691837310791,23.70090675354004,24.01812744140625,14.95423412322998,40897698.0
2019-05-20,T,24.380664825439453,24.984893798828125,24.138973236083984,24.31268882751465,15.137635231018066,70774685.0
2019-05-21,T,24.350452423095703,24.652568817138672,24.237159729003906,24.478851318359375,15.241084098815918,30867074.0
2019-05-22,T,24.350452423095703,24.509063720703125,24.25981903076172,24.380664825439453,15.179956436157227,26465171.0
2019-05-23,T,24.30513572692871,24.41087532043457,24.116313934326172,24.27492332458496,15.114114761352539,32657122.0
2019-05-24,T,24.41087532043457,24.433534622192383,24.244712829589844,24.373111724853516,15.175254821777344,21391471.0
2019-05-28,T,24.418428421020508,24.486404418945312,24.101207733154297,24.116313934326172,15.015366554260254,32468584.0
2019-05-29,T,24.101207733154297,24.327795028686523,23.93504524230957,24.101207733154297,15.005960464477539,35680344.0
2019-05-30,T,24.138973236083984,24.22205352783203,23.897281646728516,24.063444137573242,14.982441902160645,32077342.0
2019-05-31,T,23.45921516418457,23.53474235534668,22.945619583129883,23.096677780151367,14.38051700592041,65422282.0
2019-06-03,T,23.202417373657227,23.678247451782227,23.172204971313477,23.48187255859375,14.620342254638672,48092446.0
2019-06-04,T,23.708459854125977,23.791540145874023,23.398792266845703,23.77643585205078,14.80374526977539,41391153.0
2019-06-05,T,23.88217544555664,23.950151443481445,23.731117248535156,23.927492141723633,14.897799491882324,27050379.0
2019-06-06,T,24.01812744140625,24.297582626342773,23.942598342895508,24.244712829589844,15.095303535461426,32321091.0
2019-06-07,T,24.297582626342773,24.697885513305664,24.27492332458496,24.539274215698242,15.278711318969727,42087842.0
2019-06-10,T,24.690332412719727,24.924470901489258,24.063444137573242,24.116313934326172,15.015366554260254,40947745.0
2019-06-11,T,24.214502334594727,24.501510620117188,24.191843032836914,24.25226593017578,15.100010871887207,25967082.0
2019-06-12,T,24.25226593017578,24.403322219848633,24.191843032836914,24.30513572692871,15.132932662963867,25530560.0
2019-06-13,T,24.335346221923828,24.418428421020508,24.25981903076172,24.38821792602539,15.18465805053711,22340382.0
2019-06-14,T,24.425981521606445,24.501510620117188,24.30513572692871,24.433534622192383,15.212872505187988,26279414.0
2019-06-17,T,24.35800552368164,24.4637451171875,24.297582626342773,24.395769119262695,15.189358711242676,22262001.0
2019-06-18,T,24.501510620117188,24.697885513305664,24.471298217773438,24.501510620117188,15.255194664001465,27187148.0
2019-06-19,T,24.57703971862793,24.614803314208984,24.41087532043457,24.478851318359375,15.241084098815918,28081510.0
2019-06-20,T,24.607250213623047,24.622356414794922,24.403322219848633,24.57703971862793,15.30221939086914,35835384.0
2019-06-21,T,24.690332412719727,24.697885513305664,24.486404418945312,24.509063720703125,15.259897232055664,51925426.0
2019-06-24,T,24.539274215698242,24.690332412719727,24.516616821289062,24.607250213623047,15.32103157043457,28790910.0
2019-06-25,T,24.622356414794922,24.622356414794922,24.509063720703125,24.584592819213867,15.306925773620605,25460123.0
2019-06-26,T,24.614803314208984,24.76586151123047,24.561933517456055,24.569486618041992,15.297520637512207,37020232.0
2019-06-27,T,24.743202209472656,24.94713020324707,24.592145919799805,24.909366607666016,15.509139060974121,37316013.0
2019-06-28,T,24.954683303833008,25.33987808227539,24.86404800415039,25.309667587280273,15.75837230682373,53981201.0
2019-07-01,T,25.5362548828125,25.604230880737305,25.226585388183594,25.249244689941406,15.720757484436035,42843978.0
2019-07-02,T,25.279455184936523,25.581571578979492,25.20392608642578,25.55891227722168,15.913558959960938,35260636.0
2019-07-03,T,25.649547576904297,25.709970474243164,25.581571578979492,25.664653778076172,15.979392051696777,26660726.0
2019-07-05,T,25.664653778076172,25.95921516418457,25.634441375732422,25.906343460083008,16.129880905151367,32447268.0
2019-07-08,T,25.77794647216797,25.951662063598633,25.732627868652344,25.868579864501953,16.10636329650879,42167017.0
2019-07-09,T,25.37009048461914,25.42296028137207,25.226585388183594,25.332326889038086,16.089691162109375,41013548.0
2019-07-10,T,25.483383178710938,25.55891227722168,25.392749786376953,25.498489379882812,16.195228576660156,33566180.0
2019-07-11,T,25.672204971313477,25.69486427307129,25.120845794677734,25.271902084350586,16.051313400268555,38215804.0
2019-07-12,T,25.32477378845215,25.42296028137207,25.219032287597656,25.415407180786133,16.142459869384766,30785251.0
2019-07-15,T,25.42296028137207,25.483383178710938,25.354984283447266,25.460725784301758,16.171241760253906,26817752.0
2019-07-16,T,25.438066482543945,25.468278884887695,25.309667587280273,25.362537384033203,16.10887908935547,23658953.0
2019-07-17,T,25.347431182861328,25.362537384033203,25.113292694091797,25.120845794677734,15.955365180969238,24888817.0
2019-07-18,T,25.067975997924805,25.075529098510742,24.803625106811523,24.992446899414062,15.873819351196289,42533500.0
2019-07-19,T,25.098186492919922,25.128398895263672,24.750755310058594,24.76586151123047,15.729905128479004,42575603.0
2019-07-22,T,24.73564910888672,24.73564910888672,24.22205352783203,24.267372131347656,15.413290977478027,47022787.0
2019-07-23,T,24.2824764251709,24.290029525756836,23.8066463470459,24.237159729003906,15.39410400390625,60340506.0
2019-07-24,T,24.30513572692871,25.219032287597656,24.30513572692871,25.10573959350586,15.945772171020508,63928943.0
2019-07-25,T,25.362537384033203,25.672204971313477,25.26435089111328,25.5362548828125,16.21921157836914,51661421.0
2019-07-26,T,25.483383178710938,25.853473663330078,25.37009048461914,25.79305076599121,16.382314682006836,45213673.0
2019-07-29,T,25.732627868652344,26.019636154174805,25.634441375732422,25.936555862426758,16.473461151123047,40963368.0
2019-07-30,T,26.0120849609375,26.16314125061035,25.74018096923828,25.815710067749023,16.396711349487305,44919083.0
2019-07-31,T,25.7175235748291,26.042295455932617,25.596677780151367,25.7175235748291,16.334346771240234,53799151.0
2019-08-01,T,26.042295455932617,26.132930755615234,25.69486427307129,25.77039337158203,16.367921829223633,54361984.0
2019-08-02,T,25.528701782226562,25.936555862426758,25.332326889038086,25.808156967163086,16.39191436767578,48294621.0
2019-08-05,T,25.45317268371582,25.634441375732422,25.067975997924805,25.2945613861084,16.065704345703125,49077502.0
2019-08-06,T,25.309667587280273,25.657100677490234,25.143505096435547,25.649547576904297,16.29117202758789,41916119.0
2019-08-07,T,25.377643585205078,25.80060386657715,25.196374893188477,25.72507667541504,16.339143753051758,50243814.0
2019-08-08,T,25.868579864501953,26.08761215209961,25.732627868652344,26.08761215209961,16.56940269470215,37732014.0
2019-08-09,T,26.004531860351562,26.125377655029297,25.79305076599121,26.08761215209961,16.56940269470215,30275643.0
2019-08-12,T,26.03474235534668,26.11782455444336,25.883686065673828,26.042295455932617,16.540624618530273,31324781.0
2019-08-13,T,25.95921516418457,26.404834747314453,25.95921516418457,26.32930564880371,16.722915649414062,41333294.0
2019-08-14,T,26.132930755615234,26.155588150024414,25.69486427307129,25.74773406982422,16.35353660583496,45830657.0
2019-08-15,T,25.861026763916016,26.027189254760742,25.649547576904297,25.936555862426758,16.473461151123047,32262702.0
2019-08-16,T,26.042295455932617,26.43504524230957,25.989425659179688,26.41238784790039,16.775684356689453,41180372.0
2019-08-19,T,26.442598342895508,26.767372131347656,26.427492141723633,26.72205352783203,16.972368240356445,34603667.0
2019-08-20,T,26.65407943725586,26.661630630493164,26.359516143798828,26.419940948486328,16.78048324584961,28856448.0
2019-08-21,T,26.578550338745117,26.62386703491211,26.41238784790039,26.555891036987305,16.866825103759766,29013606.0
2019-08-22,T,26.616313934326172,26.81268882751465,26.495468139648438,26.72960662841797,16.9771671295166,28412643.0
2019-08-23,T,26.661630630493164,26.767372131347656,26.16314125061035,26.29909324645996,16.703725814819336,44827992.0
2019-08-26,T,26.41238784790039,26.54078483581543,26.21601104736328,26.38217544555664,16.756494522094727,30713225.0
2019-08-27,T,26.442598342895508,26.46525764465332,26.155588150024414,26.22356414794922,16.65575408935547,42475509.0
2019-08-28,T,26.185800552368164,26.419940948486328,26.080059051513672,26.404834747314453,16.77088737487793,32261114.0
2019-08-29,T,26.51812744140625,26.684289932250977,26.472810745239258,26.548337936401367,16.86203384399414,30840594.0
2019-08-30,T,26.57099723815918,26.69939613342285,26.4879150390625,26.631420135498047,16.914804458618164,28610448.0
2019-09-03,T,26.495468139648438,26.72960662841797,26.374622344970703,26.72205352783203,16.972368240356445,27196284.0
2019-09-04,T,26.835346221923828,27.054380416870117,26.767372131347656,26.978851318359375,17.13547134399414,27455656.0
2019-09-05,T,27.114803314208984,27.17522621154785,27.001510620117188,27.107250213623047,17.217021942138672,28784687.0
2019-09-06,T,27.152568817138672,27.469789505004883,27.122356414794922,27.379154205322266,17.38971710205078,38748316.0
2019-09-09,T,28.56495475769043,28.8066463470459,27.726585388183594,27.78700828552246,17.64876937866211,156054584.0
2019-09-10,T,28.104230880737305,28.489425659179688,27.92296028137207,28.383686065673828,18.027740478515625,63577950.0
2019-09-11,T,28.648035049438477,29.267372131347656,28.48187255859375,29.25981903076172,18.584217071533203,72914534.0
2019-09-12,T,28.980363845825195,29.063444137573242,28.496978759765625,28.9879150390625,18.411518096923828,56491108.0
2019-09-13,T,28.708459854125977,28.96525764465332,28.504531860351562,28.632930755615234,18.186052322387695,51934430.0
2019-09-16,T,28.474319458007812,28.572507858276367,28.028701782226562,28.179758071899414,17.89822006225586,65127428.0
2019-09-17,T,27.975830078125,28.134441375732422,27.78700828552246,28.066465377807617,17.826261520385742,46375748.0
2019-09-18,T,27.76435089111328,27.930513381958008,27.560422897338867,27.76435089111328,17.634374618530273,49625374.0
2019-09-19,T,27.968278884887695,28.11178207397461,27.7945613861084,28.05891227722168,17.821462631225586,35751178.0
2019-09-20,T,28.172204971313477,28.708459854125977,28.081571578979492,28.632930755615234,18.186052322387695,102573987.0
2019-09-23,T,28.413896560668945,28.58761215209961,28.308156967163086,28.398792266845703,18.037338256835938,28592972.0
2019-09-24,T,28.542295455932617,28.58761215209961,28.202417373657227,28.232627868652344,17.93180274963379,36647790.0
2019-09-25,T,28.19486427307129,28.368579864501953,28.126888275146484,28.232627868652344,17.93180274963379,29563331.0
2019-09-26,T,28.24773406982422,28.29305076599121,28.081571578979492,28.232627868652344,17.93180274963379,25490045.0
2019-09-27,T,28.406343460083008,28.496978759765625,28.081571578979492,28.27039337158203,17.95578956604004,32070987.0
2019-09-30,T,28.391239166259766,28.640483856201172,28.34592056274414,28.580059051513672,18.152463912963867,37524676.0
2019-10-01,T,28.66314125061035,28.67069435119629,28.22507667541504,28.255287170410156,17.946189880371094,30502974.0
2019-10-02,T,28.209970474243164,28.209970474243164,27.885196685791016,28.00604248046875,17.787887573242188,34764268.0
2019-10-03,T,27.945619583129883,28.096677780151367,27.68882179260254,28.08912467956543,17.840652465820312,26973322.0
2019-10-04,T,28.11178207397461,28.338369369506836,28.043806076049805,28.3308162689209,17.99416732788086,29014268.0
2019-10-07,T,28.383686065673828,28.602718353271484,28.338369369506836,28.444108963012695,18.066118240356445,27852194.0
2019-10-08,T,28.45921516418457,28.48187255859375,28.232627868652344,28.308156967163086,17.979774475097656,37298007.0
2019-10-09,T,28.104230880737305,28.11178207397461,27.862537384033203,27.983383178710938,18.09957504272461,32517572.0
2019-10-10,T,27.945619583129883,28.361026763916016,27.92296028137207,28.262840270996094,18.28032684326172,30928905.0
2019-10-11,T,28.391239166259766,28.549848556518555,28.30060386657715,28.383686065673828,18.35848617553711,36655734.0
2019-10-14,T,28.383686065673828,28.466766357421875,28.179758071899414,28.30060386657715,18.30475425720215,27506894.0
2019-10-15,T,28.285497665405273,28.75377655029297,28.262840270996094,28.625377655029297,18.51481819152832,30063141.0
2019-10-16,T,28.56495475769043,28.70090675354004,28.474319458007812,28.542295455932617,18.46108055114746,29173148.0
2019-10-17,T,28.595165252685547,28.595165252685547,28.406343460083008,28.557401657104492,18.470848083496094,24521672.0
2019-10-18,T,28.557401657104492,29.101207733154297,28.542295455932617,29.055891036987305,18.79326820373535,49864620.0
2019-10-21,T,29.01812744140625,29.1691837310791,28.844411849975586,28.874622344970703,18.676025390625,35278112.0
2019-10-22,T,28.56495475769043,28.972810745239258,28.398792266845703,28.82930564880371,18.64672088623047,26683631.0
2019-10-23,T,28.708459854125977,28.8066463470459,28.421449661254883,28.504531860351562,18.436656951904297,32027692.0
2019-10-24,T,28.466766357421875,28.527189254760742,27.598186492919922,27.809667587280273,17.987218856811523,53057976.0
2019-10-25,T,27.90030288696289,28.074018478393555,27.73413848876953,27.877643585205078,18.03118324279785,44063779.0
2019-10-28,T,28.927492141723633,29.350452423095703,28.678247451782227,29.07099723815918,18.803041458129883,82403244.0
2019-10-29,T,29.07099723815918,29.07099723815918,28.685800552368164,28.74622344970703,18.59297752380371,35364040.0
2019-10-30,T,28.995468139648438,29.35800552368164,28.78398895263672,28.851964950561523,18.66136932373047,45040891.0
2019-10-31,T,28.859516143798828,29.07099723815918,28.610271453857422,29.07099723815918,18.803041458129883,52278140.0
2019-11-01,T,29.418428421020508,29.471298217773438,29.25981903076172,29.418428421020508,19.027759552001953,46648095.0
2019-11-04,T,29.531721115112305,29.833837509155273,29.350452423095703,29.373111724853516,18.998445510864258,47480891.0
2019-11-05,T,29.31268882751465,29.690332412719727,29.297582626342773,29.584592819213867,19.13523292541504,39343322.0
2019-11-06,T,29.645015716552734,29.667673110961914,29.448640823364258,29.645015716552734,19.174314498901367,29127073.0
2019-11-07,T,29.67522621154785,29.89426040649414,29.645015716552734,29.773414611816406,19.25736427307129,33818138.0
2019-11-08,T,29.71299171447754,29.780967712402344,29.524169921875,29.743202209472656,19.237823486328125,24672872.0
2019-11-11,T,29.652568817138672,29.743202209472656,29.607250213623047,29.73564910888672,19.23293685913086,17987334.0
2019-11-12,T,29.720544815063477,29.8187313079834,29.509063720703125,29.584592819213867,19.13523292541504,21912332.0
2019-11-13,T,29.59969711303711,29.690332412719727,29.49395751953125,29.57703971862793,19.130348205566406,21974296.0
2019-11-14,T,29.433534622192383,29.516616821289062,29.22205352783203,29.418428421020508,19.027759552001953,36368956.0
2019-11-15,T,29.554380416870117,29.84139060974121,29.501510620117188,29.833837509155273,19.296443939208984,41675283.0
2019-11-18,T,29.68277931213379,29.984893798828125,29.614803314208984,29.932024002075195,19.35995101928711,34383883.0
2019-11-19,T,29.395769119262695,29.433534622192383,28.22507667541504,28.70090675354004,18.563669204711914,85473203.0
2019-11-20,T,28.013595581054688,28.406343460083008,27.492446899414062,28.081571578979492,18.1630859375,92496494.0
2019-11-21,T,27.968278884887695,28.474319458007812,27.968278884887695,28.398792266845703,18.368261337280273,41518654.0
2019-11-22,T,28.5120849609375,28.648035049438477,28.466766357421875,28.5120849609375,18.441537857055664,26317280.0
2019-11-25,T,28.625377655029297,28.625377655029297,28.081571578979492,28.14199447631836,18.202165603637695,42985116.0
2019-11-26,T,28.157100677490234,28.27794647216797,27.771902084350586,28.24773406982422,18.27055549621582,71535058.0
2019-11-27,T,28.27794647216797,28.56495475769043,28.24773406982422,28.444108963012695,18.397567749023438,22600018.0
2019-11-29,T,28.504531860351562,28.67069435119629,28.2175235748291,28.232627868652344,18.260787963867188,24060390.0
2019-12-02,T,28.308156967163086,28.308156967163086,28.119335174560547,28.18731117248535,18.231475830078125,32951182.0
2019-12-03,T,28.096677780151367,28.361026763916016,27.877643585205078,28.361026763916016,18.343833923339844,32927880.0
2019-12-04,T,28.391239166259766,28.972810745239258,28.3308162689209,28.77643585205078,18.612524032592773,50625656.0
2019-12-05,T,28.791540145874023,28.972810745239258,28.708459854125977,28.844411849975586,18.6564884185791,28815933.0
2019-12-06,T,28.919940948486328,29.138973236083984,28.8066463470459,28.851964950561523,18.66136932373047,29930476.0
2019-12-09,T,28.791540145874023,29.025680541992188,28.72356414794922,28.731117248535156,18.583209991455078,27278637.0
2019-12-10,T,28.75377655029297,28.904834747314453,28.56495475769043,28.74622344970703,18.59297752380371,28833410.0
2019-12-11,T,28.71601104736328,28.889728546142578,28.70090675354004,28.82930564880371,18.64672088623047,24529351.0
2019-12-12,T,28.851964950561523,29.131420135498047,28.851964950561523,28.96525764465332,18.734649658203125,31237662.0
2019-12-13,T,28.859516143798828,28.91238784790039,28.66314125061035,28.897281646728516,18.690683364868164,32957538.0
2019-12-16,T,28.980363845825195,29.191843032836914,28.980363845825195,29.146526336669922,18.851890563964844,31833064.0
2019-12-17,T,29.15407943725586,29.22960662841797,29.04078483581543,29.078550338745117,18.80792808532715,45994833.0
2019-12-18,T,29.15407943725586,29.403322219848633,29.146526336669922,29.25981903076172,18.925172805786133,37645954.0
2019-12-19,T,29.297582626342773,29.403322219848633,29.19939613342285,29.403322219848633,19.017988204956055,33199697.0
2019-12-20,T,29.614803314208984,29.652568817138672,29.373111724853516,29.569486618041992,19.12546157836914,64039497.0
2019-12-23,T,29.645015716552734,29.780967712402344,29.486404418945312,29.509063720703125,19.086380004882812,38581095.0
2019-12-24,T,29.531721115112305,29.54682731628418,29.380664825439453,29.425981521606445,19.03264808654785,11515093.0
2019-12-26,T,29.448640823364258,29.607250213623047,29.433534622192383,29.57703971862793,19.130348205566406,26239032.0
2019-12-27,T,29.637462615966797,29.728097915649414,29.607250213623047,29.637462615966797,19.16942596435547,20430247.0
2019-12-30,T,29.66012191772461,29.667673110961914,29.44108772277832,29.486404418945312,19.071725845336914,23389652.0
2019-12-31,T,29.4637451171875,29.539274215698242,29.350452423095703,29.516616821289062,19.091266632080078,26766646.0
2020-01-02,T,29.57703971862793,29.622356414794922,29.237159729003906,29.350452423095703,18.983789443969727,43165445.0
2020-01-03,T,29.138973236083984,29.607250213623047,29.131420135498047,29.501510620117188,19.081493377685547,36296666.0
2020-01-06,T,29.448640823364258,29.569486618041992,29.320241928100586,29.531721115112305,19.10103988647461,51229797.0
2020-01-07,T,29.516616821289062,29.68277931213379,29.44108772277832,29.645015716552734,19.174314498901367,37337462.0
2020-01-08,T,29.7054386138916,29.871601104736328,29.67522621154785,29.73564910888672,19.23293685913086,53645832.0
2020-01-09,T,29.395769119262695,29.456193923950195,29.116313934326172,29.30513572692871,19.29184341430664,52228887.0
2020-01-10,T,29.31268882751465,29.418428421020508,29.131420135498047,29.131420135498047,19.177490234375,39350339.0
2020-01-13,T,29.108760833740234,29.116313934326172,28.71601104736328,28.77643585205078,18.943798065185547,43780576.0
2020-01-14,T,28.74622344970703,28.844411849975586,28.66314125061035,28.768882751464844,18.938827514648438,35129295.0
2020-01-15,T,28.678247451782227,28.72356414794922,28.542295455932617,28.602718353271484,18.829442977905273,34526213.0
2020-01-16,T,28.6933536529541,28.79909324645996,28.527189254760742,28.72356414794922,18.90898895263672,36172077.0
2020-01-17,T,28.738670349121094,29.033233642578125,28.685800552368164,28.9879150390625,19.083017349243164,44477926.0
2020-01-21,T,28.96525764465332,29.184289932250977,28.83685874938965,29.093656539916992,19.152626037597656,57931090.0
2020-01-22,T,29.214502334594727,29.561933517456055,29.184289932250977,29.486404418945312,19.411178588867188,47842475.0
2020-01-23,T,29.425981521606445,29.448640823364258,29.116313934326172,29.17673683166504,19.20732307434082,38406592.0
2020-01-24,T,29.15407943725586,29.290029525756836,28.874622344970703,29.078550338745117,19.142684936523438,45632057.0
2020-01-27,T,28.71601104736328,29.131420135498047,28.708459854125977,28.889728546142578,19.01837730407715,46633398.0
2020-01-28,T,28.942598342895508,29.30513572692871,28.904834747314453,29.138973236083984,19.182462692260742,40842487.0
2020-01-29,T,29.078550338745117,29.12386703491211,27.968278884887695,27.983383178710938,18.42172622680664,76732420.0
2020-01-30,T,27.545316696166992,28.285497665405273,27.432024002075195,28.27039337158203,18.61066246032715,67100717.0
2020-01-31,T,28.18731117248535,28.519636154174805,28.134441375732422,28.413896560668945,18.705137252807617,54495840.0
2020-02-03,T,28.67069435119629,28.678247451782227,27.7945613861084,27.915407180786133,18.376976013183594,53993382.0
2020-02-04,T,28.00604248046875,28.504531860351562,27.90030288696289,28.421449661254883,18.710105895996094,42313451.0
2020-02-05,T,28.496978759765625,28.66314125061035,28.338369369506836,28.557401657104492,18.799604415893555,32620050.0
2020-02-06,T,28.595165252685547,29.063444137573242,28.595165252685547,29.033233642578125,19.11284828186035,34705482.0
2020-02-07,T,29.04078483581543,29.244712829589844,28.972810745239258,29.04078483581543,19.117822647094727,33363079.0
2020-02-10,T,29.01812744140625,29.108760833740234,28.77643585205078,28.957704544067383,19.06313133239746,24552653.0
2020-02-11,T,29.07099723815918,29.320241928100586,28.625377655029297,28.82930564880371,18.97860336303711,42338872.0
2020-02-12,T,28.844411849975586,28.950151443481445,28.71601104736328,28.731117248535156,18.913965225219727,41453646.0
2020-02-13,T,28.610271453857422,29.025680541992188,28.58761215209961,28.93504524230957,19.04821014404297,32606942.0
2020-02-14,T,28.91238784790039,29.055891036987305,28.78398895263672,28.889728546142578,19.01837730407715,36262904.0
2020-02-18,T,28.83685874938965,28.942598342895508,28.731117248535156,28.897281646728516,19.023351669311523,32138644.0
2020-02-19,T,28.88217544555664,29.191843032836914,28.821752548217773,29.033233642578125,19.11284828186035,29923989.0
2020-02-20,T,29.003021240234375,29.20694923400879,28.93504524230957,29.161630630493164,19.19737434387207,35981156.0
2020-02-21,T,29.093656539916992,29.214502334594727,28.980363845825195,29.116313934326172,19.167545318603516,37691897.0
2020-02-24,T,28.6933536529541,29.086103439331055,28.685800552368164,28.738670349121094,18.9189453125,46190256.0
2020-02-25,T,28.78398895263672,28.91238784790039,28.14199447631836,28.209970474243164,18.570890426635742,64725329.0
2020-02-26,T,28.08912467956543,28.53474235534668,27.885196685791016,28.021148681640625,18.44658660888672,53306756.0
2020-02-27,T,27.628398895263672,27.877643585205078,26.70694923400879,26.986404418945312,17.765403747558594,87815227.0
2020-02-28,T,25.679758071899414,26.978851318359375,24.932024002075195,26.601207733154297,17.511823654174805,160070673.0
2020-03-02,T,26.714502334594727,28.262840270996094,26.65407943725586,28.081571578979492,18.486364364624023,90605027.0
2020-03-03,T,28.14199447631836,28.67069435119629,27.092145919799805,27.41691780090332,18.04881477355957,84481792.0
2020-03-04,T,27.960725784301758,28.867069244384766,27.73413848876953,28.83685874938965,18.98357391357422,55701210.0
2020-03-05,T,28.24773406982422,28.640483856201172,27.92296028137207,28.081571578979492,18.486364364624023,59974684.0
2020-03-06,T,27.726585388183594,28.134441375732422,27.326284408569336,27.968278884887695,18.411779403686523,64721224.0
2020-03-09,T,26.442598342895508,27.303625106811523,25.966766357421875,26.20090675354004,17.248308181762695,89990559.0
2020-03-10,T,26.820241928100586,27.107250213623047,25.861026763916016,27.07703971862793,17.8250675201416,75018634.0
2020-03-11,T,26.321752548217773,26.4879150390625,25.80060386657715,26.072507858276367,17.163772583007812,59972036.0
2020-03-12,T,24.063444137573242,25.249244689941406,23.45921516418457,23.66314125061035,15.577664375305176,111500925.0
2020-03-13,T,24.86404800415039,26.140483856201172,24.063444137573242,26.03474235534668,17.138919830322266,85647971.0
2020-03-16,T,23.413896560668945,25.596677780151367,23.353473663330078,24.025680541992188,15.816330909729004,77820218.0
2020-03-17,T,24.25981903076172,25.72507667541504,24.17673683166504,25.483383178710938,16.775949478149414,78966008.0
2020-03-18,T,24.1691837310791,24.856494903564453,22.847431182861328,24.81117820739746,16.333433151245117,100669546.0
2020-03-19,T,23.685800552368164,24.539274215698242,23.0362548828125,23.527189254760742,15.488166809082031,80521973.0
2020-03-20,T,23.00604248046875,23.0362548828125,21.28398895263672,21.4879150390625,14.145695686340332,154553565.0
2020-03-23,T,20.68731117248535,20.92900276184082,19.697885513305664,20.219032287597656,13.310380935668945,128274548.0
2020-03-24,T,21.148035049438477,21.374622344970703,20.271902084350586,21.21601104736328,13.966699600219727,101022392.0
2020-03-25,T,21.208459854125977,22.60573959350586,20.672204971313477,21.450151443481445,14.120837211608887,90068675.0
2020-03-26,T,21.661630630493164,23.383686065673828,21.661630630493164,23.11178207397461,15.214702606201172,84786312.0
2020-03-27,T,22.424470901489258,23.27794647216797,22.069486618041992,22.537763595581055,14.836822509765625,61415064.0
2020-03-30,T,22.58308219909668,22.968278884887695,22.26586151123047,22.832326889038086,15.030736923217773,55117988.0
2020-03-31,T,22.68882179260254,22.756797790527344,21.94108772277832,22.016616821289062,14.493748664855957,92432942.0
2020-04-01,T,21.43504524230957,21.586103439331055,20.921449661254883,21.185800552368164,13.946810722351074,72351304.0
2020-04-02,T,21.148035049438477,21.80513572692871,21.148035049438477,21.72205352783203,14.299834251403809,44775562.0
2020-04-03,T,21.548337936401367,21.70694923400879,20.581571578979492,20.74018096923828,13.653453826904297,70758797.0
2020-04-06,T,21.450151443481445,22.41691780090332,21.38217544555664,22.23564910888672,14.63793659210205,70836648.0
2020-04-07,T,22.990936279296875,23.391239166259766,22.71147918701172,22.719032287597656,14.956151008605957,71847522.0
2020-04-08,T,22.620845794677734,22.65860939025879,21.978851318359375,22.575529098510742,15.209810256958008,54010329.0
2020-04-09,T,22.65860939025879,23.368579864501953,22.65105628967285,23.209970474243164,15.637252807617188,66599583.0
2020-04-13,T,23.0362548828125,23.202417373657227,22.58308219909668,22.802114486694336,15.362465858459473,45209039.0
2020-04-14,T,23.179758071899414,23.53474235534668,22.92296028137207,23.5120849609375,15.840794563293457,42290546.0
2020-04-15,T,23.134441375732422,23.383686065673828,22.628398895263672,22.726585388183594,15.311577796936035,49706800.0
2020-04-16,T,22.87009048461914,22.87009048461914,22.439577102661133,22.779455184936523,15.347199440002441,43074884.0
2020-04-17,T,23.30060386657715,23.602718353271484,23.18731117248535,23.58761215209961,15.891680717468262,45884809.0
2020-04-20,T,23.30060386657715,23.731117248535156,23.18731117248535,23.398792266845703,15.764466285705566,40492157.0
2020-04-21,T,23.043806076049805,23.051359176635742,22.386707305908203,22.560422897338867,15.19963264465332,57214144.0
2020-04-22,T,23.338369369506836,23.338369369506836,22.137462615966797,22.25830841064453,14.996088981628418,67184129.0
2020-04-23,T,22.23564910888672,22.696374893188477,22.152568817138672,22.280967712402344,15.011354446411133,45031226.0
2020-04-24,T,22.34894371032715,22.620845794677734,22.016616821289062,22.439577102661133,15.118212699890137,47061315.0
2020-04-27,T,22.65105628967285,23.172204971313477,22.462236404418945,23.066465377807617,15.540565490722656,44116607.0
2020-04-28,T,23.413896560668945,23.504531860351562,23.126888275146484,23.149547576904297,15.596543312072754,40944435.0
2020-04-29,T,23.5120849609375,24.07099723815918,23.466766357421875,23.738670349121094,15.993454933166504,43903972.0
2020-04-30,T,23.413896560668945,23.451662063598633,22.87009048461914,23.013595581054688,15.5049467086792,53955516.0
2020-05-01,T,23.24018096923828,23.255287170410156,22.469789505004883,22.58308219909668,15.214899063110352,48791121.0
2020-05-04,T,22.469789505004883,22.469789505004883,22.069486618041992,22.356494903564453,15.06224250793457,46557268.0
2020-05-05,T,22.462236404418945,22.7945613861084,22.44713020324707,22.462236404418945,15.13348388671875,32604956.0
2020-05-06,T,22.522659301757812,22.560422897338867,21.744712829589844,21.744712829589844,14.650063514709473,59704721.0
2020-05-07,T,22.031721115112305,22.054380416870117,21.77492332458496,21.820241928100586,14.700952529907227,42122133.0
2020-05-08,T,22.122356414794922,22.545316696166992,22.061933517456055,22.5,15.15892219543457,31824326.0
2020-05-11,T,22.39426040649414,22.39426040649414,22.016616821289062,22.190332412719727,14.95029067993164,38691782.0
2020-05-12,T,22.28852081298828,22.409366607666016,21.820241928100586,21.820241928100586,14.700952529907227,46632472.0
2020-05-13,T,21.75226593017578,21.842899322509766,21.148035049438477,21.21601104736328,14.293862342834473,65226860.0
2020-05-14,T,21.132930755615234,21.601207733154297,20.853473663330078,21.586103439331055,14.543205261230469,52730948.0
2020-05-15,T,21.359516143798828,21.495468139648438,21.20090675354004,21.38217544555664,14.405813217163086,42699397.0
2020-05-18,T,21.895769119262695,22.424470901489258,21.850452423095703,22.243202209472656,14.985909461975098,46244540.0
2020-05-19,T,22.250755310058594,22.29607391357422,21.827795028686523,21.873111724853516,14.736571311950684,46628367.0
2020-05-20,T,22.107250213623047,22.522659301757812,21.91087532043457,22.34894371032715,15.057153701782227,50178408.0
2020-05-21,T,22.5,22.70392608642578,22.303625106811523,22.484893798828125,15.148741722106934,51200272.0
2020-05-22,T,22.492446899414062,22.590633392333984,22.228097915649414,22.567975997924805,15.204718589782715,35269109.0
2020-05-26,T,23.14199447631836,23.504531860351562,23.08912467956543,23.27794647216797,15.683048248291016,54791357.0
2020-05-27,T,23.972810745239258,24.15407943725586,23.814199447631836,24.055891036987305,16.207170486450195,57514957.0
2020-05-28,T,24.191843032836914,24.22205352783203,23.391239166259766,23.45921516418457,15.805174827575684,52532745.0
2020-05-29,T,23.074018478393555,23.383686065673828,22.907854080200195,23.308156967163086,15.703401565551758,57900771.0
2020-06-01,T,23.22507667541504,23.595165252685547,23.11178207397461,23.361026763916016,15.739023208618164,33027445.0
2020-06-02,T,23.451662063598633,23.489425659179688,23.19486427307129,23.406343460083008,15.769553184509277,37650588.0
2020-06-03,T,23.640483856201172,23.91238784790039,23.625377655029297,23.79909324645996,16.03415870666504,36888361.0
2020-06-04,T,23.708459854125977,24.01812744140625,23.625377655029297,24.01812744140625,16.181734085083008,40729947.0
2020-06-05,T,24.57703971862793,24.924470901489258,24.342899322509766,24.750755310058594,16.67532730102539,61816766.0
2020-06-08,T,24.924470901489258,25.10573959350586,24.690332412719727,25.098186492919922,16.909400939941406,45385793.0
2020-06-09,T,24.780967712402344,24.8187313079834,24.433534622192383,24.637462615966797,16.598997116088867,42645378.0
2020-06-10,T,24.59969711303711,24.637462615966797,24.244712829589844,24.27492332458496,16.3547420501709,36133549.0
2020-06-11,T,23.56495475769043,23.655588150024414,22.749244689941406,22.78700828552246,15.352291107177734,66021525.0
2020-06-12,T,23.42900276184082,23.474319458007812,22.666162490844727,23.0362548828125,15.52021598815918,48034323.0
2020-06-15,T,22.65105628967285,23.149547576904297,22.29607391357422,23.0362548828125,15.52021598815918,53309006.0
2020-06-16,T,23.731117248535156,23.768882751464844,22.930513381958008,23.24773406982422,15.662700653076172,55119444.0
2020-06-17,T,23.24773406982422,23.27794647216797,22.81722068786621,22.854984283447266,15.398087501525879,41680314.0
2020-06-18,T,22.70392608642578,22.968278884887695,22.620845794677734,22.92296028137207,15.44388484954834,37554730.0
2020-06-19,T,23.179758071899414,23.22507667541504,22.643505096435547,22.892749786376953,15.423529624938965,99288878.0
2020-06-22,T,22.7945613861084,22.885196685791016,22.65860939025879,22.74169158935547,15.321758270263672,39136646.0
2020-06-23,T,22.885196685791016,23.172204971313477,22.809667587280273,22.847431182861328,15.392997741699219,51520812.0
2020-06-24,T,22.6812686920166,22.68882179260254,22.024169921875,22.220544815063477,14.970645904541016,86849104.0
2020-06-25,T,22.273414611816406,22.515106201171875,22.061933517456055,22.44713020324707,15.123303413391113,48420401.0
2020-06-26,T,22.326284408569336,22.326284408569336,21.842899322509766,21.9637451171875,14.797632217407227,101387551.0
2020-06-29,T,22.152568817138672,22.60573959350586,22.122356414794922,22.590633392333984,15.219988822937012,49695678.0
2020-06-30,T,22.666162490844727,22.915407180786133,22.439577102661133,22.832326889038086,15.38282585144043,57979814.0
2020-07-01,T,22.756797790527344,23.021148681640625,22.545316696166992,22.58308219909668,15.214899063110352,41007987.0
2020-07-02,T,22.74169158935547,23.0362548828125,22.673715591430664,22.719032287597656,15.30649471282959,49947900.0
2020-07-06,T,23.066465377807617,23.11178207397461,22.83987808227539,23.028701782226562,15.515128135681152,44639852.0
2020-07-07,T,22.885196685791016,22.998489379882812,22.832326889038086,22.90030288696289,15.428621292114258,36422181.0
2020-07-08,T,23.00604248046875,23.074018478393555,22.771902084350586,23.00604248046875,15.499859809875488,51547292.0
2020-07-09,T,22.560422897338867,22.567975997924805,22.197885513305664,22.31117820739746,15.379322052001953,52120187.0
2020-07-10,T,22.280967712402344,22.832326889038086,22.243202209472656,22.756797790527344,15.686491966247559,48846464.0
2020-07-13,T,22.779455184936523,22.78700828552246,22.386707305908203,22.477340698242188,15.49386215209961,54274864.0
2020-07-14,T,22.44713020324707,22.73413848876953,22.303625106811523,22.628398895263672,15.597987174987793,40519034.0
2020-07-15,T,22.71147918701172,22.756797790527344,22.545316696166992,22.666162490844727,15.62401294708252,40985612.0
2020-07-16,T,22.63595199584961,23.0362548828125,22.598186492919922,22.95317268371582,15.821855545043945,43674920.0
2020-07-17,T,23.021148681640625,23.05891227722168,22.7945613861084,22.847431182861328,15.748969078063965,30634712.0
2020-07-20,T,22.7945613861084,22.7945613861084,22.507553100585938,22.545316696166992,15.540718078613281,42896938.0
2020-07-21,T,22.575529098510742,22.975830078125,22.55286979675293,22.847431182861328,15.748969078063965,45341572.0
2020-07-22,T,22.779455184936523,22.862537384033203,22.620845794677734,22.779455184936523,15.702110290527344,40393519.0
2020-07-23,T,22.771902084350586,22.771902084350586,22.31117820739746,22.58308219909668,15.566751480102539,68190502.0
2020-07-24,T,22.507553100585938,22.81722068786621,22.250755310058594,22.333837509155273,15.39494514465332,51274813.0
2020-07-27,T,22.280967712402344,22.28852081298828,22.061933517456055,22.122356414794922,15.249164581298828,44346850.0
2020-07-28,T,22.09969711303711,22.575529098510742,22.054380416870117,22.424470901489258,15.457416534423828,49871240.0
2020-07-29,T,22.409366607666016,22.409366607666016,22.137462615966797,22.326284408569336,15.389735221862793,40350092.0
2020-07-30,T,22.25830841064453,22.454683303833008,22.17522621154785,22.333837509155273,15.39494514465332,35281820.0
2020-07-31,T,22.28852081298828,22.371601104736328,22.107250213623047,22.34139060974121,15.400146484375,51205965.0
2020-08-03,T,22.620845794677734,22.643505096435547,22.21299171447754,22.371601104736328,15.420975685119629,51608461.0
2020-08-04,T,22.356494903564453,22.779455184936523,22.326284408569336,22.666162490844727,15.62401294708252,45074786.0
2020-08-05,T,22.771902084350586,22.81722068786621,22.5,22.545316696166992,15.540718078613281,30387521.0
2020-08-06,T,22.439577102661133,22.726585388183594,22.41691780090332,22.537763595581055,15.53550910949707,29007119.0
2020-08-07,T,22.462236404418945,22.70392608642578,22.34139060974121,22.673715591430664,15.629226684570312,40278860.0
2020-08-10,T,22.696374893188477,22.809667587280273,22.65105628967285,22.809667587280273,15.722935676574707,47021066.0
2020-08-11,T,22.968278884887695,23.24018096923828,22.73413848876953,22.809667587280273,15.722935676574707,41026656.0
2020-08-12,T,22.930513381958008,23.043806076049805,22.74169158935547,22.7945613861084,15.71252727508545,28046160.0
2020-08-13,T,22.65860939025879,22.756797790527344,22.537763595581055,22.590633392333984,15.571956634521484,32958464.0
2020-08-14,T,22.530210494995117,22.771902084350586,22.477340698242188,22.666162490844727,15.62401294708252,29853155.0
2020-08-17,T,22.719032287597656,22.719032287597656,22.507553100585938,22.545316696166992,15.540718078613281,33125686.0
2020-08-18,T,22.55286979675293,22.60573959350586,22.484893798828125,22.5,15.509482383728027,29013606.0
2020-08-19,T,22.515106201171875,22.575529098510742,22.41691780090332,22.454683303833008,15.478240966796875,32808588.0
2020-08-20,T,22.3187313079834,22.567975997924805,22.280967712402344,22.409366607666016,15.447004318237305,30355348.0
2020-08-21,T,22.454683303833008,22.5,22.303625106811523,22.424470901489258,15.457416534423828,32945886.0
2020-08-24,T,22.439577102661133,22.696374893188477,22.401813507080078,22.6812686920166,15.634428977966309,34932813.0
2020-08-25,T,22.726585388183594,22.76435089111328,22.530210494995117,22.58308219909668,15.566751480102539,27839880.0
2020-08-26,T,22.530210494995117,22.749244689941406,22.432024002075195,22.65105628967285,15.613607406616211,36860557.0
2020-08-27,T,22.666162490844727,22.78700828552246,22.522659301757812,22.58308219909668,15.566751480102539,39206950.0
2020-08-28,T,22.613292694091797,22.719032287597656,22.515106201171875,22.68882179260254,15.639641761779785,35535366.0
2020-08-31,T,22.771902084350586,22.779455184936523,22.507553100585938,22.515106201171875,15.519892692565918,54923492.0
2020-09-01,T,22.462236404418945,22.469789505004883,22.145015716552734,22.25830841064453,15.342877388000488,61591818.0
2020-09-02,T,22.18277931213379,22.537763595581055,22.145015716552734,22.432024002075195,15.462626457214355,46510531.0
2020-09-03,T,22.492446899414062,22.7945613861084,22.220544815063477,22.34894371032715,15.405355453491211,58690669.0
2020-09-04,T,22.379154205322266,22.560422897338867,22.09969711303711,22.220544815063477,15.316847801208496,59361805.0
2020-09-08,T,22.280967712402344,22.356494903564453,21.918428421020508,22.28852081298828,15.363706588745117,61477424.0
2020-09-09,T,22.379154205322266,22.432024002075195,22.18277931213379,22.18277931213379,15.290816307067871,39217145.0
2020-09-10,T,22.190332412719727,22.190332412719727,21.827795028686523,21.835346221923828,15.051328659057617,62779578.0
2020-09-11,T,21.873111724853516,22.001510620117188,21.75226593017578,21.903322219848633,15.098184585571289,39282550.0
2020-09-14,T,21.978851318359375,22.12990951538086,21.903322219848633,22.009063720703125,15.171072959899902,38028987.0
2020-09-15,T,22.04682731628418,22.16012191772461,21.948640823364258,21.99395751953125,15.160658836364746,34307091.0
2020-09-16,T,22.001510620117188,22.31117820739746,21.99395751953125,22.084592819213867,15.223139762878418,40870556.0
2020-09-17,T,22.016616821289062,22.084592819213867,21.865558624267578,21.956193923950195,15.134626388549805,41904600.0
2020-09-18,T,21.933534622192383,22.069486618041992,21.835346221923828,21.850452423095703,15.061737060546875,60721023.0
2020-09-21,T,21.75226593017578,21.767372131347656,21.344411849975586,21.62386703491211,14.905556678771973,60207576.0
2020-09-22,T,21.548337936401367,21.850452423095703,21.46525764465332,21.533233642578125,14.843082427978516,37268482.0
2020-09-23,T,21.563444137573242,21.6691837310791,21.027189254760742,21.049848556518555,14.50987720489502,57973723.0
2020-09-24,T,21.049848556518555,21.344411849975586,20.95921516418457,21.178247451782227,14.598381996154785,43760980.0
2020-09-25,T,21.080059051513672,21.231117248535156,20.95921516418457,21.178247451782227,14.598381996154785,47569731.0
2020-09-28,T,21.389728546142578,21.638973236083984,21.32930564880371,21.43504524230957,14.775394439697266,40415232.0
2020-09-29,T,21.419940948486328,21.457704544067383,21.24622344970703,21.374622344970703,14.733747482299805,33695138.0
2020-09-30,T,21.43504524230957,21.65407943725586,21.367069244384766,21.533233642578125,14.843082427978516,51752777.0
2020-10-01,T,21.54078483581543,21.631420135498047,21.404834747314453,21.51812744140625,14.83266830444336,37920022.0
2020-10-02,T,21.351964950561523,21.820241928100586,21.3066463470459,21.661630630493164,14.931584358215332,37996284.0
2020-10-05,T,21.51812744140625,21.714502334594727,21.419940948486328,21.65407943725586,14.926379203796387,44305806.0
2020-10-06,T,21.714502334594727,22.024169921875,21.646526336669922,21.684289932250977,14.9472017288208,51851282.0
2020-10-07,T,21.842899322509766,21.88821792602539,21.6691837310791,21.75226593017578,14.994059562683105,54847362.0
2020-10-08,T,21.389728546142578,21.62386703491211,21.32930564880371,21.608760833740234,15.25993824005127,42511786.0
2020-10-09,T,21.62386703491211,21.6691837310791,21.321752548217773,21.389728546142578,15.10525894165039,43291755.0
2020-10-12,T,21.374622344970703,21.374622344970703,21.155588150024414,21.24622344970703,15.003914833068848,67800584.0
2020-10-13,T,21.155588150024414,21.24622344970703,20.906343460083008,20.95921516418457,14.801234245300293,71511756.0
2020-10-14,T,20.92900276184082,21.110271453857422,20.755287170410156,20.762840270996094,14.662558555603027,64131912.0
2020-10-15,T,20.626888275146484,20.732627868652344,20.475830078125,20.732627868652344,14.641219139099121,42483188.0
2020-10-16,T,20.755287170410156,20.82326316833496,20.634441375732422,20.64199447631836,14.577213287353516,38827756.0
2020-10-19,T,20.72507667541504,20.74773406982422,20.256797790527344,20.302114486694336,14.33719253540039,69017472.0
2020-10-20,T,20.385196685791016,20.483383178710938,20.13595199584961,20.21147918701172,14.273187637329102,55064895.0
2020-10-21,T,20.219032287597656,20.332326889038086,20.045316696166992,20.1812686920166,14.251853942871094,63219941.0
2020-10-22,T,21.019636154174805,21.525680541992188,20.921449661254883,21.359516143798828,15.0839262008667,118508460.0
2020-10-23,T,21.41238784790039,21.457704544067383,20.95921516418457,21.0120849609375,14.838569641113281,56442782.0
2020-10-26,T,20.868579864501953,20.883686065673828,20.460725784301758,20.679758071899414,14.603886604309082,54978438.0
2020-10-27,T,20.574018478393555,20.596677780151367,20.31722068786621,20.332326889038086,14.35853099822998,46561108.0
2020-10-28,T,20.166162490844727,20.302114486694336,19.977340698242188,20.015106201171875,14.134512901306152,64808211.0
2020-10-29,T,20.015106201171875,20.430513381958008,19.901813507080078,20.21147918701172,14.273187637329102,58489289.0
2020-10-30,T,20.196374893188477,20.42296028137207,20.15860939025879,20.407854080200195,14.411865234375,64109669.0
2020-11-02,T,20.69486427307129,20.84592056274414,20.40030288696289,20.649547576904297,14.582549095153809,63620980.0
2020-11-03,T,20.77794647216797,20.996978759765625,20.69486427307129,20.74018096923828,14.646552085876465,44069208.0
2020-11-04,T,20.551359176635742,20.732627868652344,20.28700828552246,20.42296028137207,14.422536849975586,60219095.0
2020-11-05,T,20.5362548828125,21.03474235534668,20.528701782226562,20.77794647216797,14.673223495483398,46498086.0
2020-11-06,T,20.762840270996094,20.92900276184082,20.679758071899414,20.72507667541504,14.635887145996094,34735537.0
2020-11-09,T,21.32930564880371,21.744712829589844,21.261329650878906,21.374622344970703,15.09459114074707,93572376.0
2020-11-10,T,21.563444137573242,21.880664825439453,21.51812744140625,21.790029525756836,15.387948036193848,58510208.0
2020-11-11,T,21.880664825439453,21.903322219848633,21.472810745239258,21.69939613342285,15.323941230773926,52587691.0
2020-11-12,T,21.525680541992188,21.586103439331055,21.291540145874023,21.480363845825195,15.169265747070312,40346649.0
2020-11-13,T,21.578550338745117,21.895769119262695,21.503021240234375,21.835346221923828,15.419953346252441,36370545.0
2020-11-16,T,21.986404418945312,22.07703971862793,21.827795028686523,21.880664825439453,15.45195484161377,66132476.0
2020-11-17,T,21.737159729003906,22.001510620117188,21.661630630493164,21.925981521606445,15.483956336975098,37833830.0
2020-11-18,T,21.94108772277832,22.031721115112305,21.608760833740234,21.616313934326172,15.265270233154297,39135984.0
2020-11-19,T,21.533233642578125,21.533233642578125,21.231117248535156,21.359516143798828,15.0839262008667,54788444.0
2020-11-20,T,21.314199447631836,21.46525764465332,21.268882751464844,21.389728546142578,15.10525894165039,37358778.0
2020-11-23,T,21.442598342895508,21.67673683166504,21.41238784790039,21.616313934326172,15.265270233154297,36832091.0
2020-11-24,T,21.850452423095703,22.23564910888672,21.835346221923828,22.07703971862793,15.5906343460083,58266592.0
2020-11-25,T,22.114803314208984,22.122356414794922,21.827795028686523,21.895769119262695,15.46261978149414,32423701.0
2020-11-27,T,21.956193923950195,22.04682731628418,21.81268882751465,21.925981521606445,15.483956336975098,20720335.0
2020-11-30,T,21.80513572692871,21.918428421020508,21.67673683166504,21.714502334594727,15.334609985351562,57382822.0
2020-12-01,T,21.767372131347656,22.009063720703125,21.714502334594727,21.80513572692871,15.398612022399902,55682012.0
2020-12-02,T,21.767372131347656,22.054380416870117,21.744712829589844,21.971298217773438,15.515954971313477,39041053.0
2020-12-03,T,21.925981521606445,22.084592819213867,21.827795028686523,22.07703971862793,15.5906343460083,46284260.0
2020-12-04,T,22.18277931213379,22.477340698242188,22.137462615966797,22.31117820739746,15.755976676940918,49948562.0
2020-12-07,T,22.492446899414062,22.492446899414062,22.29607391357422,22.386707305908203,15.809317588806152,45853562.0
2020-12-08,T,22.273414611816406,23.361026763916016,22.250755310058594,23.27039337158203,16.433372497558594,97456992.0
2020-12-09,T,23.413896560668945,24.086103439331055,23.391239166259766,23.761329650878906,16.78006935119629,93587470.0
2020-12-10,T,23.466766357421875,23.496978759765625,23.021148681640625,23.179758071899414,16.369359970092773,62270236.0
2020-12-11,T,22.983383178710938,23.48187255859375,22.95317268371582,23.421449661254883,16.54004669189453,41708913.0
2020-12-14,T,23.58761215209961,23.61782455444336,22.960725784301758,23.074018478393555,16.29469108581543,56451785.0
2020-12-15,T,23.14199447631836,23.18731117248535,22.87009048461914,23.096677780151367,16.310691833496094,44250331.0
2020-12-16,T,23.05891227722168,23.104230880737305,22.83987808227539,22.877643585205078,16.1560115814209,45926250.0
2020-12-17,T,22.68882179260254,22.749244689941406,22.31117820739746,22.371601104736328,15.798652648925781,81662996.0
2020-12-18,T,22.29607391357422,22.41691780090332,22.09969711303711,22.2054386138916,15.681307792663574,98528240.0
2020-12-21,T,21.88821792602539,22.061933517456055,21.714502334594727,21.91087532043457,15.473289489746094,63319903.0
2020-12-22,T,21.903322219848633,21.91087532043457,21.389728546142578,21.450151443481445,15.147930145263672,84593405.0
2020-12-23,T,21.525680541992188,21.850452423095703,21.525680541992188,21.714502334594727,15.334609985351562,52034656.0
2020-12-24,T,21.69939613342285,21.72205352783203,21.525680541992188,21.6691837310791,15.302604675292969,25358704.0
2020-12-28,T,21.850452423095703,21.873111724853516,21.525680541992188,21.563444137573242,15.227934837341309,55104218.0
2020-12-29,T,21.6691837310791,21.81268882751465,21.533233642578125,21.555891036987305,15.222601890563965,48481570.0
2020-12-30,T,21.555891036987305,21.661630630493164,21.472810745239258,21.51812744140625,15.195937156677246,45476487.0
2020-12-31,T,21.4879150390625,21.75226593017578,21.442598342895508,21.72205352783203,15.33994197845459,51135925.0
2021-01-04,T,22.197885513305664,22.273414611816406,21.918428421020508,22.23564910888672,15.702641487121582,86700816.0
2021-01-05,T,22.280967712402344,22.469789505004883,22.04682731628418,22.09969711303711,15.6066312789917,83054520.0
2021-01-06,T,22.21299171447754,22.65860939025879,22.18277931213379,22.530210494995117,15.910655975341797,73455520.0
2021-01-07,T,22.673715591430664,22.726585388183594,22.41691780090332,22.590633392333984,15.953330993652344,71265359.0
2021-01-08,T,22.009063720703125,22.061933517456055,21.714502334594727,21.918428421020508,15.843311309814453,72471656.0
2021-01-11,T,21.70694923400879,21.918428421020508,21.661630630493164,21.80513572692871,15.761417388916016,40833484.0
2021-01-12,T,21.80513572692871,21.80513572692871,21.533233642578125,21.714502334594727,15.695907592773438,57515222.0
2021-01-13,T,21.744712829589844,21.75226593017578,21.503021240234375,21.608760833740234,15.619468688964844,51383116.0
2021-01-14,T,21.638973236083984,22.484893798828125,21.548337936401367,22.122356414794922,15.990715980529785,84548919.0
2021-01-15,T,21.865558624267578,22.122356414794922,21.767372131347656,22.031721115112305,15.925201416015625,53824704.0
2021-01-19,T,22.114803314208984,22.190332412719727,21.827795028686523,21.865558624267578,15.805091857910156,53971536.0
2021-01-20,T,21.903322219848633,21.91087532043457,21.70694923400879,21.873111724853516,15.810550689697266,43086270.0
2021-01-21,T,21.835346221923828,21.9637451171875,21.72960662841797,21.77492332458496,15.739580154418945,37102320.0
2021-01-22,T,21.75981903076172,21.94108772277832,21.578550338745117,21.850452423095703,15.79417610168457,45975370.0
2021-01-25,T,21.72205352783203,22.039274215698242,21.51812744140625,21.986404418945312,15.892446517944336,68733209.0
2021-01-26,T,21.978851318359375,22.537763595581055,21.956193923950195,22.469789505004883,16.241851806640625,66887024.0
2021-01-27,T,21.933534622192383,22.809667587280273,21.873111724853516,22.009063720703125,15.908825874328613,97381127.0
2021-01-28,T,21.925981521606445,22.44713020324707,21.737159729003906,21.75226593017578,15.723201751708984,69698670.0
2021-01-29,T,21.737159729003906,21.933534622192383,21.578550338745117,21.62386703491211,15.630390167236328,66272688.0
2021-02-01,T,21.85800552368164,21.88821792602539,21.397281646728516,21.638973236083984,15.641310691833496,56774709.0
2021-02-02,T,21.737159729003906,21.767372131347656,21.43504524230957,21.555891036987305,15.581257820129395,56673026.0
2021-02-03,T,21.533233642578125,21.67673683166504,21.4879150390625,21.533233642578125,15.564878463745117,53468813.0
2021-02-04,T,21.54078483581543,21.820241928100586,21.503021240234375,21.820241928100586,15.77233600616455,42001782.0
2021-02-05,T,21.88821792602539,21.956193923950195,21.797582626342773,21.850452423095703,15.79417610168457,36503739.0
2021-02-08,T,21.880664825439453,21.895769119262695,21.616313934326172,21.72960662841797,15.706828117370605,42459356.0
2021-02-09,T,21.646526336669922,21.737159729003906,21.57099723815918,21.616313934326172,15.624930381774902,43411312.0
2021-02-10,T,21.631420135498047,21.646526336669922,21.510574340820312,21.563444137573242,15.58671760559082,55965612.0
2021-02-11,T,21.533233642578125,21.67673683166504,21.495468139648438,21.6691837310791,15.6631498336792,44673216.0
2021-02-12,T,21.601207733154297,21.7824764251709,21.593656539916992,21.75226593017578,15.723201751708984,38015880.0
2021-02-16,T,21.75226593017578,22.039274215698242,21.69939613342285,21.880664825439453,15.816012382507324,51239727.0
2021-02-17,T,21.767372131347656,22.462236404418945,21.75226593017578,22.333837509155273,16.14358139038086,67769867.0
2021-02-18,T,22.3187313079834,22.34894371032715,22.061933517456055,22.07703971862793,15.957959175109863,35751575.0
2021-02-19,T,22.122356414794922,22.152568817138672,21.88821792602539,21.903322219848633,15.832390785217285,39326772.0
2021-02-22,T,21.895769119262695,22.333837509155273,21.88821792602539,22.145015716552734,16.007089614868164,46173044.0
2021-02-23,T,22.39426040649414,22.515106201171875,21.986404418945312,22.039274215698242,15.930658340454102,62175305.0
2021-02-24,T,22.12990951538086,22.34894371032715,22.054380416870117,22.190332412719727,16.03985023498535,45852636.0
2021-02-25,T,22.024169921875,22.09969711303711,21.593656539916992,21.62386703491211,15.630390167236328,77501929.0
2021-02-26,T,21.661630630493164,21.744712829589844,21.06495475769043,21.06495475769043,15.226391792297363,102619798.0
2021-03-01,T,21.268882751464844,21.4879150390625,21.16314125061035,21.21601104736328,15.335586547851562,58790102.0
2021-03-02,T,21.208459854125977,21.495468139648438,21.208459854125977,21.314199447631836,15.40655517578125,47299370.0
2021-03-03,T,21.28398895263672,21.850452423095703,21.28398895263672,21.691843032836914,15.679525375366211,75820581.0
2021-03-04,T,21.72960662841797,22.145015716552734,21.638973236083984,21.842899322509766,15.788713455200195,80437237.0
2021-03-05,T,21.91087532043457,22.462236404418945,21.88821792602539,22.371601104736328,16.17087745666504,77737336.0
2021-03-08,T,22.31117820739746,22.95317268371582,22.220544815063477,22.65105628967285,16.372875213623047,74116593.0
2021-03-09,T,22.58308219909668,22.76435089111328,22.36404800415039,22.386707305908203,16.181795120239258,63488580.0
2021-03-10,T,22.613292694091797,22.779455184936523,22.333837509155273,22.65105628967285,16.372875213623047,57977033.0
2021-03-11,T,22.590633392333984,22.65860939025879,22.280967712402344,22.31117820739746,16.127199172973633,48327854.0
2021-03-12,T,22.58308219909668,23.315710067749023,22.44713020324707,22.515106201171875,16.274600982666016,92827229.0
2021-03-15,T,22.673715591430664,22.71147918701172,22.41691780090332,22.60573959350586,16.340120315551758,56121050.0
2021-03-16,T,22.469789505004883,22.68882179260254,22.424470901489258,22.65105628967285,16.372875213623047,50311735.0
2021-03-17,T,22.749244689941406,22.832326889038086,22.515106201171875,22.771902084350586,16.460227966308594,52881354.0
2021-03-18,T,22.71147918701172,23.0362548828125,22.65105628967285,22.666162490844727,16.38379669189453,41438817.0
2021-03-19,T,22.666162490844727,22.70392608642578,22.371601104736328,22.477340698242188,16.2473087310791,97559734.0
2021-03-22,T,22.492446899414062,22.666162490844727,22.34139060974121,22.65105628967285,16.372875213623047,41525936.0
2021-03-23,T,22.620845794677734,22.862537384033203,22.515106201171875,22.65860939025879,16.37833595275879,48880756.0
2021-03-24,T,22.643505096435547,22.877643585205078,22.63595199584961,22.65105628967285,16.372875213623047,44403518.0
2021-03-25,T,22.65860939025879,22.802114486694336,22.515106201171875,22.719032287597656,16.422012329101562,49001902.0
2021-03-26,T,22.87009048461914,23.11178207397461,22.719032287597656,22.892749786376953,16.547576904296875,83378238.0
2021-03-29,T,22.960725784301758,23.149547576904297,22.82477378845215,23.081571578979492,16.684062957763672,49355145.0
2021-03-30,T,23.119335174560547,23.2175235748291,22.960725784301758,23.209970474243164,16.776874542236328,46516092.0
2021-03-31,T,23.149547576904297,23.149547576904297,22.809667587280273,22.862537384033203,16.525739669799805,59981040.0
2021-04-01,T,22.83987808227539,23.021148681640625,22.6812686920166,23.013595581054688,16.63492774963379,42999548.0
2021-04-05,T,23.126888275146484,23.29305076599121,23.11178207397461,23.19486427307129,16.76595687866211,50996905.0
2021-04-06,T,23.19486427307129,23.398792266845703,23.179758071899414,23.398792266845703,16.913362503051758,44574314.0
2021-04-07,T,23.421449661254883,23.527189254760742,23.262840270996094,23.361026763916016,16.886062622070312,53821262.0
2021-04-08,T,22.885196685791016,22.915407180786133,22.60573959350586,22.65860939025879,16.751205444335938,66037678.0
2021-04-09,T,22.696374893188477,22.802114486694336,22.590633392333984,22.68882179260254,16.773540496826172,44111311.0
2021-04-12,T,22.666162490844727,22.779455184936523,22.58308219909668,22.628398895263672,16.728872299194336,32913051.0
2021-04-13,T,22.55286979675293,22.55286979675293,22.28852081298828,22.379154205322266,16.544605255126953,54794270.0
2021-04-14,T,22.356494903564453,22.507553100585938,22.12990951538086,22.454683303833008,16.600444793701172,41425180.0
2021-04-15,T,22.492446899414062,22.537763595581055,22.41691780090332,22.469789505004883,16.611616134643555,35073819.0
2021-04-16,T,22.590633392333984,22.6812686920166,22.537763595581055,22.620845794677734,16.723285675048828,39935944.0
2021-04-19,T,22.65860939025879,22.719032287597656,22.515106201171875,22.65105628967285,16.745620727539062,39439974.0
2021-04-20,T,22.63595199584961,22.673715591430664,22.545316696166992,22.575529098510742,16.689786911010742,35799239.0
2021-04-21,T,22.628398895263672,22.83987808227539,22.590633392333984,22.74169158935547,16.812625885009766,45489198.0
2021-04-22,T,23.640483856201172,24.086103439331055,23.527189254760742,23.685800552368164,17.510591506958008,143684584.0
2021-04-23,T,23.77643585205078,23.950151443481445,23.71601104736328,23.71601104736328,17.532928466796875,53428961.0
2021-04-26,T,23.70090675354004,23.70090675354004,23.3308162689209,23.34592056274414,17.259326934814453,60190761.0
2021-04-27,T,23.29305076599121,23.32326316833496,23.134441375732422,23.24018096923828,17.18115234375,44211273.0
2021-04-28,T,23.391239166259766,23.527189254760742,23.338369369506836,23.383686065673828,17.287240982055664,37193014.0
2021-04-29,T,23.5120849609375,23.814199447631836,23.496978759765625,23.67069435119629,17.499425888061523,50944740.0
2021-04-30,T,23.685800552368164,23.738670349121094,23.451662063598633,23.72356414794922,17.53851318359375,41484362.0
2021-05-03,T,24.003021240234375,24.055891036987305,23.768882751464844,23.791540145874023,17.58876609802246,49589228.0
2021-05-04,T,23.867069244384766,24.22960662841797,23.82930564880371,24.184289932250977,17.879121780395508,68700639.0
2021-05-05,T,24.17673683166504,24.30513572692871,24.025680541992188,24.191843032836914,17.884702682495117,41937965.0
2021-05-06,T,24.19939613342285,24.486404418945312,23.950151443481445,24.478851318359375,18.09688377380371,38556072.0
2021-05-07,T,24.320241928100586,24.44108772277832,24.214502334594727,24.290029525756836,17.957286834716797,38330065.0
2021-05-10,T,24.418428421020508,24.84894371032715,24.365558624267578,24.645015716552734,18.219728469848633,54262286.0
2021-05-11,T,24.539274215698242,24.67522621154785,24.22960662841797,24.365558624267578,18.01312828063965,44221335.0
2021-05-12,T,24.2824764251709,24.395769119262695,24.116313934326172,24.146526336669922,17.851200103759766,41682300.0
2021-05-13,T,24.04078483581543,24.433534622192383,23.91238784790039,24.327795028686523,17.985212326049805,35838562.0
2021-05-14,T,24.418428421020508,24.584592819213867,24.335346221923828,24.350452423095703,18.00196075439453,28044703.0
2021-05-17,T,25.309667587280273,25.58912467956543,23.595165252685547,23.6933536529541,17.516176223754883,227010260.0
2021-05-18,T,22.567975997924805,22.65860939025879,21.820241928100586,22.3187313079834,16.49993896484375,327097378.0
2021-05-19,T,21.94108772277832,22.039274215698242,21.65407943725586,21.873111724853516,16.17049789428711,162369932.0
2021-05-20,T,21.91087532043457,22.432024002075195,21.835346221923828,22.386707305908203,16.550193786621094,108488825.0
2021-05-21,T,22.666162490844727,22.83987808227539,22.55286979675293,22.666162490844727,16.756790161132812,98754380.0
2021-05-24,T,22.696374893188477,22.779455184936523,22.454683303833008,22.469789505004883,16.611616134643555,63020282.0
2021-05-25,T,22.439577102661133,22.469789505004883,22.07703971862793,22.29607391357422,16.483186721801758,77290883.0
2021-05-26,T,22.280967712402344,22.386707305908203,22.190332412719727,22.3187313079834,16.49993896484375,43765747.0
2021-05-27,T,22.39426040649414,22.58308219909668,22.333837509155273,22.439577102661133,16.589279174804688,62823932.0
2021-05-28,T,22.439577102661133,22.439577102661133,22.18277931213379,22.228097915649414,16.432931900024414,54191320.0
2021-06-01,T,22.250755310058594,22.303625106811523,22.069486618041992,22.145015716552734,16.37151336669922,52162290.0
2021-06-02,T,22.12990951538086,22.386707305908203,22.016616821289062,22.36404800415039,16.53343963623047,53003692.0
2021-06-03,T,22.250755310058594,22.333837509155273,22.04682731628418,22.07703971862793,16.32126235961914,60788150.0
2021-06-04,T,22.084592819213867,22.16012191772461,22.04682731628418,22.107250213623047,16.34359359741211,45228105.0
2021-06-07,T,22.12990951538086,22.152568817138672,21.91087532043457,21.9637451171875,16.237497329711914,43812219.0
2021-06-08,T,21.925981521606445,21.933534622192383,21.69939613342285,21.88821792602539,16.181665420532227,81796720.0
2021-06-09,T,21.865558624267578,22.039274215698242,21.81268882751465,21.91087532043457,16.19841766357422,38698004.0
2021-06-10,T,21.91087532043457,22.122356414794922,21.903322219848633,22.039274215698242,16.293336868286133,46019327.0
2021-06-11,T,22.069486618041992,22.167673110961914,22.001510620117188,22.145015716552734,16.37151336669922,41163954.0
2021-06-14,T,22.07703971862793,22.114803314208984,21.873111724853516,21.971298217773438,16.243080139160156,36006312.0
2021-06-15,T,21.948640823364258,22.12990951538086,21.933534622192383,22.114803314208984,16.349178314208984,34705350.0
2021-06-16,T,22.114803314208984,22.16012191772461,21.895769119262695,21.948640823364258,16.22633171081543,40251454.0
2021-06-17,T,21.933534622192383,22.016616821289062,21.684289932250977,21.70694923400879,16.04765510559082,47283350.0
2021-06-18,T,21.62386703491211,21.72960662841797,21.457704544067383,21.638973236083984,15.997400283813477,86995009.0
2021-06-21,T,21.691843032836914,21.865558624267578,21.65407943725586,21.850452423095703,16.15374755859375,44495668.0
2021-06-22,T,21.85800552368164,21.903322219848633,21.72960662841797,21.737159729003906,16.069988250732422,41524215.0
2021-06-23,T,21.75226593017578,21.842899322509766,21.631420135498047,21.638973236083984,15.997400283813477,31479689.0
2021-06-24,T,21.684289932250977,21.7824764251709,21.608760833740234,21.744712829589844,16.075572967529297,47503266.0
2021-06-25,T,21.67673683166504,21.865558624267578,21.646526336669922,21.820241928100586,16.131410598754883,37039297.0
2021-06-28,T,21.835346221923828,21.835346221923828,21.714502334594727,21.737159729003906,16.069988250732422,35873515.0
2021-06-29,T,21.75226593017578,21.933534622192383,21.638973236083984,21.646526336669922,16.00298500061035,42715947.0
2021-06-30,T,21.646526336669922,21.797582626342773,21.638973236083984,21.737159729003906,16.069988250732422,43623814.0
2021-07-01,T,21.820241928100586,22.069486618041992,21.797582626342773,21.986404418945312,16.25425148010254,34947642.0
2021-07-02,T,21.986404418945312,22.167673110961914,21.978851318359375,22.07703971862793,16.32126235961914,37964376.0
2021-07-06,T,22.114803314208984,22.152568817138672,21.865558624267578,21.918428421020508,16.20400047302246,53233538.0
2021-07-07,T,21.925981521606445,21.956193923950195,21.797582626342773,21.850452423095703,16.15374755859375,44484282.0
2021-07-08,T,21.351964950561523,21.427492141723633,21.21601104736328,21.28398895263672,16.11855697631836,52985421.0
2021-07-09,T,21.33685874938965,21.555891036987305,21.32930564880371,21.4879150390625,16.272994995117188,45214865.0
2021-07-12,T,21.404834747314453,21.586103439331055,21.321752548217773,21.510574340820312,16.29015350341797,35588988.0
2021-07-13,T,21.510574340820312,21.616313934326172,21.314199447631836,21.351964950561523,16.17003631591797,38431218.0
2021-07-14,T,21.344411849975586,21.419940948486328,21.268882751464844,21.344411849975586,16.16431999206543,42322852.0
2021-07-15,T,21.32930564880371,21.525680541992188,21.3066463470459,21.472810745239258,16.261554718017578,36102832.0
2021-07-16,T,21.525680541992188,21.62386703491211,21.374622344970703,21.404834747314453,16.2100772857666,34673177.0
2021-07-19,T,21.231117248535156,21.29909324645996,20.77039337158203,20.989425659179688,15.89548110961914,76367393.0
2021-07-20,T,20.92900276184082,21.28398895263672,20.883686065673828,21.080059051513672,15.964123725891113,46026477.0
2021-07-21,T,21.208459854125977,21.374622344970703,21.03474235534668,21.072507858276367,15.95839786529541,40798133.0
2021-07-22,T,21.344411849975586,21.41238784790039,20.951662063598633,21.155588150024414,16.02131462097168,48904588.0
2021-07-23,T,21.125377655029297,21.3066463470459,21.102718353271484,21.261329650878906,16.101396560668945,40029948.0
2021-07-26,T,21.208459854125977,21.32930564880371,21.155588150024414,21.28398895263672,16.11855697631836,48400144.0
2021-07-27,T,21.155588150024414,21.450151443481445,21.057401657104492,21.29909324645996,16.129995346069336,45261337.0
2021-07-28,T,21.261329650878906,21.367069244384766,21.042295455932617,21.155588150024414,16.02131462097168,42069835.0
2021-07-29,T,21.291540145874023,21.4879150390625,21.231117248535156,21.367069244384766,16.181476593017578,42129018.0
2021-07-30,T,21.427492141723633,21.450151443481445,21.155588150024414,21.185800552368164,16.0441951751709,49652913.0
2021-08-02,T,21.32930564880371,21.563444137573242,21.17069435119629,21.231117248535156,16.078519821166992,43086667.0
2021-08-03,T,21.208459854125977,21.33685874938965,21.080059051513672,21.291540145874023,16.124279022216797,37982515.0
2021-08-04,T,21.178247451782227,21.238670349121094,21.004531860351562,21.03474235534668,15.929798126220703,38980149.0
2021-08-05,T,21.049848556518555,21.155588150024414,21.042295455932617,21.102718353271484,15.981278419494629,27837762.0
2021-08-06,T,21.080059051513672,21.21601104736328,21.080059051513672,21.11782455444336,15.992715835571289,30562686.0
2021-08-09,T,21.125377655029297,21.148035049438477,21.004531860351562,21.03474235534668,15.929798126220703,33359504.0
2021-08-10,T,21.0120849609375,21.231117248535156,20.974319458007812,21.21601104736328,16.067081451416016,29472770.0
2021-08-11,T,21.208459854125977,21.314199447631836,21.16314125061035,21.268882751464844,16.10712242126465,27142927.0
2021-08-12,T,21.29909324645996,21.314199447631836,21.110271453857422,21.16314125061035,16.02703857421875,25167519.0
2021-08-13,T,21.178247451782227,21.344411849975586,21.148035049438477,21.291540145874023,16.124279022216797,29052135.0
2021-08-16,T,21.25377655029297,21.367069244384766,21.132930755615234,21.29909324645996,16.129995346069336,27148223.0
2021-08-17,T,21.208459854125977,21.351964950561523,21.155588150024414,21.291540145874023,16.124279022216797,26361502.0
2021-08-18,T,21.1933536529541,21.261329650878906,20.996978759765625,21.019636154174805,15.91836166381836,36599729.0
2021-08-19,T,20.996978759765625,21.03474235534668,20.77039337158203,20.79305076599121,15.746764183044434,49881700.0
2021-08-20,T,20.785497665405273,21.027189254760742,20.7175235748291,20.82326316833496,15.769647598266602,36754240.0
2021-08-23,T,20.861026763916016,20.936555862426758,20.77039337158203,20.785497665405273,15.741047859191895,37017584.0
2021-08-24,T,20.79305076599121,20.815710067749023,20.672204971313477,20.732627868652344,15.701005935668945,38782343.0
2021-08-25,T,20.732627868652344,20.785497665405273,20.649547576904297,20.7175235748291,15.689568519592285,29708309.0
2021-08-26,T,20.69486427307129,20.709970474243164,20.40030288696289,20.407854080200195,15.455057144165039,49257302.0
2021-08-27,T,20.42296028137207,20.543806076049805,20.302114486694336,20.490936279296875,15.517970085144043,42686157.0
2021-08-30,T,20.483383178710938,20.619335174560547,20.430513381958008,20.566465377807617,15.575172424316406,40268666.0
2021-08-31,T,20.5362548828125,20.77039337158203,20.483383178710938,20.709970474243164,15.683845520019531,52696392.0
2021-09-01,T,20.72507667541504,20.74018096923828,20.498489379882812,20.5362548828125,15.552291870117188,37546257.0
2021-09-02,T,20.528701782226562,21.049848556518555,20.513595581054688,20.87613296508789,15.809684753417969,80611740.0
2021-09-03,T,20.87613296508789,20.95921516418457,20.634441375732422,20.815710067749023,15.763924598693848,35800298.0
2021-09-07,T,20.74773406982422,20.808156967163086,20.672204971313477,20.709970474243164,15.683845520019531,34935329.0
2021-09-08,T,20.74018096923828,20.951662063598633,20.74018096923828,20.84592056274414,15.786800384521484,37976292.0
2021-09-09,T,20.82326316833496,20.898792266845703,20.702417373657227,20.709970474243164,15.683845520019531,39806590.0
2021-09-10,T,20.755287170410156,20.762840270996094,20.513595581054688,20.528701782226562,15.546567916870117,38245594.0
2021-09-13,T,20.649547576904297,20.95921516418457,20.64199447631836,20.785497665405273,15.741047859191895,51168760.0
2021-09-14,T,20.808156967163086,20.853473663330078,20.581571578979492,20.64199447631836,15.632366180419922,38046729.0
2021-09-15,T,20.657100677490234,20.883686065673828,20.626888275146484,20.82326316833496,15.769647598266602,44541081.0
2021-09-16,T,20.815710067749023,20.951662063598633,20.72507667541504,20.84592056274414,15.786800384521484,38041698.0
2021-09-17,T,20.709970474243164,21.102718353271484,20.709970474243164,20.79305076599121,15.746764183044434,89996517.0
2021-09-20,T,20.634441375732422,20.672204971313477,20.347431182861328,20.551359176635742,15.563730239868164,64631457.0
2021-09-21,T,20.626888275146484,20.7175235748291,20.347431182861328,20.362537384033203,15.420733451843262,47120101.0
2021-09-22,T,20.407854080200195,20.551359176635742,20.385196685791016,20.40030288696289,15.449334144592285,41950675.0
2021-09-23,T,20.438066482543945,20.61178207397461,20.407854080200195,20.5362548828125,15.552291870117188,45047776.0
2021-09-24,T,20.50604248046875,20.679758071899414,20.468278884887695,20.490936279296875,15.517970085144043,32406489.0
2021-09-27,T,20.521148681640625,20.883686065673828,20.513595581054688,20.69486427307129,15.672406196594238,42571764.0
2021-09-28,T,20.72507667541504,20.951662063598633,20.5362548828125,20.574018478393555,15.580892562866211,43597466.0
2021-09-29,T,20.604230880737305,20.82326316833496,20.521148681640625,20.69486427307129,15.672406196594238,41619543.0
2021-09-30,T,20.755287170410156,20.77794647216797,20.40030288696289,20.40030288696289,15.449334144592285,58751838.0
2021-10-01,T,20.498489379882812,20.69486427307129,20.40030288696289,20.513595581054688,15.53512954711914,41759490.0
2021-10-04,T,20.574018478393555,20.74018096923828,20.460725784301758,20.581571578979492,15.5866117477417,57892430.0
2021-10-05,T,20.619335174560547,20.755287170410156,20.521148681640625,20.657100677490234,15.643806457519531,42649350.0
2021-10-06,T,20.58912467956543,20.649547576904297,20.37009048461914,20.626888275146484,15.620926856994629,73923686.0
2021-10-07,T,20.392749786376953,20.566465377807617,20.37009048461914,20.460725784301758,15.895819664001465,64402935.0
2021-10-08,T,20.438066482543945,20.483383178710938,20.20392608642578,20.219032287597656,15.708053588867188,51635868.0
2021-10-11,T,20.15860939025879,20.219032287597656,19.66012191772461,19.66012191772461,15.273838996887207,85460890.0
2021-10-12,T,19.652568817138672,19.66012191772461,19.15407943725586,19.20694923400879,14.921772003173828,101515979.0
2021-10-13,T,19.093656539916992,19.22960662841797,18.889728546142578,19.108760833740234,14.845487594604492,80546996.0
2021-10-14,T,19.161630630493164,19.49395751953125,19.146526336669922,19.350452423095703,15.033260345458984,75032669.0
2021-10-15,T,19.403322219848633,19.592145919799805,19.373111724853516,19.41087532043457,15.080201148986816,63061723.0
2021-10-18,T,19.30513572692871,19.373111724853516,19.093656539916992,19.131420135498047,14.8630952835083,59807596.0
2021-10-19,T,19.22960662841797,19.335346221923828,19.086103439331055,19.327795028686523,15.015654563903809,46242686.0
2021-10-20,T,19.342899322509766,19.7054386138916,19.30513572692871,19.569486618041992,15.203426361083984,63927222.0
2021-10-21,T,19.728097915649414,19.856494903564453,19.335346221923828,19.456193923950195,15.115407943725586,73916007.0
2021-10-22,T,19.456193923950195,19.486404418945312,19.237159729003906,19.25226593017578,14.956976890563965,49159193.0
2021-10-25,T,19.20694923400879,19.380664825439453,19.12386703491211,19.365558624267578,15.044995307922363,65704956.0
2021-10-26,T,19.35800552368164,19.41087532043457,19.146526336669922,19.161630630493164,14.886563301086426,48187774.0
2021-10-27,T,19.17673683166504,19.244712829589844,18.91238784790039,18.927492141723633,14.704662322998047,52952056.0
2021-10-28,T,18.980363845825195,19.365558624267578,18.950151443481445,19.297582626342773,14.992183685302734,70281362.0
2021-10-29,T,19.161630630493164,19.27492332458496,18.995468139648438,19.078550338745117,14.822019577026367,71775496.0
2021-11-01,T,19.22960662841797,19.320241928100586,19.146526336669922,19.161630630493164,14.886563301086426,53318010.0
2021-11-02,T,19.184289932250977,19.244712829589844,18.980363845825195,19.055891036987305,14.804411888122559,45810003.0
2021-11-03,T,18.972810745239258,19.131420135498047,18.96525764465332,19.01812744140625,14.775074005126953,48160500.0
2021-11-04,T,18.980363845825195,19.07099723815918,18.53474235534668,18.731117248535156,14.552099227905273,83532616.0
2021-11-05,T,18.768882751464844,19.116313934326172,18.75377655029297,18.957704544067383,14.728134155273438,58867158.0
2021-11-08,T,18.927492141723633,18.980363845825195,18.678247451782227,18.791540145874023,14.599040031433105,61161253.0
2021-11-09,T,18.74622344970703,18.768882751464844,18.56495475769043,18.66314125061035,14.499288558959961,60057567.0
2021-11-10,T,18.648035049438477,18.980363845825195,18.625377655029297,18.844411849975586,14.640119552612305,62271427.0
2021-11-11,T,18.874622344970703,18.957704544067383,18.791540145874023,18.821752548217773,14.622513771057129,40223517.0
2021-11-12,T,18.844411849975586,18.942598342895508,18.814199447631836,18.83685874938965,14.634248733520508,36217358.0
2021-11-15,T,18.859516143798828,18.919940948486328,18.685800552368164,18.731117248535156,14.552099227905273,53290206.0
2021-11-16,T,18.72356414794922,18.79909324645996,18.602718353271484,18.625377655029297,14.469951629638672,48162354.0
2021-11-17,T,18.602718353271484,18.67069435119629,18.549848556518555,18.625377655029297,14.469951629638672,42762155.0
2021-11-18,T,18.602718353271484,18.648035049438477,18.421449661254883,18.421449661254883,14.311522483825684,49734868.0
2021-11-19,T,18.368579864501953,18.383686065673828,18.096677780151367,18.22507667541504,14.158960342407227,66821750.0
2021-11-22,T,18.202417373657227,18.77643585205078,18.179758071899414,18.655588150024414,14.493422508239746,71414574.0
2021-11-23,T,18.648035049438477,18.874622344970703,18.648035049438477,18.70090675354004,14.528630256652832,58975991.0
2021-11-24,T,18.632930755615234,18.67069435119629,18.451662063598633,18.48187255859375,14.358464241027832,44597748.0
2021-11-26,T,18.172204971313477,18.368579864501953,18.134441375732422,18.29305076599121,14.21176815032959,38851588.0
2021-11-29,T,18.315710067749023,18.32326316833496,18.013595581054688,18.043806076049805,14.018129348754883,69449493.0
2021-11-30,T,17.854984283447266,17.885196685791016,17.031721115112305,17.243202209472656,13.396146774291992,184492383.0
2021-12-01,T,17.371601104736328,17.522659301757812,16.7824764251709,16.790029525756836,13.044078826904297,106323952.0
2021-12-02,T,16.827795028686523,17.567975997924805,16.827795028686523,17.409366607666016,13.525238037109375,105952835.0
2021-12-03,T,17.386707305908203,17.771902084350586,17.303625106811523,17.719032287597656,13.765815734863281,93399859.0
2021-12-06,T,17.81722068786621,18.081571578979492,17.545316696166992,17.58308219909668,13.660197257995605,78265347.0
2021-12-07,T,17.598186492919922,17.65105628967285,17.34894371032715,17.432024002075195,13.542840003967285,82646331.0
2021-12-08,T,17.386707305908203,17.802114486694336,17.356494903564453,17.5,13.595651626586914,64794044.0
2021-12-09,T,17.39426040649414,17.424470901489258,17.12990951538086,17.326284408569336,13.460692405700684,68283976.0
2021-12-10,T,17.356494903564453,17.409366607666016,17.18277931213379,17.250755310058594,13.402015686035156,52988731.0
2021-12-13,T,17.152568817138672,17.220544815063477,16.835346221923828,16.948640823364258,13.167304992675781,87574921.0
2021-12-14,T,16.91087532043457,17.167673110961914,16.80513572692871,16.835346221923828,13.0792875289917,102318985.0
2021-12-15,T,16.827795028686523,16.918428421020508,16.631420135498047,16.744712829589844,13.008872032165527,93643342.0
2021-12-16,T,17.107250213623047,18.043806076049805,17.107250213623047,17.907854080200195,13.912511825561523,150436190.0
2021-12-17,T,17.975830078125,18.00604248046875,17.58308219909668,17.960725784301758,13.953584671020508,142867941.0
2021-12-20,T,18.149547576904297,18.34592056274414,17.938066482543945,18.27039337158203,14.194168090820312,102088344.0
2021-12-21,T,18.368579864501953,18.74622344970703,18.27794647216797,18.48187255859375,14.358464241027832,96523307.0
2021-12-22,T,18.45921516418457,18.761329650878906,18.308156967163086,18.71601104736328,14.540366172790527,67746697.0
2021-12-23,T,18.768882751464844,18.897281646728516,18.738670349121094,18.78398895263672,14.593173027038574,57348266.0
2021-12-27,T,18.78398895263672,18.950151443481445,18.602718353271484,18.71601104736328,14.540366172790527,67853676.0
2021-12-28,T,18.685800552368164,18.972810745239258,18.648035049438477,18.74622344970703,14.563835144042969,55695649.0
2021-12-29,T,18.738670349121094,18.821752548217773,18.580059051513672,18.610271453857422,14.458216667175293,44728560.0
2021-12-30,T,18.632930755615234,18.844411849975586,18.625377655029297,18.71601104736328,14.540366172790527,53706074.0
2021-12-31,T,18.67069435119629,18.75377655029297,18.557401657104492,18.580059051513672,14.434741973876953,59608069.0
2022-01-03,T,18.71601104736328,19.320241928100586,18.71601104736328,19.20694923400879,14.921772003173828,76970210.0
2022-01-04,T,19.373111724853516,19.54682731628418,19.214502334594727,19.365558624267578,15.044995307922363,72918108.0
2022-01-05,T,19.637462615966797,20.256797790527344,19.637462615966797,19.79607391357422,15.379457473754883,125367971.0
2022-01-06,T,20.173715591430664,20.23413848876953,19.592145919799805,19.720544815063477,15.320782661437988,93758133.0
2022-01-07,T,19.569486618041992,20.030210494995117,19.4637451171875,19.856494903564453,15.844184875488281,98164670.0
2022-01-10,T,19.932024002075195,20.120845794677734,19.78852081298828,19.984893798828125,15.946637153625488,77030717.0
2022-01-11,T,20.128398895263672,20.18882179260254,19.743202209472656,19.89426040649414,15.874321937561035,60054124.0
2022-01-12,T,19.84894371032715,20.022659301757812,19.750755310058594,19.977340698242188,15.9406156539917,48477730.0
2022-01-13,T,20.015106201171875,20.445619583129883,19.879154205322266,20.24169158935547,16.151548385620117,65005487.0
2022-01-14,T,20.10573959350586,20.566465377807617,19.992446899414062,20.528701782226562,16.38056182861328,72617163.0
2022-01-18,T,20.551359176635742,20.74773406982422,20.32477378845215,20.626888275146484,16.458906173706055,80247772.0
2022-01-19,T,20.732627868652344,20.755287170410156,20.226585388183594,20.604230880737305,16.440832138061523,67442309.0
2022-01-20,T,20.490936279296875,20.702417373657227,20.362537384033203,20.407854080200195,16.284135818481445,55659239.0
2022-01-21,T,20.271902084350586,20.392749786376953,19.977340698242188,20.098186492919922,16.037036895751953,79715392.0
2022-01-24,T,19.780967712402344,20.075529098510742,19.478851318359375,19.89426040649414,15.874321937561035,102910548.0
2022-01-25,T,19.75830841064453,20.098186492919922,19.41087532043457,20.0,15.958693504333496,115467364.0
2022-01-26,T,20.377643585205078,20.377643585205078,18.172204971313477,18.315710067749023,14.614739418029785,188252808.0
2022-01-27,T,18.172204971313477,18.527189254760742,17.7945613861084,18.2175235748291,14.536394119262695,116707158.0
2022-01-28,T,18.179758071899414,19.063444137573242,18.081571578979492,19.04078483581543,15.193305015563965,102063320.0
2022-01-31,T,18.859516143798828,19.290029525756836,18.595165252685547,19.25981903076172,15.368075370788574,129691758.0
2022-02-01,T,18.27039337158203,18.580059051513672,18.2175235748291,18.444108963012695,14.717193603515625,172591344.0
2022-02-02,T,18.285497665405273,18.655588150024414,18.179758071899414,18.53474235534668,14.789511680603027,93834925.0
2022-02-03,T,18.504531860351562,18.814199447631836,18.45921516418457,18.549848556518555,14.801568984985352,63825671.0
2022-02-04,T,18.5120849609375,18.53474235534668,18.11178207397461,18.18731117248535,14.512286186218262,69719192.0
2022-02-07,T,18.157100677490234,18.18731117248535,17.854984283447266,18.074018478393555,14.421886444091797,73169536.0
2022-02-08,T,18.0362548828125,18.2175235748291,17.990936279296875,18.081571578979492,14.4279146194458,42150732.0
2022-02-09,T,18.134441375732422,18.542295455932617,18.11178207397461,18.504531860351562,14.76540756225586,53029907.0
2022-02-10,T,18.474319458007812,18.61782455444336,18.285497665405273,18.315710067749023,14.614739418029785,58431827.0
2022-02-11,T,18.3308162689209,18.474319458007812,18.134441375732422,18.22507667541504,14.542420387268066,60084576.0
2022-02-14,T,18.157100677490234,18.3308162689209,18.00604248046875,18.164653778076172,14.494208335876465,57458290.0
2022-02-15,T,18.255287170410156,18.474319458007812,18.209970474243164,18.383686065673828,14.668981552124023,43586610.0
2022-02-16,T,18.255287170410156,18.383686065673828,17.960725784301758,18.081571578979492,14.4279146194458,60662502.0
2022-02-17,T,17.998489379882812,18.08912467956543,17.82477378845215,17.945619583129883,14.319432258605957,61712434.0
2022-02-18,T,17.907854080200195,18.096677780151367,17.78700828552246,18.028701782226562,14.385725975036621,62595410.0
2022-02-22,T,17.95317268371582,18.202417373657227,17.802114486694336,17.938066482543945,14.313403129577637,62168288.0
2022-02-23,T,17.975830078125,18.074018478393555,17.6812686920166,17.756797790527344,14.1687650680542,50233222.0
2022-02-24,T,17.34139060974121,17.590633392333984,17.107250213623047,17.545316696166992,14.000018119812012,92965719.0
2022-02-25,T,17.71147918701172,18.209970474243164,17.70392608642578,18.05891227722168,14.409832954406738,59026965.0
2022-02-28,T,17.81722068786621,17.938066482543945,17.6812686920166,17.892749786376953,14.277244567871094,62788449.0
2022-03-01,T,17.832326889038086,17.945619583129883,17.5,17.771902084350586,14.180817604064941,57663378.0
2022-03-02,T,17.7945613861084,18.164653778076172,17.771902084350586,17.990936279296875,14.355592727661133,45624775.0
2022-03-03,T,18.08912467956543,18.202417373657227,17.885196685791016,18.05891227722168,14.409832954406738,49218641.0
2022-03-04,T,17.90030288696289,18.043806076049805,17.70392608642578,18.028701782226562,14.385725975036621,48190952.0
2022-03-07,T,17.877643585205078,18.028701782226562,17.73413848876953,17.802114486694336,14.204922676086426,50113532.0
2022-03-08,T,17.756797790527344,17.847431182861328,17.371601104736328,17.371601104736328,13.86140251159668,67277074.0
2022-03-09,T,17.590633392333984,17.76435089111328,17.522659301757812,17.567975997924805,14.018098831176758,58010928.0
2022-03-10,T,17.537763595581055,17.537763595581055,17.326284408569336,17.515106201171875,13.975910186767578,53623059.0
2022-03-11,T,17.82477378845215,17.90030288696289,17.484893798828125,17.515106201171875,13.975910186767578,72142244.0
2022-03-14,T,17.537763595581055,17.55286979675293,17.228097915649414,17.28852081298828,13.795109748840332,65683375.0
2022-03-15,T,17.356494903564453,17.522659301757812,17.303625106811523,17.439577102661133,13.915643692016602,47089252.0
2022-03-16,T,17.484893798828125,17.590633392333984,17.34894371032715,17.515106201171875,13.975910186767578,49791138.0
2022-03-17,T,17.462236404418945,17.575529098510742,17.326284408569336,17.515106201171875,13.975910186767578,41109008.0
2022-03-18,T,17.522659301757812,17.63595199584961,17.386707305908203,17.537763595581055,13.993990898132324,89500414.0
2022-03-21,T,17.537763595581055,17.756797790527344,17.439577102661133,17.492446899414062,13.957829475402832,50990418.0
2022-03-22,T,17.567975997924805,17.74169158935547,17.507553100585938,17.530210494995117,13.987959861755371,39631954.0
2022-03-23,T,17.530210494995117,17.71147918701172,17.5,17.530210494995117,13.987959861755371,38180320.0
2022-03-24,T,17.55286979675293,17.63595199584961,17.492446899414062,17.620845794677734,14.060284614562988,37218434.0
2022-03-25,T,17.673715591430664,18.00604248046875,17.620845794677734,18.00604248046875,14.367646217346191,42137094.0
2022-03-28,T,18.126888275146484,18.179758071899414,17.907854080200195,18.028701782226562,14.385725975036621,50968704.0
2022-03-29,T,18.081571578979492,18.172204971313477,18.013595581054688,18.119335174560547,14.458047866821289,43979838.0
2022-03-30,T,18.164653778076172,18.24018096923828,18.066465377807617,18.232627868652344,14.548445701599121,42385080.0
2022-03-31,T,18.126888275146484,18.232627868652344,17.83987808227539,17.847431182861328,14.24108600616455,69574611.0
2022-04-01,T,17.915407180786133,18.126888275146484,17.666162490844727,18.11178207397461,14.452019691467285,53381429.0
2022-04-04,T,18.013595581054688,18.27794647216797,17.802114486694336,18.262840270996094,14.572552680969238,47195569.0
2022-04-05,T,18.104230880737305,18.24018096923828,18.013595581054688,18.043806076049805,14.39777946472168,43936808.0
2022-04-06,T,17.960725784301758,18.232627868652344,17.82477378845215,18.149547576904297,14.482152938842773,49327209.0
2022-04-07,T,18.05891227722168,18.11178207397461,17.82477378845215,17.92296028137207,14.301351547241211,62815724.0
2022-04-08,T,17.877643585205078,18.308156967163086,17.779455184936523,18.232627868652344,14.548445701599121,73121078.0
2022-04-11,T,18.889999389648438,19.770000457763672,18.850000381469727,19.6299991607666,15.66345500946045,157485300.0
2022-04-12,T,19.75,20.1200008392334,19.510000228881836,19.559999465942383,15.607604026794434,104795900.0
2022-04-13,T,19.1200008392334,19.489999771118164,19.030000686645508,19.420000076293945,15.719305038452148,64100500.0
2022-04-14,T,19.31999969482422,19.59000015258789,19.209999084472656,19.540000915527344,15.816435813903809,52731100.0
2022-04-18,T,19.43000030517578,19.56999969482422,19.290000915527344,19.459999084472656,15.751678466796875,54812700.0
2022-04-19,T,19.489999771118164,19.639999389648438,19.389999389648438,19.489999771118164,15.77596378326416,57496000.0
2022-04-20,T,19.520000457763672,19.59000015258789,19.299999237060547,19.43000030517578,15.727399826049805,48751400.0
2022-04-21,T,19.68000030517578,20.350000381469727,19.6299991607666,20.209999084472656,16.358760833740234,81259800.0
2022-04-22,T,20.049999237060547,20.049999237060547,19.5,19.520000457763672,15.800251007080078,68483600.0
2022-04-25,T,19.770000457763672,19.889999389648438,19.110000610351562,19.510000228881836,15.79215145111084,71861400.0
2022-04-26,T,19.450000762939453,19.649999618530273,19.299999237060547,19.299999237060547,15.622171401977539,50825900.0
2022-04-27,T,19.229999542236328,19.360000610351562,18.989999771118164,19.06999969482422,15.436001777648926,66767000.0
2022-04-28,T,19.25,19.59000015258789,19.100000381469727,19.420000076293945,15.719305038452148,67479400.0
2022-04-29,T,19.360000610351562,19.3700008392334,18.809999465942383,18.860000610351562,15.266018867492676,70195400.0
2022-05-02,T,19.0,19.389999389648438,18.860000610351562,19.1200008392334,15.47647476196289,67551600.0
2022-05-03,T,19.18000030517578,19.68000030517578,19.040000915527344,19.329999923706055,15.646456718444824,62675300.0
2022-05-04,T,19.280000686645508,19.979999542236328,19.209999084472656,19.950000762939453,16.148305892944336,60771800.0
2022-05-05,T,19.739999771118164,19.989999771118164,19.68000030517578,19.950000762939453,16.148305892944336,55503900.0
2022-05-06,T,19.799999237060547,20.110000610351562,19.65999984741211,20.030000686645508,16.213062286376953,51506800.0
2022-05-09,T,19.979999542236328,20.040000915527344,19.469999313354492,19.549999237060547,15.824529647827148,51563300.0
2022-05-10,T,19.65999984741211,19.850000381469727,19.239999771118164,19.360000610351562,15.670736312866211,42465900.0
2022-05-11,T,19.5,19.65999984741211,19.290000915527344,19.43000030517578,15.727399826049805,50074200.0
2022-05-12,T,19.399999618530273,19.739999771118164,19.389999389648438,19.719999313354492,15.962136268615723,52687000.0
2022-05-13,T,19.739999771118164,19.860000610351562,19.540000915527344,19.84000015258789,16.05927085876465,34107300.0
2022-05-16,T,19.93000030517578,20.3799991607666,19.68000030517578,20.280000686645508,16.41542625427246,40027000.0
2022-05-17,T,20.399999618530273,20.670000076293945,20.239999771118164,20.56999969482422,16.650161743164062,42938400.0
2022-05-18,T,20.510000228881836,20.6299991607666,20.1299991607666,20.229999542236328,16.374950408935547,43342800.0
2022-05-19,T,19.920000076293945,20.34000015258789,19.90999984741211,20.209999084472656,16.358760833740234,41588100.0
2022-05-20,T,20.209999084472656,20.420000076293945,20.09000015258789,20.399999618530273,16.512557983398438,47415800.0
2022-05-23,T,20.530000686645508,20.90999984741211,20.420000076293945,20.739999771118164,16.78775978088379,46775100.0
2022-05-24,T,20.799999237060547,21.229999542236328,20.600000381469727,21.15999984741211,17.127729415893555,49841200.0
2022-05-25,T,21.1200008392334,21.3700008392334,21.059999465942383,21.299999237060547,17.24104881286621,40179400.0
2022-05-26,T,21.3799991607666,21.530000686645508,21.270000457763672,21.31999969482422,17.25723648071289,28495500.0
2022-05-27,T,21.309999465942383,21.40999984741211,21.149999618530273,21.290000915527344,17.232955932617188,34169600.0
2022-05-31,T,21.190000534057617,21.43000030517578,20.969999313354492,21.290000915527344,17.232955932617188,61515300.0
2022-06-01,T,21.440000534057617,21.469999313354492,21.1200008392334,21.219999313354492,17.17629623413086,35928900.0
2022-06-02,T,21.260000228881836,21.260000228881836,20.940000534057617,21.190000534057617,17.152013778686523,27085200.0
2022-06-03,T,21.059999465942383,21.149999618530273,20.799999237060547,20.899999618530273,16.917272567749023,27796900.0
2022-06-06,T,20.920000076293945,21.049999237060547,20.829999923706055,20.940000534057617,16.94965171813965,22002900.0
2022-06-07,T,20.899999618530273,21.190000534057617,20.770000457763672,21.139999389648438,17.111541748046875,24977700.0
2022-06-08,T,21.09000015258789,21.200000762939453,20.989999771118164,21.049999237060547,17.0386905670166,20732900.0
2022-06-09,T,21.020000457763672,21.15999984741211,20.8700008392334,20.8799991607666,16.901084899902344,24934500.0
2022-06-10,T,20.68000030517578,20.850000381469727,20.6299991607666,20.690000534057617,16.74729347229004,33572700.0
2022-06-13,T,20.399999618530273,20.489999771118164,19.68000030517578,19.760000228881836,15.994510650634766,56215900.0
2022-06-14,T,19.8799991607666,19.959999084472656,19.299999237060547,19.450000762939453,15.743589401245117,42638300.0
2022-06-15,T,19.600000381469727,19.709999084472656,19.18000030517578,19.440000534057617,15.735492706298828,38941900.0
2022-06-16,T,19.280000686645508,19.290000915527344,18.670000076293945,18.959999084472656,15.346963882446289,67896400.0
2022-06-17,T,19.139999389648438,19.420000076293945,19.0,19.3799991607666,15.68692398071289,97645400.0
2022-06-21,T,19.649999618530273,20.049999237060547,19.469999313354492,19.959999084472656,16.156402587890625,49307700.0
2022-06-22,T,19.850000381469727,20.549999237060547,19.81999969482422,20.31999969482422,16.447797775268555,46607400.0
2022-06-23,T,20.43000030517578,20.780000686645508,20.079999923706055,20.610000610351562,16.68253517150879,51713600.0
2022-06-24,T,20.700000762939453,21.059999465942383,20.510000228881836,20.989999771118164,16.99012565612793,47641700.0
2022-06-27,T,20.950000762939453,21.040000915527344,20.670000076293945,20.780000686645508,16.82014274597168,32339900.0
2022-06-28,T,20.93000030517578,21.059999465942383,20.600000381469727,20.610000610351562,16.68253517150879,26754000.0
2022-06-29,T,20.670000076293945,21.020000457763672,20.540000915527344,20.950000762939453,16.957748413085938,26585700.0
2022-06-30,T,20.790000915527344,21.149999618530273,20.75,20.959999084472656,16.965837478637695,37655700.0
2022-07-01,T,20.969999313354492,21.389999389648438,20.8700008392334,21.309999465942383,17.249143600463867,32762500.0
2022-07-05,T,21.1299991607666,21.190000534057617,20.780000686645508,21.170000076293945,17.135822296142578,36960500.0
2022-07-06,T,21.170000076293945,21.229999542236328,20.889999389648438,21.09000015258789,17.071067810058594,27645000.0
2022-07-07,T,21.170000076293945,21.31999969482422,21.030000686645508,21.149999618530273,17.1196346282959,27015400.0
2022-07-08,T,20.93000030517578,21.059999465942383,20.75,20.799999237060547,17.060577392578125,22366300.0
2022-07-11,T,20.709999084472656,20.860000610351562,20.6299991607666,20.65999984741211,16.94574546813965,23326400.0
2022-07-12,T,20.6299991607666,20.860000610351562,20.450000762939453,20.600000381469727,16.896535873413086,26448000.0
2022-07-13,T,20.450000762939453,20.600000381469727,20.229999542236328,20.450000762939453,16.773500442504883,25213100.0
2022-07-14,T,20.1299991607666,20.350000381469727,20.049999237060547,20.329999923706055,16.67507553100586,26621000.0
2022-07-15,T,20.540000915527344,20.59000015258789,20.209999084472656,20.56999969482422,16.871929168701172,23838000.0
2022-07-18,T,20.6299991607666,20.690000534057617,20.510000228881836,20.530000686645508,16.83911895751953,22507400.0
2022-07-19,T,20.600000381469727,20.860000610351562,20.530000686645508,20.799999237060547,17.060577392578125,21813100.0
2022-07-20,T,20.81999969482422,20.829999923706055,20.399999618530273,20.479999542236328,16.798107147216797,34207200.0
2022-07-21,T,19.040000915527344,19.1200008392334,18.239999771118164,18.920000076293945,15.518563270568848,123409000.0
2022-07-22,T,18.65999984741211,18.690000534057617,18.25,18.399999618530273,15.09205150604248,72016300.0
2022-07-25,T,18.3799991607666,18.649999618530273,18.329999923706055,18.530000686645508,15.198681831359863,39493100.0
2022-07-26,T,18.399999618530273,18.450000762939453,18.18000030517578,18.299999237060547,15.010028839111328,38885000.0
2022-07-27,T,18.350000381469727,18.489999771118164,18.229999542236328,18.389999389648438,15.083847999572754,36607400.0
2022-07-28,T,18.299999237060547,18.770000457763672,18.290000915527344,18.579999923706055,15.239690780639648,41940100.0
2022-07-29,T,18.510000228881836,18.850000381469727,18.479999542236328,18.780000686645508,15.403732299804688,40819800.0
2022-08-01,T,18.850000381469727,18.8700008392334,18.610000610351562,18.729999542236328,15.362720489501953,37087800.0
2022-08-02,T,18.719999313354492,18.739999771118164,18.31999969482422,18.360000610351562,15.059240341186523,43625200.0
2022-08-03,T,18.420000076293945,18.510000228881836,18.309999465942383,18.3700008392334,15.067441940307617,35524300.0
2022-08-04,T,18.309999465942383,18.3799991607666,18.219999313354492,18.270000457763672,14.985420227050781,28287800.0
2022-08-05,T,18.270000457763672,18.360000610351562,18.09000015258789,18.350000381469727,15.051039695739746,32726400.0
2022-08-08,T,18.360000610351562,18.40999984741211,18.0,18.0,14.76396369934082,44042500.0
2022-08-09,T,18.040000915527344,18.219999313354492,18.040000915527344,18.100000381469727,14.845983505249023,33257500.0
2022-08-10,T,18.219999313354492,18.25,17.989999771118164,18.010000228881836,14.772161483764648,50229500.0
2022-08-11,T,18.059999465942383,18.170000076293945,18.010000228881836,18.040000915527344,14.796771049499512,40798900.0
2022-08-12,T,18.100000381469727,18.270000457763672,18.09000015258789,18.270000457763672,14.985420227050781,25822300.0
2022-08-15,T,18.190000534057617,18.459999084472656,18.190000534057617,18.389999389648438,15.083847999572754,28845400.0
2022-08-16,T,18.3700008392334,18.700000762939453,18.3700008392334,18.56999969482422,15.231486320495605,34241000.0
2022-08-17,T,18.420000076293945,18.610000610351562,18.31999969482422,18.420000076293945,15.108453750610352,23772300.0
2022-08-18,T,18.260000228881836,18.530000686645508,18.18000030517578,18.43000030517578,15.116659164428711,33817400.0
2022-08-19,T,18.3799991607666,18.510000228881836,18.31999969482422,18.43000030517578,15.116659164428711,27161400.0
2022-08-22,T,18.309999465942383,18.329999923706055,18.06999969482422,18.1299991607666,14.870588302612305,32057100.0
2022-08-23,T,18.110000610351562,18.190000534057617,18.020000457763672,18.059999465942383,14.8131742477417,27298200.0
2022-08-24,T,18.06999969482422,18.06999969482422,17.860000610351562,18.010000228881836,14.772161483764648,30647700.0
2022-08-25,T,18.049999237060547,18.100000381469727,17.940000534057617,18.09000015258789,14.837779998779297,25198600.0
2022-08-26,T,18.020000457763672,18.09000015258789,17.850000381469727,17.889999389648438,14.673739433288574,30590700.0
2022-08-29,T,17.809999465942383,17.920000076293945,17.709999084472656,17.780000686645508,14.583512306213379,25465400.0
2022-08-30,T,17.809999465942383,17.899999618530273,17.75,17.81999969482422,14.616321563720703,32481900.0
2022-08-31,T,17.81999969482422,17.860000610351562,17.510000228881836,17.540000915527344,14.386659622192383,46669900.0
2022-09-01,T,17.489999771118164,17.670000076293945,17.40999984741211,17.5,14.353851318359375,30623200.0
2022-09-02,T,17.56999969482422,17.610000610351562,17.15999984741211,17.190000534057617,14.099586486816406,36489600.0
2022-09-06,T,17.200000762939453,17.229999542236328,16.780000686645508,16.790000915527344,13.77149772644043,57232600.0
2022-09-07,T,16.760000228881836,17.139999389648438,16.68000030517578,16.8700008392334,13.837113380432129,55566600.0
2022-09-08,T,16.860000610351562,16.93000030517578,16.700000762939453,16.770000457763672,13.755090713500977,49770900.0
2022-09-09,T,16.920000076293945,17.06999969482422,16.860000610351562,17.030000686645508,13.968347549438477,55081300.0
2022-09-12,T,17.06999969482422,17.399999618530273,17.030000686645508,17.3799991607666,14.255424499511719,43425000.0
2022-09-13,T,17.18000030517578,17.31999969482422,16.780000686645508,16.829999923706055,13.804305076599121,42274600.0
2022-09-14,T,16.889999389648438,16.920000076293945,16.700000762939453,16.770000457763672,13.755090713500977,41000300.0
2022-09-15,T,16.829999923706055,16.920000076293945,16.6299991607666,16.760000228881836,13.746888160705566,38637300.0
2022-09-16,T,16.670000076293945,16.809999465942383,16.549999237060547,16.739999771118164,13.730484962463379,69825900.0
2022-09-19,T,16.6299991607666,16.860000610351562,16.579999923706055,16.760000228881836,13.746888160705566,33805300.0
2022-09-20,T,16.649999618530273,16.649999618530273,16.459999084472656,16.559999465942383,13.582843780517578,36187500.0
2022-09-21,T,16.579999923706055,16.65999984741211,16.25,16.25,13.32857608795166,38815600.0
2022-09-22,T,16.260000228881836,16.3799991607666,16.139999389648438,16.239999771118164,13.32037353515625,37800400.0
2022-09-23,T,16.100000381469727,16.1299991607666,15.850000381469727,16.010000228881836,13.131723403930664,46225600.0
2022-09-26,T,15.90999984741211,15.979999542236328,15.579999923706055,15.670000076293945,12.852849006652832,46841200.0
2022-09-27,T,15.8100004196167,16.030000686645508,15.670000076293945,15.729999542236328,12.902063369750977,41183400.0
2022-09-28,T,15.779999732971191,15.920000076293945,15.710000038146973,15.829999923706055,12.984084129333496,42670800.0
2022-09-29,T,15.670000076293945,15.75,15.40999984741211,15.529999732971191,12.738018035888672,51308300.0
2022-09-30,T,15.529999732971191,15.680000305175781,15.34000015258789,15.34000015258789,12.582176208496094,63932700.0
2022-10-03,T,15.729999542236328,16.18000030517578,15.65999984741211,15.899999618530273,13.041500091552734,59540500.0
2022-10-04,T,15.989999771118164,16.149999618530273,15.890000343322754,16.09000015258789,13.19734001159668,46876200.0
2022-10-05,T,15.970000267028809,16.139999389648438,15.760000228881836,15.930000305175781,13.066106796264648,38250100.0
2022-10-06,T,15.640000343322754,15.8100004196167,15.3100004196167,15.319999694824219,12.788956642150879,52923900.0
2022-10-07,T,15.229999542236328,15.239999771118164,14.899999618530273,14.9399995803833,12.471735954284668,53446900.0
2022-10-10,T,15.0,15.130000114440918,14.760000228881836,14.899999618530273,12.43834400177002,43852600.0
2022-10-11,T,14.850000381469727,14.90999984741211,14.680000305175781,14.8100004196167,12.363214492797852,49661500.0
2022-10-12,T,14.760000228881836,14.9399995803833,14.619999885559082,14.630000114440918,12.212953567504883,46719600.0
2022-10-13,T,14.489999771118164,15.149999618530273,14.460000038146973,15.119999885559082,12.621997833251953,60354500.0
2022-10-14,T,15.1899995803833,15.270000457763672,14.970000267028809,14.989999771118164,12.51347541809082,47185600.0
2022-10-17,T,15.140000343322754,15.399999618530273,15.079999923706055,15.3100004196167,12.780609130859375,44240700.0
2022-10-18,T,15.5600004196167,15.699999809265137,15.449999809265137,15.600000381469727,13.022697448730469,49420200.0
2022-10-19,T,15.460000038146973,15.760000228881836,15.399999618530273,15.539999961853027,12.972609519958496,47349100.0
2022-10-20,T,16.209999084472656,17.15999984741211,16.1200008392334,16.739999771118164,13.974358558654785,117495700.0
2022-10-21,T,16.829999923706055,17.399999618530273,16.770000457763672,17.100000381469727,14.274880409240723,81050700.0
2022-10-24,T,17.43000030517578,17.850000381469727,17.389999389648438,17.510000228881836,14.617141723632812,69196500.0
2022-10-25,T,17.530000686645508,17.889999389648438,17.5,17.690000534057617,14.767404556274414,58235100.0
2022-10-26,T,17.850000381469727,18.239999771118164,17.760000228881836,18.139999389648438,15.143058776855469,65157700.0
2022-10-27,T,18.350000381469727,18.350000381469727,17.989999771118164,18.030000686645508,15.051231384277344,53975500.0
2022-10-28,T,18.280000686645508,18.59000015258789,18.229999542236328,18.479999542236328,15.426886558532715,55833900.0
2022-10-31,T,18.350000381469727,18.389999389648438,18.1299991607666,18.229999542236328,15.21818733215332,47573900.0
2022-11-01,T,18.56999969482422,18.579999923706055,18.239999771118164,18.350000381469727,15.318365097045898,48025700.0
2022-11-02,T,18.270000457763672,18.799999237060547,18.270000457763672,18.43000030517578,15.385149955749512,49201100.0
2022-11-03,T,18.170000076293945,18.329999923706055,18.06999969482422,18.170000076293945,15.168103218078613,41249400.0
2022-11-04,T,18.34000015258789,18.40999984741211,18.09000015258789,18.31999969482422,15.293320655822754,39458700.0
2022-11-07,T,18.34000015258789,18.399999618530273,18.149999618530273,18.360000610351562,15.326711654663086,39985200.0
2022-11-08,T,18.3799991607666,18.729999542236328,18.299999237060547,18.56999969482422,15.502019882202148,43210400.0
2022-11-09,T,18.479999542236328,18.719999313354492,18.3799991607666,18.3799991607666,15.343408584594727,41838400.0
2022-11-10,T,18.829999923706055,18.969999313354492,18.579999923706055,18.84000015258789,15.727409362792969,46482700.0
2022-11-11,T,18.81999969482422,19.1299991607666,18.780000686645508,19.049999237060547,15.902713775634766,52519500.0
2022-11-14,T,19.079999923706055,19.360000610351562,19.040000915527344,19.059999465942383,15.911065101623535,37316500.0
2022-11-15,T,19.1200008392334,19.389999389648438,18.809999465942383,19.020000457763672,15.87767505645752,49339300.0
2022-11-16,T,19.0,19.049999237060547,18.780000686645508,18.93000030517578,15.802544593811035,32155400.0
2022-11-17,T,18.709999084472656,18.989999771118164,18.520000457763672,18.950000762939453,15.819238662719727,36007800.0
2022-11-18,T,19.040000915527344,19.1200008392334,18.920000076293945,18.969999313354492,15.835933685302734,34211300.0
2022-11-21,T,18.979999542236328,19.079999923706055,18.760000228881836,18.84000015258789,15.727409362792969,31911400.0
2022-11-22,T,18.899999618530273,19.040000915527344,18.889999389648438,19.0,15.860978126525879,33771000.0
2022-11-23,T,18.93000030517578,19.110000610351562,18.889999389648438,19.09000015258789,15.936108589172363,21486000.0
2022-11-25,T,19.170000076293945,19.290000915527344,19.06999969482422,19.1200008392334,15.961150169372559,13782700.0
2022-11-28,T,19.100000381469727,19.149999618530273,18.770000457763672,18.81999969482422,15.710718154907227,27780200.0
2022-11-29,T,18.790000915527344,19.030000686645508,18.75,19.010000228881836,15.869325637817383,24088000.0
2022-11-30,T,18.940000534057617,19.280000686645508,18.799999237060547,19.280000686645508,16.094715118408203,59293400.0
2022-12-01,T,19.290000915527344,19.399999618530273,19.09000015258789,19.190000534057617,16.019590377807617,31615500.0
2022-12-02,T,19.049999237060547,19.059999465942383,18.860000610351562,19.020000457763672,15.87767505645752,33479600.0
2022-12-05,T,18.920000076293945,18.979999542236328,18.690000534057617,18.75,15.652281761169434,28698000.0
2022-12-06,T,18.889999389648438,19.18000030517578,18.809999465942383,19.170000076293945,16.002891540527344,45858100.0
2022-12-07,T,19.049999237060547,19.420000076293945,19.0,19.299999237060547,16.111412048339844,45381000.0
2022-12-08,T,19.43000030517578,19.520000457763672,19.020000457763672,19.1200008392334,15.961150169372559,45761100.0
2022-12-09,T,19.06999969482422,19.350000381469727,19.030000686645508,19.09000015258789,15.936108589172363,29815600.0
2022-12-12,T,19.139999389648438,19.309999465942383,19.06999969482422,19.299999237060547,16.111412048339844,31333500.0
2022-12-13,T,19.40999984741211,19.5,19.06999969482422,19.1200008392334,15.961150169372559,54142100.0
2022-12-14,T,19.049999237060547,19.100000381469727,18.760000228881836,18.899999618530273,15.777497291564941,44027700.0
2022-12-15,T,18.639999389648438,18.809999465942383,18.360000610351562,18.469999313354492,15.418539047241211,47277400.0
2022-12-16,T,18.360000610351562,18.510000228881836,18.219999313354492,18.489999771118164,15.435237884521484,76412500.0
2022-12-19,T,18.270000457763672,18.31999969482422,17.639999389648438,17.860000610351562,14.909323692321777,62216900.0
2022-12-20,T,17.850000381469727,18.09000015258789,17.829999923706055,18.06999969482422,15.084623336791992,40922700.0
2022-12-21,T,18.18000030517578,18.270000457763672,18.06999969482422,18.149999618530273,15.151410102844238,42316200.0
2022-12-22,T,18.010000228881836,18.280000686645508,17.920000076293945,18.270000457763672,15.251582145690918,32615000.0
2022-12-23,T,18.170000076293945,18.31999969482422,18.100000381469727,18.309999465942383,15.284974098205566,25164100.0
2022-12-27,T,18.25,18.520000457763672,18.219999313354492,18.459999084472656,15.41019058227539,30382500.0
2022-12-28,T,18.450000762939453,18.549999237060547,18.190000534057617,18.219999313354492,15.209842681884766,26632300.0
2022-12-29,T,18.270000457763672,18.549999237060547,18.239999771118164,18.450000762939453,15.401844024658203,23765900.0
2022-12-30,T,18.420000076293945,18.479999542236328,18.219999313354492,18.40999984741211,15.368453025817871,26204200.0
2023-01-03,T,18.510000228881836,18.850000381469727,18.40999984741211,18.739999771118164,15.643932342529297,42149200.0
2023-01-04,T,18.8700008392334,19.3700008392334,18.809999465942383,19.139999389648438,15.977848052978516,43926800.0
2023-01-05,T,19.139999389648438,19.31999969482422,18.959999084472656,19.209999084472656,16.036283493041992,31081800.0
2023-01-06,T,19.350000381469727,19.790000915527344,19.34000015258789,19.530000686645508,16.30341911315918,36050300.0
2023-01-09,T,19.239999771118164,19.239999771118164,18.979999542236328,19.040000915527344,16.123884201049805,51981100.0
2023-01-10,T,19.350000381469727,19.479999542236328,19.200000762939453,19.469999313354492,16.488025665283203,32869500.0
2023-01-11,T,19.469999313354492,19.489999771118164,19.25,19.40999984741211,16.43721580505371,30010200.0
2023-01-12,T,19.479999542236328,19.56999969482422,19.3700008392334,19.40999984741211,16.43721580505371,31740400.0
2023-01-13,T,19.389999389648438,19.59000015258789,19.290000915527344,19.549999237060547,16.55577278137207,25480000.0
2023-01-17,T,19.549999237060547,19.56999969482422,19.270000457763672,19.329999923706055,16.369468688964844,38801000.0
2023-01-18,T,19.290000915527344,19.329999923706055,18.969999313354492,19.020000457763672,16.106948852539062,38023700.0
2023-01-19,T,18.93000030517578,19.020000457763672,18.790000915527344,18.940000534057617,16.039199829101562,40180800.0
2023-01-20,T,18.959999084472656,19.229999542236328,18.770000457763672,19.229999542236328,16.284786224365234,37836600.0
2023-01-23,T,19.229999542236328,19.399999618530273,18.979999542236328,19.100000381469727,16.17469596862793,32890800.0
2023-01-24,T,18.969999313354492,21.530000686645508,18.700000762939453,19.15999984741211,16.225507736206055,32858500.0
2023-01-25,T,19.75,20.479999542236328,19.739999771118164,20.420000076293945,17.292524337768555,73582100.0
2023-01-26,T,20.270000457763672,20.31999969482422,19.809999465942383,20.0,16.936851501464844,47400900.0
2023-01-27,T,19.950000762939453,20.100000381469727,19.809999465942383,19.950000762939453,16.89451789855957,37094000.0
2023-01-30,T,19.920000076293945,20.260000228881836,19.889999389648438,20.15999984741211,17.072345733642578,37246000.0
2023-01-31,T,20.15999984741211,20.3799991607666,20.06999969482422,20.3700008392334,17.250185012817383,36575900.0
2023-02-01,T,20.469999313354492,20.5,20.06999969482422,20.18000030517578,17.08928680419922,40172500.0
2023-02-02,T,20.100000381469727,20.489999771118164,20.040000915527344,20.280000686645508,17.17397117614746,34968800.0
2023-02-03,T,20.219999313354492,20.260000228881836,19.770000457763672,19.829999923706055,16.792890548706055,31599900.0
2023-02-06,T,19.75,19.760000228881836,19.489999771118164,19.579999923706055,16.581178665161133,30929800.0
2023-02-07,T,19.489999771118164,19.540000915527344,19.09000015258789,19.25,16.30171775817871,36534400.0
2023-02-08,T,19.09000015258789,19.219999313354492,19.020000457763672,19.15999984741211,16.225507736206055,29805200.0
2023-02-09,T,19.209999084472656,19.25,18.889999389648438,18.969999313354492,16.064603805541992,28320900.0
2023-02-10,T,19.030000686645508,19.110000610351562,18.829999923706055,19.06999969482422,16.1492862701416,24931200.0
2023-02-13,T,19.010000228881836,19.31999969482422,18.989999771118164,19.260000228881836,16.310190200805664,21668700.0
2023-02-14,T,19.299999237060547,19.350000381469727,19.030000686645508,19.149999618530273,16.2170352935791,23195200.0
2023-02-15,T,19.010000228881836,19.270000457763672,18.989999771118164,19.25,16.30171775817871,31145400.0
2023-02-16,T,19.040000915527344,19.420000076293945,18.93000030517578,19.260000228881836,16.310190200805664,35161100.0
2023-02-17,T,19.260000228881836,19.510000228881836,19.1299991607666,19.440000534057617,16.462621688842773,29997500.0
2023-02-21,T,19.219999313354492,19.360000610351562,19.1299991607666,19.209999084472656,16.267847061157227,28220300.0
2023-02-22,T,19.219999313354492,19.43000030517578,19.219999313354492,19.3799991607666,16.411808013916016,25308800.0
2023-02-23,T,19.420000076293945,19.579999923706055,19.260000228881836,19.350000381469727,16.386404037475586,24845800.0
2023-02-24,T,19.260000228881836,19.270000457763672,18.979999542236328,19.239999771118164,16.293251037597656,29138100.0
2023-02-27,T,19.299999237060547,19.34000015258789,19.010000228881836,19.030000686645508,16.115415573120117,22981100.0
2023-02-28,T,19.020000457763672,19.030000686645508,18.84000015258789,18.90999984741211,16.013795852661133,34154800.0
2023-03-01,T,18.829999923706055,18.860000610351562,18.559999465942383,18.65999984741211,15.802080154418945,23339900.0
2023-03-02,T,18.530000686645508,18.75,18.5,18.65999984741211,15.802080154418945,24184800.0
2023-03-03,T,18.700000762939453,18.850000381469727,18.670000076293945,18.809999465942383,15.929112434387207,23501500.0
2023-03-06,T,18.850000381469727,18.959999084472656,18.770000457763672,18.770000457763672,15.89523696899414,24072100.0
2023-03-07,T,18.799999237060547,18.93000030517578,18.600000381469727,18.709999084472656,15.844425201416016,27944000.0
2023-03-08,T,18.56999969482422,18.639999389648438,18.18000030517578,18.610000610351562,15.75974178314209,31510300.0
2023-03-09,T,18.700000762939453,18.700000762939453,18.309999465942383,18.31999969482422,15.51415729522705,24711100.0
2023-03-10,T,18.280000686645508,18.489999771118164,18.239999771118164,18.43000030517578,15.60731029510498,32018500.0
2023-03-13,T,18.270000457763672,18.65999984741211,18.219999313354492,18.299999237060547,15.49721908569336,39835000.0
2023-03-14,T,18.3700008392334,18.510000228881836,18.209999084472656,18.440000534057617,15.615781784057617,32076200.0
2023-03-15,T,18.200000762939453,18.34000015258789,18.059999465942383,18.309999465942383,15.505688667297363,34436400.0
2023-03-16,T,18.229999542236328,18.43000030517578,18.06999969482422,18.389999389648438,15.57343864440918,31731800.0
2023-03-17,T,18.31999969482422,18.350000381469727,18.030000686645508,18.1299991607666,15.353256225585938,58728600.0
2023-03-20,T,18.270000457763672,18.579999923706055,18.219999313354492,18.489999771118164,15.658123016357422,27382100.0
2023-03-21,T,18.68000030517578,18.719999313354492,18.43000030517578,18.540000915527344,15.70046329498291,24313200.0
2023-03-22,T,18.610000610351562,18.719999313354492,18.3799991607666,18.389999389648438,15.57343864440918,21071100.0
2023-03-23,T,18.40999984741211,18.56999969482422,18.34000015258789,18.459999084472656,15.632715225219727,28957800.0
2023-03-24,T,18.450000762939453,18.65999984741211,18.350000381469727,18.610000610351562,15.75974178314209,32058000.0
2023-03-27,T,18.739999771118164,18.950000762939453,18.700000762939453,18.8700008392334,15.9799222946167,26650500.0
2023-03-28,T,18.84000015258789,18.989999771118164,18.719999313354492,18.719999313354492,15.85289478302002,21547200.0
2023-03-29,T,18.860000610351562,19.049999237060547,18.829999923706055,19.0,16.090011596679688,23149400.0
2023-03-30,T,19.010000228881836,19.139999389648438,18.979999542236328,19.079999923706055,16.157756805419922,19736300.0
2023-03-31,T,19.1200008392334,19.25,19.030000686645508,19.25,16.30171775817871,27130900.0
2023-04-03,T,19.270000457763672,19.479999542236328,19.200000762939453,19.389999389648438,16.420278549194336,31102500.0
2023-04-04,T,19.520000457763672,19.649999618530273,19.389999389648438,19.639999389648438,16.631986618041992,34207600.0
2023-04-05,T,19.6200008392334,19.93000030517578,19.59000015258789,19.8799991607666,16.83523178100586,38673200.0
2023-04-06,T,19.649999618530273,19.790000915527344,19.510000228881836,19.649999618530273,16.87645721435547,29722600.0
2023-04-10,T,19.469999313354492,19.600000381469727,19.420000076293945,19.56999969482422,16.80774688720703,23617500.0
2023-04-11,T,19.59000015258789,19.90999984741211,19.579999923706055,19.690000534057617,16.910812377929688,24664800.0
2023-04-12,T,19.790000915527344,19.8799991607666,19.649999618530273,19.770000457763672,16.979520797729492,28179500.0
2023-04-13,T,19.850000381469727,19.979999542236328,19.65999984741211,19.959999084472656,17.142702102661133,25253900.0
2023-04-14,T,19.950000762939453,19.989999771118164,19.770000457763672,19.93000030517578,17.11693572998047,24948400.0
2023-04-17,T,19.899999618530273,19.920000076293945,19.649999618530273,19.790000915527344,16.99669647216797,23443900.0
2023-04-18,T,19.829999923706055,19.8700008392334,19.649999618530273,19.81999969482422,17.0224609375,28517400.0
2023-04-19,T,19.780000686645508,19.829999923706055,19.610000610351562,19.700000762939453,16.919401168823242,31537200.0
2023-04-20,T,18.709999084472656,18.719999313354492,17.559999465942383,17.649999618530273,15.158751487731934,129904800.0
2023-04-21,T,17.8700008392334,18.399999618530273,17.829999923706055,18.219999313354492,15.648294448852539,76810200.0
2023-04-24,T,18.09000015258789,18.1200008392334,17.510000228881836,17.530000686645508,15.055686950683594,60001400.0
2023-04-25,T,17.510000228881836,17.770000457763672,17.450000762939453,17.510000228881836,15.038514137268066,46691800.0
2023-04-26,T,17.389999389648438,17.65999984741211,17.190000534057617,17.200000762939453,14.772269248962402,42482900.0
2023-04-27,T,17.3799991607666,17.6299991607666,17.360000610351562,17.610000610351562,15.12440013885498,36926900.0
2023-04-28,T,17.420000076293945,17.75,17.3799991607666,17.670000076293945,15.17593002319336,40675800.0
2023-05-01,T,17.739999771118164,17.760000228881836,17.489999771118164,17.5,15.029924392700195,35510200.0
2023-05-02,T,17.360000610351562,17.43000030517578,17.030000686645508,17.06999969482422,14.660615921020508,39398100.0
2023-05-03,T,17.149999618530273,17.25,17.06999969482422,17.09000015258789,14.677794456481934,32213100.0
2023-05-04,T,17.020000457763672,17.079999923706055,16.850000381469727,16.90999984741211,14.523201942443848,27422700.0
2023-05-05,T,16.979999542236328,17.1299991607666,16.8799991607666,17.1299991607666,14.71214771270752,23712300.0
2023-05-08,T,17.010000228881836,17.170000076293945,16.950000762939453,17.1200008392334,14.703559875488281,32091000.0
2023-05-09,T,17.100000381469727,17.110000610351562,16.90999984741211,17.020000457763672,14.617671966552734,29058400.0
2023-05-10,T,17.059999465942383,17.100000381469727,16.860000610351562,17.040000915527344,14.634851455688477,32892400.0
2023-05-11,T,16.950000762939453,17.0,16.8799991607666,16.959999084472656,14.566141128540039,21332600.0
2023-05-12,T,17.0,17.190000534057617,16.950000762939453,17.030000686645508,14.626261711120605,27280600.0
2023-05-15,T,17.0,17.100000381469727,16.940000534057617,16.950000762939453,14.557555198669434,28697300.0
2023-05-16,T,16.93000030517578,16.940000534057617,16.510000228881836,16.530000686645508,14.196837425231934,31200300.0
2023-05-17,T,16.65999984741211,16.75,16.549999237060547,16.65999984741211,14.308485984802246,34154700.0
2023-05-18,T,16.600000381469727,16.649999618530273,16.3700008392334,16.549999237060547,14.214012145996094,39142000.0
2023-05-19,T,16.59000015258789,16.649999618530273,16.290000915527344,16.309999465942383,14.007887840270996,46679400.0
2023-05-22,T,16.350000381469727,16.43000030517578,16.15999984741211,16.3799991607666,14.068009376525879,42251600.0
2023-05-23,T,16.260000228881836,16.299999237060547,16.06999969482422,16.100000381469727,13.827530860900879,45314800.0
2023-05-24,T,16.110000610351562,16.1200008392334,15.949999809265137,15.949999809265137,13.698700904846191,34236900.0
2023-05-25,T,15.670000076293945,15.670000076293945,15.0,15.149999618530273,13.011617660522461,102758200.0
2023-05-26,T,15.229999542236328,15.619999885559082,15.180000305175781,15.5,13.31221866607666,50164900.0
2023-05-30,T,15.489999771118164,15.6899995803833,15.420000076293945,15.640000343322754,13.43245792388916,35346700.0
2023-05-31,T,15.65999984741211,15.869999885559082,15.619999885559082,15.729999542236328,13.509754180908203,70109400.0
2023-06-01,T,15.75,15.869999885559082,15.630000114440918,15.8100004196167,13.578462600708008,31363800.0
2023-06-02,T,15.079999923706055,15.420000076293945,14.850000381469727,15.210000038146973,13.063151359558105,105292900.0
2023-06-05,T,15.329999923706055,15.489999771118164,15.25,15.390000343322754,13.217743873596191,39528300.0
2023-06-06,T,15.460000038146973,15.75,15.359999656677246,15.670000076293945,13.458222389221191,39037200.0
2023-06-07,T,15.630000114440918,16.1200008392334,15.569999694824219,16.100000381469727,13.827530860900879,43584200.0
2023-06-08,T,16.040000915527344,16.079999923706055,15.880000114440918,16.06999969482422,13.801763534545898,32833700.0
2023-06-09,T,16.010000228881836,16.1299991607666,15.90999984741211,15.949999809265137,13.698700904846191,24666300.0
2023-06-12,T,15.949999809265137,16.0,15.819999694824219,15.930000305175781,13.681524276733398,27517900.0
2023-06-13,T,15.800000190734863,15.970000267028809,15.680000305175781,15.819999694824219,13.58704948425293,41578200.0
2023-06-14,T,15.899999618530273,16.020000457763672,15.819999694824219,15.84000015258789,13.604228973388672,26782400.0
2023-06-15,T,15.880000114440918,16.100000381469727,15.789999961853027,16.030000686645508,13.767411231994629,30535200.0
2023-06-16,T,16.100000381469727,16.1299991607666,15.960000038146973,16.059999465942383,13.793174743652344,64149000.0
2023-06-20,T,16.020000457763672,16.079999923706055,15.770000457763672,15.779999732971191,13.552696228027344,35360500.0
2023-06-21,T,15.699999809265137,15.720000267028809,15.489999771118164,15.609999656677246,13.406691551208496,40676400.0
2023-06-22,T,15.569999694824219,15.640000343322754,15.470000267028809,15.579999923706055,13.380927085876465,30272800.0
2023-06-23,T,15.630000114440918,15.729999542236328,15.420000076293945,15.449999809265137,13.26927661895752,37408500.0
2023-06-26,T,15.460000038146973,15.649999618530273,15.430000305175781,15.630000114440918,13.423870086669922,28616600.0
2023-06-27,T,15.550000190734863,15.890000343322754,15.529999732971191,15.84000015258789,13.604228973388672,31457000.0
2023-06-28,T,15.8100004196167,15.84000015258789,15.609999656677246,15.779999732971191,13.552696228027344,26156400.0
2023-06-29,T,15.739999771118164,16.010000228881836,15.739999771118164,15.979999542236328,13.724465370178223,27298300.0
2023-06-30,T,16.0,16.040000915527344,15.829999923706055,15.949999809265137,13.698700904846191,40465300.0
2023-07-03,T,15.949999809265137,16.1200008392334,15.949999809265137,16.1200008392334,13.844707489013672,18424200.0
2023-07-05,T,16.079999923706055,16.229999542236328,16.0,16.06999969482422,13.801763534545898,32988100.0
2023-07-06,T,16.010000228881836,16.030000686645508,15.84000015258789,15.869999885559082,13.629993438720703,33325300.0
2023-07-07,T,15.539999961853027,15.75,15.529999732971191,15.609999656677246,13.645729064941406,28998300.0
2023-07-10,T,15.520000457763672,15.550000190734863,15.220000267028809,15.270000457763672,13.348511695861816,45305500.0
2023-07-11,T,15.289999961853027,15.350000381469727,15.109999656677246,15.229999542236328,13.313546180725098,39688000.0
2023-07-12,T,15.239999771118164,15.270000457763672,15.100000381469727,15.119999885559082,13.217385292053223,46478300.0
2023-07-13,T,15.140000343322754,15.170000076293945,15.010000228881836,15.119999885559082,13.217385292053223,40508200.0
2023-07-14,T,14.800000190734863,14.8100004196167,14.289999961853027,14.5,12.67540454864502,101745400.0
2023-07-17,T,14.119999885559082,14.210000038146973,13.479999542236328,13.529999732971191,11.827462196350098,160933400.0
2023-07-18,T,13.529999732971191,13.989999771118164,13.430000305175781,13.449999809265137,11.757530212402344,132538700.0
2023-07-19,T,14.319999694824219,14.640000343322754,14.270000457763672,14.59000015258789,12.75407886505127,142144700.0
2023-07-20,T,14.59000015258789,14.65999984741211,14.449999809265137,14.65999984741211,12.81527042388916,76867900.0
2023-07-21,T,14.609999656677246,14.779999732971191,14.600000381469727,14.760000228881836,12.902688026428223,49225400.0
2023-07-24,T,14.779999732971191,15.09000015258789,14.779999732971191,14.949999809265137,13.068778991699219,49475700.0
2023-07-25,T,15.079999923706055,15.109999656677246,14.720000267028809,14.800000190734863,12.937654495239258,59669800.0
2023-07-26,T,14.90999984741211,14.970000267028809,14.529999732971191,14.890000343322754,13.016328811645508,63191500.0
2023-07-27,T,14.890000343322754,14.920000076293945,14.5,14.510000228881836,12.684146881103516,65496000.0
2023-07-28,T,14.59000015258789,14.670000076293945,14.4399995803833,14.449999809265137,12.631695747375488,51420600.0
2023-07-31,T,14.460000038146973,14.59000015258789,14.40999984741211,14.520000457763672,12.692888259887695,47585600.0
2023-08-01,T,14.5600004196167,14.569999694824219,14.260000228881836,14.300000190734863,12.500569343566895,46296400.0
2023-08-02,T,14.289999961853027,14.5600004196167,14.210000038146973,14.350000381469727,12.544280052185059,41739100.0
2023-08-03,T,14.239999771118164,14.260000228881836,14.029999732971191,14.09000015258789,12.316997528076172,40781600.0
2023-08-04,T,14.050000190734863,14.109999656677246,14.0,14.0,12.238321304321289,38965000.0
2023-08-07,T,14.010000228881836,14.09000015258789,13.890000343322754,14.010000228881836,12.247063636779785,38109900.0
2023-08-08,T,13.9399995803833,14.199999809265137,13.9399995803833,14.180000305175781,12.395669937133789,39075100.0
2023-08-09,T,14.170000076293945,14.350000381469727,14.149999618530273,14.270000457763672,12.474346160888672,33951700.0
2023-08-10,T,14.289999961853027,14.350000381469727,14.170000076293945,14.170000076293945,12.38692855834961,33556400.0
2023-08-11,T,14.149999618530273,14.399999618530273,14.119999885559082,14.369999885559082,12.561762809753418,31237100.0
2023-08-14,T,14.3100004196167,14.369999885559082,14.180000305175781,14.260000228881836,12.465606689453125,26901400.0
2023-08-15,T,14.199999809265137,14.210000038146973,14.100000381469727,14.140000343322754,12.360706329345703,26393600.0
2023-08-16,T,14.149999618530273,14.1899995803833,14.010000228881836,14.100000381469727,12.325737953186035,29440300.0
2023-08-17,T,14.130000114440918,14.15999984741211,13.989999771118164,14.010000228881836,12.247063636779785,36036700.0
2023-08-18,T,13.970000267028809,14.140000343322754,13.949999809265137,14.050000190734863,12.282029151916504,32213600.0
2023-08-21,T,14.020000457763672,14.140000343322754,13.920000076293945,14.100000381469727,12.325737953186035,47841400.0
2023-08-22,T,14.09000015258789,14.319999694824219,14.029999732971191,14.260000228881836,12.465606689453125,43191500.0
2023-08-23,T,14.260000228881836,14.350000381469727,14.140000343322754,14.15999984741211,12.378188133239746,29371100.0
2023-08-24,T,14.039999961853027,14.279999732971191,14.039999961853027,14.149999618530273,12.36944580078125,29780100.0
2023-08-25,T,14.170000076293945,14.210000038146973,14.050000190734863,14.109999656677246,12.334478378295898,22107700.0
2023-08-28,T,14.180000305175781,14.270000457763672,14.109999656677246,14.210000038146973,12.421897888183594,30173700.0
2023-08-29,T,14.449999809265137,14.8100004196167,14.449999809265137,14.770000457763672,12.911429405212402,45429000.0
2023-08-30,T,14.880000114440918,14.989999771118164,14.699999809265137,14.729999542236328,12.876462936401367,26065300.0
2023-08-31,T,14.800000190734863,14.880000114440918,14.699999809265137,14.789999961853027,12.928913116455078,45406200.0
2023-09-01,T,14.8100004196167,14.859999656677246,14.640000343322754,14.649999618530273,12.80652904510498,20292900.0
2023-09-05,T,14.649999618530273,14.75,14.470000267028809,14.479999542236328,12.65792179107666,28402900.0
2023-09-06,T,14.430000305175781,14.75,14.319999694824219,14.609999656677246,12.771562576293945,43010100.0
2023-09-07,T,14.600000381469727,14.760000228881836,14.550000190734863,14.609999656677246,12.771562576293945,30699100.0
2023-09-08,T,14.609999656677246,14.609999656677246,14.359999656677246,14.399999618530273,12.587986946105957,28281300.0
2023-09-11,T,14.470000267028809,14.59000015258789,14.4399995803833,14.520000457763672,12.692888259887695,28625000.0
2023-09-12,T,14.529999732971191,14.569999694824219,14.380000114440918,14.460000038146973,12.640438079833984,27383300.0
2023-09-13,T,14.550000190734863,14.680000305175781,14.470000267028809,14.619999885559082,12.780304908752441,30916600.0
2023-09-14,T,14.899999618530273,15.15999984741211,14.869999885559082,15.0600004196167,13.164937019348145,55155000.0
2023-09-15,T,15.0,15.300000190734863,14.960000038146973,15.229999542236328,13.313546180725098,80594200.0
2023-09-18,T,15.170000076293945,15.220000267028809,15.020000457763672,15.09000015258789,13.191162109375,29972500.0
2023-09-19,T,15.0600004196167,15.25,15.050000190734863,15.210000038146973,13.296061515808105,33190500.0
2023-09-20,T,15.279999732971191,15.729999542236328,15.270000457763672,15.550000190734863,13.593278884887695,45303600.0
2023-09-21,T,15.40999984741211,15.539999961853027,15.289999961853027,15.3100004196167,13.383479118347168,33709200.0
2023-09-22,T,15.329999923706055,15.359999656677246,15.050000190734863,15.119999885559082,13.217385292053223,33964400.0
2023-09-25,T,15.050000190734863,15.109999656677246,14.850000381469727,15.0600004196167,13.164937019348145,30428700.0
2023-09-26,T,14.800000190734863,15.079999923706055,14.670000076293945,15.020000457763672,13.12997055053711,35412000.0
2023-09-27,T,15.010000228881836,15.010000228881836,14.800000190734863,14.869999885559082,12.998846054077148,27561600.0
2023-09-28,T,14.890000343322754,15.020000457763672,14.880000114440918,15.010000228881836,13.121228218078613,27817600.0
2023-09-29,T,15.039999961853027,15.100000381469727,14.90999984741211,15.020000457763672,13.12997055053711,29640900.0
2023-10-02,T,15.039999961853027,15.09000015258789,14.65999984741211,14.670000076293945,12.824012756347656,36600200.0
2023-10-03,T,14.670000076293945,14.819999694824219,14.579999923706055,14.779999732971191,12.920170783996582,36830800.0
2023-10-04,T,14.65999984741211,14.729999542236328,14.449999809265137,14.649999618530273,12.80652904510498,37089000.0
2023-10-05,T,14.630000114440918,14.880000114440918,14.630000114440918,14.829999923706055,12.963878631591797,32171500.0
2023-10-06,T,14.420000076293945,14.510000228881836,14.119999885559082,14.449999809265137,12.87300968170166,53313500.0
2023-10-09,T,14.470000267028809,14.75,14.460000038146973,14.729999542236328,13.122452735900879,30659800.0
2023-10-10,T,14.6899995803833,14.979999542236328,14.6899995803833,14.960000038146973,13.327350616455078,35746800.0
2023-10-11,T,14.949999809265137,15.050000190734863,14.680000305175781,14.770000457763672,13.158088684082031,31793500.0
2023-10-12,T,14.640000343322754,14.670000076293945,14.279999732971191,14.449999809265137,12.87300968170166,38543700.0
2023-10-13,T,14.479999542236328,14.630000114440918,14.319999694824219,14.359999656677246,12.792831420898438,34104500.0
2023-10-16,T,14.399999618530273,14.5,14.229999542236328,14.40999984741211,12.837376594543457,31727900.0
2023-10-17,T,14.319999694824219,14.59000015258789,14.289999961853027,14.579999923706055,12.988822937011719,34771800.0
2023-10-18,T,14.470000267028809,14.529999732971191,14.3100004196167,14.319999694824219,12.75719928741455,36230900.0
2023-10-19,T,15.369999885559082,15.65999984741211,15.15999984741211,15.260000228881836,13.594612121582031,97636500.0
2023-10-20,T,15.1899995803833,15.90999984741211,15.1899995803833,15.380000114440918,13.701515197753906,68058400.0
2023-10-23,T,15.369999885559082,15.380000114440918,14.859999656677246,14.949999809265137,13.31844425201416,53938600.0
2023-10-24,T,15.180000305175781,15.569999694824219,15.180000305175781,15.529999732971191,13.835144996643066,66404200.0
2023-10-25,T,15.5,15.59000015258789,15.069999694824219,15.1899995803833,13.532252311706543,42605800.0
2023-10-26,T,15.170000076293945,15.289999961853027,14.979999542236328,15.119999885559082,13.469889640808105,41165100.0
2023-10-27,T,15.100000381469727,15.180000305175781,14.739999771118164,14.819999694824219,13.202630996704102,35849200.0
2023-10-30,T,14.949999809265137,15.380000114440918,14.90999984741211,15.260000228881836,13.594612121582031,41832200.0
2023-10-31,T,15.279999732971191,15.4399995803833,15.25,15.399999618530273,13.71933364868164,33688400.0
2023-11-01,T,15.489999771118164,15.699999809265137,15.430000305175781,15.579999923706055,13.87968921661377,41502800.0
2023-11-02,T,15.619999885559082,15.779999732971191,15.5600004196167,15.729999542236328,14.013318061828613,35788800.0
2023-11-03,T,15.899999618530273,16.040000915527344,15.829999923706055,15.880000114440918,14.14694881439209,42807500.0
2023-11-06,T,15.829999923706055,15.899999618530273,15.640000343322754,15.75,14.031136512756348,32805500.0
2023-11-07,T,15.710000038146973,15.960000038146973,15.710000038146973,15.84000015258789,14.11131477355957,26425500.0
2023-11-08,T,15.84000015258789,15.84000015258789,15.579999923706055,15.649999618530273,13.942048072814941,28224500.0
2023-11-09,T,15.680000305175781,15.75,15.550000190734863,15.630000114440918,13.92423152923584,26080800.0
2023-11-10,T,15.680000305175781,15.739999771118164,15.460000038146973,15.640000343322754,13.933140754699707,23755800.0
2023-11-13,T,15.609999656677246,15.739999771118164,15.510000228881836,15.579999923706055,13.87968921661377,23876000.0
2023-11-14,T,15.699999809265137,15.75,15.520000457763672,15.630000114440918,13.92423152923584,31504200.0
2023-11-15,T,15.649999618530273,15.800000190734863,15.640000343322754,15.760000228881836,14.040044784545898,25233500.0
2023-11-16,T,15.880000114440918,15.930000305175781,15.75,15.880000114440918,14.14694881439209,26214200.0
2023-11-17,T,15.90999984741211,15.960000038146973,15.84000015258789,15.899999618530273,14.164765357971191,27162600.0
2023-11-20,T,15.899999618530273,16.170000076293945,15.850000381469727,16.100000381469727,14.342940330505371,30868000.0
2023-11-21,T,16.06999969482422,16.25,16.020000457763672,16.190000534057617,14.423117637634277,25680000.0
2023-11-22,T,16.25,16.280000686645508,16.100000381469727,16.170000076293945,14.405299186706543,21301600.0
2023-11-24,T,16.209999084472656,16.31999969482422,16.200000762939453,16.209999084472656,14.440932273864746,12431000.0
2023-11-27,T,16.190000534057617,16.270000457763672,16.09000015258789,16.209999084472656,14.440932273864746,29976200.0
2023-11-28,T,16.170000076293945,16.200000762939453,16.030000686645508,16.18000030517578,14.41420841217041,24258400.0
2023-11-29,T,16.190000534057617,16.329999923706055,16.149999618530273,16.299999237060547,14.521112442016602,26623500.0
2023-11-30,T,16.290000915527344,16.600000381469727,16.290000915527344,16.56999969482422,14.761645317077637,50630000.0
2023-12-01,T,16.600000381469727,16.770000457763672,16.520000457763672,16.760000228881836,14.930910110473633,35407200.0
2023-12-04,T,16.600000381469727,16.770000457763672,16.549999237060547,16.65999984741211,14.841822624206543,40542500.0
2023-12-05,T,16.979999542236328,17.34000015258789,16.959999084472656,17.219999313354492,15.34070873260498,72091000.0
2023-12-06,T,17.170000076293945,17.280000686645508,16.860000610351562,16.940000534057617,15.091267585754395,45867500.0
2023-12-07,T,17.020000457763672,17.1299991607666,16.899999618530273,17.09000015258789,15.224896430969238,31309100.0
2023-12-08,T,17.09000015258789,17.110000610351562,16.809999465942383,16.920000076293945,15.073448181152344,42137200.0
2023-12-11,T,16.90999984741211,16.940000534057617,16.530000686645508,16.6200008392334,14.80618953704834,43835000.0
2023-12-12,T,16.559999465942383,16.579999923706055,16.34000015258789,16.40999984741211,14.619108200073242,41348800.0
2023-12-13,T,16.329999923706055,16.5,16.100000381469727,16.450000762939453,14.654742240905762,53889700.0
2023-12-14,T,16.510000228881836,16.809999465942383,16.510000228881836,16.649999618530273,14.832915306091309,54485000.0
2023-12-15,T,16.520000457763672,16.65999984741211,16.450000762939453,16.520000457763672,14.717103004455566,65906500.0
2023-12-18,T,16.600000381469727,16.75,16.40999984741211,16.459999084472656,14.663651466369629,34621800.0
2023-12-19,T,16.43000030517578,16.6200008392334,16.40999984741211,16.610000610351562,14.797281265258789,28077400.0
2023-12-20,T,16.56999969482422,16.610000610351562,16.399999618530273,16.399999618530273,14.610199928283691,33476300.0
2023-12-21,T,16.469999313354492,16.510000228881836,16.350000381469727,16.489999771118164,14.690376281738281,36327900.0
2023-12-22,T,16.5,16.729999542236328,16.5,16.549999237060547,14.743829727172852,26740400.0
2023-12-26,T,16.5,16.610000610351562,16.440000534057617,16.56999969482422,14.761645317077637,22750400.0
2023-12-27,T,16.489999771118164,16.6200008392334,16.450000762939453,16.579999923706055,14.77055549621582,27728700.0
2023-12-28,T,16.540000915527344,16.8700008392334,16.530000686645508,16.739999771118164,14.913093566894531,32112900.0
2023-12-29,T,16.6299991607666,16.829999923706055,16.610000610351562,16.780000686645508,14.948728561401367,33285400.0
2024-01-02,T,16.84000015258789,17.3799991607666,16.829999923706055,17.25,15.36743450164795,47624300.0
2024-01-03,T,17.31999969482422,17.3799991607666,17.219999313354492,17.229999542236328,15.349615097045898,33612400.0
2024-01-04,T,17.260000228881836,17.299999237060547,17.149999618530273,17.149999618530273,15.278348922729492,35703700.0
2024-01-05,T,17.15999984741211,17.520000457763672,17.100000381469727,17.469999313354492,15.563423156738281,33311400.0
2024-01-08,T,17.450000762939453,17.489999771118164,17.239999771118164,17.31999969482422,15.429795265197754,41215100.0
2024-01-09,T,16.969999313354492,16.979999542236328,16.829999923706055,16.950000762939453,15.346500396728516,30338400.0
2024-01-10,T,16.899999618530273,16.899999618530273,16.760000228881836,16.8700008392334,15.274066925048828,26893800.0
2024-01-11,T,16.799999237060547,16.799999237060547,16.149999618530273,16.229999542236328,14.694611549377441,59137500.0
2024-01-12,T,16.34000015258789,16.6200008392334,16.329999923706055,16.479999542236328,14.9209623336792,32658900.0
2024-01-16,T,16.420000076293945,16.600000381469727,16.34000015258789,16.440000534057617,14.884747505187988,39033400.0
2024-01-17,T,16.3799991607666,16.6299991607666,16.350000381469727,16.40999984741211,14.857583999633789,39261000.0
2024-01-18,T,16.290000915527344,16.420000076293945,16.190000534057617,16.399999618530273,14.848531723022461,35127800.0
2024-01-19,T,16.65999984741211,16.780000686645508,16.399999618530273,16.670000076293945,15.092988014221191,52563000.0
2024-01-22,T,16.719999313354492,16.899999618530273,16.639999389648438,16.799999237060547,15.210687637329102,44093400.0
2024-01-23,T,17.040000915527344,17.25,16.979999542236328,17.190000534057617,15.563796043395996,59713000.0
2024-01-24,T,16.559999465942383,17.040000915527344,16.459999084472656,16.68000030517578,15.102043151855469,79217000.0
2024-01-25,T,16.770000457763672,17.190000534057617,16.690000534057617,17.18000030517578,15.554738998413086,54457900.0
2024-01-26,T,17.149999618530273,17.3799991607666,17.1200008392334,17.290000915527344,15.654336929321289,38567300.0
2024-01-29,T,17.219999313354492,17.280000686645508,17.049999237060547,17.25,15.618119239807129,38264800.0
2024-01-30,T,17.25,17.59000015258789,17.18000030517578,17.530000686645508,15.871631622314453,54946400.0
2024-01-31,T,17.510000228881836,17.81999969482422,17.5,17.690000534057617,16.016494750976562,52968100.0
2024-02-01,T,18.09000015258789,18.15999984741211,17.81999969482422,18.040000915527344,16.333385467529297,71660400.0
2024-02-02,T,17.93000030517578,17.979999542236328,17.760000228881836,17.829999923706055,16.14324951171875,33248500.0
2024-02-05,T,17.709999084472656,17.8700008392334,17.579999923706055,17.729999542236328,16.052709579467773,31496900.0
2024-02-06,T,17.65999984741211,17.770000457763672,17.549999237060547,17.610000610351562,15.944063186645508,25734200.0
2024-02-07,T,17.600000381469727,17.6200008392334,17.299999237060547,17.329999923706055,15.69054889678955,33871800.0
2024-02-08,T,17.299999237060547,17.299999237060547,16.739999771118164,16.81999969482422,15.22879695892334,66974900.0
2024-02-09,T,16.790000915527344,16.8799991607666,16.56999969482422,16.84000015258789,15.246905326843262,44427100.0
2024-02-12,T,16.84000015258789,17.059999465942383,16.760000228881836,17.020000457763672,15.409878730773926,31151200.0
2024-02-13,T,17.020000457763672,17.200000762939453,16.75,16.899999618530273,15.301228523254395,29734600.0
2024-02-14,T,16.969999313354492,17.09000015258789,16.84000015258789,16.90999984741211,15.310283660888672,26468100.0
2024-02-15,T,16.940000534057617,17.219999313354492,16.940000534057617,17.09000015258789,15.473254203796387,25926700.0
2024-02-16,T,16.950000762939453,17.06999969482422,16.760000228881836,16.969999313354492,15.364605903625488,28848800.0
2024-02-20,T,16.8799991607666,17.1299991607666,16.8700008392334,16.90999984741211,15.310283660888672,29103900.0
2024-02-21,T,16.920000076293945,17.010000228881836,16.84000015258789,17.0,15.391767501831055,22644500.0
2024-02-22,T,16.770000457763672,16.770000457763672,16.420000076293945,16.59000015258789,15.02055549621582,59974500.0
2024-02-23,T,16.6299991607666,16.860000610351562,16.540000915527344,16.799999237060547,15.210687637329102,32270900.0
2024-02-26,T,16.799999237060547,16.829999923706055,16.520000457763672,16.600000381469727,15.029608726501465,26815900.0
2024-02-27,T,16.610000610351562,16.850000381469727,16.540000915527344,16.829999923706055,15.237852096557617,28350800.0
2024-02-28,T,16.81999969482422,17.040000915527344,16.809999465942383,16.959999084472656,15.355554580688477,33531100.0
2024-02-29,T,17.020000457763672,17.1200008392334,16.90999984741211,16.93000030517578,15.328391075134277,46155200.0
2024-03-01,T,16.8700008392334,17.049999237060547,16.809999465942383,16.979999542236328,15.373661994934082,27552700.0
2024-03-04,T,16.8700008392334,16.989999771118164,16.709999084472656,16.799999237060547,15.210687637329102,32690500.0
2024-03-05,T,17.030000686645508,17.360000610351562,17.0,17.170000076293945,15.545686721801758,43337900.0
2024-03-06,T,17.100000381469727,17.219999313354492,17.020000457763672,17.18000030517578,15.554738998413086,35356700.0
2024-03-07,T,17.190000534057617,17.299999237060547,17.010000228881836,17.049999237060547,15.43703556060791,27325100.0
2024-03-08,T,17.059999465942383,17.31999969482422,16.979999542236328,17.200000762939453,15.572850227355957,30812900.0
2024-03-11,T,17.219999313354492,17.440000534057617,17.219999313354492,17.329999923706055,15.69054889678955,29541600.0
2024-03-12,T,17.299999237060547,17.34000015258789,17.170000076293945,17.200000762939453,15.572850227355957,38700600.0
2024-03-13,T,17.270000457763672,17.43000030517578,17.1299991607666,17.190000534057617,15.563796043395996,32339800.0
2024-03-14,T,17.149999618530273,17.170000076293945,16.829999923706055,17.010000228881836,15.400824546813965,37237700.0
2024-03-15,T,16.889999389648438,17.139999389648438,16.889999389648438,17.049999237060547,15.43703556060791,93104700.0
2024-03-18,T,17.100000381469727,17.31999969482422,16.93000030517578,17.299999237060547,15.663386344909668,35177000.0
2024-03-19,T,17.299999237060547,17.31999969482422,17.15999984741211,17.170000076293945,15.545686721801758,26144600.0
2024-03-20,T,17.1200008392334,17.309999465942383,17.079999923706055,17.209999084472656,15.581902503967285,28961700.0
2024-03-21,T,17.190000534057617,17.270000457763672,17.059999465942383,17.15999984741211,15.53663158416748,34446700.0
2024-03-22,T,17.190000534057617,17.200000762939453,16.979999542236328,16.979999542236328,15.373661994934082,26169900.0
2024-03-25,T,17.040000915527344,17.1299991607666,16.969999313354492,17.1200008392334,15.500418663024902,30944600.0
2024-03-26,T,17.1299991607666,17.280000686645508,17.049999237060547,17.18000030517578,15.554738998413086,33048600.0
2024-03-27,T,17.290000915527344,17.59000015258789,17.290000915527344,17.549999237060547,15.889735221862793,37488400.0
2024-03-28,T,17.549999237060547,17.700000762939453,17.520000457763672,17.600000381469727,15.935007095336914,33461500.0
2024-04-01,T,17.190000534057617,17.540000915527344,17.149999618530273,17.5,15.84447193145752,31980100.0
2024-04-02,T,17.479999542236328,17.700000762939453,17.479999542236328,17.520000457763672,15.862577438354492,40169500.0
2024-04-03,T,17.59000015258789,17.709999084472656,17.489999771118164,17.610000610351562,15.944063186645508,38155900.0
2024-04-04,T,17.6200008392334,17.8799991607666,17.559999465942383,17.56999969482422,15.907846450805664,31850300.0
2024-04-05,T,17.520000457763672,17.540000915527344,17.280000686645508,17.420000076293945,15.7720365524292,37769000.0
2024-04-08,T,17.399999618530273,17.459999084472656,17.219999313354492,17.25,15.618119239807129,27372200.0
2024-04-09,T,17.0,17.079999923706055,16.809999465942383,16.899999618530273,15.551862716674805,32785000.0
2024-04-10,T,16.770000457763672,16.790000915527344,16.510000228881836,16.729999542236328,15.39542293548584,39046800.0
2024-04-11,T,16.670000076293945,16.700000762939453,16.420000076293945,16.420000076293945,15.110153198242188,40831200.0
2024-04-12,T,16.40999984741211,16.459999084472656,16.25,16.309999465942383,15.008927345275879,41785200.0
2024-04-15,T,16.459999084472656,16.540000915527344,16.1299991607666,16.239999771118164,14.944510459899902,40249900.0
2024-04-16,T,16.219999313354492,16.229999542236328,15.9399995803833,16.09000015258789,14.806477546691895,56368800.0
2024-04-17,T,16.110000610351562,16.25,16.059999465942383,16.1200008392334,14.834086418151855,27177500.0
2024-04-18,T,16.110000610351562,16.350000381469727,16.09000015258789,16.329999923706055,15.027332305908203,29566500.0
2024-04-19,T,16.329999923706055,16.520000457763672,16.260000228881836,16.510000228881836,15.192973136901855,45820400.0
2024-04-22,T,16.690000534057617,16.729999542236328,16.170000076293945,16.309999465942383,15.008927345275879,54178100.0
2024-04-23,T,16.3799991607666,16.530000686645508,16.290000915527344,16.5,15.183772087097168,47805000.0
2024-04-24,T,16.899999618530273,17.030000686645508,16.3799991607666,16.809999465942383,15.469043731689453,74197800.0
2024-04-25,T,16.700000762939453,17.0,16.5,16.579999923706055,15.257389068603516,46680400.0
2024-04-26,T,16.469999313354492,16.8799991607666,16.389999389648438,16.75,15.41382884979248,37852700.0
2024-04-29,T,16.989999771118164,17.280000686645508,16.989999771118164,17.020000457763672,15.6622896194458,42383300.0
2024-04-30,T,16.90999984741211,16.979999542236328,16.799999237060547,16.889999389648438,15.542659759521484,31822800.0
2024-05-01,T,16.829999923706055,17.100000381469727,16.780000686645508,16.920000076293945,15.570266723632812,39350700.0
2024-05-02,T,16.989999771118164,16.989999771118164,16.729999542236328,16.81999969482422,15.47824478149414,32205000.0
2024-05-03,T,16.81999969482422,16.920000076293945,16.729999542236328,16.850000381469727,15.505850791931152,24023200.0
2024-05-06,T,16.950000762939453,17.040000915527344,16.90999984741211,16.989999771118164,15.634683609008789,24182300.0
2024-05-07,T,17.059999465942383,17.209999084472656,17.0,17.079999923706055,15.717501640319824,28086800.0
2024-05-08,T,17.030000686645508,17.200000762939453,17.0,17.110000610351562,15.745110511779785,25292100.0
2024-05-09,T,17.100000381469727,17.190000534057617,17.040000915527344,17.18000030517578,15.809525489807129,22547700.0
2024-05-10,T,17.200000762939453,17.219999313354492,17.1200008392334,17.170000076293945,15.800325393676758,19229600.0
2024-05-13,T,17.18000030517578,17.34000015258789,17.149999618530273,17.260000228881836,15.88314437866211,28014800.0
2024-05-14,T,17.280000686645508,17.34000015258789,17.219999313354492,17.299999237060547,15.919951438903809,23545300.0
2024-05-15,T,17.350000381469727,17.440000534057617,17.18000030517578,17.329999923706055,15.94756031036377,30877900.0
2024-05-16,T,17.309999465942383,17.3700008392334,17.149999618530273,17.299999237060547,15.919951438903809,24686200.0
2024-05-17,T,17.399999618530273,17.40999984741211,17.260000228881836,17.399999618530273,16.011974334716797,25891200.0
2024-05-20,T,17.3799991607666,17.559999465942383,17.360000610351562,17.520000457763672,16.12240219116211,28266600.0
2024-05-21,T,17.510000228881836,17.520000457763672,17.139999389648438,17.270000457763672,15.892345428466797,31173300.0
2024-05-22,T,17.190000534057617,17.510000228881836,17.18000030517578,17.5,16.104001998901367,30647500.0
2024-05-23,T,17.399999618530273,17.510000228881836,17.31999969482422,17.469999313354492,16.076393127441406,32477700.0
2024-05-24,T,17.489999771118164,17.610000610351562,17.420000076293945,17.5,16.104001998901367,24996000.0
2024-05-28,T,17.459999084472656,17.520000457763672,17.200000762939453,17.270000457763672,15.892345428466797,25458300.0
2024-05-29,T,17.25,17.309999465942383,17.110000610351562,17.1200008392334,15.754310607910156,23503800.0
2024-05-30,T,17.170000076293945,17.639999389648438,17.15999984741211,17.6200008392334,16.214426040649414,33262600.0
2024-05-31,T,17.530000686645508,18.270000457763672,17.469999313354492,18.219999313354492,16.766563415527344,67619500.0
2024-06-03,T,18.1299991607666,18.329999923706055,17.959999084472656,18.010000228881836,16.573318481445312,38332700.0
2024-06-04,T,17.969999313354492,18.360000610351562,17.899999618530273,18.350000381469727,16.88619041442871,30089100.0
2024-06-05,T,18.309999465942383,18.31999969482422,18.15999984741211,18.299999237060547,16.840181350708008,28101800.0
2024-06-06,T,18.290000915527344,18.450000762939453,18.219999313354492,18.280000686645508,16.821779251098633,22319200.0
2024-06-07,T,18.219999313354492,18.219999313354492,17.969999313354492,18.100000381469727,16.6561336517334,36626700.0
2024-06-10,T,18.0,18.040000915527344,17.75,17.860000610351562,16.43528175354004,32414600.0
2024-06-11,T,17.84000015258789,17.950000762939453,17.729999542236328,17.860000610351562,16.43528175354004,29957000.0
2024-06-12,T,17.989999771118164,18.040000915527344,17.56999969482422,17.610000610351562,16.20522689819336,35652200.0
2024-06-13,T,17.549999237060547,17.68000030517578,17.420000076293945,17.670000076293945,16.260438919067383,30692000.0
2024-06-14,T,17.59000015258789,17.75,17.489999771118164,17.639999389648438,16.232831954956055,22652300.0
2024-06-17,T,17.559999465942383,17.700000762939453,17.489999771118164,17.670000076293945,16.260438919067383,27451600.0
2024-06-18,T,17.8799991607666,18.200000762939453,17.860000610351562,18.049999237060547,16.610122680664062,33711100.0
2024-06-20,T,17.940000534057617,18.15999984741211,17.899999618530273,18.110000610351562,16.66533851623535,32100600.0
2024-06-21,T,18.170000076293945,18.450000762939453,18.06999969482422,18.399999618530273,16.932205200195312,72558200.0
2024-06-24,T,18.420000076293945,18.700000762939453,18.399999618530273,18.649999618530273,17.162263870239258,42162200.0
2024-06-25,T,18.639999389648438,18.729999542236328,18.530000686645508,18.690000534057617,17.199071884155273,32354000.0
2024-06-26,T,18.639999389648438,18.809999465942383,18.610000610351562,18.760000228881836,17.263486862182617,32029700.0
2024-06-27,T,18.780000686645508,18.790000915527344,18.610000610351562,18.75,17.25428581237793,28916300.0
2024-06-28,T,18.799999237060547,19.1299991607666,18.780000686645508,19.110000610351562,17.5855655670166,52825200.0
2024-07-01,T,19.239999771118164,19.31999969482422,18.829999923706055,18.979999542236328,17.465938568115234,36095700.0
2024-07-02,T,18.979999542236328,19.0,18.68000030517578,18.81999969482422,17.318700790405273,31606900.0
2024-07-03,T,18.8799991607666,18.920000076293945,18.65999984741211,18.68000030517578,17.189868927001953,19463000.0
2024-07-05,T,18.700000762939453,18.799999237060547,18.649999618530273,18.770000457763672,17.27269172668457,30727800.0
2024-07-08,T,18.84000015258789,18.899999618530273,18.690000534057617,18.809999465942383,17.309497833251953,23277400.0
2024-07-09,T,18.81999969482422,18.979999542236328,18.700000762939453,18.799999237060547,17.300296783447266,27803600.0
2024-07-10,T,18.56999969482422,18.75,18.459999084472656,18.739999771118164,17.503917694091797,33408200.0
2024-07-11,T,18.700000762939453,18.8700008392334,18.6200008392334,18.860000610351562,17.616004943847656,23623400.0
2024-07-12,T,18.719999313354492,18.850000381469727,18.59000015258789,18.809999465942383,17.569299697875977,37919400.0
2024-07-15,T,18.850000381469727,18.8700008392334,18.530000686645508,18.579999923706055,17.354473114013672,33910900.0
2024-07-16,T,18.600000381469727,18.860000610351562,18.56999969482422,18.850000381469727,17.606660842895508,23923600.0
2024-07-17,T,18.899999618530273,19.190000534057617,18.850000381469727,19.15999984741211,17.896215438842773,40611500.0
2024-07-18,T,19.100000381469727,19.329999923706055,18.989999771118164,19.149999618530273,17.88687515258789,34793900.0
2024-07-19,T,19.1200008392334,19.239999771118164,18.979999542236328,19.1200008392334,17.858854293823242,29910300.0
2024-07-22,T,18.700000762939453,18.770000457763672,18.309999465942383,18.549999237060547,17.326448440551758,44083600.0
2024-07-23,T,18.56999969482422,18.610000610351562,18.139999389648438,18.209999084472656,17.008874893188477,70161800.0
2024-07-24,T,18.920000076293945,19.229999542236328,18.760000228881836,19.15999984741211,17.896215438842773,64465000.0
2024-07-25,T,19.149999618530273,19.739999771118164,19.100000381469727,19.190000534057617,17.924236297607422,54049700.0
2024-07-26,T,19.15999984741211,19.299999237060547,18.889999389648438,19.010000228881836,17.7561092376709,30844200.0
2024-07-29,T,19.0,19.020000457763672,18.81999969482422,18.899999618530273,17.653366088867188,30788300.0
2024-07-30,T,18.950000762939453,19.030000686645508,18.84000015258789,18.979999542236328,17.72808837890625,27855000.0
2024-07-31,T,18.899999618530273,19.31999969482422,18.8799991607666,19.25,17.98027992248535,39522000.0
2024-08-01,T,19.309999465942383,19.6299991607666,19.1299991607666,19.469999313354492,18.185768127441406,44379300.0
2024-08-02,T,19.639999389648438,19.989999771118164,19.190000534057617,19.3700008392334,18.092363357543945,45240100.0
2024-08-05,T,18.799999237060547,19.1200008392334,18.639999389648438,18.90999984741211,17.662704467773438,50898400.0
2024-08-06,T,18.889999389648438,19.299999237060547,18.860000610351562,19.190000534057617,17.924236297607422,33776000.0
2024-08-07,T,19.200000762939453,19.520000457763672,19.100000381469727,19.25,17.98027992248535,30036700.0
2024-08-08,T,19.260000228881836,19.479999542236328,19.209999084472656,19.399999618530273,18.120386123657227,25588100.0
2024-08-09,T,19.389999389648438,19.600000381469727,19.270000457763672,19.489999771118164,18.204448699951172,22819600.0
2024-08-12,T,19.540000915527344,19.559999465942383,19.299999237060547,19.43000030517578,18.148405075073242,22979900.0
2024-08-13,T,19.420000076293945,19.559999465942383,19.360000610351562,19.520000457763672,18.23246955871582,21508000.0
2024-08-14,T,19.479999542236328,19.65999984741211,19.420000076293945,19.6299991607666,18.3352108001709,19158600.0
2024-08-15,T,19.549999237060547,19.579999923706055,18.969999313354492,19.09000015258789,17.83083152770996,42608100.0
2024-08-16,T,19.1200008392334,19.360000610351562,19.079999923706055,19.34000015258789,18.064342498779297,24724400.0
2024-08-19,T,19.350000381469727,19.510000228881836,19.34000015258789,19.489999771118164,18.204448699951172,20506700.0
2024-08-20,T,19.459999084472656,19.579999923706055,19.389999389648438,19.489999771118164,18.204448699951172,20260900.0
2024-08-21,T,19.520000457763672,19.59000015258789,19.420000076293945,19.540000915527344,18.251150131225586,20055500.0
2024-08-22,T,19.559999465942383,19.579999923706055,19.399999618530273,19.510000228881836,18.22313117980957,17596700.0
2024-08-23,T,19.540000915527344,19.760000228881836,19.510000228881836,19.729999542236328,18.428617477416992,21519300.0
2024-08-26,T,19.760000228881836,19.940000534057617,19.700000762939453,19.760000228881836,18.456640243530273,22599700.0
2024-08-27,T,19.739999771118164,19.799999237060547,19.600000381469727,19.649999618530273,18.35389518737793,20321900.0
2024-08-28,T,19.68000030517578,19.90999984741211,19.670000076293945,19.81999969482422,18.51268196105957,20435500.0
2024-08-29,T,19.799999237060547,19.850000381469727,19.6200008392334,19.760000228881836,18.456640243530273,20775600.0
2024-08-30,T,19.760000228881836,19.90999984741211,19.700000762939453,19.899999618530273,18.587404251098633,29362700.0
2024-09-03,T,19.93000030517578,20.450000762939453,19.920000076293945,20.43000030517578,19.08244514465332,50352600.0
2024-09-04,T,20.489999771118164,20.8700008392334,20.25,20.56999969482422,19.213214874267578,57532400.0
2024-09-05,T,20.709999084472656,20.829999923706055,20.520000457763672,20.649999618530273,19.287933349609375,44199100.0
2024-09-06,T,20.649999618530273,21.0,20.649999618530273,20.969999313354492,19.586824417114258,53079500.0
2024-09-09,T,20.959999084472656,21.600000381469727,20.93000030517578,21.5,20.081871032714844,58958400.0
2024-09-10,T,21.450000762939453,21.860000610351562,21.329999923706055,21.709999084472656,20.278017044067383,60944500.0
2024-09-11,T,21.6200008392334,21.6200008392334,21.239999771118164,21.450000762939453,20.035167694091797,37328500.0
2024-09-12,T,21.329999923706055,21.639999389648438,21.170000076293945,21.59000015258789,20.165931701660156,34564800.0
2024-09-13,T,21.56999969482422,21.670000076293945,21.440000534057617,21.639999389648438,20.21263313293457,31451300.0
2024-09-16,T,21.84000015258789,22.34000015258789,21.790000915527344,22.270000457763672,20.80107879638672,53733400.0
2024-09-17,T,22.06999969482422,22.100000381469727,21.709999084472656,21.780000686645508,20.343402862548828,29304400.0
2024-09-18,T,21.84000015258789,22.0,21.639999389648438,21.729999542236328,20.29669761657715,27825600.0
2024-09-19,T,21.649999618530273,21.700000762939453,21.18000030517578,21.360000610351562,19.95110511779785,40942200.0
2024-09-20,T,21.299999237060547,21.6200008392334,21.229999542236328,21.540000915527344,20.119230270385742,94156500.0
2024-09-23,T,21.540000915527344,21.600000381469727,21.360000610351562,21.489999771118164,20.07253074645996,25550300.0
2024-09-24,T,21.3799991607666,21.65999984741211,21.309999465942383,21.59000015258789,20.165931701660156,25905500.0
2024-09-25,T,21.6200008392334,21.739999771118164,21.520000457763672,21.559999465942383,20.13791275024414,28334800.0
2024-09-26,T,21.489999771118164,21.760000228881836,21.43000030517578,21.649999618530273,20.22197723388672,25497500.0
2024-09-27,T,21.719999313354492,21.940000534057617,21.68000030517578,21.899999618530273,20.455486297607422,23577700.0
2024-09-30,T,22.0,22.06999969482422,21.670000076293945,22.0,20.54888916015625,26260200.0
2024-10-01,T,21.93000030517578,22.149999618530273,21.84000015258789,22.1299991607666,20.670312881469727,32705500.0
2024-10-02,T,22.049999237060547,22.239999771118164,22.0,22.190000534057617,20.726356506347656,29820100.0
2024-10-03,T,22.1299991607666,22.229999542236328,21.969999313354492,22.049999237060547,20.59558868408203,28894700.0
2024-10-04,T,21.700000762939453,21.979999542236328,21.479999542236328,21.90999984741211,20.464826583862305,24539300.0
2024-10-07,T,21.90999984741211,21.90999984741211,21.670000076293945,21.780000686645508,20.343402862548828,23116300.0
2024-10-08,T,21.920000076293945,21.979999542236328,21.719999313354492,21.860000610351562,20.418123245239258,22716400.0
2024-10-09,T,21.8700008392334,22.0,21.790000915527344,21.93000030517578,20.48350715637207,25365400.0
2024-10-10,T,21.600000381469727,21.68000030517578,21.209999084472656,21.219999313354492,20.07482147216797,28738500.0
2024-10-11,T,21.299999237060547,21.450000762939453,21.219999313354492,21.3700008392334,20.21672821044922,25249800.0
2024-10-14,T,21.360000610351562,21.40999984741211,21.260000228881836,21.260000228881836,20.112661361694336,33512200.0
2024-10-15,T,21.389999389648438,21.610000610351562,21.229999542236328,21.510000228881836,20.349170684814453,35942600.0
2024-10-16,T,21.520000457763672,21.760000228881836,21.479999542236328,21.709999084472656,20.538375854492188,23926900.0
2024-10-17,T,21.559999465942383,21.770000457763672,21.530000686645508,21.729999542236328,20.557296752929688,25471200.0
2024-10-18,T,21.729999542236328,22.059999465942383,21.6299991607666,21.850000381469727,20.670822143554688,27277400.0
2024-10-21,T,21.8799991607666,21.969999313354492,21.649999618530273,21.65999984741211,20.491073608398438,29366200.0
2024-10-22,T,21.25,21.6200008392334,21.049999237060547,21.5,20.339712142944336,47781900.0
2024-10-23,T,21.239999771118164,22.579999923706055,21.049999237060547,22.489999771118164,21.276281356811523,71932600.0
2024-10-24,T,22.399999618530273,22.479999542236328,22.059999465942383,22.200000762939453,21.001934051513672,38783100.0
2024-10-25,T,22.299999237060547,22.40999984741211,21.809999465942383,21.829999923706055,20.651899337768555,26050400.0
2024-10-28,T,21.920000076293945,22.149999618530273,21.81999969482422,22.110000610351562,20.91678810119629,27923800.0
2024-10-29,T,21.989999771118164,22.360000610351562,21.920000076293945,22.18000030517578,20.98301124572754,32711100.0
2024-10-30,T,22.1299991607666,22.260000228881836,21.899999618530273,22.020000457763672,20.831647872924805,36264900.0
2024-10-31,T,22.059999465942383,22.600000381469727,22.030000686645508,22.540000915527344,21.323585510253906,59566700.0
2024-11-01,T,22.530000686645508,22.729999542236328,22.06999969482422,22.1200008392334,20.926254272460938,37170000.0
2024-11-04,T,22.139999389648438,22.25,21.790000915527344,21.920000076293945,20.737043380737305,24318500.0
2024-11-05,T,21.899999618530273,22.170000076293945,21.829999923706055,22.049999237060547,20.860029220581055,26461800.0
2024-11-06,T,22.110000610351562,22.389999389648438,21.969999313354492,22.31999969482422,21.11545753479004,32259200.0
2024-11-07,T,22.389999389648438,22.389999389648438,21.959999084472656,22.040000915527344,20.850568771362305,31471800.0
2024-11-08,T,22.049999237060547,22.43000030517578,22.049999237060547,22.34000015258789,21.13437843322754,29901600.0
2024-11-11,T,22.280000686645508,22.479999542236328,22.25,22.309999465942383,21.10599708557129,23465000.0
2024-11-12,T,22.209999084472656,22.290000915527344,21.790000915527344,22.149999618530273,20.954631805419922,39579500.0
2024-11-13,T,22.170000076293945,22.389999389648438,22.059999465942383,22.299999237060547,21.09653663635254,29345600.0
2024-11-14,T,22.299999237060547,22.459999084472656,22.219999313354492,22.25,21.04923439025879,20825100.0
2024-11-15,T,22.239999771118164,22.75,22.200000762939453,22.68000030517578,21.456029891967773,40207300.0
2024-11-18,T,22.790000915527344,23.200000762939453,22.780000686645508,22.989999771118164,21.749300003051758,35656400.0
2024-11-19,T,22.8799991607666,22.920000076293945,22.68000030517578,22.729999542236328,21.50333023071289,24727700.0
2024-11-20,T,22.799999237060547,22.899999618530273,22.739999771118164,22.829999923706055,21.597932815551758,20423100.0
2024-11-21,T,22.799999237060547,23.149999618530273,22.729999542236328,22.979999542236328,21.739839553833008,23080900.0
2024-11-22,T,23.049999237060547,23.290000915527344,22.940000534057617,23.18000030517578,21.929044723510742,35732900.0
2024-11-25,T,23.149999618530273,23.31999969482422,22.950000762939453,23.100000381469727,21.853363037109375,64729800.0
2024-11-26,T,22.940000534057617,23.110000610351562,22.8700008392334,23.09000015258789,21.843902587890625,30080300.0
2024-11-27,T,23.200000762939453,23.3799991607666,23.010000228881836,23.270000457763672,22.014188766479492,33206300.0
2024-11-29,T,23.270000457763672,23.309999465942383,23.010000228881836,23.15999984741211,21.910123825073242,19673900.0
2024-12-02,T,23.149999618530273,23.15999984741211,22.639999389648438,22.700000762939453,21.47494888305664,44160600.0
2024-12-03,T,23.40999984741211,24.030000686645508,23.3799991607666,23.739999771118164,22.458824157714844,63128700.0
2024-12-04,T,23.670000076293945,23.829999923706055,23.3700008392334,23.530000686645508,22.26015853881836,41534200.0
2024-12-05,T,23.610000610351562,23.889999389648438,23.579999923706055,23.829999923706055,22.543968200683594,40155600.0
2024-12-06,T,23.829999923706055,23.899999618530273,23.559999465942383,23.8799991607666,22.59126853942871,34218800.0
2024-12-09,T,23.899999618530273,23.989999771118164,23.34000015258789,23.3700008392334,22.108789443969727,38385900.0
2024-12-10,T,23.40999984741211,23.65999984741211,23.110000610351562,23.510000228881836,22.241235733032227,32851500.0
2024-12-11,T,23.43000030517578,23.540000915527344,23.139999389648438,23.479999542236328,22.21285629272461,38518100.0
2024-12-12,T,23.579999923706055,23.739999771118164,23.360000610351562,23.360000610351562,22.09933090209961,22015000.0
2024-12-13,T,23.3700008392334,23.670000076293945,23.260000228881836,23.6299991607666,22.354761123657227,33693900.0
2024-12-16,T,23.709999084472656,23.809999465942383,22.610000610351562,22.84000015258789,21.60739517211914,48018100.0
2024-12-17,T,22.799999237060547,22.979999542236328,22.670000076293945,22.829999923706055,21.597932815551758,39844700.0
2024-12-18,T,22.799999237060547,22.989999771118164,22.459999084472656,22.479999542236328,21.266822814941406,38897400.0
2024-12-19,T,22.510000228881836,22.68000030517578,22.40999984741211,22.56999969482422,21.351964950561523,43160800.0
2024-12-20,T,22.59000015258789,22.75,22.520000457763672,22.75,21.522253036499023,93984000.0
2024-12-23,T,22.670000076293945,22.8700008392334,22.59000015258789,22.84000015258789,21.60739517211914,24655600.0
2024-12-24,T,22.84000015258789,22.989999771118164,22.760000228881836,22.950000762939453,21.711458206176758,9605900.0
2024-12-26,T,22.93000030517578,23.149999618530273,22.8799991607666,22.959999084472656,21.720916748046875,16440500.0
2024-12-27,T,22.8799991607666,23.06999969482422,22.81999969482422,22.860000610351562,21.626314163208008,18547500.0
2024-12-30,T,22.780000686645508,22.780000686645508,22.440000534057617,22.610000610351562,21.389806747436523,25420000.0
2024-12-31,T,22.6200008392334,22.850000381469727,22.600000381469727,22.770000457763672,21.54117202758789,22342800.0
2025-01-02,T,22.829999923706055,23.170000076293945,22.799999237060547,22.829999923706055,21.597932815551758,27108200.0
2025-01-03,T,22.899999618530273,22.959999084472656,22.649999618530273,22.670000076293945,21.44656753540039,26874900.0
2025-01-06,T,22.760000228881836,22.770000457763672,22.530000686645508,22.600000381469727,21.380346298217773,34416000.0
2025-01-07,T,22.540000915527344,22.649999618530273,22.15999984741211,22.200000762939453,21.001934051513672,37143500.0
2025-01-08,T,22.1299991607666,22.25,21.65999984741211,22.18000030517578,20.98301124572754,35517800.0
2025-01-10,T,21.8799991607666,22.040000915527344,21.489999771118164,21.690000534057617,20.779909133911133,41572400.0
2025-01-13,T,21.6299991607666,21.68000030517578,21.399999618530273,21.559999465942383,20.655363082885742,37865600.0
2025-01-14,T,21.520000457763672,21.81999969482422,21.3799991607666,21.799999237060547,20.885290145874023,25627300.0
2025-01-15,T,21.979999542236328,22.09000015258789,21.8799991607666,21.90999984741211,20.99067497253418,50559900.0
2025-01-16,T,22.0,22.1299991607666,21.84000015258789,22.020000457763672,21.096059799194336,25639600.0
2025-01-17,T,22.09000015258789,22.3700008392334,21.979999542236328,22.290000915527344,21.3547306060791,33638000.0
2025-01-21,T,22.209999084472656,22.540000915527344,22.209999084472656,22.489999771118164,21.546340942382812,36777600.0
2025-01-22,T,22.3799991607666,22.479999542236328,22.020000457763672,22.31999969482422,21.383472442626953,31676400.0
2025-01-23,T,22.34000015258789,22.65999984741211,22.219999313354492,22.530000686645508,21.58466148376465,32125200.0
2025-01-24,T,22.549999237060547,22.790000915527344,22.540000915527344,22.719999313354492,21.76668930053711,44409200.0
2025-01-27,T,23.5,24.3700008392334,23.350000381469727,24.139999389648438,23.127107620239258,92445200.0
2025-01-28,T,24.059999465942383,24.579999923706055,23.920000076293945,24.399999618530273,23.376197814941406,55731400.0
2025-01-29,T,24.709999084472656,24.979999542236328,24.200000762939453,24.229999542236328,23.213329315185547,34420400.0
2025-01-30,T,24.170000076293945,24.229999542236328,23.780000686645508,24.020000457763672,23.012142181396484,45653000.0
2025-01-31,T,24.010000228881836,24.139999389648438,23.65999984741211,23.729999542236328,22.73430824279785,40341800.0
2025-02-03,T,23.690000534057617,24.43000030517578,23.670000076293945,24.25,23.232492446899414,59555800.0
2025-02-04,T,24.209999084472656,24.43000030517578,24.06999969482422,24.25,23.232492446899414,30540200.0
2025-02-05,T,24.459999084472656,24.579999923706055,24.280000686645508,24.469999313354492,23.443260192871094,29511700.0
2025-02-06,T,24.5,24.559999465942383,24.299999237060547,24.450000762939453,23.424102783203125,24522500.0
2025-02-07,T,24.450000762939453,24.729999542236328,24.25,24.540000915527344,23.510324478149414,26290100.0
2025-02-10,T,24.610000610351562,24.940000534057617,24.600000381469727,24.860000610351562,23.816898345947266,31913400.0
2025-02-11,T,24.899999618530273,25.18000030517578,24.799999237060547,25.149999618530273,24.0947265625,35150300.0
2025-02-12,T,25.149999618530273,25.3799991607666,25.059999465942383,25.360000610351562,24.29591941833496,38970300.0
2025-02-13,T,25.469999313354492,25.739999771118164,25.360000610351562,25.6299991607666,24.554588317871094,35115100.0
2025-02-14,T,25.670000076293945,25.93000030517578,25.600000381469727,25.8700008392334,24.78451919555664,31687800.0
2025-02-18,T,25.709999084472656,26.18000030517578,25.709999084472656,26.06999969482422,24.976125717163086,52442500.0
2025-02-19,T,26.219999313354492,26.350000381469727,26.06999969482422,26.239999771118164,25.138992309570312,30551500.0
2025-02-20,T,26.200000762939453,26.280000686645508,25.940000534057617,26.149999618530273,25.052770614624023,32753900.0
2025-02-21,T,26.079999923706055,26.719999313354492,25.969999313354492,26.6200008392334,25.503049850463867,58421500.0
2025-02-24,T,26.6200008392334,27.1299991607666,26.600000381469727,26.739999771118164,25.618013381958008,54549600.0
2025-02-25,T,26.8700008392334,27.15999984741211,26.260000228881836,26.649999618530273,25.53179168701172,52497200.0
2025-02-26,T,26.559999465942383,26.829999923706055,26.43000030517578,26.56999969482422,25.45514678955078,39296500.0
2025-02-27,T,26.639999389648438,26.969999313354492,26.56999969482422,26.899999618530273,25.77130126953125,32943300.0
2025-02-28,T,27.0,27.489999771118164,27.0,27.40999984741211,26.25990104675293,62510800.0
2025-03-03,T,27.270000457763672,27.860000610351562,27.190000534057617,27.719999313354492,26.556894302368164,45078600.0
2025-03-04,T,27.799999237060547,27.969999313354492,26.1200008392334,26.219999313354492,25.119831085205078,89479700.0
2025-03-05,T,26.06999969482422,26.389999389648438,25.829999923706055,26.18000030517578,25.081510543823242,42010100.0
2025-03-06,T,26.219999313354492,26.790000915527344,26.059999465942383,26.729999542236328,25.608430862426758,32211600.0
2025-03-07,T,26.670000076293945,27.209999084472656,26.600000381469727,27.1200008392334,25.98206901550293,35341900.0
2025-03-10,T,27.110000610351562,27.459999084472656,26.68000030517578,27.280000686645508,26.135356903076172,57820800.0
2025-03-11,T,26.469999313354492,26.829999923706055,25.59000015258789,26.010000228881836,24.918643951416016,74574300.0
2025-03-12,T,25.6299991607666,25.860000610351562,24.889999389648438,25.719999313354492,24.640811920166016,62383200.0
2025-03-13,T,25.790000915527344,26.459999084472656,25.760000228881836,26.09000015258789,24.99528694152832,37698500.0
2025-03-14,T,25.799999237060547,26.649999618530273,25.75,26.579999923706055,25.464725494384766,37591300.0
2025-03-17,T,26.56999969482422,26.93000030517578,26.25,26.829999923706055,25.704238891601562,45570000.0
2025-03-18,T,26.799999237060547,26.979999542236328,26.559999465942383,26.610000610351562,25.49346923828125,30365600.0
2025-03-19,T,26.649999618530273,26.940000534057617,26.450000762939453,26.84000015258789,25.71381950378418,30145700.0
2025-03-20,T,26.899999618530273,26.93000030517578,26.68000030517578,26.790000915527344,25.665916442871094,27272300.0
2025-03-21,T,26.809999465942383,27.209999084472656,26.639999389648438,27.020000457763672,25.88626480102539,91268600.0
2025-03-24,T,26.860000610351562,27.219999313354492,26.84000015258789,26.959999084472656,25.82878303527832,26863300.0
2025-03-25,T,26.969999313354492,27.559999465942383,26.969999313354492,27.309999465942383,26.16409683227539,42339700.0
2025-03-26,T,27.40999984741211,27.84000015258789,27.360000610351562,27.649999618530273,26.48982810974121,42589400.0
2025-03-27,T,27.770000457763672,28.420000076293945,27.639999389648438,28.200000762939453,27.016754150390625,43000100.0
2025-03-28,T,28.350000381469727,28.510000228881836,28.059999465942383,28.18000030517578,26.99759292602539,35085300.0
2025-03-31,T,28.260000228881836,28.559999465942383,28.209999084472656,28.280000686645508,27.093395233154297,50156500.0
2025-04-01,T,28.399999618530273,28.610000610351562,28.219999313354492,28.479999542236328,27.285003662109375,43986400.0
2025-04-02,T,28.40999984741211,28.59000015258789,28.010000228881836,28.139999389648438,26.95926856994629,41574800.0
2025-04-03,T,28.540000915527344,29.030000686645508,28.450000762939453,28.600000381469727,27.39996910095215,48912300.0
2025-04-04,T,28.0,28.43000030517578,26.530000686645508,26.639999389648438,25.52220916748047,61361000.0
2025-04-07,T,25.18000030517578,27.229999542236328,25.100000381469727,26.829999923706055,25.704238891601562,74875400.0
2025-04-08,T,27.020000457763672,27.190000534057617,26.030000686645508,26.389999389648438,25.282697677612305,55717100.0
2025-04-09,T,26.09000015258789,26.860000610351562,25.200000762939453,26.469999313354492,25.359342575073242,77738700.0
2025-04-10,T,26.239999771118164,26.760000228881836,25.899999618530273,26.389999389648438,25.551048278808594,51467900.0
2025-04-11,T,26.579999923706055,26.899999618530273,26.360000610351562,26.790000915527344,25.93833351135254,32057600.0
2025-04-14,T,26.6299991607666,27.350000381469727,26.579999923706055,27.200000762939453,26.335298538208008,27042800.0
2025-04-15,T,27.5,27.6299991607666,27.260000228881836,27.5,26.625761032104492,25721300.0
2025-04-16,T,27.739999771118164,27.780000686645508,26.940000534057617,27.020000457763672,26.161020278930664,27835900.0
2025-04-17,T,27.18000030517578,27.489999771118164,27.010000228881836,27.149999618530273,26.28688621520996,24870300.0
2025-04-21,T,27.15999984741211,27.280000686645508,26.15999984741211,26.329999923706055,25.492956161499023,46226000.0
2025-04-22,T,26.0,27.360000610351562,25.979999542236328,26.959999084472656,26.10292625427246,50906800.0
2025-04-23,T,26.540000915527344,27.31999969482422,26.1200008392334,27.190000534057617,26.32561683654785,43351000.0
2025-04-24,T,27.170000076293945,27.829999923706055,27.139999389648438,27.530000686645508,26.65480613708496,43640800.0
2025-04-25,T,27.459999084472656,27.520000457763672,26.6299991607666,26.809999465942383,25.95769500732422,37050300.0
2025-04-28,T,26.899999618530273,27.270000457763672,26.799999237060547,27.260000228881836,26.39339256286621,24156000.0
2025-04-29,T,27.100000381469727,27.440000534057617,27.049999237060547,27.299999237060547,26.432117462158203,25015800.0
2025-04-30,T,27.600000381469727,27.889999389648438,27.31999969482422,27.700000762939453,26.81940460205078,38877100.0
2025-05-01,T,27.5,27.780000686645508,27.270000457763672,27.639999389648438,26.761310577392578,37367600.0
2025-05-02,T,27.600000381469727,27.780000686645508,27.360000610351562,27.610000610351562,26.73226547241211,22928400.0
2025-05-05,T,27.559999465942383,27.690000534057617,27.15999984741211,27.510000228881836,26.63544273376465,21335300.0
2025-05-06,T,27.540000915527344,28.239999771118164,27.5,28.15999984741211,27.264780044555664,32491700.0
2025-05-07,T,28.040000915527344,28.399999618530273,27.950000762939453,28.100000381469727,27.206687927246094,28352900.0
2025-05-08,T,28.0,28.040000915527344,27.450000762939453,27.469999313354492,26.59671401977539,30141500.0
2025-05-09,T,27.559999465942383,28.020000457763672,27.420000076293945,27.84000015258789,26.954954147338867,29206900.0
2025-05-12,T,27.09000015258789,27.299999237060547,26.670000076293945,27.010000228881836,26.151338577270508,57106100.0
2025-05-13,T,27.049999237060547,27.1299991607666,26.309999465942383,26.450000762939453,25.609140396118164,58767100.0
2025-05-14,T,26.43000030517578,26.59000015258789,26.299999237060547,26.440000534057617,25.599458694458008,31519500.0
2025-05-15,T,26.600000381469727,27.399999618530273,26.600000381469727,27.329999923706055,26.461164474487305,35278700.0
2025-05-16,T,27.3700008392334,27.770000457763672,27.1200008392334,27.719999313354492,26.83876609802246,31106000.0
2025-05-19,T,27.760000228881836,28.040000915527344,27.709999084472656,28.020000457763672,27.129230499267578,30996600.0
2025-05-20,T,28.049999237060547,28.260000228881836,27.75,27.780000686645508,26.896860122680664,24966600.0
2025-05-21,T,27.68000030517578,27.770000457763672,27.40999984741211,27.469999313354492,26.59671401977539,29684200.0
2025-05-22,T,27.579999923706055,27.709999084472656,27.209999084472656,27.229999542236328,26.36434555053711,25901600.0
2025-05-23,T,27.479999542236328,27.530000686645508,27.15999984741211,27.420000076293945,26.548303604125977,31766300.0
2025-05-27,T,27.360000610351562,27.6299991607666,27.31999969482422,27.389999389648438,26.519258499145508,33329200.0
2025-05-28,T,27.3799991607666,27.6200008392334,27.309999465942383,27.5,26.625761032104492,32270200.0
2025-05-29,T,27.479999542236328,27.510000228881836,27.270000457763672,27.3799991607666,26.50957679748535,27189100.0
2025-05-30,T,27.389999389648438,27.799999237060547,27.350000381469727,27.799999237060547,26.916221618652344,47964900.0
2025-06-02,T,27.649999618530273,27.959999084472656,27.600000381469727,27.93000030517578,27.042091369628906,26935200.0
2025-06-03,T,27.889999389648438,28.1299991607666,27.649999618530273,27.959999084472656,27.071136474609375,26085900.0
2025-06-04,T,27.959999084472656,27.969999313354492,27.219999313354492,27.360000610351562,26.490211486816406,33913500.0
2025-06-05,T,27.43000030517578,27.850000381469727,27.329999923706055,27.760000228881836,26.87749481201172,29186800.0
2025-06-06,T,27.770000457763672,28.100000381469727,27.770000457763672,28.079999923706055,27.18732261657715,22403100.0
2025-06-09,T,27.829999923706055,28.079999923706055,27.829999923706055,27.860000610351562,26.97431755065918,23353600.0
2025-06-10,T,27.90999984741211,28.610000610351562,27.850000381469727,28.420000076293945,27.51651382446289,39959100.0
2025-06-11,T,28.479999542236328,28.610000610351562,28.25,28.34000015258789,27.439056396484375,32164500.0
2025-06-12,T,28.469999313354492,28.469999313354492,28.1200008392334,28.270000457763672,27.37128257751465,23311700.0
2025-06-13,T,28.229999542236328,28.34000015258789,28.110000610351562,28.190000534057617,27.293825149536133,22428200.0
2025-06-16,T,28.149999618530273,28.389999389648438,27.780000686645508,27.969999313354492,27.08081817626953,32761400.0
2025-06-17,T,27.850000381469727,27.969999313354492,27.59000015258789,27.649999618530273,26.770992279052734,35258600.0
2025-06-18,T,27.760000228881836,27.829999923706055,27.59000015258789,27.65999984741211,26.78067398071289,27985500.0
2025-06-20,T,27.68000030517578,28.110000610351562,27.6200008392334,27.770000457763672,26.887178421020508,51495200.0
2025-06-23,T,27.799999237060547,28.299999237060547,27.799999237060547,28.200000762939453,27.30350685119629,32957200.0
2025-06-24,T,28.15999984741211,28.350000381469727,28.030000686645508,28.280000686645508,27.380964279174805,26007000.0
2025-06-25,T,28.139999389648438,28.350000381469727,27.8799991607666,27.920000076293945,27.03240966796875,26189400.0
2025-06-26,T,27.979999542236328,28.100000381469727,27.799999237060547,28.0,27.109865188598633,25118500.0
2025-06-27,T,28.0,28.18000030517578,27.899999618530273,28.079999923706055,27.18732261657715,37337200.0
2025-06-30,T,28.1200008392334,29.020000457763672,28.100000381469727,28.940000534057617,28.019983291625977,42590800.0
2025-07-01,T,28.989999771118164,29.190000534057617,28.700000762939453,28.8799991607666,27.961889266967773,25976400.0
2025-07-02,T,28.809999465942383,29.030000686645508,28.290000915527344,28.309999465942383,27.410009384155273,47012300.0
2025-07-03,T,28.290000915527344,28.40999984741211,28.1299991607666,28.360000610351562,27.45842170715332,21085200.0
2025-07-07,T,28.420000076293945,28.469999313354492,28.219999313354492,28.40999984741211,27.506832122802734,22448700.0
2025-07-08,T,28.239999771118164,28.459999084472656,28.079999923706055,28.290000915527344,27.390647888183594,24955400.0
2025-07-09,T,28.329999923706055,28.3799991607666,27.959999084472656,28.100000381469727,27.206687927246094,34453800.0
2025-07-10,T,27.760000228881836,27.81999969482422,27.479999542236328,27.6200008392334,27.0091552734375,25053100.0
2025-07-11,T,27.549999237060547,27.549999237060547,26.6200008392334,26.969999313354492,26.3735294342041,42713300.0
2025-07-14,T,27.020000457763672,27.510000228881836,27.020000457763672,27.15999984741211,26.559328079223633,30747000.0
2025-07-15,T,26.93000030517578,27.1200008392334,26.790000915527344,27.020000457763672,26.42242431640625,32266200.0
2025-07-16,T,27.020000457763672,27.110000610351562,26.8799991607666,26.950000762939453,26.353971481323242,21934400.0
2025-07-17,T,26.799999237060547,27.049999237060547,26.770000457763672,26.989999771118164,26.393085479736328,24546400.0
2025-07-18,T,26.969999313354492,27.040000915527344,26.799999237060547,26.940000534057617,26.344192504882812,27427900.0
2025-07-21,T,27.459999084472656,27.719999313354492,27.25,27.3799991607666,26.77446174621582,36229500.0
2025-07-22,T,27.450000762939453,27.760000228881836,27.219999313354492,27.420000076293945,26.81357765197754,35255800.0
2025-07-23,T,26.299999237060547,27.75,25.850000381469727,27.75,27.13627815246582,65616300.0
2025-07-24,T,27.770000457763672,28.170000076293945,27.690000534057617,27.920000076293945,27.302518844604492,47332700.0
2025-07-25,T,27.90999984741211,28.350000381469727,27.75,28.0,27.380748748779297,33987800.0
2025-07-28,T,27.93000030517578,27.93000030517578,27.540000915527344,27.600000381469727,26.989595413208008,29164400.0
2025-07-29,T,27.68000030517578,27.93000030517578,27.31999969482422,27.40999984741211,26.80379867553711,34202400.0
2025-07-30,T,27.34000015258789,27.709999084472656,27.239999771118164,27.5,26.891807556152344,30096100.0
2025-07-31,T,27.350000381469727,27.719999313354492,27.309999465942383,27.40999984741211,26.80379867553711,34120000.0
2025-08-01,T,27.639999389648438,27.93000030517578,27.34000015258789,27.75,27.13627815246582,38817000.0
2025-08-04,T,27.790000915527344,27.920000076293945,27.56999969482422,27.68000030517578,27.067827224731445,29972400.0
2025-08-05,T,27.719999313354492,27.969999313354492,27.670000076293945,27.770000457763672,27.15583610534668,25317400.0
2025-08-06,T,27.940000534057617,28.059999465942383,27.450000762939453,27.489999771118164,26.882028579711914,39247200.0
2025-08-07,T,27.450000762939453,28.110000610351562,27.290000915527344,28.059999465942383,27.439422607421875,35331400.0
2025-08-08,T,28.06999969482422,28.25,28.030000686645508,28.079999923706055,27.458980560302734,23598200.0
2025-08-11,T,28.18000030517578,28.280000686645508,28.079999923706055,28.139999389648438,27.517654418945312,20602400.0
2025-08-12,T,28.139999389648438,28.700000762939453,28.139999389648438,28.479999542236328,27.850133895874023,30755100.0
2025-08-13,T,28.5,28.59000015258789,28.360000610351562,28.399999618530273,27.77190399169922,26382700.0
2025-08-14,T,28.579999923706055,28.770000457763672,28.40999984741211,28.75,28.11416244506836,24530200.0
2025-08-15,T,28.739999771118164,29.079999923706055,28.649999618530273,28.8700008392334,28.231508255004883,37020400.0
2025-08-18,T,28.979999542236328,29.149999618530273,28.8700008392334,28.920000076293945,28.28040313720703,20420600.0
2025-08-19,T,28.8700008392334,29.15999984741211,28.799999237060547,28.979999542236328,28.339075088500977,18890600.0
2025-08-20,T,29.100000381469727,29.3799991607666,29.020000457763672,29.280000686645508,28.6324405670166,34843000.0
2025-08-21,T,29.25,29.559999465942383,29.209999084472656,29.440000534057617,28.788902282714844,32991000.0
2025-08-22,T,29.469999313354492,29.649999618530273,28.68000030517578,28.770000457763672,28.13372039794922,34012000.0
2025-08-25,T,28.770000457763672,28.979999542236328,28.719999313354492,28.739999771118164,28.10438346862793,19405000.0
2025-08-26,T,28.829999923706055,28.959999084472656,28.209999084472656,28.559999465942383,27.928363800048828,49407900.0
2025-08-27,T,28.5,29.079999923706055,28.5,29.059999465942383,28.417306900024414,28026200.0
2025-08-28,T,29.020000457763672,29.020000457763672,28.75,28.940000534057617,28.29996109008789,24658100.0
2025-08-29,T,29.020000457763672,29.329999923706055,28.950000762939453,29.290000915527344,28.642221450805664,26562400.0
2025-09-02,T,29.299999237060547,29.399999618530273,29.0,29.079999923706055,28.436864852905273,31571100.0
2025-09-03,T,29.010000228881836,29.079999923706055,28.450000762939453,29.040000915527344,28.397750854492188,27245400.0
2025-09-04,T,29.18000030517578,29.700000762939453,29.030000686645508,29.579999923706055,28.925806045532227,31845400.0
2025-09-05,T,29.579999923706055,29.790000915527344,29.420000076293945,29.59000015258789,28.935585021972656,25105900.0
2025-09-08,T,28.5,29.139999389648438,28.280000686645508,28.899999618530273,28.260845184326172,40649300.0
2025-09-09,T,28.899999618530273,29.579999923706055,28.829999923706055,29.420000076293945,28.769346237182617,35105500.0
2025-09-10,T,29.25,29.440000534057617,28.899999618530273,29.200000762939453,28.554210662841797,25689400.0
2025-09-11,T,29.290000915527344,29.5,29.1200008392334,29.489999771118164,28.837797164916992,23581000.0
2025-09-12,T,29.420000076293945,29.600000381469727,29.290000915527344,29.56999969482422,28.91602897644043,22794000.0
2025-09-15,T,29.610000610351562,29.790000915527344,29.5,29.6200008392334,28.964923858642578,31486400.0
2025-09-16,T,29.6200008392334,29.649999618530273,29.209999084472656,29.329999923706055,28.68133544921875,28118200.0
2025-09-17,T,29.329999923706055,29.579999923706055,29.25,29.540000915527344,28.88669204711914,25967200.0
2025-09-18,T,29.350000381469727,29.469999313354492,29.139999389648438,29.200000762939453,28.554210662841797,30142900.0
2025-09-19,T,29.260000228881836,29.309999465942383,28.93000030517578,29.010000228881836,28.3684139251709,62155700.0
2025-09-22,T,28.940000534057617,29.06999969482422,28.739999771118164,28.920000076293945,28.28040313720703,25835300.0
2025-09-23,T,28.920000076293945,29.010000228881836,28.559999465942383,28.790000915527344,28.153278350830078,28805800.0
2025-09-24,T,28.690000534057617,28.75,28.170000076293945,28.31999969482422,27.69367218017578,28858700.0
2025-09-25,T,28.5,28.75,28.290000915527344,28.299999237060547,27.674114227294922,25658500.0
2025-09-26,T,28.3799991607666,28.56999969482422,28.25,28.309999465942383,27.68389320373535,25455100.0
2025-09-29,T,28.25,28.34000015258789,27.8799991607666,28.06999969482422,27.449201583862305,28739600.0
2025-09-30,T,28.139999389648438,28.350000381469727,28.049999237060547,28.239999771118164,27.615442276000977,34049500.0
2025-10-01,T,28.049999237060547,28.15999984741211,27.520000457763672,27.549999237060547,26.94070053100586,38415100.0
2025-10-02,T,27.399999618530273,27.43000030517578,26.8799991607666,27.010000228881836,26.41264533996582,39597200.0
2025-10-03,T,27.020000457763672,27.219999313354492,26.989999771118164,27.059999465942383,26.461538314819336,34891700.0
2025-10-06,T,26.540000915527344,26.719999313354492,25.84000015258789,25.8700008392334,25.2978572845459,63474300.0
2025-10-07,T,25.920000076293945,26.299999237060547,25.850000381469727,26.15999984741211,25.581443786621094,43249600.0
2025-10-08,T,26.229999542236328,26.350000381469727,26.020000457763672,26.25,25.669452667236328,36913200.0
2025-10-09,T,26.25,26.479999542236328,26.09000015258789,26.100000381469727,25.52277183532715,33129200.0
2025-10-10,T,25.84000015258789,26.239999771118164,25.709999084472656,25.8700008392334,25.570215225219727,37980100.0
2025-10-13,T,25.68000030517578,25.850000381469727,25.350000381469727,25.59000015258789,25.293458938598633,36313700.0
2025-10-14,T,25.579999923706055,26.149999618530273,25.579999923706055,26.1299991607666,25.827199935913086,43644900.0
2025-10-15,T,26.049999237060547,26.190000534057617,25.940000534057617,26.06999969482422,25.76789665222168,34674000.0
2025-10-16,T,26.100000381469727,26.389999389648438,26.049999237060547,26.200000762939453,25.896390914916992,49513100.0
2025-10-17,T,26.389999389648438,26.479999542236328,26.200000762939453,26.34000015258789,26.03476905822754,61491800.0
2025-10-20,T,26.34000015258789,26.440000534057617,25.829999923706055,26.100000381469727,25.797550201416016,66161100.0
2025-10-21,T,26.149999618530273,26.229999542236328,25.899999618530273,26.049999237060547,25.748126983642578,100445700.0
2025-10-22,T,24.920000076293945,25.829999923706055,24.31999969482422,25.549999237060547,25.253921508789062,95468000.0
2025-10-23,T,25.68000030517578,25.75,24.489999771118164,24.6200008392334,24.334699630737305,107294100.0
2025-10-24,T,24.639999389648438,25.190000534057617,24.56999969482422,25.139999389648438,24.84867286682129,80553700.0
2025-10-27,T,25.079999923706055,25.56999969482422,24.969999313354492,25.530000686645508,25.234155654907227,86220400.0
2025-10-28,T,25.40999984741211,25.780000686645508,25.309999465942383,25.700000762939453,25.402185440063477,77662500.0
2025-10-29,T,26.1200008392334,26.209999084472656,24.989999771118164,25.139999389648438,24.84867286682129,102715000.0
2025-10-30,T,24.989999771118164,25.18000030517578,24.6200008392334,24.68000030517578,24.394004821777344,82167800.0
2025-10-31,T,24.6299991607666,24.989999771118164,24.510000228881836,24.75,24.463193893432617,89936800.0
2025-11-03,T,24.639999389648438,24.639999389648438,24.079999923706055,24.530000686645508,24.245742797851562,89327700.0
2025-11-04,T,24.469999313354492,24.559999465942383,24.290000915527344,24.440000534057617,24.15678596496582,75032700.0
2025-11-05,T,24.459999084472656,24.729999542236328,24.43000030517578,24.559999465942383,24.275394439697266,61112200.0
2025-11-06,T,24.290000915527344,24.989999771118164,24.290000915527344,24.739999771118164,24.45330810546875,71665300.0
2025-11-07,T,24.809999465942383,25.100000381469727,24.639999389648438,24.829999923706055,24.542266845703125,62440000.0
2025-11-10,T,24.739999771118164,24.940000534057617,24.610000610351562,24.829999923706055,24.542266845703125,52677600.0
2025-11-11,T,24.93000030517578,25.299999237060547,24.8799991607666,25.18000030517578,24.88821029663086,40962700.0
2025-11-12,T,25.440000534057617,25.729999542236328,25.40999984741211,25.649999618530273,25.352764129638672,44097000.0
2025-11-13,T,25.649999618530273,25.959999084472656,25.559999465942383,25.75,25.45160484313965,49785600.0
2025-11-14,T,25.8700008392334,25.93000030517578,25.440000534057617,25.59000015258789,25.293458938598633,37390200.0
2025-11-17,T,25.6299991607666,25.709999084472656,25.43000030517578,25.469999313354492,25.174848556518555,34519900.0
2025-11-18,T,25.540000915527344,25.770000457763672,25.34000015258789,25.600000381469727,25.303342819213867,41527600.0
2025-11-19,T,25.600000381469727,25.670000076293945,25.09000015258789,25.270000457763672,24.9771671295166,34296900.0
2025-11-20,T,25.25,25.6299991607666,25.1200008392334,25.520000457763672,25.22426986694336,44631800.0
2025-11-21,T,25.520000457763672,26.18000030517578,25.5,25.93000030517578,25.629518508911133,59017100.0
2025-11-24,T,25.989999771118164,26.020000457763672,25.43000030517578,25.6200008392334,25.32311248779297,66605900.0
2025-11-25,T,25.760000228881836,26.209999084472656,25.75,25.860000610351562,25.560331344604492,44336200.0
2025-11-26,T,25.829999923706055,26.06999969482422,25.799999237060547,25.81999969482422,25.520793914794922,27713000.0
2025-11-28,T,25.81999969482422,26.020000457763672,25.760000228881836,26.020000457763672,25.718477249145508,16345800.0
2025-12-01,T,25.950000762939453,25.969999313354492,25.549999237060547,25.790000915527344,25.49114227294922,34681900.0
2025-12-02,T,25.829999923706055,25.8700008392334,25.450000762939453,25.520000457763672,25.22426986694336,30839700.0
2025-12-03,T,25.559999465942383,25.81999969482422,25.309999465942383,25.31999969482422,25.026588439941406,29138400.0
2025-12-04,T,25.3700008392334,25.559999465942383,25.229999542236328,25.389999389648438,25.095775604248047,33035200.0
2025-12-05,T,25.360000610351562,25.639999389648438,25.25,25.280000686645508,24.98705291748047,28075600.0
2025-12-08,T,25.34000015258789,25.34000015258789,24.690000534057617,24.84000015258789,24.55215072631836,41475000.0
2025-12-09,T,24.84000015258789,24.989999771118164,24.360000610351562,24.510000228881836,24.225975036621094,41499600.0
2025-12-10,T,24.559999465942383,24.600000381469727,24.280000686645508,24.389999389648438,24.107364654541016,48955400.0
2025-12-11,T,24.459999084472656,24.709999084472656,24.270000457763672,24.299999237060547,24.018407821655273,38931800.0
2025-12-12,T,24.389999389648438,24.809999465942383,24.270000457763672,24.579999923706055,24.295162200927734,34207700.0
2025-12-15,T,24.489999771118164,24.6299991607666,24.219999313354492,24.309999465942383,24.028291702270508,37162500.0
2025-12-16,T,24.360000610351562,24.389999389648438,24.010000228881836,24.06999969482422,23.791072845458984,35702000.0
2025-12-17,T,24.110000610351562,24.450000762939453,24.079999923706055,24.360000610351562,24.077713012695312,39455100.0
2025-12-18,T,24.309999465942383,24.549999237060547,24.229999542236328,24.260000228881836,23.978872299194336,31038800.0
2025-12-19,T,24.209999084472656,24.280000686645508,24.020000457763672,24.149999618530273,23.870145797729492,89822300.0
2025-12-22,T,24.149999618530273,24.450000762939453,24.09000015258789,24.299999237060547,24.018407821655273,29049300.0
2025-12-23,T,24.280000686645508,24.530000686645508,24.260000228881836,24.459999084472656,24.17655372619629,20869100.0
2025-12-24,T,24.3700008392334,24.709999084472656,24.3700008392334,24.65999984741211,24.374235153198242,13904100.0
2025-12-26,T,24.610000610351562,24.770000457763672,24.59000015258789,24.649999618530273,24.364351272583008,16070100.0
2025-12-29,T,24.68000030517578,24.940000534057617,24.68000030517578,24.770000457763672,24.482961654663086,30322100.0
2025-12-30,T,24.770000457763672,24.860000610351562,24.729999542236328,24.809999465942383,24.522497177124023,21047900.0
