Date,Ticker,Open,High,Low,Close,Adj Close,Volume
2015-01-02,USB,45.43000030517578,45.4900016784668,44.400001525878906,44.83000183105469,30.489181518554688,5010500.0
2015-01-05,USB,44.54999923706055,44.77000045776367,43.689998626708984,43.75,29.754671096801758,6568700.0
2015-01-06,USB,43.900001525878906,44.0,42.880001068115234,43.16999816894531,29.360200881958008,8523700.0
2015-01-07,USB,43.599998474121094,43.689998626708984,43.13999938964844,43.54999923706055,29.618633270263672,5073700.0
2015-01-08,USB,43.970001220703125,44.15999984741211,43.779998779296875,43.869998931884766,29.836280822753906,10417600.0
2015-01-09,USB,43.880001068115234,44.029998779296875,42.81999969482422,42.959999084472656,29.217382431030273,8095700.0
2015-01-12,USB,42.97999954223633,43.130001068115234,42.439998626708984,42.560001373291016,28.945348739624023,4857700.0
2015-01-13,USB,42.79999923706055,43.02000045776367,41.77000045776367,42.099998474121094,28.63248634338379,7298100.0
2015-01-14,USB,41.5099983215332,41.70000076293945,40.77000045776367,41.34000015258789,28.115598678588867,12845300.0
2015-01-15,USB,41.22999954223633,41.349998474121094,40.70000076293945,40.939998626708984,27.84356689453125,10875800.0
2015-01-16,USB,40.75,41.56999969482422,40.75,41.52000045776367,28.238037109375,9896400.0
2015-01-20,USB,41.65999984741211,41.68000030517578,40.7400016784668,41.209999084472656,28.027189254760742,12682100.0
2015-01-21,USB,41.59000015258789,42.849998474121094,41.349998474121094,42.20000076293945,28.700502395629883,11209400.0
2015-01-22,USB,42.54999923706055,43.540000915527344,42.40999984741211,43.43000030517578,29.53703498840332,9471900.0
2015-01-23,USB,43.40999984741211,43.790000915527344,43.310001373291016,43.31999969482422,29.462221145629883,8159000.0
2015-01-26,USB,43.150001525878906,43.560001373291016,42.939998626708984,43.529998779296875,29.605052947998047,4607600.0
2015-01-27,USB,42.939998626708984,43.34000015258789,42.810001373291016,42.97999954223633,29.230979919433594,5395500.0
2015-01-28,USB,43.15999984741211,43.290000915527344,42.09000015258789,42.099998474121094,28.63248634338379,7580400.0
2015-01-29,USB,42.119998931884766,42.689998626708984,42.0,42.56999969482422,28.952133178710938,6882900.0
2015-01-30,USB,41.970001220703125,42.47999954223633,41.83000183105469,41.90999984741211,28.50327491760254,10416500.0
2015-02-02,USB,42.20000076293945,42.779998779296875,41.68000030517578,42.72999954223633,29.060958862304688,6199500.0
2015-02-03,USB,42.470001220703125,43.54999923706055,42.470001220703125,43.279998779296875,29.435012817382812,8767500.0
2015-02-04,USB,43.13999938964844,43.95000076293945,43.13999938964844,43.58000183105469,29.639057159423828,9661800.0
2015-02-05,USB,43.75,44.13999938964844,43.619998931884766,44.0,29.924697875976562,6625400.0
2015-02-06,USB,44.310001373291016,44.900001525878906,44.2400016784668,44.40999984741211,30.203536987304688,7490900.0
2015-02-09,USB,44.09000015258789,44.43000030517578,44.0099983215332,44.16999816894531,30.040311813354492,4569200.0
2015-02-10,USB,44.56999969482422,44.650001525878906,44.25,44.52000045776367,30.278356552124023,5983500.0
2015-02-11,USB,44.33000183105469,44.41999816894531,44.02000045776367,44.27000045776367,30.108320236206055,4017400.0
2015-02-12,USB,44.63999938964844,45.150001525878906,44.31999969482422,45.119998931884766,30.686410903930664,7120300.0
2015-02-13,USB,45.119998931884766,45.2599983215332,44.869998931884766,45.06999969482422,30.65239715576172,8634500.0
2015-02-17,USB,44.88999938964844,45.16999816894531,44.66999816894531,45.06999969482422,30.65239715576172,4980200.0
2015-02-18,USB,44.93000030517578,45.099998474121094,44.459999084472656,44.529998779296875,30.285154342651367,5182800.0
2015-02-19,USB,44.470001220703125,44.56999969482422,44.119998931884766,44.31999969482422,30.14232635498047,5012900.0
2015-02-20,USB,44.08000183105469,44.650001525878906,43.83000183105469,44.619998931884766,30.346357345581055,7120800.0
2015-02-23,USB,44.439998626708984,44.5,44.209999084472656,44.47999954223633,30.251148223876953,3994500.0
2015-02-24,USB,44.540000915527344,44.86000061035156,44.5,44.720001220703125,30.41437530517578,5083600.0
2015-02-25,USB,44.779998779296875,44.939998626708984,44.61000061035156,44.84000015258789,30.495981216430664,3773000.0
2015-02-26,USB,44.79999923706055,44.9900016784668,44.630001068115234,44.93000030517578,30.557193756103516,4133900.0
2015-02-27,USB,44.86000061035156,44.9900016784668,44.599998474121094,44.61000061035156,30.339555740356445,4626000.0
2015-03-02,USB,44.61000061035156,44.880001068115234,44.45000076293945,44.880001068115234,30.523193359375,4716900.0
2015-03-03,USB,44.630001068115234,44.84000015258789,44.47999954223633,44.75,30.434770584106445,4142800.0
2015-03-04,USB,44.5099983215332,44.56999969482422,44.2599983215332,44.40999984741211,30.203536987304688,5553200.0
2015-03-05,USB,44.439998626708984,44.619998931884766,44.20000076293945,44.58000183105469,30.319156646728516,4148900.0
2015-03-06,USB,44.63999938964844,45.459999084472656,44.540000915527344,44.66999816894531,30.380361557006836,7189100.0
2015-03-09,USB,44.68000030517578,45.0099983215332,44.650001525878906,44.88999938964844,30.529993057250977,5090500.0
2015-03-10,USB,44.47999954223633,44.4900016784668,43.709999084472656,43.709999084472656,29.72745704650879,5399300.0
2015-03-11,USB,43.849998474121094,44.040000915527344,43.56999969482422,43.75,29.754671096801758,6232400.0
2015-03-12,USB,44.130001068115234,44.5,43.880001068115234,44.470001220703125,30.244342803955078,9056800.0
2015-03-13,USB,44.459999084472656,44.540000915527344,43.95000076293945,44.290000915527344,30.121929168701172,5593800.0
2015-03-16,USB,44.5099983215332,45.06999969482422,44.369998931884766,44.970001220703125,30.584396362304688,6022300.0
2015-03-17,USB,44.689998626708984,45.0,44.459999084472656,44.95000076293945,30.57078742980957,4972800.0
2015-03-18,USB,44.689998626708984,45.15999984741211,44.5,44.849998474121094,30.50278091430664,8831300.0
2015-03-19,USB,44.810001373291016,44.810001373291016,44.220001220703125,44.439998626708984,30.22393226623535,7568500.0
2015-03-20,USB,44.61000061035156,45.060001373291016,44.43000030517578,44.86000061035156,30.509584426879883,10343100.0
2015-03-23,USB,44.90999984741211,45.08000183105469,44.70000076293945,44.709999084472656,30.40757179260254,6753900.0
2015-03-24,USB,44.58000183105469,44.68000030517578,44.20000076293945,44.20000076293945,30.06071662902832,4844500.0
2015-03-25,USB,44.130001068115234,44.209999084472656,43.40999984741211,43.41999816894531,29.530227661132812,6434700.0
2015-03-26,USB,43.2400016784668,43.470001220703125,42.72999954223633,43.25,29.41461753845215,6705900.0
2015-03-27,USB,43.060001373291016,43.08000183105469,42.709999084472656,42.86000061035156,29.31544303894043,4816300.0
2015-03-30,USB,43.08000183105469,44.029998779296875,43.06999969482422,43.790000915527344,29.9515380859375,6236700.0
2015-03-31,USB,43.470001220703125,43.84000015258789,43.34000015258789,43.66999816894531,29.869461059570312,5714100.0
2015-04-01,USB,43.540000915527344,43.61000061035156,43.119998931884766,43.4900016784668,29.746349334716797,6130100.0
2015-04-02,USB,43.470001220703125,43.86000061035156,43.380001068115234,43.709999084472656,29.89681625366211,4470700.0
2015-04-06,USB,43.0099983215332,43.540000915527344,42.86000061035156,43.31999969482422,29.63006591796875,5942800.0
2015-04-07,USB,43.369998931884766,43.540000915527344,43.189998626708984,43.349998474121094,29.650596618652344,4355400.0
2015-04-08,USB,43.369998931884766,43.619998931884766,43.310001373291016,43.43000030517578,29.705310821533203,3820400.0
2015-04-09,USB,43.279998779296875,43.59000015258789,43.119998931884766,43.56999969482422,29.801061630249023,3702700.0
2015-04-10,USB,43.5,43.7599983215332,43.310001373291016,43.75,29.924182891845703,4030200.0
2015-04-13,USB,43.810001373291016,44.18000030517578,43.65999984741211,44.09000015258789,30.156726837158203,6135300.0
2015-04-14,USB,43.79999923706055,44.040000915527344,43.31999969482422,43.529998779296875,29.773700714111328,7541800.0
2015-04-15,USB,43.11000061035156,43.880001068115234,43.040000915527344,43.43000030517578,29.705310821533203,10906400.0
2015-04-16,USB,43.380001068115234,43.380001068115234,42.52000045776367,42.939998626708984,29.37015724182129,10147100.0
2015-04-17,USB,42.650001525878906,42.75,42.119998931884766,42.439998626708984,29.028162002563477,9390500.0
2015-04-20,USB,42.720001220703125,42.93000030517578,42.599998474121094,42.7599983215332,29.247037887573242,5703100.0
2015-04-21,USB,42.900001525878906,42.9900016784668,42.459999084472656,42.5,29.069204330444336,6165600.0
2015-04-22,USB,42.68000030517578,42.95000076293945,42.2599983215332,42.83000183105469,29.294919967651367,5518100.0
2015-04-23,USB,42.66999816894531,43.0,42.52000045776367,42.81999969482422,29.2880859375,6878300.0
2015-04-24,USB,42.66999816894531,42.86000061035156,42.4900016784668,42.7400016784668,29.23336410522461,6454900.0
2015-04-27,USB,42.84000015258789,43.040000915527344,42.540000915527344,42.560001373291016,29.11025619506836,5703900.0
2015-04-28,USB,42.560001373291016,42.959999084472656,42.400001525878906,42.869998931884766,29.322280883789062,5804400.0
2015-04-29,USB,42.70000076293945,43.220001220703125,42.689998626708984,42.97999954223633,29.397518157958984,5639500.0
2015-04-30,USB,42.939998626708984,43.18000030517578,42.59000015258789,42.869998931884766,29.322280883789062,6455300.0
2015-05-01,USB,43.0,43.189998626708984,42.7599983215332,42.90999984741211,29.349628448486328,3736600.0
2015-05-04,USB,43.06999969482422,43.59000015258789,42.970001220703125,43.540000915527344,29.780550003051758,5120000.0
2015-05-05,USB,43.349998474121094,43.790000915527344,43.2400016784668,43.25,29.58218765258789,5444900.0
2015-05-06,USB,43.650001525878906,43.650001525878906,42.83000183105469,43.099998474121094,29.479585647583008,4800200.0
2015-05-07,USB,43.09000015258789,43.22999954223633,42.810001373291016,43.099998474121094,29.479585647583008,4677400.0
2015-05-08,USB,43.349998474121094,43.880001068115234,43.18000030517578,43.86000061035156,29.999406814575195,5162100.0
2015-05-11,USB,43.77000045776367,43.97999954223633,43.709999084472656,43.75,29.924182891845703,3953800.0
2015-05-12,USB,43.5,43.95000076293945,43.22999954223633,43.900001525878906,30.026782989501953,6714700.0
2015-05-13,USB,43.849998474121094,44.2400016784668,43.720001220703125,44.13999938964844,30.19094467163086,5966400.0
2015-05-14,USB,44.36000061035156,44.45000076293945,44.06999969482422,44.380001068115234,30.355079650878906,4147400.0
2015-05-15,USB,44.400001525878906,44.470001220703125,43.72999954223633,43.93000030517578,30.04729461669922,4966300.0
2015-05-18,USB,43.970001220703125,44.279998779296875,43.91999816894531,44.20000076293945,30.231975555419922,5101200.0
2015-05-19,USB,44.40999984741211,44.72999954223633,44.279998779296875,44.689998626708984,30.56711769104004,4555700.0
2015-05-20,USB,44.599998474121094,44.650001525878906,44.0,44.09000015258789,30.156726837158203,8055700.0
2015-05-21,USB,44.0099983215332,44.11000061035156,43.83000183105469,43.86000061035156,29.999406814575195,5960000.0
2015-05-22,USB,43.86000061035156,43.959999084472656,43.540000915527344,43.56999969482422,29.801061630249023,6133800.0
2015-05-26,USB,43.540000915527344,43.599998474121094,43.22999954223633,43.369998931884766,29.664268493652344,7536400.0
2015-05-27,USB,43.58000183105469,44.060001373291016,43.459999084472656,43.86000061035156,29.999406814575195,5808500.0
2015-05-28,USB,43.75,43.81999969482422,43.459999084472656,43.70000076293945,29.889978408813477,4846200.0
2015-05-29,USB,43.7599983215332,43.779998779296875,43.060001373291016,43.11000061035156,29.486431121826172,7785600.0
2015-06-01,USB,43.25,43.38999938964844,42.77000045776367,42.970001220703125,29.390684127807617,5242000.0
2015-06-02,USB,42.869998931884766,43.290000915527344,42.70000076293945,43.130001068115234,29.50011444091797,4290600.0
2015-06-03,USB,43.31999969482422,44.040000915527344,43.20000076293945,43.970001220703125,30.07465171813965,8312800.0
2015-06-04,USB,43.790000915527344,43.93000030517578,43.40999984741211,43.4900016784668,29.746349334716797,6980900.0
2015-06-05,USB,43.869998931884766,44.4900016784668,43.83000183105469,43.9900016784668,30.08832550048828,7470100.0
2015-06-08,USB,43.880001068115234,44.15999984741211,43.63999938964844,43.65999984741211,29.862627029418945,5831400.0
2015-06-09,USB,43.77000045776367,44.369998931884766,43.59000015258789,44.06999969482422,30.143054962158203,6495900.0
2015-06-10,USB,44.279998779296875,45.040000915527344,44.27000045776367,44.810001373291016,30.649194717407227,7944500.0
2015-06-11,USB,44.849998474121094,45.11000061035156,44.68000030517578,44.849998474121094,30.676546096801758,7059500.0
2015-06-12,USB,44.75,44.880001068115234,44.5,44.779998779296875,30.628677368164062,4763500.0
2015-06-15,USB,44.31999969482422,44.599998474121094,44.130001068115234,44.400001525878906,30.368776321411133,6290000.0
2015-06-16,USB,44.279998779296875,44.63999938964844,44.27000045776367,44.59000015258789,30.49872398376465,5831700.0
2015-06-17,USB,44.7599983215332,45.06999969482422,44.560001373291016,44.63999938964844,30.532922744750977,8008000.0
2015-06-18,USB,44.709999084472656,45.060001373291016,44.40999984741211,44.779998779296875,30.628677368164062,8892500.0
2015-06-19,USB,44.59000015258789,44.81999969482422,44.33000183105469,44.63999938964844,30.532922744750977,14699700.0
2015-06-22,USB,44.959999084472656,45.20000076293945,44.83000183105469,44.97999954223633,30.765472412109375,5213600.0
2015-06-23,USB,45.18000030517578,45.290000915527344,44.959999084472656,45.099998474121094,30.847553253173828,4544600.0
2015-06-24,USB,44.84000015258789,45.09000015258789,44.70000076293945,44.7400016784668,30.6013240814209,5960700.0
2015-06-25,USB,44.79999923706055,45.040000915527344,44.54999923706055,44.560001373291016,30.47820281982422,5714100.0
2015-06-26,USB,44.529998779296875,44.790000915527344,44.45000076293945,44.5099983215332,30.619230270385742,6822400.0
2015-06-29,USB,43.90999984741211,44.20000076293945,43.38999938964844,43.40999984741211,29.862516403198242,7302000.0
2015-06-30,USB,43.84000015258789,44.189998626708984,43.310001373291016,43.400001525878906,29.85563850402832,7549700.0
2015-07-01,USB,43.91999816894531,44.18000030517578,43.7400016784668,44.150001525878906,30.3715763092041,6025200.0
2015-07-02,USB,44.09000015258789,44.13999938964844,43.470001220703125,43.619998931884766,30.00697898864746,4843000.0
2015-07-06,USB,43.150001525878906,43.650001525878906,43.04999923706055,43.599998474121094,29.99321174621582,6146600.0
2015-07-07,USB,43.47999954223633,43.54999923706055,42.91999816894531,43.470001220703125,29.903791427612305,8586900.0
2015-07-08,USB,43.2400016784668,43.2400016784668,42.650001525878906,42.66999816894531,29.353456497192383,6207200.0
2015-07-09,USB,43.290000915527344,43.439998626708984,42.939998626708984,42.959999084472656,29.552947998046875,6403200.0
2015-07-10,USB,43.7599983215332,43.810001373291016,43.2599983215332,43.439998626708984,29.883148193359375,5414600.0
2015-07-13,USB,43.7400016784668,43.900001525878906,43.56999969482422,43.83000183105469,30.151445388793945,6065500.0
2015-07-14,USB,43.709999084472656,43.95000076293945,43.529998779296875,43.880001068115234,30.18584632873535,8762300.0
2015-07-15,USB,43.959999084472656,45.810001373291016,43.900001525878906,45.529998779296875,31.32089614868164,16088700.0
2015-07-16,USB,45.880001068115234,46.2599983215332,45.77000045776367,45.86000061035156,31.547916412353516,10761600.0
2015-07-17,USB,45.619998931884766,46.0099983215332,45.529998779296875,45.849998474121094,31.541030883789062,7157000.0
2015-07-20,USB,45.959999084472656,46.13999938964844,45.779998779296875,45.84000015258789,31.534160614013672,5571000.0
2015-07-21,USB,45.880001068115234,46.029998779296875,45.61000061035156,45.7400016784668,31.46537208557129,5547800.0
2015-07-22,USB,45.68000030517578,46.11000061035156,45.630001068115234,45.95000076293945,31.609830856323242,7022300.0
2015-07-23,USB,45.90999984741211,46.20000076293945,45.58000183105469,45.65999984741211,31.41033363342285,7656400.0
2015-07-24,USB,45.560001373291016,45.709999084472656,45.25,45.279998779296875,31.148929595947266,6900900.0
2015-07-27,USB,44.97999954223633,45.029998779296875,44.70000076293945,44.79999923706055,30.818727493286133,5963500.0
2015-07-28,USB,45.029998779296875,45.06999969482422,44.560001373291016,44.72999954223633,30.770572662353516,7497300.0
2015-07-29,USB,44.72999954223633,45.11000061035156,44.68000030517578,45.0099983215332,30.963186264038086,7108900.0
2015-07-30,USB,44.79999923706055,45.13999938964844,44.79999923706055,45.060001373291016,30.997577667236328,6096800.0
2015-07-31,USB,45.119998931884766,45.279998779296875,44.91999816894531,45.209999084472656,31.100780487060547,6633800.0
2015-08-03,USB,45.130001068115234,45.2400016784668,44.790000915527344,45.08000183105469,31.011341094970703,5964000.0
2015-08-04,USB,45.04999923706055,45.47999954223633,44.970001220703125,45.220001220703125,31.107641220092773,4705900.0
2015-08-05,USB,45.529998779296875,45.72999954223633,45.2599983215332,45.43000030517578,31.25211524963379,3765000.0
2015-08-06,USB,45.540000915527344,45.709999084472656,45.119998931884766,45.209999084472656,31.100780487060547,3566700.0
2015-08-07,USB,45.220001220703125,45.4900016784668,44.84000015258789,45.11000061035156,31.031986236572266,4616600.0
2015-08-10,USB,45.459999084472656,46.02000045776367,45.439998626708984,46.02000045776367,31.657997131347656,5260300.0
2015-08-11,USB,45.5,45.720001220703125,45.25,45.400001525878906,31.231475830078125,5351800.0
2015-08-12,USB,45.119998931884766,45.119998931884766,44.2599983215332,44.88999938964844,30.880645751953125,5657200.0
2015-08-13,USB,44.970001220703125,45.18000030517578,44.790000915527344,45.06999969482422,31.004470825195312,3450700.0
2015-08-14,USB,45.06999969482422,45.63999938964844,45.0,45.599998474121094,31.369054794311523,4583500.0
2015-08-17,USB,45.29999923706055,45.86000061035156,45.209999084472656,45.650001525878906,31.403457641601562,4527200.0
2015-08-18,USB,45.66999816894531,45.84000015258789,45.54999923706055,45.75,31.47225570678711,3762100.0
2015-08-19,USB,45.540000915527344,45.810001373291016,45.2599983215332,45.36000061035156,31.20395851135254,6057400.0
2015-08-20,USB,44.880001068115234,44.900001525878906,44.099998474121094,44.099998474121094,30.337177276611328,7724500.0
2015-08-21,USB,43.63999938964844,43.810001373291016,42.7599983215332,42.779998779296875,29.429141998291016,10079800.0
2015-08-24,USB,40.31999969482422,41.970001220703125,38.810001373291016,40.75,28.032663345336914,19382200.0
2015-08-25,USB,42.040000915527344,42.13999938964844,39.720001220703125,39.7599983215332,27.351621627807617,16313700.0
2015-08-26,USB,40.65999984741211,41.47999954223633,40.13999938964844,41.40999984741211,28.486679077148438,12679500.0
2015-08-27,USB,41.88999938964844,42.630001068115234,41.720001220703125,42.58000183105469,29.291545867919922,9832900.0
2015-08-28,USB,42.43000030517578,42.7400016784668,42.2599983215332,42.59000015258789,29.298425674438477,6053700.0
2015-08-31,USB,42.29999923706055,42.56999969482422,42.20000076293945,42.349998474121094,29.133319854736328,6342200.0
2015-09-01,USB,41.34000015258789,41.41999816894531,40.0,40.27000045776367,27.70245933532715,12097800.0
2015-09-02,USB,40.959999084472656,41.099998474121094,40.43000030517578,41.02000045776367,28.218393325805664,6052700.0
2015-09-03,USB,41.16999816894531,41.93000030517578,41.099998474121094,41.439998626708984,28.5073299407959,6721200.0
2015-09-04,USB,40.86000061035156,41.0,40.209999084472656,40.54999923706055,27.89507484436035,8078400.0
2015-09-08,USB,41.400001525878906,41.459999084472656,40.79999923706055,41.43000030517578,28.500436782836914,11072300.0
2015-09-09,USB,41.90999984741211,42.02000045776367,40.790000915527344,40.880001068115234,28.12208366394043,7780300.0
2015-09-10,USB,40.689998626708984,41.43000030517578,40.650001525878906,41.099998474121094,28.273435592651367,9575000.0
2015-09-11,USB,40.939998626708984,41.09000015258789,40.540000915527344,41.060001373291016,28.24591064453125,8327100.0
2015-09-14,USB,40.90999984741211,41.15999984741211,40.7400016784668,40.91999816894531,28.149595260620117,8854000.0
2015-09-15,USB,41.13999938964844,42.189998626708984,41.099998474121094,42.0,28.892559051513672,11631300.0
2015-09-16,USB,41.959999084472656,42.40999984741211,41.75,42.36000061035156,29.14021110534668,7683400.0
2015-09-17,USB,42.40999984741211,42.689998626708984,41.459999084472656,41.65999984741211,28.658660888671875,15542700.0
2015-09-18,USB,41.099998474121094,41.279998779296875,40.7400016784668,41.16999816894531,28.321571350097656,33377500.0
2015-09-21,USB,41.470001220703125,41.66999816894531,41.11000061035156,41.52000045776367,28.562349319458008,8472100.0
2015-09-22,USB,40.779998779296875,41.209999084472656,40.70000076293945,41.099998474121094,28.273435592651367,8851600.0
2015-09-23,USB,41.060001373291016,41.2400016784668,40.84000015258789,41.060001373291016,28.24591064453125,3917700.0
2015-09-24,USB,40.59000015258789,40.849998474121094,40.20000076293945,40.7599983215332,28.039533615112305,8418500.0
2015-09-25,USB,41.470001220703125,42.0099983215332,41.29999923706055,41.66999816894531,28.66554832458496,8788400.0
2015-09-28,USB,41.150001525878906,41.34000015258789,40.29999923706055,40.41999816894531,27.976844787597656,9427500.0
2015-09-29,USB,40.52000045776367,40.720001220703125,40.18000030517578,40.650001525878906,28.136051177978516,6411300.0
2015-09-30,USB,41.13999938964844,41.2599983215332,40.7599983215332,41.0099983215332,28.38521957397461,8825200.0
2015-10-01,USB,41.02000045776367,41.310001373291016,40.529998779296875,41.130001068115234,28.468278884887695,6274100.0
2015-10-02,USB,39.97999954223633,40.75,39.279998779296875,40.75,28.205265045166016,15273500.0
2015-10-05,USB,41.13999938964844,41.63999938964844,41.06999969482422,41.560001373291016,28.76590347290039,6488900.0
2015-10-06,USB,41.45000076293945,41.70000076293945,41.31999969482422,41.4900016784668,28.717453002929688,5352300.0
2015-10-07,USB,41.790000915527344,42.08000183105469,41.54999923706055,41.790000915527344,28.925106048583984,4870400.0
2015-10-08,USB,41.560001373291016,41.959999084472656,41.38999938964844,41.900001525878906,29.001239776611328,5017900.0
2015-10-09,USB,42.029998779296875,42.099998474121094,41.349998474121094,41.58000183105469,28.77975082397461,4307300.0
2015-10-12,USB,41.66999816894531,41.810001373291016,41.41999816894531,41.630001068115234,28.814359664916992,3788000.0
2015-10-13,USB,41.47999954223633,41.61000061035156,41.33000183105469,41.43000030517578,28.675918579101562,4328700.0
2015-10-14,USB,41.33000183105469,41.369998931884766,40.380001068115234,40.5,28.03221893310547,10003800.0
2015-10-15,USB,41.220001220703125,41.63999938964844,40.68000030517578,41.0099983215332,28.38521957397461,12242600.0
2015-10-16,USB,41.189998626708984,41.540000915527344,40.68000030517578,40.77000045776367,28.21909523010254,12933500.0
2015-10-19,USB,40.63999938964844,41.11000061035156,40.630001068115234,40.72999954223633,28.19141387939453,7749200.0
2015-10-20,USB,40.84000015258789,41.5099983215332,40.75,41.25,28.55133628845215,6848700.0
2015-10-21,USB,41.4900016784668,41.7400016784668,41.06999969482422,41.099998474121094,28.447521209716797,8864500.0
2015-10-22,USB,41.36000061035156,42.279998779296875,41.36000061035156,41.84000015258789,28.959712982177734,7961800.0
2015-10-23,USB,42.150001525878906,42.68000030517578,41.84000015258789,42.619998931884766,29.499595642089844,9879400.0
2015-10-26,USB,42.540000915527344,42.779998779296875,42.22999954223633,42.52000045776367,29.43036651611328,5262000.0
2015-10-27,USB,42.2599983215332,42.459999084472656,41.900001525878906,42.099998474121094,29.139657974243164,5796000.0
2015-10-28,USB,42.20000076293945,43.22999954223633,42.09000015258789,43.060001373291016,29.80413818359375,9443400.0
2015-10-29,USB,42.97999954223633,43.220001220703125,42.810001373291016,43.0,29.762609481811523,5574500.0
2015-10-30,USB,42.97999954223633,42.9900016784668,42.06999969482422,42.18000030517578,29.19502830505371,9148400.0
2015-11-02,USB,42.2400016784668,42.84000015258789,42.2400016784668,42.59000015258789,29.47882080078125,5523800.0
2015-11-03,USB,42.599998474121094,42.869998931884766,42.22999954223633,42.70000076293945,29.55495834350586,3559200.0
2015-11-04,USB,42.72999954223633,42.91999816894531,42.4900016784668,42.619998931884766,29.499595642089844,4060800.0
2015-11-05,USB,42.619998931884766,42.81999969482422,42.36000061035156,42.630001068115234,29.506511688232422,6377500.0
2015-11-06,USB,43.720001220703125,44.2400016784668,43.5,43.720001220703125,30.26095199584961,12058000.0
2015-11-09,USB,43.7400016784668,43.86000061035156,43.029998779296875,43.34000015258789,29.997936248779297,6781300.0
2015-11-10,USB,43.189998626708984,43.529998779296875,43.08000183105469,43.36000061035156,30.01178741455078,6170200.0
2015-11-11,USB,43.619998931884766,43.7400016784668,43.20000076293945,43.33000183105469,29.991018295288086,4852700.0
2015-11-12,USB,43.040000915527344,43.06999969482422,42.68000030517578,42.720001220703125,29.568809509277344,6991800.0
2015-11-13,USB,42.4900016784668,42.810001373291016,42.2400016784668,42.380001068115234,29.333463668823242,6646000.0
2015-11-16,USB,42.369998931884766,43.130001068115234,42.2599983215332,43.11000061035156,29.838743209838867,6042600.0
2015-11-17,USB,43.18000030517578,43.4900016784668,42.83000183105469,43.02000045776367,29.77644920349121,6457700.0
2015-11-18,USB,43.11000061035156,43.97999954223633,42.939998626708984,43.88999938964844,30.378618240356445,8560200.0
2015-11-19,USB,43.90999984741211,44.27000045776367,43.7400016784668,44.150001525878906,30.55858039855957,6414200.0
2015-11-20,USB,44.38999938964844,44.40999984741211,43.939998626708984,44.040000915527344,30.482444763183594,6977400.0
2015-11-23,USB,44.060001373291016,44.18000030517578,43.689998626708984,43.779998779296875,30.302480697631836,6032900.0
2015-11-24,USB,43.56999969482422,43.9900016784668,43.38999938964844,43.86000061035156,30.357847213745117,5955300.0
2015-11-25,USB,43.900001525878906,43.939998626708984,43.63999938964844,43.77000045776367,30.295562744140625,4284600.0
2015-11-27,USB,43.869998931884766,43.9900016784668,43.56999969482422,43.900001525878906,30.385543823242188,2093500.0
2015-11-30,USB,43.93000030517578,44.119998931884766,43.7400016784668,43.88999938964844,30.378618240356445,7461700.0
2015-12-01,USB,44.13999938964844,44.43000030517578,43.88999938964844,44.310001373291016,30.66933250427246,4913800.0
2015-12-02,USB,44.36000061035156,44.45000076293945,43.689998626708984,43.77000045776367,30.295562744140625,6301200.0
2015-12-03,USB,43.970001220703125,43.970001220703125,43.04999923706055,43.20000076293945,29.901033401489258,5560600.0
2015-12-04,USB,43.459999084472656,44.41999816894531,43.369998931884766,44.34000015258789,30.690093994140625,8421400.0
2015-12-07,USB,44.13999938964844,44.369998931884766,43.77000045776367,44.11000061035156,30.530893325805664,5728900.0
2015-12-08,USB,43.83000183105469,44.02000045776367,43.36000061035156,43.54999923706055,30.143291473388672,6751100.0
2015-12-09,USB,43.2400016784668,43.810001373291016,42.720001220703125,43.0099983215332,29.76952362060547,6713400.0
2015-12-10,USB,43.060001373291016,43.59000015258789,42.790000915527344,43.18000030517578,29.887191772460938,6256600.0
2015-12-11,USB,42.5099983215332,42.77000045776367,41.939998626708984,42.220001220703125,29.22272491455078,6531700.0
2015-12-14,USB,42.29999923706055,42.560001373291016,41.84000015258789,42.43000030517578,29.368085861206055,7422800.0
2015-12-15,USB,42.9900016784668,43.84000015258789,42.91999816894531,43.66999816894531,30.226346969604492,6971200.0
2015-12-16,USB,43.93000030517578,44.4900016784668,43.40999984741211,44.36000061035156,30.70393180847168,10016800.0
2015-12-17,USB,44.52000045776367,44.58000183105469,43.83000183105469,43.83000183105469,30.337093353271484,6896700.0
2015-12-18,USB,43.540000915527344,43.58000183105469,42.349998474121094,42.36000061035156,29.319629669189453,14632800.0
2015-12-21,USB,42.65999984741211,42.97999954223633,42.15999984741211,42.59000015258789,29.47882080078125,5610500.0
2015-12-22,USB,42.90999984741211,42.91999816894531,42.16999816894531,42.70000076293945,29.55495834350586,5041000.0
2015-12-23,USB,43.09000015258789,43.4900016784668,42.869998931884766,43.47999954223633,30.094846725463867,4846400.0
2015-12-24,USB,43.380001068115234,43.59000015258789,43.349998474121094,43.41999816894531,30.05331039428711,2170100.0
2015-12-28,USB,43.2400016784668,43.349998474121094,42.7400016784668,43.04999923706055,29.797210693359375,5828500.0
2015-12-29,USB,43.150001525878906,43.61000061035156,43.13999938964844,43.52000045776367,30.302013397216797,4912000.0
2015-12-30,USB,43.369998931884766,43.5099983215332,42.970001220703125,43.0099983215332,29.946901321411133,4750500.0
2015-12-31,USB,42.790000915527344,43.13999938964844,42.650001525878906,42.66999816894531,29.71018409729004,4483800.0
2016-01-04,USB,41.75,41.81999969482422,41.11000061035156,41.47999954223633,28.881601333618164,9258100.0
2016-01-05,USB,41.470001220703125,41.720001220703125,41.189998626708984,41.68000030517578,29.02086067199707,7654400.0
2016-01-06,USB,41.040000915527344,41.56999969482422,40.810001373291016,41.04999923706055,28.582204818725586,6779600.0
2016-01-07,USB,40.310001373291016,40.66999816894531,39.88999938964844,40.27000045776367,28.039112091064453,9959800.0
2016-01-08,USB,40.63999938964844,40.709999084472656,39.619998931884766,39.70000076293945,27.64223289489746,8475200.0
2016-01-11,USB,40.0099983215332,40.11000061035156,39.47999954223633,39.86000061035156,27.75364112854004,6668800.0
2016-01-12,USB,40.400001525878906,40.65999984741211,39.689998626708984,40.619998931884766,28.282817840576172,9915500.0
2016-01-13,USB,40.91999816894531,41.040000915527344,38.95000076293945,39.0099983215332,27.16179656982422,11910700.0
2016-01-14,USB,39.599998474121094,40.209999084472656,39.11000061035156,39.93000030517578,27.802370071411133,13490300.0
2016-01-15,USB,38.0099983215332,39.439998626708984,37.970001220703125,39.04999923706055,27.18964958190918,14534000.0
2016-01-19,USB,39.470001220703125,39.869998931884766,38.75,39.130001068115234,27.245357513427734,11311300.0
2016-01-20,USB,38.29999923706055,39.33000183105469,38.2599983215332,38.869998931884766,27.064327239990234,13476300.0
2016-01-21,USB,38.939998626708984,39.45000076293945,38.4900016784668,38.52000045776367,26.820619583129883,12508900.0
2016-01-22,USB,39.29999923706055,39.630001068115234,39.029998779296875,39.369998931884766,27.412466049194336,8942900.0
2016-01-25,USB,39.290000915527344,39.349998474121094,38.22999954223633,38.290000915527344,26.660476684570312,10258700.0
2016-01-26,USB,38.439998626708984,39.27000045776367,38.290000915527344,39.02000045776367,27.168766021728516,7659000.0
2016-01-27,USB,39.119998931884766,39.9900016784668,38.83000183105469,39.18000030517578,27.280166625976562,7619400.0
2016-01-28,USB,39.5099983215332,39.79999923706055,39.0,39.220001220703125,27.308019638061523,8983600.0
2016-01-29,USB,39.310001373291016,40.08000183105469,39.20000076293945,40.060001373291016,27.892887115478516,11718800.0
2016-02-01,USB,39.88999938964844,40.02000045776367,39.54999923706055,39.79999923706055,27.71185874938965,6241800.0
2016-02-02,USB,39.27000045776367,39.27000045776367,38.59000015258789,38.75,26.980770111083984,6987700.0
2016-02-03,USB,38.93000030517578,39.34000015258789,37.97999954223633,39.279998779296875,27.34980010986328,10534100.0
2016-02-04,USB,39.279998779296875,40.20000076293945,39.16999816894531,40.11000061035156,27.92770004272461,9291000.0
2016-02-05,USB,40.20000076293945,40.54999923706055,39.939998626708984,40.09000015258789,27.913780212402344,10218300.0
2016-02-08,USB,39.66999816894531,40.040000915527344,38.970001220703125,39.529998779296875,27.52386474609375,13886300.0
2016-02-09,USB,38.84000015258789,39.709999084472656,38.52000045776367,39.400001525878906,27.433345794677734,12758700.0
2016-02-10,USB,39.939998626708984,40.290000915527344,39.02000045776367,39.040000915527344,27.18268585205078,9332000.0
2016-02-11,USB,38.0,38.08000183105469,37.06999969482422,37.45000076293945,26.07560920715332,12474900.0
2016-02-12,USB,38.2400016784668,39.150001525878906,38.0,39.099998474121094,27.224464416503906,12455600.0
2016-02-16,USB,39.650001525878906,40.52000045776367,39.279998779296875,40.189998626708984,27.9834041595459,11233000.0
2016-02-17,USB,40.61000061035156,40.709999084472656,40.06999969482422,40.119998931884766,27.934675216674805,7865000.0
2016-02-18,USB,40.09000015258789,40.13999938964844,39.310001373291016,39.4900016784668,27.496021270751953,7672200.0
2016-02-19,USB,39.279998779296875,39.72999954223633,39.060001373291016,39.459999084472656,27.475128173828125,10983400.0
2016-02-22,USB,39.459999084472656,40.38999938964844,39.459999084472656,40.22999954223633,28.011260986328125,8157300.0
2016-02-23,USB,39.95000076293945,40.08000183105469,38.81999969482422,38.869998931884766,27.064327239990234,9226400.0
2016-02-24,USB,38.27000045776367,38.540000915527344,37.47999954223633,38.439998626708984,26.764921188354492,9220400.0
2016-02-25,USB,38.619998931884766,39.13999938964844,38.470001220703125,39.13999938964844,27.2523136138916,6335600.0
2016-02-26,USB,39.4900016784668,39.77000045776367,39.09000015258789,39.290000915527344,27.356746673583984,7200000.0
2016-02-29,USB,39.25,39.310001373291016,38.5099983215332,38.52000045776367,26.820619583129883,7400600.0
2016-03-01,USB,38.689998626708984,39.900001525878906,38.689998626708984,39.900001525878906,27.781492233276367,6569500.0
2016-03-02,USB,39.9900016784668,40.529998779296875,39.84000015258789,40.529998779296875,28.220142364501953,7465500.0
2016-03-03,USB,40.47999954223633,40.779998779296875,40.220001220703125,40.77000045776367,28.387250900268555,5694800.0
2016-03-04,USB,40.90999984741211,41.209999084472656,40.61000061035156,41.029998779296875,28.56827735900879,6128000.0
2016-03-07,USB,40.650001525878906,40.93000030517578,40.4900016784668,40.77000045776367,28.387250900268555,4287500.0
2016-03-08,USB,40.220001220703125,40.380001068115234,39.7400016784668,39.849998474121094,27.746679306030273,6094400.0
2016-03-09,USB,40.13999938964844,40.13999938964844,39.619998931884766,39.7599983215332,27.68401527404785,5476200.0
2016-03-10,USB,39.939998626708984,40.189998626708984,39.08000183105469,39.5099983215332,27.509937286376953,7442900.0
2016-03-11,USB,39.93000030517578,40.4900016784668,39.61000061035156,40.459999084472656,28.171398162841797,7774800.0
2016-03-14,USB,40.470001220703125,40.59000015258789,39.970001220703125,40.4900016784668,28.19228744506836,6349500.0
2016-03-15,USB,40.13999938964844,40.84000015258789,40.06999969482422,40.790000915527344,28.401166915893555,7049600.0
2016-03-16,USB,40.63999938964844,41.119998931884766,40.369998931884766,40.540000915527344,28.227108001708984,6001700.0
2016-03-17,USB,40.380001068115234,40.779998779296875,40.04999923706055,40.689998626708984,28.33155059814453,6841300.0
2016-03-18,USB,41.0,41.41999816894531,40.86000061035156,41.31999969482422,28.77019691467285,10078900.0
2016-03-21,USB,41.22999954223633,41.4900016784668,41.060001373291016,41.380001068115234,28.81198501586914,5207100.0
2016-03-22,USB,41.02000045776367,41.540000915527344,40.810001373291016,41.31999969482422,28.77019691467285,5769700.0
2016-03-23,USB,41.20000076293945,41.529998779296875,41.060001373291016,41.189998626708984,28.6796875,6761800.0
2016-03-24,USB,40.72999954223633,40.84000015258789,40.459999084472656,40.779998779296875,28.39421272277832,6331000.0
2016-03-28,USB,40.84000015258789,40.959999084472656,40.52000045776367,40.689998626708984,28.33155059814453,4147000.0
2016-03-29,USB,40.310001373291016,40.470001220703125,39.790000915527344,40.38999938964844,28.300012588500977,5840700.0
2016-03-30,USB,40.61000061035156,41.209999084472656,40.540000915527344,40.9900016784668,28.720417022705078,6293200.0
2016-03-31,USB,40.86000061035156,41.029998779296875,40.470001220703125,40.59000015258789,28.440149307250977,6579000.0
2016-04-01,USB,40.310001373291016,40.779998779296875,40.0,40.70000076293945,28.517229080200195,5211800.0
2016-04-04,USB,40.68000030517578,40.849998474121094,40.41999816894531,40.68000030517578,28.503217697143555,4685300.0
2016-04-05,USB,40.25,40.40999984741211,39.84000015258789,40.04999923706055,28.061792373657227,6223900.0
2016-04-06,USB,39.900001525878906,40.130001068115234,39.56999969482422,40.09000015258789,28.08981704711914,5286600.0
2016-04-07,USB,39.75,39.810001373291016,38.83000183105469,39.099998474121094,27.396150588989258,8354600.0
2016-04-08,USB,39.47999954223633,39.849998474121094,39.279998779296875,39.380001068115234,27.59233856201172,4990500.0
2016-04-11,USB,39.58000183105469,40.040000915527344,39.40999984741211,39.529998779296875,27.697439193725586,7321300.0
2016-04-12,USB,39.7400016784668,40.349998474121094,39.54999923706055,40.2599983215332,28.208921432495117,7661500.0
2016-04-13,USB,40.77000045776367,41.41999816894531,40.66999816894531,41.099998474121094,28.797500610351562,10469400.0
2016-04-14,USB,41.0,41.650001525878906,40.91999816894531,41.279998779296875,28.923612594604492,9317500.0
2016-04-15,USB,41.45000076293945,41.560001373291016,40.95000076293945,41.099998474121094,28.797500610351562,7052600.0
2016-04-18,USB,41.029998779296875,41.29999923706055,40.84000015258789,41.209999084472656,28.874561309814453,7566400.0
2016-04-19,USB,41.47999954223633,41.93000030517578,41.38999938964844,41.90999984741211,29.36503791809082,11362100.0
2016-04-20,USB,41.959999084472656,42.939998626708984,41.790000915527344,42.72999954223633,29.93958282470703,9576200.0
2016-04-21,USB,42.650001525878906,42.79999923706055,42.400001525878906,42.560001373291016,29.820470809936523,10082300.0
2016-04-22,USB,42.70000076293945,43.43000030517578,42.61000061035156,43.29999923706055,30.338964462280273,9262200.0
2016-04-25,USB,43.029998779296875,43.18000030517578,42.7599983215332,43.04999923706055,30.163806915283203,8605600.0
2016-04-26,USB,43.08000183105469,43.4900016784668,42.90999984741211,43.369998931884766,30.388011932373047,7899800.0
2016-04-27,USB,43.380001068115234,43.939998626708984,43.2599983215332,43.529998779296875,30.500120162963867,9686600.0
2016-04-28,USB,43.040000915527344,43.560001373291016,42.93000030517578,43.130001068115234,30.219852447509766,6641400.0
2016-04-29,USB,42.83000183105469,43.08000183105469,42.470001220703125,42.689998626708984,29.911558151245117,10576000.0
2016-05-02,USB,43.02000045776367,43.15999984741211,42.619998931884766,42.970001220703125,30.107749938964844,8866500.0
2016-05-03,USB,42.33000183105469,42.560001373291016,42.0,42.5,29.778423309326172,6581800.0
2016-05-04,USB,42.040000915527344,42.279998779296875,41.38999938964844,41.720001220703125,29.231916427612305,8835600.0
2016-05-05,USB,41.81999969482422,42.0,41.540000915527344,41.650001525878906,29.182865142822266,5947600.0
2016-05-06,USB,41.40999984741211,41.810001373291016,41.36000061035156,41.779998779296875,29.27394676208496,5306400.0
2016-05-09,USB,41.61000061035156,42.0,41.47999954223633,41.540000915527344,29.10578155517578,4297100.0
2016-05-10,USB,41.7400016784668,42.15999984741211,41.65999984741211,42.060001373291016,29.470142364501953,6413000.0
2016-05-11,USB,41.900001525878906,42.380001068115234,41.869998931884766,41.869998931884766,29.337013244628906,5832800.0
2016-05-12,USB,42.119998931884766,42.310001373291016,41.70000076293945,41.939998626708984,29.38604736328125,7285100.0
2016-05-13,USB,41.790000915527344,42.11000061035156,41.22999954223633,41.43000030517578,29.028709411621094,6980600.0
2016-05-16,USB,41.2400016784668,41.959999084472656,41.119998931884766,41.689998626708984,29.210893630981445,16492400.0
2016-05-17,USB,41.380001068115234,41.43000030517578,40.56999969482422,40.720001220703125,28.531234741210938,14339300.0
2016-05-18,USB,40.75,41.77000045776367,40.70000076293945,41.619998931884766,29.161840438842773,12622500.0
2016-05-19,USB,41.400001525878906,41.70000076293945,41.029998779296875,41.52000045776367,29.091773986816406,9545400.0
2016-05-20,USB,41.7400016784668,42.20000076293945,41.63999938964844,41.7400016784668,29.245914459228516,5781200.0
2016-05-23,USB,41.75,41.869998931884766,41.41999816894531,41.65999984741211,29.18986701965332,6422300.0
2016-05-24,USB,42.0099983215332,42.47999954223633,41.86000061035156,42.279998779296875,29.62428855895996,5611200.0
2016-05-25,USB,42.58000183105469,43.22999954223633,42.52000045776367,42.959999084472656,30.100732803344727,7808000.0
2016-05-26,USB,42.90999984741211,43.04999923706055,42.59000015258789,42.66999816894531,29.897541046142578,4372000.0
2016-05-27,USB,42.779998779296875,42.95000076293945,42.630001068115234,42.95000076293945,30.093725204467773,3905000.0
2016-05-31,USB,43.15999984741211,43.20000076293945,42.650001525878906,42.81999969482422,30.002641677856445,6605800.0
2016-06-01,USB,42.45000076293945,43.060001373291016,42.33000183105469,43.0,30.128767013549805,5170800.0
2016-06-02,USB,42.880001068115234,43.099998474121094,42.70000076293945,43.060001373291016,30.17081642150879,4216500.0
2016-06-03,USB,42.279998779296875,42.5099983215332,41.77000045776367,42.369998931884766,29.68733787536621,11485600.0
2016-06-06,USB,42.45000076293945,43.150001525878906,42.310001373291016,42.880001068115234,30.04468536376953,7748500.0
2016-06-07,USB,42.939998626708984,43.0,42.65999984741211,42.65999984741211,29.89052963256836,7264000.0
2016-06-08,USB,42.63999938964844,43.0099983215332,42.630001068115234,42.810001373291016,29.995635986328125,5017300.0
2016-06-09,USB,42.459999084472656,42.58000183105469,42.029998779296875,42.540000915527344,29.806455612182617,5936900.0
2016-06-10,USB,42.029998779296875,42.220001220703125,41.869998931884766,41.959999084472656,29.40006446838379,7329300.0
2016-06-13,USB,41.709999084472656,42.119998931884766,41.66999816894531,41.68000030517578,29.203880310058594,6665600.0
2016-06-14,USB,41.529998779296875,41.77000045776367,40.95000076293945,41.189998626708984,28.860559463500977,8446000.0
2016-06-15,USB,41.25,41.619998931884766,40.97999954223633,41.02000045776367,28.741426467895508,7863900.0
2016-06-16,USB,40.650001525878906,41.08000183105469,40.34000015258789,41.060001373291016,28.76946449279785,6458800.0
2016-06-17,USB,41.060001373291016,41.31999969482422,40.790000915527344,41.11000061035156,28.804506301879883,8413000.0
2016-06-20,USB,41.75,42.0,41.15999984741211,41.220001220703125,28.88157081604004,5766200.0
2016-06-21,USB,41.47999954223633,41.5099983215332,41.09000015258789,41.369998931884766,28.986669540405273,4447800.0
2016-06-22,USB,41.349998474121094,41.869998931884766,41.31999969482422,41.349998474121094,28.972660064697266,4486900.0
2016-06-23,USB,41.91999816894531,42.2400016784668,41.880001068115234,42.22999954223633,29.5892391204834,7393700.0
2016-06-24,USB,40.220001220703125,41.119998931884766,39.83000183105469,39.86000061035156,27.928659439086914,13335700.0
2016-06-27,USB,39.22999954223633,39.2599983215332,38.4900016784668,38.689998626708984,27.108882904052734,12952100.0
2016-06-28,USB,39.09000015258789,39.220001220703125,38.47999954223633,39.08000183105469,27.563804626464844,10100600.0
2016-06-29,USB,39.59000015258789,39.75,39.13999938964844,39.68000030517578,27.987001419067383,6242200.0
2016-06-30,USB,39.970001220703125,40.34000015258789,39.59000015258789,40.33000183105469,28.445465087890625,8765100.0
2016-07-01,USB,40.150001525878906,40.2599983215332,39.90999984741211,40.060001373291016,28.255022048950195,4684400.0
2016-07-05,USB,39.66999816894531,39.779998779296875,38.900001525878906,39.060001373291016,27.549705505371094,5955900.0
2016-07-06,USB,38.72999954223633,39.31999969482422,38.630001068115234,39.20000076293945,27.648447036743164,6255700.0
2016-07-07,USB,39.15999984741211,39.619998931884766,39.02000045776367,39.22999954223633,27.669605255126953,5510600.0
2016-07-08,USB,39.84000015258789,40.2599983215332,39.84000015258789,40.09000015258789,28.27618408203125,6015200.0
2016-07-11,USB,40.400001525878906,40.529998779296875,40.2400016784668,40.29999923706055,28.424293518066406,4417200.0
2016-07-12,USB,40.560001373291016,40.86000061035156,40.529998779296875,40.66999816894531,28.685258865356445,6378100.0
2016-07-13,USB,40.75,40.900001525878906,40.470001220703125,40.630001068115234,28.657052993774414,6239600.0
2016-07-14,USB,41.380001068115234,41.5099983215332,41.16999816894531,41.25,29.094348907470703,12183400.0
2016-07-15,USB,42.400001525878906,42.5,41.439998626708984,41.88999938964844,29.54574966430664,9964700.0
2016-07-18,USB,41.72999954223633,42.09000015258789,41.72999954223633,41.880001068115234,29.538700103759766,8616200.0
2016-07-19,USB,41.709999084472656,42.040000915527344,41.599998474121094,41.970001220703125,29.6021785736084,6774600.0
2016-07-20,USB,42.099998474121094,42.15999984741211,41.900001525878906,41.970001220703125,29.6021785736084,4924300.0
2016-07-21,USB,41.970001220703125,42.18000030517578,41.83000183105469,41.880001068115234,29.538700103759766,5118000.0
2016-07-22,USB,41.97999954223633,42.25,41.83000183105469,42.189998626708984,29.757352828979492,5021500.0
2016-07-25,USB,42.099998474121094,42.18000030517578,41.790000915527344,41.970001220703125,29.6021785736084,4752800.0
2016-07-26,USB,41.81999969482422,42.150001525878906,41.77000045776367,41.970001220703125,29.6021785736084,4879500.0
2016-07-27,USB,41.959999084472656,42.20000076293945,41.869998931884766,42.0099983215332,29.63038444519043,5483500.0
2016-07-28,USB,41.880001068115234,42.209999084472656,41.709999084472656,42.08000183105469,29.679763793945312,3934900.0
2016-07-29,USB,41.91999816894531,42.34000015258789,41.91999816894531,42.16999816894531,29.74325180053711,5802700.0
2016-08-01,USB,42.150001525878906,42.220001220703125,41.61000061035156,41.68000030517578,29.39763832092285,5488900.0
2016-08-02,USB,41.5099983215332,41.68000030517578,41.130001068115234,41.43000030517578,29.2213077545166,5858300.0
2016-08-03,USB,41.54999923706055,42.25,41.470001220703125,42.130001068115234,29.71502685546875,6723200.0
2016-08-04,USB,42.029998779296875,42.2599983215332,41.959999084472656,42.029998779296875,29.64449119567871,4167700.0
2016-08-05,USB,42.630001068115234,42.970001220703125,42.369998931884766,42.970001220703125,30.307491302490234,7568900.0
2016-08-08,USB,42.9900016784668,43.150001525878906,42.86000061035156,42.939998626708984,30.286338806152344,4461200.0
2016-08-09,USB,42.939998626708984,43.04999923706055,42.72999954223633,42.83000183105469,30.208744049072266,3698200.0
2016-08-10,USB,42.939998626708984,42.9900016784668,42.439998626708984,42.5,29.97599983215332,3746800.0
2016-08-11,USB,42.65999984741211,42.91999816894531,42.41999816894531,42.81999969482422,30.201696395874023,6211600.0
2016-08-12,USB,42.47999954223633,42.77000045776367,42.38999938964844,42.72999954223633,30.138212203979492,4349200.0
2016-08-15,USB,42.77000045776367,43.040000915527344,42.77000045776367,42.97999954223633,30.31454849243164,5279100.0
2016-08-16,USB,42.7400016784668,43.130001068115234,42.720001220703125,43.02000045776367,30.34276008605957,4833000.0
2016-08-17,USB,43.08000183105469,43.380001068115234,43.02000045776367,43.220001220703125,30.48382568359375,6347800.0
2016-08-18,USB,43.11000061035156,43.290000915527344,43.040000915527344,43.220001220703125,30.48382568359375,4651800.0
2016-08-19,USB,43.15999984741211,43.40999984741211,43.0099983215332,43.349998474121094,30.575511932373047,3977100.0
2016-08-22,USB,43.20000076293945,43.400001525878906,43.16999816894531,43.369998931884766,30.589614868164062,3386600.0
2016-08-23,USB,43.45000076293945,43.65999984741211,43.43000030517578,43.439998626708984,30.63899040222168,4160100.0
2016-08-24,USB,43.5,43.65999984741211,43.16999816894531,43.2400016784668,30.4979305267334,8589800.0
2016-08-25,USB,43.279998779296875,43.54999923706055,43.25,43.400001525878906,30.61077880859375,5771900.0
2016-08-26,USB,43.45000076293945,43.630001068115234,43.189998626708984,43.400001525878906,30.61077880859375,6590700.0
2016-08-29,USB,43.5099983215332,44.11000061035156,43.5099983215332,43.84000015258789,30.92112922668457,7241300.0
2016-08-30,USB,43.81999969482422,44.099998474121094,43.779998779296875,44.08000183105469,31.090394973754883,5560600.0
2016-08-31,USB,44.099998474121094,44.22999954223633,43.75,44.150001525878906,31.13976287841797,6994700.0
2016-09-01,USB,44.25,44.2599983215332,43.65999984741211,44.029998779296875,31.05512809753418,5195500.0
2016-09-02,USB,44.20000076293945,44.220001220703125,43.93000030517578,44.15999984741211,31.146827697753906,4264200.0
2016-09-06,USB,44.119998931884766,44.18000030517578,43.61000061035156,43.86000061035156,30.93523597717285,6601800.0
2016-09-07,USB,43.7400016784668,43.880001068115234,43.56999969482422,43.65999984741211,30.79416847229004,7524200.0
2016-09-08,USB,43.630001068115234,43.939998626708984,43.58000183105469,43.84000015258789,30.92112922668457,6421700.0
2016-09-09,USB,43.84000015258789,43.959999084472656,43.40999984741211,43.40999984741211,30.617830276489258,6671200.0
2016-09-12,USB,43.189998626708984,43.90999984741211,42.83000183105469,43.79999923706055,30.892908096313477,9276000.0
2016-09-13,USB,43.310001373291016,43.459999084472656,42.959999084472656,43.22999954223633,30.490880966186523,7898600.0
2016-09-14,USB,43.15999984741211,43.439998626708984,42.869998931884766,42.91999816894531,30.272232055664062,6161400.0
2016-09-15,USB,42.439998626708984,43.11000061035156,42.18000030517578,43.029998779296875,30.349809646606445,10474900.0
2016-09-16,USB,42.72999954223633,42.790000915527344,42.40999984741211,42.599998474121094,30.046527862548828,9204900.0
2016-09-19,USB,42.7400016784668,43.130001068115234,42.58000183105469,42.86000061035156,30.229904174804688,5492600.0
2016-09-20,USB,43.18000030517578,43.25,42.81999969482422,43.02000045776367,30.34276008605957,7091700.0
2016-09-21,USB,43.25,43.43000030517578,42.970001220703125,43.2599983215332,30.512039184570312,7157000.0
2016-09-22,USB,43.369998931884766,43.540000915527344,43.130001068115234,43.16999816894531,30.448556900024414,4788200.0
2016-09-23,USB,42.75,43.27000045776367,42.70000076293945,42.959999084472656,30.30043601989746,5960300.0
2016-09-26,USB,42.689998626708984,42.779998779296875,42.400001525878906,42.470001220703125,29.954835891723633,8526200.0
2016-09-27,USB,42.31999969482422,42.91999816894531,42.16999816894531,42.900001525878906,30.25811767578125,6747800.0
2016-09-28,USB,42.790000915527344,42.970001220703125,42.380001068115234,42.810001373291016,30.39301872253418,4482600.0
2016-09-29,USB,42.65999984741211,43.2400016784668,42.349998474121094,42.47999954223633,30.158733367919922,7683900.0
2016-09-30,USB,42.70000076293945,43.15999984741211,42.58000183105469,42.88999938964844,30.449810028076172,7613600.0
2016-10-03,USB,42.689998626708984,42.81999969482422,42.45000076293945,42.65999984741211,30.286523818969727,5421900.0
2016-10-04,USB,42.7400016784668,43.150001525878906,42.5099983215332,42.849998474121094,30.421415328979492,8364700.0
2016-10-05,USB,43.060001373291016,43.810001373291016,43.02000045776367,43.650001525878906,30.989377975463867,6858500.0
2016-10-06,USB,43.75,44.0,43.45000076293945,43.88999938964844,31.159767150878906,12170200.0
2016-10-07,USB,43.88999938964844,43.959999084472656,43.38999938964844,43.70000076293945,31.024877548217773,6560300.0
2016-10-10,USB,43.91999816894531,43.9900016784668,43.66999816894531,43.79999923706055,31.095867156982422,4797400.0
2016-10-11,USB,43.790000915527344,43.84000015258789,43.060001373291016,43.290000915527344,30.733787536621094,6334700.0
2016-10-12,USB,43.36000061035156,43.68000030517578,43.279998779296875,43.400001525878906,30.81188201904297,4025200.0
2016-10-13,USB,43.0099983215332,43.0099983215332,42.369998931884766,42.880001068115234,30.44271469116211,6522000.0
2016-10-14,USB,43.31999969482422,43.439998626708984,42.720001220703125,42.849998474121094,30.421415328979492,5785400.0
2016-10-17,USB,42.880001068115234,43.06999969482422,42.52000045776367,42.720001220703125,30.329118728637695,6288100.0
2016-10-18,USB,43.13999938964844,43.20000076293945,42.83000183105469,43.0099983215332,30.535018920898438,6297900.0
2016-10-19,USB,44.189998626708984,44.189998626708984,42.849998474121094,43.58000183105469,30.939678192138672,10319300.0
2016-10-20,USB,43.59000015258789,44.09000015258789,43.52000045776367,43.95000076293945,31.202354431152344,8553000.0
2016-10-21,USB,43.59000015258789,43.88999938964844,43.5,43.849998474121094,31.1313533782959,6422300.0
2016-10-24,USB,44.08000183105469,44.150001525878906,43.939998626708984,44.02000045776367,31.252052307128906,4919500.0
2016-10-25,USB,43.959999084472656,44.16999816894531,43.779998779296875,43.84000015258789,31.124269485473633,5589600.0
2016-10-26,USB,43.720001220703125,44.369998931884766,43.70000076293945,44.22999954223633,31.40114974975586,6012500.0
2016-10-27,USB,44.43000030517578,45.13999938964844,44.380001068115234,44.70000076293945,31.73482322692871,12715600.0
2016-10-28,USB,44.790000915527344,44.90999984741211,44.38999938964844,44.63999938964844,31.692216873168945,8548400.0
2016-10-31,USB,44.81999969482422,44.959999084472656,44.689998626708984,44.7599983215332,31.777421951293945,7262200.0
2016-11-01,USB,44.880001068115234,45.0,44.099998474121094,44.459999084472656,31.564441680908203,9440300.0
2016-11-02,USB,44.2400016784668,44.33000183105469,43.91999816894531,44.0,31.237865447998047,7794000.0
2016-11-03,USB,44.0099983215332,44.47999954223633,43.93000030517578,44.04999923706055,31.273340225219727,5532800.0
2016-11-04,USB,44.150001525878906,44.400001525878906,43.83000183105469,43.93000030517578,31.188159942626953,6284100.0
2016-11-07,USB,44.65999984741211,44.93000030517578,44.650001525878906,44.91999816894531,31.891010284423828,6908800.0
2016-11-08,USB,44.779998779296875,45.09000015258789,44.59000015258789,44.97999954223633,31.933612823486328,4516300.0
2016-11-09,USB,45.45000076293945,46.93000030517578,45.130001068115234,46.66999816894531,33.133426666259766,14953300.0
2016-11-10,USB,47.04999923706055,48.5,46.97999954223633,47.61000061035156,33.80078125,17493900.0
2016-11-11,USB,47.56999969482422,47.959999084472656,47.43000030517578,47.900001525878906,34.00667190551758,9661100.0
2016-11-14,USB,48.06999969482422,48.75,47.810001373291016,48.72999954223633,34.59593200683594,15228100.0
2016-11-15,USB,48.2599983215332,48.72999954223633,48.040000915527344,48.70000076293945,34.57461929321289,13446700.0
2016-11-16,USB,47.59000015258789,48.38999938964844,47.59000015258789,47.869998931884766,33.9853630065918,10900900.0
2016-11-17,USB,48.099998474121094,48.77000045776367,47.97999954223633,48.68000030517578,34.56041717529297,9369800.0
2016-11-18,USB,48.7400016784668,49.400001525878906,48.65999984741211,49.22999954223633,34.950897216796875,9090500.0
2016-11-21,USB,49.31999969482422,49.38999938964844,49.0099983215332,49.279998779296875,34.98639678955078,5184100.0
2016-11-22,USB,49.27000045776367,49.56999969482422,48.77000045776367,49.029998779296875,34.80891799926758,10580100.0
2016-11-23,USB,49.29999923706055,49.5,49.08000183105469,49.349998474121094,35.036102294921875,7053400.0
2016-11-25,USB,49.36000061035156,49.5,49.119998931884766,49.41999816894531,35.085792541503906,2631500.0
2016-11-28,USB,49.13999938964844,49.45000076293945,48.779998779296875,48.900001525878906,34.71662521362305,5887300.0
2016-11-29,USB,49.119998931884766,49.349998474121094,49.0099983215332,49.099998474121094,34.85860824584961,5726600.0
2016-11-30,USB,49.56999969482422,49.77000045776367,49.43000030517578,49.619998931884766,35.227783203125,6887100.0
2016-12-01,USB,49.810001373291016,50.619998931884766,49.630001068115234,50.38999938964844,35.77444076538086,10571300.0
2016-12-02,USB,50.349998474121094,50.41999816894531,49.84000015258789,50.0,35.49756622314453,5864800.0
2016-12-05,USB,50.40999984741211,50.630001068115234,50.189998626708984,50.36000061035156,35.75315475463867,7209600.0
2016-12-06,USB,50.529998779296875,50.77000045776367,50.22999954223633,50.72999954223633,36.01583480834961,9259100.0
2016-12-07,USB,50.7400016784668,51.400001525878906,50.4900016784668,51.36000061035156,36.46310043334961,9559000.0
2016-12-08,USB,51.560001373291016,52.290000915527344,51.560001373291016,51.900001525878906,36.84646987915039,10423500.0
2016-12-09,USB,51.900001525878906,52.08000183105469,51.59000015258789,52.040000915527344,36.945858001708984,8612900.0
2016-12-12,USB,51.88999938964844,52.099998474121094,51.45000076293945,51.58000183105469,36.619293212890625,6113400.0
2016-12-13,USB,51.72999954223633,51.91999816894531,51.189998626708984,51.70000076293945,36.704490661621094,7358600.0
2016-12-14,USB,51.310001373291016,52.29999923706055,51.189998626708984,51.72999954223633,36.72578048706055,9356800.0
2016-12-15,USB,51.970001220703125,52.310001373291016,51.47999954223633,51.97999954223633,36.90327072143555,7602000.0
2016-12-16,USB,52.22999954223633,52.22999954223633,51.61000061035156,51.7400016784668,36.73289108276367,11033300.0
2016-12-19,USB,51.59000015258789,51.97999954223633,51.380001068115234,51.869998931884766,36.82516860961914,5439400.0
2016-12-20,USB,52.130001068115234,52.68000030517578,52.060001373291016,52.540000915527344,37.30083465576172,6144300.0
2016-12-21,USB,52.470001220703125,52.5,52.16999816894531,52.16999816894531,37.038150787353516,3871600.0
2016-12-22,USB,51.9900016784668,52.279998779296875,51.970001220703125,52.150001525878906,37.023956298828125,5141200.0
2016-12-23,USB,52.290000915527344,52.33000183105469,52.06999969482422,52.20000076293945,37.05946350097656,3773200.0
2016-12-27,USB,52.33000183105469,52.38999938964844,52.20000076293945,52.310001373291016,37.13754653930664,3135800.0
2016-12-28,USB,52.119998931884766,52.2599983215332,51.779998779296875,51.779998779296875,36.95909881591797,8111900.0
2016-12-29,USB,51.75,51.869998931884766,51.040000915527344,51.29999923706055,36.61649703979492,4625700.0
2016-12-30,USB,51.5,51.61000061035156,51.209999084472656,51.369998931884766,36.66645050048828,5184600.0
2017-01-03,USB,51.619998931884766,52.2400016784668,51.11000061035156,51.459999084472656,36.73070526123047,7859000.0
2017-01-04,USB,51.47999954223633,51.97999954223633,51.40999984741211,51.84000015258789,37.00193786621094,6199000.0
2017-01-05,USB,51.63999938964844,51.7599983215332,50.790000915527344,50.970001220703125,36.380950927734375,6574900.0
2017-01-06,USB,51.060001373291016,51.5,51.060001373291016,51.29999923706055,36.61649703979492,5078200.0
2017-01-09,USB,51.04999923706055,51.290000915527344,50.849998474121094,51.06999969482422,36.452327728271484,4337900.0
2017-01-10,USB,51.029998779296875,51.58000183105469,50.849998474121094,51.220001220703125,36.55939865112305,5231600.0
2017-01-11,USB,51.5099983215332,51.79999923706055,51.25,51.790000915527344,36.966251373291016,7233100.0
2017-01-12,USB,51.63999938964844,51.689998626708984,51.02000045776367,51.43000030517578,36.70928955078125,4539000.0
2017-01-13,USB,51.61000061035156,52.13999938964844,51.4900016784668,51.689998626708984,36.89487838745117,7876400.0
2017-01-17,USB,51.20000076293945,51.209999084472656,50.15999984741211,50.310001373291016,35.90987014770508,9415100.0
2017-01-18,USB,50.41999816894531,50.66999816894531,49.9900016784668,50.560001373291016,36.08830642700195,6525400.0
2017-01-19,USB,50.630001068115234,50.97999954223633,50.43000030517578,50.72999954223633,36.20964813232422,7151600.0
2017-01-20,USB,50.939998626708984,51.650001525878906,50.88999938964844,51.20000076293945,36.54511642456055,8865700.0
2017-01-23,USB,51.0,51.38999938964844,50.790000915527344,50.970001220703125,36.380950927734375,4858800.0
2017-01-24,USB,51.099998474121094,52.0,51.0099983215332,51.77000045776367,36.95196533203125,6531700.0
2017-01-25,USB,52.13999938964844,52.63999938964844,52.13999938964844,52.45000076293945,37.43733596801758,8731500.0
2017-01-26,USB,52.45000076293945,52.97999954223633,52.439998626708984,52.95000076293945,37.794227600097656,6494700.0
2017-01-27,USB,52.84000015258789,53.13999938964844,52.81999969482422,52.9900016784668,37.82276916503906,6893400.0
2017-01-30,USB,52.619998931884766,52.900001525878906,52.369998931884766,52.849998474121094,37.72283935546875,7540800.0
2017-01-31,USB,52.619998931884766,52.939998626708984,52.36000061035156,52.650001525878906,37.58009338378906,6736800.0
2017-02-01,USB,53.15999984741211,53.63999938964844,52.970001220703125,53.029998779296875,37.851318359375,8413800.0
2017-02-02,USB,52.68000030517578,53.220001220703125,52.63999938964844,53.130001068115234,37.922698974609375,8700600.0
2017-02-03,USB,53.79999923706055,54.040000915527344,53.45000076293945,53.65999984741211,38.30100631713867,9104100.0
2017-02-06,USB,53.369998931884766,53.779998779296875,53.189998626708984,53.400001525878906,38.11542510986328,4904000.0
2017-02-07,USB,53.630001068115234,53.66999816894531,53.06999969482422,53.20000076293945,37.972660064697266,4749000.0
2017-02-08,USB,52.88999938964844,53.02000045776367,52.529998779296875,52.88999938964844,37.75139236450195,6398000.0
2017-02-09,USB,53.060001373291016,53.63999938964844,52.91999816894531,53.540000915527344,38.21534729003906,5054000.0
2017-02-10,USB,53.810001373291016,53.849998474121094,53.4900016784668,53.61000061035156,38.265316009521484,3892400.0
2017-02-13,USB,53.88999938964844,54.43000030517578,53.88999938964844,54.130001068115234,38.63645935058594,5709800.0
2017-02-14,USB,53.900001525878906,54.599998474121094,53.84000015258789,54.54999923706055,38.936248779296875,7728300.0
2017-02-15,USB,54.70000076293945,55.369998931884766,54.52000045776367,55.13999938964844,39.357383728027344,8029400.0
2017-02-16,USB,55.040000915527344,55.08000183105469,54.54999923706055,55.0099983215332,39.264591217041016,6204100.0
2017-02-17,USB,54.779998779296875,54.880001068115234,54.5,54.880001068115234,39.171791076660156,6011600.0
2017-02-21,USB,55.0,55.310001373291016,54.93000030517578,55.20000076293945,39.40020751953125,5639400.0
2017-02-22,USB,54.959999084472656,55.40999984741211,54.88999938964844,55.310001373291016,39.47872543334961,4851700.0
2017-02-23,USB,55.29999923706055,55.5099983215332,55.060001373291016,55.400001525878906,39.54296112060547,7268000.0
2017-02-24,USB,55.0,55.369998931884766,54.849998474121094,55.099998474121094,39.328826904296875,7596100.0
2017-02-27,USB,55.189998626708984,55.349998474121094,55.0099983215332,55.290000915527344,39.464454650878906,6378800.0
2017-02-28,USB,55.040000915527344,55.189998626708984,54.81999969482422,55.0,39.257442474365234,6846600.0
2017-03-01,USB,55.869998931884766,56.61000061035156,55.81999969482422,56.40999984741211,40.26387405395508,8689700.0
2017-03-02,USB,56.54999923706055,56.560001373291016,55.38999938964844,55.47999954223633,39.600074768066406,6431200.0
2017-03-03,USB,55.459999084472656,55.709999084472656,55.380001068115234,55.54999923706055,39.6500244140625,7278200.0
2017-03-06,USB,55.279998779296875,55.45000076293945,55.040000915527344,55.290000915527344,39.464454650878906,6118700.0
2017-03-07,USB,55.22999954223633,55.400001525878906,54.95000076293945,55.029998779296875,39.278865814208984,6678800.0
2017-03-08,USB,55.5099983215332,55.810001373291016,54.81999969482422,54.869998931884766,39.16465377807617,7809600.0
2017-03-09,USB,55.119998931884766,55.279998779296875,54.810001373291016,54.939998626708984,39.214622497558594,5236200.0
2017-03-10,USB,55.290000915527344,55.33000183105469,54.619998931884766,54.939998626708984,39.214622497558594,6721900.0
2017-03-13,USB,54.880001068115234,55.209999084472656,54.810001373291016,54.91999816894531,39.20034408569336,4690300.0
2017-03-14,USB,54.79999923706055,55.04999923706055,54.56999969482422,55.0,39.257442474365234,6130500.0
2017-03-15,USB,55.150001525878906,55.599998474121094,54.849998474121094,54.959999084472656,39.22890090942383,8487200.0
2017-03-16,USB,55.06999969482422,55.369998931884766,54.869998931884766,55.029998779296875,39.278865814208984,6326200.0
2017-03-17,USB,55.08000183105469,55.119998931884766,54.63999938964844,54.689998626708984,39.03617477416992,7085800.0
2017-03-20,USB,54.400001525878906,54.849998474121094,54.189998626708984,54.2400016784668,38.71498489379883,7706000.0
2017-03-21,USB,54.54999923706055,54.54999923706055,52.56999969482422,52.689998626708984,37.608646392822266,14211700.0
2017-03-22,USB,52.439998626708984,52.88999938964844,51.75,52.599998474121094,37.54439926147461,8299600.0
2017-03-23,USB,52.439998626708984,53.16999816894531,52.22999954223633,52.58000183105469,37.53011703491211,9022900.0
2017-03-24,USB,52.75,52.97999954223633,52.220001220703125,52.56999969482422,37.522987365722656,5948800.0
2017-03-27,USB,51.59000015258789,52.40999984741211,51.04999923706055,52.20000076293945,37.25889587402344,7300800.0
2017-03-28,USB,52.06999969482422,53.16999816894531,52.0,52.709999084472656,37.62291717529297,7736000.0
2017-03-29,USB,52.380001068115234,52.45000076293945,51.68000030517578,51.75,37.13496398925781,7380700.0
2017-03-30,USB,51.7599983215332,52.38999938964844,51.63999938964844,52.119998931884766,37.40047073364258,9350100.0
2017-03-31,USB,51.91999816894531,52.06999969482422,51.47999954223633,51.5,36.95556640625,8197600.0
2017-04-03,USB,51.619998931884766,51.619998931884766,50.84000015258789,51.54999923706055,36.9914436340332,7447400.0
2017-04-04,USB,51.38999938964844,51.56999969482422,51.220001220703125,51.459999084472656,36.92686462402344,4158300.0
2017-04-05,USB,51.90999984741211,52.040000915527344,50.959999084472656,51.040000915527344,36.62547302246094,6138700.0
2017-04-06,USB,51.02000045776367,51.5099983215332,50.72999954223633,51.349998474121094,36.847930908203125,5855000.0
2017-04-07,USB,51.08000183105469,51.36000061035156,50.869998931884766,51.150001525878906,36.70440673828125,6827500.0
2017-04-10,USB,51.25,51.439998626708984,50.72999954223633,50.779998779296875,36.43889617919922,6484800.0
2017-04-11,USB,50.650001525878906,50.9900016784668,50.349998474121094,50.88999938964844,36.51783752441406,7344900.0
2017-04-12,USB,50.65999984741211,51.08000183105469,50.4900016784668,50.70000076293945,36.381500244140625,7671500.0
2017-04-13,USB,50.41999816894531,50.88999938964844,49.959999084472656,49.97999954223633,35.86482620239258,5888000.0
2017-04-17,USB,50.119998931884766,50.619998931884766,49.90999984741211,50.540000915527344,36.26668167114258,4943600.0
2017-04-18,USB,50.209999084472656,50.40999984741211,49.68000030517578,49.79999923706055,35.73566436767578,9699100.0
2017-04-19,USB,50.130001068115234,50.349998474121094,49.54999923706055,49.689998626708984,35.6567268371582,7268600.0
2017-04-20,USB,49.790000915527344,50.900001525878906,49.7599983215332,50.68000030517578,36.36714553833008,9535400.0
2017-04-21,USB,50.54999923706055,51.0099983215332,50.459999084472656,50.5099983215332,36.24515151977539,9044700.0
2017-04-24,USB,51.70000076293945,52.0099983215332,51.41999816894531,51.560001373291016,36.99862289428711,8060600.0
2017-04-25,USB,52.130001068115234,52.47999954223633,51.93000030517578,52.130001068115234,37.407649993896484,9010900.0
2017-04-26,USB,52.0,52.619998931884766,52.0,52.119998931884766,37.40047073364258,7652600.0
2017-04-27,USB,52.220001220703125,52.290000915527344,51.5,51.91999816894531,37.25693893432617,5826700.0
2017-04-28,USB,51.810001373291016,52.0,51.18000030517578,51.279998779296875,36.79769515991211,7707200.0
2017-05-01,USB,51.54999923706055,51.97999954223633,51.43000030517578,51.70000076293945,37.09908676147461,4660200.0
2017-05-02,USB,51.70000076293945,51.880001068115234,51.369998931884766,51.56999969482422,37.00579833984375,4368900.0
2017-05-03,USB,51.43000030517578,52.2599983215332,51.2599983215332,52.209999084472656,37.46504592895508,6169300.0
2017-05-04,USB,52.560001373291016,52.810001373291016,52.150001525878906,52.310001373291016,37.536800384521484,5629600.0
2017-05-05,USB,52.279998779296875,52.40999984741211,51.45000076293945,51.77000045776367,37.149314880371094,5373700.0
2017-05-08,USB,51.7400016784668,52.0,51.61000061035156,52.0,37.314353942871094,4759000.0
2017-05-09,USB,52.029998779296875,52.18000030517578,51.380001068115234,51.58000183105469,37.01297378540039,5731300.0
2017-05-10,USB,51.5,52.04999923706055,51.38999938964844,51.970001220703125,37.29281997680664,5281600.0
2017-05-11,USB,51.75,51.81999969482422,51.119998931884766,51.63999938964844,37.056026458740234,6575500.0
2017-05-12,USB,51.369998931884766,51.41999816894531,50.9900016784668,51.40999984741211,36.89097595214844,6285500.0
2017-05-15,USB,51.5,51.86000061035156,51.43000030517578,51.77000045776367,37.149314880371094,3975700.0
2017-05-16,USB,51.91999816894531,52.15999984741211,51.709999084472656,51.959999084472656,37.28565216064453,4389300.0
2017-05-17,USB,51.959999084472656,51.959999084472656,50.099998474121094,50.459999084472656,36.20927429199219,7012200.0
2017-05-18,USB,50.40999984741211,51.099998474121094,50.25,50.7400016784668,36.41020584106445,5950500.0
2017-05-19,USB,50.86000061035156,51.41999816894531,50.790000915527344,51.099998474121094,36.668521881103516,8110100.0
2017-05-22,USB,51.27000045776367,51.47999954223633,50.869998931884766,51.439998626708984,36.91249465942383,4724800.0
2017-05-23,USB,51.41999816894531,52.209999084472656,51.2599983215332,51.959999084472656,37.28565216064453,5061400.0
2017-05-24,USB,52.029998779296875,52.130001068115234,51.560001373291016,51.790000915527344,37.163665771484375,3506700.0
2017-05-25,USB,51.959999084472656,52.13999938964844,51.72999954223633,51.77000045776367,37.149314880371094,3825100.0
2017-05-26,USB,51.61000061035156,51.810001373291016,51.380001068115234,51.439998626708984,36.91249465942383,6721800.0
2017-05-30,USB,51.209999084472656,51.2400016784668,50.79999923706055,51.099998474121094,36.668521881103516,5923200.0
2017-05-31,USB,51.209999084472656,51.25,50.43000030517578,50.88999938964844,36.51783752441406,6926200.0
2017-06-01,USB,51.15999984741211,51.63999938964844,50.63999938964844,51.529998779296875,36.977088928222656,6171100.0
2017-06-02,USB,51.099998474121094,51.66999816894531,50.939998626708984,51.29999923706055,36.81204605102539,5589500.0
2017-06-05,USB,51.369998931884766,51.849998474121094,51.22999954223633,51.33000183105469,36.83357620239258,5388500.0
2017-06-06,USB,50.95000076293945,51.099998474121094,50.7599983215332,50.880001068115234,36.51066207885742,5475200.0
2017-06-07,USB,51.09000015258789,51.349998474121094,50.90999984741211,51.13999938964844,36.69723129272461,5235400.0
2017-06-08,USB,51.13999938964844,52.18000030517578,51.02000045776367,51.779998779296875,37.15647888183594,7334300.0
2017-06-09,USB,52.099998474121094,53.02000045776367,52.06999969482422,52.88999938964844,37.953006744384766,8279900.0
2017-06-12,USB,53.029998779296875,53.459999084472656,52.849998474121094,52.849998474121094,37.92430114746094,9095600.0
2017-06-13,USB,53.029998779296875,53.27000045776367,52.779998779296875,52.939998626708984,37.98888397216797,7565500.0
2017-06-14,USB,52.540000915527344,52.91999816894531,51.970001220703125,52.84000015258789,37.9171257019043,7405300.0
2017-06-15,USB,52.58000183105469,52.900001525878906,52.29999923706055,52.380001068115234,37.587032318115234,7117200.0
2017-06-16,USB,52.54999923706055,52.58000183105469,52.0099983215332,52.27000045776367,37.50809860229492,9778900.0
2017-06-19,USB,52.470001220703125,52.84000015258789,52.470001220703125,52.56999969482422,37.7233772277832,4749500.0
2017-06-20,USB,52.36000061035156,52.720001220703125,52.25,52.34000015258789,37.55833435058594,5059000.0
2017-06-21,USB,52.540000915527344,52.540000915527344,51.939998626708984,52.0,37.314353942871094,4503000.0
2017-06-22,USB,51.84000015258789,51.84000015258789,51.16999816894531,51.29999923706055,36.81204605102539,6361400.0
2017-06-23,USB,51.40999984741211,51.439998626708984,50.58000183105469,50.77000045776367,36.431732177734375,8689900.0
2017-06-26,USB,50.93000030517578,51.29999923706055,50.77000045776367,51.0099983215332,36.603939056396484,5767800.0
2017-06-27,USB,51.209999084472656,51.849998474121094,51.08000183105469,51.41999816894531,36.898162841796875,5204000.0
2017-06-28,USB,51.560001373291016,52.189998626708984,51.560001373291016,51.97999954223633,37.50422286987305,5272000.0
2017-06-29,USB,52.86000061035156,52.9900016784668,51.630001068115234,51.779998779296875,37.359920501708984,10086700.0
2017-06-30,USB,51.9900016784668,52.18000030517578,51.790000915527344,51.91999816894531,37.460933685302734,6849700.0
2017-07-03,USB,52.150001525878906,52.97999954223633,52.11000061035156,52.58000183105469,37.9371452331543,3582800.0
2017-07-05,USB,52.709999084472656,52.880001068115234,52.33000183105469,52.65999984741211,37.994850158691406,5896900.0
2017-07-06,USB,52.619998931884766,52.81999969482422,52.150001525878906,52.18000030517578,37.648529052734375,5161900.0
2017-07-07,USB,52.38999938964844,52.54999923706055,52.11000061035156,52.459999084472656,37.850555419921875,4599400.0
2017-07-10,USB,52.279998779296875,52.470001220703125,52.09000015258789,52.310001373291016,37.74232482910156,3343700.0
2017-07-11,USB,52.33000183105469,52.33000183105469,51.70000076293945,51.77000045776367,37.35271072387695,6059400.0
2017-07-12,USB,51.689998626708984,52.11000061035156,51.560001373291016,51.900001525878906,37.446502685546875,4519700.0
2017-07-13,USB,52.0099983215332,52.22999954223633,51.83000183105469,52.220001220703125,37.677391052246094,6451400.0
2017-07-14,USB,51.720001220703125,52.2400016784668,51.400001525878906,52.08000183105469,37.576385498046875,5587600.0
2017-07-17,USB,52.040000915527344,52.119998931884766,51.720001220703125,52.029998779296875,37.540306091308594,4758000.0
2017-07-18,USB,51.68000030517578,51.880001068115234,51.470001220703125,51.630001068115234,37.2516975402832,5034800.0
2017-07-19,USB,52.06999969482422,52.779998779296875,51.779998779296875,52.08000183105469,37.576385498046875,6201500.0
2017-07-20,USB,52.38999938964844,52.84000015258789,52.27000045776367,52.47999954223633,37.864986419677734,8650400.0
2017-07-21,USB,52.310001373291016,52.47999954223633,51.880001068115234,52.119998931884766,37.6052360534668,6528000.0
2017-07-24,USB,52.099998474121094,52.959999084472656,52.029998779296875,52.790000915527344,38.088653564453125,8016200.0
2017-07-25,USB,53.38999938964844,53.709999084472656,53.13999938964844,53.16999816894531,38.362823486328125,7446100.0
2017-07-26,USB,53.36000061035156,53.5,52.29999923706055,52.43000030517578,37.82890319824219,6309000.0
2017-07-27,USB,52.40999984741211,52.4900016784668,51.91999816894531,52.43000030517578,37.82890319824219,6963400.0
2017-07-28,USB,52.400001525878906,52.720001220703125,52.15999984741211,52.56999969482422,37.9299201965332,5283300.0
2017-07-31,USB,52.68000030517578,53.189998626708984,52.68000030517578,52.779998779296875,38.08143997192383,5333100.0
2017-08-01,USB,52.959999084472656,53.18000030517578,52.54999923706055,52.95000076293945,38.204097747802734,9790900.0
2017-08-02,USB,52.77000045776367,53.029998779296875,52.630001068115234,52.9900016784668,38.23295593261719,3853500.0
2017-08-03,USB,52.810001373291016,52.86000061035156,52.529998779296875,52.68000030517578,38.00929260253906,3934200.0
2017-08-04,USB,53.029998779296875,53.470001220703125,52.77000045776367,53.119998931884766,38.32674789428711,5571700.0
2017-08-07,USB,53.150001525878906,53.2400016784668,52.880001068115234,53.119998931884766,38.32674789428711,3720900.0
2017-08-08,USB,53.0,53.650001525878906,52.900001525878906,53.189998626708984,38.37725067138672,3678100.0
2017-08-09,USB,52.84000015258789,53.2400016784668,52.77000045776367,53.22999954223633,38.4061279296875,3804000.0
2017-08-10,USB,52.900001525878906,53.029998779296875,52.349998474121094,52.380001068115234,37.79282760620117,5639700.0
2017-08-11,USB,52.400001525878906,52.599998474121094,51.869998931884766,52.04999923706055,37.55472946166992,4448700.0
2017-08-14,USB,52.279998779296875,52.970001220703125,52.279998779296875,52.790000915527344,38.088653564453125,4156500.0
2017-08-15,USB,53.150001525878906,53.310001373291016,52.880001068115234,52.97999954223633,38.225738525390625,3430700.0
2017-08-16,USB,53.11000061035156,53.209999084472656,52.650001525878906,52.849998474121094,38.1319465637207,3173400.0
2017-08-17,USB,52.66999816894531,52.779998779296875,51.68000030517578,51.720001220703125,37.31663513183594,5465500.0
2017-08-18,USB,51.560001373291016,51.95000076293945,51.380001068115234,51.68000030517578,37.287776947021484,5299700.0
2017-08-21,USB,51.689998626708984,51.86000061035156,51.439998626708984,51.66999816894531,37.28056335449219,5131100.0
2017-08-22,USB,51.72999954223633,52.060001373291016,51.66999816894531,51.939998626708984,37.47535705566406,3115300.0
2017-08-23,USB,51.65999984741211,52.06999969482422,51.59000015258789,51.810001373291016,37.381561279296875,3440000.0
2017-08-24,USB,52.0099983215332,52.11000061035156,51.7400016784668,51.849998474121094,37.41042709350586,2457400.0
2017-08-25,USB,52.09000015258789,52.40999984741211,51.97999954223633,52.06999969482422,37.569149017333984,3130500.0
2017-08-28,USB,52.15999984741211,52.290000915527344,51.75,51.959999084472656,37.48979568481445,2397400.0
2017-08-29,USB,51.36000061035156,51.630001068115234,51.16999816894531,51.5,37.15790939331055,5577500.0
2017-08-30,USB,51.529998779296875,51.790000915527344,51.47999954223633,51.59000015258789,37.22283935546875,3370400.0
2017-08-31,USB,51.81999969482422,51.869998931884766,51.189998626708984,51.25,36.97751998901367,5196900.0
2017-09-01,USB,51.380001068115234,51.95000076293945,51.2400016784668,51.68000030517578,37.287776947021484,3656500.0
2017-09-05,USB,51.38999938964844,51.439998626708984,50.63999938964844,50.869998931884766,36.70335388183594,6496200.0
2017-09-06,USB,51.04999923706055,51.220001220703125,50.7400016784668,50.90999984741211,36.732208251953125,4281400.0
2017-09-07,USB,50.88999938964844,50.9900016784668,49.540000915527344,49.86000061035156,35.974609375,6565400.0
2017-09-08,USB,49.75,50.36000061035156,49.70000076293945,49.97999954223633,36.06119918823242,6052000.0
2017-09-11,USB,50.540000915527344,51.060001373291016,50.40999984741211,50.880001068115234,36.710567474365234,4654200.0
2017-09-12,USB,51.13999938964844,51.939998626708984,51.099998474121094,51.56999969482422,37.208412170410156,5050800.0
2017-09-13,USB,51.380001068115234,52.099998474121094,51.33000183105469,52.040000915527344,37.547515869140625,6755700.0
2017-09-14,USB,52.0099983215332,52.16999816894531,51.540000915527344,51.63999938964844,37.258914947509766,4444600.0
2017-09-15,USB,51.4900016784668,51.81999969482422,51.36000061035156,51.810001373291016,37.381561279296875,6146000.0
2017-09-18,USB,52.0,52.47999954223633,51.849998474121094,52.380001068115234,37.79282760620117,4373100.0
2017-09-19,USB,52.400001525878906,53.279998779296875,52.31999969482422,53.15999984741211,38.35560607910156,5464700.0
2017-09-20,USB,53.22999954223633,53.709999084472656,52.77000045776367,53.52000045776367,38.6153564453125,5409900.0
2017-09-21,USB,53.599998474121094,53.84000015258789,53.400001525878906,53.7400016784668,38.77408981323242,5870200.0
2017-09-22,USB,53.47999954223633,53.709999084472656,53.04999923706055,53.66999816894531,38.72358322143555,6241000.0
2017-09-25,USB,53.5,53.79999923706055,53.27000045776367,53.61000061035156,38.680294036865234,4482000.0
2017-09-26,USB,53.61000061035156,53.7599983215332,53.36000061035156,53.599998474121094,38.673072814941406,5163900.0
2017-09-27,USB,54.15999984741211,54.349998474121094,53.86000061035156,54.150001525878906,39.069908142089844,7605600.0
2017-09-28,USB,53.70000076293945,53.880001068115234,53.099998474121094,53.47999954223633,38.80146408081055,7642800.0
2017-09-29,USB,53.47999954223633,54.04999923706055,53.2599983215332,53.59000015258789,38.88127136230469,7211900.0
2017-10-02,USB,53.290000915527344,53.54999923706055,52.91999816894531,53.439998626708984,38.7724494934082,8323200.0
2017-10-03,USB,53.380001068115234,53.63999938964844,52.91999816894531,53.470001220703125,38.79420852661133,6814400.0
2017-10-04,USB,53.22999954223633,53.40999984741211,53.099998474121094,53.150001525878906,38.562034606933594,6523300.0
2017-10-05,USB,53.209999084472656,54.0,52.95000076293945,53.7599983215332,39.004608154296875,5721500.0
2017-10-06,USB,53.970001220703125,54.2400016784668,53.66999816894531,54.18000030517578,39.309326171875,4492800.0
2017-10-09,USB,54.25,54.25,53.7400016784668,53.849998474121094,39.06989669799805,2858900.0
2017-10-10,USB,53.86000061035156,54.27000045776367,53.81999969482422,54.22999954223633,39.34561538696289,3263600.0
2017-10-11,USB,54.11000061035156,54.349998474121094,53.7599983215332,54.2599983215332,39.367374420166016,4969400.0
2017-10-12,USB,54.119998931884766,54.34000015258789,53.88999938964844,53.9900016784668,39.171478271484375,4233900.0
2017-10-13,USB,53.79999923706055,54.439998626708984,53.56999969482422,54.130001068115234,39.27306365966797,6315700.0
2017-10-16,USB,54.119998931884766,54.41999816894531,53.9900016784668,54.2599983215332,39.367374420166016,5105300.0
2017-10-17,USB,54.349998474121094,54.400001525878906,53.75,53.880001068115234,39.0916748046875,5299600.0
2017-10-18,USB,53.90999984741211,53.90999984741211,52.34000015258789,53.27000045776367,38.64910888671875,10619900.0
2017-10-19,USB,52.970001220703125,53.90999984741211,52.970001220703125,53.59000015258789,38.88127136230469,6171100.0
2017-10-20,USB,54.150001525878906,54.22999954223633,53.81999969482422,54.09000015258789,39.24403762817383,7021600.0
2017-10-23,USB,54.09000015258789,54.2400016784668,53.90999984741211,54.130001068115234,39.27306365966797,4965400.0
2017-10-24,USB,54.43000030517578,54.619998931884766,54.02000045776367,54.209999084472656,39.33110427856445,6643300.0
2017-10-25,USB,54.439998626708984,54.540000915527344,53.72999954223633,54.13999938964844,39.280311584472656,5246900.0
2017-10-26,USB,54.470001220703125,54.650001525878906,54.220001220703125,54.29999923706055,39.396392822265625,5726500.0
2017-10-27,USB,54.209999084472656,54.459999084472656,53.959999084472656,54.439998626708984,39.49797439575195,4862900.0
2017-10-30,USB,54.220001220703125,54.45000076293945,54.040000915527344,54.2599983215332,39.367374420166016,4243800.0
2017-10-31,USB,54.119998931884766,54.81999969482422,54.0099983215332,54.380001068115234,39.45444107055664,5882000.0
2017-11-01,USB,54.58000183105469,54.7400016784668,54.2599983215332,54.47999954223633,39.52699661254883,4642600.0
2017-11-02,USB,54.369998931884766,55.08000183105469,54.060001373291016,54.880001068115234,39.81720733642578,4803800.0
2017-11-03,USB,54.599998474121094,54.790000915527344,54.34000015258789,54.650001525878906,39.65034103393555,5218600.0
2017-11-06,USB,54.540000915527344,54.959999084472656,54.310001373291016,54.849998474121094,39.79543685913086,5501700.0
2017-11-07,USB,54.79999923706055,54.939998626708984,53.380001068115234,53.45000076293945,38.77968978881836,7539300.0
2017-11-08,USB,53.34000015258789,53.439998626708984,52.630001068115234,52.68000030517578,38.22103500366211,6242100.0
2017-11-09,USB,52.40999984741211,52.560001373291016,51.779998779296875,52.11000061035156,37.8074836730957,6012100.0
2017-11-10,USB,52.220001220703125,52.36000061035156,51.58000183105469,51.61000061035156,37.44471740722656,5514800.0
2017-11-13,USB,51.439998626708984,51.810001373291016,51.13999938964844,51.68000030517578,37.49551010131836,5844000.0
2017-11-14,USB,51.380001068115234,51.84000015258789,51.33000183105469,51.83000183105469,37.60434341430664,5472700.0
2017-11-15,USB,51.40999984741211,52.18000030517578,51.349998474121094,52.0099983215332,37.73493194580078,5389500.0
2017-11-16,USB,52.18000030517578,52.25,51.779998779296875,51.810001373291016,37.58982467651367,4449100.0
2017-11-17,USB,51.58000183105469,52.040000915527344,51.52000045776367,51.880001068115234,37.64061737060547,3297600.0
2017-11-20,USB,52.029998779296875,52.029998779296875,51.7400016784668,51.93000030517578,37.676883697509766,3273200.0
2017-11-21,USB,52.150001525878906,52.150001525878906,51.63999938964844,51.88999938964844,37.647857666015625,5194500.0
2017-11-22,USB,51.869998931884766,52.04999923706055,51.84000015258789,51.90999984741211,37.662376403808594,4513100.0
2017-11-24,USB,52.0,52.06999969482422,51.70000076293945,51.83000183105469,37.60434341430664,1466900.0
2017-11-27,USB,51.900001525878906,51.9900016784668,51.689998626708984,51.720001220703125,37.52452087402344,3727900.0
2017-11-28,USB,51.7599983215332,53.08000183105469,51.70000076293945,53.02000045776367,38.46771240234375,5608900.0
2017-11-29,USB,53.380001068115234,54.95000076293945,53.369998931884766,54.7599983215332,39.730133056640625,10938000.0
2017-11-30,USB,55.08000183105469,55.91999816894531,54.790000915527344,55.150001525878906,40.01310348510742,8662900.0
2017-12-01,USB,55.22999954223633,55.38999938964844,53.70000076293945,54.900001525878906,39.83171463012695,7258900.0
2017-12-04,USB,55.77000045776367,56.43000030517578,55.630001068115234,55.630001068115234,40.36135482788086,6470200.0
2017-12-05,USB,55.630001068115234,55.79999923706055,54.65999984741211,54.81999969482422,39.7736701965332,6004100.0
2017-12-06,USB,54.7400016784668,55.029998779296875,54.43000030517578,54.59000015258789,39.60680389404297,3822100.0
2017-12-07,USB,54.849998474121094,55.08000183105469,54.22999954223633,54.900001525878906,39.83171463012695,4404400.0
2017-12-08,USB,55.099998474121094,55.36000061035156,54.5099983215332,55.36000061035156,40.16546630859375,4371900.0
2017-12-11,USB,55.15999984741211,55.58000183105469,55.119998931884766,55.27000045776367,40.100162506103516,3892000.0
2017-12-12,USB,54.650001525878906,55.810001373291016,54.650001525878906,55.5,40.26704406738281,6037300.0
2017-12-13,USB,55.439998626708984,55.619998931884766,54.56999969482422,54.599998474121094,39.614051818847656,5046600.0
2017-12-14,USB,54.810001373291016,54.849998474121094,54.08000183105469,54.150001525878906,39.28757095336914,4467600.0
2017-12-15,USB,54.560001373291016,54.91999816894531,54.22999954223633,54.5,39.54150390625,13109900.0
2017-12-18,USB,54.939998626708984,55.15999984741211,54.650001525878906,54.779998779296875,39.744651794433594,5325300.0
2017-12-19,USB,55.09000015258789,55.130001068115234,54.540000915527344,54.560001373291016,39.58503723144531,5964900.0
2017-12-20,USB,55.060001373291016,55.18000030517578,54.06999969482422,54.2599983215332,39.367374420166016,5688800.0
2017-12-21,USB,54.65999984741211,54.810001373291016,54.2599983215332,54.529998779296875,39.56327819824219,3926400.0
2017-12-22,USB,54.810001373291016,54.849998474121094,54.150001525878906,54.459999084472656,39.51247787475586,3800800.0
2017-12-26,USB,54.4900016784668,54.66999816894531,53.83000183105469,54.0099983215332,39.18598937988281,2807000.0
2017-12-27,USB,54.09000015258789,54.22999954223633,53.900001525878906,54.06999969482422,39.22952651977539,3754200.0
2017-12-28,USB,53.91999816894531,54.0099983215332,53.709999084472656,53.95000076293945,39.36085510253906,3216000.0
2017-12-29,USB,54.119998931884766,54.150001525878906,53.58000183105469,53.58000183105469,39.09090805053711,3949800.0
2018-01-02,USB,54.04999923706055,54.34000015258789,53.790000915527344,54.029998779296875,39.41920852661133,5367700.0
2018-01-03,USB,54.0,54.77000045776367,53.95000076293945,54.560001373291016,39.8058967590332,5043800.0
2018-01-04,USB,54.689998626708984,55.52000045776367,54.599998474121094,54.97999954223633,40.112327575683594,7583600.0
2018-01-05,USB,55.43000030517578,55.5,54.95000076293945,55.31999969482422,40.36037063598633,6863200.0
2018-01-08,USB,55.16999816894531,55.529998779296875,55.13999938964844,55.400001525878906,40.41874694824219,6817400.0
2018-01-09,USB,55.54999923706055,56.27000045776367,55.47999954223633,55.779998779296875,40.69597244262695,6392100.0
2018-01-10,USB,55.9900016784668,56.70000076293945,55.84000015258789,56.20000076293945,41.002410888671875,7121800.0
2018-01-11,USB,56.47999954223633,56.7400016784668,56.220001220703125,56.68000030517578,41.35260772705078,6146900.0
2018-01-12,USB,56.959999084472656,57.119998931884766,56.59000015258789,56.97999954223633,41.57147216796875,5339800.0
2018-01-16,USB,57.540000915527344,57.689998626708984,56.93000030517578,57.16999816894531,41.71010208129883,8840200.0
2018-01-17,USB,57.040000915527344,57.040000915527344,55.369998931884766,56.34000015258789,41.10454559326172,9782100.0
2018-01-18,USB,56.52000045776367,56.810001373291016,56.09000015258789,56.150001525878906,40.96592712402344,9218100.0
2018-01-19,USB,56.4900016784668,56.52000045776367,56.0,56.459999084472656,41.19209289550781,10529300.0
2018-01-22,USB,56.540000915527344,57.2599983215332,56.540000915527344,57.2599983215332,41.775760650634766,7687200.0
2018-01-23,USB,56.86000061035156,57.47999954223633,56.790000915527344,57.18000030517578,41.71739959716797,5449700.0
2018-01-24,USB,57.310001373291016,57.939998626708984,57.310001373291016,57.75,42.13325500488281,5612700.0
2018-01-25,USB,57.939998626708984,58.15999984741211,57.68000030517578,57.97999954223633,42.30107116699219,5859400.0
2018-01-26,USB,57.959999084472656,58.11000061035156,57.5,58.11000061035156,42.395896911621094,6057600.0
2018-01-29,USB,58.040000915527344,58.5,57.93000030517578,57.9900016784668,42.30835723876953,6004000.0
2018-01-30,USB,57.63999938964844,58.09000015258789,57.38999938964844,57.400001525878906,41.877899169921875,5069000.0
2018-01-31,USB,57.310001373291016,57.650001525878906,57.02000045776367,57.13999938964844,41.68820571899414,7893000.0
2018-02-01,USB,56.93000030517578,57.459999084472656,56.709999084472656,57.459999084472656,41.92168045043945,5357600.0
2018-02-02,USB,57.2400016784668,57.79999923706055,56.779998779296875,56.900001525878906,41.51311111450195,7111300.0
2018-02-05,USB,56.369998931884766,56.91999816894531,54.47999954223633,54.619998931884766,39.849666595458984,11580900.0
2018-02-06,USB,53.45000076293945,55.29999923706055,53.02000045776367,54.619998931884766,39.849666595458984,17726400.0
2018-02-07,USB,54.5,55.68000030517578,54.400001525878906,54.79999923706055,39.98099899291992,11005300.0
2018-02-08,USB,54.790000915527344,54.790000915527344,52.61000061035156,52.650001525878906,38.41240310668945,10887500.0
2018-02-09,USB,53.31999969482422,54.08000183105469,51.869998931884766,53.75,39.21493911743164,12512500.0
2018-02-12,USB,54.060001373291016,54.56999969482422,53.52000045776367,53.970001220703125,39.37544250488281,7598600.0
2018-02-13,USB,53.70000076293945,54.36000061035156,53.58000183105469,54.13999938964844,39.49946975708008,5558100.0
2018-02-14,USB,54.029998779296875,55.400001525878906,53.88999938964844,55.310001373291016,40.35308074951172,7157700.0
2018-02-15,USB,55.599998474121094,56.040000915527344,54.900001525878906,55.099998474121094,40.199859619140625,7054600.0
2018-02-16,USB,54.900001525878906,55.91999816894531,54.869998931884766,55.61000061035156,40.57195281982422,6223500.0
2018-02-20,USB,55.5,56.060001373291016,54.7400016784668,54.90999984741211,40.061241149902344,6040000.0
2018-02-21,USB,54.939998626708984,55.81999969482422,54.79999923706055,55.099998474121094,40.199859619140625,6667500.0
2018-02-22,USB,55.459999084472656,55.59000015258789,54.16999816894531,54.27000045776367,39.594322204589844,6397900.0
2018-02-23,USB,54.439998626708984,55.5099983215332,54.40999984741211,55.4900016784668,40.484405517578125,5526600.0
2018-02-26,USB,55.66999816894531,55.849998474121094,54.83000183105469,55.84000015258789,40.7397575378418,5353900.0
2018-02-27,USB,55.84000015258789,56.099998474121094,55.0099983215332,55.0099983215332,40.13419723510742,5147400.0
2018-02-28,USB,55.349998474121094,55.63999938964844,54.349998474121094,54.36000061035156,39.65998077392578,4705800.0
2018-03-01,USB,54.38999938964844,54.58000183105469,52.959999084472656,53.16999816894531,38.79176712036133,8239900.0
2018-03-02,USB,52.779998779296875,53.5099983215332,52.29999923706055,53.40999984741211,38.96688461303711,5658900.0
2018-03-05,USB,52.970001220703125,54.13999938964844,52.779998779296875,53.970001220703125,39.37544250488281,5205900.0
2018-03-06,USB,54.029998779296875,54.2400016784668,53.47999954223633,54.16999816894531,39.521358489990234,5006500.0
2018-03-07,USB,53.58000183105469,53.970001220703125,52.970001220703125,53.65999984741211,39.1492805480957,6123500.0
2018-03-08,USB,53.849998474121094,54.04999923706055,53.40999984741211,53.939998626708984,39.35354995727539,4951500.0
2018-03-09,USB,54.33000183105469,55.369998931884766,54.16999816894531,55.279998779296875,40.3311882019043,6075500.0
2018-03-12,USB,55.209999084472656,55.5099983215332,54.869998931884766,55.0099983215332,40.13419723510742,3647700.0
2018-03-13,USB,55.29999923706055,55.400001525878906,54.060001373291016,54.150001525878906,39.506771087646484,6132800.0
2018-03-14,USB,54.38999938964844,54.4900016784668,53.119998931884766,53.27000045776367,38.864742279052734,6281400.0
2018-03-15,USB,53.5,53.56999969482422,53.08000183105469,53.36000061035156,38.93040084838867,5587300.0
2018-03-16,USB,53.36000061035156,53.9900016784668,53.22999954223633,53.2599983215332,38.857444763183594,10911500.0
2018-03-19,USB,53.209999084472656,53.310001373291016,52.36000061035156,52.79999923706055,38.5218391418457,8712100.0
2018-03-20,USB,53.04999923706055,53.349998474121094,52.560001373291016,52.599998474121094,38.375919342041016,4444500.0
2018-03-21,USB,52.790000915527344,53.209999084472656,52.34000015258789,52.54999923706055,38.339439392089844,6881500.0
2018-03-22,USB,52.040000915527344,52.189998626708984,50.529998779296875,50.650001525878906,36.953243255615234,9422900.0
2018-03-23,USB,50.70000076293945,50.900001525878906,49.150001525878906,49.25,35.93181228637695,10526500.0
2018-03-26,USB,50.22999954223633,51.43000030517578,49.81999969482422,51.290000915527344,37.420169830322266,9001800.0
2018-03-27,USB,51.349998474121094,51.41999816894531,49.47999954223633,49.86000061035156,36.37686538696289,8622100.0
2018-03-28,USB,49.689998626708984,50.4900016784668,49.369998931884766,50.06999969482422,36.75120544433594,7721000.0
2018-03-29,USB,50.209999084472656,50.83000183105469,49.900001525878906,50.5,37.06681823730469,5399300.0
2018-04-02,USB,50.45000076293945,50.630001068115234,49.029998779296875,49.68000030517578,36.4649543762207,8787100.0
2018-04-03,USB,49.83000183105469,50.36000061035156,49.45000076293945,50.27000045776367,36.89800262451172,6682800.0
2018-04-04,USB,49.5099983215332,50.880001068115234,49.459999084472656,50.68000030517578,37.19894790649414,6786500.0
2018-04-05,USB,51.130001068115234,51.43000030517578,50.86000061035156,51.08000183105469,37.49253845214844,6911200.0
2018-04-06,USB,50.540000915527344,50.93000030517578,49.849998474121094,50.279998779296875,36.90533447265625,7811300.0
2018-04-09,USB,50.52000045776367,51.529998779296875,50.400001525878906,50.59000015258789,37.13288116455078,5628500.0
2018-04-10,USB,51.11000061035156,51.38999938964844,50.66999816894531,51.08000183105469,37.49253845214844,6220000.0
2018-04-11,USB,50.650001525878906,50.900001525878906,50.380001068115234,50.54999923706055,37.10352325439453,4345100.0
2018-04-12,USB,50.959999084472656,51.5099983215332,50.79999923706055,51.2400016784668,37.6099853515625,5496100.0
2018-04-13,USB,51.83000183105469,51.880001068115234,50.650001525878906,50.95000076293945,37.39712142944336,7670500.0
2018-04-16,USB,51.34000015258789,51.529998779296875,51.06999969482422,51.40999984741211,37.73476028442383,8190400.0
2018-04-17,USB,51.720001220703125,51.88999938964844,50.83000183105469,51.02000045776367,37.44850158691406,7813900.0
2018-04-18,USB,51.060001373291016,51.11000061035156,49.810001373291016,50.0,36.699825286865234,12921300.0
2018-04-19,USB,50.0,50.790000915527344,49.97999954223633,50.70000076293945,37.213626861572266,10690900.0
2018-04-20,USB,50.84000015258789,51.08000183105469,50.130001068115234,50.43000030517578,37.015445709228516,7927200.0
2018-04-23,USB,50.47999954223633,50.779998779296875,50.349998474121094,50.540000915527344,37.096187591552734,7893500.0
2018-04-24,USB,50.65999984741211,51.290000915527344,50.09000015258789,50.41999816894531,37.00810623168945,6946600.0
2018-04-25,USB,50.349998474121094,51.15999984741211,50.0,50.790000915527344,37.27967834472656,7252700.0
2018-04-26,USB,50.689998626708984,51.11000061035156,50.58000183105469,50.779998779296875,37.2723388671875,5678900.0
2018-04-27,USB,50.65999984741211,51.439998626708984,50.619998931884766,51.25,37.61732864379883,5177900.0
2018-04-30,USB,51.41999816894531,51.61000061035156,50.45000076293945,50.45000076293945,37.03013229370117,7772200.0
2018-05-01,USB,50.25,50.77000045776367,49.91999816894531,50.720001220703125,37.22830581665039,4410400.0
2018-05-02,USB,50.540000915527344,50.61000061035156,49.77000045776367,49.86000061035156,36.59706497192383,6130900.0
2018-05-03,USB,49.75,50.13999938964844,49.150001525878906,49.97999954223633,36.68514633178711,8468400.0
2018-05-04,USB,49.63999938964844,50.72999954223633,49.439998626708984,50.34000015258789,36.94938278198242,6072200.0
2018-05-07,USB,50.5099983215332,50.540000915527344,50.04999923706055,50.36000061035156,36.964073181152344,5572700.0
2018-05-08,USB,50.33000183105469,50.7599983215332,50.06999969482422,50.33000183105469,36.94204330444336,5832400.0
2018-05-09,USB,50.43000030517578,51.11000061035156,50.33000183105469,50.83000183105469,37.30904769897461,4784500.0
2018-05-10,USB,50.90999984741211,51.27000045776367,50.56999969482422,51.16999816894531,37.55860900878906,5660000.0
2018-05-11,USB,51.470001220703125,51.86000061035156,51.279998779296875,51.5,37.800819396972656,5037500.0
2018-05-14,USB,51.68000030517578,51.70000076293945,51.04999923706055,51.18000030517578,37.565948486328125,4730100.0
2018-05-15,USB,51.04999923706055,51.369998931884766,50.95000076293945,51.119998931884766,37.52190399169922,6915600.0
2018-05-16,USB,51.02000045776367,51.27000045776367,50.77000045776367,50.9900016784668,37.42648696899414,5486100.0
2018-05-17,USB,50.81999969482422,51.20000076293945,50.61000061035156,51.150001525878906,37.54392623901367,4636100.0
2018-05-18,USB,51.11000061035156,51.11000061035156,50.470001220703125,50.54999923706055,37.10352325439453,4532000.0
2018-05-21,USB,50.79999923706055,51.11000061035156,50.689998626708984,50.70000076293945,37.213626861572266,4675800.0
2018-05-22,USB,50.849998474121094,51.56999969482422,50.75,51.060001373291016,37.477874755859375,6224400.0
2018-05-23,USB,50.83000183105469,51.02000045776367,50.31999969482422,50.939998626708984,37.3897819519043,5295500.0
2018-05-24,USB,50.619998931884766,50.849998474121094,50.25,50.66999816894531,37.19160079956055,5957600.0
2018-05-25,USB,50.40999984741211,50.65999984741211,50.349998474121094,50.540000915527344,37.096187591552734,4346000.0
2018-05-29,USB,50.0099983215332,50.060001373291016,48.4900016784668,48.86000061035156,35.86307144165039,11606400.0
2018-05-30,USB,49.34000015258789,49.959999084472656,49.06999969482422,49.84000015258789,36.582393646240234,9303100.0
2018-05-31,USB,49.66999816894531,50.09000015258789,49.25,49.9900016784668,36.69248962402344,13759800.0
2018-06-01,USB,50.5,51.119998931884766,50.5,50.7599983215332,37.25766372680664,10247200.0
2018-06-04,USB,50.970001220703125,51.130001068115234,50.70000076293945,50.90999984741211,37.36776351928711,4431600.0
2018-06-05,USB,50.81999969482422,51.40999984741211,50.61000061035156,51.220001220703125,37.59530258178711,7965800.0
2018-06-06,USB,51.38999938964844,51.90999984741211,51.16999816894531,51.77000045776367,37.999000549316406,7219400.0
2018-06-07,USB,51.939998626708984,52.189998626708984,51.560001373291016,51.83000183105469,38.04304504394531,6164000.0
2018-06-08,USB,51.65999984741211,52.08000183105469,51.59000015258789,52.04999923706055,38.20450973510742,4811300.0
2018-06-11,USB,52.20000076293945,52.22999954223633,51.41999816894531,51.45000076293945,37.764137268066406,5942000.0
2018-06-12,USB,51.45000076293945,51.689998626708984,51.029998779296875,51.22999954223633,37.602638244628906,5159200.0
2018-06-13,USB,51.22999954223633,51.70000076293945,50.880001068115234,51.08000183105469,37.49253845214844,7445800.0
2018-06-14,USB,51.290000915527344,51.36000061035156,50.7400016784668,50.93000030517578,37.38243865966797,10199500.0
2018-06-15,USB,50.779998779296875,51.41999816894531,50.59000015258789,51.380001068115234,37.712745666503906,17352600.0
2018-06-18,USB,50.83000183105469,51.380001068115234,50.560001373291016,51.279998779296875,37.63934326171875,7007400.0
2018-06-19,USB,50.7599983215332,51.79999923706055,50.70000076293945,51.650001525878906,37.910919189453125,13592000.0
2018-06-20,USB,52.029998779296875,52.06999969482422,51.2400016784668,51.27000045776367,37.63199996948242,7444900.0
2018-06-21,USB,51.119998931884766,51.20000076293945,50.58000183105469,50.9900016784668,37.42648696899414,6484000.0
2018-06-22,USB,51.36000061035156,51.400001525878906,50.709999084472656,50.7599983215332,37.25766372680664,7145200.0
2018-06-25,USB,50.630001068115234,50.689998626708984,50.029998779296875,50.58000183105469,37.125545501708984,6741200.0
2018-06-26,USB,50.529998779296875,50.65999984741211,49.900001525878906,50.20000076293945,36.84663391113281,6671600.0
2018-06-27,USB,50.02000045776367,50.34000015258789,49.79999923706055,49.83000183105469,36.57505416870117,6961200.0
2018-06-28,USB,49.63999938964844,49.939998626708984,49.2400016784668,49.619998931884766,36.64151382446289,5795400.0
2018-06-29,USB,50.15999984741211,50.720001220703125,49.9900016784668,50.02000045776367,36.9368896484375,9521800.0
2018-07-02,USB,49.619998931884766,50.439998626708984,49.59000015258789,50.40999984741211,37.22488021850586,5063800.0
2018-07-03,USB,50.439998626708984,50.63999938964844,49.779998779296875,49.970001220703125,36.89997482299805,4506600.0
2018-07-05,USB,50.27000045776367,50.369998931884766,49.810001373291016,49.93000030517578,36.87042236328125,5334300.0
2018-07-06,USB,49.83000183105469,50.34000015258789,49.77000045776367,50.209999084472656,37.07719421386719,4085100.0
2018-07-09,USB,50.380001068115234,51.63999938964844,50.29999923706055,51.369998931884766,37.93378829956055,6686500.0
2018-07-10,USB,51.47999954223633,51.56999969482422,51.02000045776367,51.349998474121094,37.91902160644531,6618900.0
2018-07-11,USB,51.130001068115234,51.63999938964844,50.81999969482422,51.2599983215332,37.8525505065918,6216200.0
2018-07-12,USB,51.720001220703125,51.849998474121094,51.13999938964844,51.36000061035156,37.926395416259766,6453800.0
2018-07-13,USB,51.04999923706055,51.29999923706055,50.61000061035156,50.90999984741211,37.59410095214844,6975600.0
2018-07-16,USB,51.04999923706055,51.43000030517578,51.02000045776367,51.29999923706055,37.88209533691406,6932600.0
2018-07-17,USB,51.400001525878906,51.68000030517578,51.18000030517578,51.29999923706055,37.88209533691406,9600900.0
2018-07-18,USB,51.0,51.400001525878906,50.470001220703125,50.720001220703125,37.45378875732422,11592600.0
2018-07-19,USB,50.65999984741211,51.619998931884766,50.65999984741211,51.36000061035156,37.926395416259766,12128400.0
2018-07-20,USB,51.22999954223633,51.41999816894531,50.84000015258789,51.060001373291016,37.704872131347656,9167100.0
2018-07-23,USB,51.099998474121094,51.900001525878906,51.029998779296875,51.869998931884766,38.30299758911133,7739700.0
2018-07-24,USB,51.7599983215332,52.2400016784668,51.52000045776367,51.650001525878906,38.14054489135742,5939900.0
2018-07-25,USB,51.540000915527344,51.75,51.349998474121094,51.619998931884766,38.11839294433594,7672600.0
2018-07-26,USB,51.900001525878906,52.540000915527344,51.869998931884766,52.36000061035156,38.66484451293945,9397000.0
2018-07-27,USB,52.36000061035156,52.72999954223633,52.279998779296875,52.599998474121094,38.84206771850586,7241600.0
2018-07-30,USB,52.619998931884766,53.310001373291016,52.619998931884766,52.97999954223633,39.12267303466797,7139600.0
2018-07-31,USB,53.029998779296875,53.349998474121094,52.88999938964844,53.0099983215332,39.144832611083984,9379300.0
2018-08-01,USB,53.310001373291016,53.5099983215332,52.380001068115234,52.61000061035156,38.849449157714844,5685600.0
2018-08-02,USB,52.22999954223633,52.63999938964844,52.13999938964844,52.54999923706055,38.80514144897461,4438100.0
2018-08-03,USB,52.459999084472656,52.91999816894531,52.38999938964844,52.90999984741211,39.07098388671875,5313500.0
2018-08-06,USB,52.81999969482422,53.189998626708984,52.79999923706055,52.93000030517578,39.085750579833984,5387700.0
2018-08-07,USB,53.029998779296875,53.38999938964844,52.9900016784668,53.29999923706055,39.358978271484375,4620100.0
2018-08-08,USB,53.290000915527344,53.790000915527344,53.08000183105469,53.52000045776367,39.52143478393555,4539700.0
2018-08-09,USB,53.529998779296875,53.70000076293945,53.369998931884766,53.47999954223633,39.49189376831055,3829000.0
2018-08-10,USB,52.93000030517578,53.31999969482422,52.75,53.099998474121094,39.2112922668457,5492000.0
2018-08-13,USB,52.900001525878906,53.09000015258789,52.369998931884766,52.369998931884766,38.6722297668457,5338400.0
2018-08-14,USB,52.43000030517578,53.209999084472656,52.43000030517578,53.16999816894531,39.262969970703125,4297300.0
2018-08-15,USB,52.72999954223633,53.0099983215332,52.36000061035156,52.59000015258789,38.83469009399414,6182000.0
2018-08-16,USB,52.810001373291016,53.380001068115234,52.79999923706055,53.15999984741211,39.25558853149414,4969900.0
2018-08-17,USB,53.11000061035156,53.400001525878906,53.04999923706055,53.290000915527344,39.35159683227539,4457100.0
2018-08-20,USB,53.2599983215332,53.849998474121094,53.2400016784668,53.81999969482422,39.74296951293945,5189900.0
2018-08-21,USB,53.90999984741211,54.5099983215332,53.849998474121094,54.189998626708984,40.01618576049805,5228600.0
2018-08-22,USB,54.08000183105469,54.11000061035156,53.810001373291016,53.939998626708984,39.83157730102539,3238300.0
2018-08-23,USB,54.04999923706055,54.119998931884766,53.619998931884766,53.79999923706055,39.72819519042969,4214600.0
2018-08-24,USB,53.88999938964844,54.130001068115234,53.7400016784668,54.0099983215332,39.88326644897461,4568300.0
2018-08-27,USB,54.130001068115234,54.66999816894531,54.119998931884766,54.459999084472656,40.21556091308594,6070300.0
2018-08-28,USB,54.5,54.720001220703125,54.13999938964844,54.20000076293945,40.02357482910156,4276700.0
2018-08-29,USB,54.220001220703125,54.5099983215332,54.09000015258789,54.33000183105469,40.11956787109375,4476500.0
2018-08-30,USB,54.220001220703125,54.369998931884766,53.91999816894531,54.040000915527344,39.90542221069336,6298700.0
2018-08-31,USB,53.869998931884766,54.13999938964844,53.790000915527344,54.11000061035156,39.95710754394531,5159400.0
2018-09-04,USB,54.209999084472656,54.34000015258789,53.84000015258789,54.2400016784668,40.05310821533203,4367600.0
2018-09-05,USB,54.189998626708984,54.619998931884766,54.15999984741211,54.33000183105469,40.11956787109375,5325300.0
2018-09-06,USB,54.349998474121094,54.5,54.08000183105469,54.33000183105469,40.11956787109375,3696400.0
2018-09-07,USB,54.61000061035156,54.619998931884766,53.880001068115234,54.189998626708984,40.01618576049805,4938100.0
2018-09-10,USB,54.290000915527344,54.400001525878906,54.09000015258789,54.130001068115234,39.97188949584961,2995700.0
2018-09-11,USB,54.04999923706055,54.380001068115234,53.939998626708984,54.20000076293945,40.02357482910156,3383700.0
2018-09-12,USB,54.209999084472656,54.2400016784668,53.4900016784668,53.54999923706055,39.543582916259766,5354900.0
2018-09-13,USB,53.90999984741211,54.29999923706055,53.72999954223633,54.02000045776367,39.890655517578125,6687600.0
2018-09-14,USB,54.02000045776367,54.25,53.970001220703125,54.13999938964844,39.979270935058594,5271400.0
2018-09-17,USB,54.310001373291016,54.34000015258789,53.970001220703125,54.130001068115234,39.97188949584961,4507400.0
2018-09-18,USB,54.16999816894531,54.380001068115234,53.970001220703125,54.150001525878906,39.986656188964844,4314500.0
2018-09-19,USB,54.279998779296875,55.15999984741211,54.22999954223633,54.91999816894531,40.555240631103516,6814300.0
2018-09-20,USB,55.209999084472656,55.470001220703125,55.099998474121094,55.349998474121094,40.87278366088867,5321200.0
2018-09-21,USB,55.41999816894531,55.560001373291016,54.900001525878906,55.13999938964844,40.71770095825195,12672900.0
2018-09-24,USB,55.0,55.310001373291016,54.34000015258789,54.41999816894531,40.1860237121582,5254100.0
2018-09-25,USB,54.77000045776367,54.81999969482422,54.18000030517578,54.2599983215332,40.067874908447266,5569200.0
2018-09-26,USB,54.52000045776367,54.52000045776367,53.52000045776367,53.61000061035156,39.58789825439453,5414700.0
2018-09-27,USB,53.43000030517578,53.439998626708984,52.83000183105469,52.93000030517578,39.35737991333008,5812100.0
2018-09-28,USB,52.72999954223633,52.880001068115234,52.47999954223633,52.810001373291016,39.268150329589844,8150300.0
2018-10-01,USB,52.95000076293945,53.189998626708984,52.630001068115234,52.83000183105469,39.28303527832031,4724200.0
2018-10-02,USB,52.810001373291016,53.060001373291016,52.439998626708984,52.7400016784668,39.21611022949219,5825400.0
2018-10-03,USB,53.060001373291016,53.56999969482422,52.790000915527344,53.43000030517578,39.72917175292969,7735300.0
2018-10-04,USB,53.36000061035156,54.09000015258789,53.36000061035156,53.68000030517578,39.915061950683594,5731500.0
2018-10-05,USB,53.880001068115234,54.06999969482422,53.290000915527344,53.47999954223633,39.766353607177734,5202600.0
2018-10-08,USB,53.45000076293945,54.060001373291016,53.380001068115234,53.93000030517578,40.1009635925293,5797800.0
2018-10-09,USB,53.709999084472656,54.22999954223633,53.41999816894531,53.95000076293945,40.11582946777344,5517300.0
2018-10-10,USB,54.15999984741211,54.65999984741211,53.310001373291016,53.33000183105469,39.654815673828125,9193300.0
2018-10-11,USB,53.31999969482422,53.31999969482422,51.650001525878906,51.81999969482422,38.53201675415039,13404800.0
2018-10-12,USB,52.36000061035156,52.43000030517578,50.0099983215332,50.790000915527344,37.76612854003906,12666900.0
2018-10-15,USB,50.790000915527344,51.09000015258789,50.5099983215332,50.5099983215332,37.55792236328125,6879900.0
2018-10-16,USB,50.79999923706055,51.060001373291016,50.22999954223633,50.970001220703125,37.89997863769531,9207100.0
2018-10-17,USB,50.810001373291016,53.060001373291016,50.52000045776367,52.900001525878906,39.3350830078125,11626400.0
2018-10-18,USB,53.34000015258789,53.40999984741211,52.02000045776367,52.130001068115234,38.76252746582031,11322800.0
2018-10-19,USB,51.93000030517578,52.7599983215332,51.810001373291016,52.5,39.03765106201172,7664000.0
2018-10-22,USB,52.61000061035156,52.650001525878906,51.290000915527344,51.43000030517578,38.242027282714844,8914600.0
2018-10-23,USB,50.72999954223633,51.77000045776367,50.59000015258789,51.369998931884766,38.19740676879883,9206400.0
2018-10-24,USB,51.189998626708984,51.29999923706055,50.18000030517578,50.279998779296875,37.38691329956055,9430100.0
2018-10-25,USB,50.70000076293945,51.779998779296875,50.5099983215332,51.27000045776367,38.1230583190918,7672900.0
2018-10-26,USB,50.75,51.209999084472656,50.290000915527344,50.90999984741211,37.855369567871094,10408800.0
2018-10-29,USB,51.52000045776367,52.4900016784668,51.13999938964844,51.560001373291016,38.33869171142578,9949100.0
2018-10-30,USB,51.95000076293945,52.40999984741211,51.540000915527344,52.31999969482422,38.903812408447266,10213900.0
2018-10-31,USB,52.65999984741211,52.880001068115234,52.209999084472656,52.27000045776367,38.86661911010742,13027000.0
2018-11-01,USB,52.38999938964844,52.630001068115234,52.0099983215332,52.130001068115234,38.76252746582031,9812100.0
2018-11-02,USB,52.43000030517578,52.77000045776367,51.4900016784668,52.06999969482422,38.71791458129883,8273600.0
2018-11-05,USB,52.060001373291016,52.84000015258789,51.84000015258789,52.34000015258789,38.918670654296875,5448300.0
2018-11-06,USB,52.220001220703125,52.65999984741211,51.95000076293945,52.63999938964844,39.141746520996094,4635600.0
2018-11-07,USB,52.77000045776367,52.93000030517578,51.79999923706055,52.58000183105469,39.097129821777344,6715900.0
2018-11-08,USB,52.310001373291016,53.25,52.27000045776367,52.93000030517578,39.35737991333008,5463800.0
2018-11-09,USB,52.810001373291016,53.43000030517578,52.75,53.150001525878906,39.52096939086914,5530100.0
2018-11-12,USB,53.150001525878906,53.439998626708984,52.79999923706055,52.91999816894531,39.349945068359375,7060100.0
2018-11-13,USB,52.970001220703125,53.970001220703125,52.95000076293945,53.689998626708984,39.9224967956543,8138100.0
2018-11-14,USB,53.9900016784668,54.540000915527344,53.2599983215332,54.0,40.15301513671875,13371700.0
2018-11-15,USB,53.290000915527344,54.790000915527344,53.09000015258789,54.65999984741211,40.643768310546875,9758900.0
2018-11-16,USB,54.400001525878906,55.209999084472656,54.34000015258789,54.91999816894531,40.83709716796875,9335200.0
2018-11-19,USB,54.970001220703125,55.310001373291016,54.630001068115234,55.0,40.896575927734375,8109600.0
2018-11-20,USB,54.939998626708984,55.349998474121094,53.86000061035156,54.11000061035156,40.234798431396484,9495600.0
2018-11-21,USB,54.220001220703125,54.560001373291016,53.650001525878906,53.68000030517578,39.915061950683594,5830500.0
2018-11-23,USB,53.29999923706055,53.959999084472656,53.119998931884766,53.52000045776367,39.79609298706055,2243300.0
2018-11-26,USB,54.0,54.619998931884766,53.970001220703125,54.15999984741211,40.271976470947266,6429300.0
2018-11-27,USB,53.790000915527344,54.029998779296875,53.470001220703125,53.720001220703125,39.944801330566406,7409500.0
2018-11-28,USB,54.02000045776367,54.34000015258789,53.22999954223633,54.290000915527344,40.36864471435547,7105400.0
2018-11-29,USB,54.0,54.31999969482422,53.790000915527344,54.040000915527344,40.18275451660156,5369300.0
2018-11-30,USB,54.04999923706055,54.880001068115234,54.040000915527344,54.459999084472656,40.49504852294922,10299300.0
2018-12-03,USB,54.880001068115234,55.040000915527344,53.900001525878906,54.400001525878906,40.450435638427734,6851100.0
2018-12-04,USB,54.02000045776367,54.33000183105469,52.40999984741211,52.599998474121094,39.112003326416016,9814800.0
2018-12-06,USB,51.709999084472656,52.45000076293945,51.18000030517578,52.34000015258789,38.918670654296875,13575600.0
2018-12-07,USB,52.27000045776367,52.869998931884766,51.38999938964844,51.7599983215332,38.487396240234375,9561900.0
2018-12-10,USB,51.70000076293945,51.86000061035156,50.0099983215332,50.58000183105469,37.6099967956543,11217900.0
2018-12-11,USB,51.029998779296875,51.470001220703125,49.959999084472656,50.119998931884766,37.26793670654297,7983200.0
2018-12-12,USB,50.619998931884766,50.869998931884766,49.880001068115234,50.130001068115234,37.275386810302734,8372000.0
2018-12-13,USB,50.22999954223633,50.43000030517578,48.970001220703125,49.189998626708984,36.576419830322266,11919500.0
2018-12-14,USB,48.689998626708984,49.5,48.459999084472656,48.75,36.24924850463867,11037700.0
2018-12-17,USB,48.5099983215332,49.040000915527344,47.65999984741211,47.939998626708984,35.64695739746094,10081800.0
2018-12-18,USB,48.22999954223633,48.43000030517578,46.959999084472656,47.2599983215332,35.141319274902344,10182000.0
2018-12-19,USB,47.16999816894531,47.599998474121094,45.900001525878906,46.220001220703125,34.36800003051758,13879300.0
2018-12-20,USB,45.900001525878906,46.439998626708984,45.43000030517578,45.77000045776367,34.033390045166016,13596600.0
2018-12-21,USB,45.470001220703125,46.25,44.310001373291016,44.61000061035156,33.17084503173828,22650900.0
2018-12-24,USB,44.0,44.63999938964844,43.650001525878906,43.7599983215332,32.538818359375,6830500.0
2018-12-26,USB,43.91999816894531,45.38999938964844,43.13999938964844,45.38999938964844,33.750831604003906,10866400.0
2018-12-27,USB,44.84000015258789,45.650001525878906,44.119998931884766,45.650001525878906,33.94416046142578,9209900.0
2018-12-28,USB,45.47999954223633,45.779998779296875,45.02000045776367,45.209999084472656,33.89168930053711,8372200.0
2018-12-31,USB,45.34000015258789,45.81999969482422,45.060001373291016,45.70000076293945,34.25901794433594,7388200.0
2019-01-02,USB,45.220001220703125,46.38999938964844,45.04999923706055,46.349998474121094,34.74628829956055,8155500.0
2019-01-03,USB,46.20000076293945,46.439998626708984,45.63999938964844,45.70000076293945,34.25901794433594,8141100.0
2019-01-04,USB,46.439998626708984,47.130001068115234,46.150001525878906,46.83000183105469,35.106117248535156,7725300.0
2019-01-07,USB,46.65999984741211,47.099998474121094,46.459999084472656,46.61000061035156,34.94118881225586,5927000.0
2019-01-08,USB,47.0099983215332,47.15999984741211,46.2400016784668,46.90999984741211,35.16608810424805,6654400.0
2019-01-09,USB,47.02000045776367,47.5,46.689998626708984,47.40999984741211,35.54092788696289,7765100.0
2019-01-10,USB,47.310001373291016,47.59000015258789,46.86000061035156,47.310001373291016,35.46596145629883,8050800.0
2019-01-11,USB,47.099998474121094,47.54999923706055,46.7599983215332,47.439998626708984,35.563411712646484,5196100.0
2019-01-14,USB,47.150001525878906,47.900001525878906,46.880001068115234,47.790000915527344,35.8257942199707,8209600.0
2019-01-15,USB,47.61000061035156,48.189998626708984,47.279998779296875,47.970001220703125,35.960731506347656,7676600.0
2019-01-16,USB,48.2599983215332,49.4900016784668,48.15999984741211,49.11000061035156,36.81532669067383,9913500.0
2019-01-17,USB,48.970001220703125,50.0,48.970001220703125,49.75,37.29508972167969,11787200.0
2019-01-18,USB,50.11000061035156,50.400001525878906,49.59000015258789,50.220001220703125,37.64744186401367,10014100.0
2019-01-22,USB,49.95000076293945,50.400001525878906,49.880001068115234,50.13999938964844,37.58746337890625,10614800.0
2019-01-23,USB,50.2599983215332,50.66999816894531,49.9900016784668,50.529998779296875,37.87983322143555,7785100.0
2019-01-24,USB,50.34000015258789,51.02000045776367,50.290000915527344,50.88999938964844,38.14970397949219,5654800.0
2019-01-25,USB,51.349998474121094,51.630001068115234,51.06999969482422,51.369998931884766,38.50953674316406,6622400.0
2019-01-28,USB,50.90999984741211,51.310001373291016,50.81999969482422,51.27000045776367,38.434574127197266,5207000.0
2019-01-29,USB,51.18000030517578,51.5,50.86000061035156,51.04999923706055,38.2696418762207,5105100.0
2019-01-30,USB,51.0,51.43000030517578,50.810001373291016,51.040000915527344,38.262149810791016,5451200.0
2019-01-31,USB,50.709999084472656,51.33000183105469,50.5,51.15999984741211,38.35210418701172,9033500.0
2019-02-01,USB,51.2599983215332,51.61000061035156,51.0099983215332,51.290000915527344,38.44955825805664,4597100.0
2019-02-04,USB,51.209999084472656,51.56999969482422,50.9900016784668,51.56999969482422,38.65946960449219,4013400.0
2019-02-05,USB,51.61000061035156,51.650001525878906,51.04999923706055,51.47999954223633,38.59199142456055,5483200.0
2019-02-06,USB,51.38999938964844,51.790000915527344,51.220001220703125,51.439998626708984,38.56201171875,4898700.0
2019-02-07,USB,51.54999923706055,52.0,50.540000915527344,50.95000076293945,38.19467544555664,10708100.0
2019-02-08,USB,50.810001373291016,51.0,49.939998626708984,50.58000183105469,37.917320251464844,8918000.0
2019-02-11,USB,50.81999969482422,50.900001525878906,50.38999938964844,50.54999923706055,37.894813537597656,4797500.0
2019-02-12,USB,51.0099983215332,51.439998626708984,50.93000030517578,51.209999084472656,38.389591217041016,7526100.0
2019-02-13,USB,51.220001220703125,51.459999084472656,50.880001068115234,50.90999984741211,38.16469955444336,5075300.0
2019-02-14,USB,50.5099983215332,50.70000076293945,50.119998931884766,50.459999084472656,37.82734680175781,5507900.0
2019-02-15,USB,50.95000076293945,51.36000061035156,50.7599983215332,51.310001373291016,38.46455764770508,7757300.0
2019-02-19,USB,51.04999923706055,51.560001373291016,50.849998474121094,51.310001373291016,38.46455764770508,7179300.0
2019-02-20,USB,51.310001373291016,51.650001525878906,51.04999923706055,51.599998474121094,38.68195724487305,7722900.0
2019-02-21,USB,51.529998779296875,51.54999923706055,50.91999816894531,51.04999923706055,38.2696418762207,6145700.0
2019-02-22,USB,51.209999084472656,51.34000015258789,50.95000076293945,51.279998779296875,38.44207000732422,4959500.0
2019-02-25,USB,51.56999969482422,52.189998626708984,51.52000045776367,51.61000061035156,38.689453125,6154400.0
2019-02-26,USB,51.40999984741211,51.810001373291016,51.13999938964844,51.29999923706055,38.457061767578125,4823300.0
2019-02-27,USB,51.31999969482422,51.58000183105469,51.16999816894531,51.540000915527344,38.63697052001953,3838000.0
2019-02-28,USB,51.61000061035156,51.720001220703125,51.439998626708984,51.689998626708984,38.74942398071289,5808800.0
2019-03-01,USB,52.119998931884766,52.38999938964844,51.47999954223633,51.720001220703125,38.77191162109375,5734600.0
2019-03-04,USB,51.90999984741211,52.31999969482422,51.099998474121094,51.66999816894531,38.73442459106445,4610900.0
2019-03-05,USB,51.66999816894531,51.709999084472656,51.08000183105469,51.540000915527344,38.63697052001953,4415900.0
2019-03-06,USB,51.400001525878906,51.619998931884766,50.97999954223633,51.099998474121094,38.307132720947266,4345700.0
2019-03-07,USB,51.0,51.060001373291016,50.369998931884766,50.68000030517578,37.99226760864258,4048500.0
2019-03-08,USB,50.290000915527344,50.90999984741211,50.25,50.869998931884766,38.13471221923828,4024500.0
2019-03-11,USB,51.06999969482422,51.4900016784668,51.0,51.459999084472656,38.57700729370117,5558300.0
2019-03-12,USB,51.61000061035156,51.630001068115234,50.939998626708984,51.04999923706055,38.2696418762207,6531500.0
2019-03-13,USB,51.20000076293945,51.709999084472656,50.939998626708984,51.58000183105469,38.66695785522461,5111800.0
2019-03-14,USB,51.72999954223633,52.06999969482422,51.4900016784668,51.709999084472656,38.7644157409668,3595500.0
2019-03-15,USB,51.939998626708984,52.130001068115234,51.630001068115234,52.06999969482422,39.0342903137207,9076500.0
2019-03-18,USB,52.2599983215332,52.650001525878906,52.18000030517578,52.45000076293945,39.31915283203125,7244600.0
2019-03-19,USB,52.779998779296875,52.959999084472656,51.81999969482422,51.93000030517578,38.92934036254883,5645500.0
2019-03-20,USB,51.849998474121094,51.90999984741211,50.33000183105469,50.369998931884766,37.7598876953125,6540200.0
2019-03-21,USB,50.02000045776367,50.18000030517578,49.349998474121094,49.65999984741211,37.22762680053711,8488700.0
2019-03-22,USB,49.279998779296875,49.380001068115234,48.09000015258789,48.279998779296875,36.193111419677734,8290500.0
2019-03-25,USB,48.400001525878906,48.79999923706055,47.81999969482422,48.099998474121094,36.05818557739258,6279900.0
2019-03-26,USB,48.310001373291016,48.869998931884766,48.130001068115234,48.5099983215332,36.36553955078125,7669900.0
2019-03-27,USB,48.349998474121094,48.43000030517578,47.959999084472656,48.130001068115234,36.08066940307617,7039100.0
2019-03-28,USB,48.0099983215332,48.290000915527344,47.56999969482422,48.040000915527344,36.29219436645508,5147300.0
2019-03-29,USB,48.439998626708984,48.52000045776367,47.869998931884766,48.189998626708984,36.405517578125,8608300.0
2019-04-01,USB,48.54999923706055,49.13999938964844,48.29999923706055,49.06999969482422,37.0703239440918,10065200.0
2019-04-02,USB,49.06999969482422,49.34000015258789,48.810001373291016,49.13999938964844,37.123191833496094,7568000.0
2019-04-03,USB,49.4900016784668,49.959999084472656,49.2400016784668,49.41999816894531,37.33472442626953,5042500.0
2019-04-04,USB,49.380001068115234,50.13999938964844,49.33000183105469,49.790000915527344,37.61424255371094,5130700.0
2019-04-05,USB,49.79999923706055,50.099998474121094,49.38999938964844,49.70000076293945,37.5462532043457,5756500.0
2019-04-08,USB,49.689998626708984,49.939998626708984,49.63999938964844,49.880001068115234,37.68223571777344,4920100.0
2019-04-09,USB,49.59000015258789,49.59000015258789,49.11000061035156,49.220001220703125,37.18364334106445,4551100.0
2019-04-10,USB,49.31999969482422,49.47999954223633,48.91999816894531,49.29999923706055,37.24406051635742,5430200.0
2019-04-11,USB,49.529998779296875,49.97999954223633,49.29999923706055,49.61000061035156,37.478267669677734,4651500.0
2019-04-12,USB,50.189998626708984,50.7599983215332,49.65999984741211,50.220001220703125,37.93909454345703,11394900.0
2019-04-15,USB,50.22999954223633,50.290000915527344,49.66999816894531,49.88999938964844,37.689796447753906,4587500.0
2019-04-16,USB,49.81999969482422,50.380001068115234,49.380001068115234,50.279998779296875,37.98442840576172,7570500.0
2019-04-17,USB,49.349998474121094,50.880001068115234,49.02000045776367,50.66999816894531,38.27904510498047,7825600.0
2019-04-18,USB,50.61000061035156,51.47999954223633,50.43000030517578,51.209999084472656,38.68699264526367,8816300.0
2019-04-22,USB,51.11000061035156,51.70000076293945,50.880001068115234,51.20000076293945,38.67945098876953,8049600.0
2019-04-23,USB,51.06999969482422,51.810001373291016,50.68000030517578,51.689998626708984,39.04961013793945,7165000.0
2019-04-24,USB,51.47999954223633,52.0,51.380001068115234,51.68000030517578,39.04206848144531,5567500.0
2019-04-25,USB,51.349998474121094,52.060001373291016,51.25,51.84000015258789,39.16292953491211,5146300.0
2019-04-26,USB,51.90999984741211,52.349998474121094,51.70000076293945,52.34000015258789,39.5406608581543,5082900.0
2019-04-29,USB,52.45000076293945,53.33000183105469,52.34000015258789,53.0,40.039268493652344,5613100.0
2019-04-30,USB,53.130001068115234,53.380001068115234,52.849998474121094,53.31999969482422,40.281009674072266,5947500.0
2019-05-01,USB,53.27000045776367,53.72999954223633,52.880001068115234,53.11000061035156,40.12236404418945,5558900.0
2019-05-02,USB,53.209999084472656,53.529998779296875,52.79999923706055,53.18000030517578,40.175254821777344,4589300.0
2019-05-03,USB,53.290000915527344,53.779998779296875,53.20000076293945,53.47999954223633,40.401885986328125,4205600.0
2019-05-06,USB,52.63999938964844,53.65999984741211,52.5,53.34000015258789,40.296119689941406,4557000.0
2019-05-07,USB,52.790000915527344,53.11000061035156,52.29999923706055,52.560001373291016,39.70686721801758,6097500.0
2019-05-08,USB,52.41999816894531,52.84000015258789,52.189998626708984,52.220001220703125,39.45000457763672,5453200.0
2019-05-09,USB,51.79999923706055,52.189998626708984,51.470001220703125,52.119998931884766,39.37445831298828,5560100.0
2019-05-10,USB,51.91999816894531,52.34000015258789,51.29999923706055,52.16999816894531,39.41222381591797,4759400.0
2019-05-13,USB,51.459999084472656,51.720001220703125,50.689998626708984,50.810001373291016,38.38481521606445,5612100.0
2019-05-14,USB,50.84000015258789,51.630001068115234,50.720001220703125,51.04999923706055,38.56613540649414,6210900.0
2019-05-15,USB,50.540000915527344,51.099998474121094,50.349998474121094,50.790000915527344,38.36970901489258,4071000.0
2019-05-16,USB,51.06999969482422,51.810001373291016,51.02000045776367,51.5,38.90607833862305,4460200.0
2019-05-17,USB,51.099998474121094,51.93000030517578,51.099998474121094,51.560001373291016,38.9514045715332,5278400.0
2019-05-20,USB,51.4900016784668,52.09000015258789,51.209999084472656,51.720001220703125,39.072288513183594,4573000.0
2019-05-21,USB,51.880001068115234,52.130001068115234,51.720001220703125,51.900001525878906,39.2082633972168,3369000.0
2019-05-22,USB,51.7400016784668,51.970001220703125,51.47999954223633,51.849998474121094,39.17048645019531,3540200.0
2019-05-23,USB,51.54999923706055,51.58000183105469,50.7400016784668,51.16999816894531,38.65678405761719,5142700.0
2019-05-24,USB,51.459999084472656,51.52000045776367,51.18000030517578,51.33000183105469,38.77765655517578,5636700.0
2019-05-28,USB,51.20000076293945,51.369998931884766,50.61000061035156,50.66999816894531,38.27904510498047,6431700.0
2019-05-29,USB,50.5,50.79999923706055,50.06999969482422,50.599998474121094,38.22616958618164,4865900.0
2019-05-30,USB,50.619998931884766,51.040000915527344,49.9900016784668,50.400001525878906,38.075077056884766,4688600.0
2019-05-31,USB,49.869998931884766,50.33000183105469,49.75,50.20000076293945,37.923980712890625,5678500.0
2019-06-03,USB,50.060001373291016,50.790000915527344,49.849998474121094,50.72999954223633,38.32437515258789,6045400.0
2019-06-04,USB,51.459999084472656,52.29999923706055,51.2599983215332,52.209999084472656,39.44245147705078,6856500.0
2019-06-05,USB,52.2400016784668,52.599998474121094,51.900001525878906,52.5099983215332,39.66908645629883,5021600.0
2019-06-06,USB,52.61000061035156,52.959999084472656,52.38999938964844,52.77000045776367,39.865516662597656,4327200.0
2019-06-07,USB,52.58000183105469,52.88999938964844,52.45000076293945,52.66999816894531,39.78996658325195,4139700.0
2019-06-10,USB,53.0,53.470001220703125,52.88999938964844,52.900001525878906,39.96373748779297,4866300.0
2019-06-11,USB,53.2599983215332,53.63999938964844,52.95000076293945,53.18000030517578,40.175254821777344,3820200.0
2019-06-12,USB,53.13999938964844,53.459999084472656,52.560001373291016,52.689998626708984,39.80507278442383,4153400.0
2019-06-13,USB,52.77000045776367,53.08000183105469,52.5,52.689998626708984,39.80507278442383,4313900.0
2019-06-14,USB,52.650001525878906,52.81999969482422,51.97999954223633,52.619998931884766,39.75218963623047,5665600.0
2019-06-17,USB,52.619998931884766,52.77000045776367,51.400001525878906,51.5099983215332,38.91362762451172,5059900.0
2019-06-18,USB,51.560001373291016,52.41999816894531,51.349998474121094,52.189998626708984,39.427345275878906,5293000.0
2019-06-19,USB,52.380001068115234,52.95000076293945,52.040000915527344,52.119998931884766,39.37445831298828,5664000.0
2019-06-20,USB,52.36000061035156,52.619998931884766,51.31999969482422,52.15999984741211,39.40468215942383,4533500.0
2019-06-21,USB,52.18000030517578,52.619998931884766,52.119998931884766,52.2599983215332,39.480228424072266,9004800.0
2019-06-24,USB,52.20000076293945,52.650001525878906,51.88999938964844,52.29999923706055,39.51045227050781,4681500.0
2019-06-25,USB,52.220001220703125,52.2599983215332,51.59000015258789,52.040000915527344,39.314029693603516,4671900.0
2019-06-26,USB,52.209999084472656,52.5099983215332,51.880001068115234,51.97999954223633,39.26869201660156,5012800.0
2019-06-27,USB,51.849998474121094,52.25,51.68000030517578,51.97999954223633,39.55021667480469,3738700.0
2019-06-28,USB,52.38999938964844,52.75,52.08000183105469,52.400001525878906,39.86979293823242,10087100.0
2019-07-01,USB,52.93000030517578,53.220001220703125,52.75,53.0099983215332,40.333919525146484,3882300.0
2019-07-02,USB,52.880001068115234,53.189998626708984,52.630001068115234,52.93000030517578,40.27305603027344,3175200.0
2019-07-03,USB,53.06999969482422,53.349998474121094,52.900001525878906,53.25,40.51652526855469,2102700.0
2019-07-05,USB,53.54999923706055,53.84000015258789,53.349998474121094,53.68000030517578,40.84370803833008,3195300.0
2019-07-08,USB,53.33000183105469,53.68000030517578,52.90999984741211,53.099998474121094,40.40240478515625,4123900.0
2019-07-09,USB,52.790000915527344,53.349998474121094,52.709999084472656,53.34000015258789,40.58501052856445,3676100.0
2019-07-10,USB,53.41999816894531,53.5099983215332,52.95000076293945,53.18000030517578,40.4632682800293,3817500.0
2019-07-11,USB,53.290000915527344,53.529998779296875,53.099998474121094,53.470001220703125,40.683929443359375,6137300.0
2019-07-12,USB,53.86000061035156,53.86000061035156,53.38999938964844,53.599998474121094,40.782833099365234,4257700.0
2019-07-15,USB,53.65999984741211,53.70000076293945,52.900001525878906,53.119998931884766,40.41762161254883,4484500.0
2019-07-16,USB,53.279998779296875,53.310001373291016,52.95000076293945,53.040000915527344,40.356746673583984,5441300.0
2019-07-17,USB,53.04999923706055,54.84000015258789,52.810001373291016,54.220001220703125,41.25457763671875,8805200.0
2019-07-18,USB,54.41999816894531,55.369998931884766,54.29999923706055,55.189998626708984,41.99263000488281,7893700.0
2019-07-19,USB,55.06999969482422,55.540000915527344,54.970001220703125,55.0,41.84806442260742,7237700.0
2019-07-22,USB,54.970001220703125,55.439998626708984,54.83000183105469,55.33000183105469,42.099159240722656,5568400.0
2019-07-23,USB,55.349998474121094,56.11000061035156,55.33000183105469,56.029998779296875,42.631752014160156,7422200.0
2019-07-24,USB,55.86000061035156,56.7599983215332,55.86000061035156,56.59000015258789,43.05784225463867,7947800.0
2019-07-25,USB,56.81999969482422,56.95000076293945,56.40999984741211,56.560001373291016,43.03502655029297,5304400.0
2019-07-26,USB,56.54999923706055,57.47999954223633,56.54999923706055,57.380001068115234,43.6589469909668,6396300.0
2019-07-29,USB,57.16999816894531,57.66999816894531,57.02000045776367,57.060001373291016,43.415470123291016,4603200.0
2019-07-30,USB,56.779998779296875,57.290000915527344,56.650001525878906,57.13999938964844,43.47633361816406,5468000.0
2019-07-31,USB,57.33000183105469,57.810001373291016,57.0099983215332,57.150001525878906,43.48394775390625,6685100.0
2019-08-01,USB,56.849998474121094,57.189998626708984,55.47999954223633,55.689998626708984,42.37305450439453,8786800.0
2019-08-02,USB,55.34000015258789,55.68000030517578,54.619998931884766,55.43000030517578,42.175235748291016,7249400.0
2019-08-05,USB,54.41999816894531,54.5,52.61000061035156,53.04999923706055,40.36436080932617,7480400.0
2019-08-06,USB,53.33000183105469,53.61000061035156,52.5,53.560001373291016,40.752410888671875,4668300.0
2019-08-07,USB,52.58000183105469,52.779998779296875,51.33000183105469,52.61000061035156,40.02957534790039,6955700.0
2019-08-08,USB,53.09000015258789,53.2400016784668,52.689998626708984,52.959999084472656,40.29587936401367,5181300.0
2019-08-09,USB,52.81999969482422,53.13999938964844,52.209999084472656,52.790000915527344,40.166526794433594,5491200.0
2019-08-12,USB,52.20000076293945,52.630001068115234,51.97999954223633,52.2400016784668,39.748050689697266,3045000.0
2019-08-13,USB,52.310001373291016,53.220001220703125,51.86000061035156,52.83000183105469,40.196964263916016,4671500.0
2019-08-14,USB,51.83000183105469,52.220001220703125,50.83000183105469,50.900001525878906,38.72848129272461,9297700.0
2019-08-15,USB,51.25,51.65999984741211,50.84000015258789,51.279998779296875,39.017601013183594,6654000.0
2019-08-16,USB,51.650001525878906,52.459999084472656,51.529998779296875,52.279998779296875,39.77847671508789,6192300.0
2019-08-19,USB,53.119998931884766,53.209999084472656,52.5,52.66999816894531,40.07522201538086,3563000.0
2019-08-20,USB,52.33000183105469,52.4900016784668,51.56999969482422,51.630001068115234,39.28392028808594,4399100.0
2019-08-21,USB,52.099998474121094,52.209999084472656,51.599998474121094,51.86000061035156,39.45891189575195,3236600.0
2019-08-22,USB,52.25,52.439998626708984,51.720001220703125,52.04999923706055,39.603485107421875,3522700.0
2019-08-23,USB,51.869998931884766,52.290000915527344,50.599998474121094,50.95000076293945,38.766517639160156,6039900.0
2019-08-26,USB,51.31999969482422,51.34000015258789,50.79999923706055,51.290000915527344,39.025211334228516,3968900.0
2019-08-27,USB,51.5099983215332,51.61000061035156,50.810001373291016,51.040000915527344,38.834999084472656,4696400.0
2019-08-28,USB,50.79999923706055,51.790000915527344,50.790000915527344,51.58000183105469,39.245872497558594,3545600.0
2019-08-29,USB,52.119998931884766,52.54999923706055,52.02000045776367,52.38999938964844,39.862186431884766,3652400.0
2019-08-30,USB,52.779998779296875,52.97999954223633,52.45000076293945,52.689998626708984,40.09044647216797,4975600.0
2019-09-03,USB,52.400001525878906,52.40999984741211,51.7400016784668,52.02000045776367,39.58066177368164,4508900.0
2019-09-04,USB,52.5099983215332,52.599998474121094,52.18000030517578,52.459999084472656,39.915428161621094,3031200.0
2019-09-05,USB,53.130001068115234,54.06999969482422,53.09000015258789,53.27000045776367,40.53174591064453,4774500.0
2019-09-06,USB,53.38999938964844,53.779998779296875,53.33000183105469,53.40999984741211,40.638267517089844,4991900.0
2019-09-09,USB,53.91999816894531,55.060001373291016,53.68000030517578,54.90999984741211,41.779579162597656,5060800.0
2019-09-10,USB,55.150001525878906,55.86000061035156,54.9900016784668,55.86000061035156,42.50241470336914,6414000.0
2019-09-11,USB,55.81999969482422,55.970001220703125,55.13999938964844,55.95000076293945,42.57088851928711,5438100.0
2019-09-12,USB,55.5,56.0,54.560001373291016,55.72999954223633,42.40349197387695,7144000.0
2019-09-13,USB,56.130001068115234,56.45000076293945,55.689998626708984,56.08000183105469,42.6698112487793,5680800.0
2019-09-16,USB,55.63999938964844,55.90999984741211,55.45000076293945,55.86000061035156,42.50241470336914,3880500.0
2019-09-17,USB,55.29999923706055,55.93000030517578,55.040000915527344,55.900001525878906,42.53285217285156,5358400.0
2019-09-18,USB,55.709999084472656,56.15999984741211,55.38999938964844,55.90999984741211,42.54045486450195,3850100.0
2019-09-19,USB,56.02000045776367,56.22999954223633,55.63999938964844,55.79999923706055,42.45676040649414,3543800.0
2019-09-20,USB,55.7599983215332,56.040000915527344,55.349998474121094,55.439998626708984,42.18284606933594,18203300.0
2019-09-23,USB,55.08000183105469,55.77000045776367,55.04999923706055,55.68000030517578,42.36545944213867,3541800.0
2019-09-24,USB,55.959999084472656,56.0,55.11000061035156,55.33000183105469,42.099159240722656,5249000.0
2019-09-25,USB,55.58000183105469,55.91999816894531,55.34000015258789,55.7400016784668,42.41110610961914,3826000.0
2019-09-26,USB,55.720001220703125,55.849998474121094,55.380001068115234,55.56999969482422,42.281761169433594,5115500.0
2019-09-27,USB,55.529998779296875,55.779998779296875,55.06999969482422,55.43000030517578,42.49643325805664,4532500.0
2019-09-30,USB,55.0,55.66999816894531,54.959999084472656,55.34000015258789,42.427433013916016,4403900.0
2019-10-01,USB,55.61000061035156,55.68000030517578,53.709999084472656,53.779998779296875,41.231422424316406,5620300.0
2019-10-02,USB,53.47999954223633,53.52000045776367,52.56999969482422,52.880001068115234,40.541419982910156,5346800.0
2019-10-03,USB,52.720001220703125,53.06999969482422,52.08000183105469,53.04999923706055,40.6717529296875,4134700.0
2019-10-04,USB,53.09000015258789,54.18000030517578,53.0,54.09000015258789,41.469093322753906,3657800.0
2019-10-07,USB,53.900001525878906,54.29999923706055,53.83000183105469,53.93000030517578,41.346431732177734,3610900.0
2019-10-08,USB,53.40999984741211,53.40999984741211,52.2400016784668,52.380001068115234,40.15808868408203,7799500.0
2019-10-09,USB,52.72999954223633,52.849998474121094,52.29999923706055,52.61000061035156,40.33442306518555,3316600.0
2019-10-10,USB,52.86000061035156,53.439998626708984,52.7400016784668,53.02000045776367,40.64875411987305,4432800.0
2019-10-11,USB,54.0,54.119998931884766,53.43000030517578,53.470001220703125,40.99375915527344,5432200.0
2019-10-14,USB,53.220001220703125,53.540000915527344,53.13999938964844,53.2599983215332,40.8327522277832,3708000.0
2019-10-15,USB,53.33000183105469,54.0099983215332,53.119998931884766,53.7599983215332,41.216087341308594,8012800.0
2019-10-16,USB,54.849998474121094,55.459999084472656,54.279998779296875,54.56999969482422,41.83708953857422,7941300.0
2019-10-17,USB,54.79999923706055,55.16999816894531,54.439998626708984,54.709999084472656,41.94442367553711,4881300.0
2019-10-18,USB,54.79999923706055,55.2599983215332,54.58000183105469,55.06999969482422,42.22043228149414,6217700.0
2019-10-21,USB,55.709999084472656,56.34000015258789,55.61000061035156,56.189998626708984,43.07909393310547,4782100.0
2019-10-22,USB,56.099998474121094,57.04999923706055,56.02000045776367,56.650001525878906,43.431766510009766,7135600.0
2019-10-23,USB,56.5,56.849998474121094,56.33000183105469,56.58000183105469,43.37807846069336,4677900.0
2019-10-24,USB,56.560001373291016,56.720001220703125,56.06999969482422,56.310001373291016,43.17109298706055,4934900.0
2019-10-25,USB,56.25,57.04999923706055,56.25,56.7400016784668,43.50075149536133,3877000.0
2019-10-28,USB,57.02000045776367,57.33000183105469,56.810001373291016,57.02000045776367,43.71542739868164,4661200.0
2019-10-29,USB,56.900001525878906,57.709999084472656,56.7400016784668,57.34000015258789,43.96076202392578,4269800.0
2019-10-30,USB,57.220001220703125,57.380001068115234,56.9900016784668,57.119998931884766,43.79209899902344,4745900.0
2019-10-31,USB,56.810001373291016,57.119998931884766,56.36000061035156,57.02000045776367,43.71542739868164,4906800.0
2019-11-01,USB,57.54999923706055,57.939998626708984,57.380001068115234,57.58000183105469,44.1447639465332,5870200.0
2019-11-04,USB,58.0,58.2400016784668,57.90999984741211,58.13999938964844,44.57410430908203,6791000.0
2019-11-05,USB,58.400001525878906,58.880001068115234,58.25,58.59000015258789,44.91910171508789,5910200.0
2019-11-06,USB,58.5,58.84000015258789,58.31999969482422,58.7599983215332,45.04943084716797,4777800.0
2019-11-07,USB,59.22999954223633,59.709999084472656,58.97999954223633,59.099998474121094,45.31010437011719,5205500.0
2019-11-08,USB,59.0099983215332,59.04999923706055,58.54999923706055,58.900001525878906,45.156761169433594,3214700.0
2019-11-11,USB,58.5,58.939998626708984,58.38999938964844,58.63999938964844,44.95743179321289,1790900.0
2019-11-12,USB,58.599998474121094,58.849998474121094,58.380001068115234,58.47999954223633,44.83477020263672,3254300.0
2019-11-13,USB,58.209999084472656,58.810001373291016,57.93000030517578,58.61000061035156,44.93442916870117,4090800.0
2019-11-14,USB,58.5,58.68000030517578,58.18000030517578,58.56999969482422,44.90376663208008,3304600.0
2019-11-15,USB,58.79999923706055,59.31999969482422,58.68000030517578,59.09000015258789,45.30244064331055,5069900.0
2019-11-18,USB,59.0099983215332,59.65999984741211,59.0099983215332,59.560001373291016,45.66277313232422,4845500.0
2019-11-19,USB,59.630001068115234,59.77000045776367,59.13999938964844,59.41999816894531,45.55542755126953,4974700.0
2019-11-20,USB,59.150001525878906,59.439998626708984,58.72999954223633,59.11000061035156,45.31777572631836,4287600.0
2019-11-21,USB,59.380001068115234,59.709999084472656,59.08000183105469,59.4900016784668,45.609107971191406,5880400.0
2019-11-22,USB,59.52000045776367,60.04999923706055,59.5,60.04999923706055,46.038429260253906,6548900.0
2019-11-25,USB,60.040000915527344,60.5099983215332,59.65999984741211,59.81999969482422,45.86210632324219,8473300.0
2019-11-26,USB,59.77000045776367,60.2400016784668,59.70000076293945,59.91999816894531,45.93877029418945,7285600.0
2019-11-27,USB,60.15999984741211,60.34000015258789,59.970001220703125,60.189998626708984,46.1457633972168,4246500.0
2019-11-29,USB,60.22999954223633,60.29999923706055,59.91999816894531,60.029998779296875,46.02309799194336,3394800.0
2019-12-02,USB,60.25,60.470001220703125,59.68000030517578,59.7599983215332,45.816097259521484,5085600.0
2019-12-03,USB,59.15999984741211,59.15999984741211,58.63999938964844,58.93000030517578,45.17976379394531,8044600.0
2019-12-04,USB,59.06999969482422,59.70000076293945,58.959999084472656,59.310001373291016,45.471099853515625,5926800.0
2019-12-05,USB,59.400001525878906,59.880001068115234,59.16999816894531,59.599998474121094,45.69342803955078,4925400.0
2019-12-06,USB,60.25,60.58000183105469,60.11000061035156,60.13999938964844,46.10742950439453,5894300.0
2019-12-09,USB,59.9900016784668,60.40999984741211,59.90999984741211,60.0,46.00009536743164,4357900.0
2019-12-10,USB,59.83000183105469,60.15999984741211,59.709999084472656,59.95000076293945,45.961769104003906,5719400.0
2019-12-11,USB,60.060001373291016,60.45000076293945,59.189998626708984,59.25,45.425106048583984,8940500.0
2019-12-12,USB,59.220001220703125,60.70000076293945,59.20000076293945,60.54999923706055,46.4217643737793,7120600.0
2019-12-13,USB,60.47999954223633,60.810001373291016,60.040000915527344,60.27000045776367,46.20710372924805,5424800.0
2019-12-16,USB,60.939998626708984,61.11000061035156,60.540000915527344,60.65999984741211,46.506103515625,6758000.0
2019-12-17,USB,60.61000061035156,60.970001220703125,60.47999954223633,60.68000030517578,46.52144241333008,7301600.0
2019-12-18,USB,60.75,60.81999969482422,59.61000061035156,60.09000015258789,46.06909942626953,12497800.0
2019-12-19,USB,60.02000045776367,60.31999969482422,59.869998931884766,60.0099983215332,46.00775909423828,8029200.0
2019-12-20,USB,60.689998626708984,60.91999816894531,59.720001220703125,59.77000045776367,45.823768615722656,14484000.0
2019-12-23,USB,59.77000045776367,59.97999954223633,59.459999084472656,59.58000183105469,45.6780891418457,4971300.0
2019-12-24,USB,59.66999816894531,59.79999923706055,59.52000045776367,59.66999816894531,45.74709701538086,2246200.0
2019-12-26,USB,59.86000061035156,60.209999084472656,59.63999938964844,60.150001525878906,46.1151008605957,4155100.0
2019-12-27,USB,60.36000061035156,60.36000061035156,59.650001525878906,59.72999954223633,45.7931022644043,3661800.0
2019-12-30,USB,59.560001373291016,59.689998626708984,59.06999969482422,59.16999816894531,45.68500518798828,4020100.0
2019-12-31,USB,59.099998474121094,59.38999938964844,58.869998931884766,59.290000915527344,45.777652740478516,4732000.0
2020-01-02,USB,59.470001220703125,59.47999954223633,59.0099983215332,59.20000076293945,45.70817184448242,5002100.0
2020-01-03,USB,58.5,58.810001373291016,58.02000045776367,58.5099983215332,45.1754264831543,5161800.0
2020-01-06,USB,57.06999969482422,57.790000915527344,56.81999969482422,57.709999084472656,44.5577392578125,6869200.0
2020-01-07,USB,57.529998779296875,57.689998626708984,57.13999938964844,57.15999984741211,44.13309097290039,4006800.0
2020-01-08,USB,57.20000076293945,57.5099983215332,57.029998779296875,57.040000915527344,44.04043197631836,5627500.0
2020-01-09,USB,57.349998474121094,57.560001373291016,56.86000061035156,57.060001373291016,44.05588150024414,5775400.0
2020-01-10,USB,57.099998474121094,57.150001525878906,56.58000183105469,56.66999816894531,43.75475311279297,5285000.0
2020-01-13,USB,56.52000045776367,56.779998779296875,56.189998626708984,56.709999084472656,43.785640716552734,6235800.0
2020-01-14,USB,56.689998626708984,57.20000076293945,56.470001220703125,56.59000015258789,43.6930046081543,6866500.0
2020-01-15,USB,55.470001220703125,55.81999969482422,54.4900016784668,54.970001220703125,42.44219970703125,10158500.0
2020-01-16,USB,54.75,55.27000045776367,54.400001525878906,55.189998626708984,42.612060546875,12176100.0
2020-01-17,USB,55.31999969482422,55.4900016784668,55.11000061035156,55.349998474121094,42.735595703125,9546400.0
2020-01-21,USB,54.88999938964844,54.9900016784668,54.36000061035156,54.41999816894531,42.017539978027344,9490600.0
2020-01-22,USB,54.54999923706055,55.02000045776367,54.45000076293945,54.939998626708984,42.41902542114258,6804900.0
2020-01-23,USB,54.790000915527344,55.0099983215332,54.349998474121094,54.880001068115234,42.372703552246094,7107800.0
2020-01-24,USB,54.86000061035156,54.86000061035156,53.5,53.84000015258789,41.569732666015625,6179500.0
2020-01-27,USB,53.0,53.709999084472656,52.869998931884766,53.540000915527344,41.338104248046875,6296200.0
2020-01-28,USB,53.84000015258789,54.400001525878906,53.66999816894531,53.86000061035156,41.58517074584961,5965200.0
2020-01-29,USB,53.97999954223633,54.36000061035156,53.529998779296875,53.599998474121094,41.38441848754883,5026600.0
2020-01-30,USB,53.189998626708984,54.31999969482422,53.18000030517578,54.25,41.886287689208984,6190800.0
2020-01-31,USB,53.7599983215332,53.90999984741211,53.04999923706055,53.220001220703125,41.09103012084961,6355100.0
2020-02-03,USB,53.56999969482422,54.25,53.54999923706055,53.689998626708984,41.45390701293945,6336900.0
2020-02-04,USB,54.380001068115234,54.84000015258789,54.189998626708984,54.220001220703125,41.86312484741211,5512200.0
2020-02-05,USB,55.0,55.38999938964844,54.810001373291016,55.20000076293945,42.61977767944336,6071600.0
2020-02-06,USB,55.52000045776367,55.599998474121094,54.72999954223633,54.79999923706055,42.31093978881836,4608800.0
2020-02-07,USB,54.63999938964844,54.7400016784668,54.29999923706055,54.619998931884766,42.17195510864258,3626700.0
2020-02-10,USB,54.439998626708984,54.63999938964844,54.099998474121094,54.63999938964844,42.187416076660156,5602700.0
2020-02-11,USB,54.709999084472656,55.310001373291016,54.70000076293945,54.93000030517578,42.411312103271484,5309400.0
2020-02-12,USB,55.2599983215332,55.689998626708984,54.790000915527344,54.810001373291016,42.31865692138672,4112400.0
2020-02-13,USB,54.65999984741211,55.369998931884766,54.47999954223633,55.18000030517578,42.60433578491211,4928100.0
2020-02-14,USB,55.209999084472656,55.33000183105469,54.84000015258789,55.11000061035156,42.550289154052734,4351500.0
2020-02-18,USB,54.880001068115234,55.099998474121094,53.79999923706055,54.41999816894531,42.017539978027344,5591200.0
2020-02-19,USB,54.70000076293945,54.880001068115234,54.61000061035156,54.75,42.27233123779297,4219800.0
2020-02-20,USB,54.56999969482422,55.22999954223633,54.52000045776367,54.79999923706055,42.31093978881836,4906200.0
2020-02-21,USB,54.52000045776367,54.689998626708984,54.04999923706055,54.54999923706055,42.117916107177734,5666000.0
2020-02-24,USB,53.04999923706055,53.599998474121094,52.95000076293945,53.08000183105469,40.98293685913086,7773800.0
2020-02-25,USB,53.029998779296875,53.33000183105469,50.54999923706055,50.720001220703125,39.16078567504883,10564600.0
2020-02-26,USB,51.189998626708984,51.45000076293945,49.650001525878906,49.65999984741211,38.34235763549805,12018000.0
2020-02-27,USB,48.70000076293945,49.58000183105469,47.5099983215332,47.52000045776367,36.69007110595703,13413900.0
2020-02-28,USB,46.0099983215332,46.709999084472656,44.90999984741211,46.439998626708984,35.85620880126953,24626100.0
2020-03-02,USB,46.47999954223633,48.15999984741211,45.5099983215332,48.15999984741211,37.18421173095703,12673900.0
2020-03-03,USB,47.97999954223633,49.040000915527344,45.68000030517578,46.099998474121094,35.59370040893555,13197700.0
2020-03-04,USB,46.56999969482422,46.79999923706055,45.31999969482422,46.65999984741211,36.02607345581055,12095400.0
2020-03-05,USB,45.29999923706055,45.29999923706055,43.130001068115234,43.779998779296875,33.802425384521484,12815800.0
2020-03-06,USB,41.68000030517578,42.72999954223633,41.40999984741211,42.45000076293945,32.775543212890625,14127500.0
2020-03-09,USB,38.02000045776367,39.04999923706055,35.880001068115234,36.31999969482422,28.04258155822754,17811700.0
2020-03-10,USB,38.439998626708984,38.93000030517578,36.150001525878906,38.63999938964844,29.833847045898438,16815700.0
2020-03-11,USB,37.0,37.650001525878906,35.529998779296875,36.209999084472656,27.9576473236084,18947700.0
2020-03-12,USB,33.630001068115234,34.400001525878906,31.020000457763672,31.610000610351562,24.406002044677734,20621100.0
2020-03-13,USB,34.619998931884766,37.150001525878906,32.959999084472656,37.099998474121094,28.644811630249023,20211400.0
2020-03-16,USB,30.049999237060547,35.5,30.0,32.56999969482422,25.147218704223633,14280000.0
2020-03-17,USB,33.369998931884766,34.310001373291016,31.239999771118164,33.720001220703125,26.03512954711914,16232200.0
2020-03-18,USB,31.389999389648438,33.959999084472656,30.90999984741211,33.0,25.479217529296875,18092700.0
2020-03-19,USB,32.33000183105469,33.93000030517578,31.06999969482422,33.209999084472656,25.641353607177734,16042700.0
2020-03-20,USB,33.880001068115234,33.93000030517578,31.049999237060547,32.56999969482422,25.147218704223633,20375900.0
2020-03-23,USB,31.760000228881836,32.25,28.59000015258789,28.93000030517578,22.33678436279297,13417600.0
2020-03-24,USB,30.8799991607666,31.5,29.760000228881836,31.200000762939453,24.08944320678711,14752200.0
2020-03-25,USB,31.399999618530273,33.7400016784668,29.989999771118164,32.029998779296875,24.73027801513672,17018600.0
2020-03-26,USB,32.380001068115234,36.720001220703125,32.22999954223633,36.18000030517578,27.934486389160156,16014300.0
2020-03-27,USB,34.459999084472656,37.189998626708984,34.16999816894531,35.77000045776367,27.617929458618164,11470300.0
2020-03-30,USB,35.0,36.099998474121094,34.0099983215332,35.869998931884766,28.024187088012695,9825600.0
2020-03-31,USB,35.439998626708984,36.369998931884766,33.91999816894531,34.45000076293945,26.914779663085938,11034500.0
2020-04-01,USB,32.529998779296875,33.0,31.260000228881836,31.93000030517578,24.945981979370117,11203900.0
2020-04-02,USB,31.600000381469727,33.08000183105469,31.450000762939453,32.66999816894531,25.524118423461914,8497600.0
2020-04-03,USB,32.41999816894531,32.880001068115234,30.780000686645508,31.190000534057617,24.367841720581055,7148800.0
2020-04-06,USB,33.16999816894531,34.709999084472656,33.0,34.369998931884766,26.852279663085938,9205000.0
2020-04-07,USB,36.720001220703125,36.88999938964844,34.34000015258789,34.45000076293945,26.914779663085938,8122100.0
2020-04-08,USB,34.959999084472656,35.900001525878906,34.380001068115234,35.650001525878906,27.852306365966797,7236600.0
2020-04-09,USB,36.709999084472656,38.779998779296875,36.43000030517578,38.04999923706055,29.727352142333984,10116700.0
2020-04-13,USB,38.0,38.09000015258789,36.33000183105469,36.790000915527344,28.742956161499023,7678300.0
2020-04-14,USB,37.689998626708984,37.689998626708984,35.25,35.79999923706055,27.96950340270996,7781800.0
2020-04-15,USB,35.130001068115234,35.5,32.810001373291016,33.33000183105469,26.03975486755371,11726400.0
2020-04-16,USB,33.02000045776367,33.63999938964844,31.399999618530273,31.780000686645508,24.828786849975586,10664600.0
2020-04-17,USB,33.08000183105469,35.290000915527344,33.08000183105469,35.060001373291016,27.391361236572266,10757200.0
2020-04-20,USB,34.0,35.22999954223633,33.439998626708984,34.25,26.758527755737305,10342000.0
2020-04-21,USB,33.0,33.560001373291016,32.400001525878906,32.72999954223633,25.570995330810547,11434400.0
2020-04-22,USB,33.5099983215332,33.779998779296875,32.93000030517578,33.25,25.977256774902344,7240400.0
2020-04-23,USB,33.61000061035156,34.41999816894531,33.189998626708984,33.369998931884766,26.071008682250977,7311800.0
2020-04-24,USB,33.66999816894531,34.29999923706055,32.869998931884766,34.0,26.563203811645508,7682200.0
2020-04-27,USB,34.40999984741211,36.15999984741211,34.25,35.880001068115234,28.032005310058594,8306800.0
2020-04-28,USB,37.2400016784668,37.97999954223633,36.56999969482422,36.650001525878906,28.633581161499023,6988800.0
2020-04-29,USB,37.9900016784668,38.939998626708984,37.16999816894531,38.459999084472656,30.047677993774414,7844200.0
2020-04-30,USB,37.38999938964844,37.45000076293945,36.189998626708984,36.5,28.516386032104492,7796400.0
2020-05-01,USB,35.709999084472656,35.81999969482422,34.650001525878906,34.939998626708984,27.2976016998291,6554300.0
2020-05-04,USB,34.33000183105469,34.70000076293945,33.83000183105469,34.470001220703125,26.930408477783203,5988300.0
2020-05-05,USB,34.959999084472656,35.2400016784668,33.45000076293945,33.540000915527344,26.203824996948242,7305200.0
2020-05-06,USB,33.849998474121094,34.099998474121094,33.029998779296875,33.209999084472656,25.946006774902344,9640400.0
2020-05-07,USB,33.709999084472656,34.970001220703125,33.689998626708984,34.20000076293945,26.71946907043457,6983600.0
2020-05-08,USB,35.0,35.41999816894531,34.40999984741211,34.75,27.149168014526367,5617700.0
2020-05-11,USB,34.060001373291016,34.15999984741211,33.029998779296875,33.349998474121094,26.05538558959961,7158300.0
2020-05-12,USB,33.529998779296875,33.529998779296875,31.610000610351562,31.649999618530273,24.72722625732422,11626300.0
2020-05-13,USB,31.399999618530273,31.469999313354492,29.049999237060547,29.450000762939453,23.0084285736084,15304800.0
2020-05-14,USB,28.860000610351562,31.270000457763672,28.360000610351562,31.170000076293945,24.35221290588379,14770900.0
2020-05-15,USB,30.790000915527344,31.1299991607666,30.1200008392334,30.68000030517578,23.969388961791992,12087500.0
2020-05-18,USB,32.119998931884766,33.16999816894531,31.84000015258789,32.959999084472656,25.750688552856445,9197800.0
2020-05-19,USB,32.56999969482422,32.849998474121094,31.809999465942383,31.989999771118164,24.992856979370117,7533600.0
2020-05-20,USB,32.599998474121094,33.2599983215332,32.56999969482422,33.060001373291016,25.82881736755371,10122500.0
2020-05-21,USB,32.849998474121094,33.349998474121094,32.72999954223633,32.91999816894531,25.719438552856445,5890500.0
2020-05-22,USB,32.900001525878906,33.0099983215332,32.209999084472656,32.93000030517578,25.727251052856445,5534000.0
2020-05-26,USB,34.4900016784668,36.279998779296875,34.41999816894531,35.83000183105469,27.992937088012695,11156600.0
2020-05-27,USB,37.9900016784668,38.650001525878906,36.70000076293945,37.619998931884766,29.39141082763672,9938900.0
2020-05-28,USB,38.09000015258789,38.15999984741211,36.38999938964844,36.5099983215332,28.524198532104492,9030100.0
2020-05-29,USB,35.86000061035156,36.4900016784668,35.41999816894531,35.560001373291016,27.781997680664062,18241700.0
2020-06-01,USB,35.790000915527344,37.04999923706055,35.61000061035156,36.689998626708984,28.664825439453125,6594300.0
2020-06-02,USB,37.29999923706055,37.52000045776367,36.34000015258789,36.619998931884766,28.610139846801758,6596500.0
2020-06-03,USB,37.650001525878906,38.869998931884766,37.529998779296875,38.68000030517578,30.219552993774414,9656100.0
2020-06-04,USB,38.68000030517578,40.09000015258789,38.04999923706055,40.06999969482422,31.305530548095703,9142500.0
2020-06-05,USB,43.5,44.2599983215332,41.7400016784668,42.369998931884766,33.10245132446289,12586800.0
2020-06-08,USB,42.95000076293945,43.939998626708984,42.41999816894531,43.5099983215332,33.993099212646484,10445800.0
2020-06-09,USB,41.880001068115234,42.54999923706055,41.34000015258789,42.099998474121094,32.89149475097656,7580400.0
2020-06-10,USB,41.54999923706055,41.7599983215332,39.18000030517578,39.31999969482422,30.719566345214844,11590200.0
2020-06-11,USB,36.650001525878906,37.689998626708984,36.060001373291016,36.13999938964844,28.23513412475586,16095900.0
2020-06-12,USB,38.15999984741211,38.27000045776367,36.59000015258789,37.5099983215332,29.30547332763672,9329300.0
2020-06-15,USB,35.83000183105469,39.02000045776367,35.65999984741211,38.779998779296875,30.297687530517578,11284100.0
2020-06-16,USB,40.41999816894531,40.5,38.380001068115234,39.34000015258789,30.735187530517578,9409400.0
2020-06-17,USB,39.400001525878906,39.619998931884766,38.45000076293945,38.5099983215332,30.086740493774414,7153000.0
2020-06-18,USB,38.04999923706055,39.290000915527344,37.88999938964844,38.56999969482422,30.133617401123047,5425900.0
2020-06-19,USB,39.36000061035156,39.36000061035156,37.900001525878906,38.869998931884766,30.36799430847168,42484600.0
2020-06-22,USB,38.459999084472656,38.709999084472656,37.88999938964844,38.220001220703125,29.86017608642578,8321200.0
2020-06-23,USB,38.900001525878906,39.45000076293945,38.34000015258789,38.599998474121094,30.15705108642578,6545800.0
2020-06-24,USB,38.08000183105469,38.13999938964844,36.65999984741211,36.869998931884766,28.805456161499023,7351300.0
2020-06-25,USB,36.709999084472656,38.16999816894531,36.560001373291016,38.04999923706055,29.727352142333984,6023400.0
2020-06-26,USB,37.0099983215332,37.25,35.95000076293945,36.060001373291016,28.172630310058594,13960100.0
2020-06-29,USB,36.22999954223633,36.83000183105469,35.869998931884766,36.349998474121094,28.733871459960938,5352100.0
2020-06-30,USB,35.91999816894531,37.11000061035156,35.79999923706055,36.81999969482422,29.105388641357422,7709300.0
2020-07-01,USB,36.91999816894531,37.130001068115234,35.79999923706055,35.97999954223633,28.44138526916504,6902400.0
2020-07-02,USB,36.9900016784668,37.220001220703125,35.779998779296875,35.88999938964844,28.370241165161133,5768200.0
2020-07-06,USB,36.72999954223633,37.650001525878906,36.400001525878906,36.83000183105469,29.113296508789062,6069500.0
2020-07-07,USB,36.33000183105469,36.36000061035156,35.470001220703125,35.58000183105469,28.12519645690918,6683600.0
2020-07-08,USB,35.529998779296875,35.93000030517578,34.88999938964844,35.5099983215332,28.069862365722656,5969900.0
2020-07-09,USB,35.310001373291016,35.529998779296875,34.0099983215332,34.220001220703125,27.050146102905273,6103500.0
2020-07-10,USB,34.41999816894531,36.4900016784668,34.25,36.439998626708984,28.805004119873047,8974900.0
2020-07-13,USB,36.75,37.27000045776367,35.849998474121094,36.83000183105469,29.113296508789062,6708000.0
2020-07-14,USB,36.540000915527344,37.08000183105469,35.7400016784668,36.290000915527344,28.686437606811523,7961500.0
2020-07-15,USB,38.16999816894531,38.36000061035156,37.11000061035156,37.63999938964844,29.753585815429688,7798200.0
2020-07-16,USB,37.16999816894531,38.470001220703125,37.02000045776367,37.560001373291016,29.690349578857422,6105600.0
2020-07-17,USB,37.52000045776367,37.56999969482422,36.0099983215332,36.029998779296875,28.48091697692871,9154500.0
2020-07-20,USB,35.84000015258789,36.130001068115234,35.4900016784668,35.56999969482422,28.11729621887207,7234100.0
2020-07-21,USB,35.81999969482422,36.970001220703125,35.77000045776367,36.599998474121094,28.93148422241211,9232100.0
2020-07-22,USB,36.40999984741211,36.779998779296875,36.02000045776367,36.2599983215332,28.662717819213867,6305500.0
2020-07-23,USB,36.09000015258789,36.90999984741211,36.0,36.77000045776367,29.065872192382812,5988200.0
2020-07-24,USB,36.90999984741211,37.47999954223633,36.779998779296875,36.91999816894531,29.184438705444336,7385800.0
2020-07-27,USB,36.599998474121094,36.619998931884766,35.59000015258789,36.15999984741211,28.583675384521484,6452300.0
2020-07-28,USB,35.9900016784668,36.5099983215332,35.91999816894531,36.31999969482422,28.710153579711914,7658800.0
2020-07-29,USB,36.27000045776367,37.83000183105469,36.0099983215332,37.709999084472656,29.808916091918945,6527700.0
2020-07-30,USB,36.65999984741211,37.040000915527344,36.02000045776367,36.90999984741211,29.17654037475586,6202100.0
2020-07-31,USB,36.650001525878906,36.869998931884766,36.08000183105469,36.84000015258789,29.121204376220703,7707300.0
2020-08-03,USB,36.790000915527344,37.09000015258789,36.369998931884766,36.79999923706055,29.089584350585938,4683700.0
2020-08-04,USB,36.630001068115234,36.75,36.15999984741211,36.22999954223633,28.63900375366211,4098900.0
2020-08-05,USB,36.5,36.95000076293945,36.47999954223633,36.86000061035156,29.137012481689453,4585300.0
2020-08-06,USB,36.63999938964844,37.150001525878906,36.540000915527344,36.790000915527344,29.081676483154297,3227200.0
2020-08-07,USB,36.36000061035156,37.470001220703125,36.099998474121094,37.459999084472656,29.61129379272461,7818900.0
2020-08-10,USB,37.72999954223633,37.9900016784668,37.2400016784668,37.470001220703125,29.619203567504883,7739300.0
2020-08-11,USB,38.439998626708984,39.349998474121094,38.060001373291016,38.27000045776367,30.25159454345703,7527000.0
2020-08-12,USB,39.11000061035156,39.15999984741211,37.400001525878906,37.810001373291016,29.887962341308594,4864100.0
2020-08-13,USB,37.45000076293945,37.79999923706055,37.06999969482422,37.369998931884766,29.540149688720703,4084600.0
2020-08-14,USB,37.0099983215332,37.959999084472656,36.86000061035156,37.779998779296875,29.8642520904541,3971800.0
2020-08-17,USB,37.56999969482422,37.619998931884766,36.849998474121094,36.93000030517578,29.192346572875977,5522600.0
2020-08-18,USB,36.900001525878906,37.029998779296875,36.27000045776367,36.33000183105469,28.71805763244629,4335500.0
2020-08-19,USB,36.34000015258789,36.900001525878906,36.040000915527344,36.15999984741211,28.583675384521484,4218700.0
2020-08-20,USB,35.7400016784668,35.939998626708984,35.349998474121094,35.61000061035156,28.14891242980957,4373400.0
2020-08-21,USB,35.599998474121094,35.72999954223633,35.029998779296875,35.209999084472656,27.832717895507812,5999700.0
2020-08-24,USB,35.400001525878906,36.7599983215332,35.33000183105469,36.75,29.0500545501709,5276300.0
2020-08-25,USB,37.119998931884766,37.40999984741211,36.400001525878906,36.61000061035156,28.939388275146484,4890800.0
2020-08-26,USB,36.470001220703125,36.68000030517578,36.189998626708984,36.220001220703125,28.631103515625,4649000.0
2020-08-27,USB,36.220001220703125,37.279998779296875,36.189998626708984,36.939998626708984,29.20024871826172,5600600.0
2020-08-28,USB,37.349998474121094,37.349998474121094,36.66999816894531,37.20000076293945,29.405771255493164,4666600.0
2020-08-31,USB,36.970001220703125,37.060001373291016,36.2400016784668,36.400001525878906,28.773399353027344,6037300.0
2020-09-01,USB,36.15999984741211,36.900001525878906,35.95000076293945,36.689998626708984,29.002626419067383,5984200.0
2020-09-02,USB,36.63999938964844,37.77000045776367,36.5099983215332,37.61000061035156,29.729875564575195,8346100.0
2020-09-03,USB,37.970001220703125,38.939998626708984,37.27000045776367,37.459999084472656,29.61129379272461,9892300.0
2020-09-04,USB,38.31999969482422,38.75,37.540000915527344,38.310001373291016,30.283206939697266,8406900.0
2020-09-08,USB,37.61000061035156,37.95000076293945,36.43000030517578,36.720001220703125,29.026344299316406,9781700.0
2020-09-09,USB,37.0099983215332,37.08000183105469,36.43000030517578,36.529998779296875,28.876150131225586,5718900.0
2020-09-10,USB,36.7400016784668,37.18000030517578,35.7400016784668,35.779998779296875,28.283296585083008,7381700.0
2020-09-11,USB,35.79999923706055,36.75,35.650001525878906,36.68000030517578,28.994722366333008,6330300.0
2020-09-14,USB,37.02000045776367,38.2400016784668,36.93000030517578,37.869998931884766,29.93539810180664,5797000.0
2020-09-15,USB,37.88999938964844,38.08000183105469,37.11000061035156,37.31999969482422,29.50063133239746,7353500.0
2020-09-16,USB,37.31999969482422,38.720001220703125,37.16999816894531,38.15999984741211,30.164634704589844,5697300.0
2020-09-17,USB,37.68000030517578,38.150001525878906,37.45000076293945,37.88999938964844,29.951202392578125,6422600.0
2020-09-18,USB,37.54999923706055,38.04999923706055,37.38999938964844,37.619998931884766,29.737775802612305,7800000.0
2020-09-21,USB,36.68000030517578,37.18000030517578,35.619998931884766,36.15999984741211,28.583675384521484,8109100.0
2020-09-22,USB,36.2599983215332,36.400001525878906,35.31999969482422,35.59000015258789,28.133100509643555,7230500.0
2020-09-23,USB,35.810001373291016,36.22999954223633,34.4900016784668,34.5,27.271480560302734,6665800.0
2020-09-24,USB,34.68000030517578,35.31999969482422,34.16999816894531,34.72999954223633,27.45329475402832,6961400.0
2020-09-25,USB,34.400001525878906,35.22999954223633,34.209999084472656,35.15999984741211,27.793197631835938,4565600.0
2020-09-28,USB,35.880001068115234,36.459999084472656,35.66999816894531,36.099998474121094,28.53624725341797,5622700.0
2020-09-29,USB,35.5,35.58000183105469,34.720001220703125,35.29999923706055,28.23232078552246,5202800.0
2020-09-30,USB,35.45000076293945,36.16999816894531,35.34000015258789,35.849998474121094,28.67220687866211,9457500.0
2020-10-01,USB,36.029998779296875,36.09000015258789,35.439998626708984,36.0,28.79218292236328,4618100.0
2020-10-02,USB,35.369998931884766,36.95000076293945,35.25,36.77000045776367,29.408016204833984,5406100.0
2020-10-05,USB,37.31999969482422,37.91999816894531,37.11000061035156,37.72999954223633,30.17580223083496,5471700.0
2020-10-06,USB,38.150001525878906,38.79999923706055,37.27000045776367,37.41999816894531,29.92786407470703,6061100.0
2020-10-07,USB,38.04999923706055,39.060001373291016,37.9900016784668,38.790000915527344,31.02356719970703,7673000.0
2020-10-08,USB,39.0,39.65999984741211,38.790000915527344,39.5,31.591419219970703,6988400.0
2020-10-09,USB,39.70000076293945,39.7599983215332,38.58000183105469,39.16999816894531,31.327486038208008,6504700.0
2020-10-12,USB,39.029998779296875,39.970001220703125,38.790000915527344,39.75,31.791364669799805,7249500.0
2020-10-13,USB,39.5,39.689998626708984,38.31999969482422,38.41999816894531,30.7276554107666,6460000.0
2020-10-14,USB,38.439998626708984,39.5099983215332,38.220001220703125,38.25,30.591691970825195,7761200.0
2020-10-15,USB,38.20000076293945,39.349998474121094,38.060001373291016,39.13999938964844,31.303495407104492,6006800.0
2020-10-16,USB,39.25,39.70000076293945,38.630001068115234,39.13999938964844,31.303495407104492,5679000.0
2020-10-19,USB,39.349998474121094,39.70000076293945,38.86000061035156,38.970001220703125,31.167531967163086,6117200.0
2020-10-20,USB,39.310001373291016,39.83000183105469,39.150001525878906,39.209999084472656,31.359477996826172,5666300.0
2020-10-21,USB,39.0099983215332,39.36000061035156,38.779998779296875,38.81999969482422,31.04756736755371,4911800.0
2020-10-22,USB,38.77000045776367,40.54999923706055,38.77000045776367,40.47999954223633,32.375205993652344,6366100.0
2020-10-23,USB,40.880001068115234,41.029998779296875,40.06999969482422,40.65999984741211,32.5191650390625,5760500.0
2020-10-26,USB,40.18000030517578,40.27000045776367,39.380001068115234,39.959999084472656,31.959318161010742,6300100.0
2020-10-27,USB,39.630001068115234,39.72999954223633,38.38999938964844,38.40999984741211,30.719646453857422,6944000.0
2020-10-28,USB,37.68000030517578,38.029998779296875,37.18000030517578,37.29999923706055,29.831893920898438,8437800.0
2020-10-29,USB,37.13999938964844,38.33000183105469,36.56999969482422,38.06999969482422,30.447721481323242,6634200.0
2020-10-30,USB,37.9900016784668,38.959999084472656,37.7599983215332,38.95000076293945,31.151540756225586,6210100.0
2020-11-02,USB,39.45000076293945,40.119998931884766,38.77000045776367,39.7400016784668,31.783367156982422,5915600.0
2020-11-03,USB,40.540000915527344,41.09000015258789,40.400001525878906,40.81999969482422,32.647132873535156,6210400.0
2020-11-04,USB,39.68000030517578,40.279998779296875,38.470001220703125,39.0,31.1915283203125,7494700.0
2020-11-05,USB,38.959999084472656,40.650001525878906,38.959999084472656,40.459999084472656,32.35920715332031,5535900.0
2020-11-06,USB,40.81999969482422,40.93000030517578,38.900001525878906,39.16999816894531,31.327486038208008,6210300.0
2020-11-09,USB,42.970001220703125,44.9900016784668,42.4900016784668,44.15999984741211,35.31840133666992,16088500.0
2020-11-10,USB,44.4900016784668,44.4900016784668,43.22999954223633,44.13999938964844,35.30240249633789,8062400.0
2020-11-11,USB,44.029998779296875,44.150001525878906,42.810001373291016,43.75,34.99049377441406,7680500.0
2020-11-12,USB,42.959999084472656,43.20000076293945,42.130001068115234,42.810001373291016,34.23870086669922,8025000.0
2020-11-13,USB,43.25,43.59000015258789,43.02000045776367,43.310001373291016,34.638587951660156,5968700.0
2020-11-16,USB,44.65999984741211,45.040000915527344,43.79999923706055,44.279998779296875,35.41438293457031,7642100.0
2020-11-17,USB,43.59000015258789,44.34000015258789,43.2400016784668,44.029998779296875,35.21443176269531,7384500.0
2020-11-18,USB,44.27000045776367,44.7599983215332,43.220001220703125,43.2599983215332,34.598602294921875,7324800.0
2020-11-19,USB,42.97999954223633,43.310001373291016,42.34000015258789,43.2400016784668,34.58260726928711,7476300.0
2020-11-20,USB,43.04999923706055,43.16999816894531,42.41999816894531,42.65999984741211,34.11872863769531,5242500.0
2020-11-23,USB,43.27000045776367,43.369998931884766,42.81999969482422,43.09000015258789,34.462642669677734,5943400.0
2020-11-24,USB,44.040000915527344,45.43000030517578,43.91999816894531,45.400001525878906,36.31012725830078,8718100.0
2020-11-25,USB,44.900001525878906,44.900001525878906,44.369998931884766,44.68000030517578,35.73428726196289,5407800.0
2020-11-27,USB,44.70000076293945,44.7400016784668,44.04999923706055,44.209999084472656,35.3583984375,2871800.0
2020-11-30,USB,44.290000915527344,44.58000183105469,43.06999969482422,43.209999084472656,34.55860900878906,14916400.0
2020-12-01,USB,44.310001373291016,44.560001373291016,44.0099983215332,44.25,35.390380859375,6850700.0
2020-12-02,USB,44.189998626708984,44.83000183105469,43.959999084472656,44.68000030517578,35.73428726196289,5822700.0
2020-12-03,USB,44.7599983215332,45.349998474121094,44.439998626708984,44.970001220703125,35.96623229980469,6192000.0
2020-12-04,USB,45.38999938964844,45.630001068115234,45.040000915527344,45.369998931884766,36.2861442565918,6634900.0
2020-12-07,USB,44.869998931884766,45.040000915527344,44.38999938964844,44.79999923706055,35.83026123046875,7054500.0
2020-12-08,USB,44.25,45.02000045776367,44.150001525878906,44.97999954223633,35.97422790527344,5289500.0
2020-12-09,USB,45.380001068115234,46.150001525878906,45.2400016784668,45.849998474121094,36.67002868652344,9415200.0
2020-12-10,USB,45.540000915527344,46.27000045776367,45.349998474121094,46.119998931884766,36.885982513427734,7318300.0
2020-12-11,USB,45.56999969482422,45.970001220703125,45.31999969482422,45.84000015258789,36.66204071044922,5266800.0
2020-12-14,USB,46.5,46.7400016784668,44.70000076293945,44.810001373291016,35.838260650634766,5518000.0
2020-12-15,USB,45.130001068115234,45.27000045776367,44.5,45.189998626708984,36.14217758178711,5787400.0
2020-12-16,USB,45.2400016784668,45.4900016784668,45.0,45.349998474121094,36.2701530456543,5711600.0
2020-12-17,USB,45.540000915527344,45.540000915527344,44.79999923706055,45.279998779296875,36.21416473388672,6017900.0
2020-12-18,USB,45.189998626708984,45.38999938964844,44.470001220703125,44.86000061035156,35.878257751464844,14375000.0
2020-12-21,USB,45.08000183105469,45.5,44.209999084472656,45.33000183105469,36.254146575927734,10715700.0
2020-12-22,USB,45.599998474121094,46.02000045776367,45.2400016784668,45.59000015258789,36.462100982666016,8468900.0
2020-12-23,USB,45.959999084472656,46.959999084472656,45.84000015258789,46.72999954223633,37.37384796142578,6693000.0
2020-12-24,USB,46.68000030517578,46.72999954223633,46.02000045776367,46.4900016784668,37.18190383911133,1980900.0
2020-12-28,USB,46.86000061035156,47.25,46.540000915527344,46.65999984741211,37.3178596496582,4330800.0
2020-12-29,USB,46.81999969482422,46.849998474121094,46.09000015258789,46.130001068115234,36.893978118896484,4083400.0
2020-12-30,USB,45.88999938964844,46.279998779296875,45.81999969482422,46.150001525878906,37.249107360839844,3157400.0
2020-12-31,USB,46.130001068115234,46.65999984741211,45.880001068115234,46.59000015258789,37.604251861572266,3778500.0
2021-01-04,USB,46.689998626708984,46.900001525878906,45.599998474121094,46.119998931884766,37.22489929199219,6738800.0
2021-01-05,USB,46.11000061035156,46.61000061035156,45.560001373291016,46.27000045776367,37.34596633911133,5334600.0
2021-01-06,USB,47.529998779296875,49.630001068115234,47.029998779296875,49.0099983215332,39.55750274658203,12378300.0
2021-01-07,USB,49.650001525878906,50.93000030517578,49.560001373291016,49.9900016784668,40.3484992980957,7778600.0
2021-01-08,USB,50.040000915527344,50.22999954223633,48.810001373291016,49.31999969482422,39.80772018432617,6574400.0
2021-01-11,USB,48.790000915527344,49.45000076293945,48.5099983215332,49.34000015258789,39.8238639831543,5631500.0
2021-01-12,USB,49.84000015258789,50.099998474121094,49.459999084472656,49.650001525878906,40.074073791503906,5901900.0
2021-01-13,USB,49.400001525878906,49.880001068115234,49.150001525878906,49.5099983215332,39.96107482910156,5536300.0
2021-01-14,USB,49.61000061035156,49.790000915527344,49.27000045776367,49.279998779296875,39.77544021606445,6949400.0
2021-01-15,USB,48.52000045776367,48.810001373291016,48.02000045776367,48.400001525878906,39.06517028808594,8547300.0
2021-01-19,USB,48.36000061035156,48.66999816894531,48.029998779296875,48.06999969482422,38.798805236816406,12398000.0
2021-01-20,USB,47.0,47.45000076293945,45.189998626708984,45.58000183105469,36.7890625,12256200.0
2021-01-21,USB,45.689998626708984,46.08000183105469,45.189998626708984,45.66999816894531,36.86168670654297,12365900.0
2021-01-22,USB,45.36000061035156,46.20000076293945,45.290000915527344,45.86000061035156,37.015045166015625,9036800.0
2021-01-25,USB,45.560001373291016,46.04999923706055,44.90999984741211,45.7599983215332,36.93433380126953,9576900.0
2021-01-26,USB,46.150001525878906,46.189998626708984,45.18000030517578,45.189998626708984,36.474266052246094,7909200.0
2021-01-27,USB,44.599998474121094,44.75,42.72999954223633,42.810001373291016,34.55330276489258,11801800.0
2021-01-28,USB,43.650001525878906,44.099998474121094,42.72999954223633,43.77000045776367,35.32814407348633,8597200.0
2021-01-29,USB,43.720001220703125,44.0,42.81999969482422,42.849998474121094,34.58557891845703,7339300.0
2021-02-01,USB,43.27000045776367,43.34000015258789,42.470001220703125,42.75,34.50486755371094,6666900.0
2021-02-02,USB,43.290000915527344,44.52000045776367,43.290000915527344,44.25,35.7155647277832,6487400.0
2021-02-03,USB,44.0099983215332,44.84000015258789,43.9900016784668,44.72999954223633,36.10298538208008,5850300.0
2021-02-04,USB,44.97999954223633,46.349998474121094,44.7400016784668,46.310001373291016,37.37826156616211,6633800.0
2021-02-05,USB,46.849998474121094,46.88999938964844,46.130001068115234,46.349998474121094,37.41054153442383,4146600.0
2021-02-08,USB,46.459999084472656,47.439998626708984,46.439998626708984,47.400001525878906,38.258033752441406,5986200.0
2021-02-09,USB,47.2400016784668,47.849998474121094,46.959999084472656,47.61000061035156,38.42752456665039,4940300.0
2021-02-10,USB,47.880001068115234,47.90999984741211,47.310001373291016,47.349998474121094,38.217674255371094,5625500.0
2021-02-11,USB,47.2599983215332,47.619998931884766,46.849998474121094,47.25,38.136959075927734,4413300.0
2021-02-12,USB,47.119998931884766,48.18000030517578,47.06999969482422,47.63999938964844,38.45173645019531,4141600.0
2021-02-16,USB,48.279998779296875,48.959999084472656,48.0099983215332,48.650001525878906,39.26694869995117,5603600.0
2021-02-17,USB,48.4900016784668,49.38999938964844,48.150001525878906,49.29999923706055,39.79157257080078,6928600.0
2021-02-18,USB,48.880001068115234,49.5,48.349998474121094,49.060001373291016,39.597877502441406,7617300.0
2021-02-19,USB,49.33000183105469,50.16999816894531,49.27000045776367,50.02000045776367,40.372711181640625,5374200.0
2021-02-22,USB,49.79999923706055,51.130001068115234,49.79999923706055,50.939998626708984,41.11526870727539,7017900.0
2021-02-23,USB,51.84000015258789,52.70000076293945,51.25,51.61000061035156,41.65604782104492,9904100.0
2021-02-24,USB,51.66999816894531,53.040000915527344,51.540000915527344,52.810001373291016,42.62460708618164,6814400.0
2021-02-25,USB,53.5,53.540000915527344,51.58000183105469,51.630001068115234,41.67219924926758,6254500.0
2021-02-26,USB,51.290000915527344,51.33000183105469,49.849998474121094,50.0,40.3565673828125,9499600.0
2021-03-01,USB,51.02000045776367,51.54999923706055,50.880001068115234,51.15999984741211,41.29283905029297,8921300.0
2021-03-02,USB,51.189998626708984,51.40999984741211,50.599998474121094,50.650001525878906,40.8812141418457,7360600.0
2021-03-03,USB,50.90999984741211,52.18000030517578,50.709999084472656,51.15999984741211,41.29283905029297,7442800.0
2021-03-04,USB,51.099998474121094,51.529998779296875,50.040000915527344,51.02000045776367,41.17984390258789,10901400.0
2021-03-05,USB,51.7400016784668,52.689998626708984,50.400001525878906,52.470001220703125,42.35019302368164,10621000.0
2021-03-08,USB,53.0,54.38999938964844,52.529998779296875,54.04999923706055,43.625457763671875,9847600.0
2021-03-09,USB,52.869998931884766,53.84000015258789,52.470001220703125,52.900001525878906,42.6972541809082,8899100.0
2021-03-10,USB,53.08000183105469,54.16999816894531,52.869998931884766,53.779998779296875,43.407527923583984,8455100.0
2021-03-11,USB,53.34000015258789,54.04999923706055,52.900001525878906,53.349998474121094,43.060462951660156,6141300.0
2021-03-12,USB,54.189998626708984,54.720001220703125,54.0,54.63999938964844,44.101654052734375,5415500.0
2021-03-15,USB,54.63999938964844,54.75,53.310001373291016,53.97999954223633,43.56896209716797,6228000.0
2021-03-16,USB,53.58000183105469,53.849998474121094,52.79999923706055,53.84000015258789,43.455955505371094,9928300.0
2021-03-17,USB,54.310001373291016,54.689998626708984,53.709999084472656,54.4900016784668,43.980594635009766,7768700.0
2021-03-18,USB,55.0,57.02000045776367,54.93000030517578,56.27000045776367,45.41728973388672,11182900.0
2021-03-19,USB,55.79999923706055,55.95000076293945,54.849998474121094,55.209999084472656,44.561729431152344,28076700.0
2021-03-22,USB,55.0,55.0,53.84000015258789,54.2400016784668,43.77880096435547,6976700.0
2021-03-23,USB,53.68000030517578,54.54999923706055,53.13999938964844,53.58000183105469,43.2461051940918,10640100.0
2021-03-24,USB,53.869998931884766,54.619998931884766,53.470001220703125,53.470001220703125,43.157318115234375,6880700.0
2021-03-25,USB,53.47999954223633,54.93000030517578,53.33000183105469,54.88999938964844,44.30344772338867,8728200.0
2021-03-26,USB,55.529998779296875,56.29999923706055,55.310001373291016,56.209999084472656,45.368865966796875,9628300.0
2021-03-29,USB,55.560001373291016,56.099998474121094,54.790000915527344,55.599998474121094,44.876502990722656,11780100.0
2021-03-30,USB,55.65999984741211,56.15999984741211,55.27000045776367,55.869998931884766,45.43766784667969,6624000.0
2021-03-31,USB,55.56999969482422,56.04999923706055,55.290000915527344,55.310001373291016,44.98223114013672,6752700.0
2021-04-01,USB,55.130001068115234,55.84000015258789,54.91999816894531,55.83000183105469,45.40513610839844,6219400.0
2021-04-05,USB,56.439998626708984,56.75,56.13999938964844,56.369998931884766,45.84429931640625,4769200.0
2021-04-06,USB,56.09000015258789,56.40999984741211,55.720001220703125,56.22999954223633,45.730438232421875,4513200.0
2021-04-07,USB,56.5,56.869998931884766,56.25,56.810001373291016,46.2021484375,5068800.0
2021-04-08,USB,56.619998931884766,57.060001373291016,55.93000030517578,56.779998779296875,46.1777458190918,6361400.0
2021-04-09,USB,57.33000183105469,57.45000076293945,56.7599983215332,57.290000915527344,46.5925178527832,5990100.0
2021-04-12,USB,57.599998474121094,57.79999923706055,57.310001373291016,57.68000030517578,46.909698486328125,5185600.0
2021-04-13,USB,57.220001220703125,57.29999923706055,56.58000183105469,56.630001068115234,46.055755615234375,6099300.0
2021-04-14,USB,56.52000045776367,57.83000183105469,56.2400016784668,57.58000183105469,46.82836151123047,6508900.0
2021-04-15,USB,56.84000015258789,57.189998626708984,54.529998779296875,56.33000183105469,45.8117790222168,13346400.0
2021-04-16,USB,56.90999984741211,58.459999084472656,56.54999923706055,57.86000061035156,47.05608367919922,7934200.0
2021-04-19,USB,57.810001373291016,58.20000076293945,57.529998779296875,57.720001220703125,46.94222640991211,6586600.0
2021-04-20,USB,57.04999923706055,57.27000045776367,56.15999984741211,56.220001220703125,45.72230911254883,10679900.0
2021-04-21,USB,55.900001525878906,57.09000015258789,55.43000030517578,56.9900016784668,46.34853744506836,6051500.0
2021-04-22,USB,56.599998474121094,56.900001525878906,56.15999984741211,56.15999984741211,45.67351531982422,6050400.0
2021-04-23,USB,56.209999084472656,57.65999984741211,56.08000183105469,57.22999954223633,46.54370880126953,6229600.0
2021-04-26,USB,57.54999923706055,58.27000045776367,57.380001068115234,57.790000915527344,46.9991569519043,5588600.0
2021-04-27,USB,58.189998626708984,58.38999938964844,57.83000183105469,58.31999969482422,47.4301872253418,5627500.0
2021-04-28,USB,58.5,59.189998626708984,58.470001220703125,58.970001220703125,47.95881652832031,5281900.0
2021-04-29,USB,59.38999938964844,60.130001068115234,59.279998779296875,60.029998779296875,48.820899963378906,6111800.0
2021-04-30,USB,59.560001373291016,59.869998931884766,59.08000183105469,59.349998474121094,48.26785659790039,6581800.0
2021-05-03,USB,59.630001068115234,60.040000915527344,59.22999954223633,59.290000915527344,48.21906661987305,4870200.0
2021-05-04,USB,59.0,60.65999984741211,58.81999969482422,60.599998474121094,49.28445816040039,7908000.0
2021-05-05,USB,60.58000183105469,60.97999954223633,59.93000030517578,60.38999938964844,49.11366271972656,6789200.0
2021-05-06,USB,60.75,61.47999954223633,60.349998474121094,61.439998626708984,49.96760559082031,5512900.0
2021-05-07,USB,60.33000183105469,61.40999984741211,60.18000030517578,61.369998931884766,49.910675048828125,6158800.0
2021-05-10,USB,61.79999923706055,62.27000045776367,61.099998474121094,61.16999816894531,49.748016357421875,7013500.0
2021-05-11,USB,60.790000915527344,61.56999969482422,60.04999923706055,60.150001525878906,48.918479919433594,6943500.0
2021-05-12,USB,61.04999923706055,61.290000915527344,59.459999084472656,59.560001373291016,48.43865203857422,9206700.0
2021-05-13,USB,59.36000061035156,61.599998474121094,59.310001373291016,61.099998474121094,49.69108581542969,5329700.0
2021-05-14,USB,61.349998474121094,62.09000015258789,61.2599983215332,61.90999984741211,50.349849700927734,4087700.0
2021-05-17,USB,61.560001373291016,62.41999816894531,61.459999084472656,62.209999084472656,50.59383010864258,4151300.0
2021-05-18,USB,62.18000030517578,62.470001220703125,60.810001373291016,60.849998474121094,49.487770080566406,5832200.0
2021-05-19,USB,60.20000076293945,60.310001373291016,59.130001068115234,60.06999969482422,48.85342025756836,8055000.0
2021-05-20,USB,59.97999954223633,60.18000030517578,59.11000061035156,59.630001068115234,48.495582580566406,6338800.0
2021-05-21,USB,59.79999923706055,60.81999969482422,59.650001525878906,60.369998931884766,49.09740447998047,5347800.0
2021-05-24,USB,60.58000183105469,60.689998626708984,60.13999938964844,60.41999816894531,49.13806915283203,3504600.0
2021-05-25,USB,60.529998779296875,61.099998474121094,59.560001373291016,59.650001525878906,48.5118522644043,5028200.0
2021-05-26,USB,59.75,59.849998474121094,58.900001525878906,59.72999954223633,48.576904296875,7436100.0
2021-05-27,USB,60.5099983215332,61.25,60.27000045776367,60.7400016784668,49.398319244384766,12453000.0
2021-05-28,USB,60.77000045776367,60.959999084472656,60.2400016784668,60.779998779296875,49.43083953857422,6127000.0
2021-06-01,USB,61.5099983215332,61.7599983215332,60.7400016784668,60.9900016784668,49.60163879394531,4967000.0
2021-06-02,USB,60.9900016784668,61.310001373291016,60.459999084472656,60.66999816894531,49.34138488769531,5573300.0
2021-06-03,USB,60.4900016784668,61.279998779296875,60.29999923706055,60.63999938964844,49.31698226928711,4631500.0
2021-06-04,USB,60.689998626708984,60.779998779296875,60.119998931884766,60.77000045776367,49.42271423339844,4581600.0
2021-06-07,USB,60.93000030517578,60.95000076293945,60.43000030517578,60.540000915527344,49.23565673828125,4520800.0
2021-06-08,USB,60.209999084472656,60.58000183105469,59.4900016784668,60.290000915527344,49.03234100341797,5617400.0
2021-06-09,USB,59.790000915527344,59.86000061035156,59.20000076293945,59.25,48.1865348815918,6549800.0
2021-06-10,USB,60.119998931884766,60.22999954223633,58.599998474121094,58.61000061035156,47.66603088378906,4873800.0
2021-06-11,USB,58.779998779296875,59.22999954223633,58.58000183105469,59.13999938964844,48.097076416015625,5659300.0
2021-06-14,USB,58.959999084472656,59.119998931884766,57.77000045776367,58.15999984741211,47.3000602722168,5035400.0
2021-06-15,USB,58.130001068115234,58.790000915527344,57.939998626708984,58.5099983215332,47.584712982177734,5807800.0
2021-06-16,USB,58.09000015258789,58.90999984741211,57.34000015258789,58.439998626708984,47.52779006958008,8635300.0
2021-06-17,USB,58.88999938964844,58.959999084472656,55.529998779296875,55.720001220703125,45.315673828125,8333100.0
2021-06-18,USB,54.77000045776367,55.22999954223633,54.060001373291016,54.7400016784668,44.51866149902344,19017200.0
2021-06-21,USB,55.060001373291016,56.119998931884766,55.060001373291016,55.97999954223633,45.52712631225586,5680700.0
2021-06-22,USB,56.2400016784668,56.25,55.349998474121094,55.939998626708984,45.49459457397461,4183300.0
2021-06-23,USB,56.02000045776367,56.52000045776367,55.77000045776367,56.13999938964844,45.65725326538086,5655900.0
2021-06-24,USB,56.290000915527344,57.13999938964844,56.0099983215332,56.880001068115234,46.25907516479492,5761900.0
2021-06-25,USB,57.33000183105469,57.970001220703125,56.81999969482422,57.849998474121094,47.04795455932617,4931100.0
2021-06-28,USB,57.65999984741211,57.77000045776367,56.959999084472656,57.540000915527344,46.79582595825195,5143200.0
2021-06-29,USB,57.18000030517578,57.790000915527344,56.45000076293945,56.65999984741211,46.41897964477539,6974000.0
2021-06-30,USB,56.630001068115234,57.220001220703125,56.47999954223633,56.970001220703125,46.672943115234375,4664100.0
2021-07-01,USB,57.349998474121094,57.599998474121094,57.0,57.58000183105469,47.17268753051758,3660400.0
2021-07-02,USB,57.61000061035156,57.7400016784668,57.18000030517578,57.56999969482422,47.16448974609375,3520900.0
2021-07-06,USB,57.099998474121094,57.33000183105469,55.630001068115234,56.0099983215332,45.88645935058594,5008700.0
2021-07-07,USB,55.66999816894531,56.47999954223633,55.459999084472656,55.9900016784668,45.87007522583008,5125700.0
2021-07-08,USB,55.119998931884766,55.63999938964844,54.66999816894531,55.040000915527344,45.09178161621094,5977700.0
2021-07-09,USB,56.08000183105469,57.040000915527344,55.849998474121094,56.970001220703125,46.672943115234375,4437300.0
2021-07-12,USB,56.459999084472656,57.75,56.0,57.58000183105469,47.17268753051758,5403100.0
2021-07-13,USB,57.400001525878906,57.59000015258789,56.540000915527344,56.91999816894531,46.631980895996094,4387500.0
2021-07-14,USB,57.0,57.43000030517578,56.22999954223633,56.9900016784668,46.689334869384766,6398100.0
2021-07-15,USB,56.630001068115234,59.72999954223633,56.369998931884766,58.81999969482422,48.188568115234375,10314800.0
2021-07-16,USB,58.95000076293945,59.02000045776367,57.04999923706055,57.16999816894531,46.836795806884766,5779400.0
2021-07-19,USB,55.86000061035156,56.33000183105469,54.20000076293945,54.5099983215332,44.657569885253906,8560800.0
2021-07-20,USB,54.599998474121094,56.790000915527344,54.310001373291016,56.09000015258789,45.95199966430664,6271100.0
2021-07-21,USB,56.56999969482422,57.5099983215332,56.4900016784668,57.20000076293945,46.86137390136719,5544800.0
2021-07-22,USB,57.189998626708984,57.2400016784668,55.63999938964844,55.810001373291016,45.72260284423828,4042900.0
2021-07-23,USB,56.29999923706055,56.709999084472656,55.54999923706055,55.720001220703125,45.64888000488281,3570500.0
2021-07-26,USB,55.689998626708984,56.40999984741211,55.52000045776367,56.18000030517578,46.02573776245117,3721700.0
2021-07-27,USB,55.5,56.36000061035156,55.099998474121094,56.150001525878906,46.001155853271484,4332400.0
2021-07-28,USB,56.5,56.619998931884766,55.470001220703125,56.040000915527344,45.911041259765625,4063600.0
2021-07-29,USB,56.560001373291016,56.790000915527344,55.81999969482422,56.439998626708984,46.238746643066406,7566000.0
2021-07-30,USB,56.09000015258789,56.560001373291016,55.130001068115234,55.540000915527344,45.50141143798828,6478400.0
2021-08-02,USB,55.869998931884766,56.81999969482422,55.11000061035156,55.130001068115234,45.1655158996582,4741300.0
2021-08-03,USB,55.529998779296875,56.02000045776367,54.349998474121094,55.88999938964844,45.78815460205078,5102700.0
2021-08-04,USB,55.34000015258789,55.7400016784668,54.880001068115234,55.060001373291016,45.10817337036133,4101400.0
2021-08-05,USB,55.540000915527344,55.959999084472656,55.36000061035156,55.810001373291016,45.72260284423828,3774500.0
2021-08-06,USB,56.560001373291016,57.5,56.369998931884766,57.0,46.69752502441406,4756100.0
2021-08-09,USB,56.900001525878906,57.54999923706055,56.40999984741211,57.040000915527344,46.73030090332031,3672300.0
2021-08-10,USB,56.88999938964844,57.880001068115234,56.84000015258789,57.66999816894531,47.24642562866211,3759600.0
2021-08-11,USB,57.900001525878906,58.83000183105469,57.45000076293945,58.790000915527344,48.16399002075195,5462200.0
2021-08-12,USB,58.72999954223633,59.0,58.27000045776367,58.849998474121094,48.213138580322266,3758200.0
2021-08-13,USB,59.02000045776367,59.16999816894531,58.08000183105469,58.220001220703125,47.69700622558594,3630500.0
2021-08-16,USB,57.790000915527344,57.939998626708984,56.959999084472656,57.56999969482422,47.16448974609375,3219600.0
2021-08-17,USB,57.09000015258789,57.52000045776367,56.119998931884766,56.7599983215332,46.50090789794922,3474500.0
2021-08-18,USB,56.41999816894531,57.040000915527344,56.0,56.04999923706055,45.91922378540039,4656800.0
2021-08-19,USB,55.5,55.9900016784668,54.81999969482422,55.34000015258789,45.337562561035156,5568800.0
2021-08-20,USB,55.20000076293945,55.779998779296875,55.0,55.68000030517578,45.6161003112793,3650900.0
2021-08-23,USB,55.959999084472656,56.47999954223633,55.93000030517578,56.16999816894531,46.017539978027344,3674900.0
2021-08-24,USB,56.31999969482422,56.90999984741211,56.13999938964844,56.810001373291016,46.54186248779297,3210400.0
2021-08-25,USB,57.08000183105469,58.15999984741211,56.880001068115234,57.63999938964844,47.22184753417969,3983400.0
2021-08-26,USB,57.869998931884766,57.970001220703125,57.13999938964844,57.2400016784668,46.89414596557617,3340500.0
2021-08-27,USB,57.43000030517578,58.369998931884766,57.2599983215332,58.29999923706055,47.76255416870117,4432400.0
2021-08-30,USB,58.220001220703125,58.43000030517578,56.959999084472656,57.08000183105469,46.763065338134766,4848600.0
2021-08-31,USB,57.220001220703125,57.83000183105469,56.900001525878906,57.38999938964844,47.017032623291016,6869000.0
2021-09-01,USB,57.61000061035156,57.61000061035156,56.11000061035156,56.16999816894531,46.017539978027344,6533600.0
2021-09-02,USB,56.25,56.7599983215332,56.029998779296875,56.439998626708984,46.238746643066406,5307500.0
2021-09-03,USB,56.4900016784668,56.54999923706055,55.810001373291016,56.150001525878906,46.001155853271484,3921800.0
2021-09-07,USB,56.279998779296875,56.95000076293945,55.72999954223633,55.83000183105469,45.738990783691406,4879100.0
2021-09-08,USB,55.630001068115234,55.880001068115234,55.11000061035156,55.34000015258789,45.337562561035156,3501700.0
2021-09-09,USB,55.310001373291016,56.459999084472656,55.189998626708984,55.81999969482422,45.730804443359375,4810100.0
2021-09-10,USB,56.189998626708984,56.36000061035156,55.41999816894531,55.45000076293945,45.42768096923828,3856300.0
2021-09-13,USB,55.939998626708984,56.560001373291016,55.83000183105469,56.540000915527344,46.3206672668457,5448400.0
2021-09-14,USB,56.75,56.959999084472656,55.459999084472656,55.90999984741211,45.80453872680664,5432200.0
2021-09-15,USB,56.22999954223633,57.970001220703125,56.13999938964844,57.79999923706055,47.352928161621094,7194300.0
2021-09-16,USB,58.0,58.34000015258789,56.81999969482422,57.099998474121094,46.77944564819336,6056000.0
2021-09-17,USB,56.869998931884766,57.5,56.86000061035156,57.0099983215332,46.70571517944336,10014300.0
2021-09-20,USB,55.439998626708984,55.779998779296875,54.59000015258789,55.68000030517578,45.6161003112793,8945100.0
2021-09-21,USB,56.119998931884766,57.459999084472656,55.880001068115234,57.099998474121094,46.77944564819336,10332300.0
2021-09-22,USB,57.880001068115234,58.91999816894531,57.72999954223633,57.91999816894531,47.451236724853516,8715700.0
2021-09-23,USB,58.59000015258789,59.630001068115234,58.4900016784668,59.290000915527344,48.5736198425293,8216800.0
2021-09-24,USB,59.400001525878906,60.31999969482422,59.27000045776367,59.790000915527344,48.98324203491211,4770700.0
2021-09-27,USB,60.47999954223633,61.33000183105469,60.439998626708984,61.099998474121094,50.05646514892578,5388200.0
2021-09-28,USB,61.310001373291016,61.65999984741211,60.310001373291016,60.41999816894531,49.49937057495117,7223100.0
2021-09-29,USB,60.0,60.65999984741211,59.630001068115234,60.2599983215332,49.747032165527344,4934700.0
2021-09-30,USB,60.619998931884766,60.65999984741211,59.380001068115234,59.439998626708984,49.07008743286133,5648600.0
2021-10-01,USB,59.75,61.119998931884766,59.599998474121094,60.7599983215332,50.15980911254883,6334000.0
2021-10-04,USB,60.560001373291016,61.61000061035156,60.36000061035156,60.529998779296875,49.969932556152344,5305300.0
2021-10-05,USB,60.93000030517578,61.68000030517578,60.4900016784668,61.290000915527344,50.597347259521484,5365100.0
2021-10-06,USB,60.939998626708984,61.5,60.18000030517578,61.45000076293945,50.729427337646484,5037100.0
2021-10-07,USB,62.0099983215332,62.529998779296875,61.61000061035156,61.880001068115234,51.08441162109375,5104900.0
2021-10-08,USB,61.93000030517578,62.619998931884766,61.650001525878906,62.33000183105469,51.45590591430664,4554500.0
2021-10-11,USB,62.779998779296875,63.0,61.83000183105469,61.849998474121094,51.05964660644531,3713300.0
2021-10-12,USB,61.689998626708984,62.13999938964844,61.18000030517578,61.65999984741211,50.902793884277344,4108300.0
2021-10-13,USB,61.47999954223633,61.63999938964844,60.189998626708984,61.459999084472656,50.73768615722656,5000800.0
2021-10-14,USB,60.0,60.33000183105469,58.599998474121094,60.08000183105469,49.59844207763672,8490700.0
2021-10-15,USB,60.2400016784668,60.65999984741211,59.029998779296875,60.22999954223633,49.7222785949707,9158100.0
2021-10-18,USB,59.83000183105469,60.939998626708984,59.83000183105469,60.58000183105469,50.0112190246582,5212200.0
2021-10-19,USB,60.869998931884766,61.369998931884766,60.650001525878906,61.349998474121094,50.646873474121094,3506800.0
2021-10-20,USB,61.18000030517578,62.59000015258789,60.779998779296875,62.58000183105469,51.66229248046875,4806200.0
2021-10-21,USB,62.56999969482422,62.790000915527344,61.779998779296875,62.18000030517578,51.33207702636719,4699000.0
2021-10-22,USB,62.27000045776367,62.810001373291016,61.88999938964844,62.7400016784668,51.79438018798828,5251100.0
2021-10-25,USB,62.849998474121094,63.0099983215332,62.369998931884766,62.52000045776367,51.612754821777344,3043600.0
2021-10-26,USB,62.59000015258789,62.72999954223633,62.06999969482422,62.439998626708984,51.546714782714844,3825600.0
2021-10-27,USB,62.09000015258789,62.13999938964844,60.16999816894531,60.279998779296875,49.763545989990234,7255000.0
2021-10-28,USB,60.59000015258789,60.970001220703125,60.2400016784668,60.93000030517578,50.30015563964844,3979100.0
2021-10-29,USB,61.029998779296875,61.20000076293945,60.20000076293945,60.369998931884766,49.83785629272461,4008400.0
2021-11-01,USB,60.93000030517578,61.08000183105469,60.310001373291016,60.779998779296875,50.176307678222656,2797500.0
2021-11-02,USB,60.83000183105469,61.11000061035156,60.290000915527344,60.86000061035156,50.24235534667969,3588300.0
2021-11-03,USB,60.58000183105469,62.2599983215332,60.5,61.83000183105469,51.04314422607422,4187500.0
2021-11-04,USB,61.470001220703125,61.529998779296875,59.7599983215332,60.279998779296875,49.763545989990234,4260300.0
2021-11-05,USB,60.91999816894531,61.22999954223633,60.43000030517578,60.689998626708984,50.102012634277344,3907500.0
2021-11-08,USB,60.91999816894531,61.130001068115234,60.2599983215332,60.689998626708984,50.102012634277344,3563800.0
2021-11-09,USB,60.11000061035156,60.439998626708984,59.59000015258789,60.06999969482422,49.59018325805664,4042900.0
2021-11-10,USB,60.27000045776367,60.88999938964844,60.13999938964844,60.4900016784668,49.936912536621094,3580100.0
2021-11-11,USB,60.4900016784668,61.11000061035156,60.41999816894531,60.779998779296875,50.176307678222656,2893700.0
2021-11-12,USB,60.720001220703125,60.810001373291016,59.959999084472656,60.5,49.94516372680664,3686000.0
2021-11-15,USB,60.7599983215332,60.81999969482422,60.349998474121094,60.459999084472656,49.91214370727539,3190100.0
2021-11-16,USB,60.59000015258789,60.97999954223633,59.880001068115234,60.52000045776367,49.961673736572266,3910500.0
2021-11-17,USB,60.380001068115234,60.470001220703125,59.29999923706055,59.31999969482422,48.97102737426758,4177300.0
2021-11-18,USB,59.400001525878906,59.400001525878906,58.380001068115234,58.650001525878906,48.41791915893555,3947000.0
2021-11-19,USB,58.20000076293945,58.22999954223633,57.18000030517578,57.59000015258789,47.542842864990234,4302300.0
2021-11-22,USB,58.459999084472656,59.790000915527344,58.310001373291016,58.97999954223633,48.69034957885742,5534300.0
2021-11-23,USB,59.47999954223633,60.2599983215332,59.33000183105469,60.06999969482422,49.59018325805664,4686500.0
2021-11-24,USB,59.95000076293945,60.599998474121094,59.52000045776367,59.84000015258789,49.400306701660156,2862800.0
2021-11-26,USB,57.84000015258789,57.86000061035156,56.54999923706055,57.5,47.468544006347656,4654300.0
2021-11-29,USB,57.400001525878906,58.189998626708984,56.79999923706055,57.400001525878906,47.38599395751953,4965300.0
2021-11-30,USB,56.7400016784668,56.77000045776367,55.27000045776367,55.34000015258789,45.68537902832031,10030800.0
2021-12-01,USB,56.58000183105469,57.06999969482422,54.81999969482422,54.849998474121094,45.280860900878906,6293100.0
2021-12-02,USB,55.58000183105469,57.08000183105469,55.04999923706055,56.599998474121094,46.72555923461914,5410900.0
2021-12-03,USB,56.619998931884766,56.81999969482422,55.220001220703125,55.59000015258789,45.89176940917969,6285700.0
2021-12-06,USB,56.7400016784668,57.54999923706055,56.369998931884766,56.880001068115234,46.95671081542969,6425500.0
2021-12-07,USB,57.27000045776367,57.97999954223633,57.0,57.689998626708984,47.625396728515625,8751700.0
2021-12-08,USB,57.68000030517578,57.93000030517578,56.97999954223633,57.040000915527344,47.088802337646484,4190900.0
2021-12-09,USB,56.83000183105469,57.68000030517578,56.40999984741211,57.209999084472656,47.2291374206543,5617000.0
2021-12-10,USB,57.880001068115234,57.959999084472656,57.16999816894531,57.77000045776367,47.69144058227539,4034800.0
2021-12-13,USB,57.63999938964844,57.75,56.650001525878906,56.81999969482422,46.90717697143555,4763100.0
2021-12-14,USB,56.93000030517578,57.880001068115234,56.810001373291016,57.310001373291016,47.31168746948242,4585600.0
2021-12-15,USB,57.470001220703125,57.650001525878906,56.41999816894531,56.7400016784668,46.84112548828125,6417600.0
2021-12-16,USB,57.52000045776367,58.16999816894531,57.04999923706055,57.43000030517578,47.4107551574707,7989200.0
2021-12-17,USB,57.06999969482422,57.18000030517578,55.5,55.72999954223633,46.0073356628418,14924000.0
2021-12-20,USB,54.95000076293945,55.099998474121094,53.84000015258789,54.869998931884766,45.297367095947266,6655900.0
2021-12-21,USB,55.5,56.209999084472656,55.5,55.84000015258789,46.09815216064453,4620100.0
2021-12-22,USB,55.72999954223633,56.099998474121094,55.439998626708984,56.06999969482422,46.28801727294922,4896000.0
2021-12-23,USB,56.529998779296875,56.91999816894531,56.150001525878906,56.310001373291016,46.48615264892578,4679500.0
2021-12-27,USB,56.33000183105469,56.77000045776367,55.95000076293945,56.7400016784668,46.84112548828125,3709200.0
2021-12-28,USB,56.43000030517578,57.09000015258789,56.22999954223633,56.75,46.849395751953125,3129000.0
2021-12-29,USB,56.84000015258789,57.0,56.529998779296875,56.599998474121094,46.72555923461914,4269200.0
2021-12-30,USB,56.189998626708984,56.650001525878906,56.11000061035156,56.150001525878906,46.733882904052734,4346700.0
2021-12-31,USB,56.04999923706055,56.380001068115234,55.91999816894531,56.16999816894531,46.75053405761719,3282500.0
2022-01-03,USB,56.08000183105469,57.400001525878906,56.08000183105469,57.27000045776367,47.66606521606445,5430900.0
2022-01-04,USB,58.11000061035156,59.08000183105469,57.90999984741211,58.77000045776367,48.91452407836914,7552600.0
2022-01-05,USB,59.189998626708984,59.290000915527344,58.400001525878906,58.459999084472656,48.65650177001953,6527200.0
2022-01-06,USB,59.529998779296875,60.06999969482422,58.939998626708984,60.04999923706055,49.9798698425293,5783200.0
2022-01-07,USB,59.900001525878906,61.16999816894531,59.68000030517578,61.0,50.770565032958984,7040100.0
2022-01-10,USB,62.0,62.0,60.7599983215332,61.36000061035156,51.070186614990234,7635500.0
2022-01-11,USB,61.65999984741211,62.189998626708984,60.9900016784668,62.119998931884766,51.70273971557617,6316800.0
2022-01-12,USB,62.34000015258789,62.59000015258789,61.97999954223633,62.4900016784668,52.01068878173828,5649600.0
2022-01-13,USB,62.77000045776367,63.56999969482422,62.599998474121094,63.189998626708984,52.593299865722656,6612600.0
2022-01-14,USB,62.279998779296875,63.279998779296875,61.83000183105469,63.25,52.643245697021484,7236700.0
2022-01-18,USB,63.29999923706055,63.54999923706055,61.959999084472656,62.189998626708984,51.7609977722168,7624500.0
2022-01-19,USB,58.220001220703125,59.529998779296875,57.290000915527344,57.369998931884766,47.74929428100586,13764600.0
2022-01-20,USB,56.58000183105469,58.33000183105469,55.5,56.939998626708984,47.39139938354492,13476700.0
2022-01-21,USB,56.650001525878906,56.77000045776367,55.06999969482422,55.099998474121094,45.85995864868164,13354000.0
2022-01-24,USB,54.31999969482422,57.06999969482422,53.68000030517578,56.810001373291016,47.283203125,15290400.0
2022-01-25,USB,56.5,57.79999923706055,55.59000015258789,57.40999984741211,47.78257751464844,8466200.0
2022-01-26,USB,58.0,58.52000045776367,56.68000030517578,57.560001373291016,47.90743637084961,7507100.0
2022-01-27,USB,58.29999923706055,58.7400016784668,56.97999954223633,57.439998626708984,47.80755615234375,7130000.0
2022-01-28,USB,57.349998474121094,58.119998931884766,56.5,58.08000183105469,48.34022903442383,6843800.0
2022-01-31,USB,57.5099983215332,58.29999923706055,56.720001220703125,58.189998626708984,48.43178176879883,9476100.0
2022-02-01,USB,58.13999938964844,59.31999969482422,57.72999954223633,59.27000045776367,49.33066940307617,6341700.0
2022-02-02,USB,58.959999084472656,59.95000076293945,58.7400016784668,59.77000045776367,49.746822357177734,7702200.0
2022-02-03,USB,59.93000030517578,60.09000015258789,58.97999954223633,59.150001525878906,49.23079299926758,4809300.0
2022-02-04,USB,59.2599983215332,60.2400016784668,58.97999954223633,59.70000076293945,49.68856430053711,5307300.0
2022-02-07,USB,59.709999084472656,59.95000076293945,59.11000061035156,59.58000183105469,49.58868408203125,5853100.0
2022-02-08,USB,60.20000076293945,60.5,59.0,59.58000183105469,49.58868408203125,11056100.0
2022-02-09,USB,59.689998626708984,59.97999954223633,59.43000030517578,59.75,49.73017501831055,5928600.0
2022-02-10,USB,59.66999816894531,60.2400016784668,59.0099983215332,59.209999084472656,49.28073501586914,6952800.0
2022-02-11,USB,58.849998474121094,59.91999816894531,58.20000076293945,58.54999923706055,48.73141098022461,7330400.0
2022-02-14,USB,58.5,58.86000061035156,57.2599983215332,57.869998931884766,48.16544723510742,7279600.0
2022-02-15,USB,58.45000076293945,58.959999084472656,58.18000030517578,58.61000061035156,48.78135681152344,4244700.0
2022-02-16,USB,58.040000915527344,59.09000015258789,58.040000915527344,58.599998474121094,48.77302169799805,3994100.0
2022-02-17,USB,58.060001373291016,58.220001220703125,57.0099983215332,57.130001068115234,47.54954147338867,4721800.0
2022-02-18,USB,56.939998626708984,57.75,56.900001525878906,57.099998474121094,47.524566650390625,6264900.0
2022-02-22,USB,57.29999923706055,58.22999954223633,56.84000015258789,57.79999923706055,48.10718536376953,7458300.0
2022-02-23,USB,58.27000045776367,58.310001373291016,56.439998626708984,56.650001525878906,47.15003204345703,8561100.0
2022-02-24,USB,54.7400016784668,55.47999954223633,53.77000045776367,55.33000183105469,46.051395416259766,11719500.0
2022-02-25,USB,55.779998779296875,57.45000076293945,55.779998779296875,57.34000015258789,47.72432327270508,10009500.0
2022-02-28,USB,55.54999923706055,56.689998626708984,55.43000030517578,56.540000915527344,47.05848693847656,9501500.0
2022-03-01,USB,55.779998779296875,56.13999938964844,53.54999923706055,53.86000061035156,44.82790756225586,13167700.0
2022-03-02,USB,54.56999969482422,56.52000045776367,54.56999969482422,56.22999954223633,46.80046463012695,9063200.0
2022-03-03,USB,56.4900016784668,56.93000030517578,55.939998626708984,56.310001373291016,46.867042541503906,8283000.0
2022-03-04,USB,54.91999816894531,55.290000915527344,54.31999969482422,55.25,45.98481369018555,7772000.0
2022-03-07,USB,54.86000061035156,54.959999084472656,53.09000015258789,53.099998474121094,44.19535446166992,10401800.0
2022-03-08,USB,53.79999923706055,54.72999954223633,52.86000061035156,53.25,44.32019805908203,9850200.0
2022-03-09,USB,55.02000045776367,55.529998779296875,54.189998626708984,54.5099983215332,45.36890411376953,7817800.0
2022-03-10,USB,53.79999923706055,54.2599983215332,52.439998626708984,52.9900016784668,44.103797912597656,10672200.0
2022-03-11,USB,53.34000015258789,54.209999084472656,52.61000061035156,52.650001525878906,43.82081604003906,7434500.0
2022-03-14,USB,53.349998474121094,54.650001525878906,53.189998626708984,53.95000076293945,44.90282440185547,9175200.0
2022-03-15,USB,54.52000045776367,54.66999816894531,53.459999084472656,54.400001525878906,45.27735137939453,7606400.0
2022-03-16,USB,55.31999969482422,56.34000015258789,55.18000030517578,56.279998779296875,46.842079162597656,9093800.0
2022-03-17,USB,55.5099983215332,56.66999816894531,55.0099983215332,56.650001525878906,47.15003204345703,6955700.0
2022-03-18,USB,56.63999938964844,56.72999954223633,55.63999938964844,56.529998779296875,47.0501594543457,18475700.0
2022-03-21,USB,56.16999816894531,56.90999984741211,55.650001525878906,56.15999984741211,46.74220657348633,8431200.0
2022-03-22,USB,57.189998626708984,57.779998779296875,56.7599983215332,57.02000045776367,47.45798873901367,4754000.0
2022-03-23,USB,56.56999969482422,56.91999816894531,55.79999923706055,55.849998474121094,46.48419189453125,6456400.0
2022-03-24,USB,55.81999969482422,56.25,55.630001068115234,56.04999923706055,46.650657653808594,6459900.0
2022-03-25,USB,56.290000915527344,57.189998626708984,56.099998474121094,57.119998931884766,47.54121780395508,4079600.0
2022-03-28,USB,56.70000076293945,56.95000076293945,55.86000061035156,56.709999084472656,47.199974060058594,6882500.0
2022-03-29,USB,57.70000076293945,57.91999816894531,56.529998779296875,56.869998931884766,47.33314514160156,6182800.0
2022-03-30,USB,56.689998626708984,56.75,54.86000061035156,55.18000030517578,46.301063537597656,7908500.0
2022-03-31,USB,55.02000045776367,55.349998474121094,53.13999938964844,53.150001525878906,44.59770965576172,9511300.0
2022-04-01,USB,53.63999938964844,53.779998779296875,52.470001220703125,52.900001525878906,44.387935638427734,7514600.0
2022-04-04,USB,52.540000915527344,53.16999816894531,51.91999816894531,52.65999984741211,44.186553955078125,5616800.0
2022-04-05,USB,52.25,53.70000076293945,52.189998626708984,53.0,44.47184371948242,7370000.0
2022-04-06,USB,52.65999984741211,53.27000045776367,52.54999923706055,52.970001220703125,44.4466667175293,8299100.0
2022-04-07,USB,53.189998626708984,53.31999969482422,52.0,52.58000183105469,44.11942672729492,8656100.0
2022-04-08,USB,52.209999084472656,52.599998474121094,51.13999938964844,52.25,43.84252166748047,9974800.0
2022-04-11,USB,51.939998626708984,52.88999938964844,51.70000076293945,51.720001220703125,43.397804260253906,8520700.0
2022-04-12,USB,51.290000915527344,52.15999984741211,50.529998779296875,50.81999969482422,42.64262008666992,7387600.0
2022-04-13,USB,50.220001220703125,50.83000183105469,49.779998779296875,50.61000061035156,42.466407775878906,10788100.0
2022-04-14,USB,51.93000030517578,53.349998474121094,51.43000030517578,52.709999084472656,44.22850799560547,10824100.0
2022-04-18,USB,52.61000061035156,53.75,52.369998931884766,52.7400016784668,44.253684997558594,8468000.0
2022-04-19,USB,53.09000015258789,53.33000183105469,52.41999816894531,52.880001068115234,44.37114715576172,7707000.0
2022-04-20,USB,53.45000076293945,53.72999954223633,52.90999984741211,53.04999923706055,44.5137939453125,7978800.0
2022-04-21,USB,53.599998474121094,53.880001068115234,52.380001068115234,52.63999938964844,44.169769287109375,6745000.0
2022-04-22,USB,52.58000183105469,52.599998474121094,50.7599983215332,50.83000183105469,42.65101623535156,6300900.0
2022-04-25,USB,50.4900016784668,50.970001220703125,49.459999084472656,50.84000015258789,42.65940475463867,8400700.0
2022-04-26,USB,50.06999969482422,51.06999969482422,49.93000030517578,50.029998779296875,41.979740142822266,6488100.0
2022-04-27,USB,49.790000915527344,50.11000061035156,49.31999969482422,49.63999938964844,41.65249252319336,7795500.0
2022-04-28,USB,50.130001068115234,50.2599983215332,49.400001525878906,50.040000915527344,41.98813247680664,8219200.0
2022-04-29,USB,50.130001068115234,50.290000915527344,48.41999816894531,48.560001373291016,40.746280670166016,8803500.0
2022-05-02,USB,49.060001373291016,49.25,47.849998474121094,48.849998474121094,40.989620208740234,8139900.0
2022-05-03,USB,49.40999984741211,49.84000015258789,48.959999084472656,49.470001220703125,41.509849548339844,5843000.0
2022-05-04,USB,49.27000045776367,50.61000061035156,48.849998474121094,50.529998779296875,42.399288177490234,8092600.0
2022-05-05,USB,49.88999938964844,49.939998626708984,48.540000915527344,49.2400016784668,41.316856384277344,6861000.0
2022-05-06,USB,49.08000183105469,49.4900016784668,48.16999816894531,49.290000915527344,41.35881423950195,7779100.0
2022-05-09,USB,48.68000030517578,50.13999938964844,48.619998931884766,49.439998626708984,41.48467254638672,9513400.0
2022-05-10,USB,49.81999969482422,50.91999816894531,48.439998626708984,49.36000061035156,41.417545318603516,9607800.0
2022-05-11,USB,49.40999984741211,50.150001525878906,48.38999938964844,48.459999084472656,40.66236877441406,7711400.0
2022-05-12,USB,48.2400016784668,48.88999938964844,47.68000030517578,48.59000015258789,40.77145004272461,7743600.0
2022-05-13,USB,48.95000076293945,49.04999923706055,48.099998474121094,48.599998474121094,40.779842376708984,5588900.0
2022-05-16,USB,48.560001373291016,48.790000915527344,47.709999084472656,48.27000045776367,40.5029411315918,5956500.0
2022-05-17,USB,49.18000030517578,49.720001220703125,48.91999816894531,49.650001525878906,41.660884857177734,5589800.0
2022-05-18,USB,49.400001525878906,49.47999954223633,48.869998931884766,49.099998474121094,41.19939041137695,6481700.0
2022-05-19,USB,48.470001220703125,49.68000030517578,48.40999984741211,49.2400016784668,41.316856384277344,7078400.0
2022-05-20,USB,49.459999084472656,49.880001068115234,48.04999923706055,49.209999084472656,41.29168701171875,8463600.0
2022-05-23,USB,50.349998474121094,51.25,49.849998474121094,50.75,42.58388900756836,6472100.0
2022-05-24,USB,50.61000061035156,51.220001220703125,49.75,51.040000915527344,42.82721710205078,7000300.0
2022-05-25,USB,50.84000015258789,51.52000045776367,50.459999084472656,51.189998626708984,42.95307922363281,7374700.0
2022-05-26,USB,51.66999816894531,52.400001525878906,51.560001373291016,52.13999938964844,43.75022506713867,5799100.0
2022-05-27,USB,52.36000061035156,52.540000915527344,51.970001220703125,52.5,44.05228805541992,5645900.0
2022-05-31,USB,51.93000030517578,53.369998931884766,51.630001068115234,53.06999969482422,44.530582427978516,10600500.0
2022-06-01,USB,53.209999084472656,53.209999084472656,51.52000045776367,51.75,43.4229736328125,8293200.0
2022-06-02,USB,51.720001220703125,52.279998779296875,51.150001525878906,52.18000030517578,43.783790588378906,7882500.0
2022-06-03,USB,52.08000183105469,52.290000915527344,51.790000915527344,51.939998626708984,43.582401275634766,8820500.0
2022-06-06,USB,52.43000030517578,53.220001220703125,52.06999969482422,52.25,43.84252166748047,5009200.0
2022-06-07,USB,51.91999816894531,52.66999816894531,51.75,52.560001373291016,44.10264587402344,5080000.0
2022-06-08,USB,52.11000061035156,52.45000076293945,51.560001373291016,51.84000015258789,43.498497009277344,4409100.0
2022-06-09,USB,51.58000183105469,51.650001525878906,50.33000183105469,50.33000183105469,42.23147201538086,5307600.0
2022-06-10,USB,49.400001525878906,49.470001220703125,48.38999938964844,48.720001220703125,40.880531311035156,8450500.0
2022-06-13,USB,47.959999084472656,48.15999984741211,46.83000183105469,47.060001373291016,39.48764419555664,10676800.0
2022-06-14,USB,47.2599983215332,47.880001068115234,45.689998626708984,45.720001220703125,38.36325454711914,13689800.0
2022-06-15,USB,46.34000015258789,47.06999969482422,45.70000076293945,46.36000061035156,38.9002799987793,11557100.0
2022-06-16,USB,45.65999984741211,45.70000076293945,44.790000915527344,45.40999984741211,38.1031379699707,8390400.0
2022-06-17,USB,45.41999816894531,46.189998626708984,45.279998779296875,45.40999984741211,38.1031379699707,19038700.0
2022-06-21,USB,46.470001220703125,46.720001220703125,45.97999954223633,46.33000183105469,38.875099182128906,7722300.0
2022-06-22,USB,45.900001525878906,46.68000030517578,45.70000076293945,46.5,39.01774978637695,5875900.0
2022-06-23,USB,46.279998779296875,46.560001373291016,44.90999984741211,45.720001220703125,38.36325454711914,6328900.0
2022-06-24,USB,45.970001220703125,47.720001220703125,45.880001068115234,47.52000045776367,39.87362289428711,6925000.0
2022-06-27,USB,47.689998626708984,47.779998779296875,46.959999084472656,47.25,39.647064208984375,7078400.0
2022-06-28,USB,47.720001220703125,48.20000076293945,46.70000076293945,46.88999938964844,39.344993591308594,6401600.0
2022-06-29,USB,46.5099983215332,46.83000183105469,45.88999938964844,46.119998931884766,39.082305908203125,4975300.0
2022-06-30,USB,45.27000045776367,46.41999816894531,44.81999969482422,46.02000045776367,38.997554779052734,6233200.0
2022-07-01,USB,45.86000061035156,46.7400016784668,45.380001068115234,46.59000015258789,39.48058319091797,5398000.0
2022-07-05,USB,45.650001525878906,46.47999954223633,45.209999084472656,46.459999084472656,39.37041473388672,4883600.0
2022-07-06,USB,46.20000076293945,46.869998931884766,45.880001068115234,46.5,39.40431213378906,5701700.0
2022-07-07,USB,46.88999938964844,47.2400016784668,46.65999984741211,46.7599983215332,39.6246337890625,3679900.0
2022-07-08,USB,46.959999084472656,47.099998474121094,46.34000015258789,46.529998779296875,39.42972946166992,3546700.0
2022-07-11,USB,46.08000183105469,46.5,45.959999084472656,46.349998474121094,39.27720260620117,4641300.0
2022-07-12,USB,45.869998931884766,46.83000183105469,45.7599983215332,46.20000076293945,39.15009307861328,4137100.0
2022-07-13,USB,45.77000045776367,45.83000183105469,44.63999938964844,45.31999969482422,38.40437698364258,5460300.0
2022-07-14,USB,44.22999954223633,44.459999084472656,43.75,44.25,37.49764633178711,7298300.0
2022-07-15,USB,45.5,47.0099983215332,44.93000030517578,46.56999969482422,39.4636344909668,8608200.0
2022-07-18,USB,47.02000045776367,47.59000015258789,46.5099983215332,46.68000030517578,39.556846618652344,7435000.0
2022-07-19,USB,47.310001373291016,47.709999084472656,46.959999084472656,47.459999084472656,40.21781921386719,5684000.0
2022-07-20,USB,47.09000015258789,47.310001373291016,46.5099983215332,47.04999923706055,39.87038040161133,6130600.0
2022-07-21,USB,46.970001220703125,47.66999816894531,46.75,47.61000061035156,40.344932556152344,6619400.0
2022-07-22,USB,47.470001220703125,47.939998626708984,47.310001373291016,47.709999084472656,40.42967224121094,5009100.0
2022-07-25,USB,48.25,48.5,47.65999984741211,48.04999923706055,40.7177848815918,4054100.0
2022-07-26,USB,47.689998626708984,48.33000183105469,47.220001220703125,47.41999816894531,40.183921813964844,4995000.0
2022-07-27,USB,47.709999084472656,48.38999938964844,47.25,48.209999084472656,40.85337448120117,5456900.0
2022-07-28,USB,48.119998931884766,48.41999816894531,45.81999969482422,46.119998931884766,39.082305908203125,13267900.0
2022-07-29,USB,46.25,47.59000015258789,46.099998474121094,47.20000076293945,39.997493743896484,7705100.0
2022-08-01,USB,46.849998474121094,47.689998626708984,46.4900016784668,47.5099983215332,40.26018524169922,7322900.0
2022-08-02,USB,47.36000061035156,47.439998626708984,46.63999938964844,46.93000030517578,39.76869583129883,6532800.0
2022-08-03,USB,47.38999938964844,47.83000183105469,47.0099983215332,47.65999984741211,40.387298583984375,5691100.0
2022-08-04,USB,47.599998474121094,47.939998626708984,47.060001373291016,47.06999969482422,39.8873291015625,6531300.0
2022-08-05,USB,46.9900016784668,47.86000061035156,46.86000061035156,47.38999938964844,40.15850830078125,4061100.0
2022-08-08,USB,47.86000061035156,47.900001525878906,46.720001220703125,46.95000076293945,39.78564453125,5316000.0
2022-08-09,USB,47.2599983215332,47.33000183105469,46.86000061035156,47.18000030517578,39.98054122924805,3947700.0
2022-08-10,USB,47.720001220703125,48.02000045776367,47.43000030517578,47.869998931884766,40.56525802612305,6098100.0
2022-08-11,USB,48.380001068115234,48.79999923706055,48.099998474121094,48.439998626708984,41.048274993896484,6171600.0
2022-08-12,USB,48.560001373291016,48.90999984741211,48.31999969482422,48.77000045776367,41.32792282104492,6432000.0
2022-08-15,USB,48.310001373291016,49.220001220703125,48.16999816894531,49.08000183105469,41.590614318847656,4947700.0
2022-08-16,USB,48.75,49.68000030517578,48.689998626708984,49.29999923706055,41.77704620361328,4790100.0
2022-08-17,USB,48.70000076293945,49.380001068115234,48.619998931884766,49.029998779296875,41.54824447631836,5553200.0
2022-08-18,USB,48.79999923706055,49.040000915527344,48.5099983215332,49.0099983215332,41.53129959106445,5400400.0
2022-08-19,USB,48.58000183105469,48.72999954223633,48.27000045776367,48.61000061035156,41.19233703613281,7197200.0
2022-08-22,USB,47.869998931884766,47.880001068115234,47.349998474121094,47.599998474121094,40.33645248413086,5816700.0
2022-08-23,USB,47.630001068115234,47.880001068115234,47.279998779296875,47.40999984741211,40.17544937133789,4411500.0
2022-08-24,USB,47.099998474121094,47.34000015258789,46.810001373291016,47.189998626708984,39.989017486572266,4620800.0
2022-08-25,USB,47.31999969482422,47.95000076293945,46.939998626708984,47.7599983215332,40.472042083740234,5296700.0
2022-08-26,USB,47.91999816894531,48.060001373291016,46.470001220703125,46.4900016784668,39.395843505859375,5070200.0
2022-08-29,USB,46.2599983215332,46.41999816894531,45.81999969482422,46.099998474121094,39.06534957885742,3650000.0
2022-08-30,USB,46.349998474121094,46.380001068115234,45.630001068115234,45.90999984741211,38.90433883666992,5105500.0
2022-08-31,USB,46.11000061035156,46.13999938964844,45.540000915527344,45.61000061035156,38.65012741088867,6239800.0
2022-09-01,USB,45.54999923706055,45.900001525878906,45.0099983215332,45.869998931884766,38.870445251464844,4920600.0
2022-09-02,USB,46.38999938964844,46.7599983215332,45.36000061035156,45.54999923706055,38.599273681640625,5980400.0
2022-09-06,USB,45.84000015258789,45.84000015258789,44.79999923706055,45.31999969482422,38.40437698364258,5331500.0
2022-09-07,USB,45.06999969482422,46.06999969482422,44.970001220703125,45.90999984741211,38.90433883666992,6431900.0
2022-09-08,USB,45.689998626708984,47.06999969482422,45.43000030517578,47.04999923706055,39.87038040161133,7275500.0
2022-09-09,USB,47.220001220703125,47.75,47.18000030517578,47.58000183105469,40.31950759887695,6730400.0
2022-09-12,USB,47.84000015258789,48.04999923706055,47.400001525878906,47.560001373291016,40.30256652832031,7251000.0
2022-09-13,USB,46.7400016784668,46.7599983215332,45.02000045776367,45.18000030517578,38.285736083984375,8109500.0
2022-09-14,USB,45.38999938964844,45.4900016784668,44.439998626708984,45.099998474121094,38.21794509887695,6664300.0
2022-09-15,USB,45.27000045776367,46.11000061035156,45.150001525878906,45.869998931884766,38.870445251464844,12610800.0
2022-09-16,USB,45.619998931884766,46.08000183105469,45.18000030517578,45.869998931884766,38.870445251464844,20653500.0
2022-09-19,USB,45.310001373291016,46.400001525878906,45.150001525878906,46.150001525878906,39.107723236083984,9303700.0
2022-09-20,USB,45.72999954223633,45.81999969482422,44.59000015258789,44.9900016784668,38.124732971191406,8930300.0
2022-09-21,USB,45.060001373291016,45.43000030517578,43.91999816894531,43.93000030517578,37.226478576660156,7051600.0
2022-09-22,USB,44.06999969482422,44.209999084472656,43.0,43.029998779296875,36.46381759643555,6923700.0
2022-09-23,USB,42.619998931884766,42.88999938964844,41.54999923706055,42.119998931884766,35.69268035888672,8185500.0
2022-09-26,USB,41.720001220703125,42.15999984741211,40.75,41.060001373291016,34.794429779052734,16533100.0
2022-09-27,USB,41.5099983215332,41.54999923706055,40.650001525878906,40.959999084472656,34.70969009399414,9556400.0
2022-09-28,USB,40.91999816894531,41.72999954223633,40.810001373291016,41.41999816894531,35.0994987487793,11278100.0
2022-09-29,USB,40.52000045776367,41.09000015258789,40.310001373291016,40.72999954223633,34.919456481933594,7888900.0
2022-09-30,USB,40.779998779296875,41.209999084472656,40.27000045776367,40.31999969482422,34.56795120239258,9457900.0
2022-10-03,USB,40.84000015258789,41.75,40.369998931884766,41.56999969482422,35.639625549316406,8790300.0
2022-10-04,USB,42.189998626708984,42.779998779296875,42.0,42.630001068115234,36.54840850830078,14653400.0
2022-10-05,USB,42.0099983215332,42.400001525878906,41.84000015258789,42.20000076293945,36.179744720458984,6552600.0
2022-10-06,USB,41.7599983215332,42.060001373291016,41.060001373291016,41.08000183105469,35.21952819824219,8528700.0
2022-10-07,USB,40.81999969482422,40.93000030517578,39.970001220703125,40.20000076293945,34.46506118774414,8696600.0
2022-10-10,USB,40.400001525878906,40.59000015258789,39.66999816894531,39.83000183105469,34.14785385131836,6396100.0
2022-10-11,USB,39.540000915527344,39.54999923706055,38.63999938964844,38.790000915527344,33.25621795654297,8990600.0
2022-10-12,USB,38.7599983215332,39.47999954223633,38.59000015258789,39.11000061035156,33.53056716918945,10853700.0
2022-10-13,USB,38.59000015258789,41.5099983215332,38.38999938964844,41.369998931884766,35.46815872192383,15853300.0
2022-10-14,USB,42.150001525878906,43.290000915527344,41.66999816894531,42.7599983215332,36.659854888916016,19272100.0
2022-10-17,USB,43.880001068115234,44.150001525878906,42.27000045776367,42.63999938964844,36.55697250366211,21456500.0
2022-10-18,USB,43.41999816894531,43.65999984741211,42.31999969482422,42.79999923706055,36.694149017333984,16113000.0
2022-10-19,USB,42.36000061035156,42.65999984741211,41.11000061035156,41.2599983215332,35.373844146728516,10203600.0
2022-10-20,USB,41.40999984741211,41.65999984741211,39.90999984741211,40.0099983215332,34.30216598510742,10508000.0
2022-10-21,USB,39.86000061035156,40.70000076293945,39.56999969482422,40.5099983215332,34.730838775634766,12851600.0
2022-10-24,USB,40.689998626708984,41.52000045776367,40.45000076293945,41.130001068115234,35.262393951416016,9553700.0
2022-10-25,USB,40.65999984741211,42.09000015258789,40.560001373291016,42.0099983215332,36.016849517822266,13055400.0
2022-10-26,USB,42.0,42.619998931884766,41.95000076293945,42.38999938964844,36.34264373779297,10211800.0
2022-10-27,USB,42.70000076293945,42.970001220703125,42.02000045776367,42.08000183105469,36.07686996459961,7810200.0
2022-10-28,USB,42.15999984741211,42.93000030517578,41.97999954223633,42.86000061035156,36.7455940246582,7775500.0
2022-10-31,USB,42.52000045776367,42.959999084472656,42.41999816894531,42.45000076293945,36.39408493041992,11723800.0
2022-11-01,USB,42.79999923706055,43.15999984741211,42.310001373291016,42.880001068115234,36.76274108886719,8043500.0
2022-11-02,USB,42.58000183105469,43.150001525878906,41.72999954223633,41.75,35.79393768310547,9264600.0
2022-11-03,USB,41.18000030517578,41.79999923706055,40.56999969482422,41.5,35.5796012878418,12857000.0
2022-11-04,USB,41.97999954223633,42.88999938964844,41.97999954223633,42.83000183105469,36.71987533569336,13759400.0
2022-11-07,USB,43.20000076293945,43.599998474121094,42.7599983215332,43.529998779296875,37.32000732421875,12207000.0
2022-11-08,USB,43.75,44.36000061035156,43.470001220703125,44.16999816894531,37.868709564208984,12794700.0
2022-11-09,USB,43.790000915527344,43.880001068115234,43.15999984741211,43.2400016784668,37.07138442993164,9423000.0
2022-11-10,USB,44.0,45.02000045776367,43.90999984741211,44.869998931884766,38.468849182128906,14064600.0
2022-11-11,USB,44.439998626708984,45.04999923706055,44.439998626708984,44.91999816894531,38.51171112060547,10692700.0
2022-11-14,USB,44.959999084472656,45.060001373291016,43.810001373291016,43.849998474121094,37.594356536865234,8209800.0
2022-11-15,USB,44.4900016784668,44.529998779296875,43.31999969482422,43.77000045776367,37.52576446533203,11171700.0
2022-11-16,USB,43.7599983215332,43.810001373291016,42.81999969482422,42.93000030517578,36.80560302734375,9896200.0
2022-11-17,USB,42.439998626708984,42.83000183105469,42.33000183105469,42.77000045776367,36.668434143066406,6376600.0
2022-11-18,USB,43.34000015258789,43.4900016784668,42.88999938964844,43.380001068115234,37.19140625,6159700.0
2022-11-21,USB,43.369998931884766,43.84000015258789,43.2599983215332,43.38999938964844,37.199974060058594,9331900.0
2022-11-22,USB,43.540000915527344,43.95000076293945,43.45000076293945,43.90999984741211,37.64579772949219,6999000.0
2022-11-23,USB,43.93000030517578,44.15999984741211,43.81999969482422,44.11000061035156,37.81726837158203,6225700.0
2022-11-25,USB,44.25,44.38999938964844,44.060001373291016,44.2599983215332,37.945865631103516,2564600.0
2022-11-28,USB,43.9900016784668,44.290000915527344,43.63999938964844,43.7400016784668,37.50004959106445,6790600.0
2022-11-29,USB,43.79999923706055,44.619998931884766,43.70000076293945,44.59000015258789,38.228790283203125,7854200.0
2022-11-30,USB,44.439998626708984,45.52000045776367,43.720001220703125,45.38999938964844,38.91465759277344,11688600.0
2022-12-01,USB,45.38999938964844,45.540000915527344,44.849998474121094,45.349998474121094,38.880367279052734,8492700.0
2022-12-02,USB,45.15999984741211,45.72999954223633,45.08000183105469,45.63999938964844,39.12900161743164,10786800.0
2022-12-05,USB,45.63999938964844,45.689998626708984,43.619998931884766,43.90999984741211,37.64579772949219,13725400.0
2022-12-06,USB,43.959999084472656,44.060001373291016,42.22999954223633,42.939998626708984,36.81417465209961,9642300.0
2022-12-07,USB,42.7599983215332,43.900001525878906,42.470001220703125,43.560001373291016,37.34573745727539,10132800.0
2022-12-08,USB,43.619998931884766,43.66999816894531,43.029998779296875,43.560001373291016,37.34573745727539,6989000.0
2022-12-09,USB,43.36000061035156,43.79999923706055,43.029998779296875,43.11000061035156,36.959930419921875,9097600.0
2022-12-12,USB,43.20000076293945,43.61000061035156,42.61000061035156,43.459999084472656,37.25999450683594,10695700.0
2022-12-13,USB,44.52000045776367,44.939998626708984,43.90999984741211,44.25,37.937286376953125,15543000.0
2022-12-14,USB,44.08000183105469,44.2599983215332,42.97999954223633,43.290000915527344,37.1142463684082,11240400.0
2022-12-15,USB,42.650001525878906,43.040000915527344,42.40999984741211,42.84000015258789,36.72843933105469,10229200.0
2022-12-16,USB,42.5,42.79999923706055,41.83000183105469,42.150001525878906,36.136878967285156,19310900.0
2022-12-19,USB,42.099998474121094,42.65999984741211,41.599998474121094,41.95000076293945,35.96540832519531,11789100.0
2022-12-20,USB,42.11000061035156,42.279998779296875,41.810001373291016,41.93000030517578,35.94826889038086,14209000.0
2022-12-21,USB,42.20000076293945,43.0,42.15999984741211,42.709999084472656,36.61699676513672,9456300.0
2022-12-22,USB,42.47999954223633,42.849998474121094,42.25,42.849998474121094,36.73701477050781,12427700.0
2022-12-23,USB,42.83000183105469,43.290000915527344,42.72999954223633,43.20000076293945,37.03708267211914,6931000.0
2022-12-27,USB,43.349998474121094,43.75,43.119998931884766,43.650001525878906,37.42288589477539,7504200.0
2022-12-28,USB,43.720001220703125,43.81999969482422,43.08000183105469,43.349998474121094,37.16568374633789,6379600.0
2022-12-29,USB,42.970001220703125,43.630001068115234,42.83000183105469,43.56999969482422,37.772544860839844,5956300.0
2022-12-30,USB,43.400001525878906,43.79999923706055,43.279998779296875,43.61000061035156,37.80722427368164,5737900.0
2023-01-03,USB,44.20000076293945,45.029998779296875,44.08000183105469,44.63999938964844,38.70016860961914,12795900.0
2023-01-04,USB,45.11000061035156,46.400001525878906,45.11000061035156,46.029998779296875,39.905208587646484,16338400.0
2023-01-05,USB,45.86000061035156,46.0,45.060001373291016,45.66999816894531,39.59310531616211,8364000.0
2023-01-06,USB,46.0,46.4900016784668,45.41999816894531,46.310001373291016,40.14795684814453,8198300.0
2023-01-09,USB,46.40999984741211,46.79999923706055,46.119998931884766,46.61000061035156,40.40803909301758,13170700.0
2023-01-10,USB,46.75,46.900001525878906,45.959999084472656,46.65999984741211,40.451385498046875,13631800.0
2023-01-11,USB,46.90999984741211,47.33000183105469,46.720001220703125,47.11000061035156,40.841514587402344,8704900.0
2023-01-12,USB,47.45000076293945,48.029998779296875,47.29999923706055,47.59000015258789,41.25764083862305,8934000.0
2023-01-13,USB,46.869998931884766,47.400001525878906,46.43000030517578,47.33000183105469,41.032230377197266,8150600.0
2023-01-17,USB,47.58000183105469,47.7400016784668,46.810001373291016,47.439998626708984,41.12760543823242,10150000.0
2023-01-18,USB,47.029998779296875,47.290000915527344,45.7599983215332,45.810001373291016,39.7144889831543,8376700.0
2023-01-19,USB,45.400001525878906,45.939998626708984,44.91999816894531,45.630001068115234,39.558433532714844,9136600.0
2023-01-20,USB,45.75,46.470001220703125,45.349998474121094,46.459999084472656,40.27799987792969,8030400.0
2023-01-23,USB,46.68000030517578,47.689998626708984,46.540000915527344,47.66999816894531,41.326988220214844,8136000.0
2023-01-24,USB,47.75,47.79999923706055,46.459999084472656,46.66999816894531,40.460060119628906,12459200.0
2023-01-25,USB,46.90999984741211,49.68000030517578,46.880001068115234,49.150001525878906,42.61006546020508,12238500.0
2023-01-26,USB,49.68000030517578,49.95000076293945,48.33000183105469,48.70000076293945,42.21994400024414,8316100.0
2023-01-27,USB,48.619998931884766,48.88999938964844,48.18000030517578,48.86000061035156,42.358646392822266,6568200.0
2023-01-30,USB,48.56999969482422,49.34000015258789,48.540000915527344,48.79999923706055,42.3066291809082,5943200.0
2023-01-31,USB,48.84000015258789,49.810001373291016,48.59000015258789,49.79999923706055,43.17357635498047,7714000.0
2023-02-01,USB,49.2400016784668,49.93000030517578,49.0,49.220001220703125,42.670745849609375,7611100.0
2023-02-02,USB,49.470001220703125,49.650001525878906,48.939998626708984,49.150001525878906,42.61006546020508,6819800.0
2023-02-03,USB,48.81999969482422,49.619998931884766,48.709999084472656,49.29999923706055,42.7401123046875,6579400.0
2023-02-06,USB,48.939998626708984,49.130001068115234,48.65999984741211,48.95000076293945,42.43667221069336,4997600.0
2023-02-07,USB,48.65999984741211,49.79999923706055,48.63999938964844,49.66999816894531,43.060874938964844,5809100.0
2023-02-08,USB,49.130001068115234,49.66999816894531,48.95000076293945,49.06999969482422,42.54071044921875,5810000.0
2023-02-09,USB,49.38999938964844,49.5,48.560001373291016,48.77000045776367,42.28063201904297,5870500.0
2023-02-10,USB,48.599998474121094,48.88999938964844,48.34000015258789,48.70000076293945,42.21994400024414,5357300.0
2023-02-13,USB,48.66999816894531,49.099998474121094,48.619998931884766,49.09000015258789,42.558048248291016,4906200.0
2023-02-14,USB,49.099998474121094,49.290000915527344,48.77000045776367,49.130001068115234,42.59272766113281,4889500.0
2023-02-15,USB,48.849998474121094,49.11000061035156,48.65999984741211,49.08000183105469,42.549381256103516,4227900.0
2023-02-16,USB,48.790000915527344,48.939998626708984,48.400001525878906,48.54999923706055,42.08989715576172,4900000.0
2023-02-17,USB,48.41999816894531,48.66999816894531,48.20000076293945,48.599998474121094,42.13325119018555,5191900.0
2023-02-21,USB,48.20000076293945,48.2599983215332,47.33000183105469,47.689998626708984,41.344329833984375,5793100.0
2023-02-22,USB,47.70000076293945,47.869998931884766,47.34000015258789,47.540000915527344,41.21429443359375,4583300.0
2023-02-23,USB,47.869998931884766,48.11000061035156,47.310001373291016,47.720001220703125,41.37034225463867,4319300.0
2023-02-24,USB,47.209999084472656,47.709999084472656,47.029998779296875,47.63999938964844,41.30098342895508,4141500.0
2023-02-27,USB,47.93000030517578,48.2400016784668,47.47999954223633,47.58000183105469,41.24897384643555,4260200.0
2023-02-28,USB,47.70000076293945,48.04999923706055,47.58000183105469,47.72999954223633,41.37900924682617,6209100.0
2023-03-01,USB,47.189998626708984,47.45000076293945,46.900001525878906,47.310001373291016,41.014896392822266,7123400.0
2023-03-02,USB,47.18000030517578,47.18000030517578,45.900001525878906,46.310001373291016,40.14795684814453,6437000.0
2023-03-03,USB,46.52000045776367,47.15999984741211,46.380001068115234,47.11000061035156,40.841514587402344,4566900.0
2023-03-06,USB,47.18000030517578,47.560001373291016,47.0,47.119998931884766,40.85017395019531,5604200.0
2023-03-07,USB,46.790000915527344,46.810001373291016,45.470001220703125,45.599998474121094,39.53243637084961,6072200.0
2023-03-08,USB,45.54999923706055,46.02000045776367,45.2400016784668,45.4900016784668,39.43706130981445,4651200.0
2023-03-09,USB,45.11000061035156,45.20000076293945,42.16999816894531,42.29999923706055,36.67152404785156,10961800.0
2023-03-10,USB,40.880001068115234,42.060001373291016,39.619998931884766,40.619998931884766,35.2150764465332,23573700.0
2023-03-13,USB,38.04999923706055,38.400001525878906,36.130001068115234,36.540000915527344,31.677961349487305,36746000.0
2023-03-14,USB,39.119998931884766,39.68000030517578,36.900001525878906,37.5099983215332,32.518890380859375,28999400.0
2023-03-15,USB,36.29999923706055,36.97999954223633,35.15999984741211,35.439998626708984,30.72432518005371,33125800.0
2023-03-16,USB,35.20000076293945,36.540000915527344,32.720001220703125,36.36000061035156,31.52191162109375,51459200.0
2023-03-17,USB,35.5,35.61000061035156,32.869998931884766,32.95000076293945,28.565649032592773,56442900.0
2023-03-20,USB,34.529998779296875,35.380001068115234,33.810001373291016,34.45000076293945,29.866064071655273,43046500.0
2023-03-21,USB,36.0,37.849998474121094,35.79999923706055,37.52000045776367,32.52756118774414,34821400.0
2023-03-22,USB,37.5,37.529998779296875,34.77000045776367,34.790000915527344,30.16081428527832,28376900.0
2023-03-23,USB,35.029998779296875,36.09000015258789,34.720001220703125,35.060001373291016,30.394895553588867,26061900.0
2023-03-24,USB,34.34000015258789,34.939998626708984,34.0099983215332,34.900001525878906,30.256183624267578,18619300.0
2023-03-27,USB,36.66999816894531,37.099998474121094,34.79999923706055,34.869998931884766,30.23016929626465,19966700.0
2023-03-28,USB,34.77000045776367,35.619998931884766,34.47999954223633,35.560001373291016,30.828359603881836,15681700.0
2023-03-29,USB,36.060001373291016,36.31999969482422,35.7400016784668,36.220001220703125,31.40053939819336,14776400.0
2023-03-30,USB,36.18000030517578,36.52000045776367,35.15999984741211,35.45000076293945,31.145748138427734,13539900.0
2023-03-31,USB,35.810001373291016,36.060001373291016,35.099998474121094,36.04999923706055,31.67290496826172,15541700.0
2023-04-03,USB,36.20000076293945,36.439998626708984,35.54999923706055,35.63999938964844,31.31267547607422,12209800.0
2023-04-04,USB,36.189998626708984,36.33000183105469,34.52000045776367,35.060001373291016,30.80310821533203,12238700.0
2023-04-05,USB,34.83000183105469,35.2599983215332,34.47999954223633,35.11000061035156,30.847034454345703,12734700.0
2023-04-06,USB,35.25,36.25,35.20000076293945,35.75,31.409330368041992,12008400.0
2023-04-10,USB,35.79999923706055,36.2400016784668,35.47999954223633,35.61000061035156,31.286325454711914,10547700.0
2023-04-11,USB,35.63999938964844,35.84000015258789,35.45000076293945,35.529998779296875,31.216035842895508,11927800.0
2023-04-12,USB,35.779998779296875,36.029998779296875,34.970001220703125,35.400001525878906,31.10181999206543,11586300.0
2023-04-13,USB,35.33000183105469,35.38999938964844,34.72999954223633,35.380001068115234,31.084251403808594,12799100.0
2023-04-14,USB,36.20000076293945,36.29999923706055,34.869998931884766,34.970001220703125,30.724031448364258,16186300.0
2023-04-17,USB,34.79999923706055,35.61000061035156,33.939998626708984,35.59000015258789,31.26875114440918,22419300.0
2023-04-18,USB,35.599998474121094,35.61000061035156,34.630001068115234,35.189998626708984,30.917316436767578,19052200.0
2023-04-19,USB,35.5099983215332,36.119998931884766,34.70000076293945,36.0099983215332,31.637752532958984,20970200.0
2023-04-20,USB,35.45000076293945,35.45000076293945,34.130001068115234,34.7599983215332,30.539525985717773,21609500.0
2023-04-21,USB,34.290000915527344,34.34000015258789,32.61000061035156,33.52000045776367,29.450090408325195,28303000.0
2023-04-24,USB,33.27000045776367,33.40999984741211,32.54999923706055,32.790000915527344,28.808719635009766,16238100.0
2023-04-25,USB,32.400001525878906,32.939998626708984,31.299999237060547,31.770000457763672,27.912569046020508,22540100.0
2023-04-26,USB,31.68000030517578,32.060001373291016,31.260000228881836,31.520000457763672,27.692920684814453,17133300.0
2023-04-27,USB,31.600000381469727,32.75,31.479999542236328,32.56999969482422,28.615428924560547,19428200.0
2023-04-28,USB,32.20000076293945,34.52000045776367,31.950000762939453,34.279998779296875,30.11781120300293,25219300.0
2023-05-01,USB,34.25,34.33000183105469,32.93000030517578,32.939998626708984,28.940507888793945,19095200.0
2023-05-02,USB,32.939998626708984,32.939998626708984,30.40999984741211,30.6299991607666,26.910980224609375,28994600.0
2023-05-03,USB,30.790000915527344,31.1200008392334,29.65999984741211,29.799999237060547,26.181758880615234,23759800.0
2023-05-04,USB,28.5,29.700000762939453,27.270000457763672,28.979999542236328,25.461320877075195,48099600.0
2023-05-05,USB,30.68000030517578,31.309999465942383,29.6299991607666,30.739999771118164,27.007627487182617,28236700.0
2023-05-08,USB,31.510000228881836,31.600000381469727,29.68000030517578,29.739999771118164,26.12904167175293,22304300.0
2023-05-09,USB,29.399999618530273,30.25,29.010000228881836,29.90999984741211,26.278404235839844,18209200.0
2023-05-10,USB,30.600000381469727,30.649999618530273,28.899999618530273,29.450000762939453,25.874252319335938,14492700.0
2023-05-11,USB,29.0,29.290000915527344,28.530000686645508,28.920000076293945,25.408605575561523,16413400.0
2023-05-12,USB,29.239999771118164,29.34000015258789,28.739999771118164,29.1299991607666,25.593107223510742,16870700.0
2023-05-15,USB,29.15999984741211,29.790000915527344,29.06999969482422,29.649999618530273,26.049970626831055,12671600.0
2023-05-16,USB,29.5,29.75,28.670000076293945,28.68000030517578,25.19774627685547,14997200.0
2023-05-17,USB,29.0,30.5,28.93000030517578,30.450000762939453,26.752836227416992,22429700.0
2023-05-18,USB,30.239999771118164,30.559999465942383,29.889999389648438,30.489999771118164,26.787981033325195,13204600.0
2023-05-19,USB,30.65999984741211,30.889999389648438,29.75,30.110000610351562,26.45412254333496,15001500.0
2023-05-22,USB,30.540000915527344,31.079999923706055,30.06999969482422,30.90999984741211,27.156982421875,11974600.0
2023-05-23,USB,31.0,32.099998474121094,31.0,31.139999389648438,27.359058380126953,13952200.0
2023-05-24,USB,30.829999923706055,31.25,30.399999618530273,30.809999465942383,27.069129943847656,11120700.0
2023-05-25,USB,30.559999465942383,30.829999923706055,30.15999984741211,30.510000228881836,26.80555534362793,11948300.0
2023-05-26,USB,30.579999923706055,30.790000915527344,30.290000915527344,30.670000076293945,26.946125030517578,9267000.0
2023-05-30,USB,30.8700008392334,31.09000015258789,30.0,30.65999984741211,26.93734359741211,12907300.0
2023-05-31,USB,30.149999618530273,30.34000015258789,29.399999618530273,29.899999618530273,26.269617080688477,31032900.0
2023-06-01,USB,30.100000381469727,30.600000381469727,29.329999923706055,30.520000457763672,26.814340591430664,12319400.0
2023-06-02,USB,31.0,31.989999771118164,30.75,31.739999771118164,27.886207580566406,13744000.0
2023-06-05,USB,31.8700008392334,31.8700008392334,31.020000457763672,31.219999313354492,27.429344177246094,10644900.0
2023-06-06,USB,31.229999542236328,32.79999923706055,31.1299991607666,32.630001068115234,28.668149948120117,13876500.0
2023-06-07,USB,32.7400016784668,33.400001525878906,32.41999816894531,33.2599983215332,29.221651077270508,13860500.0
2023-06-08,USB,33.099998474121094,33.27000045776367,32.5,33.060001373291016,29.045940399169922,12063700.0
2023-06-09,USB,33.0,33.36000061035156,32.689998626708984,32.86000061035156,28.870222091674805,10586200.0
2023-06-12,USB,32.709999084472656,33.349998474121094,31.520000457763672,32.15999984741211,28.255216598510742,15560400.0
2023-06-13,USB,32.08000183105469,33.310001373291016,31.75,32.70000076293945,28.729652404785156,20543600.0
2023-06-14,USB,33.0,33.439998626708984,31.889999389648438,32.099998474121094,28.202497482299805,17832200.0
2023-06-15,USB,32.20000076293945,33.41999816894531,31.950000762939453,33.290000915527344,29.248014450073242,16315500.0
2023-06-16,USB,33.4900016784668,33.61000061035156,33.0,33.45000076293945,29.388582229614258,30118200.0
2023-06-20,USB,33.040000915527344,33.689998626708984,32.66999816894531,33.58000183105469,29.502803802490234,19540400.0
2023-06-21,USB,33.65999984741211,33.81999969482422,33.209999084472656,33.43000030517578,29.371015548706055,13570700.0
2023-06-22,USB,33.45000076293945,33.47999954223633,32.13999938964844,32.22999954223633,28.316713333129883,13292400.0
2023-06-23,USB,31.989999771118164,32.5099983215332,31.829999923706055,31.8799991607666,28.00920867919922,20701400.0
2023-06-26,USB,31.8700008392334,32.52000045776367,31.8700008392334,32.31999969482422,28.395784378051758,11249000.0
2023-06-27,USB,32.290000915527344,32.689998626708984,31.84000015258789,32.54999923706055,28.597862243652344,9776300.0
2023-06-28,USB,32.56999969482422,32.56999969482422,31.950000762939453,32.31999969482422,28.395784378051758,11215400.0
2023-06-29,USB,32.18000030517578,32.7599983215332,32.029998779296875,32.7599983215332,29.216266632080078,12479700.0
2023-06-30,USB,33.209999084472656,33.5,32.849998474121094,33.040000915527344,29.46598243713379,15139600.0
2023-07-03,USB,33.15999984741211,33.779998779296875,33.13999938964844,33.58000183105469,29.947572708129883,6483800.0
2023-07-05,USB,33.33000183105469,33.7400016784668,33.02000045776367,33.529998779296875,29.902973175048828,10355100.0
2023-07-06,USB,33.0,33.060001373291016,32.04999923706055,32.9900016784668,29.421390533447266,12008400.0
2023-07-07,USB,32.86000061035156,33.79999923706055,32.84000015258789,33.540000915527344,29.91189956665039,9052900.0
2023-07-10,USB,33.220001220703125,33.83000183105469,33.150001525878906,33.7400016784668,30.090259552001953,11720200.0
2023-07-11,USB,34.5099983215332,35.18000030517578,34.06999969482422,34.91999816894531,31.142614364624023,15972800.0
2023-07-12,USB,35.650001525878906,36.220001220703125,35.08000183105469,35.11000061035156,31.31206512451172,11534400.0
2023-07-13,USB,35.33000183105469,35.900001525878906,35.2599983215332,35.810001373291016,31.936349868774414,10710800.0
2023-07-14,USB,36.09000015258789,36.209999084472656,35.2400016784668,35.33000183105469,31.508264541625977,13063800.0
2023-07-17,USB,35.2400016784668,35.45000076293945,35.0099983215332,35.2599983215332,31.445833206176758,13412200.0
2023-07-18,USB,35.38999938964844,36.560001373291016,35.33000183105469,36.54999923706055,32.596290588378906,15103000.0
2023-07-19,USB,36.380001068115234,39.27000045776367,35.630001068115234,38.90999984741211,34.70100784301758,32807000.0
2023-07-20,USB,38.560001373291016,39.15999984741211,38.279998779296875,39.13999938964844,34.906131744384766,19108600.0
2023-07-21,USB,39.20000076293945,39.22999954223633,38.369998931884766,38.41999816894531,34.26401138305664,16354800.0
2023-07-24,USB,38.560001373291016,39.43000030517578,38.459999084472656,39.2599983215332,35.013153076171875,12796800.0
2023-07-25,USB,39.189998626708984,39.31999969482422,37.779998779296875,37.86000061035156,33.764591217041016,14708700.0
2023-07-26,USB,38.439998626708984,39.060001373291016,38.290000915527344,38.88999938964844,34.68316650390625,13001200.0
2023-07-27,USB,39.09000015258789,39.41999816894531,38.7400016784668,38.81999969482422,34.62074279785156,16144800.0
2023-07-28,USB,39.189998626708984,39.54999923706055,38.75,39.540000915527344,35.262855529785156,11512000.0
2023-07-31,USB,39.75,39.88999938964844,39.310001373291016,39.68000030517578,35.38771057128906,12237800.0
2023-08-01,USB,39.439998626708984,39.52000045776367,38.470001220703125,38.709999084472656,34.52264404296875,11884300.0
2023-08-02,USB,38.0099983215332,38.5099983215332,37.63999938964844,38.43000030517578,34.272926330566406,9943800.0
2023-08-03,USB,38.33000183105469,39.61000061035156,38.04999923706055,39.45000076293945,35.18259811401367,14718800.0
2023-08-04,USB,39.34000015258789,40.45000076293945,39.2400016784668,39.86000061035156,35.54824447631836,14108500.0
2023-08-07,USB,39.93000030517578,40.25,39.86000061035156,40.119998931884766,35.78012466430664,8022300.0
2023-08-08,USB,37.7400016784668,40.31999969482422,37.7400016784668,40.22999954223633,35.87822341918945,15354100.0
2023-08-09,USB,39.88999938964844,40.33000183105469,39.59000015258789,39.650001525878906,35.360965728759766,10583700.0
2023-08-10,USB,39.939998626708984,40.150001525878906,39.40999984741211,39.4900016784668,35.218265533447266,10206500.0
2023-08-11,USB,39.189998626708984,39.90999984741211,39.13999938964844,39.459999084472656,35.1915168762207,8582900.0
2023-08-14,USB,39.08000183105469,39.11000061035156,38.540000915527344,38.720001220703125,34.531558990478516,9536800.0
2023-08-15,USB,38.0,38.27000045776367,37.529998779296875,37.63999938964844,33.56838607788086,11157200.0
2023-08-16,USB,37.439998626708984,37.61000061035156,36.91999816894531,37.04999923706055,33.04220962524414,10647600.0
2023-08-17,USB,37.310001373291016,37.43000030517578,36.689998626708984,36.810001373291016,32.82816696166992,9766800.0
2023-08-18,USB,36.369998931884766,36.869998931884766,36.22999954223633,36.84000015258789,32.854923248291016,8280100.0
2023-08-21,USB,36.900001525878906,36.939998626708984,36.40999984741211,36.7599983215332,32.78357696533203,8615800.0
2023-08-22,USB,36.7599983215332,36.869998931884766,35.72999954223633,35.84000015258789,31.96310043334961,8279000.0
2023-08-23,USB,35.81999969482422,36.2599983215332,35.369998931884766,36.25,32.32874298095703,8159200.0
2023-08-24,USB,36.279998779296875,36.88999938964844,36.04999923706055,36.130001068115234,32.22172927856445,10346000.0
2023-08-25,USB,36.40999984741211,36.5099983215332,35.209999084472656,35.5099983215332,31.668794631958008,11005900.0
2023-08-28,USB,35.84000015258789,36.36000061035156,35.66999816894531,36.02000045776367,32.12363052368164,9638300.0
2023-08-29,USB,36.189998626708984,36.529998779296875,35.849998474121094,36.47999954223633,32.53386688232422,7942600.0
2023-08-30,USB,36.54999923706055,36.709999084472656,36.20000076293945,36.380001068115234,32.44468307495117,8461700.0
2023-08-31,USB,36.5099983215332,36.65999984741211,36.310001373291016,36.529998779296875,32.578453063964844,10404400.0
2023-09-01,USB,36.84000015258789,37.290000915527344,36.81999969482422,37.06999969482422,33.06003952026367,13758200.0
2023-09-05,USB,37.099998474121094,37.529998779296875,36.47999954223633,36.52000045776367,32.56954574584961,14762500.0
2023-09-06,USB,36.2599983215332,36.540000915527344,35.70000076293945,36.119998931884766,32.212806701660156,8711900.0
2023-09-07,USB,35.88999938964844,36.290000915527344,35.5099983215332,35.630001068115234,31.775815963745117,7296900.0
2023-09-08,USB,35.77000045776367,36.20000076293945,35.27000045776367,36.11000061035156,32.20389175415039,8361700.0
2023-09-11,USB,36.5,36.70000076293945,36.11000061035156,36.20000076293945,32.28415298461914,7300200.0
2023-09-12,USB,36.38999938964844,37.220001220703125,35.95000076293945,37.0,32.99761199951172,10376400.0
2023-09-13,USB,37.25,37.369998931884766,35.0099983215332,35.150001525878906,31.347742080688477,15995500.0
2023-09-14,USB,35.599998474121094,36.08000183105469,35.43000030517578,35.720001220703125,31.856081008911133,19880500.0
2023-09-15,USB,35.31999969482422,35.709999084472656,34.91999816894531,35.150001525878906,31.347742080688477,46217300.0
2023-09-18,USB,34.84000015258789,34.970001220703125,34.47999954223633,34.75,30.99100685119629,10954900.0
2023-09-19,USB,34.560001373291016,34.9900016784668,34.18000030517578,34.59000015258789,30.84831428527832,10903700.0
2023-09-20,USB,34.75,35.2400016784668,34.38999938964844,34.40999984741211,30.687780380249023,8388300.0
2023-09-21,USB,34.290000915527344,34.369998931884766,33.369998931884766,33.45000076293945,29.83163070678711,11359600.0
2023-09-22,USB,33.45000076293945,33.630001068115234,33.20000076293945,33.380001068115234,29.769203186035156,10259400.0
2023-09-25,USB,33.209999084472656,33.68000030517578,33.02000045776367,33.59000015258789,29.95648765563965,8738000.0
2023-09-26,USB,33.209999084472656,33.5099983215332,32.7400016784668,33.02000045776367,29.448144912719727,13742900.0
2023-09-27,USB,33.13999938964844,33.16999816894531,32.2599983215332,32.52000045776367,29.00223159790039,12601100.0
2023-09-28,USB,32.099998474121094,32.790000915527344,32.040000915527344,32.470001220703125,29.391462326049805,8619500.0
2023-09-29,USB,32.560001373291016,33.52000045776367,32.54999923706055,33.060001373291016,29.925521850585938,10981300.0
2023-10-02,USB,32.619998931884766,33.0099983215332,31.989999771118164,32.13999938964844,29.09274673461914,9649300.0
2023-10-03,USB,31.889999389648438,31.93000030517578,31.200000762939453,31.34000015258789,28.368600845336914,10300600.0
2023-10-04,USB,31.399999618530273,31.540000915527344,30.8799991607666,31.239999771118164,28.278079986572266,13407700.0
2023-10-05,USB,31.0,31.920000076293945,30.6299991607666,31.8700008392334,28.848350524902344,10572000.0
2023-10-06,USB,31.540000915527344,32.189998626708984,31.100000381469727,31.860000610351562,28.839296340942383,9414500.0
2023-10-09,USB,31.59000015258789,32.150001525878906,31.450000762939453,32.0099983215332,28.975072860717773,7764800.0
2023-10-10,USB,32.47999954223633,32.95000076293945,32.33000183105469,32.59000015258789,29.50008201599121,10108100.0
2023-10-11,USB,32.59000015258789,33.099998474121094,32.310001373291016,32.5099983215332,29.42766761779785,7855000.0
2023-10-12,USB,32.540000915527344,32.7599983215332,31.93000030517578,32.2599983215332,29.201370239257812,10285800.0
2023-10-13,USB,32.529998779296875,32.88999938964844,31.8799991607666,32.16999816894531,29.119901657104492,10943200.0
2023-10-16,USB,32.58000183105469,32.77000045776367,31.950000762939453,32.619998931884766,29.527238845825195,11409700.0
2023-10-17,USB,32.459999084472656,36.209999084472656,32.41999816894531,34.88999938964844,31.582014083862305,36729900.0
2023-10-18,USB,34.65999984741211,35.29999923706055,33.279998779296875,33.369998931884766,30.20612907409668,24960300.0
2023-10-19,USB,33.31999969482422,33.810001373291016,32.72999954223633,32.75,29.64491844177246,15105700.0
2023-10-20,USB,32.619998931884766,32.83000183105469,30.790000915527344,30.93000030517578,27.997472763061523,19087800.0
2023-10-23,USB,31.200000762939453,31.760000228881836,30.65999984741211,31.260000228881836,28.29618263244629,14932300.0
2023-10-24,USB,31.40999984741211,31.579999923706055,30.780000686645508,31.389999389648438,28.413856506347656,15076200.0
2023-10-25,USB,31.079999923706055,31.56999969482422,30.670000076293945,31.290000915527344,28.323339462280273,13054500.0
2023-10-26,USB,31.34000015258789,32.290000915527344,31.239999771118164,31.770000457763672,28.757827758789062,15956600.0
2023-10-27,USB,31.299999237060547,31.6200008392334,30.469999313354492,30.639999389648438,27.734966278076172,10909400.0
2023-10-30,USB,30.959999084472656,31.329999923706055,30.59000015258789,31.309999465942383,28.341440200805664,9653000.0
2023-10-31,USB,31.450000762939453,31.889999389648438,30.8799991607666,31.8799991607666,28.857398986816406,12582400.0
2023-11-01,USB,31.8700008392334,32.06999969482422,31.40999984741211,31.860000610351562,28.839296340942383,14876800.0
2023-11-02,USB,32.43000030517578,34.34000015258789,32.38999938964844,34.34000015258789,31.08416175842285,15473500.0
2023-11-03,USB,35.310001373291016,35.86000061035156,35.15999984741211,35.4900016784668,32.1251335144043,13100700.0
2023-11-06,USB,35.650001525878906,35.84000015258789,35.029998779296875,35.27000045776367,31.925992965698242,7622700.0
2023-11-07,USB,35.09000015258789,35.15999984741211,34.65999984741211,34.810001373291016,31.509601593017578,8439800.0
2023-11-08,USB,34.849998474121094,34.90999984741211,34.380001068115234,34.5099983215332,31.2380428314209,6956900.0
2023-11-09,USB,34.7400016784668,34.880001068115234,33.810001373291016,33.90999984741211,30.694931030273438,7172800.0
2023-11-10,USB,34.18000030517578,34.290000915527344,33.70000076293945,34.20000076293945,30.957433700561523,5936900.0
2023-11-13,USB,34.029998779296875,34.25,33.61000061035156,34.0,30.776397705078125,5772800.0
2023-11-14,USB,35.20000076293945,36.58000183105469,35.02000045776367,36.150001525878906,32.722557067871094,11843700.0
2023-11-15,USB,36.209999084472656,37.31999969482422,36.209999084472656,37.18000030517578,33.65489959716797,12672600.0
2023-11-16,USB,37.04999923706055,37.380001068115234,36.7599983215332,37.31999969482422,33.781620025634766,10218500.0
2023-11-17,USB,37.65999984741211,37.790000915527344,37.36000061035156,37.63999938964844,34.071285247802734,8915900.0
2023-11-20,USB,37.529998779296875,37.849998474121094,37.22999954223633,37.630001068115234,34.06223678588867,6272100.0
2023-11-21,USB,37.209999084472656,37.56999969482422,36.9900016784668,37.0099983215332,33.501007080078125,6051200.0
2023-11-22,USB,37.27000045776367,37.380001068115234,36.720001220703125,36.83000183105469,33.338077545166016,6742500.0
2023-11-24,USB,36.79999923706055,37.369998931884766,36.66999816894531,37.20000076293945,33.673004150390625,2796800.0
2023-11-27,USB,36.83000183105469,37.02000045776367,36.59000015258789,36.790000915527344,33.30187225341797,5972000.0
2023-11-28,USB,36.66999816894531,37.13999938964844,36.4900016784668,37.040000915527344,33.528175354003906,9665900.0
2023-11-29,USB,37.349998474121094,38.099998474121094,37.2599983215332,37.790000915527344,34.20706558227539,7772300.0
2023-11-30,USB,38.0,38.279998779296875,37.66999816894531,38.119998931884766,34.50577163696289,10283300.0
2023-12-01,USB,37.900001525878906,39.5099983215332,37.84000015258789,39.380001068115234,35.64631652832031,10124300.0
2023-12-04,USB,39.209999084472656,39.95000076293945,39.209999084472656,39.4900016784668,35.74587631225586,10125700.0
2023-12-05,USB,39.2599983215332,39.65999984741211,39.04999923706055,39.400001525878906,35.66441345214844,9212600.0
2023-12-06,USB,39.70000076293945,40.40999984741211,39.060001373291016,39.08000183105469,35.37476348876953,8774300.0
2023-12-07,USB,39.31999969482422,39.900001525878906,39.11000061035156,39.72999954223633,35.9631233215332,8087100.0
2023-12-08,USB,39.779998779296875,40.599998474121094,39.599998474121094,40.43000030517578,36.59675598144531,9485000.0
2023-12-11,USB,40.290000915527344,40.65999984741211,40.0,40.529998779296875,36.68727493286133,10921000.0
2023-12-12,USB,40.38999938964844,40.560001373291016,40.130001068115234,40.45000076293945,36.6148681640625,8818700.0
2023-12-13,USB,40.52000045776367,42.56999969482422,40.349998474121094,42.4900016784668,38.461448669433594,15133000.0
2023-12-14,USB,43.88999938964844,45.849998474121094,43.630001068115234,45.33000183105469,41.03218078613281,28236800.0
2023-12-15,USB,44.720001220703125,45.47999954223633,44.43000030517578,45.0099983215332,40.74251937866211,25971700.0
2023-12-18,USB,45.29999923706055,45.29999923706055,44.040000915527344,44.04999923706055,39.87354278564453,9678700.0
2023-12-19,USB,44.130001068115234,44.56999969482422,43.81999969482422,44.209999084472656,40.018367767333984,8609500.0
2023-12-20,USB,43.72999954223633,44.0,42.150001525878906,42.459999084472656,38.434288024902344,15460200.0
2023-12-21,USB,42.880001068115234,43.45000076293945,42.7400016784668,43.310001373291016,39.203704833984375,8134200.0
2023-12-22,USB,43.349998474121094,43.81999969482422,43.209999084472656,43.5099983215332,39.384735107421875,6898900.0
2023-12-26,USB,43.619998931884766,44.22999954223633,43.41999816894531,44.06999969482422,39.89164352416992,5343600.0
2023-12-27,USB,43.95000076293945,44.220001220703125,43.720001220703125,43.939998626708984,39.77396774291992,5083500.0
2023-12-28,USB,43.43000030517578,43.75,43.27000045776367,43.630001068115234,39.938743591308594,5172000.0
2023-12-29,USB,43.52000045776367,43.810001373291016,43.22999954223633,43.279998779296875,39.618350982666016,6441000.0
2024-01-02,USB,43.119998931884766,44.02000045776367,42.88999938964844,43.90999984741211,40.195045471191406,9050500.0
2024-01-03,USB,43.380001068115234,43.40999984741211,42.61000061035156,42.75,39.13319396972656,7133200.0
2024-01-04,USB,42.939998626708984,43.599998474121094,42.810001373291016,43.209999084472656,39.55427169799805,7192600.0
2024-01-05,USB,42.95000076293945,44.33000183105469,42.939998626708984,43.810001373291016,40.103511810302734,7616800.0
2024-01-08,USB,43.61000061035156,44.04999923706055,43.189998626708984,43.959999084472656,40.240821838378906,6459200.0
2024-01-09,USB,43.369998931884766,43.869998931884766,43.189998626708984,43.459999084472656,39.78312301635742,5132900.0
2024-01-10,USB,43.310001373291016,43.439998626708984,42.900001525878906,43.400001525878906,39.72819900512695,7885900.0
2024-01-11,USB,43.29999923706055,43.29999923706055,42.04999923706055,42.81999969482422,39.19727325439453,10017300.0
2024-01-12,USB,42.869998931884766,43.11000061035156,41.70000076293945,42.150001525878906,38.58395767211914,9494000.0
2024-01-16,USB,41.66999816894531,41.779998779296875,40.959999084472656,41.380001068115234,37.87909698486328,14399000.0
2024-01-17,USB,41.349998474121094,41.7400016784668,40.15999984741211,40.81999969482422,37.36647415161133,14567000.0
2024-01-18,USB,40.88999938964844,41.0,39.04999923706055,40.150001525878906,36.75316619873047,15244000.0
2024-01-19,USB,40.290000915527344,42.04999923706055,39.97999954223633,42.0099983215332,38.45579528808594,14397700.0
2024-01-22,USB,42.099998474121094,42.349998474121094,41.349998474121094,41.779998779296875,38.24525451660156,10374300.0
2024-01-23,USB,41.970001220703125,42.13999938964844,41.310001373291016,41.970001220703125,38.41918182373047,7420200.0
2024-01-24,USB,42.380001068115234,42.97999954223633,42.2400016784668,42.47999954223633,38.88603210449219,11196400.0
2024-01-25,USB,42.97999954223633,43.060001373291016,42.209999084472656,42.810001373291016,39.18811798095703,8173600.0
2024-01-26,USB,42.619998931884766,43.0099983215332,42.29999923706055,42.63999938964844,39.03249740600586,7242500.0
2024-01-29,USB,42.619998931884766,42.970001220703125,42.33000183105469,42.95000076293945,39.3162727355957,7475700.0
2024-01-30,USB,42.869998931884766,43.400001525878906,42.68000030517578,43.34000015258789,39.67327880859375,8055300.0
2024-01-31,USB,42.459999084472656,42.9900016784668,41.400001525878906,41.540000915527344,38.02556228637695,13026100.0
2024-02-01,USB,41.58000183105469,41.689998626708984,39.970001220703125,40.88999938964844,37.4305534362793,16002800.0
2024-02-02,USB,40.5,41.11000061035156,40.06999969482422,40.84000015258789,37.38478469848633,11269300.0
2024-02-05,USB,40.439998626708984,40.4900016784668,39.91999816894531,40.099998474121094,36.7073860168457,8880300.0
2024-02-06,USB,40.04999923706055,40.5099983215332,39.91999816894531,40.099998474121094,36.7073860168457,8728400.0
2024-02-07,USB,40.2400016784668,40.31999969482422,38.869998931884766,39.90999984741211,36.53346252441406,12255300.0
2024-02-08,USB,39.70000076293945,40.41999816894531,39.38999938964844,40.369998931884766,36.95454788208008,7601600.0
2024-02-09,USB,40.29999923706055,40.38999938964844,39.77000045776367,40.18000030517578,36.7806282043457,10684700.0
2024-02-12,USB,40.22999954223633,41.439998626708984,40.13999938964844,41.06999969482422,37.5953254699707,10304800.0
2024-02-13,USB,40.22999954223633,40.47999954223633,39.40999984741211,39.93000030517578,36.55177307128906,9106200.0
2024-02-14,USB,40.459999084472656,40.70000076293945,40.09000015258789,40.5,37.073551177978516,5904900.0
2024-02-15,USB,40.86000061035156,41.720001220703125,40.77000045776367,41.54999923706055,38.03471374511719,7064200.0
2024-02-16,USB,41.150001525878906,41.81999969482422,40.81999969482422,41.4900016784668,37.97978973388672,7287500.0
2024-02-20,USB,41.11000061035156,41.54999923706055,40.90999984741211,41.13999938964844,37.65940475463867,7328500.0
2024-02-21,USB,40.959999084472656,41.060001373291016,40.33000183105469,40.81999969482422,37.36647415161133,8312200.0
2024-02-22,USB,41.349998474121094,42.040000915527344,41.08000183105469,41.349998474121094,37.85163116455078,10999900.0
2024-02-23,USB,41.369998931884766,41.68000030517578,41.09000015258789,41.36000061035156,37.86078643798828,6424400.0
2024-02-26,USB,41.11000061035156,41.43000030517578,40.650001525878906,40.84000015258789,37.38478469848633,6154100.0
2024-02-27,USB,41.25,41.86000061035156,41.08000183105469,41.369998931884766,37.86994552612305,6489100.0
2024-02-28,USB,41.099998474121094,41.54999923706055,40.849998474121094,41.220001220703125,37.732635498046875,6768200.0
2024-02-29,USB,41.7400016784668,42.18000030517578,41.4900016784668,41.959999084472656,38.41002655029297,9000700.0
2024-03-01,USB,41.61000061035156,41.900001525878906,40.93000030517578,41.41999816894531,37.915706634521484,8899400.0
2024-03-04,USB,42.41999816894531,43.5,42.130001068115234,42.70000076293945,39.087425231933594,10499700.0
2024-03-05,USB,42.5099983215332,43.77000045776367,42.5099983215332,43.25,39.590885162353516,9523700.0
2024-03-06,USB,43.060001373291016,43.279998779296875,42.119998931884766,43.09000015258789,39.444427490234375,10526700.0
2024-03-07,USB,43.45000076293945,43.7599983215332,43.060001373291016,43.34000015258789,39.67327880859375,7524400.0
2024-03-08,USB,43.77000045776367,43.81999969482422,43.16999816894531,43.2599983215332,39.600040435791016,6678200.0
2024-03-11,USB,43.16999816894531,43.779998779296875,43.029998779296875,43.52000045776367,39.838050842285156,8241900.0
2024-03-12,USB,43.38999938964844,43.63999938964844,43.09000015258789,43.209999084472656,39.55427169799805,5941500.0
2024-03-13,USB,43.22999954223633,44.06999969482422,43.22999954223633,43.470001220703125,39.79228591918945,5756800.0
2024-03-14,USB,43.09000015258789,43.54999923706055,42.09000015258789,42.349998474121094,38.76702880859375,7461100.0
2024-03-15,USB,41.93000030517578,42.779998779296875,41.93000030517578,42.08000183105469,38.51987838745117,32597000.0
2024-03-18,USB,42.470001220703125,42.4900016784668,41.689998626708984,42.470001220703125,38.87688064575195,8168200.0
2024-03-19,USB,42.400001525878906,42.650001525878906,42.09000015258789,42.220001220703125,38.648033142089844,6080300.0
2024-03-20,USB,41.91999816894531,43.68000030517578,41.88999938964844,43.459999084472656,39.78312301635742,7998400.0
2024-03-21,USB,43.75,44.7400016784668,43.70000076293945,44.45000076293945,40.68936538696289,8572300.0
2024-03-22,USB,44.93000030517578,45.040000915527344,43.58000183105469,43.59000015258789,39.902130126953125,6700300.0
2024-03-25,USB,43.75,44.29999923706055,43.459999084472656,43.54999923706055,39.865509033203125,6424600.0
2024-03-26,USB,44.0,44.0,43.470001220703125,43.529998779296875,39.847206115722656,5267500.0
2024-03-27,USB,43.29999923706055,44.02000045776367,43.2599983215332,44.0,40.735984802246094,6167200.0
2024-03-28,USB,44.41999816894531,44.90999984741211,44.29999923706055,44.70000076293945,41.38405227661133,7595000.0
2024-04-01,USB,44.58000183105469,44.75,43.88999938964844,43.95000076293945,40.689693450927734,4824900.0
2024-04-02,USB,43.689998626708984,43.95000076293945,43.119998931884766,43.22999954223633,40.02310562133789,6462200.0
2024-04-03,USB,43.22999954223633,43.77000045776367,43.0099983215332,43.11000061035156,39.912010192871094,5866400.0
2024-04-04,USB,43.56999969482422,44.029998779296875,42.72999954223633,42.91999816894531,39.73610305786133,6491400.0
2024-04-05,USB,42.75,43.29999923706055,42.65999984741211,43.029998779296875,39.83794021606445,4580700.0
2024-04-08,USB,43.290000915527344,44.0099983215332,43.060001373291016,43.720001220703125,40.47676086425781,6159500.0
2024-04-09,USB,43.81999969482422,44.02000045776367,43.40999984741211,43.939998626708984,40.68043899536133,5701800.0
2024-04-10,USB,43.0099983215332,43.040000915527344,41.869998931884766,42.029998779296875,38.9121208190918,7584400.0
2024-04-11,USB,42.20000076293945,42.20000076293945,41.209999084472656,41.91999816894531,38.81028366088867,6829700.0
2024-04-12,USB,41.209999084472656,41.72999954223633,41.18000030517578,41.58000183105469,38.49550247192383,6742500.0
2024-04-15,USB,42.060001373291016,42.84000015258789,41.099998474121094,41.439998626708984,38.36589050292969,10232800.0
2024-04-16,USB,41.25,41.27000045776367,40.38999938964844,41.0,37.958534240722656,9549800.0
2024-04-17,USB,39.5,39.970001220703125,38.790000915527344,39.52000045776367,36.588321685791016,14178500.0
2024-04-18,USB,39.40999984741211,40.150001525878906,39.189998626708984,39.439998626708984,36.51425552368164,9878700.0
2024-04-19,USB,39.459999084472656,40.459999084472656,39.40999984741211,40.45000076293945,37.4493293762207,12061800.0
2024-04-22,USB,40.68000030517578,41.369998931884766,40.2400016784668,41.04999923706055,38.00482177734375,8630700.0
2024-04-23,USB,41.130001068115234,41.2599983215332,40.810001373291016,40.970001220703125,37.930763244628906,7079900.0
2024-04-24,USB,40.529998779296875,41.72999954223633,40.43000030517578,41.61000061035156,38.523277282714844,6550300.0
2024-04-25,USB,41.34000015258789,41.7400016784668,40.380001068115234,40.9900016784668,37.94927215576172,6602200.0
2024-04-26,USB,41.0,41.54999923706055,40.86000061035156,41.119998931884766,38.06962966918945,4512200.0
2024-04-29,USB,41.220001220703125,41.5099983215332,41.08000183105469,41.290000915527344,38.22701644897461,4647200.0
2024-04-30,USB,41.04999923706055,41.2599983215332,40.58000183105469,40.630001068115234,37.61598205566406,8861600.0
2024-05-01,USB,40.59000015258789,41.810001373291016,40.529998779296875,41.04999923706055,38.00482177734375,6359400.0
2024-05-02,USB,41.61000061035156,41.68000030517578,40.599998474121094,40.970001220703125,37.930763244628906,6760700.0
2024-05-03,USB,41.54999923706055,41.83000183105469,41.2400016784668,41.40999984741211,38.33811569213867,5091200.0
2024-05-06,USB,41.7599983215332,41.939998626708984,41.41999816894531,41.81999969482422,38.71770477294922,6430200.0
2024-05-07,USB,42.0,42.08000183105469,41.40999984741211,41.58000183105469,38.49550247192383,8732100.0
2024-05-08,USB,41.22999954223633,41.790000915527344,41.060001373291016,41.689998626708984,38.59734344482422,8906000.0
2024-05-09,USB,41.5099983215332,41.869998931884766,41.2599983215332,41.540000915527344,38.458473205566406,6414400.0
2024-05-10,USB,41.70000076293945,41.90999984741211,41.61000061035156,41.849998474121094,38.745479583740234,4867500.0
2024-05-13,USB,42.0,42.22999954223633,41.4900016784668,41.4900016784668,38.41218185424805,4846400.0
2024-05-14,USB,41.650001525878906,42.290000915527344,41.630001068115234,41.95000076293945,38.83805465698242,5627900.0
2024-05-15,USB,42.459999084472656,42.61000061035156,41.95000076293945,42.220001220703125,39.08803176879883,7752700.0
2024-05-16,USB,42.06999969482422,42.2599983215332,41.59000015258789,41.650001525878906,38.5603141784668,9488700.0
2024-05-17,USB,41.959999084472656,41.959999084472656,41.310001373291016,41.43000030517578,38.356632232666016,11360600.0
2024-05-20,USB,41.43000030517578,41.63999938964844,40.849998474121094,40.88999938964844,37.856693267822266,9935500.0
2024-05-21,USB,40.880001068115234,41.220001220703125,40.83000183105469,41.18000030517578,38.12518310546875,6315200.0
2024-05-22,USB,40.81999969482422,41.22999954223633,40.599998474121094,40.77000045776367,37.7455940246582,5802000.0
2024-05-23,USB,40.79999923706055,40.849998474121094,39.7599983215332,40.02000045776367,37.051231384277344,7452400.0
2024-05-24,USB,40.150001525878906,40.540000915527344,40.040000915527344,40.529998779296875,37.52339553833008,6155900.0
2024-05-28,USB,40.61000061035156,40.709999084472656,39.650001525878906,39.77000045776367,36.81977462768555,7657200.0
2024-05-29,USB,39.15999984741211,39.15999984741211,38.63999938964844,39.040000915527344,36.1439323425293,6229500.0
2024-05-30,USB,39.400001525878906,39.54999923706055,38.7599983215332,39.380001068115234,36.458702087402344,6229100.0
2024-05-31,USB,39.650001525878906,40.599998474121094,39.529998779296875,40.54999923706055,37.54191589355469,9153500.0
2024-06-03,USB,40.7599983215332,40.79999923706055,39.310001373291016,39.72999954223633,36.782745361328125,6361800.0
2024-06-04,USB,39.349998474121094,39.869998931884766,38.900001525878906,38.959999084472656,36.06985855102539,9953400.0
2024-06-05,USB,39.06999969482422,39.099998474121094,38.31999969482422,39.08000183105469,36.18095779418945,12487800.0
2024-06-06,USB,39.08000183105469,39.36000061035156,38.75,39.02000045776367,36.12540817260742,6331800.0
2024-06-07,USB,38.709999084472656,39.369998931884766,38.70000076293945,39.02000045776367,36.12540817260742,8218100.0
2024-06-10,USB,38.650001525878906,39.08000183105469,38.29999923706055,38.75,35.87544250488281,10631400.0
2024-06-11,USB,38.689998626708984,38.81999969482422,37.810001373291016,38.45000076293945,35.59770202636719,12501000.0
2024-06-12,USB,39.61000061035156,40.11000061035156,39.130001068115234,39.279998779296875,36.36612319946289,10299900.0
2024-06-13,USB,39.18000030517578,39.5,38.7400016784668,39.2599983215332,36.34761047363281,5935900.0
2024-06-14,USB,38.7599983215332,39.09000015258789,38.470001220703125,38.83000183105469,35.94950485229492,5121900.0
2024-06-17,USB,38.70000076293945,39.13999938964844,38.47999954223633,39.09000015258789,36.19021987915039,5697600.0
2024-06-18,USB,39.0,39.40999984741211,38.86000061035156,39.290000915527344,36.375389099121094,6308900.0
2024-06-20,USB,39.11000061035156,39.34000015258789,38.869998931884766,39.279998779296875,36.36612319946289,6710900.0
2024-06-21,USB,39.04999923706055,39.849998474121094,38.720001220703125,39.70000076293945,36.754974365234375,15555300.0
2024-06-24,USB,39.88999938964844,40.81999969482422,39.709999084472656,40.54999923706055,37.54191589355469,9549100.0
2024-06-25,USB,40.380001068115234,40.59000015258789,39.66999816894531,40.02000045776367,37.051231384277344,6893100.0
2024-06-26,USB,39.709999084472656,40.0099983215332,39.349998474121094,39.709999084472656,36.764225006103516,7854700.0
2024-06-27,USB,39.220001220703125,39.709999084472656,38.869998931884766,39.68000030517578,36.7364501953125,6874500.0
2024-06-28,USB,39.540000915527344,40.08000183105469,39.31999969482422,39.70000076293945,37.21452713012695,12212200.0
2024-07-01,USB,39.810001373291016,39.95000076293945,39.06999969482422,39.2400016784668,36.7833251953125,8068900.0
2024-07-02,USB,39.130001068115234,40.060001373291016,39.04999923706055,39.970001220703125,37.46761703491211,9381300.0
2024-07-03,USB,39.97999954223633,40.279998779296875,39.5099983215332,39.5099983215332,37.036415100097656,3715500.0
2024-07-05,USB,39.52000045776367,39.560001373291016,38.88999938964844,39.040000915527344,36.59584426879883,5656000.0
2024-07-08,USB,39.150001525878906,39.52000045776367,39.04999923706055,39.459999084472656,36.98954391479492,5295000.0
2024-07-09,USB,39.18000030517578,40.060001373291016,39.06999969482422,39.869998931884766,37.37388229370117,8003000.0
2024-07-10,USB,40.0,40.83000183105469,39.810001373291016,40.79999923706055,38.24565124511719,9598500.0
2024-07-11,USB,41.22999954223633,42.11000061035156,41.16999816894531,41.93000030517578,39.30491256713867,9239000.0
2024-07-12,USB,41.97999954223633,42.45000076293945,41.65999984741211,42.099998474121094,39.46426773071289,8322000.0
2024-07-15,USB,42.599998474121094,42.93000030517578,42.31999969482422,42.349998474121094,39.69861602783203,10435600.0
2024-07-16,USB,42.58000183105469,43.439998626708984,42.349998474121094,43.290000915527344,40.57976150512695,12869800.0
2024-07-17,USB,43.97999954223633,45.65999984741211,43.79999923706055,45.2599983215332,42.42642593383789,21306500.0
2024-07-18,USB,44.790000915527344,45.630001068115234,44.369998931884766,44.40999984741211,41.62964630126953,17219300.0
2024-07-19,USB,44.7400016784668,44.970001220703125,44.2599983215332,44.7599983215332,41.957733154296875,11842300.0
2024-07-22,USB,44.630001068115234,45.220001220703125,43.959999084472656,45.040000915527344,42.2202033996582,12327600.0
2024-07-23,USB,44.84000015258789,45.68000030517578,44.68000030517578,45.54999923706055,42.698272705078125,8131500.0
2024-07-24,USB,45.59000015258789,45.84000015258789,44.709999084472656,44.77000045776367,41.967105865478516,8059400.0
2024-07-25,USB,44.77000045776367,45.720001220703125,44.599998474121094,45.09000015258789,42.2670783996582,9489900.0
2024-07-26,USB,45.189998626708984,45.65999984741211,45.060001373291016,45.459999084472656,42.61390686035156,5681700.0
2024-07-29,USB,45.599998474121094,45.689998626708984,45.130001068115234,45.369998931884766,42.529544830322266,5011200.0
2024-07-30,USB,45.58000183105469,45.880001068115234,45.220001220703125,45.470001220703125,42.62328338623047,8211000.0
2024-07-31,USB,45.5099983215332,45.54999923706055,44.7599983215332,44.880001068115234,42.070220947265625,8859200.0
2024-08-01,USB,44.91999816894531,44.91999816894531,43.31999969482422,43.47999954223633,40.75787353515625,11219500.0
2024-08-02,USB,42.65999984741211,42.75,41.959999084472656,42.349998474121094,39.69861602783203,8485500.0
2024-08-05,USB,41.130001068115234,41.400001525878906,40.40999984741211,40.79999923706055,38.24565124511719,10994200.0
2024-08-06,USB,40.7400016784668,42.060001373291016,40.52000045776367,41.66999816894531,39.06118392944336,9184800.0
2024-08-07,USB,42.38999938964844,42.7400016784668,41.33000183105469,41.38999938964844,38.79871368408203,6841000.0
2024-08-08,USB,41.790000915527344,42.20000076293945,41.540000915527344,41.7599983215332,39.14554977416992,6364500.0
2024-08-09,USB,41.61000061035156,42.13999938964844,41.61000061035156,42.06999969482422,39.43614196777344,6486600.0
2024-08-12,USB,42.2400016784668,42.650001525878906,41.31999969482422,41.470001220703125,38.87370681762695,7619900.0
2024-08-13,USB,41.81999969482422,42.41999816894531,41.43000030517578,42.400001525878906,39.745487213134766,7457100.0
2024-08-14,USB,42.439998626708984,42.4900016784668,42.04999923706055,42.34000015258789,39.68924331665039,8036100.0
2024-08-15,USB,43.04999923706055,43.310001373291016,42.720001220703125,42.810001373291016,40.129817962646484,6512700.0
2024-08-16,USB,42.810001373291016,43.33000183105469,42.810001373291016,43.189998626708984,40.48602294921875,5369500.0
2024-08-19,USB,43.25,43.66999816894531,43.25,43.65999984741211,40.92660140991211,4575400.0
2024-08-20,USB,43.47999954223633,43.95000076293945,43.38999938964844,43.7400016784668,41.00159454345703,6587400.0
2024-08-21,USB,43.849998474121094,43.9900016784668,43.279998779296875,43.70000076293945,40.9640998840332,4262100.0
2024-08-22,USB,43.689998626708984,44.22999954223633,43.689998626708984,44.189998626708984,41.42341613769531,4836900.0
2024-08-23,USB,44.5099983215332,45.599998474121094,44.34000015258789,45.38999938964844,42.54829025268555,5094500.0
2024-08-26,USB,45.75,45.83000183105469,45.41999816894531,45.619998931884766,42.76388931274414,5849800.0
2024-08-27,USB,45.599998474121094,45.779998779296875,45.45000076293945,45.72999954223633,42.86700439453125,5458000.0
2024-08-28,USB,45.56999969482422,46.38999938964844,45.56999969482422,46.130001068115234,43.24196243286133,6213900.0
2024-08-29,USB,46.369998931884766,46.77000045776367,45.5099983215332,46.529998779296875,43.61691665649414,7064700.0
2024-08-30,USB,46.66999816894531,47.310001373291016,46.599998474121094,47.22999954223633,44.273094177246094,14262600.0
2024-09-03,USB,47.279998779296875,47.310001373291016,46.209999084472656,46.38999938964844,43.485687255859375,7980300.0
2024-09-04,USB,46.349998474121094,46.810001373291016,45.88999938964844,46.060001373291016,43.17634582519531,5999600.0
2024-09-05,USB,46.540000915527344,46.540000915527344,45.41999816894531,45.540000915527344,42.68890380859375,5971200.0
2024-09-06,USB,45.61000061035156,45.939998626708984,44.33000183105469,44.4900016784668,41.70463943481445,7635400.0
2024-09-09,USB,44.93000030517578,45.439998626708984,44.77000045776367,45.2599983215332,42.42642593383789,7146200.0
2024-09-10,USB,45.400001525878906,45.400001525878906,44.02000045776367,45.029998779296875,42.21083068847656,7000600.0
2024-09-11,USB,44.63999938964844,44.79999923706055,43.58000183105469,44.75,41.94835662841797,8448600.0
2024-09-12,USB,45.380001068115234,45.970001220703125,43.4900016784668,43.849998474121094,41.104698181152344,14746700.0
2024-09-13,USB,44.15999984741211,44.7400016784668,44.11000061035156,44.619998931884766,41.82649230957031,8757300.0
2024-09-16,USB,44.849998474121094,45.130001068115234,44.31999969482422,44.689998626708984,41.892112731933594,9524500.0
2024-09-17,USB,44.97999954223633,45.279998779296875,44.529998779296875,44.68000030517578,41.88274002075195,6286600.0
2024-09-18,USB,44.7400016784668,45.810001373291016,44.61000061035156,45.18000030517578,42.3514404296875,11035300.0
2024-09-19,USB,46.279998779296875,46.619998931884766,45.599998474121094,46.470001220703125,43.56067657470703,9002000.0
2024-09-20,USB,46.290000915527344,46.369998931884766,45.84000015258789,46.0099983215332,43.12947463989258,11026200.0
2024-09-23,USB,46.13999938964844,46.29999923706055,45.7599983215332,45.86000061035156,42.98886489868164,5205600.0
2024-09-24,USB,45.86000061035156,45.97999954223633,45.279998779296875,45.63999938964844,42.78263854980469,6197600.0
2024-09-25,USB,45.68000030517578,45.68000030517578,44.70000076293945,44.75,41.94835662841797,6848400.0
2024-09-26,USB,45.029998779296875,45.43000030517578,44.2400016784668,45.29999923706055,42.463924407958984,9679400.0
2024-09-27,USB,45.52000045776367,45.95000076293945,45.220001220703125,45.47999954223633,42.632659912109375,6884700.0
2024-09-30,USB,45.27000045776367,45.779998779296875,44.869998931884766,45.72999954223633,43.3435173034668,7028300.0
2024-10-01,USB,45.380001068115234,45.41999816894531,44.31999969482422,44.459999084472656,42.139793395996094,6272800.0
2024-10-02,USB,44.470001220703125,44.90999984741211,44.0099983215332,44.25,41.94075393676758,6114300.0
2024-10-03,USB,44.040000915527344,44.11000061035156,43.439998626708984,43.97999954223633,41.68484115600586,4513200.0
2024-10-04,USB,44.720001220703125,44.95000076293945,44.16999816894531,44.70000076293945,42.36726760864258,5438000.0
2024-10-07,USB,44.58000183105469,44.689998626708984,44.029998779296875,44.470001220703125,42.14927291870117,5108400.0
2024-10-08,USB,44.56999969482422,44.72999954223633,44.15999984741211,44.2599983215332,41.95022964477539,4588000.0
2024-10-09,USB,44.33000183105469,45.150001525878906,44.150001525878906,45.099998474121094,42.74639129638672,6848300.0
2024-10-10,USB,44.900001525878906,45.060001373291016,44.5,44.939998626708984,42.59474563598633,5310700.0
2024-10-11,USB,45.400001525878906,46.58000183105469,45.34000015258789,46.2599983215332,43.84585952758789,8809000.0
2024-10-14,USB,46.189998626708984,47.20000076293945,46.09000015258789,47.119998931884766,44.66097640991211,8166700.0
2024-10-15,USB,47.45000076293945,48.08000183105469,46.939998626708984,47.0,44.5472412109375,8595500.0
2024-10-16,USB,48.7400016784668,50.11000061035156,48.7400016784668,49.209999084472656,46.64190673828125,27957200.0
2024-10-17,USB,49.869998931884766,50.470001220703125,49.099998474121094,49.970001220703125,47.36225128173828,16053100.0
2024-10-18,USB,50.11000061035156,50.150001525878906,48.959999084472656,49.15999984741211,46.594520568847656,10983600.0
2024-10-21,USB,49.029998779296875,49.15999984741211,47.86000061035156,47.91999816894531,45.41922378540039,6648300.0
2024-10-22,USB,47.7400016784668,48.150001525878906,47.41999816894531,48.029998779296875,45.52348709106445,6854200.0
2024-10-23,USB,47.810001373291016,48.529998779296875,47.779998779296875,48.529998779296875,45.99739074707031,6844500.0
2024-10-24,USB,48.470001220703125,48.72999954223633,48.20000076293945,48.45000076293945,45.921566009521484,7804500.0
2024-10-25,USB,48.849998474121094,48.95000076293945,47.689998626708984,47.7400016784668,45.24862289428711,6601300.0
2024-10-28,USB,48.119998931884766,48.689998626708984,47.939998626708984,48.59000015258789,46.054264068603516,5781000.0
2024-10-29,USB,48.41999816894531,48.70000076293945,48.060001373291016,48.220001220703125,45.703575134277344,7499700.0
2024-10-30,USB,48.220001220703125,49.369998931884766,48.220001220703125,48.68000030517578,46.139564514160156,8434500.0
2024-10-31,USB,48.66999816894531,48.81999969482422,48.22999954223633,48.310001373291016,45.78887939453125,6913200.0
2024-11-01,USB,48.709999084472656,48.959999084472656,47.81999969482422,47.84000015258789,45.34340286254883,5480400.0
2024-11-04,USB,47.86000061035156,47.869998931884766,47.13999938964844,47.189998626708984,44.72732162475586,7720400.0
2024-11-05,USB,47.290000915527344,47.869998931884766,47.220001220703125,47.61000061035156,45.12540817260742,4379800.0
2024-11-06,USB,50.279998779296875,51.7599983215332,50.0,51.2599983215332,48.58492660522461,17523400.0
2024-11-07,USB,50.84000015258789,51.0099983215332,49.34000015258789,49.560001373291016,46.9736442565918,9625900.0
2024-11-08,USB,49.77000045776367,50.36000061035156,49.349998474121094,50.209999084472656,47.589725494384766,8615300.0
2024-11-11,USB,50.880001068115234,51.459999084472656,50.790000915527344,51.040000915527344,48.376407623291016,8192500.0
2024-11-12,USB,50.939998626708984,51.2599983215332,50.380001068115234,50.7599983215332,48.111019134521484,7564600.0
2024-11-13,USB,50.90999984741211,51.68000030517578,50.7599983215332,51.16999816894531,48.49961853027344,7130600.0
2024-11-14,USB,51.290000915527344,51.290000915527344,50.2400016784668,50.310001373291016,47.68450164794922,10345100.0
2024-11-15,USB,50.27000045776367,50.650001525878906,49.7400016784668,49.900001525878906,47.2958984375,13570800.0
2024-11-18,USB,49.959999084472656,50.790000915527344,49.84000015258789,50.61000061035156,47.968849182128906,7472000.0
2024-11-19,USB,49.88999938964844,50.619998931884766,49.59000015258789,50.400001525878906,47.76980972290039,5066200.0
2024-11-20,USB,50.599998474121094,50.959999084472656,50.290000915527344,50.7400016784668,48.09206771850586,8071200.0
2024-11-21,USB,50.849998474121094,52.08000183105469,50.79999923706055,51.38999938964844,48.70814514160156,8218000.0
2024-11-22,USB,51.369998931884766,52.689998626708984,51.369998931884766,52.4900016784668,49.750736236572266,8301500.0
2024-11-25,USB,53.2599983215332,53.93000030517578,53.15999984741211,53.630001068115234,50.83124542236328,10234400.0
2024-11-26,USB,53.7599983215332,53.79999923706055,53.279998779296875,53.65999984741211,50.859676361083984,5767500.0
2024-11-27,USB,53.75,53.97999954223633,53.220001220703125,53.47999954223633,50.68907165527344,4506200.0
2024-11-29,USB,53.599998474121094,53.75,53.06999969482422,53.290000915527344,50.50898742675781,3287900.0
2024-12-02,USB,53.5,53.5,52.529998779296875,52.77000045776367,50.01612854003906,5110200.0
2024-12-03,USB,52.7599983215332,52.88999938964844,51.83000183105469,52.099998474121094,49.38108825683594,6520400.0
2024-12-04,USB,52.22999954223633,52.41999816894531,51.59000015258789,52.0099983215332,49.29578399658203,4669900.0
2024-12-05,USB,52.0099983215332,52.58000183105469,51.95000076293945,52.119998931884766,49.400047302246094,7020200.0
2024-12-06,USB,52.2400016784668,52.59000015258789,51.779998779296875,52.18000030517578,49.456912994384766,4683500.0
2024-12-09,USB,52.2400016784668,52.27000045776367,51.2599983215332,51.310001373291016,48.63231658935547,5414900.0
2024-12-10,USB,51.54999923706055,51.810001373291016,50.779998779296875,51.56999969482422,48.878746032714844,6357600.0
2024-12-11,USB,52.0,52.2400016784668,51.25,51.31999969482422,48.64179611206055,7842300.0
2024-12-12,USB,51.5099983215332,51.810001373291016,51.06999969482422,51.099998474121094,48.43327713012695,7596700.0
2024-12-13,USB,51.22999954223633,51.33000183105469,50.72999954223633,51.029998779296875,48.36692428588867,6426800.0
2024-12-16,USB,51.15999984741211,51.369998931884766,50.63999938964844,51.36000061035156,48.67971420288086,8427100.0
2024-12-17,USB,50.97999954223633,51.2400016784668,49.68000030517578,49.97999954223633,47.37172317504883,6774100.0
2024-12-18,USB,50.119998931884766,50.25,47.56999969482422,47.61000061035156,45.12540817260742,8970100.0
2024-12-19,USB,48.27000045776367,48.54999923706055,47.18000030517578,47.40999984741211,44.935848236083984,9802900.0
2024-12-20,USB,47.279998779296875,48.56999969482422,47.220001220703125,47.91999816894531,45.41922378540039,20225000.0
2024-12-23,USB,47.540000915527344,48.36000061035156,47.470001220703125,48.31999969482422,45.79835510253906,4600700.0
2024-12-24,USB,48.439998626708984,48.83000183105469,48.22999954223633,48.83000183105469,46.28173828125,2393800.0
2024-12-26,USB,48.65999984741211,49.130001068115234,48.33000183105469,49.0099983215332,46.45234298706055,3448200.0
2024-12-27,USB,48.7400016784668,49.2599983215332,48.2400016784668,48.4900016784668,45.9594841003418,4956900.0
2024-12-30,USB,48.119998931884766,48.59000015258789,47.65999984741211,48.25,45.73200988769531,4868400.0
2024-12-31,USB,47.959999084472656,48.310001373291016,47.619998931884766,47.83000183105469,45.808624267578125,4521400.0
2025-01-02,USB,48.18000030517578,48.29999923706055,47.540000915527344,47.86000061035156,45.83735656738281,6227800.0
2025-01-03,USB,48.02000045776367,48.88999938964844,47.83000183105469,48.86000061035156,46.795101165771484,6418900.0
2025-01-06,USB,49.209999084472656,49.66999816894531,48.650001525878906,48.72999954223633,46.670589447021484,7261800.0
2025-01-07,USB,49.310001373291016,49.459999084472656,48.470001220703125,48.70000076293945,46.64186096191406,6014300.0
2025-01-08,USB,48.65999984741211,48.689998626708984,47.88999938964844,48.52000045776367,46.46946716308594,5955500.0
2025-01-10,USB,47.88999938964844,48.09000015258789,47.04999923706055,47.380001068115234,45.37764358520508,8528500.0
2025-01-13,USB,47.540000915527344,48.40999984741211,47.40999984741211,48.38999938964844,46.3449592590332,9164700.0
2025-01-14,USB,48.810001373291016,49.349998474121094,48.68000030517578,49.060001373291016,46.98664474487305,8753200.0
2025-01-15,USB,50.45000076293945,51.119998931884766,50.2400016784668,50.900001525878906,48.74888229370117,13935600.0
2025-01-16,USB,47.88999938964844,49.209999084472656,47.20000076293945,48.029998779296875,46.00017166137695,19043000.0
2025-01-17,USB,48.779998779296875,48.779998779296875,47.40999984741211,48.36000061035156,46.31622314453125,14835700.0
2025-01-21,USB,48.65999984741211,49.40999984741211,48.33000183105469,49.31999969482422,47.23565673828125,11643900.0
2025-01-22,USB,48.9900016784668,49.09000015258789,47.939998626708984,48.630001068115234,46.5748176574707,9541100.0
2025-01-23,USB,48.7400016784668,48.95000076293945,48.150001525878906,48.43000030517578,46.38326644897461,8138800.0
2025-01-24,USB,48.16999816894531,49.380001068115234,48.16999816894531,49.06999969482422,46.9962158203125,8259500.0
2025-01-27,USB,49.25,49.720001220703125,49.02000045776367,49.540000915527344,47.44635772705078,5987300.0
2025-01-28,USB,49.599998474121094,49.7599983215332,47.959999084472656,48.439998626708984,46.392845153808594,12309600.0
2025-01-29,USB,48.349998474121094,49.18000030517578,47.54999923706055,47.65999984741211,45.645809173583984,15331400.0
2025-01-30,USB,48.20000076293945,48.459999084472656,47.70000076293945,48.0,45.971439361572266,6683500.0
2025-01-31,USB,48.0,48.349998474121094,47.66999816894531,47.779998779296875,45.760738372802734,11182500.0
2025-02-03,USB,46.84000015258789,47.439998626708984,46.54999923706055,46.869998931884766,44.88919448852539,10881000.0
2025-02-04,USB,47.150001525878906,47.83000183105469,46.97999954223633,47.45000076293945,45.44468688964844,10381200.0
2025-02-05,USB,47.81999969482422,48.20000076293945,47.290000915527344,47.380001068115234,45.37764358520508,10811100.0
2025-02-06,USB,47.93000030517578,48.06999969482422,47.38999938964844,47.7400016784668,45.72242736816406,9101100.0
2025-02-07,USB,47.810001373291016,48.0,46.88999938964844,47.22999954223633,45.233978271484375,8115000.0
2025-02-10,USB,47.279998779296875,47.31999969482422,46.47999954223633,46.880001068115234,44.89877700805664,8459800.0
2025-02-11,USB,46.689998626708984,47.68000030517578,46.459999084472656,47.59000015258789,45.578765869140625,7744900.0
2025-02-12,USB,47.150001525878906,47.619998931884766,46.9900016784668,47.4900016784668,45.482994079589844,6180100.0
2025-02-13,USB,47.470001220703125,47.560001373291016,46.849998474121094,47.38999938964844,45.38722229003906,6352200.0
2025-02-14,USB,47.560001373291016,48.04999923706055,47.5,47.75,45.73200988769531,5398900.0
2025-02-18,USB,47.880001068115234,48.0,47.560001373291016,47.939998626708984,45.91397476196289,5459800.0
2025-02-19,USB,47.47999954223633,47.599998474121094,46.04999923706055,47.119998931884766,45.12862777709961,10999200.0
2025-02-20,USB,47.099998474121094,47.2400016784668,46.150001525878906,46.7599983215332,44.783843994140625,6909100.0
2025-02-21,USB,46.79999923706055,46.93000030517578,45.7400016784668,45.869998931884766,43.931453704833984,9327000.0
2025-02-24,USB,46.08000183105469,46.189998626708984,45.41999816894531,45.61000061035156,43.68244934082031,8069300.0
2025-02-25,USB,45.9900016784668,46.20000076293945,45.369998931884766,45.90999984741211,43.96976852416992,12635700.0
2025-02-26,USB,46.189998626708984,46.540000915527344,45.61000061035156,45.75,43.816532135009766,9056100.0
2025-02-27,USB,45.81999969482422,46.77000045776367,45.81999969482422,46.279998779296875,44.32413101196289,6315400.0
2025-02-28,USB,46.45000076293945,46.939998626708984,46.08000183105469,46.900001525878906,44.917930603027344,10100600.0
2025-03-03,USB,47.11000061035156,47.369998931884766,45.77000045776367,46.2400016784668,44.28582763671875,9676000.0
2025-03-04,USB,45.5,45.75,44.18000030517578,44.61000061035156,42.72470474243164,10798400.0
2025-03-05,USB,44.58000183105469,45.0,43.880001068115234,44.66999816894531,42.782169342041016,8956600.0
2025-03-06,USB,44.209999084472656,44.81999969482422,43.84000015258789,44.380001068115234,42.504432678222656,9879700.0
2025-03-07,USB,44.380001068115234,44.790000915527344,43.58000183105469,44.720001220703125,42.83006286621094,10793200.0
2025-03-10,USB,43.79999923706055,44.29999923706055,41.97999954223633,42.369998931884766,40.57937240600586,18143800.0
2025-03-11,USB,42.400001525878906,42.709999084472656,41.400001525878906,41.560001373291016,39.80360412597656,17587400.0
2025-03-12,USB,42.119998931884766,42.209999084472656,41.02000045776367,41.68000030517578,39.91853332519531,13661400.0
2025-03-13,USB,41.93000030517578,41.970001220703125,40.810001373291016,40.91999816894531,39.19064712524414,9565400.0
2025-03-14,USB,41.31999969482422,42.099998474121094,41.130001068115234,42.02000045776367,40.244163513183594,12739900.0
2025-03-17,USB,41.97999954223633,42.5,41.68000030517578,42.18000030517578,40.397403717041016,9851300.0
2025-03-18,USB,42.36000061035156,42.540000915527344,42.08000183105469,42.279998779296875,40.4931755065918,13725500.0
2025-03-19,USB,42.279998779296875,42.91999816894531,42.16999816894531,42.68000030517578,40.87627410888672,12043400.0
2025-03-20,USB,42.2599983215332,43.09000015258789,42.20000076293945,42.61000061035156,40.80923080444336,9203000.0
2025-03-21,USB,42.349998474121094,43.0099983215332,42.119998931884766,42.84000015258789,41.029510498046875,69001600.0
2025-03-24,USB,43.220001220703125,43.86000061035156,43.11000061035156,43.7599983215332,41.9106330871582,8235200.0
2025-03-25,USB,43.779998779296875,44.029998779296875,43.4900016784668,43.70000076293945,41.85316848754883,7377800.0
2025-03-26,USB,43.91999816894531,44.459999084472656,43.58000183105469,43.77000045776367,41.92021179199219,9585400.0
2025-03-27,USB,43.7400016784668,43.900001525878906,43.130001068115234,43.22999954223633,41.40302658081055,8171600.0
2025-03-28,USB,43.15999984741211,43.43000030517578,42.150001525878906,42.2599983215332,40.474021911621094,7154100.0
2025-03-31,USB,41.38999938964844,42.34000015258789,41.15999984741211,42.220001220703125,40.919857025146484,10548400.0
2025-04-01,USB,41.86000061035156,42.0099983215332,41.34000015258789,41.77000045776367,40.48371505737305,9514200.0
2025-04-02,USB,41.27000045776367,43.06999969482422,41.27000045776367,43.0099983215332,41.68552780151367,10427100.0
2025-04-03,USB,41.150001525878906,41.220001220703125,38.709999084472656,38.790000915527344,37.595481872558594,16695400.0
2025-04-04,USB,37.369998931884766,37.689998626708984,35.7400016784668,36.83000183105469,35.69584274291992,19859300.0
2025-04-07,USB,35.79999923706055,38.33000183105469,35.18000030517578,36.79999923706055,35.66676712036133,21816400.0
2025-04-08,USB,37.939998626708984,38.599998474121094,35.72999954223633,36.400001525878906,35.279083251953125,18709400.0
2025-04-09,USB,35.81999969482422,39.849998474121094,35.4900016784668,39.29999923706055,38.08977508544922,22911600.0
2025-04-10,USB,38.459999084472656,38.47999954223633,36.36000061035156,37.25,36.1029052734375,20954100.0
2025-04-11,USB,37.0,37.970001220703125,36.47999954223633,37.86000061035156,36.694122314453125,18556300.0
2025-04-14,USB,38.5099983215332,38.779998779296875,37.77000045776367,38.20000076293945,37.023651123046875,12809900.0
2025-04-15,USB,38.2400016784668,39.380001068115234,38.2400016784668,38.630001068115234,37.44041061401367,11717300.0
2025-04-16,USB,38.220001220703125,39.150001525878906,37.43000030517578,37.81999969482422,36.65534973144531,17381600.0
2025-04-17,USB,37.939998626708984,38.68000030517578,37.79999923706055,38.20000076293945,37.023651123046875,12538500.0
2025-04-21,USB,37.90999984741211,38.08000183105469,37.2400016784668,37.810001373291016,36.64566421508789,11261300.0
2025-04-22,USB,38.2599983215332,39.06999969482422,38.15999984741211,39.0,37.799015045166016,8311400.0
2025-04-23,USB,40.0,41.150001525878906,39.31999969482422,39.5099983215332,38.29330825805664,12753700.0
2025-04-24,USB,39.29999923706055,40.20000076293945,39.2599983215332,40.04999923706055,38.816680908203125,9478300.0
2025-04-25,USB,39.7599983215332,40.130001068115234,39.650001525878906,39.91999816894531,38.69068145751953,6432700.0
2025-04-28,USB,40.04999923706055,40.38999938964844,39.779998779296875,40.18000030517578,38.94268035888672,5264900.0
2025-04-29,USB,39.95000076293945,40.56999969482422,39.7599983215332,40.5,39.25282287597656,8390000.0
2025-04-30,USB,39.72999954223633,40.470001220703125,39.279998779296875,40.34000015258789,39.097747802734375,10563200.0
2025-05-01,USB,40.15999984741211,40.90999984741211,39.9900016784668,40.5,39.25282287597656,7192000.0
2025-05-02,USB,40.83000183105469,41.599998474121094,40.75,41.470001220703125,40.19295120239258,9089500.0
2025-05-05,USB,41.0,42.02000045776367,40.939998626708984,41.459999084472656,40.18326187133789,5230500.0
2025-05-06,USB,40.97999954223633,41.400001525878906,40.88999938964844,40.97999954223633,39.71804428100586,5271100.0
2025-05-07,USB,41.25,41.68000030517578,41.130001068115234,41.29999923706055,40.0281867980957,8325800.0
2025-05-08,USB,41.779998779296875,42.349998474121094,41.5,42.13999938964844,40.84231948852539,8840400.0
2025-05-09,USB,42.13999938964844,42.279998779296875,41.81999969482422,42.02000045776367,40.726016998291016,6997700.0
2025-05-12,USB,43.90999984741211,44.36000061035156,43.720001220703125,44.0099983215332,42.65473556518555,12301800.0
2025-05-13,USB,44.0,44.5,43.810001373291016,44.369998931884766,43.0036506652832,10139300.0
2025-05-14,USB,44.220001220703125,44.349998474121094,44.0,44.22999954223633,42.867958068847656,5877300.0
2025-05-15,USB,44.22999954223633,44.689998626708984,44.220001220703125,44.58000183105469,43.207183837890625,6533800.0
2025-05-16,USB,44.61000061035156,45.0,44.29999923706055,44.91999816894531,43.53670883178711,7369200.0
2025-05-19,USB,44.400001525878906,44.869998931884766,44.310001373291016,44.790000915527344,43.41071701049805,5717500.0
2025-05-20,USB,44.66999816894531,44.720001220703125,44.2599983215332,44.40999984741211,43.04241943359375,6605400.0
2025-05-21,USB,44.06999969482422,44.130001068115234,42.86000061035156,42.88999938964844,41.5692253112793,6298600.0
2025-05-22,USB,42.88999938964844,43.459999084472656,42.630001068115234,43.119998931884766,41.79214096069336,6608900.0
2025-05-23,USB,42.220001220703125,43.11000061035156,42.209999084472656,42.939998626708984,41.61768341064453,5798500.0
2025-05-27,USB,43.54999923706055,43.75,43.029998779296875,43.7400016784668,42.39305114746094,6500400.0
2025-05-28,USB,43.7400016784668,43.869998931884766,43.15999984741211,43.22999954223633,41.89875411987305,4800100.0
2025-05-29,USB,43.54999923706055,43.779998779296875,43.18000030517578,43.7599983215332,42.41242980957031,6372800.0
2025-05-30,USB,43.56999969482422,43.779998779296875,43.20000076293945,43.59000015258789,42.2476692199707,9784900.0
2025-06-02,USB,43.310001373291016,43.63999938964844,42.779998779296875,43.619998931884766,42.2767448425293,6159500.0
2025-06-03,USB,43.58000183105469,44.47999954223633,43.5,44.380001068115234,43.01333999633789,10105600.0
2025-06-04,USB,44.47999954223633,44.72999954223633,43.86000061035156,43.900001525878906,42.548126220703125,6980500.0
2025-06-05,USB,44.150001525878906,44.150001525878906,43.4900016784668,43.68000030517578,42.334896087646484,6079100.0
2025-06-06,USB,44.40999984741211,44.83000183105469,44.2599983215332,44.77000045776367,43.39133071899414,7647700.0
2025-06-09,USB,45.0,45.25,44.7599983215332,44.869998931884766,43.48825454711914,5605000.0
2025-06-10,USB,44.9900016784668,45.40999984741211,44.81999969482422,45.2400016784668,43.846858978271484,5792500.0
2025-06-11,USB,45.08000183105469,45.11000061035156,44.130001068115234,44.20000076293945,42.83888626098633,13017700.0
2025-06-12,USB,44.0099983215332,44.16999816894531,43.599998474121094,44.15999984741211,42.800113677978516,9552800.0
2025-06-13,USB,43.70000076293945,43.810001373291016,42.849998474121094,42.9900016784668,41.6661491394043,9468800.0
2025-06-16,USB,43.560001373291016,43.61000061035156,43.099998474121094,43.150001525878906,41.82122039794922,14247900.0
2025-06-17,USB,42.970001220703125,43.16999816894531,42.61000061035156,42.689998626708984,41.37538528442383,10921100.0
2025-06-18,USB,42.560001373291016,43.41999816894531,42.54999923706055,43.27000045776367,41.93752670288086,12696500.0
2025-06-20,USB,43.349998474121094,43.54999923706055,43.18000030517578,43.290000915527344,41.956905364990234,22312700.0
2025-06-23,USB,43.18000030517578,44.119998931884766,42.93000030517578,44.09000015258789,42.73227310180664,12500800.0
2025-06-24,USB,44.52000045776367,44.95000076293945,44.43000030517578,44.540000915527344,43.16841506958008,10996900.0
2025-06-25,USB,44.40999984741211,44.90999984741211,44.33000183105469,44.81999969482422,43.43979263305664,8481800.0
2025-06-26,USB,45.0,45.68000030517578,44.939998626708984,45.619998931884766,44.215152740478516,13437100.0
2025-06-27,USB,45.63999938964844,46.25,45.529998779296875,45.7599983215332,44.3508415222168,15796400.0
2025-06-30,USB,45.400001525878906,45.70000076293945,45.150001525878906,45.25,44.341041564941406,13621100.0
2025-07-01,USB,44.970001220703125,46.58000183105469,44.90999984741211,46.4900016784668,45.55613708496094,16514400.0
2025-07-02,USB,46.70000076293945,47.5099983215332,46.56999969482422,47.4900016784668,46.536048889160156,15421800.0
2025-07-03,USB,47.68000030517578,48.060001373291016,47.52000045776367,47.93000030517578,46.96721267700195,7036300.0
2025-07-07,USB,48.11000061035156,48.38999938964844,47.459999084472656,47.779998779296875,46.820220947265625,14353700.0
2025-07-08,USB,47.790000915527344,47.93000030517578,47.4900016784668,47.65999984741211,46.702632904052734,13523600.0
2025-07-09,USB,47.97999954223633,48.11000061035156,47.13999938964844,47.29999923706055,46.3498649597168,9179400.0
2025-07-10,USB,47.310001373291016,47.880001068115234,47.189998626708984,47.56999969482422,46.61444091796875,8606300.0
2025-07-11,USB,47.0,47.38999938964844,46.7599983215332,47.13999938964844,46.19308090209961,11510200.0
2025-07-14,USB,47.2599983215332,47.2599983215332,46.790000915527344,47.060001373291016,46.11468505859375,13464200.0
2025-07-15,USB,46.86000061035156,47.08000183105469,45.63999938964844,45.689998626708984,44.7722053527832,15895100.0
2025-07-16,USB,45.959999084472656,46.189998626708984,44.970001220703125,45.68000030517578,44.76240539550781,21086500.0
2025-07-17,USB,44.150001525878906,45.599998474121094,43.91999816894531,45.209999084472656,44.301849365234375,25242800.0
2025-07-18,USB,45.41999816894531,45.91999816894531,45.08000183105469,45.689998626708984,44.7722053527832,15539700.0
2025-07-21,USB,45.779998779296875,46.5,45.75,45.779998779296875,44.86039733886719,10538100.0
2025-07-22,USB,45.81999969482422,46.61000061035156,45.810001373291016,46.15999984741211,45.232765197753906,10511800.0
2025-07-23,USB,46.52000045776367,46.650001525878906,46.119998931884766,46.290000915527344,45.36015319824219,10145800.0
2025-07-24,USB,46.2400016784668,46.70000076293945,46.04999923706055,46.060001373291016,45.13477325439453,9025600.0
2025-07-25,USB,46.130001068115234,46.36000061035156,45.5099983215332,46.31999969482422,45.38955307006836,8082200.0
2025-07-28,USB,46.25,46.36000061035156,45.84000015258789,46.09000015258789,45.16416931152344,6597600.0
2025-07-29,USB,46.29999923706055,46.369998931884766,45.939998626708984,46.09000015258789,45.16416931152344,10034100.0
2025-07-30,USB,46.290000915527344,46.58000183105469,45.650001525878906,45.880001068115234,44.95838928222656,11488700.0
2025-07-31,USB,45.709999084472656,45.90999984741211,44.83000183105469,44.959999084472656,44.05686950683594,11817100.0
2025-08-01,USB,44.31999969482422,44.54999923706055,43.459999084472656,43.939998626708984,43.05735778808594,9632900.0
2025-08-04,USB,44.06999969482422,44.5,43.9900016784668,44.41999816894531,43.52771759033203,6515800.0
2025-08-05,USB,44.599998474121094,44.709999084472656,43.83000183105469,44.560001373291016,43.6649055480957,8020600.0
2025-08-06,USB,44.70000076293945,44.7599983215332,44.40999984741211,44.439998626708984,43.54731369018555,5854700.0
2025-08-07,USB,44.869998931884766,44.880001068115234,43.959999084472656,44.09000015258789,43.204345703125,5412500.0
2025-08-08,USB,44.5,44.939998626708984,44.150001525878906,44.86000061035156,43.95887756347656,6067000.0
2025-08-11,USB,44.83000183105469,45.06999969482422,44.34000015258789,44.560001373291016,43.6649055480957,7201900.0
2025-08-12,USB,44.97999954223633,45.79999923706055,44.86000061035156,45.77000045776367,44.8505973815918,8836600.0
2025-08-13,USB,45.810001373291016,46.70000076293945,45.619998931884766,46.61000061035156,45.67372512817383,10438100.0
2025-08-14,USB,46.27000045776367,46.869998931884766,45.97999954223633,46.83000183105469,45.88930892944336,6181100.0
2025-08-15,USB,46.959999084472656,47.09000015258789,45.93000030517578,45.93000030517578,45.00738525390625,8995400.0
2025-08-18,USB,45.810001373291016,46.15999984741211,45.720001220703125,46.11000061035156,45.18376922607422,5892900.0
2025-08-19,USB,46.04999923706055,46.56999969482422,45.90999984741211,46.209999084472656,45.281761169433594,5597400.0
2025-08-20,USB,46.29999923706055,46.529998779296875,45.959999084472656,46.40999984741211,45.477745056152344,7720200.0
2025-08-21,USB,46.220001220703125,46.38999938964844,45.86000061035156,46.16999816894531,45.24256134033203,4976000.0
2025-08-22,USB,46.5,48.36000061035156,46.38999938964844,48.279998779296875,47.310176849365234,12679300.0
2025-08-25,USB,48.099998474121094,48.27000045776367,47.97999954223633,48.15999984741211,47.192588806152344,7520800.0
2025-08-26,USB,47.939998626708984,48.619998931884766,47.939998626708984,48.56999969482422,47.59435272216797,9280600.0
2025-08-27,USB,48.5,49.0,48.380001068115234,48.7599983215332,47.78053283691406,9492900.0
2025-08-28,USB,48.970001220703125,48.97999954223633,48.380001068115234,48.66999816894531,47.69234085083008,10464800.0
2025-08-29,USB,48.720001220703125,49.060001373291016,48.58000183105469,48.83000183105469,47.8491325378418,12069900.0
2025-09-02,USB,48.34000015258789,48.54999923706055,47.95000076293945,48.52000045776367,47.54536056518555,7053600.0
2025-09-03,USB,48.47999954223633,48.939998626708984,48.02000045776367,48.540000915527344,47.56496047973633,8335500.0
2025-09-04,USB,48.7599983215332,49.20000076293945,48.41999816894531,49.16999816894531,48.18229675292969,5564600.0
2025-09-05,USB,49.349998474121094,49.4900016784668,48.36000061035156,48.79999923706055,47.819732666015625,8041000.0
2025-09-08,USB,48.84000015258789,48.84000015258789,48.029998779296875,48.650001525878906,47.67274856567383,8543600.0
2025-09-09,USB,48.65999984741211,49.9900016784668,48.560001373291016,49.369998931884766,48.37828063964844,17261800.0
2025-09-10,USB,49.5099983215332,49.7400016784668,48.93000030517578,49.20000076293945,48.211700439453125,9988700.0
2025-09-11,USB,49.29999923706055,49.540000915527344,49.04999923706055,49.31999969482422,48.329288482666016,8636500.0
2025-09-12,USB,49.349998474121094,49.380001068115234,48.79999923706055,49.130001068115234,48.14310836791992,8103200.0
2025-09-15,USB,49.15999984741211,49.56999969482422,49.0099983215332,49.290000915527344,48.29989242553711,7729900.0
2025-09-16,USB,49.470001220703125,49.470001220703125,48.029998779296875,48.38999938964844,47.41796875,13158800.0
2025-09-17,USB,48.599998474121094,50.16999816894531,48.56999969482422,49.61000061035156,48.61346435546875,12828100.0
2025-09-18,USB,49.66999816894531,50.36000061035156,49.40999984741211,50.209999084472656,49.20140838623047,12345900.0
2025-09-19,USB,50.439998626708984,50.52000045776367,50.029998779296875,50.40999984741211,49.39739227294922,20595300.0
2025-09-22,USB,49.939998626708984,50.06999969482422,49.2400016784668,49.4900016784668,48.49587631225586,7669900.0
2025-09-23,USB,49.459999084472656,50.220001220703125,49.099998474121094,49.349998474121094,48.35868453979492,9970900.0
2025-09-24,USB,49.279998779296875,49.630001068115234,48.91999816894531,49.18000030517578,48.192100524902344,6621100.0
2025-09-25,USB,49.040000915527344,49.33000183105469,48.810001373291016,49.029998779296875,48.04511260986328,7199000.0
2025-09-26,USB,49.400001525878906,49.720001220703125,49.06999969482422,49.439998626708984,48.446876525878906,8309500.0
2025-09-29,USB,49.41999816894531,49.5099983215332,48.52000045776367,48.9900016784668,48.005916595458984,9379500.0
2025-09-30,USB,48.52000045776367,48.720001220703125,47.470001220703125,48.33000183105469,47.86725997924805,10181200.0
2025-10-01,USB,48.18000030517578,48.349998474121094,47.81999969482422,47.880001068115234,47.421566009521484,9419800.0
2025-10-02,USB,47.86000061035156,48.119998931884766,47.61000061035156,47.90999984741211,47.45127868652344,8468600.0
2025-10-03,USB,48.029998779296875,48.45000076293945,47.849998474121094,48.06999969482422,47.609745025634766,9291100.0
2025-10-06,USB,48.310001373291016,49.0,47.47999954223633,47.720001220703125,47.263099670410156,8426600.0
2025-10-07,USB,48.040000915527344,48.22999954223633,47.45000076293945,47.5,47.045204162597656,6619000.0
2025-10-08,USB,47.72999954223633,47.75,46.880001068115234,46.9900016784668,46.54008865356445,5315700.0
2025-10-09,USB,47.18000030517578,47.400001525878906,46.7599983215332,47.099998474121094,46.64903259277344,7011500.0
2025-10-10,USB,47.34000015258789,47.400001525878906,45.22999954223633,45.279998779296875,44.846458435058594,12468400.0
2025-10-13,USB,45.88999938964844,46.31999969482422,45.59000015258789,46.15999984741211,45.71803283691406,6896400.0
2025-10-14,USB,45.9900016784668,47.36000061035156,45.93000030517578,47.09000015258789,46.639129638671875,8844600.0
2025-10-15,USB,47.36000061035156,47.41999816894531,46.16999816894531,46.45000076293945,46.00525665283203,11325200.0
2025-10-16,USB,47.2400016784668,47.779998779296875,45.38999938964844,45.650001525878906,45.21291732788086,21622900.0
2025-10-17,USB,46.290000915527344,46.5,45.5099983215332,45.689998626708984,45.252532958984375,14032400.0
2025-10-20,USB,45.970001220703125,47.189998626708984,45.90999984741211,47.099998474121094,46.64903259277344,9439000.0
2025-10-21,USB,47.029998779296875,47.83000183105469,46.95000076293945,47.61000061035156,47.154151916503906,11278200.0
2025-10-22,USB,47.650001525878906,47.84000015258789,47.06999969482422,47.33000183105469,46.876834869384766,8497400.0
2025-10-23,USB,47.65999984741211,47.880001068115234,47.09000015258789,47.81999969482422,47.36214065551758,12065700.0
2025-10-24,USB,48.209999084472656,48.61000061035156,48.130001068115234,48.2599983215332,47.79792404174805,10982500.0
2025-10-27,USB,48.439998626708984,48.4900016784668,47.5,47.79999923706055,47.34233093261719,10275400.0
2025-10-28,USB,47.540000915527344,47.66999816894531,47.09000015258789,47.27000045776367,46.817405700683594,7549200.0
2025-10-29,USB,46.90999984741211,47.4900016784668,46.369998931884766,46.63999938964844,46.19343948364258,8829500.0
2025-10-30,USB,46.650001525878906,47.709999084472656,46.61000061035156,46.84000015258789,46.39152526855469,7191000.0
2025-10-31,USB,46.43000030517578,46.869998931884766,46.08000183105469,46.68000030517578,46.233055114746094,9636200.0
2025-11-03,USB,46.54999923706055,46.810001373291016,45.97999954223633,46.619998931884766,46.17362976074219,10455200.0
2025-11-04,USB,46.45000076293945,46.9900016784668,46.15999984741211,46.43000030517578,45.985450744628906,7204300.0
2025-11-05,USB,46.43000030517578,47.0099983215332,46.02000045776367,46.7400016784668,46.292484283447266,5577200.0
2025-11-06,USB,46.790000915527344,47.18000030517578,46.4900016784668,46.849998474121094,46.401424407958984,7170000.0
2025-11-07,USB,46.619998931884766,47.34000015258789,46.470001220703125,47.31999969482422,46.86692810058594,6870400.0
2025-11-10,USB,47.40999984741211,47.810001373291016,47.11000061035156,47.58000183105469,47.12443923950195,5685900.0
2025-11-11,USB,47.70000076293945,47.939998626708984,47.31999969482422,47.619998931884766,47.16405487060547,4751600.0
2025-11-12,USB,47.77000045776367,48.5099983215332,47.70000076293945,47.88999938964844,47.43146896362305,5664400.0
2025-11-13,USB,47.72999954223633,48.02000045776367,47.06999969482422,47.310001373291016,46.857025146484375,6287900.0
2025-11-14,USB,47.189998626708984,47.380001068115234,46.66999816894531,47.099998474121094,46.64903259277344,6121500.0
2025-11-17,USB,46.900001525878906,46.9900016784668,45.27000045776367,45.470001220703125,45.03464126586914,7832100.0
2025-11-18,USB,45.27000045776367,46.34000015258789,45.02000045776367,45.91999816894531,45.48033142089844,8035200.0
2025-11-19,USB,45.880001068115234,46.84000015258789,45.79999923706055,46.79999923706055,46.351905822753906,8899100.0
2025-11-20,USB,47.20000076293945,47.7599983215332,46.43000030517578,46.4900016784668,46.04487609863281,8172200.0
2025-11-21,USB,46.83000183105469,48.15999984741211,46.630001068115234,47.779998779296875,47.3225212097168,7874000.0
2025-11-24,USB,47.77000045776367,47.93000030517578,47.220001220703125,47.75,47.292808532714844,10955800.0
2025-11-25,USB,48.04999923706055,49.189998626708984,47.97999954223633,48.90999984741211,48.44170379638672,10153100.0
2025-11-26,USB,48.91999816894531,49.29999923706055,48.7400016784668,48.95000076293945,48.4813232421875,4452700.0
2025-11-28,USB,48.90999984741211,49.2599983215332,48.84000015258789,49.04999923706055,48.58036422729492,3280100.0
2025-12-01,USB,48.939998626708984,49.849998474121094,48.91999816894531,49.40999984741211,48.93691635131836,8975600.0
2025-12-02,USB,49.630001068115234,49.97999954223633,49.16999816894531,49.68000030517578,49.20433044433594,10791800.0
2025-12-03,USB,49.959999084472656,50.959999084472656,49.790000915527344,50.93000030517578,50.44236373901367,9578400.0
2025-12-04,USB,50.95000076293945,51.5099983215332,50.900001525878906,51.369998931884766,50.878150939941406,7917400.0
2025-12-05,USB,51.16999816894531,51.779998779296875,51.119998931884766,51.2599983215332,50.769203186035156,7693500.0
2025-12-08,USB,51.380001068115234,51.90999984741211,51.2400016784668,51.40999984741211,50.91776657104492,7502700.0
2025-12-09,USB,51.29999923706055,52.0,51.29999923706055,51.56999969482422,51.076236724853516,9187300.0
2025-12-10,USB,51.56999969482422,53.72999954223633,51.56999969482422,53.560001373291016,53.047183990478516,10355300.0
2025-12-11,USB,53.31999969482422,53.959999084472656,53.31999969482422,53.58000183105469,53.066993713378906,10115700.0
2025-12-12,USB,53.939998626708984,53.97999954223633,53.33000183105469,53.41999816894531,52.90851974487305,9239700.0
2025-12-15,USB,53.81999969482422,54.0099983215332,53.41999816894531,53.709999084472656,53.195743560791016,12045500.0
2025-12-16,USB,53.88999938964844,53.900001525878906,53.15999984741211,53.470001220703125,52.958045959472656,9658400.0
2025-12-17,USB,53.70000076293945,54.040000915527344,53.58000183105469,53.7400016784668,53.225460052490234,9936400.0
2025-12-18,USB,53.79999923706055,54.40999984741211,53.52000045776367,53.869998931884766,53.35421371459961,9095600.0
2025-12-19,USB,53.88999938964844,54.25,53.75,54.15999984741211,53.64143753051758,24506700.0
2025-12-22,USB,54.11000061035156,54.900001525878906,54.04999923706055,54.869998931884766,54.34463882446289,7654100.0
2025-12-23,USB,54.90999984741211,55.130001068115234,54.470001220703125,54.4900016784668,53.96828079223633,6205900.0
2025-12-24,USB,54.650001525878906,55.150001525878906,54.41999816894531,54.939998626708984,54.41396713256836,3536100.0
2025-12-26,USB,54.95000076293945,55.040000915527344,54.630001068115234,54.9900016784668,54.46349334716797,3905300.0
2025-12-29,USB,54.97999954223633,55.029998779296875,54.40999984741211,54.5,53.978179931640625,4354300.0
2025-12-30,USB,54.599998474121094,54.599998474121094,54.130001068115234,54.310001373291016,53.790000915527344,4956000.0
